Date,Open,High,Low,Close,Volume,Dividends,Stock Splits
2021-01-04 00:00:00-05:00,129.62252069116946,129.70989001259753,123.05984477192808,125.63249206542969,143301900,0.0,0.0
2021-01-05 00:00:00-05:00,125.12768641382664,127.89450053196555,124.68110734552344,127.18579864501953,97664900,0.0,0.0
2021-01-06 00:00:00-05:00,123.99183545726343,127.2246340413711,122.6909464043688,122.90452575683594,155088000,0.0,0.0
2021-01-07 00:00:00-05:00,124.61314095323335,127.78769300515185,124.12773607491964,127.0984115600586,109578200,0.0,0.0
2021-01-08 00:00:00-05:00,128.56437812216362,128.7585519984453,126.42859880354752,128.1954803466797,105158200,0.0,0.0
2021-01-11 00:00:00-05:00,125.41891104549275,126.37030043054156,124.74904996348562,125.21503448486328,100384500,0.0,0.0
2021-01-12 00:00:00-05:00,124.74907540981043,125.90434159113998,123.15694772474198,125.04032135009766,91951100,0.0,0.0
2021-01-13 00:00:00-05:00,125.00146811666775,127.61294892404966,124.73936012875102,127.06929779052734,88636800,0.0,0.0
2021-01-14 00:00:00-05:00,126.98193239512918,127.17609140406186,125.00147198922038,125.14710235595703,90221800,0.0,0.0
2021-01-15 00:00:00-05:00,125.02086100132429,126.41882921669254,123.29282107215496,123.4287338256836,111598500,0.0,0.0
2021-01-19 00:00:00-05:00,124.05008172781939,124.9529425933155,123.23460500719132,124.09862518310547,90757300,0.0,0.0
2021-01-20 00:00:00-05:00,124.90438601399495,128.6225891348087,124.79759634893936,128.17601013183594,104319500,0.0,0.0
2021-01-21 00:00:00-05:00,129.89436203777117,135.59301116722563,129.69048544958548,132.87474060058594,120150900,0.0,0.0
2021-01-22 00:00:00-05:00,132.30197582810843,135.7677743821565,131.07876065141238,135.0105438232422,114459400,0.0,0.0
2021-01-25 00:00:00-05:00,138.89376878953092,140.8547939706266,132.55436700322258,138.74813842773438,157611700,0.0,0.0
2021-01-26 00:00:00-05:00,139.40829883611298,140.08786276088446,137.2433822290361,138.98114013671875,98390600,0.0,0.0
2021-01-27 00:00:00-05:00,139.24324321793168,140.0878578213645,136.3114082725256,137.91323852539062,140843800,0.0,0.0
2021-01-28 00:00:00-05:00,135.44739349341899,137.8452949915903,132.7097026247184,133.08831787109375,142621100,0.0,0.0
2021-01-29 00:00:00-05:00,131.8651231963266,132.7485638456348,126.40917577307293,128.10809326171875,177523800,0.0,0.0
2021-02-01 00:00:00-05:00,129.84579582479762,131.42822035718712,127.10810539305974,130.2244110107422,106239800,0.0,0.0
2021-02-02 00:00:00-05:00,131.76798067598213,132.33105201225376,130.6806786822872,131.04959106445312,83305400,0.0,0.0
2021-02-03 00:00:00-05:00,131.7971241921303,131.80684177003687,129.70988918879502,130.03025817871094,89880900,0.0,0.0
2021-02-04 00:00:00-05:00,132.32136807732365,133.38924988354398,130.66127693474024,133.37954711914062,84183100,0.0,0.0
2021-02-05 00:00:00-05:00,133.54001472396752,133.60806525933478,132.09134092233725,132.96636962890625,75693800,0.205,0.0
2021-02-08 00:00:00-05:00,132.25660382908822,133.1608138714623,131.1773940055882,133.11219787597656,71297200,0.0,0.0
2021-02-09 00:00:00-05:00,132.83021630146237,134.05527394815869,132.08158644572234,132.2371368408203,76774200,0.0,0.0
2021-02-10 00:00:00-05:00,132.69412944515517,133.18999187171354,130.6718255115653,131.63436889648438,73046600,0.0,0.0
2021-02-11 00:00:00-05:00,132.13019115518452,132.6066041234454,130.05928645451803,131.38156127929688,64280000,0.0,0.0
2021-02-12 00:00:00-05:00,130.62317336901577,131.77043336797686,129.98147802950479,131.6148681640625,60145100,0.0,0.0
2021-02-16 00:00:00-05:00,131.731578673249,132.23714344471992,129.10646349095452,129.49537658691406,80576300,0.0,0.0
2021-02-17 00:00:00-05:00,127.6092016891494,128.55229564276027,125.87857903593999,127.2105712890625,97918500,0.0,0.0
2021-02-18 00:00:00-05:00,125.61602284261227,126.39383401906319,123.8756835018222,126.11188507080078,96856700,0.0,0.0
2021-02-19 00:00:00-05:00,126.62724075405677,127.08420447655753,125.22718295197116,126.26749420166016,87668800,0.0,0.0
2021-02-22 00:00:00-05:00,124.45906002205308,126.1216319880877,122.11591609767342,122.50482177734375,103916400,0.0,0.0
2021-02-23 00:00:00-05:00,120.32696020598745,123.1951256816812,115.10591870921408,122.36870574951172,158273000,0.0,0.0
2021-02-24 00:00:00-05:00,121.4742179705755,122.07701467726875,118.83939315022482,121.87284088134766,111039900,0.0,0.0
2021-02-25 00:00:00-05:00,121.2214246130711,122.95204690459941,117.19626722871075,117.63378143310547,148199500,0.0,0.0
2021-02-26 00:00:00-05:00,119.18941742406001,121.38672834698384,117.83797585116562,117.89631652832031,164560400,0.0,0.0
2021-03-01 00:00:00-05:00,120.31724465842385,124.38129410804099,119.38387540817448,124.24517822265625,116307900,0.0,0.0
2021-03-02 00:00:00-05:00,124.84796091823391,125.14935926708763,121.54227409073543,121.64922332763672,102260900,0.0,0.0
2021-03-03 00:00:00-05:00,121.34782670099902,122.22286260620939,118.46021192268415,118.67411041259766,112966300,0.0,0.0
2021-03-04 00:00:00-05:00,118.37270244109511,120.17138267841435,115.32953009185248,116.79763793945312,178155000,0.0,0.0
2021-03-05 00:00:00-05:00,117.62408266255089,118.55745188502343,114.30867068121566,118.05187225341797,153766600,0.0,0.0
2021-03-08 00:00:00-05:00,117.575447007724,117.64350493701029,112.98637686796793,113.13221740722656,154376600,0.0,0.0
2021-03-09 00:00:00-05:00,115.72815634992203,118.67410422916818,115.4948159266102,117.73101043701172,129525800,0.0,0.0
2021-03-10 00:00:00-05:00,118.31437413808155,118.78105499068555,116.13650543340157,116.65180969238281,111943300,0.0,0.0
2021-03-11 00:00:00-05:00,119.14082490228071,119.79223777917623,117.89633241574592,118.57691192626953,103026500,0.0,0.0
2021-03-12 00:00:00-05:00,117.0601926477008,117.80883014133126,115.85459142696993,117.67271423339844,88105100,0.0,0.0
2021-03-15 00:00:00-04:00,118.04215631738552,120.56030756816384,117.07961303714333,120.55058288574219,92403800,0.0,0.0
2021-03-16 00:00:00-04:00,122.21313740579694,123.69097746560344,121.26032630464678,122.08674621582031,115227900,0.0,0.0
2021-03-17 00:00:00-04:00,120.60892077273179,122.36870994462072,118.94634875177347,121.29922485351562,111932600,0.0,0.0
2021-03-18 00:00:00-04:00,119.47134125509515,119.76302230795366,116.9823572969965,117.18653106689453,121229700,0.0,0.0
2021-03-19 00:00:00-04:00,116.57402203720062,118.0615792444134,116.36012356493978,116.6615219116211,185549500,0.0,0.0
2021-03-22 00:00:00-04:00,116.99211676480378,120.43392009028169,116.92405882126718,119.96723175048828,111912300,0.0,0.0
2021-03-23 00:00:00-04:00,119.90888714776963,120.79364033005854,118.75189479932533,119.14080047607422,95467100,0.0,0.0
2021-03-24 00:00:00-04:00,119.41304074611715,119.49082337056949,116.73932422708299,116.7587661743164,88530500,0.0,0.0
2021-03-25 00:00:00-04:00,116.22401924724316,118.28521414548541,115.6989976953015,117.24488830566406,98844700,0.0,0.0
2021-03-26 00:00:00-04:00,117.01152704718044,118.11018594693184,115.62119450452957,117.84767150878906,94071200,0.0,0.0
2021-03-29 00:00:00-04:00,118.27548724702227,119.1796897776827,117.3810093980004,118.02269744873047,80819200,0.0,0.0
2021-03-30 00:00:00-04:00,116.7782094597697,117.06016589541106,115.56288383257017,116.57403564453125,85671900,0.0,0.0
2021-03-31 00:00:00-04:00,118.27549692418452,120.0936193981419,117.78936665110342,118.76162719726562,118323800,0.0,0.0
2021-04-01 00:00:00-04:00,120.22974638293907,120.73531861862071,119.0921958715762,119.58805084228516,75089100,0.0,0.0
2021-04-05 00:00:00-04:00,120.43390523654203,122.66038256872103,119.65609390540438,122.4075927734375,88651200,0.0,0.0
2021-04-06 00:00:00-04:00,122.99095607539735,123.60347753407522,122.16453611496429,122.70899963378906,80171300,0.0,0.0
2021-04-07 00:00:00-04:00,122.33952549547996,124.37154613081405,121.66866345905004,124.35210418701172,83466700,0.0,0.0
2021-04-08 00:00:00-04:00,125.37298279315496,126.77304022302052,124.95491791825974,126.7438735961914,88844600,0.0,0.0
2021-04-09 00:00:00-04:00,126.19940798905769,129.34952231767917,125.87856026382458,129.31063842773438,106686700,0.0,0.0
2021-04-12 00:00:00-04:00,128.84397969384253,129.1648274741665,127.00640774145585,127.5994873046875,91420000,0.0,0.0
2021-04-13 00:00:00-04:00,128.7661996194506,130.9246193949784,128.27033720569543,130.70098876953125,91266500,0.0,0.0
2021-04-14 00:00:00-04:00,131.19681975522676,131.255153005102,128.00780685424039,128.36753845214844,87222800,0.0,0.0
2021-04-15 00:00:00-04:00,130.10794328417643,131.25520387103566,129.93292863121027,130.76907348632812,89347100,0.0,0.0
2021-04-16 00:00:00-04:00,130.57460771830137,130.93433940993674,129.5828977054859,130.43849182128906,84922400,0.0,0.0
2021-04-19 00:00:00-04:00,129.80650105955348,131.71213827061115,129.6412185458448,131.099609375,94264200,0.0,0.0
2021-04-20 00:00:00-04:00,131.27460827428777,131.77045575605666,128.15364574587304,129.41758728027344,94812300,0.0,0.0
2021-04-21 00:00:00-04:00,128.6883918850069,130.03983329744375,127.65779819666872,129.79676818847656,68847100,0.0,0.0
2021-04-22 00:00:00-04:00,129.34952213608938,130.42873181562496,127.7647477103965,128.28004455566406,84566500,0.0,0.0
2021-04-23 00:00:00-04:00,128.4939686507075,131.37185181275385,128.4939686507075,130.59405517578125,78657500,0.0,0.0
2021-04-26 00:00:00-04:00,131.08988992627178,131.3135056957382,129.85511489088012,130.98294067382812,66905100,0.0,0.0
2021-04-27 00:00:00-04:00,131.26487557787047,131.6537886519638,130.38984712331498,130.66207885742188,66015800,0.0,0.0
2021-04-28 00:00:00-04:00,130.5843034959248,131.27461496858584,129.38842725213598,129.8745574951172,107760100,0.0,0.0
2021-04-29 00:00:00-04:00,132.6843927517533,133.26775499092827,128.77590135452442,129.77732849121094,151101000,0.0,0.0
2021-04-30 00:00:00-04:00,128.12451598324157,129.85513887109062,127.43421918268936,127.81340026855469,109839500,0.0,0.0
2021-05-03 00:00:00-04:00,128.3772578570978,130.35096013574108,128.17309147912826,128.86338806152344,75135100,0.0,0.0
2021-05-04 00:00:00-04:00,127.55084325291588,127.84252433773976,123.18538875024454,124.3034896850586,137564700,0.0,0.0
2021-05-05 00:00:00-04:00,125.61604742001238,126.83137298490321,124.42017121810461,124.54656982421875,84000900,0.0,0.0
2021-05-06 00:00:00-04:00,124.34237234047136,126.15077713795044,123.60345241667963,126.14105987548828,78128300,0.0,0.0
2021-05-07 00:00:00-04:00,127.43638287913002,127.83567547908756,126.10211342037881,126.81307983398438,78973300,0.22,0.0
2021-05-10 00:00:00-04:00,126.03393749535272,126.16053593199283,123.50176071253134,123.54071807861328,88071200,0.0,0.0
2021-05-11 00:00:00-04:00,120.2781429577982,122.97587617421408,119.5671838636692,122.62527465820312,126142800,0.0,0.0
2021-05-12 00:00:00-04:00,120.18073081693389,121.38837950118456,119.06073063774643,119.5671615600586,112172300,0.0,0.0
2021-05-13 00:00:00-04:00,121.32995276517451,122.85899423262195,121.01830123774441,121.70977783203125,105861300,0.0,0.0
2021-05-14 00:00:00-04:00,122.95640002954782,124.55361524540388,122.56683371169913,124.12509155273438,81918000,0.0,0.0
2021-05-17 00:00:00-04:00,123.51149982353762,123.61863072086233,121.90454379402466,122.97584533691406,74244600,0.0,0.0
2021-05-18 00:00:00-04:00,123.2582993819835,123.67708183593513,121.52473722434705,121.59291076660156,63342900,0.0,0.0
2021-05-19 00:00:00-04:00,119.94701139751646,121.66109125212728,119.65483481097455,121.43709564208984,92612000,0.0,0.0
2021-05-20 00:00:00-04:00,121.96301512916867,124.38805416925351,121.83640180117781,123.9887466430664,76857100,0.0,0.0
2021-05-21 00:00:00-04:00,124.48540928959464,124.66071371547133,121.9434988295615,122.15776062011719,79295400,0.0,0.0
2021-05-24 00:00:00-04:00,122.72265728570756,124.60230780549196,122.65448374065255,123.78421783447266,63092900,0.0,0.0
2021-05-25 00:00:00-04:00,124.48542900111524,124.9723924215316,123.02456103094238,123.58943176269531,72009500,0.0,0.0
2021-05-26 00:00:00-04:00,123.64784897774915,124.06663137518274,123.12193568117969,123.54071807861328,56575900,0.0,0.0
2021-05-27 00:00:00-04:00,123.1414373640431,124.3101288080937,121.81691643126096,122.0116958618164,94625600,0.0,0.0
2021-05-28 00:00:00-04:00,122.2941466537034,122.51814971440294,121.30075954407047,121.35919189453125,71311100,0.0,0.0
2021-06-01 00:00:00-04:00,121.81690564628397,122.07985859728936,120.70664664362424,121.03777313232422,67637100,0.0,0.0
2021-06-02 00:00:00-04:00,121.03776661351102,121.97272112169325,120.81377104330335,121.79741668701172,59278900,0.0,0.0
2021-06-03 00:00:00-04:00,121.42734431379967,121.59290756486408,119.91777779316642,120.31708526611328,76229200,0.0,0.0
2021-06-04 00:00:00-04:00,120.83326200560104,122.86874195718396,120.61900017592295,122.60578155517578,75169300,0.0,0.0
2021-06-07 00:00:00-04:00,122.878461975424,123.02455024570587,121.57342360305104,122.61550903320312,71057600,0.0,0.0
2021-06-08 00:00:00-04:00,123.29725429760116,125.10873859219605,122.91742922255409,123.43360137939453,74403800,0.0,0.0
2021-06-09 00:00:00-04:00,123.89134552998598,124.41725890545642,123.21934386738059,123.81343078613281,56877900,0.0,0.0
2021-06-10 00:00:00-04:00,123.70628617695928,124.84576874618693,122.654466972811,122.82003021240234,71186400,0.0,0.0
2021-06-11 00:00:00-04:00,123.22909472039107,124.11535828283353,122.8103122273261,124.02770233154297,53522400,0.0,0.0
2021-06-14 00:00:00-04:00,124.48541752266156,127.13445162281361,123.75498360492641,127.07601928710938,96906500,0.0,0.0
2021-06-15 00:00:00-04:00,126.55014169243728,127.19292725029605,126.01448706088831,126.25796508789062,62746300,0.0,0.0
2021-06-16 00:00:00-04:00,126.96888521245891,127.47532354376922,125.10872484257997,126.75462341308594,91815000,0.0,0.0
2021-06-17 00:00:00-04:00,126.41379212945316,129.0920503743114,126.26769639966578,128.35186767578125,96721700,0.0,0.0
2021-06-18 00:00:00-04:00,127.30008054781753,128.07919848256847,126.84234058775421,127.05660247802734,108953300,0.0,0.0
2021-06-21 00:00:00-04:00,126.90071755171388,128.95567215813708,125.83915719739741,128.84854125976562,79663300,0.0,0.0
2021-06-22 00:00:00-04:00,128.68302775989537,130.58215363705636,128.18632301152311,130.48475646972656,74783600,0.0,0.0
2021-06-23 00:00:00-04:00,130.2802323751994,130.81588702946803,129.75431149256474,130.21205139160156,60214200,0.0,0.0
2021-06-24 00:00:00-04:00,130.9424885852543,131.12753427569476,129.4621379224508,129.92962646484375,68711000,0.0,0.0
2021-06-25 00:00:00-04:00,129.978280483212,130.3970554405537,129.34522887186355,129.6374053955078,70783700,0.0,0.0
2021-06-28 00:00:00-04:00,129.9295701209538,131.72156417420152,129.8711377936739,131.26382446289062,62111300,0.0,0.0
2021-06-29 00:00:00-04:00,131.28333809814853,132.92925172484664,130.84508067855094,132.77342224121094,64556100,0.0,0.0
2021-06-30 00:00:00-04:00,132.61756426840589,133.8252202160753,132.32538776453424,133.386962890625,63261400,0.0,0.0
2021-07-01 00:00:00-04:00,133.03639973908412,133.7473514160783,132.218302275189,133.6889190673828,52485800,0.0,0.0
2021-07-02 00:00:00-04:00,134.30244482687868,136.3476657575281,134.15636398642496,136.3087158203125,78852600,0.0,0.0
2021-07-06 00:00:00-04:00,136.4158617440288,139.41549764354806,136.4158617440288,138.3149871826172,108181800,0.0,0.0
2021-07-07 00:00:00-04:00,139.79533405407227,141.11012131228122,138.93830152510142,140.79847717285156,104911600,0.0,0.0
2021-07-08 00:00:00-04:00,137.88644602005195,140.3017433261173,137.00018264096806,139.50314331054688,105575500,0.0,0.0
2021-07-09 00:00:00-04:00,139.02595342720224,141.85029259632174,138.92855627210733,141.3243865966797,99890800,0.0,0.0
2021-07-12 00:00:00-04:00,142.39565084398657,142.50278173643568,140.24329922685985,140.73025512695312,76299700,0.0,0.0
2021-07-13 00:00:00-04:00,140.2725467114718,143.61307265954179,139.882987848704,141.84054565429688,100827100,0.0,0.0
2021-07-14 00:00:00-04:00,144.23637643322533,145.66802829472786,143.82732030646622,145.25897216796875,127050800,0.0,0.0
2021-07-15 00:00:00-04:00,145.3466125845258,146.08678025462487,143.25269315111336,144.60643005371094,106820300,0.0,0.0
2021-07-16 00:00:00-04:00,144.5869580069263,145.85303150774294,142.07426368162248,142.57095336914062,93251400,0.0,0.0
2021-07-19 00:00:00-04:00,139.99980705584846,140.31146593339338,137.97406893394609,138.7337188720703,121434600,0.0,0.0
2021-07-20 00:00:00-04:00,139.717408691922,143.26244743833868,139.23045273850917,142.33721923828125,96350000,0.0,0.0
2021-07-21 00:00:00-04:00,141.73339430532917,142.31774737595725,140.85687956010295,141.60678100585938,74993500,0.0,0.0
2021-07-22 00:00:00-04:00,142.13269584600698,144.33373124740575,142.006082551789,142.9702606201172,77338200,0.0,0.0
2021-07-23 00:00:00-04:00,143.7007109713398,144.84018616778306,143.0871416883638,144.68435668945312,71447400,0.0,0.0
2021-07-26 00:00:00-04:00,144.40190123837715,145.92120121070477,143.84676440041136,145.10311889648438,72434100,0.0,0.0
2021-07-27 00:00:00-04:00,145.22975487472473,145.31741825019225,141.7528967098648,142.94107055664062,104818600,0.0,0.0
2021-07-28 00:00:00-04:00,141.03216017207177,143.13581314895694,138.82137630671426,141.19772338867188,118931200,0.0,0.0
2021-07-29 00:00:00-04:00,140.91533220968486,142.72680915691933,140.80820129331602,141.84054565429688,56699500,0.0,0.0
2021-07-30 00:00:00-04:00,140.61339371614585,142.51251879825827,140.35043336301797,142.05477905273438,70440600,0.0,0.0
2021-08-02 00:00:00-04:00,142.5417457565108,143.11635020883497,141.4607029570404,141.72366333007812,62880000,0.0,0.0
2021-08-03 00:00:00-04:00,142.0061193250026,144.17793912255732,141.39254995347815,143.51568603515625,64786600,0.0,0.0
2021-08-04 00:00:00-04:00,143.42803778640976,143.93446137395492,142.46385946656952,143.1163787841797,56368300,0.0,0.0
2021-08-05 00:00:00-04:00,143.14553498911508,143.9830996308228,142.35666890369407,143.22344970703125,46397700,0.0,0.0
2021-08-06 00:00:00-04:00,142.74557545925379,143.48685218422662,142.0433070322341,142.54074096679688,54126800,0.22,0.0
2021-08-09 00:00:00-04:00,142.59925003312128,143.08693557693016,141.93600483737242,142.49195861816406,48908700,0.0,0.0
2021-08-10 00:00:00-04:00,142.83337693150492,144.0721026616934,141.72145423409515,142.01406860351562,69023100,0.0,0.0
2021-08-11 00:00:00-04:00,142.45293150602257,143.1064282624458,141.94573444022404,142.26760864257812,48493500,0.0,0.0
2021-08-12 00:00:00-04:00,142.58952310526286,145.37908543032157,142.24813722010816,145.2230224609375,72282600,0.0,0.0
2021-08-13 00:00:00-04:00,145.30105342277125,145.75947909182239,144.61829653790267,145.4278564453125,59375000,0.0,0.0
2021-08-16 00:00:00-04:00,144.88159714502063,147.46633914191412,142.86258697892168,147.39805603027344,103296000,0.0,0.0
2021-08-17 00:00:00-04:00,146.5300361381551,147.9443216421731,145.41811337630122,146.49102783203125,92229700,0.0,0.0
2021-08-18 00:00:00-04:00,146.1105732952071,147.00791279558547,142.55046034897777,142.7552947998047,86326000,0.0,0.0
2021-08-19 00:00:00-04:00,141.45806146213795,144.35491465635323,140.9411159989395,143.08692932128906,86960300,0.0,0.0
2021-08-20 00:00:00-04:00,143.8087395067066,144.84263065061194,143.16499090967656,144.54026794433594,60549600,0.0,0.0
2021-08-23 00:00:00-04:00,144.65729855503196,146.4910011515847,144.24764444190524,146.0228271484375,60131800,0.0,0.0
2021-08-24 00:00:00-04:00,145.7692624894228,147.14453982719516,145.4766480732816,145.93507385253906,48606400,0.0,0.0
2021-08-25 00:00:00-04:00,146.12032437546637,146.61777310120064,144.15983406027962,144.70603942871094,58991300,0.0,0.0
2021-08-26 00:00:00-04:00,144.6962824320372,145.44730732727103,143.87695954535974,143.90621948242188,48597200,0.0,0.0
2021-08-27 00:00:00-04:00,143.84775953717897,145.0864852931361,143.213774126067,144.940185546875,55802400,0.0,0.0
2021-08-30 00:00:00-04:00,145.33029180641267,149.70971334019745,144.9498976782118,149.34881591796875,90956700,0.0,0.0
2021-08-31 00:00:00-04:00,148.90018188960238,149.03673327230263,147.56391312712373,148.0906219482422,86453100,0.0,0.0
2021-09-01 00:00:00-04:00,149.0659558284964,151.16299758315895,148.5880186674378,148.7538299560547,80313700,0.0,0.0
2021-09-02 00:00:00-04:00,150.0803207109557,150.90939195726816,148.6465242486851,149.86573791503906,71115500,0.0,0.0
2021-09-03 00:00:00-04:00,149.9730775691431,150.8216606743961,149.3195806196622,150.49978637695312,57808700,0.0,0.0
2021-09-07 00:00:00-04:00,151.1532776856572,153.3868712092461,150.58756059759483,152.83091735839844,82278300,0.0,0.0
2021-09-08 00:00:00-04:00,153.11374935418493,153.17226923823645,150.18763608775444,151.28981018066406,74420200,0.0,0.0
2021-09-09 00:00:00-04:00,151.66044621375175,152.26517148741016,150.15836649901337,150.27542114257812,57305700,0.0,0.0
2021-09-10 00:00:00-04:00,151.18251158621138,151.65068551937273,145.03767104191758,145.301025390625,140893200,0.0,0.0
2021-09-13 00:00:00-04:00,146.92017826380882,147.69071501388157,145.08647552487224,145.8667755126953,102404300,0.0,0.0
2021-09-14 00:00:00-04:00,146.64710444470512,147.34937308405637,143.29182425291307,144.47201538085938,109296300,0.0,0.0
2021-09-15 00:00:00-04:00,144.90110206305175,145.75943323857632,142.76503735858526,145.35952758789062,83281300,0.0,0.0
2021-09-16 00:00:00-04:00,144.7840715894616,145.30101702156867,143.5941177955223,145.1254425048828,68034100,0.0,0.0
2021-09-17 00:00:00-04:00,145.15474141357228,145.15474141357228,142.17009319848557,142.46270751953125,129868800,0.0,0.0
2021-09-20 00:00:00-04:00,140.2583908056045,141.27277037212733,137.79070269716544,139.41957092285156,123478900,0.0,0.0
2021-09-21 00:00:00-04:00,140.38513114487054,141.0386427665462,139.2634605258952,139.89744567871094,75834000,0.0,0.0
2021-09-22 00:00:00-04:00,140.89237536058963,142.82360628582634,140.16084691647131,142.25790405273438,76404300,0.0,0.0
2021-09-23 00:00:00-04:00,143.03817057425258,143.457587900221,142.0530510886709,143.2137451171875,64838200,0.0,0.0
2021-09-24 00:00:00-04:00,142.0725514999574,143.8379707289355,141.97500844122595,143.301513671875,53477900,0.0,0.0
2021-09-27 00:00:00-04:00,141.88726170941032,142.36519899589,140.27790504587242,141.7897186279297,74150700,0.0,0.0
2021-09-28 00:00:00-04:00,139.7219107001194,141.18496735666514,138.2003341585889,138.4149169921875,108972300,0.0,0.0
2021-09-29 00:00:00-04:00,138.96116732939618,140.89239857280592,138.53200152353028,139.3123016357422,74602000,0.0,0.0
2021-09-30 00:00:00-04:00,140.12180436567434,140.8240726910163,137.80041657451724,138.01499938964844,89056700,0.0,0.0
2021-10-01 00:00:00-04:00,138.4052054075168,139.4000884724836,135.6839255592985,139.13673400878906,94639600,0.0,0.0
2021-10-04 00:00:00-04:00,138.26863338683822,138.70756238856447,134.86459699477155,135.71316528320312,98322000,0.0,0.0
2021-10-05 00:00:00-04:00,136.0545619084437,138.7368332577452,135.92775886392107,137.63465881347656,80861100,0.0,0.0
2021-10-06 00:00:00-04:00,136.0350430050937,138.64903107214994,134.962128569818,138.5027313232422,83221100,0.0,0.0
2021-10-07 00:00:00-04:00,139.5365636274982,140.66799748439982,139.20494108139994,139.76089477539062,61732700,0.0,0.0
2021-10-08 00:00:00-04:00,140.48268240335435,140.6289820985626,139.04888585839274,139.38050842285156,58773200,0.0,0.0
2021-10-11 00:00:00-04:00,138.76604603984862,141.24348200456123,138.31736879996546,139.29273986816406,64452200,0.0,0.0
2021-10-12 00:00:00-04:00,139.7023736818469,139.72188526761755,137.56630897082442,138.0247344970703,73035900,0.0,0.0
2021-10-13 00:00:00-04:00,137.76141892529833,137.91746698955632,135.77165355544514,137.43954467773438,78762700,0.0,0.0
2021-10-14 00:00:00-04:00,138.60998871817293,140.3363997461316,138.024760100328,140.21934509277344,69907100,0.0,0.0
2021-10-15 00:00:00-04:00,140.2291266309253,141.33128600610704,139.97552058470157,141.27276611328125,67940300,0.0,0.0
2021-10-18 00:00:00-04:00,139.91698682828363,143.22349439217342,139.63413574665708,142.94064331054688,85589200,0.0,0.0
2021-10-19 00:00:00-04:00,143.38932223477877,145.4961277086073,142.94065979384268,145.09622192382812,76378900,0.0,0.0
2021-10-20 00:00:00-04:00,145.03767215675973,146.06181473584434,144.4719551618084,145.58387756347656,58418800,0.0,0.0
2021-10-21 00:00:00-04:00,145.14494989927837,145.95450958049068,144.22809881735165,145.79844665527344,61421000,0.0,0.0
2021-10-22 00:00:00-04:00,146.0033099939033,146.481232332848,144.97916730862042,145.02793884277344,58883400,0.0,0.0
2021-10-25 00:00:00-04:00,145.0181495258691,145.69115788039105,143.98425867288518,144.97914123535156,50720600,0.0,0.0
2021-10-26 00:00:00-04:00,145.6521586308098,147.12496353769075,145.34003275537546,145.6424102783203,60893400,0.0,0.0
2021-10-27 00:00:00-04:00,145.68142436893194,146.04230690415662,144.83285629616836,145.18399047851562,56094900,0.0,0.0
2021-10-28 00:00:00-04:00,146.1301523188481,149.3976376243805,146.03260922430047,148.8124237060547,100077900,0.0,0.0
2021-10-29 00:00:00-04:00,143.59415144162946,146.24716233667445,142.8041031388741,146.11061096191406,124953200,0.0,0.0
2021-11-01 00:00:00-04:00,145.32058075023082,146.01308606451772,144.15988647877995,145.29132080078125,74588300,0.0,0.0
2021-11-02 00:00:00-04:00,144.9986747309846,147.8370082711022,144.98891149464504,146.32518005371094,69122000,0.0,0.0
2021-11-03 00:00:00-04:00,146.686042864982,148.22713081802038,146.13008913879244,147.7589569091797,54511500,0.0,0.0
2021-11-04 00:00:00-04:00,147.84676026074618,148.6758168059769,146.92990900121129,147.24203491210938,60394600,0.0,0.0
2021-11-05 00:00:00-04:00,148.36534609443586,148.66815006608644,146.57781000839395,147.76950073242188,65463900,0.22,0.0
2021-11-08 00:00:00-05:00,147.89651258756408,148.0528033415094,146.6755190186912,146.9490203857422,55020900,0.0,0.0
2021-11-09 00:00:00-05:00,146.71451857846154,147.91597153908737,146.5777679561521,147.31036376953125,56787900,0.0,0.0
2021-11-10 00:00:00-05:00,146.5387319232798,146.64617992683026,144.4190894029692,144.48745727539062,65187100,0.0,0.0
2021-11-11 00:00:00-05:00,145.5033467129879,145.96242651484354,144.25303577054234,144.43862915039062,41000000,0.0,0.0
2021-11-12 00:00:00-05:00,144.9856178095641,146.90990439693277,144.05766590459464,146.50942993164062,63804000,0.0,0.0
2021-11-15 00:00:00-05:00,146.88060480284193,148.3555742437889,145.9624154592678,146.51919555664062,59222800,0.0,0.0
2021-11-16 00:00:00-05:00,146.46063248583715,147.97466759067277,145.8745495727693,147.49603271484375,59256200,0.0,0.0
2021-11-17 00:00:00-05:00,147.4959684847215,151.4031464578267,147.4862059054811,149.92819213867188,88807000,0.0,0.0
2021-11-18 00:00:00-05:00,150.1431040324191,154.98799688592075,149.4984160214015,154.20655822753906,137827700,0.0,0.0
2021-11-19 00:00:00-05:00,153.9916581394781,157.28346597858675,152.89765298958213,156.82437133789062,117305600,0.0,0.0
2021-11-22 00:00:00-05:00,157.9281509208038,161.8548695638248,157.26393771700205,157.28347778320312,117467900,0.0,0.0
2021-11-23 00:00:00-05:00,157.3811346832133,158.0453627342285,155.36894027506222,157.66441345214844,96041900,0.0,0.0
2021-11-24 00:00:00-05:00,157.01974088138022,158.3774848564214,155.9354982175197,158.18212890625,69463600,0.0,0.0
2021-11-26 00:00:00-05:00,155.86712045424656,156.72668956141257,152.73160325073675,153.17115783691406,76959800,0.0,0.0
2021-11-29 00:00:00-05:00,155.67175446958956,157.44952783966656,155.10521179906075,156.52157592773438,88748200,0.0,0.0
2021-11-30 00:00:00-05:00,156.27737994661885,161.67905311784355,156.20899716750552,161.4641571044922,174048100,0.0,0.0
2021-12-01 00:00:00-05:00,163.59354652559932,166.3481143018466,160.7120055934647,160.94644165039062,152052500,0.0,0.0
2021-12-02 00:00:00-05:00,155.05637149837315,160.38966136948252,154.13818224096923,159.95986938476562,136739200,0.0,0.0
2021-12-03 00:00:00-05:00,160.21386222018816,161.13205157338396,156.01364225594332,158.08444213867188,118023100,0.0,0.0
2021-12-06 00:00:00-05:00,160.47757621707362,163.98428011365826,160.46781363689186,161.4836883544922,107497000,0.0,0.0
2021-12-07 00:00:00-05:00,165.15645786646198,167.5984447377344,164.43362438687151,167.2077178955078,120405400,0.0,0.0
2021-12-08 00:00:00-05:00,168.13568563195315,171.8768113251432,166.73886138447926,171.01722717285156,116998900,0.0,0.0
2021-12-09 00:00:00-05:00,170.85117673379307,172.64847553279014,169.8841445461616,170.50929260253906,108923700,0.0,0.0
2021-12-10 00:00:00-05:00,171.14419733842757,175.46162790674452,170.63625994665398,175.28579711914062,115402700,0.0,0.0
2021-12-13 00:00:00-05:00,176.91704079075095,177.9036129181879,171.45676231906222,171.66189575195312,153237000,0.0,0.0
2021-12-14 00:00:00-05:00,171.1832561903654,173.6154801461527,168.21380712036787,170.28460693359375,139380400,0.0,0.0
2021-12-15 00:00:00-05:00,171.04652519555987,175.33465344975855,168.31149697974806,175.13929748535156,131063300,0.0,0.0
2021-12-16 00:00:00-05:00,175.11972073731067,176.93655914468357,166.78766465581225,168.2626190185547,150185800,0.0,0.0
2021-12-17 00:00:00-05:00,165.98668171971096,169.44454258569772,165.75226057944147,167.16860961914062,195432700,0.0,0.0
2021-12-20 00:00:00-05:00,164.37502357405398,166.6216545378973,163.5740596088574,165.8109130859375,107499100,0.0,0.0
2021-12-21 00:00:00-05:00,167.57886880713295,169.1808112556796,165.19548774606798,168.97569274902344,91185900,0.0,0.0
2021-12-22 00:00:00-05:00,169.02452194022183,171.7790897184107,168.15517538914062,171.56419372558594,92135300,0.0,0.0
2021-12-23 00:00:00-05:00,171.76936224404878,172.7461569911751,171.2028195021509,172.1893768310547,68356600,0.0,0.0
2021-12-27 00:00:00-05:00,172.98058061033834,176.233308952318,172.9610554465104,176.14540100097656,74919600,0.0,0.0
2021-12-28 00:00:00-05:00,175.97935346537145,177.1222015844957,174.38717318344425,175.12953186035156,79144300,0.0,0.0
2021-12-29 00:00:00-05:00,175.16857977375096,176.43841575185178,174.0061917992903,175.21742248535156,62348900,0.0,0.0
2021-12-30 00:00:00-05:00,175.30533745901636,176.3798175385403,173.95735606919604,174.06480407714844,59773000,0.0,0.0
2021-12-31 00:00:00-05:00,173.9573701608435,175.07091555859822,173.14662874511,173.44944763183594,64062300,0.0,0.0
2022-01-03 00:00:00-05:00,173.70342746939005,178.63624437198777,173.5862168585795,177.7864227294922,104487900,0.0,0.0
2022-01-04 00:00:00-05:00,178.3919838905217,178.6947878000668,174.96342566446933,175.52996826171875,99310400,0.0,0.0
2022-01-05 00:00:00-05:00,175.4420540347499,175.98905654908802,170.58738436294814,170.8608856201172,94537600,0.0,0.0
2022-01-06 00:00:00-05:00,168.6924202141222,171.23209207239668,167.65702034880644,168.0086669921875,96904000,0.0,0.0
2022-01-07 00:00:00-05:00,168.878037036841,170.0990304259398,167.06119827767387,168.17474365234375,86709100,0.0,0.0
2022-01-10 00:00:00-05:00,165.1564429133354,168.4970788622131,164.2675561955421,168.19427490234375,106765600,0.0,0.0
2022-01-11 00:00:00-05:00,168.3212790198075,171.1148977053451,166.85608689005863,171.01722717285156,76138300,0.0,0.0
2022-01-12 00:00:00-05:00,172.03309245435602,173.06849253983535,170.76327115991117,171.456787109375,74805200,0.0,0.0
2022-01-13 00:00:00-05:00,171.70096415486904,172.52146809219963,167.80354809549323,168.19427490234375,84505800,0.0,0.0
2022-01-14 00:00:00-05:00,167.36399798657283,169.74737940608347,167.11979931497876,169.05386352539062,80440800,0.0,0.0
2022-01-18 00:00:00-05:00,167.53002095796475,168.5361181103695,165.478761430844,165.85971069335938,90956700,0.0,0.0
2022-01-19 00:00:00-05:00,166.05506272277646,167.1100025568735,162.08927949191408,162.37254333496094,94815000,0.0,0.0
2022-01-20 00:00:00-05:00,163.10515822088573,165.74250066133902,160.3701303584997,160.69247436523438,91420500,0.0,0.0
2022-01-21 00:00:00-05:00,160.60454104625038,162.4702220155114,158.5337415899316,158.6411895751953,122848900,0.0,0.0
2022-01-24 00:00:00-05:00,156.30672027070835,158.53381139617989,151.11016437480347,157.8695831298828,162294600,0.0,0.0
2022-01-25 00:00:00-05:00,155.29079647095608,158.98307875093712,153.3762874615523,156.07223510742188,115798400,0.0,0.0
2022-01-26 00:00:00-05:00,159.70591419723806,160.575260779249,154.15772812433738,155.9843292236328,108275300,0.0,0.0
2022-01-27 00:00:00-05:00,158.68026486629398,160.0380086364196,154.60703355591713,155.5252227783203,121954600,0.0,0.0
2022-01-28 00:00:00-05:00,161.86463986114418,166.39696621279427,159.02216399560837,166.37742614746094,179935700,0.0,0.0
2022-01-31 00:00:00-05:00,166.21138037947398,170.93906288440527,165.576454917367,170.7241668701172,115541600,0.0,0.0
2022-02-01 00:00:00-05:00,169.9720379540269,170.78277933201363,168.31148996868112,170.55812072753906,86213900,0.0,0.0
2022-02-02 00:00:00-05:00,170.69483434355706,171.7986168687593,169.30778797894317,171.75953674316406,84914300,0.0,0.0
2022-02-03 00:00:00-05:00,170.4311395793071,172.15030783567607,168.125903430298,168.88780212402344,89418100,0.0,0.0
2022-02-04 00:00:00-05:00,167.9097269846018,170.27659447810953,166.9316879925936,168.60414123535156,82465400,0.22,0.0
2022-02-07 00:00:00-05:00,169.0638417050099,170.12990075671365,167.19578341710826,167.89019775390625,77251200,0.0,0.0
2022-02-08 00:00:00-05:00,167.95865801143464,171.49916986063508,167.66524328351184,170.99058532714844,74829200,0.0,0.0
2022-02-09 00:00:00-05:00,172.1838075995271,172.77062217708496,171.05905354274313,172.40875244140625,71285000,0.0,0.0
2022-02-10 00:00:00-05:00,170.31570020808385,171.62626880440877,167.78258293824175,168.34005737304688,90865900,0.0,0.0
2022-02-11 00:00:00-05:00,168.54550592037077,169.2790353586412,164.34970917619486,164.93653869628906,98670700,0.0,0.0
2022-02-14 00:00:00-05:00,163.69441590726865,165.8558891027738,162.9022065441299,165.1712646484375,86185500,0.0,0.0
2022-02-15 00:00:00-05:00,167.2153531108256,169.1518664311418,166.5111637354937,168.99537658691406,62527400,0.0,0.0
2022-02-16 00:00:00-05:00,168.0760262456703,169.53329496166765,166.31555287107355,168.76065063476562,61177400,0.0,0.0
2022-02-17 00:00:00-05:00,167.27404295611913,168.1347222265384,164.7702649952927,165.1712646484375,69589300,0.0,0.0
2022-02-18 00:00:00-05:00,166.0906242687398,166.79479876362558,162.54033719370844,163.62596130371094,82772700,0.0,0.0
2022-02-22 00:00:00-05:00,161.35687442039574,163.02932772220805,158.58902218443671,160.7113800048828,91162800,0.0,0.0
2022-02-23 00:00:00-05:00,161.90460945584556,162.50121399005073,156.24176881453315,156.55474853515625,90009200,0.0,0.0
2022-02-24 00:00:00-05:00,149.2291965620497,159.27366155009665,148.66193213542687,159.16607666015625,141147500,0.0,0.0
2022-02-25 00:00:00-05:00,160.2419073795577,161.49379611504713,157.33713033388693,161.229736328125,91974200,0.0,0.0
2022-02-28 00:00:00-05:00,159.47907699118204,161.7872502076219,158.8629074909049,161.49383544921875,95056600,0.0,0.0
2022-03-01 00:00:00-05:00,161.08304074169718,162.94132403155473,158.41299811175085,159.61598205566406,83474400,0.0,0.0
2022-03-02 00:00:00-05:00,160.7798480922219,163.6846254319098,159.37146939131958,162.90219116210938,79724800,0.0,0.0
2022-03-03 00:00:00-05:00,164.77021930839055,165.20055882427715,161.9143474309581,162.57940673828125,76678400,0.0,0.0
2022-03-04 00:00:00-05:00,160.87762742530813,161.91434629337496,158.54011500197396,159.58660888671875,83737200,0.0,0.0
2022-03-07 00:00:00-05:00,159.7725035009549,161.39605234966348,155.54736648605487,155.80166625976562,96418800,0.0,0.0
2022-03-08 00:00:00-05:00,155.33216629168248,159.30300237550088,152.37848423515257,153.9824676513672,131148300,0.0,0.0
2022-03-09 00:00:00-05:00,157.9337867292243,159.82141039524444,155.90925307773495,159.3715057373047,91454900,0.0,0.0
2022-03-10 00:00:00-05:00,156.681840375499,156.8676701680238,152.55451471855633,155.0387420654297,105342000,0.0,0.0
2022-03-11 00:00:00-05:00,155.43974670100266,155.78206635482195,151.1070406596988,151.3319854736328,96970100,0.0,0.0
2022-03-14 00:00:00-04:00,148.12403016599976,150.7353929741164,146.8036862331013,147.312255859375,108732100,0.0,0.0
2022-03-15 00:00:00-04:00,147.58608092484786,152.15353624322603,147.07751138372214,151.68406677246094,92964300,0.0,0.0
2022-03-16 00:00:00-04:00,153.60106822684398,156.48628104894496,151.06795013405093,156.0852813720703,102300200,0.0,0.0
2022-03-17 00:00:00-04:00,155.12679794973494,157.46431103838808,154.16832371335292,157.0926513671875,75615400,0.0,0.0
2022-03-18 00:00:00-04:00,156.98506332691767,160.86788006337628,156.25153394230247,160.3788604736328,123511700,0.0,0.0
2022-03-21 00:00:00-04:00,159.9191646814939,162.6968070121453,159.4301451412394,161.74810791015625,95811400,0.0,0.0
2022-03-22 00:00:00-04:00,161.87525716684658,165.6993938917205,161.28844262082922,165.11257934570312,81532000,0.0,0.0
2022-03-23 00:00:00-04:00,164.30078278901993,168.84865833026834,163.9682381752626,166.47203063964844,98062700,0.0,0.0
2022-03-24 00:00:00-04:00,167.30337650948087,170.31573891650316,166.4720521767643,170.24728393554688,90131400,0.0,0.0
2022-03-25 00:00:00-04:00,170.061446329407,171.43069512284325,168.95625735233114,170.88299560546875,80546200,0.0,0.0
2022-03-28 00:00:00-04:00,168.38898581373743,171.87080253422522,168.22272096176943,171.74366760253906,90371900,0.0,0.0
2022-03-29 00:00:00-04:00,172.8097389298353,175.0787819860724,172.46741925958432,175.02989196777344,100589400,0.0,0.0
2022-03-30 00:00:00-04:00,174.628881866762,175.66560091058673,172.8195035873902,173.8660125732422,92633200,0.0,0.0
2022-03-31 00:00:00-04:00,173.93446796182153,174.120297776475,170.5700111087268,170.77540588378906,103049300,0.0,0.0
2022-04-01 00:00:00-04:00,170.20816010667752,171.0394993928561,168.1640617684755,170.4820098876953,78751300,0.0,0.0
2022-04-04 00:00:00-04:00,170.73630961524591,174.57022147286082,170.60915974417932,174.5213165283203,76468400,0.0,0.0
2022-04-05 00:00:00-04:00,173.60194829792937,174.38438259894033,170.58958593943765,171.2155303955078,73401800,0.0,0.0
2022-04-06 00:00:00-04:00,168.57481703992445,169.81693085468368,166.39379406221198,168.05645751953125,89058800,0.0,0.0
2022-04-07 00:00:00-04:00,167.4011755212215,169.55285855113002,166.11994669119974,168.35964965820312,77594700,0.0,0.0
2022-04-08 00:00:00-04:00,168.00757925318007,168.00757925318007,165.48423622614246,166.3546905517578,76575500,0.0,0.0
2022-04-11 00:00:00-04:00,165.00501879739264,165.31798361672782,161.8655060412837,162.11001586914062,72246700,0.0,0.0
2022-04-12 00:00:00-04:00,164.33013728303388,166.13950070260202,162.9804385205217,163.97804260253906,79265200,0.0,0.0
2022-04-13 00:00:00-04:00,163.7139749230824,167.28381189911025,163.10759541750994,166.65786743164062,70618900,0.0,0.0
2022-04-14 00:00:00-04:00,166.87304601950618,167.50878046321276,161.4155854111937,161.66009521484375,75329400,0.0,0.0
2022-04-18 00:00:00-04:00,160.32019219645267,162.94134514885508,159.97788741289764,161.4449462890625,69023900,0.0,0.0
2022-04-19 00:00:00-04:00,161.3960167105301,164.13452917950872,160.31039271090148,163.72373962402344,67723800,0.0,0.0
2022-04-20 00:00:00-04:00,165.05387853639598,165.17125338034182,162.45230578739907,163.55747985839844,67929800,0.0,0.0
2022-04-21 00:00:00-04:00,165.200581424204,167.7630389892028,162.26646424033356,162.7652587890625,87227800,0.0,0.0
2022-04-22 00:00:00-04:00,162.80440987833427,164.18343379206294,157.95332893712188,158.23695373535156,84882400,0.0,0.0
2022-04-25 00:00:00-04:00,157.5816959947762,159.58667965590095,154.9801226542558,159.3030548095703,96046400,0.0,0.0
2022-04-26 00:00:00-04:00,158.6868312906376,158.7748512209157,153.2782766938566,153.3565216064453,95623200,0.0,0.0
2022-04-27 00:00:00-04:00,152.4861127865459,156.2808951707583,151.9677531448404,153.13162231445312,88063200,0.0,0.0
2022-04-28 00:00:00-04:00,155.7527492675287,160.90702025080918,155.4397695467575,160.0463409423828,130216800,0.0,0.0
2022-04-29 00:00:00-04:00,158.2858683064252,162.55012002443183,153.7966717400247,154.18788146972656,131747600,0.0,0.0
2022-05-02 00:00:00-04:00,153.2685246478865,154.7551334388098,149.9040675207667,154.49107360839844,123055300,0.0,0.0
2022-05-03 00:00:00-04:00,154.67691281994897,157.18070602041826,152.88711399336617,155.9777069091797,88966500,0.0,0.0
2022-05-04 00:00:00-04:00,156.163485086847,162.82392827829534,155.7624855158091,162.37403869628906,108256500,0.0,0.0
2022-05-05 00:00:00-04:00,160.25172879543595,160.47667363266967,151.5471709663278,153.32720947265625,130525300,0.0,0.0
2022-05-06 00:00:00-04:00,152.8080631040653,156.16767394547392,151.0156200226824,154.052001953125,116124600,0.23,0.0
2022-05-09 00:00:00-04:00,151.75022430191655,152.63176175523802,148.38083908771665,148.9391326904297,131577900,0.0,0.0
2022-05-10 00:00:00-04:00,152.32814774676658,153.5231099451531,149.7912929478581,151.3388671875,115366700,0.0,0.0
2022-05-11 00:00:00-04:00,150.3495566722883,152.2595317646696,142.8173843082867,143.49322509765625,142689800,0.0,0.0
2022-05-12 00:00:00-04:00,139.83985189657713,143.19944882474022,135.95132933498297,139.6341552734375,182602000,0.0,0.0
2022-05-13 00:00:00-04:00,141.6224448185645,145.06041547307086,140.17282438448345,144.09072875976562,113990900,0.0,0.0
2022-05-16 00:00:00-04:00,142.56273706460962,144.49230601105745,141.22084476017127,142.5529327392578,86643800,0.0,0.0
2022-05-17 00:00:00-04:00,145.80482673464496,146.69615365751025,143.66956086149628,146.17703247070312,78336300,0.0,0.0
2022-05-18 00:00:00-04:00,143.83604831537036,144.3355756662519,137.02867854993576,137.9298095703125,109742900,0.0,0.0
2022-05-19 00:00:00-04:00,137.00914057415054,138.75260707730666,133.7964597180681,134.53106689453125,136095600,0.0,0.0
2022-05-20 00:00:00-04:00,136.23534285932448,137.81230015984903,129.8883411847853,134.76612854003906,137426100,0.0,0.0
2022-05-23 00:00:00-04:00,134.96201586760006,140.31975175202894,134.82488980062982,140.17283630371094,117726300,0.0,0.0
2022-05-24 00:00:00-04:00,137.92002455292192,139.05622039365426,134.51145197634384,137.47926330566406,104132700,0.0,0.0
2022-05-25 00:00:00-04:00,135.5888849437953,138.87992561613757,135.50073567160547,137.63600158691406,92482700,0.0,0.0
2022-05-26 00:00:00-04:00,134.57020484609697,141.37755994588284,134.32533585009304,140.8290557861328,90601500,0.0,0.0
2022-05-27 00:00:00-04:00,142.4060284868712,146.60797434750936,142.27869181225157,146.5688018798828,90978500,0.0,0.0
2022-05-31 00:00:00-04:00,146.01047698140155,147.5678400476632,143.8262350025348,145.78518676757812,103718400,0.0,0.0
2022-06-01 00:00:00-04:00,146.82346195823692,148.62570934761555,144.649023812494,145.65789794921875,74286600,0.0,0.0
2022-06-02 00:00:00-04:00,144.79596367082308,148.16536407915592,143.8458705924634,148.10659790039062,72348100,0.0,0.0
2022-06-03 00:00:00-04:00,143.88503314588232,144.93307974702813,141.49512401563555,142.396240234375,88570300,0.0,0.0
2022-06-06 00:00:00-04:00,144.01237341190438,145.52077501341512,141.92608448379778,143.14064025878906,71598400,0.0,0.0
2022-06-07 00:00:00-04:00,141.3873815394989,145.94193944320352,141.1425125135875,145.65789794921875,67808200,0.0,0.0
2022-06-08 00:00:00-04:00,145.5305491597089,146.79406665216868,144.43354079753493,144.92327880859375,53950200,0.0,0.0
2022-06-09 00:00:00-04:00,144.0613709060868,144.91351047437155,139.60475090946733,139.71249389648438,69473000,0.0,0.0
2022-06-10 00:00:00-04:00,137.40091085996173,137.87105521943323,134.24699651333503,134.31556701660156,91437900,0.0,0.0
2022-06-13 00:00:00-04:00,130.14299644685158,132.4251777606438,128.7423526705115,129.17332458496094,122207100,0.0,0.0
2022-06-14 00:00:00-04:00,130.39764883857168,131.14204524198857,128.7815044194442,130.0352325439453,84784300,0.0,0.0
2022-06-15 00:00:00-04:00,131.53387967535357,134.52128569573054,129.44760509851972,132.65048217773438,91533000,0.0,0.0
2022-06-16 00:00:00-04:00,129.36920136755154,129.67283655853572,126.39158573948599,127.39065551757812,108123900,0.0,0.0
2022-06-17 00:00:00-04:00,127.4004988291183,130.34871732723784,127.14582540730095,128.8599090576172,134520300,0.0,0.0
2022-06-21 00:00:00-04:00,130.68169231513036,134.2469845261448,130.58375367786297,133.08140563964844,81000500,0.0,0.0
2022-06-22 00:00:00-04:00,132.02360899242208,134.93265491125933,131.1616799782049,132.57212829589844,73409200,0.0,0.0
2022-06-23 00:00:00-04:00,134.0119221215175,135.74558399228505,132.84634321517927,135.43215942382812,72433800,0.0,0.0
2022-06-24 00:00:00-04:00,137.0287064173905,138.99746302987265,136.90138468183136,138.75259399414062,89116800,0.0,0.0
2022-06-27 00:00:00-04:00,139.7712426067131,140.5450371291734,138.0767530642211,138.75259399414062,70207900,0.0,0.0
2022-06-28 00:00:00-04:00,139.21294709984699,140.47646473111445,134.50166930718802,134.61920166015625,67083400,0.0,0.0
2022-06-29 00:00:00-04:00,134.63877479951915,137.78288432606877,133.86498040570075,136.3724365234375,66242400,0.0,0.0
2022-06-30 00:00:00-04:00,134.43310739232075,135.53011594509118,131.0245344279122,133.9139862060547,98964500,0.0,0.0
2022-07-01 00:00:00-04:00,133.2479278277153,136.1863562547321,132.87573705664798,136.07861328125,71051600,0.0,0.0
2022-07-05 00:00:00-04:00,134.94240992218974,138.70359409768392,134.1196387404863,138.6546173095703,73353800,0.0,0.0
2022-07-06 00:00:00-04:00,138.44895512148898,141.16209320483665,138.18449238511542,139.98672485351562,74064300,0.0,0.0
2022-07-07 00:00:00-04:00,140.3491492881493,143.5422515193908,140.3393599057939,143.3463592529297,66253700,0.0,0.0
2022-07-08 00:00:00-04:00,142.27865939245598,144.5216675026719,142.02400104686257,144.02212524414062,64547800,0.0,0.0
2022-07-11 00:00:00-04:00,142.68026652507825,143.6303594367227,140.82905749070648,141.8966827392578,63141600,0.0,0.0
2022-07-12 00:00:00-04:00,142.768425199881,145.40321819395862,142.07300556646354,142.8663787841797,77588800,0.0,0.0
2022-07-13 00:00:00-04:00,140.0552923046931,143.44427122627144,139.2031379384123,142.5039825439453,71185600,0.0,0.0
2022-07-14 00:00:00-04:00,141.1229362743088,145.89298070687983,140.30996921418316,145.42283630371094,78140700,0.0,0.0
2022-07-15 00:00:00-04:00,146.70592606919652,147.7637620290884,145.15835206929646,147.08792114257812,76259900,0.0,0.0
2022-07-18 00:00:00-04:00,147.64626627696484,148.45923341835072,143.68917356336667,144.0515899658203,81420900,0.0,0.0
2022-07-19 00:00:00-04:00,144.88413581614606,148.1262000519952,143.89487011094474,147.9009246826172,82982400,0.0,0.0
2022-07-20 00:00:00-04:00,148.0184099284549,150.5650535340759,147.2838029205586,149.8990020751953,64823400,0.0,0.0
2022-07-21 00:00:00-04:00,151.3290452388946,152.3770917552224,148.82158901652633,152.16160583496094,65086600,0.0,0.0
2022-07-22 00:00:00-04:00,152.20081233549695,153.0725455912705,150.26145356507448,150.927490234375,66675400,0.0,0.0
2022-07-25 00:00:00-04:00,150.849124954379,151.85798424989775,149.1546353044719,149.81088256835938,53623900,0.0,0.0
2022-07-26 00:00:00-04:00,149.13499865872834,149.9479654683096,147.70497218066316,148.48855590820312,55138700,0.0,0.0
2022-07-27 00:00:00-04:00,149.44846596743406,154.1009774684585,149.03708779660727,153.57205200195312,78620700,0.0,0.0
2022-07-28 00:00:00-04:00,153.7581586202447,154.40461645264705,151.24091273921562,154.12057495117188,81378700,0.0,0.0
2022-07-29 00:00:00-04:00,157.93071310150503,160.27166010634335,156.2264195082653,159.1746368408203,101786900,0.0,0.0
2022-08-01 00:00:00-04:00,157.70548276904853,160.23253356212356,157.5879503888758,158.19522094726562,67829400,0.0,0.0
2022-08-02 00:00:00-04:00,156.81413161603723,159.07671904499605,156.35377664743476,156.72596740722656,59907000,0.0,0.0
2022-08-03 00:00:00-04:00,157.53894532472003,163.17093336402678,157.45079605540153,162.7203826904297,82507500,0.0,0.0
2022-08-04 00:00:00-04:00,162.60281360750764,163.7586031177134,161.0552396557241,162.40692138671875,55474100,0.0,0.0
2022-08-05 00:00:00-04:00,160.08234575425365,162.67175374212067,159.87636348602825,162.18133544921875,56697000,0.23,0.0
2022-08-08 00:00:00-04:00,163.18181120847004,164.59421857415984,161.05339717997808,161.71055603027344,60276900,0.0,0.0
2022-08-09 00:00:00-04:00,160.87682032374863,162.64232916411427,160.12157196524083,161.7595672607422,63135500,0.0,0.0
2022-08-10 00:00:00-04:00,164.46666283077084,166.09485506907728,163.70161153159125,165.9967803955078,70170500,0.0,0.0
2022-08-11 00:00:00-04:00,166.8010905635419,167.71327649760102,164.9669306824805,165.2611846923828,57149200,0.0,0.0
2022-08-12 00:00:00-04:00,166.56571053244468,168.87066800455992,166.15374591104305,168.80201721191406,68039400,0.0,0.0
2022-08-15 00:00:00-04:00,168.2330984181666,170.0672580774187,168.06635799154176,169.87109375,54091700,0.0,0.0
2022-08-16 00:00:00-04:00,169.46896318920653,170.38114909928223,168.3704308785935,169.71417236328125,56377100,0.0,0.0
2022-08-17 00:00:00-04:00,169.45915949271176,172.7743773350279,169.26299514755854,171.20504760742188,79542000,0.0,0.0
2022-08-18 00:00:00-04:00,170.4203392392983,171.54829521030254,169.80240746461445,170.8126678466797,62290100,0.0,0.0
2022-08-19 00:00:00-04:00,169.71416649279175,170.41056710828244,168.02712623620275,168.2331085205078,70346300,0.0,0.0
2022-08-22 00:00:00-04:00,166.43819485878106,166.6049353146799,163.93705808753546,164.35882568359375,69026800,0.0,0.0
2022-08-23 00:00:00-04:00,163.87817957003261,165.4769480040651,163.4564120530002,164.02529907226562,54147100,0.0,0.0
2022-08-24 00:00:00-04:00,164.11361274111158,164.88846719098774,163.06411023124903,164.319580078125,53841500,0.0,0.0
2022-08-25 00:00:00-04:00,165.5456215718219,166.87956011908489,165.1238689631101,166.77166748046875,51218200,0.0,0.0
2022-08-26 00:00:00-04:00,167.3013400580589,167.77213753118554,160.42566451575846,160.48451232910156,78961000,0.0,0.0
2022-08-29 00:00:00-04:00,158.06182659509352,159.7782908024648,156.7573269679059,158.2874298095703,73314000,0.0,0.0
2022-08-30 00:00:00-04:00,159.02310338246934,159.44485609742108,154.69760873523498,155.86480712890625,77906200,0.0,0.0
2022-08-31 00:00:00-04:00,157.23791969354875,157.50274977749038,154.12866933419335,154.20713806152344,87991100,0.0,0.0
2022-09-01 00:00:00-04:00,153.63825654168207,155.38414463005734,151.70600708998924,154.93296813964844,74229900,0.0,0.0
2022-09-02 00:00:00-04:00,156.6886878420521,157.28699892323417,152.00028886480865,152.82418823242188,76957800,0.0,0.0
2022-09-06 00:00:00-04:00,153.47148977301632,154.079603619405,150.74476547508485,151.56866455078125,73714800,0.0,0.0
2022-09-07 00:00:00-04:00,151.85314497915547,153.6676838931478,150.66632598771957,152.97129821777344,87449600,0.0,0.0
2022-09-08 00:00:00-04:00,151.67661975456892,153.3636604436511,149.75417281827168,151.5000762939453,84923800,0.0,0.0
2022-09-09 00:00:00-04:00,152.49066452851048,154.79563648166842,151.7844609924952,154.354248046875,68028800,0.0,0.0
2022-09-12 00:00:00-04:00,156.53171708379904,161.11222243462,156.24728104104713,160.29812622070312,104956000,0.0,0.0
2022-09-13 00:00:00-04:00,156.83579030622826,157.46352522744408,150.43092752735453,150.8919219970703,122656600,0.0,0.0
2022-09-14 00:00:00-04:00,151.82368576965968,154.0894308134101,150.66630580332588,152.33372497558594,87965400,0.0,0.0
2022-09-15 00:00:00-04:00,151.6864260333709,152.26513119955726,148.47910003124844,149.4501190185547,90481100,0.0,0.0
2022-09-16 00:00:00-04:00,148.31229368839013,148.4496101996778,145.52670665510445,147.8120574951172,162278800,0.0,0.0
2022-09-19 00:00:00-04:00,146.44871449211215,151.59810678770754,146.2427471814607,151.51963806152344,81474200,0.0,0.0
2022-09-20 00:00:00-04:00,150.46035140561636,155.05067517637016,150.14649142825516,153.89328002929688,107689800,0.0,0.0
2022-09-21 00:00:00-04:00,154.32485530993193,155.6980357811973,150.65653533272163,150.77423095703125,101696800,0.0,0.0
2022-09-22 00:00:00-04:00,149.45987128233378,151.50981598394938,148.01804042401267,149.81297302246094,86652500,0.0,0.0
2022-09-23 00:00:00-04:00,148.29268659863374,148.5673196468233,145.71308157487604,147.5472412109375,96029900,0.0,0.0
2022-09-26 00:00:00-04:00,146.7920383807957,150.82327820825114,146.77241745430226,147.88076782226562,93339400,0.0,0.0
2022-09-27 00:00:00-04:00,149.81302224747262,151.75507497309587,147.07647912072952,148.85179138183594,84442700,0.0,0.0
2022-09-28 00:00:00-04:00,144.81072915722658,147.75323924438212,142.06438341593866,146.96856689453125,146691400,0.0,0.0
2022-09-29 00:00:00-04:00,143.30025780798485,143.9083718149734,137.98410935439225,139.74961853027344,128138200,0.0,0.0
2022-09-30 00:00:00-04:00,138.5726147256006,140.35774479295515,135.35547138562947,135.5516357421875,124925300,0.0,0.0
2022-10-03 00:00:00-04:00,135.56138709592238,140.32825195390797,135.0513480463147,139.72012329101562,114311700,0.0,0.0
2022-10-04 00:00:00-04:00,142.25075989142124,143.41795807791704,141.4955113649154,143.30026245117188,87830100,0.0,0.0
2022-10-05 00:00:00-04:00,141.30916116839794,144.55572849466822,140.26946161653336,143.59449768066406,79471000,0.0,0.0
2022-10-06 00:00:00-04:00,143.01577382273572,144.7126168501461,142.43708385477177,142.64305114746094,68402200,0.0,0.0
2022-10-07 00:00:00-04:00,139.80848875807743,140.3577700080511,136.77770625059352,137.4054412841797,85925600,0.0,0.0
2022-10-10 00:00:00-04:00,137.72909545898438,139.1709266873786,135.91455644051044,137.72909545898438,74899000,0.0,0.0
2022-10-11 00:00:00-04:00,137.21903351996755,138.64125855443186,135.57123522583825,136.31666564941406,77033700,0.0,0.0
2022-10-12 00:00:00-04:00,136.4638036366148,137.67022848780448,135.51239091855444,135.68893432617188,70433700,0.0,0.0
2022-10-13 00:00:00-04:00,132.40313927882985,140.83832513907973,131.79501040391918,140.2498321533203,113224000,0.0,0.0
2022-10-14 00:00:00-04:00,141.54456588685852,141.75054821414383,135.5418490498613,135.72821044921875,88598000,0.0,0.0
2022-10-17 00:00:00-04:00,138.36665154683308,140.16156968133146,137.5819791306435,139.68096923828125,85250900,0.0,0.0
2022-10-18 00:00:00-04:00,142.70190006350694,143.88870378321928,137.91541341285344,140.9952392578125,99136600,0.0,0.0
2022-10-19 00:00:00-04:00,138.974750883936,142.1722730567363,138.78838952105372,141.10316467285156,61758300,0.0,0.0
2022-10-20 00:00:00-04:00,140.2792613677454,143.09425775385319,139.91634163141597,140.6421661376953,64522000,0.0,0.0
2022-10-21 00:00:00-04:00,140.13210997918807,145.01668666487555,139.91632474569775,144.4477996826172,86548600,0.0,0.0
2022-10-24 00:00:00-04:00,144.36934369172494,147.35108041478094,143.20214572577777,146.58602905273438,75981900,0.0,0.0
2022-10-25 00:00:00-04:00,147.2137417287175,149.56775822916157,146.49773529844836,149.42062377929688,74732300,0.0,0.0
2022-10-26 00:00:00-04:00,148.06713927955596,149.0774000501519,145.20308247196704,146.4879913330078,88194300,0.0,0.0
2022-10-27 00:00:00-04:00,145.23245523627315,146.1936707329396,141.36795736433479,142.02511596679688,109180200,0.0,0.0
2022-10-28 00:00:00-04:00,145.3600351076457,154.48182186838937,144.98732723837443,152.75555419921875,164762400,0.0,0.0
2022-10-31 00:00:00-04:00,150.22496108445085,151.2842665764986,149.0087181195706,150.40150451660156,97943200,0.0,0.0
2022-11-01 00:00:00-04:00,152.10817643552318,152.47108127109797,146.27220032701106,147.7630615234375,80379300,0.0,0.0
2022-11-02 00:00:00-04:00,146.0956258102425,149.25392123210702,142.2213237765035,142.25074768066406,93604600,0.0,0.0
2022-11-03 00:00:00-04:00,139.33766635298934,140.0634909361085,136.09109910411752,136.21861267089844,97918500,0.0,0.0
2022-11-04 00:00:00-04:00,139.59828641105477,140.1681172493776,132.0234984378513,135.95335388183594,140814800,0.23,0.0
2022-11-07 00:00:00-05:00,134.7055842324109,136.70980337190065,133.29083425573356,136.4838409423828,83374600,0.0,0.0
2022-11-08 00:00:00-05:00,137.9477566640864,138.94985902565782,135.07896394018204,137.0537109375,89908500,0.0,0.0
2022-11-09 00:00:00-05:00,136.07124673599705,136.12037292800636,132.22980938548775,132.50489807128906,74917800,0.0,0.0
2022-11-10 00:00:00-05:00,138.7631880310501,144.29444885253906,137.0536956773793,144.29444885253906,118854000,0.0,0.0
2022-11-11 00:00:00-05:00,143.26289458275522,147.37940577392345,141.83830991998155,147.07484436035156,93979700,0.0,0.0
2022-11-14 00:00:00-05:00,146.3576203774582,147.64464544159856,144.84461786588682,145.67971801757812,73374100,0.0,0.0
2022-11-15 00:00:00-05:00,149.55065357357725,150.8966242970365,145.95483216140596,147.40887451171875,89868300,0.0,0.0
2022-11-16 00:00:00-05:00,146.51480463978803,147.2418181251695,144.70706018330316,146.18075561523438,64218300,0.0,0.0
2022-11-17 00:00:00-05:00,143.862201484558,148.82364786076732,143.58711275398744,148.0769805908203,80389400,0.0,0.0
2022-11-18 00:00:00-05:00,149.6390649453273,150.0222252429551,147.3401031595605,148.63694763183594,74829600,0.0,0.0
2022-11-21 00:00:00-05:00,147.52678083863384,147.73308985978306,145.12956655626695,145.4144744873047,58724100,0.0,0.0
2022-11-22 00:00:00-05:00,145.5323481888436,147.7821833963105,144.353379792247,147.54638671875,51804100,0.0,0.0
2022-11-23 00:00:00-05:00,146.82922050043365,149.16748927839564,146.72114887646376,148.4208221435547,58301400,0.0,0.0
2022-11-25 00:00:00-05:00,145.70921560778717,146.26922721502757,144.54008119228595,145.51272583007812,35195900,0.0,0.0
2022-11-28 00:00:00-05:00,142.59481349853306,144.0685093862778,140.86568238708142,141.69094848632812,69246000,0.0,0.0
2022-11-29 00:00:00-05:00,141.7596944766532,142.27057984792378,137.8887997144492,138.6944122314453,83763800,0.0,0.0
2022-11-30 00:00:00-05:00,138.9203582971881,146.1119996275474,138.08527316426236,145.43409729003906,111380900,0.0,0.0
2022-12-01 00:00:00-05:00,145.61096061666942,146.51482547786148,144.03901260255705,145.70919799804688,71250400,0.0,0.0
2022-12-02 00:00:00-05:00,143.40040769964443,145.4046270438478,143.09583136119605,145.21795654296875,65447400,0.0,0.0
2022-12-05 00:00:00-05:00,145.17866278529172,148.2734173934748,143.21373541725012,144.05865478515625,68826400,0.0,0.0
2022-12-06 00:00:00-05:00,144.49093730068225,144.71689974436399,139.43124046996064,140.4038848876953,64727200,0.0,0.0
2022-12-07 00:00:00-05:00,139.69650913090823,140.85580904494128,137.54491133359693,138.4684295654297,69721100,0.0,0.0
2022-12-08 00:00:00-05:00,139.86357531316506,141.00323714839539,138.62567607289063,140.1484832763672,62128300,0.0,0.0
2022-12-09 00:00:00-05:00,139.8439047836886,143.01727390300547,138.42915440090607,139.6670684814453,76097000,0.0,0.0
2022-12-12 00:00:00-05:00,140.1975885864345,141.9660265170688,138.58634846990296,141.95620727539062,70462700,0.0,0.0
2022-12-13 00:00:00-05:00,146.87833415604433,147.34009332894186,141.71058010364294,142.91900634765625,93886200,0.0,0.0
2022-12-14 00:00:00-05:00,142.80112620848055,144.08815144991274,138.68460028950005,140.6986541748047,82291200,0.0,0.0
2022-12-15 00:00:00-05:00,138.63548245096763,139.31338494507114,133.64456400681874,134.1063232421875,98931900,0.0,0.0
2022-12-16 00:00:00-05:00,134.29299371012456,135.23615066480997,131.3848939522239,132.15121459960938,160156900,0.0,0.0
2022-12-19 00:00:00-05:00,132.74066180080095,132.82907992971283,129.01713123497163,130.0487060546875,79592600,0.0,0.0
2022-12-20 00:00:00-05:00,129.08588923628005,130.91327209557377,127.61219386559817,129.9799346923828,77432800,0.0,0.0
2022-12-21 00:00:00-05:00,130.64802045895354,134.41085828161889,130.42205800232537,133.07470703125,85928000,0.0,0.0
2022-12-22 00:00:00-05:00,131.9939964474779,132.20030541745464,128.01501569466643,129.91116333007812,77852100,0.0,0.0
2022-12-23 00:00:00-05:00,128.6241804492717,130.09787639620362,127.36662777385332,129.54769897460938,63814900,0.0,0.0
2022-12-27 00:00:00-05:00,129.07609558176017,129.1055682957193,126.46273834186272,127.74976348876953,69007800,0.0,0.0
2022-12-28 00:00:00-05:00,127.39605990024205,128.73221106602657,123.66270252163467,123.82971954345703,85438400,0.0,0.0
2022-12-29 00:00:00-05:00,125.74552617249073,128.19185867326428,125.4900910087302,127.33712005615234,75703700,0.0,0.0
2022-12-30 00:00:00-05:00,126.15818552945343,127.67117324976594,125.19536766637758,127.65151977539062,77034200,0.0,0.0
2023-01-03 00:00:00-05:00,127.9953746812147,128.6044974020352,121.99252063798394,122.87673950195312,112117500,0.0,0.0
2023-01-04 00:00:00-05:00,124.66482384759799,126.40378887161263,122.88656686996354,124.14411926269531,89113600,0.0,0.0
2023-01-05 00:00:00-05:00,124.90062844390272,125.5294047177782,122.57219388132161,122.82762908935547,80962700,0.0,0.0
2023-01-06 00:00:00-05:00,123.80025946812165,128.0051956310965,122.69989736764362,127.3469467163086,87754700,0.0,0.0
2023-01-09 00:00:00-05:00,128.1820484933381,131.07049435820306,127.61221771125115,127.8676528930664,70790800,0.0,0.0
2023-01-10 00:00:00-05:00,127.97572556898378,128.95818934117645,125.87325369613974,128.43748474121094,63896200,0.0,0.0
2023-01-11 00:00:00-05:00,128.94836939344688,131.1687321095965,128.17222961380043,131.1490936279297,69458900,0.0,0.0
2023-01-12 00:00:00-05:00,131.53228540334834,131.90561153013712,129.13507083953922,131.07052612304688,71379600,0.0,0.0
2023-01-13 00:00:00-05:00,129.71471296505177,132.55403315564018,129.35120610397337,132.39683532714844,57809700,0.0,0.0
2023-01-17 00:00:00-05:00,132.4655864864573,134.88243886666353,131.77786487384603,133.55612182617188,63646600,0.0,0.0
2023-01-18 00:00:00-05:00,134.42067999537736,136.17928328311848,132.66206171643108,132.8389129638672,69672800,0.0,0.0
2023-01-19 00:00:00-05:00,131.7287538123279,133.86069855178562,131.42419241972087,132.89788818359375,58280400,0.0,0.0
2023-01-20 00:00:00-05:00,132.90770800117681,135.59966433835268,131.86629872212012,135.45228576660156,80223600,0.0,0.0
2023-01-23 00:00:00-05:00,135.6979103035641,140.80673462294286,135.48176704430378,138.63548278808594,81760300,0.0,0.0
2023-01-24 00:00:00-05:00,137.84946249034775,140.64948968940584,137.83964325138285,140.03053283691406,66435100,0.0,0.0
2023-01-25 00:00:00-05:00,138.41932337339787,139.93231102042415,136.37579688239575,139.372314453125,65799300,0.0,0.0
2023-01-26 00:00:00-05:00,140.6593159193217,141.72037843724186,139.4115829133593,141.4354705810547,54105100,0.0,0.0
2023-01-27 00:00:00-05:00,140.64951214628343,144.64813175929368,140.57091324840124,143.3709259033203,70555800,0.0,0.0
2023-01-30 00:00:00-05:00,142.41797596075202,142.99762607371383,140.34497649686972,140.49234008789062,64015300,0.0,0.0
2023-01-31 00:00:00-05:00,140.19757555057984,141.80881551729502,139.78494257033407,141.7596893310547,65874500,0.0,0.0
2023-02-01 00:00:00-05:00,141.44531098955775,144.03901475780756,138.84178798038548,142.87969970703125,77663600,0.0,0.0
2023-02-02 00:00:00-05:00,146.2888426135127,148.52885870656533,145.57164829200897,148.17518615722656,118339000,0.0,0.0
2023-02-03 00:00:00-05:00,145.4341223704264,154.62016535520215,145.23763259886508,151.79066467285156,154357300,0.0,0.0
2023-02-06 00:00:00-05:00,149.8944947732861,150.41519933800663,148.1358763450209,149.0692138671875,69858300,0.0,0.0
2023-02-07 00:00:00-05:00,147.99834440627268,152.50784959474223,147.99834440627268,151.93801879882812,83322600,0.0,0.0
2023-02-08 00:00:00-05:00,151.18152542311802,151.8692470443083,148.51904208604415,149.25588989257812,64120100,0.0,0.0
2023-02-09 00:00:00-05:00,151.08329292122983,151.62365104865805,147.78221371418798,148.2243194580078,56007100,0.0,0.0
2023-02-10 00:00:00-05:00,147.0632167115801,148.91305820143486,146.82706002572684,148.58834838867188,57450700,0.23,0.0
2023-02-13 00:00:00-05:00,148.52932389765635,151.7862414824205,148.49980618651492,151.38282775878906,62199000,0.0,0.0
2023-02-14 00:00:00-05:00,149.68058802933567,151.3041375201495,148.44079888424892,150.74327087402344,61707600,0.0,0.0
2023-02-15 00:00:00-05:00,150.6547103127393,153.0063833860837,150.42840282421838,152.839111328125,65573800,0.0,0.0
2023-02-16 00:00:00-05:00,151.0482818929642,153.82306709582505,150.8908590911332,151.24508666992188,68167900,0.0,0.0
2023-02-17 00:00:00-05:00,149.90690894964015,150.5464794908576,148.4309630722788,150.10369873046875,59144100,0.0,0.0
2023-02-21 00:00:00-05:00,147.79137232815333,148.87373860585663,146.0300835825423,146.0989532470703,58867200,0.0,0.0
2023-02-22 00:00:00-05:00,146.4826819914061,147.54536466728035,144.80011234851025,146.5220489501953,51011300,0.0,0.0
2023-02-23 00:00:00-05:00,147.68313363952294,147.92912460701393,144.87884561858363,147.0041961669922,48394200,0.0,0.0
2023-02-24 00:00:00-05:00,144.75087922117172,144.82959810728704,143.3831704798644,144.3572998046875,55469600,0.0,0.0
2023-02-27 00:00:00-05:00,145.3413038601465,146.7778826433076,145.08546365545737,145.5479278564453,44998500,0.0,0.0
2023-02-28 00:00:00-05:00,144.6918692589824,146.689314426437,144.47539603761436,145.0460968017578,50547000,0.0,0.0
2023-03-01 00:00:00-05:00,144.47542675230628,144.8690063216874,142.6846051791963,142.97979736328125,55479000,0.0,0.0
2023-03-02 00:00:00-05:00,142.0647116163666,144.35734928778834,141.59239813777418,143.57017517089844,52238100,0.0,0.0
2023-03-03 00:00:00-05:00,145.66599039801153,148.6867663889097,144.96738452683869,148.60804748535156,70732300,0.0,0.0
2023-03-06 00:00:00-05:00,151.32379221822697,153.79355106354063,150.99909736370918,151.3631591796875,87558000,0.0,0.0
2023-03-07 00:00:00-05:00,151.23519878056746,151.55990856266533,148.70642019503097,149.16888427734375,56182000,0.0,0.0
2023-03-08 00:00:00-05:00,150.35951315538156,151.00893289820618,149.39523278864294,150.41854858398438,47204800,0.0,0.0
2023-03-09 00:00:00-05:00,151.09749920529256,152.06177965604292,147.82089750549494,148.1751251220703,53833600,0.0,0.0
2023-03-10 00:00:00-05:00,147.80122193638456,148.5195113692859,145.24290982690115,146.11863708496094,68572400,0.0,0.0
2023-03-13 00:00:00-04:00,145.43970497520198,150.68423448355665,145.33146834316847,148.0570526123047,84457100,0.0,0.0
2023-03-14 00:00:00-04:00,148.85403055723415,150.94002884188114,147.6929605728649,150.1430206298828,73695900,0.0,0.0
2023-03-15 00:00:00-04:00,148.7655134809102,150.79247683579462,147.51587504804607,150.53665161132812,77167900,0.0,0.0
2023-03-16 00:00:00-04:00,149.71995500240442,153.9510028988609,149.20828955550553,153.3507843017578,76161100,0.0,0.0
2023-03-17 00:00:00-04:00,153.5770871091514,154.2265068856699,151.80594908869074,152.514404296875,98944600,0.0,0.0
2023-03-20 00:00:00-04:00,152.58327776546486,155.28917828804447,151.67801783277878,154.8759002685547,73641400,0.0,0.0
2023-03-21 00:00:00-04:00,154.79717806171172,156.8438093660786,154.0296725549558,156.72573852539062,73938300,0.0,0.0
2023-03-22 00:00:00-04:00,156.7454392443716,159.53989288471735,155.27932775015748,155.29901123046875,75701800,0.0,0.0
2023-03-23 00:00:00-04:00,156.28296029217628,158.95934282613845,155.15139299961646,156.38134765625,67622100,0.0,0.0
2023-03-24 00:00:00-04:00,156.31252740651905,157.76878997628896,155.31872913493615,157.68023681640625,59196500,0.0,0.0
2023-03-27 00:00:00-04:00,157.37518971960662,158.19188156427322,155.33837722493854,155.74180603027344,52390300,0.0,0.0
2023-03-28 00:00:00-04:00,155.4367781198492,155.94844355059743,153.47868455836303,155.1219024658203,45992200,0.0,0.0
2023-03-29 00:00:00-04:00,156.81432081388166,158.4673879613573,156.79465234617297,158.19187927246094,51305700,0.0,0.0
2023-03-30 00:00:00-04:00,158.9396863414281,159.8646148025582,158.68386113447403,159.75637817382812,49501700,0.0,0.0
2023-03-31 00:00:00-04:00,159.8350728342002,162.3540176143248,159.31357325147573,162.255615234375,68749800,0.0,0.0
2023-04-03 00:00:00-04:00,161.63575413574327,163.62335040456196,161.58655293789977,163.50527954101562,56976200,0.0,0.0
2023-04-04 00:00:00-04:00,163.92839947620809,164.16454121432164,162.46228779099377,162.9739532470703,46278300,0.0,0.0
2023-04-05 00:00:00-04:00,162.09819114468434,162.4032175003463,159.2053353608918,161.13389587402344,51511700,0.0,0.0
2023-04-06 00:00:00-04:00,159.82525040692016,162.31469290771022,159.40215313314846,162.01950073242188,45390100,0.0,0.0
2023-04-10 00:00:00-04:00,158.8314373555464,159.43165588378906,157.51292944566782,159.43165588378906,47716900,0.0,0.0
2023-04-11 00:00:00-04:00,159.7465059260698,159.7563401575787,157.93600138413825,158.2213592529297,47644200,0.0,0.0
2023-04-12 00:00:00-04:00,158.6346580327857,159.46118408911326,157.2177476424543,157.53262329101562,50133100,0.0,0.0
2023-04-13 00:00:00-04:00,159.0380889195549,163.14121655398105,158.83144989570576,162.90505981445312,68445600,0.0,0.0
2023-04-14 00:00:00-04:00,161.9506011686896,163.65286938363687,161.19295983913122,162.5606689453125,49386500,0.0,0.0
2023-04-17 00:00:00-04:00,162.44259843625022,162.73779061232008,161.39959909302152,162.58035278320312,41516200,0.0,0.0
2023-04-18 00:00:00-04:00,163.43641422586148,164.72540456754612,162.99361844758067,163.80047607421875,49923000,0.0,0.0
2023-04-19 00:00:00-04:00,163.14119328481948,165.46334834295578,162.8853530999642,164.9418487548828,47720200,0.0,0.0
2023-04-20 00:00:00-04:00,163.42655222639002,165.17800667808302,162.90505258707114,163.97756958007812,52456400,0.0,0.0
2023-04-21 00:00:00-04:00,162.4032359760057,163.78077935638615,161.85221862385353,162.37371826171875,58337300,0.0,0.0
2023-04-24 00:00:00-04:00,162.35406204687058,162.94444645995347,161.26186139253676,162.67877197265625,41949600,0.0,0.0
2023-04-25 00:00:00-04:00,162.54099521393778,163.6430299514636,161.10440134757968,161.14376831054688,48714100,0.0,0.0
2023-04-26 00:00:00-04:00,160.44512426219072,162.62952495549953,160.18929909610858,161.13389587402344,45498800,0.0,0.0
2023-04-27 00:00:00-04:00,162.5409858833323,165.85693915334915,162.5409858833323,165.7093505859375,64902300,0.0,0.0
2023-04-28 00:00:00-04:00,165.7880799666726,167.12627144742981,165.18786139778672,166.958984375,55275900,0.0,0.0
2023-05-01 00:00:00-04:00,166.56538074727197,167.71661652166532,165.93564455408003,166.8704071044922,52472900,0.0,0.0
2023-05-02 00:00:00-04:00,167.3623966257795,167.6182368189597,164.85328597063295,165.83724975585938,48425700,0.0,0.0
2023-05-03 00:00:00-04:00,166.78183794919684,168.17906452442512,164.47936662159927,164.76470947265625,65136000,0.0,0.0
2023-05-04 00:00:00-04:00,162.24580144031648,164.36131774887434,161.67510059572527,163.13136291503906,81235400,0.0,0.0
2023-05-05 00:00:00-04:00,168.23812815446027,171.504895212846,168.02165491497223,170.78660583496094,113453200,0.0,0.0
2023-05-08 00:00:00-04:00,169.7140651629481,171.06210572406735,169.35000337616833,170.71771240234375,55962800,0.0,0.0
2023-05-09 00:00:00-04:00,170.27496029429,170.75709300871614,168.8482156052712,169.01548767089844,45326900,0.0,0.0
2023-05-10 00:00:00-04:00,170.24541483030967,171.23921282792068,169.14336520388548,170.77674865722656,53724500,0.0,0.0
2023-05-11 00:00:00-04:00,171.06208645260807,171.79020994413887,169.4090197142991,170.96368408203125,49514700,0.0,0.0
2023-05-12 00:00:00-04:00,171.0720697527437,171.50561502670146,168.4905238476374,170.03749084472656,45533100,0.24,0.0
2023-05-15 00:00:00-04:00,170.61883064941935,170.66809989196608,168.95362948142878,169.54483032226562,37266700,0.0,0.0
2023-05-16 00:00:00-04:00,169.46600254116325,170.5991199454283,169.27878844040285,169.54483032226562,42110300,0.0,0.0
2023-05-17 00:00:00-04:00,169.19011716888295,170.39219951568867,167.91903983890595,170.15573120117188,57951600,0.0,0.0
2023-05-18 00:00:00-04:00,170.46119076780954,172.6683237371227,170.04735615510018,172.48110961914062,65496700,0.0,0.0
2023-05-19 00:00:00-04:00,173.80145343851697,173.80145343851697,172.37273538217633,172.58950805664062,55809500,0.0,0.0
2023-05-22 00:00:00-04:00,171.42682777563832,172.14612580242743,170.9046067635048,171.6436004638672,43570900,0.0,0.0
2023-05-23 00:00:00-04:00,170.58929510312979,170.83562631420236,168.7664381272472,169.04232788085938,50747300,0.0,0.0
2023-05-24 00:00:00-04:00,168.57921320123526,169.8896969643689,168.01758589409968,169.31820678710938,45143500,0.0,0.0
2023-05-25 00:00:00-04:00,169.8798495430277,171.3479738482291,169.17041449607095,170.4513397216797,56058300,0.0,0.0
2023-05-26 00:00:00-04:00,170.77652387763237,173.19056694623742,170.5695990272421,172.8555450439453,54835000,0.0,0.0
2023-05-30 00:00:00-04:00,174.36308277683443,176.36329091292328,173.978806707213,174.69808959960938,55964400,0.0,0.0
2023-05-31 00:00:00-04:00,174.72764675708407,176.71800704198733,174.16600441023556,174.64881896972656,99625300,0.0,0.0
2023-06-01 00:00:00-04:00,175.09218771933737,177.47667157389162,174.33348352725068,177.44711303710938,68901800,0.0,0.0
2023-06-02 00:00:00-04:00,178.37335293714096,179.11234656032465,176.62932377666553,178.29452514648438,61996900,0.0,0.0
2023-06-05 00:00:00-04:00,179.949884959394,182.2358308287415,175.4272324012079,176.94464111328125,121946500,0.0,0.0
2023-06-06 00:00:00-04:00,177.32891962025158,177.476712338109,174.8261860088602,176.580078125,64848400,0.0,0.0
2023-06-07 00:00:00-04:00,175.82136104700194,178.5507149734009,174.71780207381394,175.21046447753906,61944600,0.0,0.0
2023-06-08 00:00:00-04:00,175.2892895872439,178.18614713091944,174.85575927069235,177.9201202392578,50214900,0.0,0.0
2023-06-09 00:00:00-04:00,178.83646640490514,179.5557493602978,177.97923856717878,178.3043975830078,48900000,0.0,0.0
2023-06-12 00:00:00-04:00,178.60984190485868,181.19138823156914,178.31424143935143,181.0928497314453,54274900,0.0,0.0
2023-06-13 00:00:00-04:00,180.1173628493618,181.44754220802452,179.76264534674598,180.619873046875,54929100,0.0,0.0
2023-06-14 00:00:00-04:00,180.67901332162722,181.684048880549,179.34883379218707,181.25050354003906,57462900,0.0,0.0
2023-06-15 00:00:00-04:00,181.26033930305263,183.78276814166122,181.08297303806762,183.28024291992188,65433200,0.0,0.0
2023-06-16 00:00:00-04:00,183.98967305595488,184.245867094745,181.56578276571634,182.20623779296875,101256200,0.0,0.0
2023-06-20 00:00:00-04:00,181.7037512704965,183.36895259993452,181.7037512704965,182.29493713378906,49799100,0.0,0.0
2023-06-21 00:00:00-04:00,182.18656875714527,182.68909408055805,179.91047063421516,181.2603759765625,49515700,0.0,0.0
2023-06-22 00:00:00-04:00,181.04362885272855,184.3050523401888,180.9746488829674,184.2557830810547,51245300,0.0,0.0
2023-06-23 00:00:00-04:00,182.8270532004463,184.8075509993679,182.29496929127177,183.94046020507812,53117000,0.0,0.0
2023-06-26 00:00:00-04:00,184.08822111663613,185.2903184900679,182.51169553463515,182.55111694335938,48088700,0.0,0.0
2023-06-27 00:00:00-04:00,183.1620330683905,185.6253451571229,182.94526040179295,185.30018615722656,50730800,0.0,0.0
2023-06-28 00:00:00-04:00,185.17209649255778,187.11318769857849,184.84695251457532,186.4727325439453,51216800,0.0,0.0
2023-06-29 00:00:00-04:00,186.3052137668684,187.2806907250245,186.16726889716722,186.80772399902344,46347300,0.0,0.0
2023-06-30 00:00:00-04:00,188.81780236383452,191.62596911406445,188.45322195229386,191.1234588623047,85213200,0.0,0.0
2023-07-03 00:00:00-04:00,190.9362564156046,191.03479491877454,188.94589592351636,189.63563537597656,31458200,0.0,0.0
2023-07-05 00:00:00-04:00,188.7587001877792,190.14799688410469,187.82262949557398,188.522216796875,46920300,0.0,0.0
2023-07-06 00:00:00-04:00,187.05405664400223,189.20207252866174,186.42344937265386,188.99514770507812,45094300,0.0,0.0
2023-07-07 00:00:00-04:00,188.60105770280973,189.84256176290307,187.44822928239464,187.8817596435547,46815000,0.0,0.0
2023-07-10 00:00:00-04:00,186.48257243692333,187.20187038994513,184.29515010539157,185.8421173095703,59922200,0.0,0.0
2023-07-11 00:00:00-04:00,186.38402246734722,186.52196732292174,183.86159365977753,185.3198699951172,46638100,0.0,0.0
2023-07-12 00:00:00-04:00,186.89640150427806,188.88676181703667,185.70416691161034,186.98509216308594,60750200,0.0,0.0
2023-07-13 00:00:00-04:00,187.70435278315148,188.38422922243208,186.99491780606402,187.74375915527344,41342300,0.0,0.0
2023-07-14 00:00:00-04:00,187.43834550769154,188.37440112570727,186.8471596075647,187.8916015625,41616200,0.0,0.0
2023-07-17 00:00:00-04:00,189.08381775872684,191.46831693797242,188.9951421376018,191.14315795898438,50520200,0.0,0.0
2023-07-18 00:00:00-04:00,190.5125649317522,191.47817907078496,189.5962050071137,190.88697814941406,48288200,0.0,0.0
2023-07-19 00:00:00-04:00,190.26621270882248,195.3209183853995,189.82280454932882,192.2368621826172,80507300,0.0,0.0
2023-07-20 00:00:00-04:00,192.22701989757815,193.58677299126168,189.67503216410122,190.29579162597656,59581200,0.0,0.0
2023-07-21 00:00:00-04:00,191.25156585425083,192.10879369152832,188.42367321559357,189.12326049804688,71951700,0.0,0.0
2023-07-24 00:00:00-04:00,190.57165886992988,192.04964595897565,189.42867857936756,189.9213409423828,45377800,0.0,0.0
2023-07-25 00:00:00-04:00,190.49287261199655,191.5865838976961,190.08888577789457,190.7786102294922,37283200,0.0,0.0
2023-07-26 00:00:00-04:00,190.82783906853456,192.76892999363082,190.4829844332044,191.64566040039062,47471900,0.0,0.0
2023-07-27 00:00:00-04:00,193.14338839624878,194.30606454519102,189.72430983845956,190.3844757080078,47460200,0.0,0.0
2023-07-28 00:00:00-04:00,191.8131810983056,193.74442436278966,191.29096014596897,192.95616149902344,48291400,0.0,0.0
2023-07-31 00:00:00-04:00,193.1827862905988,193.60648379116893,192.39452340931743,193.5670623779297,38824100,0.0,0.0
2023-08-01 00:00:00-04:00,193.3601546102926,193.842954166062,192.41423613585215,192.73939514160156,35175100,0.0,0.0
2023-08-02 00:00:00-04:00,192.17773571935334,192.3156805851802,189.03456234552243,189.75384521484375,50389300,0.0,0.0
2023-08-03 00:00:00-04:00,188.7586713954234,189.54691917513858,187.89158079590146,188.36453247070312,61235200,0.0,0.0
2023-08-04 00:00:00-04:00,182.79745486603875,184.6301595328746,179.25027969317492,179.3192596435547,115956800,0.0,0.0
2023-08-07 00:00:00-04:00,179.45720585194456,180.44253062568194,174.74735463626894,176.225341796875,97576100,0.0,0.0
2023-08-08 00:00:00-04:00,177.05302113799038,177.62451134366992,174.97398514494694,177.16140747070312,67823000,0.0,0.0
2023-08-09 00:00:00-04:00,178.2156906972674,178.27480777933516,174.41233639065635,175.5750274658203,60378500,0.0,0.0
2023-08-10 00:00:00-04:00,176.8460961883882,178.09746293161143,174.99369573264087,175.35826110839844,54686900,0.0,0.0
2023-08-11 00:00:00-04:00,174.95375100085724,176.23639103718068,174.19402209160106,175.41746520996094,52036700,0.24,0.0
2023-08-14 00:00:00-04:00,175.59504844195268,177.2920967961584,174.9438523177461,177.06517028808594,43675600,0.0,0.0
2023-08-15 00:00:00-04:00,176.4929258073929,177.08491002448199,174.68734458769583,175.08200073242188,43622600,0.0,0.0
2023-08-16 00:00:00-04:00,174.76630032742042,176.15747319458026,174.1447025205994,174.21377563476562,46964900,0.0,0.0
2023-08-17 00:00:00-04:00,174.7761369036864,175.1411945839284,171.1649745274817,171.67803955078125,66062900,0.0,0.0
2023-08-18 00:00:00-04:00,170.0007213782545,172.76335939467492,169.6652621694116,172.1614990234375,61172200,0.0,0.0
2023-08-21 00:00:00-04:00,172.7337554755455,173.77960771425435,171.4215020828672,173.49346923828125,46311900,0.0,0.0
2023-08-22 00:00:00-04:00,174.69718434668556,175.30890581271296,173.89799596554266,174.8649139404297,42038900,0.0,0.0
2023-08-23 00:00:00-04:00,176.1377232252428,179.12728783194132,175.9502562936072,178.70301818847656,52722800,0.0,0.0
2023-08-24 00:00:00-04:00,178.25902046647073,178.68329009610582,173.6612029173666,174.02627563476562,54945800,0.0,0.0
2023-08-25 00:00:00-04:00,175.01294998434398,176.7593193055493,173.47376987845638,176.22653198242188,51449600,0.0,0.0
2023-08-28 00:00:00-04:00,177.6867593505913,178.1800870283186,176.1673167274641,177.78543090820312,43820700,0.0,0.0
2023-08-29 00:00:00-04:00,177.3019791564373,182.43258442181371,177.10465107991652,181.66299438476562,53003900,0.0,0.0
2023-08-30 00:00:00-04:00,182.47204640358012,185.34321714142652,182.27471834075723,185.1458740234375,60813900,0.0,0.0
2023-08-31 00:00:00-04:00,185.33333184264131,186.59624944883035,184.9781353249528,185.36293029785156,60794500,0.0,0.0
2023-09-01 00:00:00-04:00,186.96128485067166,187.38553932747752,185.76742552646203,186.9316864013672,45766500,0.0,0.0
2023-09-05 00:00:00-04:00,185.76746926717502,187.44478036173828,185.10641198511868,187.16851806640625,45280000,0.0,0.0
2023-09-06 00:00:00-04:00,185.88585963952747,186.32986658571798,179.04834537431464,180.46913146972656,81755800,0.0,0.0
2023-09-07 00:00:00-04:00,172.84230680208358,175.8318868790433,171.22419235116297,175.1905517578125,112488800,0.0,0.0
2023-09-08 00:00:00-04:00,175.97000602806156,177.83478423163749,175.41746632815568,175.80226135253906,65551300,0.0,0.0
2023-09-11 00:00:00-04:00,177.66705421097663,177.8939807491613,174.9734739911946,176.96652221679688,58953100,0.0,0.0
2023-09-12 00:00:00-04:00,177.09477490699047,177.72623373133553,172.487096210491,173.9473419189453,90370200,0.0,0.0
2023-09-13 00:00:00-04:00,174.15454941477398,174.93401565723292,171.65831231126361,171.88525390625,84267900,0.0,0.0
2023-09-14 00:00:00-04:00,171.67802028548886,173.75000241444866,171.2636268707299,173.39480590820312,60895800,0.0,0.0
2023-09-15 00:00:00-04:00,174.12492983939754,174.14466716160445,171.50043808217407,172.67454528808594,109259500,0.0,0.0
2023-09-18 00:00:00-04:00,174.12494029407293,176.98624997924455,173.8190795297471,175.59506225585938,67257600,0.0,0.0
2023-09-19 00:00:00-04:00,175.15110077928443,177.23294463154582,174.76630570968015,176.680419921875,51826900,0.0,0.0
2023-09-20 00:00:00-04:00,176.86785847407558,177.3019893003594,173.05936766417838,173.14817810058594,58436200,0.0,0.0
2023-09-21 00:00:00-04:00,172.22069958579337,173.94734650075085,171.53990496478352,171.6089630126953,63149100,0.0,0.0
2023-09-22 00:00:00-04:00,172.33911043282527,174.71695374662696,171.7273888544839,172.45750427246094,56725400,0.0,0.0
2023-09-25 00:00:00-04:00,171.87535356826675,174.6083930174941,171.82601779128095,173.7302703857422,46172700,0.0,0.0
2023-09-26 00:00:00-04:00,172.48711848209095,172.86203732750283,169.36928354767613,169.665283203125,64588900,0.0,0.0
2023-09-27 00:00:00-04:00,170.31643241476104,170.730825832551,166.79408083596385,168.15565490722656,66921800,0.0,0.0
2023-09-28 00:00:00-04:00,167.0802102082604,169.73431545858824,165.38316183381656,168.41220092773438,56294400,0.0,0.0
2023-09-29 00:00:00-04:00,169.7244661753788,170.76045735672912,168.06687727418498,168.92527770996094,51861100,0.0,0.0
2023-10-02 00:00:00-04:00,168.93517426147574,171.97407533813322,168.64903570450574,171.43141174316406,52164500,0.0,0.0
2023-10-03 00:00:00-04:00,169.96124934298015,171.31297744317223,168.54047825044546,170.09938049316406,49594600,0.0,0.0
2023-10-04 00:00:00-04:00,168.80684851428336,171.8852232303615,168.68845469814508,171.34255981445312,53020300,0.0,0.0
2023-10-05 00:00:00-04:00,171.47083294671847,173.10868450108188,170.3756448658088,172.57589721679688,48527900,0.0,0.0
2023-10-06 00:00:00-04:00,171.48071432556827,175.61480292776608,170.8689777300858,175.12147521972656,57266700,0.0,0.0
2023-10-09 00:00:00-04:00,174.45055415802327,176.66066786762835,173.45403753652568,176.60147094726562,42390800,0.0,0.0
2023-10-10 00:00:00-04:00,175.72333700059065,177.32171396949087,175.57532965392068,176.00946044921875,43698000,0.0,0.0
2023-10-11 00:00:00-04:00,175.82199530812358,177.44998580714199,175.23001108089,177.40065002441406,47551100,0.0,0.0
2023-10-12 00:00:00-04:00,177.6670336186698,179.906730392158,176.6507647716162,178.29849243164062,56743100,0.0,0.0
2023-10-13 00:00:00-04:00,178.99902980590412,179.5022186651883,175.76280113660414,176.4633331298828,51427100,0.0,0.0
2023-10-16 00:00:00-04:00,174.3913552582801,176.6902643223361,174.15455252434904,176.33506774902344,52517000,0.0,0.0
2023-10-17 00:00:00-04:00,174.29265257502803,176.03903666999224,172.46734930467605,174.78598022460938,57549400,0.0,0.0
2023-10-18 00:00:00-04:00,173.23694427289632,175.21025492862336,172.77321506438722,173.49346923828125,54764400,0.0,0.0
2023-10-19 00:00:00-04:00,173.69080766680926,175.46679037407037,172.85215962113486,173.11856079101562,59302900,0.0,0.0
2023-10-20 00:00:00-04:00,172.97056355030566,173.0790962513972,170.3361953203569,170.572998046875,64244000,0.0,0.0
2023-10-23 00:00:00-04:00,168.62929981085605,171.68792291287053,167.6623665542272,170.69140625,55980100,0.0,0.0
2023-10-24 00:00:00-04:00,170.74069333750268,171.3524147723922,169.16203892177992,171.12548828125,43816600,0.0,0.0
2023-10-25 00:00:00-04:00,169.58633193718455,170.75057806188605,168.3727349771656,168.81674194335938,57157000,0.0,0.0
2023-10-26 00:00:00-04:00,168.0964746462511,169.0930062294273,163.459197305812,164.6629180908203,70625300,0.0,0.0
2023-10-27 00:00:00-04:00,164.68264263448572,166.70528904611524,164.60370840247674,165.97515869140625,58499100,0.0,0.0
2023-10-30 00:00:00-04:00,166.76450604315932,168.88580920893756,166.61649869462795,168.01754760742188,51131000,0.0,0.0
2023-10-31 00:00:00-04:00,167.09010101577766,168.61940486913602,165.65943861592592,168.49114990234375,44846000,0.0,0.0
2023-11-01 00:00:00-04:00,168.71805482147735,171.9049471971035,167.84979334743332,171.64842224121094,56934900,0.0,0.0
2023-11-02 00:00:00-04:00,173.17774724497193,175.40758286457637,173.11855033416663,175.2003936767578,77334800,0.0,0.0
2023-11-03 00:00:00-04:00,171.91483559510309,174.46040823420765,171.03671292563865,174.29266357421875,79829200,0.0,0.0
2023-11-06 00:00:00-05:00,174.0263127771948,177.0356001960179,173.8585831383387,176.83827209472656,63841300,0.0,0.0
2023-11-07 00:00:00-05:00,176.7889073081916,180.00541354681909,176.58171810512866,179.39369201660156,70530000,0.0,0.0
2023-11-08 00:00:00-05:00,179.91662978825056,181.00194176498167,179.16676200069597,180.4494171142578,49340300,0.0,0.0
2023-11-09 00:00:00-05:00,180.51844768984608,181.6629563158929,179.38378514108624,179.9757843017578,53763500,0.0,0.0
2023-11-10 00:00:00-05:00,181.75415237279827,184.32284238950194,181.31944959381738,184.15487670898438,66133400,0.24,0.0
2023-11-13 00:00:00-05:00,183.58184574005094,183.78930789371245,181.99123723697815,182.57412719726562,43627500,0.0,0.0
2023-11-14 00:00:00-05:00,185.4391901985185,185.84425545326624,184.0560589323069,185.1823272705078,60108400,0.0,0.0
2023-11-15 00:00:00-05:00,185.5874067506803,187.21752694473682,185.51824264456812,185.74546813964844,53790500,0.0,0.0
2023-11-16 00:00:00-05:00,187.28665942031617,188.6599164347462,186.37772744350028,187.4249725341797,54412900,0.0,0.0
2023-11-17 00:00:00-05:00,187.95848017105547,188.08691917335904,186.29872264128753,187.4052276611328,50922700,0.0,0.0
2023-11-20 00:00:00-05:00,187.60281994734135,189.598493753426,187.59294582194016,189.14402770996094,46505100,0.0,0.0
2023-11-21 00:00:00-05:00,189.10452557023848,189.21320125507725,187.45464204586924,188.3437957763672,38134500,0.0,0.0
2023-11-22 00:00:00-05:00,189.18354656200316,190.60618938615343,188.53149251239262,189.00570678710938,39617700,0.0,0.0
2023-11-24 00:00:00-05:00,188.57102324664504,188.60066069963858,186.97054048498805,187.68186950683594,24048300,0.0,0.0
2023-11-27 00:00:00-05:00,187.63246733233092,188.37343380166539,186.6247487130357,187.5040283203125,40552600,0.0,0.0
2023-11-28 00:00:00-05:00,187.49414676130317,188.77849160556613,187.11871894105684,188.10667419433594,38415400,0.0,0.0
2023-11-29 00:00:00-05:00,188.60066651864972,189.77633577367203,186.6939199672285,187.08909606933594,43014200,0.0,0.0
2023-11-30 00:00:00-05:00,187.55340318726755,188.02763251612237,185.92328320995222,187.66207885742188,48794400,0.0,0.0
2023-12-01 00:00:00-05:00,188.0375263099119,189.25270705783993,186.95076949469112,188.9365692138672,45704800,0.0,0.0
2023-12-04 00:00:00-05:00,187.69170901814908,187.76087311237956,185.19218377665425,187.14833068847656,43389500,0.0,0.0
2023-12-05 00:00:00-05:00,187.91897362196437,192.05849343193452,187.8893210956394,191.09030151367188,66628400,0.0,0.0
2023-12-06 00:00:00-05:00,192.10788966712872,192.4141533735728,189.79607806848605,190.00355529785156,41089700,0.0,0.0
2023-12-07 00:00:00-05:00,191.29777821822415,192.6512720749557,191.2582515665674,191.93006896972656,47477700,0.0,0.0
2023-12-08 00:00:00-05:00,191.86091528323507,193.629363703371,191.33730018286,193.3527374267578,53406400,0.0,0.0
2023-12-11 00:00:00-05:00,190.78404615931,191.15947399253523,189.11439931154695,190.8531951904297,60943700,0.0,0.0
2023-12-12 00:00:00-05:00,190.75440470261375,192.3746507369947,189.4107849369075,192.36477661132812,52696900,0.0,0.0
2023-12-13 00:00:00-05:00,192.74018081786602,195.61513413450965,192.50308121236986,195.57562255859375,70404200,0.0,0.0
2023-12-14 00:00:00-05:00,195.63487305941916,197.21559217390634,193.79727597101643,195.72378540039062,66831600,0.0,0.0
2023-12-15 00:00:00-05:00,195.1507657132062,196.01028180866058,194.6271507268951,195.19029235839844,128538400,0.0,0.0
2023-12-18 00:00:00-05:00,193.72813612536964,194.26164038796966,192.0486152607036,193.53054809570312,55751900,0.0,0.0
2023-12-19 00:00:00-05:00,193.79731295132126,194.5777909959987,193.53056080250687,194.5679168701172,40714100,0.0,0.0
2023-12-20 00:00:00-05:00,194.5283816611859,195.2989855460905,192.4833221435547,192.4833221435547,52242800,0.0,0.0
2023-12-21 00:00:00-05:00,193.73802319308166,194.70621508029078,191.16933361068988,192.33511352539062,46482500,0.0,0.0
2023-12-22 00:00:00-05:00,192.8291141147171,193.05635469466722,190.64574127695036,191.26815795898438,37149600,0.0,0.0
2023-12-26 00:00:00-05:00,191.27801448490152,191.55464074590694,190.5074106042434,190.72476196289062,28919300,0.0,0.0
2023-12-27 00:00:00-05:00,190.1715235726757,191.16935301152336,188.7883770898652,190.8235626220703,48087700,0.0,0.0
2023-12-28 00:00:00-05:00,191.80160450052028,192.31534537884878,190.84328683757997,191.24835205078125,34049900,0.0,0.0
2023-12-29 00:00:00-05:00,191.56449222902597,192.05846979029215,189.4206314221306,190.21099853515625,42672100,0.0,0.0
2024-01-02 00:00:00-05:00,184.89579853453512,186.1702691079172,181.6750702031571,183.40399169921875,82488700,0.0,0.0
2024-01-03 00:00:00-05:00,182.00113952243032,183.64114905512682,181.22064633789287,182.03077697753906,58414500,0.0,0.0
2024-01-04 00:00:00-05:00,179.95603270422265,180.88471299934187,178.70134046081682,179.71893310546875,71983600,0.0,0.0
2024-01-05 00:00:00-05:00,179.79799818956093,180.5587129492039,177.99991223040004,178.99774169921875,62379700,0.0,0.0
2024-01-08 00:00:00-05:00,179.89674567111302,183.3644778190013,179.3138557634904,183.324951171875,59144500,0.0,0.0
2024-01-09 00:00:00-05:00,181.7047275700206,182.9199083051763,180.52905841182087,182.9100341796875,42841800,0.0,0.0
2024-01-10 00:00:00-05:00,182.12956878813148,184.15486512874935,181.7047401626592,183.94740295410156,46792900,0.0,0.0
2024-01-11 00:00:00-05:00,184.293153408918,184.7970202008086,181.40832608034748,183.35459899902344,49128400,0.0,0.0
2024-01-12 00:00:00-05:00,183.81894667336306,184.49076406507768,182.95943045197853,183.68063354492188,40477800,0.0,0.0
2024-01-16 00:00:00-05:00,179.96593271976667,182.04062970854807,178.7507369031224,181.41822814941406,65603000,0.0,0.0
2024-01-17 00:00:00-05:00,179.08665457169852,180.72664884969066,178.12833676151584,180.4796600341797,47317400,0.0,0.0
2024-01-18 00:00:00-05:00,183.84857190455077,186.86183815424235,183.59170899023258,186.3579864501953,78005800,0.0,0.0
2024-01-19 00:00:00-05:00,187.0495648712278,189.63800274105876,186.5457131326349,189.25270080566406,68903000,0.0,0.0
2024-01-22 00:00:00-05:00,189.98378136946042,192.97728431537942,189.94425472083472,191.55462646484375,60133900,0.0,0.0
2024-01-23 00:00:00-05:00,192.67105542323813,193.392258603415,191.49538615178406,192.82911682128906,42355600,0.0,0.0
2024-01-24 00:00:00-05:00,193.06617391639293,194.0146173966766,191.9991806541979,192.15725708007812,53631300,0.0,0.0
2024-01-25 00:00:00-05:00,192.86862433386716,193.90598035718745,190.78403816176663,191.83126831054688,54822100,0.0,0.0
2024-01-26 00:00:00-05:00,191.93003306536062,192.41412139509268,189.62809597449873,190.10231018066406,44594000,0.0,0.0
2024-01-29 00:00:00-05:00,189.6972652775173,189.8849791703456,187.2965414692382,189.42063903808594,47145600,0.0,0.0
2024-01-30 00:00:00-05:00,188.64019550498801,189.48983770252025,185.21198926058483,185.77511596679688,55859400,0.0,0.0
2024-01-31 00:00:00-05:00,184.7871410441138,184.846431021382,182.12955411744667,182.17893981933594,55467800,0.0,0.0
2024-02-01 00:00:00-05:00,181.77390231724044,184.69824158324056,181.6059517240919,184.6093292236328,64885400,0.0,0.0
2024-02-02 00:00:00-05:00,177.6936383802958,185.07366557426653,177.0909850527091,183.6114959716797,102551700,0.0,0.0
2024-02-05 00:00:00-05:00,185.8837890630235,186.97054595458332,183.6016146657499,185.41944885253906,69668800,0.0,0.0
2024-02-06 00:00:00-05:00,184.60931480628852,187.02980210381148,184.5204024536245,187.01992797851562,43490800,0.0,0.0
2024-02-07 00:00:00-05:00,188.3437817688575,188.74884702540382,186.33823388644547,187.12860107421875,53439000,0.0,0.0
2024-02-08 00:00:00-05:00,187.1088775381696,187.25706482207696,185.09345510201229,186.05177307128906,40962000,0.0,0.0
2024-02-09 00:00:00-05:00,186.61559077121817,187.9411516715375,185.97260641439556,186.81344604492188,45155200,0.24,0.0
2024-02-12 00:00:00-05:00,186.38806813077576,186.63537211912902,184.7756412965565,185.1317596435547,41781900,0.0,0.0
2024-02-13 00:00:00-05:00,183.76664838776776,184.2019058140478,181.53101071537256,183.0445098876953,56529500,0.0,0.0
2024-02-14 00:00:00-05:00,183.32153491398208,183.52926184222676,180.47258771556508,182.1641387939453,54630500,0.0,0.0
2024-02-15 00:00:00-05:00,181.57058851615943,182.50045391335385,179.39431647047905,181.8772430419922,65434500,0.0,0.0
2024-02-16 00:00:00-05:00,181.44199396902647,182.8565806751117,179.71086599707365,180.34396362304688,49752500,0.0,0.0
2024-02-20 00:00:00-05:00,179.82955095197704,180.46264852115328,178.0588611409836,179.60203552246094,53665600,0.0,0.0
2024-02-21 00:00:00-05:00,179.97792921674792,180.91768122956833,178.71173417109264,180.3538360595703,41371400,0.0,0.0
2024-02-22 00:00:00-05:00,181.50131240098546,182.9653626660908,180.4923231436991,182.3817138671875,52292200,0.0,0.0
2024-02-23 00:00:00-05:00,183.01481932952075,183.04449459753943,180.26480046872615,180.5516815185547,45119700,0.0,0.0
2024-02-26 00:00:00-05:00,180.27471486922383,180.78909628027105,178.7018500832812,179.20635986328125,40867400,0.0,0.0
2024-02-27 00:00:00-05:00,179.1470231922399,181.93660445629962,177.6236221032545,180.6605224609375,54318900,0.0,0.0
2024-02-28 00:00:00-05:00,180.54178846123017,181.14521076395337,178.1874648834917,179.4635467529297,48953900,0.0,0.0
2024-02-29 00:00:00-05:00,179.31516246277232,180.6011460945577,177.59392143922238,178.80076599121094,136682600,0.0,0.0
2024-03-01 00:00:00-05:00,177.61370457626955,178.5831318593588,175.46710804516843,177.72251892089844,73563100,0.0,0.0
2024-03-04 00:00:00-05:00,174.25038035125658,174.99229230011673,171.9158301484072,173.2117156982422,81510100,0.0,0.0
2024-03-05 00:00:00-05:00,168.91851326517738,170.18470849670402,167.79080766540406,168.28541564941406,95132400,0.0,0.0
2024-03-06 00:00:00-05:00,169.21526961759642,169.39333632878757,166.86093094295472,167.2961883544922,68587700,0.0,0.0
2024-03-07 00:00:00-05:00,167.32585131213037,168.88881413208614,166.67298033709926,167.17747497558594,71765100,0.0,0.0
2024-03-08 00:00:00-05:00,167.17747009753631,171.82678133583968,167.11811956465033,168.88880920410156,76267000,0.0,0.0
2024-03-11 00:00:00-04:00,171.07499261235472,172.49946586057737,170.1945911039721,170.8870391845703,60139500,0.0,0.0
2024-03-12 00:00:00-04:00,171.28270784938988,172.15322257397557,169.16578666443067,171.36184692382812,59825400,0.0,0.0
2024-03-13 00:00:00-04:00,170.90684419661972,171.3223130850131,168.91851047344855,169.28453063964844,52488700,0.0,0.0
2024-03-14 00:00:00-04:00,171.04531257693264,172.43020869953008,170.1945863604126,171.13433837890625,72913500,0.0,0.0
2024-03-15 00:00:00-04:00,169.32406299160928,170.7584228515625,168.45354827638914,170.7584228515625,121752700,0.0,0.0
2024-03-18 00:00:00-04:00,173.67662817447325,175.79354941833483,171.64873273149365,171.84657287597656,75604200,0.0,0.0
2024-03-19 00:00:00-04:00,172.45988088096897,174.70540499850514,171.1640105835326,174.18112182617188,55215200,0.0,0.0
2024-03-20 00:00:00-04:00,173.82501083363408,176.74319458007812,173.20180001631465,176.74319458007812,53423100,0.0,0.0
2024-03-21 00:00:00-04:00,175.14069690243886,175.57595436020992,168.9976588629672,169.52194213867188,106181300,0.0,0.0
2024-03-22 00:00:00-04:00,169.90773784358905,171.18383495977668,168.22607363158104,170.42213439941406,71160100,0.0,0.0
2024-03-25 00:00:00-04:00,168.73058907262046,170.08581023240077,167.62265683136332,169.007568359375,54288300,0.0,0.0
2024-03-26 00:00:00-04:00,168.16673357540358,169.57141859748938,167.7512646331731,167.87986755371094,57388400,0.0,0.0
2024-03-27 00:00:00-04:00,168.57227437363676,171.72787530814264,168.27550660374618,171.4409942626953,60273300,0.0,0.0
2024-03-28 00:00:00-04:00,169.89782982249778,170.37264922530974,168.67119667981044,169.6307373046875,65672700,0.0,0.0
2024-04-01 00:00:00-04:00,169.3438900607447,169.40324060587884,167.6523240532299,168.19639587402344,46240500,0.0,0.0
2024-04-02 00:00:00-04:00,167.25662806803024,167.51381877100314,166.41578850586058,167.0192108154297,49329500,0.0,0.0
2024-04-03 00:00:00-04:00,166.9697540235435,168.83937157047524,166.7620271262386,167.8204803466797,47691700,0.0,0.0
2024-04-04 00:00:00-04:00,168.4535689105981,170.06599565718972,166.9994354248047,166.9994354248047,53704400,0.0,0.0
2024-04-05 00:00:00-04:00,167.76113794678497,168.55251376624304,167.12804031006615,167.75125122070312,42104800,0.0,0.0
2024-04-08 00:00:00-04:00,167.2071852220754,167.37535013675048,166.4257111957336,166.63343811035156,37425500,0.0,0.0
2024-04-09 00:00:00-04:00,166.8806999592474,168.24582257310013,166.5344834909376,167.84024047851562,42373800,0.0,0.0
2024-04-10 00:00:00-04:00,166.97964653177021,167.2665125006067,165.30786924976792,165.97064208984375,49709300,0.0,0.0
2024-04-11 00:00:00-04:00,166.5246149420751,173.56784300454478,166.3465633103838,173.15235900878906,91070300,0.0,0.0
2024-04-12 00:00:00-04:00,172.38075949507746,176.43655077441642,172.33131077483722,174.6460723876953,101670900,0.0,0.0
2024-04-15 00:00:00-04:00,173.46887143042125,174.72517963690404,170.63971383210225,170.82766723632812,73531800,0.0,0.0
2024-04-16 00:00:00-04:00,169.89784277952464,171.88616144450353,166.45537543168857,167.55340576171875,73711200,0.0,0.0
2024-04-17 00:00:00-04:00,167.780901063059,168.80967890645843,166.18826293945312,166.18826293945312,50901200,0.0,0.0
2024-04-18 00:00:00-04:00,166.21793076697907,166.8213530127437,164.75389559967167,165.2386016845703,43122900,0.0,0.0
2024-04-19 00:00:00-04:00,164.41758473594675,164.60552308162337,162.31054999578998,163.2206268310547,68149400,0.0,0.0
2024-04-22 00:00:00-04:00,163.73504867138354,165.45627497853224,162.99313661644305,164.0515899658203,48116400,0.0,0.0
2024-04-23 00:00:00-04:00,163.56685559955991,165.24851961582092,163.14148491226467,165.10012817382812,49537800,0.0,0.0
2024-04-24 00:00:00-04:00,164.74401450706145,167.47426013692973,164.41758653276062,167.19728088378906,48251800,0.0,0.0
2024-04-25 00:00:00-04:00,167.70177351115603,168.77012851479734,166.33665071301928,168.05789184570312,50558300,0.0,0.0
2024-04-26 00:00:00-04:00,168.04802077933093,169.49226770262163,167.35555749623813,167.47427368164062,44838400,0.0,0.0
2024-04-29 00:00:00-04:00,171.5003643815301,174.13168243053624,171.2332869429431,171.62896728515625,68169400,0.0,0.0
2024-04-30 00:00:00-04:00,171.46081207960546,173.1029142716877,168.1667209693098,168.4931640625,65934800,0.0,0.0
2024-05-01 00:00:00-04:00,167.75125295718234,170.84750390177777,167.28632022447192,167.47427368164062,50383100,0.0,0.0
2024-05-02 00:00:00-04:00,170.64963546996492,171.54982559320527,169.04711048582428,171.16403198242188,94214900,0.0,0.0
2024-05-03 00:00:00-04:00,184.63712970012278,184.98336128032037,180.69016817589636,181.40240478515625,163224100,0.0,0.0
2024-05-06 00:00:00-04:00,180.38355544132992,182.21359610453806,178.47436058739535,179.75045776367188,78569700,0.0,0.0
2024-05-07 00:00:00-04:00,181.47167851231154,182.90603874350563,179.36465862288415,180.43299865722656,77305800,0.0,0.0
2024-05-08 00:00:00-04:00,180.87814724687024,181.09577596912635,179.49323582394607,180.7693328857422,45057100,0.0,0.0
2024-05-09 00:00:00-04:00,180.5912561815798,182.66861565405213,180.14611203583203,182.57958984375,48983000,0.0,0.0
2024-05-10 00:00:00-04:00,183.15410154420678,183.34230991411323,180.4102677646858,181.3215789794922,50759500,0.25,0.0
2024-05-13 00:00:00-04:00,183.68900761377958,185.3333368917867,182.87674310968822,184.5210723876953,72044800,0.0,0.0
2024-05-14 00:00:00-04:00,185.7394637127145,186.52201273815805,184.53098214319476,185.66021728515625,52393600,0.0,0.0
2024-05-15 00:00:00-04:00,186.13569714479723,188.84981551266446,185.60078753373725,187.92860412597656,70400000,0.0,0.0
2024-05-16 00:00:00-04:00,188.6714956614686,189.2955517477419,187.86914647323638,188.0474395751953,52845200,0.0,0.0
2024-05-17 00:00:00-04:00,187.72057759120682,189.00830557822601,187.39369174809892,188.07717895507812,41282900,0.0,0.0
2024-05-20 00:00:00-04:00,187.54228461702792,190.10782534306233,187.22529890901677,189.2361297607422,44361300,0.0,0.0
2024-05-21 00:00:00-04:00,189.28562508532966,190.91013874673692,189.11723212761945,190.5337371826172,42309400,0.0,0.0
2024-05-22 00:00:00-04:00,190.45454757387583,190.9993573729038,188.47343202447388,189.09747314453125,34648500,0.0,0.0
2024-05-23 00:00:00-04:00,189.1766947549615,189.19651013997458,184.86777806929078,185.11541748046875,51005900,0.0,0.0
2024-05-24 00:00:00-04:00,187.03710655742805,188.78048261582597,186.26445766907554,188.18614196777344,36327000,0.0,0.0
2024-05-28 00:00:00-04:00,189.70168159973719,191.1776178733189,187.31444925751387,188.196044921875,52280100,0.0,0.0
2024-05-29 00:00:00-04:00,187.8196530916493,190.43472491238563,187.7205912720781,188.49322509765625,53068000,0.0,0.0
2024-05-30 00:00:00-04:00,188.9587703074631,190.36536034504638,188.83000809203267,189.4837646484375,49889100,0.0,0.0
2024-05-31 00:00:00-04:00,189.6323431713606,190.7516780595243,188.1167913020161,190.4346923828125,75158300,0.0,0.0
2024-06-03 00:00:00-04:00,191.07854113305333,193.14881785405223,190.7021395503604,192.1978759765625,50080500,0.0,0.0
2024-06-04 00:00:00-04:00,192.80211709386347,193.47570407411885,191.207318865485,192.51486206054688,47471400,0.0,0.0
2024-06-05 00:00:00-04:00,193.55497498638144,195.04081158591265,193.02998059705732,194.02053833007812,54156800,0.0,0.0
2024-06-06 00:00:00-04:00,193.8422276391208,194.64457691185422,192.33657578915964,192.64364624023438,41181800,0.0,0.0
2024-06-07 00:00:00-04:00,192.8120142553044,195.08039942896673,192.3068353639325,195.03086853027344,53103900,0.0,0.0
2024-06-10 00:00:00-04:00,195.04078477848907,195.4370168860641,190.3356361933404,191.29647827148438,97010200,0.0,0.0
2024-06-11 00:00:00-04:00,191.82150120872504,205.20394601258087,191.8017009364241,205.19403076171875,172373300,0.0,0.0
2024-06-12 00:00:00-04:00,205.41193016487838,218.1207863262847,204.94636687125956,211.05812072753906,198134300,0.0,0.0
2024-06-13 00:00:00-04:00,212.71236564129833,214.70338117421306,209.6020150722442,212.2170867919922,97862700,0.0,0.0
2024-06-14 00:00:00-04:00,211.8307404302917,213.13826855094433,209.30481562722255,210.48358154296875,70122700,0.0,0.0
2024-06-17 00:00:00-04:00,211.35527186274084,216.88258512602053,210.71141546378874,214.62411499023438,93728300,0.0,0.0
2024-06-18 00:00:00-04:00,215.5354294813442,216.5656178731208,210.98877362098574,212.26658630371094,79943300,0.0,0.0
2024-06-20 00:00:00-04:00,211.90995785887029,212.21704337897714,206.87793908026026,207.70008850097656,86172500,0.0,0.0
2024-06-21 00:00:00-04:00,208.40340309586463,209.88923942625428,205.15437552925596,205.53079223632812,241805100,0.0,0.0
2024-06-24 00:00:00-04:00,205.75865018980198,210.69162338847192,204.63931513285507,206.1746826171875,80727000,0.0,0.0
2024-06-25 00:00:00-04:00,207.1751175381149,209.38407188516823,206.64022308060072,207.09588623046875,55549700,0.0,0.0
2024-06-26 00:00:00-04:00,209.5029286499739,212.8312027309874,208.65104852463386,211.2364044189453,66213200,0.0,0.0
2024-06-27 00:00:00-04:00,212.6628097453943,213.70289822966825,210.3449086305272,212.07838439941406,49772700,0.0,0.0
2024-06-28 00:00:00-04:00,213.7326216506115,214.0297919592074,208.31427026634478,208.63124084472656,82542700,0.0,0.0
2024-07-01 00:00:00-04:00,210.08738182701015,215.45620282037203,209.91898882948186,214.70338439941406,60402900,0.0,0.0
2024-07-02 00:00:00-04:00,214.1090169642201,218.29908645117231,213.0689435868198,218.19012451171875,58046200,0.0,0.0
2024-07-03 00:00:00-04:00,217.92268618597842,219.4580535888672,216.9618440422543,219.4580535888672,37369800,0.0,0.0
2024-07-05 00:00:00-04:00,219.55708698216947,224.3117665065084,219.55708698216947,224.2028045654297,60412400,0.0,0.0
2024-07-08 00:00:00-04:00,224.9457357840812,225.69856928044194,221.14199799041046,225.66885375976562,59085900,0.0,0.0
2024-07-09 00:00:00-04:00,225.77780318070188,227.23392416937492,224.23253562897796,226.52072143554688,48076100,0.0,0.0
2024-07-10 00:00:00-04:00,227.13489091066097,230.87919792745691,227.08536000113173,230.78013610839844,62627700,0.0,0.0
2024-07-11 00:00:00-04:00,229.20511032654306,230.19566787410835,223.63818174593294,225.4211883544922,64710600,0.0,0.0
2024-07-12 00:00:00-04:00,226.75843028372813,230.4433055423661,226.5206910327904,228.36312866210938,53046500,0.0,0.0
2024-07-15 00:00:00-04:00,234.24706826366577,234.9899864993383,230.88907844301437,232.18670654296875,62631300,0.0,0.0
2024-07-16 00:00:00-04:00,232.78106107648213,234.03907359612094,230.13627381333595,232.60276794433594,43234300,0.0,0.0
2024-07-17 00:00:00-04:00,227.2834515580279,229.2744821236097,224.49998695797876,226.71884155273438,57345900,0.0,0.0
2024-07-18 00:00:00-04:00,228.10560948409145,228.26410233218343,220.17124832102243,222.06320190429688,66034600,0.0,0.0
2024-07-19 00:00:00-04:00,222.6971954569991,224.65849552449666,221.1717280930588,222.19200134277344,49151500,0.0,0.0
2024-07-22 00:00:00-04:00,224.86649525231948,225.62922890399747,220.98351093014816,221.84530639648438,48201800,0.0,0.0
2024-07-23 00:00:00-04:00,222.2514348874799,224.7971755297642,220.577389891536,222.88539123535156,39960300,0.0,0.0
2024-07-24 00:00:00-04:00,221.88490694575157,222.67735606492835,215.0797809310421,216.47645568847656,61777600,0.0,0.0
2024-07-25 00:00:00-04:00,216.86277641061952,218.76466037633443,212.59347540961954,215.43638610839844,51391200,0.0,0.0
2024-07-26 00:00:00-04:00,216.6349653026102,217.41751434744816,213.97036267942912,215.90196228027344,41601300,0.0,0.0
2024-07-29 00:00:00-04:00,214.91139345300462,217.22929471632008,213.71281205128278,216.17930603027344,36311800,0.0,0.0
2024-07-30 00:00:00-04:00,217.1203409396055,218.24957609355639,214.07932159795172,216.73402404785156,41643800,0.0,0.0
2024-07-31 00:00:00-04:00,219.34909118598728,221.70662325926872,218.54674189777583,219.98304748535156,50036300,0.0,0.0
2024-08-01 00:00:00-04:00,222.25138675562792,222.36034868782315,214.9707980252656,216.2981414794922,62501000,0.0,0.0
2024-08-02 00:00:00-04:00,217.0807092384795,223.46981835778237,215.6543188775265,217.7840118408203,105568600,0.0,0.0
2024-08-05 00:00:00-04:00,197.21010696314244,211.484045462397,194.14928763761037,207.2939910888672,119548600,0.0,0.0
2024-08-06 00:00:00-04:00,203.36151564809407,208.00723406358375,199.17146046275423,205.27328491210938,69660500,0.0,0.0
2024-08-07 00:00:00-04:00,204.94637966039352,211.62274392073394,204.4412006806638,207.8388214111328,63516400,0.0,0.0
2024-08-08 00:00:00-04:00,211.097744151489,212.17744837655164,206.8581585633277,211.2958526611328,47161100,0.0,0.0
2024-08-09 00:00:00-04:00,210.09728825409005,214.7330909034816,209.96851092003678,214.1981964111328,42201600,0.0,0.0
2024-08-12 00:00:00-04:00,214.27753840147545,217.68898821235913,213.81143620679725,215.7254180908203,38028100,0.25,0.0
2024-08-13 00:00:00-04:00,217.19312608520667,220.04923895369578,217.19312608520667,219.43438720703125,44155300,0.0,0.0
2024-08-14 00:00:00-04:00,218.74022238953546,221.1798064675701,217.87742936780526,219.88067626953125,41960600,0.0,0.0
2024-08-15 00:00:00-04:00,222.73677426147512,223.48055242779947,220.9120269929499,222.85577392578125,46414000,0.0,0.0
2024-08-16 00:00:00-04:00,222.06239369045758,224.94825642777528,221.79462933024135,224.1747283935547,44340200,0.0,0.0
2024-08-19 00:00:00-04:00,223.84747960195193,224.115243980586,221.18970440160442,224.0160675048828,40687800,0.0,0.0
2024-08-20 00:00:00-04:00,223.8970537532744,225.28543353253482,223.57970115675508,224.6309051513672,30299000,0.0,0.0
2024-08-21 00:00:00-04:00,224.64085012661386,226.08872985229075,223.1830436738614,224.52183532714844,34765500,0.0,0.0
2024-08-22 00:00:00-04:00,225.90029338876204,226.4457337259973,222.04256465043304,222.66734313964844,43695300,0.0,0.0
2024-08-23 00:00:00-04:00,223.78797197411373,226.32673228874265,222.46900358067504,224.9581756591797,38677300,0.0,0.0
2024-08-26 00:00:00-04:00,224.87885041051024,225.39454085782168,222.0326640536948,225.2953643798828,30602200,0.0,0.0
2024-08-27 00:00:00-04:00,224.1251322421701,226.95149505120298,223.0243400581704,226.13829040527344,35934600,0.0,0.0
2024-08-28 00:00:00-04:00,226.02921369079436,227.95312221094204,223.80779089178384,224.611083984375,38052200,0.0,0.0
2024-08-29 00:00:00-04:00,228.191123238114,230.98772097763546,226.98124300552124,227.88368225097656,51906300,0.0,0.0
2024-08-30 00:00:00-04:00,228.28038060324323,228.4886300006117,225.59285569982603,227.10025024414062,52990800,0.0,0.0
2024-09-03 00:00:00-04:00,226.65400042223428,227.10026429068756,219.335218503661,220.9219512939453,50190600,0.0,0.0
2024-09-04 00:00:00-04:00,219.821176613538,219.9401762860646,215.6758448114514,219.0178985595703,43840200,0.0,0.0
2024-09-05 00:00:00-04:00,219.79139340374425,223.60944526365165,219.6823053430495,220.53517150878906,36615400,0.0,0.0
2024-09-06 00:00:00-04:00,222.09216799264019,223.3714749735505,217.94685141211724,218.98814392089844,48423000,0.0,0.0
2024-09-09 00:00:00-04:00,218.98812757352732,219.4343914347755,214.91222272734436,219.07737731933594,67180000,0.0,0.0
2024-09-10 00:00:00-04:00,217.1038662465979,219.6426263973432,214.93203178151688,218.28399658203125,51591000,0.0,0.0
2024-09-11 00:00:00-04:00,219.62280899168329,221.23927647566495,216.0824178921796,220.81285095214844,44587100,0.0,0.0
2024-09-12 00:00:00-04:00,220.6541869199912,221.69547936785247,217.9964268983011,220.9219512939453,37455600,0.0,0.0
2024-09-13 00:00:00-04:00,221.7252477752003,222.18142327621288,220.06910342078112,220.65420532226562,36766600,0.0,0.0
2024-09-16 00:00:00-04:00,214.74359737993566,215.41796403110465,212.14533750172802,214.5254364013672,59357400,0.0,0.0
2024-09-17 00:00:00-04:00,213.96019610771708,215.10064996456288,212.72056577105593,214.99156188964844,45519300,0.0,0.0
2024-09-18 00:00:00-04:00,215.74527154351298,220.86246931704028,215.73534481599032,218.85922241210938,59894900,0.0,0.0
2024-09-19 00:00:00-04:00,223.12351184232415,227.9134444812765,222.76649775953877,226.9713134765625,66781300,0.0,0.0
2024-09-20 00:00:00-04:00,228.0622053540531,231.1563174701668,225.73169454082358,226.306884765625,318679900,0.0,0.0
2024-09-23 00:00:00-04:00,225.45404067299683,227.54653724680347,223.93673438033483,224.5912628173828,54146000,0.0,0.0
2024-09-24 00:00:00-04:00,226.75317542181838,227.44738051700955,223.85740076750545,225.48379516601562,43556100,0.0,0.0
2024-09-25 00:00:00-04:00,223.0639938591287,225.40441611848388,222.16155463706056,224.49205017089844,42308700,0.0,0.0
2024-09-26 00:00:00-04:00,225.41436171300208,226.60440369502516,223.54004142995942,225.63253784179688,36636700,0.0,0.0
2024-09-27 00:00:00-04:00,226.56475422029098,227.6159582791164,225.41437368594384,225.90029907226562,34026000,0.0,0.0
2024-09-30 00:00:00-04:00,228.1316114938428,231.0670623779297,227.7448474882838,231.0670623779297,54541900,0.0,0.0
2024-10-01 00:00:00-04:00,227.6159583693189,227.74486962890148,221.88390914906273,224.3334197998047,63285000,0.0,0.0
2024-10-02 00:00:00-04:00,224.01605029183685,225.48376819979168,221.16986421787885,224.89866638183594,32880600,0.0,0.0
2024-10-03 00:00:00-04:00,223.27226484855484,224.92840891217833,221.4673712198949,223.79786682128906,34044200,0.0,0.0
2024-10-04 00:00:00-04:00,226.00935295352124,226.1085294140403,222.27063948076494,224.91848754882812,37245100,0.0,0.0
2024-10-07 00:00:00-04:00,222.63760820325265,223.81773870352313,219.4939074890314,219.85092163085938,39505400,0.0,0.0
2024-10-08 00:00:00-04:00,222.43925780658088,224.10531361949606,221.3979653574062,223.89706420898438,31855700,0.0,0.0
2024-10-09 00:00:00-04:00,223.36154504729694,227.84405251552317,222.96486939830248,227.6357879638672,33591100,0.0,0.0
2024-10-10 00:00:00-04:00,225.89039642732237,227.59612897487835,225.28545621996582,227.1399383544922,28183500,0.0,0.0
2024-10-11 00:00:00-04:00,227.39779019694814,227.5068782710055,225.45404318616428,225.6623077392578,31759200,0.0,0.0
2024-10-14 00:00:00-04:00,226.80274288926017,229.8076053434174,226.70358155060512,229.3811798095703,39882100,0.0,0.0
2024-10-15 00:00:00-04:00,231.672004479983,235.51982138099225,230.44228590022638,231.91001892089844,64751400,0.0,0.0
2024-10-16 00:00:00-04:00,229.67870875165642,230.19438406287304,227.9332995992129,229.85720825195312,34082200,0.0,0.0
2024-10-17 00:00:00-04:00,231.49350124327563,231.91003031839952,228.60765355789445,230.22412109375,32993800,0.0,0.0
2024-10-18 00:00:00-04:00,234.2206950473064,234.2206950473064,232.0686987091599,233.0504913330078,46431500,0.0,0.0
2024-10-21 00:00:00-04:00,232.5050454306036,234.88514457730523,232.5050454306036,234.51820373535156,36254500,0.0,0.0
2024-10-22 00:00:00-04:00,231.94969236544068,234.26036494372266,230.67040061866737,233.90335083007812,38846600,0.0,0.0
2024-10-23 00:00:00-04:00,232.13812257917175,233.18932661738793,225.87054472777703,228.8456573486328,52287000,0.0,0.0
2024-10-24 00:00:00-04:00,228.0721096303277,228.9051525928802,226.5151420282862,228.6572265625,31109500,0.0,0.0
2024-10-25 00:00:00-04:00,227.83410560105818,231.2852316353655,227.66551771976023,229.49024963378906,38802300,0.0,0.0
2024-10-28 00:00:00-04:00,231.38445260776976,232.78274415861915,230.62083606612686,231.46377563476562,36087100,0.0,0.0
2024-10-29 00:00:00-04:00,231.16627329542206,232.38606532055925,230.39274516902225,231.73153686523438,35417200,0.0,0.0
2024-10-30 00:00:00-04:00,230.68031899274527,231.53318522639518,227.64570650368097,228.19114685058594,47070900,0.0,0.0
2024-10-31 00:00:00-04:00,227.43742665071557,227.92336713292326,223.5003599556127,224.035888671875,64370100,0.0,0.0
2024-11-01 00:00:00-04:00,219.1368672842602,223.4805363045207,218.44267740554844,221.06077575683594,65276700,0.0,0.0
2024-11-04 00:00:00-05:00,219.15671602208408,220.94177147156717,217.88733586004025,220.16824340820312,44944500,0.0,0.0
2024-11-05 00:00:00-05:00,219.9599772111233,222.0921350198155,219.30544885909725,221.59628295898438,28111300,0.0,0.0
2024-11-06 00:00:00-05:00,220.76328741365683,224.19459083458287,219.35506917081855,220.87237548828125,54561100,0.0,0.0
2024-11-07 00:00:00-05:00,222.7665321945981,225.9895710313294,222.70703236030374,225.59288024902344,42137700,0.0,0.0
2024-11-08 00:00:00-05:00,225.53329235935942,227.01256271730918,224.77877343219782,225.32481384277344,38328800,0.25,0.0
2024-11-11 00:00:00-05:00,223.37892800863307,224.07388164377818,219.90414468405433,222.61447143554688,42005600,0.0,0.0
2024-11-12 00:00:00-05:00,222.9321731823864,223.96467356190874,221.75074442821315,222.61447143554688,40398300,0.0,0.0
2024-11-13 00:00:00-05:00,222.39605879884869,225.01703765642938,221.15506473467502,223.49806213378906,48566200,0.0,0.0
2024-11-14 00:00:00-05:00,223.398802697962,227.22105551450989,223.3789425502784,226.57574462890625,44923900,0.0,0.0
2024-11-15 00:00:00-05:00,224.76884409236825,225.28510187679902,222.65420045885568,223.37893676757812,47923700,0.0,0.0
2024-11-18 00:00:00-05:00,223.62711979019133,228.08477571151616,223.54769435597734,226.37716674804688,44633700,0.0,0.0
2024-11-19 00:00:00-05:00,225.34466282087314,228.50175961033486,225.02697621656037,226.6352996826172,36211800,0.0,0.0
2024-11-20 00:00:00-05:00,226.4168829534927,228.27340522879027,224.26251907255318,227.35011291503906,35169600,0.0,0.0
2024-11-21 00:00:00-05:00,227.2309725554499,228.50174921258224,224.08381355701644,226.87356567382812,42108300,0.0,0.0
2024-11-22 00:00:00-05:00,226.41689485035167,229.05773399756174,226.41689485035167,228.21385192871094,38168300,0.0,0.0
2024-11-25 00:00:00-05:00,229.79238523732437,231.56948199204686,228.0847762696763,231.1922149658203,90152800,0.0,0.0
2024-11-26 00:00:00-05:00,231.64893863936055,233.87280565588551,231.64893863936055,233.36647033691406,45986200,0.0,0.0
2024-11-27 00:00:00-05:00,232.78070364946953,233.99191506726265,232.12545514826604,233.2373809814453,33498400,0.0,0.0
2024-11-29 00:00:00-05:00,233.11825362062933,236.0966394139658,232.28430923421996,235.62010192871094,28481400,0.0,0.0
2024-12-02 00:00:00-05:00,235.5605381566453,239.0551666028684,235.45133007089746,237.8638153076172,48137100,0.0,0.0
2024-12-03 00:00:00-05:00,238.08222901174219,241.01097200063165,237.17878168890522,240.90176391601562,38861000,0.0,0.0
2024-12-04 00:00:00-05:00,241.12019505186365,242.35126670496282,239.5118714775545,241.25918579101562,44383900,0.0,0.0
2024-12-05 00:00:00-05:00,242.2321233137982,242.77814859306412,240.38552350615552,241.28895568847656,40033900,0.0,0.0
2024-12-06 00:00:00-05:00,241.15989600483465,242.86750503393802,240.33587413565135,241.09039306640625,36870600,0.0,0.0
2024-12-09 00:00:00-05:00,240.08766321596437,245.4586888430206,240.00823778270345,244.9722137451172,44649200,0.0,0.0
2024-12-10 00:00:00-05:00,245.11122909402775,246.42172615122828,243.5723933612922,245.98489379882812,36914800,0.0,0.0
2024-12-11 00:00:00-05:00,246.17350623578653,248.9930409884295,244.48574226451257,244.71409606933594,45205800,0.0,0.0
2024-12-12 00:00:00-05:00,245.11122473397327,246.9479020514793,243.9099357862414,246.17352294921875,32777500,0.0,0.0
2024-12-13 00:00:00-05:00,246.0345210589055,247.49391610940148,244.46590277835176,246.34228515625,33155300,0.0,0.0
2024-12-16 00:00:00-05:00,246.20329464964811,249.56886987487528,245.86573275817128,249.23130798339844,51694800,0.0,0.0
2024-12-17 00:00:00-05:00,248.2782345553336,252.0012166921119,247.98039295462073,251.6537322998047,51356400,0.0,0.0
2024-12-18 00:00:00-05:00,250.34326772719038,252.4479889260113,245.95511429725673,246.26287841796875,56774100,0.0,0.0
2024-12-19 00:00:00-05:00,245.71683140567848,250.184410158509,245.3097817058068,247.99032592773438,60882300,0.0,0.0
2024-12-20 00:00:00-05:00,246.25292226826556,253.16278373693368,243.9198625662762,252.65646362304688,147495300,0.0,0.0
2024-12-23 00:00:00-05:00,252.9344343151273,253.8080837794399,251.6239373953799,253.4308319091797,40858800,0.0,0.0
2024-12-24 00:00:00-05:00,253.64927033575188,256.34965954757746,253.45069916161225,256.3397521972656,23234700,0.0,0.0
2024-12-26 00:00:00-05:00,256.329771467171,258.2260137599804,255.77380863027113,257.1537780761719,27237100,0.0,0.0
2024-12-27 00:00:00-05:00,255.97238682838486,256.836144148833,251.2367643772991,253.74853515625,42355300,0.0,0.0
2024-12-30 00:00:00-05:00,250.4127477342041,251.67360197393796,248.9434149702759,250.38296508789062,35557500,0.0,0.0
2024-12-31 00:00:00-05:00,250.6212189481796,251.45516326793145,247.6328957457903,248.6157684326172,39480700,0.0,0.0
2025-01-02 00:00:00-05:00,247.13651085819407,247.30529937932678,240.07775127221439,242.09312438964844,55740700,0.0,0.0
2025-01-03 00:00:00-05:00,241.60667419433594,242.42075849453866,240.147263834766,241.60667419433594,40244100,0.0,0.0
2025-01-06 00:00:00-05:00,242.54980162717402,245.54804748087855,241.4477983095151,243.23483276367188,45045600,0.0,0.0
2025-01-07 00:00:00-05:00,241.22939201717418,243.78088314896328,239.61114601786818,240.46495056152344,40856000,0.0,0.0
2025-01-08 00:00:00-05:00,240.17700647488417,241.95411831821167,238.32048434869313,240.95138549804688,37628900,0.0,0.0
2025-01-10 00:00:00-05:00,238.28077607985776,238.42970445265777,231.32128701842691,235.1435546875,61710900,0.0,0.0
2025-01-13 00:00:00-05:00,231.84746989306117,232.9792558543989,228.06492247356016,232.71119689941406,49630700,0.0,0.0
2025-01-14 00:00:00-05:00,233.05869925952226,234.41882398797216,230.79512716232853,231.5992889404297,39435300,0.0,0.0
2025-01-15 00:00:00-05:00,232.94947976770305,237.2383625727966,232.74098609709984,236.1562042236328,39832000,0.0,0.0
2025-01-16 00:00:00-05:00,235.63998458586752,236.29521800986595,226.38712456587973,226.61546325683594,71759100,0.0,0.0
2025-01-17 00:00:00-05:00,230.44762501944012,230.61639839146835,226.83385097126646,228.3230438232422,68488300,0.0,0.0
2025-01-21 00:00:00-05:00,222.38615194982364,222.80312416686704,217.79944241349193,221.03594970703125,98070400,0.0,0.0
2025-01-22 00:00:00-05:00,218.2064751614249,222.5052806842356,218.2064751614249,222.21737670898438,64126500,0.0,0.0
2025-01-23 00:00:00-05:00,223.1208199792776,225.394314538592,220.69839703644928,222.04859924316406,60234800,0.0,0.0
2025-01-24 00:00:00-05:00,223.16053267311034,224.00441476166836,219.8148172645265,221.17494201660156,54697900,0.0,0.0
2025-01-27 00:00:00-05:00,222.4059977899183,230.47741293083342,222.36627749626697,228.20391845703125,94863400,0.0,0.0
2025-01-28 00:00:00-05:00,229.1867797612423,238.4594833656038,229.14705946957608,236.5433807373047,75707600,0.0,0.0
2025-01-29 00:00:00-05:00,232.43324490532586,238.131895727024,232.32403680973889,237.635498046875,45486100,0.0,0.0
2025-01-30 00:00:00-05:00,236.9504709477128,239.0551923005359,235.50099817981376,235.8782501220703,55658300,0.0,0.0
2025-01-31 00:00:00-05:00,245.40906406001392,245.40906406001392,231.75812916176676,234.2996826171875,100959800,0.0,0.0
2025-02-03 00:00:00-05:00,228.33299411580026,230.15973381299622,224.0738938399255,226.36724853515625,73063300,0.0,0.0
2025-02-04 00:00:00-05:00,225.61271003037928,231.45035067549782,225.0170268486458,231.1227264404297,45067300,0.0,0.0
2025-02-05 00:00:00-05:00,226.8835194075747,230.9936915376493,226.62539807097704,230.79513549804688,39620300,0.0,0.0
2025-02-06 00:00:00-05:00,229.6235855767699,232.11551112022605,228.76978113438386,231.53968811035156,29925300,0.0,0.0
2025-02-07 00:00:00-05:00,230.9241838961893,232.31409120281862,225.62264568638093,225.989990234375,39707200,0.0,0.0
2025-02-10 00:00:00-05:00,228.16660736242451,229.1803610121675,225.81108525741098,226.25833129882812,33115600,0.25,0.0
2025-02-11 00:00:00-05:00,226.8049592810601,233.7919821040532,226.7353950927951,231.19793701171875,53718400,0.0,0.0
2025-02-12 00:00:00-05:00,229.78661520122571,235.51141262786788,229.26978984120754,235.4219512939453,45243300,0.0,0.0
2025-02-13 00:00:00-05:00,235.4617298072221,240.85852795215618,234.1299251101732,240.05348205566406,53614100,0.0,0.0
2025-02-14 00:00:00-05:00,239.77519417214083,244.04891051069433,239.51678905976664,243.10472106933594,40896200,0.0,0.0
2025-02-18 00:00:00-05:00,242.65747382373942,243.6811760890431,240.3615975750387,242.97552490234375,48822500,0.0,0.0
2025-02-19 00:00:00-05:00,243.16433914739287,244.50607717853558,241.67350900245088,243.373046875,32204200,0.0,0.0
2025-02-20 00:00:00-05:00,243.4426355672204,245.27138364211797,242.7966000469895,244.3271942138672,32316900,0.0,0.0
2025-02-21 00:00:00-05:00,244.44646835255205,247.16972378813352,243.72093519653038,244.04891967773438,53197400,0.0,0.0
2025-02-24 00:00:00-05:00,243.43269920852308,247.33868242018207,242.92582237394555,245.58944702148438,51326400,0.0,0.0
2025-02-25 00:00:00-05:00,246.48392314447185,248.4716967182176,243.41281661275679,245.52978515625,48013300,0.0,0.0
2025-02-26 00:00:00-05:00,242.83637220684057,243.48239258336395,237.66816369812489,238.89064025878906,44433600,0.0,0.0
2025-02-27 00:00:00-05:00,237.94646720738686,240.97782529617328,235.61082691795045,235.849365234375,41153600,0.0,0.0
2025-02-28 00:00:00-05:00,235.5014815283524,240.61005923211764,228.7927454203557,240.36158752441406,56833400,0.0,0.0
2025-03-03 00:00:00-05:00,240.31188380351972,242.5381957053339,234.66661403302143,236.5748748779297,47184000,0.0,0.0
2025-03-04 00:00:00-05:00,236.25683384188991,238.60240725621293,233.24534293735957,234.48770141601562,53798100,0.0,0.0
2025-03-05 00:00:00-05:00,233.98082285378285,235.1039197629907,227.82866128733946,234.2988739013672,47227600,0.0,0.0
2025-03-06 00:00:00-05:00,233.00682927336524,236.4059203890797,231.73465535282332,233.89138793945312,45170400,0.0,0.0
2025-03-07 00:00:00-05:00,233.67273718007357,239.89446338205195,233.32487071745646,237.60853576660156,46273600,0.0,0.0
2025-03-10 00:00:00-04:00,234.10011191080184,234.71633209649934,222.84932017741133,226.08938598632812,72071200,0.0,0.0
2025-03-11 00:00:00-04:00,222.44182022291236,224.45940937640347,216.12069905845206,219.48997497558594,76137400,0.0,0.0
2025-03-12 00:00:00-04:00,218.79423505763873,220.39439337943787,213.59621144659917,215.65354919433594,62547500,0.0,0.0
2025-03-13 00:00:00-04:00,214.6298526174969,215.5144112677834,207.14588618522245,208.39817810058594,61368300,0.0,0.0
2025-03-14 00:00:00-04:00,209.95860913307365,212.6421007492463,208.29881981801313,212.18492126464844,60107600,0.0,0.0
2025-03-17 00:00:00-04:00,212.00600336087763,213.9043309003415,208.68642489319868,212.69178771972656,48073400,0.0,0.0
2025-03-18 00:00:00-04:00,212.85080057479257,213.83473880015984,210.19712464056028,211.38978576660156,42432400,0.0,0.0
2025-03-19 00:00:00-04:00,212.91044076829724,217.4226803637017,212.443312738742,213.92420959472656,54385400,0.0,0.0
2025-03-20 00:00:00-04:00,212.68182480821145,216.16042833043304,210.92264106634573,212.79115295410156,48862900,0.0,0.0
2025-03-21 00:00:00-04:00,210.26669685360034,217.5021918152461,209.9884097524224,216.93568420410156,94127800,0.0,0.0
2025-03-24 00:00:00-04:00,219.64898417718916,220.1260455978378,217.24377992596973,219.38063049316406,44299500,0.0,0.0
2025-03-25 00:00:00-04:00,219.4204082670252,222.73005335992565,218.73462390108503,222.38218688964844,34493600,0.0,0.0
2025-03-26 00:00:00-04:00,222.14365782695532,223.6444367672013,219.12224829293882,220.17576599121094,34466100,0.0,0.0
2025-03-27 00:00:00-04:00,220.03662935170198,223.61462840697533,219.21170137047196,222.48159790039062,37094800,0.0,0.0
2025-03-28 00:00:00-04:00,220.31488968867507,222.44180687800483,216.34927581514728,216.56793212890625,39818600,0.0,0.0
2025-03-31 00:00:00-04:00,215.683368745432,224.24073468961828,214.90813825561798,220.77207946777344,65299300,0.0,0.0
2025-04-01 00:00:00-04:00,218.46626491168394,222.31260214779184,217.5618242432653,221.8256072998047,36412700,0.0,0.0
2025-04-02 00:00:00-04:00,219.96705040499884,223.81338775742097,219.66888130946384,222.52133178710938,35905900,0.0,0.0
2025-04-03 00:00:00-04:00,204.2835010267849,206.22159255986557,200.01973301812973,201.9478759765625,103419000,0.0,0.0
2025-04-04 00:00:00-04:00,192.70471987275084,198.65810753704542,186.19475800144227,187.22840881347656,125910900,0.0,0.0
2025-04-07 00:00:00-04:00,176.11672557211514,192.96310261722135,173.5524959881376,180.35069274902344,160466300,0.0,0.0
2025-04-08 00:00:00-04:00,185.55865310846366,189.17640027021665,168.17558356470508,171.36595153808594,120859500,0.0,0.0
2025-04-09 00:00:00-04:00,170.89883496621582,199.38363475051753,170.83920418374143,197.6343994140625,184395900,0.0,0.0
2025-04-10 00:00:00-04:00,187.9141974958541,193.5892830219747,181.88129692496375,189.2559356689453,121880000,0.0,0.0
2025-04-11 00:00:00-04:00,184.96233608452022,198.32016168749274,184.92257212057936,196.93865966796875,87435900,0.0,0.0
2025-04-14 00:00:00-04:00,210.14743595954587,211.63826622013798,199.9302804535287,201.28196716308594,101352900,0.0,0.0
2025-04-15 00:00:00-04:00,200.6260097569118,202.26591707175376,198.57860517432977,200.904296875,51343900,0.0,0.0
2025-04-16 00:00:00-04:00,197.1473753495745,199.4730666932086,191.19398828729797,193.08238220214844,59732400,0.0,0.0
2025-04-17 00:00:00-04:00,195.9944894564487,197.61452992177487,193.2314851467638,195.7758331298828,52164700,0.0,0.0
2025-04-21 00:00:00-04:00,192.0885304389909,192.6152892965427,188.64967500212322,191.9792022705078,46742500,0.0,0.0
2025-04-22 00:00:00-04:00,194.92107095045932,200.35763286451953,194.7719939992729,198.51895141601562,52976400,0.0,0.0
2025-04-23 00:00:00-04:00,204.7406939661261,206.72846769395255,201.56025903470575,203.34925842285156,52929200,0.0,0.0
2025-04-24 00:00:00-04:00,203.63745452212558,207.55337072286264,201.69937840299403,207.09617614746094,47311000,0.0,0.0
2025-04-25 00:00:00-04:00,205.10842646651815,208.46776890662989,204.9394675201618,208.00064086914062,38222300,0.0,0.0
2025-04-28 00:00:00-04:00,208.71623364812058,210.2070638884643,206.1917677806294,208.85537719726562,38743100,0.0,0.0
2025-04-29 00:00:00-04:00,207.41425458581946,210.94255602883885,207.096203506044,209.91885375976562,36827600,0.0,0.0
2025-04-30 00:00:00-04:00,208.02050829648644,212.2743425468257,205.40658118436113,211.20094299316406,52286500,0.0,0.0
2025-05-01 00:00:00-04:00,207.80185982414434,213.2483553954001,207.62295230903422,212.0159454345703,57365700,0.0,0.0
2025-05-02 00:00:00-04:00,204.83013207172814,205.72463931330321,200.92416412992952,204.09466552734375,101010600,0.0,0.0
2025-05-05 00:00:00-04:00,201.85841873478097,202.85230555244996,196.99831280299983,197.6741485595703,69018500,0.0,0.0
2025-05-06 00:00:00-04:00,196.99832434112832,199.42339557924856,195.81559653234874,197.29647827148438,51216500,0.0,0.0
2025-05-07 00:00:00-04:00,197.95242524507105,198.22077891807172,192.0686174137577,195.05027770996094,68536700,0.0,0.0
2025-05-08 00:00:00-04:00,196.51130456752412,198.82706269335065,193.48988012199126,196.28271484375,50478900,0.0,0.0
2025-05-09 00:00:00-04:00,197.7834732241415,199.31405222350435,196.3323918231404,197.31634521484375,36453900,0.0,0.0
2025-05-12 00:00:00-04:00,209.95526516858178,210.2538252478288,205.75556156059073,209.776123046875,63775800,0.26,0.0
2025-05-13 00:00:00-04:00,209.4178625594749,212.3735786127325,207.99474788922345,211.9058380126953,51909300,0.0,0.0
2025-05-14 00:00:00-04:00,211.40822571910564,212.9109724892217,209.56713314477625,211.3087158203125,49325800,0.0,0.0
2025-05-15 00:00:00-04:00,209.93535780893234,211.93569971673273,208.53213606160298,210.43295288085938,45029500,0.0,0.0
2025-05-16 00:00:00-04:00,211.33858120774948,211.54757782116647,208.7610423595207,210.24386596679688,54737900,0.0,0.0
2025-05-19 00:00:00-04:00,206.909976827966,208.4724173847277,203.27752386063855,207.77578735351562,46140500,0.0,0.0
2025-05-20 00:00:00-04:00,206.67113760639387,207.46729276724128,204.04383620537516,205.8650360107422,42496600,0.0,0.0
2025-05-21 00:00:00-04:00,204.1831685508297,206.04416933851562,199.74462882701684,201.11798095703125,59211800,0.0,0.0
2025-05-22 00:00:00-04:00,199.7446272097534,201.77480849030061,198.7394754118135,200.39149475097656,46742400,0.0,0.0
2025-05-23 00:00:00-04:00,192.7384848883374,196.74910019358438,192.5295034494263,194.33079528808594,78432900,0.0,0.0
2025-05-27 00:00:00-04:00,197.34622283817185,199.77448939448533,196.4803970243206,199.24703979492188,56288500,0.0,0.0
2025-05-28 00:00:00-04:00,199.6252046868552,201.75491117265972,198.93852099816252,199.45602416992188,45339700,0.0,0.0
2025-05-29 00:00:00-04:00,202.60079553265004,202.8296849960031,197.55517460719432,198.98825073242188,51396800,0.0,0.0
2025-05-30 00:00:00-04:00,198.41103419314425,200.98858794774708,195.83349562393636,199.88392639160156,70819900,0.0,0.0
2025-06-02 00:00:00-04:00,199.31667499872813,201.15778278546435,199.15744093584797,200.72984313964844,35423300,0.0,0.0
2025-06-03 00:00:00-04:00,200.38153417950807,202.78989241693247,199.99341064507593,202.29229736328125,46381600,0.0,0.0
2025-06-04 00:00:00-04:00,201.93404589483336,205.24803106286797,201.12794426741362,201.844482421875,43604000,0.0,0.0
2025-06-05 00:00:00-04:00,202.52119947175674,203.76518718349973,199.18730633012683,199.66500854492188,55126100,0.0,0.0
2025-06-06 00:00:00-04:00,202.0236053289331,204.7106157617459,201.07817770068002,202.93917846679688,46607700,0.0,0.0
2025-06-09 00:00:00-04:00,203.40692547634254,205.0091823144686,199.05794913802782,200.48106384277344,72862600,0.0,0.0
2025-06-10 00:00:00-04:00,199.63515466910712,203.36711781582227,199.60530017876516,201.6951904296875,54672600,0.0,0.0
2025-06-11 00:00:00-04:00,202.5211970741936,203.51638723180633,197.45568281643992,197.8238983154297,60989900,0.0,0.0
2025-06-12 00:00:00-04:00,198.12247961063645,198.7195846578917,196.41075114145443,198.2418975830078,43904600,0.0,0.0
2025-06-13 00:00:00-04:00,198.769334334526,199.40625545491926,194.7587190445596,195.50511169433594,51447300,0.0,0.0
2025-06-16 00:00:00-04:00,196.3510290449251,197.73434281232372,195.61458283187793,197.46563720703125,43020700,0.0,0.0
2025-06-17 00:00:00-04:00,196.2515147499311,197.43579358003367,194.27109586617135,194.6990203857422,38856200,0.0,0.0
2025-06-18 00:00:00-04:00,194.9975546383106,196.6197193940347,194.13174409281177,195.6344757080078,45394700,0.0,0.0
2025-06-20 00:00:00-04:00,197.28649906078425,200.72984844555882,195.9131318065836,200.03321838378906,96813500,0.0,0.0
2025-06-23 00:00:00-04:00,200.6602023375907,201.3269779408771,198.00304635957568,200.53082275390625,55814300,0.0,0.0
2025-06-24 00:00:00-04:00,201.61557243039425,202.46149014710028,199.23706853700068,199.3365936279297,54064000,0.0,0.0
2025-06-25 00:00:00-04:00,200.4810436177515,202.6903668657116,199.65503400834336,200.59051513671875,39525700,0.0,0.0
2025-06-26 00:00:00-04:00,200.4611428555203,201.66532960796235,198.50063224789568,200.03321838378906,50799100,0.0,0.0
2025-06-27 00:00:00-04:00,200.91894034324127,202.24254507531293,199.03803155248616,200.1128387451172,73188600,0.0,0.0
2025-06-30 00:00:00-04:00,201.03836190454115,206.39248990855162,198.3015889216639,204.18316650390625,91912800,0.0,0.0
2025-07-01 00:00:00-04:00,205.6759567295316,209.17903048404247,205.14850713857425,206.8204345703125,78788900,0.0,0.0
2025-07-02 00:00:00-04:00,207.90519262679368,212.31387801499196,207.13889190503232,211.418212890625,67941800,0.0,0.0
2025-07-03 00:00:00-04:00,211.12956719850303,213.61754237258577,210.79120621932267,212.52284240722656,34955800,0.0,0.0
2025-07-07 00:00:00-04:00,211.65705062020388,215.18997897032483,207.7957228576545,208.940185546875,50229000,0.0,0.0
2025-07-08 00:00:00-04:00,209.08944131875765,210.41303075844314,207.447368579945,208.99986267089844,42848900,0.0,0.0
2025-07-09 00:00:00-04:00,208.52217876921287,210.3135239719546,206.22329208627588,210.1244354248047,48749400,0.0,0.0
2025-07-10 00:00:00-04:00,209.49748097232364,212.45319704499605,209.0197939340788,211.3883514404297,44443600,0.0,0.0
2025-07-11 00:00:00-04:00,209.55718962168862,211.1096837700706,208.85059795908091,210.14434814453125,39765800,0.0,0.0
2025-07-14 00:00:00-04:00,208.92025854176603,209.89555581124029,206.54175471753558,207.61656188964844,38840100,0.0,0.0
2025-07-15 00:00:00-04:00,208.21368905566166,210.87084499335577,207.9151289669034,208.10421752929688,42296300,0.0,0.0
2025-07-16 00:00:00-04:00,209.28849593835915,211.37838618562168,207.63647661047767,209.149169921875,47490500,0.0,0.0
2025-07-17 00:00:00-04:00,209.55721484346458,210.78129457926272,208.5819174807461,209.00985717773438,48068100,0.0,0.0
2025-07-18 00:00:00-04:00,209.85573909301036,210.77131219576944,208.69136845628208,210.16424560546875,48974600,0.0,0.0
2025-07-21 00:00:00-04:00,211.07984586548804,214.74213848423943,210.61210526026528,211.4580078125,51377400,0.0,0.0
2025-07-22 00:00:00-04:00,212.1148250502387,213.91611676733493,211.20919838168209,213.36875915527344,46404100,0.0,0.0
2025-07-23 00:00:00-04:00,213.9658669821171,214.1151394198069,211.38832832203676,213.1199493408203,46989300,0.0,0.0
2025-07-24 00:00:00-04:00,212.87116805528336,214.65256693634578,212.50295255730364,212.73184204101562,46022600,0.0,0.0
2025-07-25 00:00:00-04:00,213.66733592091674,214.20474714033003,212.37358560556336,212.85128784179688,40268800,0.0,0.0
2025-07-28 00:00:00-04:00,213.00053872316795,213.8166019050196,212.03520309848784,213.02044677734375,37858000,0.0,0.0
2025-07-29 00:00:00-04:00,213.14983725799084,213.77681196541135,209.80601264614248,210.25384521484375,51411700,0.0,0.0
2025-07-30 00:00:00-04:00,210.88077731884883,211.36842593737322,206.72088996610802,208.04449462890625,45512500,0.0,0.0
2025-07-31 00:00:00-04:00,207.48718253646683,208.83068001568543,206.16357792510368,206.5716094970703,80698400,0.0,0.0
2025-08-01 00:00:00-04:00,209.8557561748323,212.5527283441607,200.530828701964,201.40660095214844,104434500,0.0,0.0
2025-08-04 00:00:00-04:00,203.5263267271778,206.88012777005082,200.70993685491413,202.37191772460938,75109300,0.0,0.0
2025-08-05 00:00:00-04:00,202.42167200915333,204.35234334482283,201.18764593221573,201.94398498535156,44155100,0.0,0.0
2025-08-06 00:00:00-04:00,204.6409599471833,214.3440641251077,204.60114383647723,212.22430419921875,108483100,0.0,0.0
2025-08-07 00:00:00-04:00,217.82723230897543,219.78775818606874,215.53829184895108,218.97169494628906,90224800,0.0,0.0
2025-08-08 00:00:00-04:00,219.76784743364436,229.88892965735022,218.19544514014734,228.2468719482422,113854000,0.0,0.0
2025-08-11 00:00:00-04:00,227.08116933177635,228.71513292468896,223.9327956372812,226.34388732910156,61806100,0.26,0.0
2025-08-12 00:00:00-04:00,227.17081559543826,229.95055565919736,226.23428798669784,228.80477905273438,55626200,0.0,0.0
2025-08-13 00:00:00-04:00,230.2195756343437,234.1351043372746,229.58191650034667,232.47125244140625,69878500,0.0,0.0
2025-08-14 00:00:00-04:00,233.1985666998313,234.25466305951576,230.0003892485326,231.92327880859375,51916300,0.0,0.0
2025-08-15 00:00:00-04:00,233.1387895567921,233.417757832359,228.49593650929467,230.73765563964844,56038700,0.0,0.0
2025-08-18 00:00:00-04:00,230.8472538899505,232.26202593201924,229.26310933608104,230.0402374267578,37476200,0.0,0.0
2025-08-19 00:00:00-04:00,230.42880766374827,232.0129522601839,228.50591803460907,229.71145629882812,39402600,0.0,0.0
2025-08-20 00:00:00-04:00,229.13358225147155,229.6217843388592,224.93908515924198,225.17819213867188,42263900,0.0,0.0
2025-08-21 00:00:00-04:00,225.43723377620466,225.6863136691638,222.95639256938466,224.072265625,30621200,0.0,0.0
2025-08-22 00:00:00-04:00,225.33760837029214,228.2468598588307,224.58041092619504,226.9217529296875,42477800,0.0,0.0
2025-08-25 00:00:00-04:00,225.6464693442017,228.45609804536198,225.3973894325087,226.323974609375,30983100,0.0,0.0
2025-08-26 00:00:00-04:00,226.03501179732243,228.64537936019502,223.8630424721864,228.46603393554688,54575100,0.0,0.0
2025-08-27 00:00:00-04:00,227.7686378094015,230.05020313892598,227.41991984776428,229.6417236328125,31259500,0.0,0.0
2025-08-28 00:00:00-04:00,229.9704999102399,232.55096405412047,228.4959359400532,231.70408630371094,38074700,0.0,0.0
2025-08-29 00:00:00-04:00,231.65424737322112,232.52105569809,230.5184437223928,231.28561401367188,39418400,0.0,0.0
2025-09-02 00:00:00-04:00,228.4062708029861,230.00038826150748,226.1346633063032,228.87454223632812,44075600,0.0,0.0
2025-09-03 00:00:00-04:00,236.33698891571112,237.9709525201245,233.49747185558658,237.59234619140625,66427800,0.0,0.0
2025-09-04 00:00:00-04:00,237.57239985348932,239.0170601981439,235.8687018920251,238.8975067138672,47549400,0.0,0.0
2025-09-05 00:00:00-04:00,239.1167027112504,240.43185187342493,237.61226559630578,238.80784606933594,54870400,0.0,0.0
2025-09-08 00:00:00-04:00,238.41928864081726,239.2661511981365,235.47017586985078,237.0045166015625,48999500,0.0,0.0
2025-09-09 00:00:00-04:00,236.12774389612645,237.90119155812317,232.5011411802574,233.4875030517578,66313900,0.0,0.0
2025-09-10 00:00:00-04:00,231.33547301291114,231.56462228661692,225.11843262708078,225.95533752441406,83440800,0.0,0.0
2025-09-11 00:00:00-04:00,226.04500979013486,229.60186307827533,225.81584532196928,229.18341064453125,50208600,0.0,0.0
2025-09-12 00:00:00-04:00,228.37637066624734,233.6468944473401,228.17710979485463,233.20852661132812,55824200,0.0,0.0
2025-09-15 00:00:00-04:00,236.12775635652346,237.31337916896246,234.16500543557729,235.828857421875,42699500,0.0,0.0
2025-09-16 00:00:00-04:00,236.30708253667353,240.33222235518573,235.45026224943368,237.2735137939453,63421100,0.0,0.0
2025-09-17 00:00:00-04:00,238.09051246512186,239.21635855568803,236.85507060288438,238.11044311523438,46508000,0.0,0.0
2025-09-18 00:00:00-04:00,239.08682096339746,240.31228984200703,235.77903252032195,237.0045166015625,44249600,0.0,0.0
2025-09-19 00:00:00-04:00,240.34217704154452,245.3935247988757,239.32594197772087,244.59646606445312,163741300,0.0,0.0
2025-09-22 00:00:00-04:00,247.38616206443075,255.69547916115815,247.2068166293636,255.13751220703125,105517400,0.0,0.0
2025-09-23 00:00:00-04:00,254.9382669065294,256.3928850249964,252.64672876089196,253.49359130859375,60275200,0.0,0.0
2025-09-24 00:00:00-04:00,254.28068708944184,254.7987775332095,250.11606329601622,251.3813934326172,42303700,0.0,0.0
2025-09-25 00:00:00-04:00,252.27808820484515,256.22352044118514,250.7836088309123,255.9246063232422,55202100,0.0,0.0
2025-09-26 00:00:00-04:00,253.16481067495934,256.6519291955366,252.84598111295833,254.51980590820312,46076300,0.0,0.0
2025-09-29 00:00:00-04:00,253.62311772285494,254.06150078407975,252.07881928540593,253.49359130859375,40127700,0.0,0.0
2025-09-30 00:00:00-04:00,253.9220050782957,254.97810138533342,252.1784458386236,253.69285583496094,37704300,0.0,0.0
2025-10-01 00:00:00-04:00,254.10134722927504,257.83756097799323,253.9917514638179,254.5098419189453,48713900,0.0,0.0
2025-10-02 00:00:00-04:00,255.63566078088252,257.229778167004,253.21461153357077,256.18365478515625,42630200,0.0,0.0
2025-10-03 00:00:00-04:00,253.73271197999827,258.2858846694617,253.01536064819075,257.07037353515625,49155600,0.0,0.0
2025-10-06 00:00:00-04:00,257.0404883747525,258.1165305885388,254.1113214696764,255.7452850341797,44664100,0.0,0.0
2025-10-07 00:00:00-04:00,255.86484387966763,256.45266881763376,254.48991791397023,255.53607177734375,31955800,0.0,0.0
2025-10-08 00:00:00-04:00,255.5758888188916,257.56852798749276,255.16739414069707,257.1102294921875,36496900,0.0,0.0
2025-10-09 00:00:00-04:00,256.8611554198282,257.0504585775582,252.2083446799687,253.1050262451172,38322000,0.0,0.0
2025-10-10 00:00:00-04:00,254.00171816056968,255.436420799504,243.10197943699816,244.3673095703125,61999100,0.0,0.0
2025-10-13 00:00:00-04:00,248.46219085423505,248.7710475029622,244.6562426215344,246.74851989746094,38142900,0.0,0.0
2025-10-14 00:00:00-04:00,245.69241642712313,247.93413549962378,243.79940008876653,246.8581085205078,35478000,0.0,0.0
2025-10-15 00:00:00-04:00,248.57178982967116,250.89321639065437,246.559219921403,248.42233276367188,33893600,0.0,0.0
2025-10-16 00:00:00-04:00,247.33635013275978,248.1234359576197,244.22783772705108,246.53929138183594,39777000,0.0,0.0
2025-10-17 00:00:00-04:00,247.1072067041429,252.4474806979352,246.3599669580113,251.36148071289062,49147000,0.0,0.0
2025-10-20 00:00:00-04:00,254.94822099113512,263.4069798400544,254.68918336894043,261.27484130859375,90483000,0.0,0.0
2025-10-21 00:00:00-04:00,260.91620875530236,264.3136625920602,260.86637452698056,261.80291748046875,46695900,0.0,0.0
2025-10-22 00:00:00-04:00,261.68336485657886,261.882640960004,254.48993535873984,257.49884033203125,45015300,0.0,0.0
2025-10-23 00:00:00-04:00,258.98332466328685,259.6608147081683,257.0604350924048,258.6246337890625,32754900,0.0,0.0
2025-10-24 00:00:00-04:00,260.2287163700197,263.15789839957887,258.22610426270086,261.85272216796875,38253700,0.0,0.0
2025-10-27 00:00:00-04:00,263.90517991319996,268.12956591820625,263.67601542509226,267.8207092285156,44888200,0.0,0.0
2025-10-28 00:00:00-04:00,268.00000632210845,268.89671830922975,267.1631014853557,268.0099792480469,41534800,0.0,0.0
2025-10-29 00:00:00-04:00,268.28892986747474,270.4110953948544,266.1269030442272,268.7073974609375,51086700,0.0,0.0
2025-10-30 00:00:00-04:00,270.98897852374654,273.131090148023,267.49191714200913,270.4011535644531,69886500,0.0,0.0
2025-10-31 00:00:00-04:00,275.9705701844509,276.29937269597025,268.16940070155243,269.37493896484375,86167100,0.0,0.0
2025-11-03 00:00:00-05:00,269.424736694289,269.8531467885877,265.2700709373508,268.05975341796875,50194600,0.0,0.0
2025-11-04 00:00:00-05:00,267.3424445625432,270.49081837885313,266.6350661079627,269.0461730957031,49274800,0.0,0.0
2025-11-05 00:00:00-05:00,267.6214146886098,270.7000692568828,265.94760492323326,269.14581298828125,43683100,0.0,0.0
2025-11-06 00:00:00-05:00,266.90407480138714,272.3937751745226,266.90407480138714,268.7771301269531,51204000,0.0,0.0
2025-11-07 00:00:00-05:00,268.8069946610708,271.28785094446636,265.78814772800683,267.4819030761719,48227400,0.0,0.0
2025-11-10 00:00:00-05:00,268.22988302493957,272.9869540449525,266.7339548671466,268.6986083984375,41312400,0.26,0.0
2025-11-11 00:00:00-05:00,269.0776024957972,275.1610502271484,269.06761990152603,274.5028381347656,46208300,0.0,0.0
2025-11-12 00:00:00-05:00,274.25347600982695,274.9815052844664,270.9624464716027,272.7276306152344,48398000,0.0,0.0
2025-11-13 00:00:00-05:00,273.36590026791555,275.9488963676571,271.3513946141157,272.2090759277344,49602800,0.0,0.0
2025-11-14 00:00:00-05:00,270.31420819279356,275.21088338895913,268.8681625557137,271.6705322265625,47431300,0.0,0.0
2025-11-17 00:00:00-05:00,268.09027174019775,269.7557213346742,265.00866346949266,266.73394775390625,45018300,0.0,0.0
2025-11-18 00:00:00-05:00,269.2570854665072,269.9751321987233,264.59977951795884,266.7140197753906,45677300,0.0,0.0
2025-11-19 00:00:00-05:00,264.80918960656476,271.47104873805114,264.77927226211665,267.8309631347656,40424500,0.0,0.0
2025-11-20 00:00:00-05:00,270.09480618650156,274.68232536305425,265.1981613886433,265.5272521972656,45823600,0.0,0.0
2025-11-21 00:00:00-05:00,265.22808167538,272.5880228442522,264.9488429624803,270.7530212402344,59030800,0.0,0.0
2025-11-24 00:00:00-05:00,270.164627965921,276.24807542504453,270.164627965921,275.1710205078125,65585800,0.0,0.0
2025-11-25 00:00:00-05:00,274.52274228722064,279.6188865292943,274.5028075356392,276.2181396484375,46914200,0.0,0.0
2025-11-26 00:00:00-05:00,276.2081750495132,278.7712060098946,275.8790842359358,276.79656982421875,33431400,0.0,0.0
2025-11-28 00:00:00-05:00,276.5073375714406,278.2426042891834,275.2407657367699,278.093017578125,20135600,0.0,0.0
2025-12-01 00:00:00-05:00,277.255303275414,282.650620542313,275.390384584981,282.33148193359375,46587700,0.0,0.0
2025-12-02 00:00:00-05:00,282.231773534172,286.619823290159,281.86278279875575,285.4131164550781,53669500,0.0,0.0
2025-12-03 00:00:00-05:00,285.4231155973949,287.8365294074879,282.5309633672564,283.378662109375,43538700,0.0,0.0
2025-12-04 00:00:00-05:00,283.32881389666403,283.9571086251454,277.8337611056945,279.93804931640625,43989100,0.0,0.0
2025-12-05 00:00:00-05:00,279.77848663840757,280.37686403379615,277.29522501275557,278.02325439453125,47265800,0.0,0.0
2025-12-08 00:00:00-05:00,277.374989388386,278.9108174051644,275.4003533668138,277.1356506347656,38211800,0.0,0.0
2025-12-09 00:00:00-05:00,277.40493251311347,279.2698514894354,276.16830825817004,276.4275817871094,32193300,0.0,0.0
2025-12-10 00:00:00-05:00,276.99605153243056,278.9906225605669,275.6896099437804,278.02325439453125,33038300,0.0,0.0
2025-12-11 00:00:00-05:00,278.342340640522,278.83100071126506,273.06669274298736,277.2752380371094,33248000,0.0,0.0
2025-12-12 00:00:00-05:00,277.14562382282355,278.4620479370953,276.0685689150702,277.52459716796875,39532900,0.0,0.0
2025-12-15 00:00:00-05:00,279.3894873363706,279.3894873363706,272.0993337942639,273.3658752441406,50409100,0.0,0.0
2025-12-16 00:00:00-05:00,272.07941349564567,274.752131096348,271.0522107383373,273.8645324707031,37648600,0.0,0.0
2025-12-17 00:00:00-05:00,274.2634587890498,275.41033087528734,270.9026119684932,271.10205078125,50138700,0.0,0.0
2025-12-18 00:00:00-05:00,272.86723904028526,272.8872042261758,266.22534517191764,271.45111083984375,51630700,0.0,0.0
2025-12-19 00:00:00-05:00,271.4112306527045,273.8545921928022,269.1673383776201,272.9271240234375,144632000,0.0,0.0
2025-12-22 00:00:00-05:00,272.1193204151364,273.1365711538121,269.775723721713,270.2344665527344,36571800,0.0,0.0
2025-12-23 00:00:00-05:00,270.1048034873943,271.7603010837797,268.8282792538215,271.62066650390625,29642000,0.0,0.0
2025-12-24 00:00:00-05:00,271.60073103225574,274.68233959340455,271.46112688748974,273.0667419433594,17910600,0.0,0.0
2025-12-26 00:00:00-05:00,273.4157529954652,274.6224597374741,272.11926379011726,272.6578063964844,21521800,0.0,0.0
2025-12-29 00:00:00-05:00,271.9497734782625,273.61522314661676,271.6107000753325,273.0168762207031,23715200,0.0,0.0
2025-12-30 00:00:00-05:00,272.06942798009953,273.3359694836473,271.54086793463244,272.33868408203125,22139600,0.0,0.0
2025-12-31 00:00:00-05:00,272.3187639976345,272.9370761103812,271.0123224859311,271.12200927734375,27293600,0.0,0.0
2026-01-02 00:00:00-05:00,271.52092924369913,277.0857683126949,268.2697691424855,270.2743225097656,37838100,0.0,0.0
2026-01-05 00:00:00-05:00,269.9053450243044,270.7729784841199,265.41756056202854,266.5345153808594,45647200,0.0,0.0
2026-01-06 00:00:00-05:00,266.27521573774703,266.82371056256306,261.40845786144683,261.6477966308594,52352100,0.0,0.0
2026-01-07 00:00:00-05:00,262.48552563718374,262.964203143993,259.1047135716701,259.623291015625,48309800,0.0,0.0
2026-01-08 00:00:00-05:00,256.32231677215987,258.5861744106298,255.00590778144198,258.33685302734375,50419300,0.0,0.0
2026-01-09 00:00:00-05:00,258.3767027680543,259.5036402038468,255.52448097015204,258.6659240722656,39997000,0.0,0.0
2026-01-12 00:00:00-05:00,258.45648066308013,260.5906555331263,256.1028713590674,259.54351806640625,45263800,0.0,0.0
2026-01-13 00:00:00-05:00,258.0176775418968,261.0992857475004,257.6885867541948,260.3413391113281,45730800,0.0,0.0
2026-01-14 00:00:00-05:00,258.78560808748875,261.10930037675524,256.0131555781144,259.25433349609375,40019400,0.0,0.0
2026-01-15 00:00:00-05:00,259.9424426175537,260.3313985459844,256.35220896361545,257.5090637207031,39388600,0.0,0.0
2026-01-16 00:00:00-05:00,257.1999111311508,258.1971965798445,254.23797213114116,254.8363494873047,72142800,0.0,0.0
2026-01-20 00:00:00-05:00,252.04394930256512,254.09835490933511,242.75922413209136,246.0303192138672,80267500,0.0,0.0
2026-01-21 00:00:00-05:00,248.02490552393743,250.8771427168815,244.51445623630568,246.97775268554688,54641700,0.0,0.0
2026-01-22 00:00:00-05:00,248.52352576906395,250.31864258405668,247.47637302553753,247.67584228515625,39708300,0.0,0.0
2026-01-23 00:00:00-05:00,246.6486524137701,248.7329754164565,244.01580413580567,247.36668395996094,41689000,0.0,0.0
2026-01-26 00:00:00-05:00,250.7973351598156,255.86354695988197,249.12190294519746,254.7166748046875,55969200,0.0,0.0
2026-01-27 00:00:00-05:00,258.4664593428383,261.23891141767155,257.50904348719195,257.5688781738281,49648300,0.0,0.0
2026-01-28 00:00:00-05:00,256.9505880888889,258.1572949521919,253.81911240916085,255.74388122558594,41288000,0.0,0.0
2026-01-29 00:00:00-05:00,257.29964922744847,258.94516415300217,253.7193980705993,257.5788879394531,67253000,0.0,0.0
2026-01-30 00:00:00-05:00,254.47732177254832,261.1890484668085,251.49543285360957,258.775634765625,92443400,0.0,0.0
2026-02-02 00:00:00-05:00,259.3241487899344,269.7557466562268,258.50636737104884,269.2770690917969,73913400,0.0,0.0
2026-02-03 00:00:00-05:00,268.4692659190308,271.1419837262723,266.88355520832346,268.7485046386719,64394700,0.0,0.0
2026-02-04 00:00:00-05:00,271.5508603406617,278.19278500760885,271.5508603406617,275.73944091796875,90545700,0.0,0.0
2026-02-05 00:00:00-05:00,277.3749854862336,278.7412615768201,272.48829324857786,275.1610107421875,52977400,0.0,0.0
2026-02-06 00:00:00-05:00,276.3677353153735,280.14745564173626,276.1782486476445,277.3650207519531,50453400,0.0,0.0
2026-02-09 00:00:00-05:00,277.41494619870406,277.70443813431814,271.2160169672847,274.13079833984375,44623400,0.26,0.0
2026-02-10 00:00:00-05:00,274.40031021957236,274.87943562430115,272.4537718732244,273.19244384765625,34376900,0.0,0.0
2026-02-11 00:00:00-05:00,274.2106536370846,279.6808719096702,273.9610989943363,275.00921630859375,51931300,0.0,0.0
2026-02-12 00:00:00-05:00,275.0990585104662,275.22883180172755,259.71650632997444,261.2637634277344,81077200,0.0,0.0
2026-02-13 00:00:00-05:00,261.5432690161623,261.7628783299504,254.9949421084194,255.32435607910156,56290700,0.0,0.0
2026-02-17 00:00:00-05:00,257.5903108294174,265.8156532326085,255.08478749757862,263.4099426269531,58469100,0.0,0.0
2026-02-18 00:00:00-05:00,263.13045584681157,266.3447212846438,261.9825104325609,263.8791198730469,34203300,0.0,0.0
2026-02-19 00:00:00-05:00,262.13220471573277,264.00886051677537,259.5867290635135,260.11578369140625,30845300,0.0,0.0
2026-02-20 00:00:00-05:00,258.50868117461044,264.2783836675007,257.7001265171608,264.1086730957031,42070500,0.0,0.0
2026-02-23 00:00:00-05:00,263.0206001676805,268.95002088588865,262.91081074777924,265.705810546875,37308200,0.0,0.0
2026-02-24 00:00:00-05:00,267.38283777638213,274.4003442568012,267.233111068832,271.6552429199219,47014600,0.0,0.0
2026-02-25 00:00:00-05:00,271.29586819299504,274.45024283739696,270.567157599074,273.74151611328125,33714300,0.0,0.0
2026-02-26 00:00:00-05:00,274.4602128097023,275.61811956353745,270.31758130113775,272.4637756347656,32345100,0.0,0.0
2026-02-27 00:00:00-05:00,272.3240439665745,272.3240439665745,262.4217314181026,263.70941162109375,72366500,0.0,0.0
2026-03-02 00:00:00-05:00,261.94253069595567,266.05518620599753,259.73647625260065,264.2484130859375,41827900,0.0,0.0
2026-03-03 00:00:00-05:00,263.0106738027697,265.08695529305965,259.6666350681776,263.2801818847656,38568900,0.0,0.0
2026-03-04 00:00:00-05:00,264.17854815272653,265.67587606267574,260.95432154975975,262.0523376464844,39803100,0.0,0.0
2026-03-05 00:00:00-05:00,260.3254337562426,261.09405110124777,256.79173142961054,259.8263244628906,49658600,0.0,0.0
2026-03-06 00:00:00-05:00,258.16927189629365,258.3090066542827,253.916851068475,257.0013427734375,41120000,0.0,0.0
2026-03-09 00:00:00-04:00,255.2345148744848,260.68477987096253,253.22808575123491,259.41705322265625,38218500,0.0,0.0
2026-03-10 00:00:00-04:00,257.19102845716964,262.01244158439727,256.4922936817907,260.3653564453125,30590800,0.0,0.0
2026-03-11 00:00:00-04:00,260.624897946549,261.6630538494394,259.08763272962494,260.34539794921875,26218900,0.0,0.0
2026-03-12 00:00:00-04:00,258.1992408199258,258.48873275942157,253.7272102811576,255.3043975830078,40794000,0.0,0.0
2026-03-13 00:00:00-04:00,255.024890934378,255.87336762960538,249.07551643845036,249.6744384765625,36930000,0.0,0.0
2026-03-16 00:00:00-04:00,251.66090222791988,253.43773019062647,249.4348789230203,252.36964416503906,32074200,0.0,0.0
2026-03-17 00:00:00-04:00,252.5093881906664,254.67552076289968,251.7307636559193,253.77711486816406,32361600,0.0,0.0
2026-03-18 00:00:00-04:00,252.1799767808244,254.48585937367065,248.55643828829037,249.49476623535156,35757900,0.0,0.0
2026-03-19 00:00:00-04:00,248.95572868612365,251.38140795985734,246.85947863088072,248.5165252685547,34864100,0.0,0.0
2026-03-20 00:00:00-04:00,247.53824109812177,248.75606899357115,245.56177255944445,247.54823303222656,88331100,0.0,0.0
2026-03-23 00:00:00-04:00,253.51758537106093,254.14646797882926,249.83415620831627,251.04200744628906,40546100,0.0,0.0
2026-03-24 00:00:00-04:00,249.90403139868116,254.37604644028636,249.10545347620703,251.1917266845703,45152300,0.0,0.0
2026-03-25 00:00:00-04:00,253.6473574345128,254.5457480998694,251.15181088451408,252.16998291015625,28476700,0.0,0.0
2026-03-26 00:00:00-04:00,251.67088153367666,256.5421934269488,250.32329549316128,252.43951416015625,41796700,0.0,0.0
2026-03-27 00:00:00-04:00,253.4477020992108,255.03488128462607,247.6281009352486,248.35679626464844,47900000,0.0,0.0
2026-03-30 00:00:00-04:00,249.62453299565456,250.4230956915925,245.07264337813007,246.19065856933594,39446200,0.0,0.0
2026-03-31 00:00:00-04:00,247.4683905467953,255.02489784868362,246.65983587287727,253.33790588378906,49598100,0.0,0.0
2026-04-01 00:00:00-04:00,253.6273948962928,255.72364490973627,252.8787309132899,255.1746368408203,40059400,0.0,0.0
2026-04-02 00:00:00-04:00,253.74717405681358,255.6737439434535,250.20349485503914,255.464111328125,31289400,0.0,0.0
2026-04-06 00:00:00-04:00,256.0530752925303,261.6930045642991,256.0031460821725,258.39886474609375,29329900,0.0,0.0
2026-04-07 00:00:00-04:00,255.70368128016966,255.7436185540334,245.2623079794448,253.0484161376953,62148000,0.0,0.0
2026-04-08 00:00:00-04:00,257.9896321241455,259.28730423338584,256.07303883918246,258.4388122558594,41032800,0.0,0.0
2026-04-09 00:00:00-04:00,258.5386343954405,260.6548530924392,255.61386101634736,260.0259704589844,28121600,0.0,0.0
2026-04-10 00:00:00-04:00,259.5168819122501,261.7229364827484,258.5585701252562,260.0159912109375,31291500,0.0,0.0
2026-04-13 00:00:00-04:00,259.2673359057164,259.71651601158027,256.2027973984465,258.73828125,36234700,0.0,0.0
2026-04-14 00:00:00-04:00,258.7881922504944,261.4634109961452,256.7318642110386,258.3689270019531,48370700,0.0,0.0
2026-04-15 00:00:00-04:00,257.7001261657452,266.08515659729386,257.35074355126085,265.95538330078125,49913500,0.0,0.0
2026-04-16 00:00:00-04:00,266.3247234477873,266.68409800240715,260.80457553569033,262.9307861328125,43323100,0.0,0.0
2026-04-17 00:00:00-04:00,266.4844323486072,271.8149160854778,266.24486962975914,269.7486267089844,61436200,0.0,0.0
2026-04-20 00:00:00-04:00,269.84841238867654,273.7913879220191,269.80850557942483,272.5635681152344,36590200,0.0,0.0
2026-04-21 00:00:00-04:00,271.0163536236942,272.3140256362382,264.9272139873882,265.69586181640625,50209800,0.0,0.0
2026-04-22 00:00:00-04:00,267.3429346055621,273.2523721409737,266.39461467279705,272.68341064453125,43249200,0.0,0.0
2026-04-23 00:00:00-04:00,274.56001085217736,275.2787294551341,271.1660737405759,272.9429016113281,33399600,0.0,0.0
2026-04-24 00:00:00-04:00,272.2741016414235,272.5735550213531,269.16962610782736,270.5771179199219,38157100,0.0,0.0
2026-04-27 00:00:00-04:00,265.6159889280984,267.88193422863776,264.59781690250213,267.1332702636719,41466800,0.0,0.0
2026-04-28 00:00:00-04:00,271.8548539018017,272.7432830913257,268.181416710472,270.2277526855469,40018900,0.0,0.0
2026-04-29 00:00:00-04:00,267.07336249706583,270.55716597281076,266.56429174844374,269.688720703125,30047900,0.0,0.0
2026-04-30 00:00:00-04:00,270.018146234023,275.50834883767226,267.6623648300734,270.86663818359375,91848200,0.0,0.0
2026-05-01 00:00:00-04:00,278.3632420760759,286.70836594964845,277.8741246788477,279.6409912109375,79915400,0.0,0.0
2026-05-04 00:00:00-04:00,279.16179801165765,280.13007120517506,274.3703307853319,276.3368225097656,46668400,0.0,0.0
2026-05-05 00:00:00-04:00,276.43668191704,284.0630869835518,276.00745521106614,283.67376708984375,49311700,0.0,0.0
2026-05-06 00:00:00-04:00,281.4178249779708,287.5169265187869,280.5693330033821,286.99786376953125,58336100,0.0,0.0
2026-05-07 00:00:00-04:00,288.75470528792926,291.6096265406606,285.2709318587503,286.927978515625,45224300,0.0,0.0
2026-05-08 00:00:00-04:00,289.49338424193445,294.2349225642168,289.48339230776435,292.7974853515625,52692800,0.0,0.0
2026-05-11 00:00:00-04:00,291.72841688276577,293.6267735875138,289.979924827367,292.42779541015625,42247300,0.27,0.0
2026-05-12 00:00:00-04:00,292.3078994315659,295.0155556946294,292.3078994315659,294.54595947265625,45748100,0.0,0.0
2026-05-13 00:00:00-04:00,293.24708951115105,300.6607090744109,293.24708951115105,298.6124572753906,52684300,0.0,0.0
2026-05-14 00:00:00-04:00,299.5616620172475,300.1911240450107,295.12548538387824,297.9530334472656,35324900,0.0,0.0
2026-05-15 00:00:00-04:00,297.643304079477,302.93875555297063,296.26448829773227,299.9713134765625,54862800,0.0,0.0
2026-05-18 00:00:00-04:00,299.98126929450746,300.4009207908792,294.6558756451712,297.5833435058594,34483000,0.0,0.0
2026-05-19 00:00:00-04:00,296.7140952726279,300.2510533099592,296.09463441963413,298.7123718261719,42243600,0.0,0.0
2026-05-20 00:00:00-04:00,297.9230626302997,302.5390768782648,297.82314269813475,301.98956298828125,38229800,0.0,0.0
2026-05-21 00:00:00-04:00,300.80056674721834,305.27671719779084,300.1411318265125,304.7271728515625,42965100,0.0,0.0
2026-05-22 00:00:00-04:00,305.85620846339293,311.13165741506583,305.57645096183757,308.55389404296875,43670200,0.0,0.0
2026-05-26 00:00:00-04:00,309.29325163060713,311.5513139598484,307.4048960873393,308.0643005371094,48000500,0.0,0.0
2026-05-27 00:00:00-04:00,308.0643052358437,312.9900803339556,308.0343323058515,310.5821533203125,50430900,0.0,0.0
2026-05-28 00:00:00-04:00,310.412282475935,312.5304508120942,309.30325358892543,312.24072265625,48220400,0.0,0.0
2026-05-29 00:00:00-04:00,311.5113496628706,314.7285763294451,309.2632884033746,311.7911071777344,70026800,0.0,0.0
2026-06-01 00:00:00-04:00,309.363197507879,310.67206624496237,304.7571540774977,306.0460510253906,48849900,0.0,0.0
2026-06-02 00:00:00-04:00,307.1950545511415,315.1781903378333,306.42572903356995,314.92840576171875,44534700,0.0,0.0
2026-06-03 00:00:00-04:00,313.9092501546009,316.6668815001487,308.5838566628498,309.9926452636719,50836700,0.0,0.0
2026-06-04 00:00:00-04:00,312.96009909963743,313.26982953176514,309.38316692864953,310.9618225097656,44869100,0.0,0.0
2026-06-05 00:00:00-04:00,312.5903972939029,314.8984348439246,306.8853260765596,307.0751647949219,65310500,0.0,0.0
2026-06-08 00:00:00-04:00,308.4739595974908,317.1265012321255,300.9105055796523,301.2801818847656,77949100,0.0,0.0
2026-06-09 00:00:00-04:00,300.0212482417878,300.4908444635933,287.5320194610898,290.29962158203125,70108800,0.0,0.0
2026-06-10 00:00:00-04:00,290.4894628291428,294.4960172141002,287.1323727394638,291.3287353515625,52793300,0.0,0.0
2026-06-11 00:00:00-04:00,293.4668864344149,296.7440586571729,289.3404406054596,295.375244140625,42572500,0.0,0.0
2026-06-12 00:00:00-04:00,295.7749221682621,296.88398158337014,289.3704417369658,290.879150390625,38742100,0.0,0.0
2026-06-15 00:00:00-04:00,293.8665449684006,297.5233947188816,291.4486474146935,296.1645812988281,45732600,0.0,0.0
2026-06-16 00:00:00-04:00,294.99559499590845,300.2210994929347,293.71669913987887,298.9821472167969,39874400,0.0,0.0
2026-06-17 00:00:00-04:00,300.59074812548096,301.8096980081642,294.10632015937927,295.6949768066406,42745100,0.0,0.0
2026-06-18 00:00:00-04:00,297.8530937792582,300.31099586682666,295.3652492546472,297.7532043457031,85962200,0.0,0.0
2026-06-22 00:00:00-04:00,297.05381866220307,302.1594314563154,296.5043047694293,296.75408935546875,44879900,0.0,0.0
2026-06-23 00:00:00-04:00,297.2836155142734,301.3800886038737,293.9264950024863,294.04638671875,52010900,0.0,0.0
2026-06-24 00:00:00-04:00,295.1054570720635,299.4417438827621,292.68755959702736,292.8274230957031,53081900,0.0,0.0
2026-06-25 00:00:00-04:00,287.1523472601469,288.55113481081804,273.5141152813601,274.91290283203125,107013700,0.0,0.0
2026-06-26 00:00:00-04:00,274.7630284991681,285.70360492137456,273.9737007161028,283.53546142578125,261775500,0.0,0.0
2026-06-29 00:00:00-04:00,286.4829438934296,288.12151489662153,279.6088673150861,281.4972229003906,66427000,0.0,0.0
2026-06-30 00:00:00-04:00,280.9277417485351,289.69017405322865,280.45814550695326,289.11065673828125,65100200,0.0,0.0
2026-07-01 00:00:00-04:00,293.1871503157195,296.33442991747245,288.95081360688545,294.1263427734375,50164200,0.0,0.0
2026-07-02 00:00:00-04:00,293.866538367699,309.15337194761725,293.4269150966668,308.3640441894531,75352800,0.0,0.0
2026-07-06 00:00:00-04:00,307.0951430290638,313.9292760509671,306.7354678654279,312.3905944824219,53590000,0.0,0.0
2026-07-07 00:00:00-04:00,315.0183186077797,315.20815732134815,309.88273318392555,310.3923034667969,42490000,0.0,0.0
2026-07-08 00:00:00-04:00,311.6412289475945,314.5487250421545,306.7854009831778,313.1199645996094,41323500,0.0,0.0
2026-07-09 00:00:00-04:00,310.24243869469103,316.2572401947346,307.8944576262147,315.947509765625,48124500,0.0,0.0
2026-07-10 00:00:00-04:00,314.4488202226986,316.6369356310425,311.9010296470402,315.0483093261719,34132300,0.0,0.0
2026-07-13 00:00:00-04:00,316.7468014245228,323.171283634363,315.5078797345754,317.03656005859375,43257800,0.0,0.0
2026-07-14 00:00:00-04:00,313.48965629761443,315.91755515351207,311.64124426456783,314.58868408203125,36336800,0.0,0.0
2026-07-15 00:00:00-04:00,317.34631234952286,328.44675508114506,317.0465830462295,327.2178039550781,60957600,0.0,0.0
2026-07-16 00:00:00-04:00,327.72736328456057,334.3915986652446,326.50841333986017,332.97283935546875,62970600,0.0,0.0
2026-07-17 00:00:00-04:00,331.693929977533,334.7013154010385,328.71648699084636,333.452392578125,63407100,0.0,0.0
2026-07-20 00:00:00-04:00,333.2226134619852,333.4224228207836,323.4010672140761,326.3085632324219,53468000,0.0,0.0
2026-07-21 00:00:00-04:00,322.85156758462244,329.3159936819017,321.94234806189104,327.45758056640625,41338900,0.0,0.0
2026-07-22 00:00:00-04:00,327.58746619388995,328.7164973399543,323.0613709608057,325.60919189453125,38755900,0.0,0.0
2026-07-23 00:00:00-04:00,321.4527900194849,323.0214140443725,319.0748358849152,321.3828430175781,40840800,0.0,0.0
2026-07-24 00:00:00-04:00,321.5127284115298,334.0818750563203,321.3428614810286,332.7330322265625,47489400,0.0,0.0
2026-07-27 00:00:00-04:00,334.2517370375488,339.277401491225,333.73216560461384,336.61968994140625,49604300,0.0,0.0
2026-07-28 00:00:00-04:00,339.73698155301014,342.59453283396704,335.31080637618777,339.78692626953125,51859000,0.0,0.0
2026-07-29 00:00:00-04:00,339.43727163464206,344.2730974331505,337.0593175600121,337.8985900878906,56090800,0.0,0.0
2026-07-30 00:00:00-04:00,332.8129674612056,334.4615395264105,329.30598233808786,333.1426696777344,74817800,0.0,0.0
2026-07-31 00:00:00-04:00,304.54735603914753,310.4222943774597,299.7415030462749,308.6438293457031,132489100,0.0,0.0
2026-08-03 00:00:00-04:00,309.313234694189,311.5313230344714,302.29929450581176,303.1585693359375,75052000,0.0,0.0
2026-08-04 00:00:00-04:00,302.46913991298527,310.1525156602479,301.0603512911937,309.1134033203125,68001000,0.0,0.0
2026-08-05 00:00:00-04:00,309.09342362565195,311.4414048335362,305.40663118634393,310.7320251464844,49438800,0.0,0.0
2026-08-06 00:00:00-04:00,314.06913775686996,316.0174696892129,308.96355554648414,312.14080810546875,46139900,0.0,0.0
2026-08-07 00:00:00-04:00,311.1816431226555,314.53873325457766,310.47223295908327,313.05999755859375,34437200,0.0,0.0
2026-08-10 00:00:00-04:00,306.8299865722656,308.260009765625,304.6099853515625,308.260009765625,44812500,0.27,0.0
2026-08-11 00:00:00-04:00,307.75,309.9700012207031,302.7900085449219,304.9100036621094,37476700,0.0,0.0
2026-08-12 00:00:00-04:00,305.1000061035156,305.6600036621094,300.57000732421875,302.25,41657800,0.0,0.0
2026-08-13 00:00:00-04:00,304.2099914550781,306.0,302.04998779296875,305.260009765625,40349300,0.0,0.0
2026-08-14 00:00:00-04:00,306.0,307.489990234375,304.29998779296875,305.92999267578125,28229400,0.0,0.0
2026-08-17 00:00:00-04:00,306.2099914550781,307.6600036621094,302.94000244140625,305.5899963378906,38169300,0.0,0.0
2026-08-18 00:00:00-04:00,307.5799865722656,311.489990234375,305.739990234375,310.0299987792969,53424500,0.0,0.0
2026-08-19 00:00:00-04:00,310.1400146484375,319.2799987792969,309.6000061035156,316.8299865722656,50505600,0.0,0.0
2026-08-20 00:00:00-04:00,317.4599914550781,320.2799987792969,310.6499938964844,311.29998779296875,40959200,0.0,0.0
2026-08-21 00:00:00-04:00,312.04998779296875,312.3800048828125,307.010009765625,309.3500061035156,46876800,0.0,0.0
2026-08-24 00:00:00-04:00,311.4700012207031,313.3599853515625,309.9700012207031,310.3399963378906,34673600,0.0,0.0
2026-08-25 00:00:00-04:00,310.7900085449219,313.5899963378906,308.2099914550781,309.8999938964844,25869800,0.0,0.0
2026-08-26 00:00:00-04:00,310.29998779296875,315.42999267578125,308.79998779296875,313.45001220703125,34024500,0.0,0.0
2026-08-27 00:00:00-04:00,310.54998779296875,315.3999938964844,309.3999938964844,314.5799865722656,32419200,0.0,0.0
2026-08-28 00:00:00-04:00,316.8500061035156,322.3699951171875,315.45001220703125,319.70001220703125,38649400,0.0,0.0
2026-08-31 00:00:00-04:00,319.6000061035156,321.239990234375,312.79998779296875,316.8500061035156,41242700,0.0,0.0
2026-09-01 00:00:00-04:00,316.9800109863281,327.29998779296875,314.7300109863281,325.1300048828125,53167400,0.0,0.0
2026-09-02 00:00:00-04:00,326.8699951171875,328.3999938964844,323.5299987792969,324.9599914550781,33776400,0.0,0.0
2026-09-03 00:00:00-04:00,324.8699951171875,330.80999755859375,324.1099853515625,328.2099914550781,37225800,0.0,0.0
2026-09-04 00:00:00-04:00,328.30999755859375,328.92999267578125,317.8599853515625,319.9700012207031,39551800,0.0,0.0
