Date,Open,High,Low,Close,Volume,Dividends,Stock Splits
2021-01-04 00:00:00-05:00,26.568680301323276,26.66462813905223,25.949384856261943,26.193614959716797,51483900,0.0,0.0
2021-01-05 00:00:00-05:00,26.315729322003705,26.638461901041087,26.088944581214474,26.39423179626465,48507000,0.0,0.0
2021-01-06 00:00:00-05:00,27.824718109396,28.452736233929457,27.35370493191627,28.042781829833984,107002800,0.0,0.0
2021-01-07 00:00:00-05:00,29.054591246761497,29.32498608257971,28.6446334926331,28.662078857421875,74358500,0.0,0.0
2021-01-08 00:00:00-05:00,28.714415306489805,28.784196774593013,28.00789624244428,28.374238967895508,44641400,0.0,0.0
2021-01-11 00:00:00-05:00,27.990444444973644,28.89758335773062,27.824716823665852,28.845247268676758,51868200,0.0,0.0
2021-01-12 00:00:00-05:00,29.150531796370082,29.630270944389093,28.958639464525138,29.359872817993164,68166200,0.0,0.0
2021-01-13 00:00:00-05:00,29.159252705782574,29.3773147192405,28.86268823438531,29.1854190826416,43172800,0.0,0.0
2021-01-14 00:00:00-05:00,29.202868095796596,29.979168428431148,29.1505320081699,29.647716522216797,48483500,0.0,0.0
2021-01-15 00:00:00-05:00,29.03714713445262,29.333711693927476,28.522520496756936,28.79291534423828,57684300,0.0,0.0
2021-01-19 00:00:00-05:00,28.34806877024848,29.307540536142426,28.08639495476496,28.583576202392578,78130200,0.0,0.0
2021-01-20 00:00:00-05:00,28.5748521248366,28.601021835784984,28.05150448895261,28.20850944519043,53920000,0.0,0.0
2021-01-21 00:00:00-05:00,28.208507822825275,28.3306220423508,27.676435871438677,27.711326599121094,49626600,0.0,0.0
2021-01-22 00:00:00-05:00,27.353706095536847,27.693882386169975,27.257758254104306,27.519432067871094,45314500,0.0,0.0
2021-01-25 00:00:00-05:00,27.275200454814545,27.301366834947068,26.664626075275116,27.17925262451172,48078400,0.0,0.0
2021-01-26 00:00:00-05:00,27.388595313120963,27.414763360115607,26.96119386096434,26.987361907958984,36373000,0.0,0.0
2021-01-27 00:00:00-05:00,26.4378437966912,26.542514317939123,25.87960545318627,26.0191650390625,63809200,0.0,0.0
2021-01-28 00:00:00-05:00,26.53379460961774,26.82163649570733,26.09767043895583,26.446569442749023,51223300,0.0,0.0
2021-01-29 00:00:00-05:00,26.516341991381925,26.603567134394872,25.80982149397136,25.86215591430664,64019100,0.0,0.0
2021-02-01 00:00:00-05:00,26.054052299699954,26.202334547917967,25.79237686324867,26.132553100585938,40985300,0.0,0.0
2021-02-02 00:00:00-05:00,26.673350294210856,27.214144918437032,26.63846123079576,27.06586265563965,53527000,0.0,0.0
2021-02-03 00:00:00-05:00,26.961192604243706,27.676435885276195,26.93502455846881,27.54559898376465,49404900,0.0,0.0
2021-02-04 00:00:00-05:00,27.737491928145978,28.374232711042996,27.720048228648487,28.348066329956055,51751900,0.0,0.0
2021-02-05 00:00:00-05:00,28.688245873504044,28.705691238677492,28.191064611831962,28.234676361083984,42008800,0.0,0.0
2021-02-08 00:00:00-05:00,28.287011962749425,29.02842166917933,28.26084557912768,28.862695693969727,46014100,0.0,0.0
2021-02-09 00:00:00-05:00,28.75802687734748,28.801638625906687,28.426571599043864,28.740581512451172,35868600,0.0,0.0
2021-02-10 00:00:00-05:00,28.888858826624492,29.150532615484245,28.66207576357611,28.76674461364746,45031900,0.0,0.0
2021-02-11 00:00:00-05:00,28.758024031251615,29.054588550412507,28.39167805941155,28.679521560668945,29479900,0.0,0.0
2021-02-12 00:00:00-05:00,28.784189353942075,29.17670169242291,28.705686886245907,29.10692024230957,37468300,0.0,0.0
2021-02-16 00:00:00-05:00,29.63899022871674,30.14489572709381,29.3947618239071,29.891942977905273,52802600,0.0,0.0
2021-02-17 00:00:00-05:00,29.691326292241033,30.144895706116493,29.473264265994896,30.014057159423828,45455300,0.0,0.0
2021-02-18 00:00:00-05:00,29.70877846627079,30.223405099317397,29.673887735503474,29.822168350219727,37541700,0.0,0.0
2021-02-19 00:00:00-05:00,29.830884559741516,30.293174970540036,29.813439199116363,30.12744903564453,54514100,0.0,0.0
2021-02-22 00:00:00-05:00,30.048950524941933,30.74674840482716,30.01405979910698,30.65952491760254,56783400,0.0,0.0
2021-02-23 00:00:00-05:00,30.895034826672855,31.30499261416176,30.650806354482043,30.982261657714844,67440700,0.0,0.0
2021-02-24 00:00:00-05:00,31.174153025795363,31.854505576544806,31.05203547930951,31.732391357421875,58139500,0.0,0.0
2021-02-25 00:00:00-05:00,32.23829462526134,32.29935173676895,31.191596056417684,31.339879989624023,74762000,0.0,0.0
2021-02-26 00:00:00-05:00,31.16543142973357,31.42710525484881,30.249571378148612,30.275737762451172,70933300,0.0,0.0
2021-03-01 00:00:00-05:00,30.982258380250368,31.444548890097586,30.738029933895312,31.21776580810547,45901700,0.0,0.0
2021-03-02 00:00:00-05:00,31.09565425081542,31.348603737356257,30.96481567055788,30.990982055664062,41167400,0.0,0.0
2021-03-03 00:00:00-05:00,31.374769632968828,32.24701785560471,31.26137643236455,31.76727867126465,66047000,0.0,0.0
2021-03-04 00:00:00-05:00,31.67962013775234,32.31952352982057,31.486771349168432,31.995189666748047,96512800,0.18,0.0
2021-03-05 00:00:00-05:00,32.45977662080439,32.95942726562875,31.70591681453903,32.37211990356445,74292300,0.0,0.0
2021-03-08 00:00:00-05:00,32.7665924124292,33.07339436584809,32.275705943068466,32.547447204589844,65335500,0.0,0.0
2021-03-09 00:00:00-05:00,32.03901928906297,32.57373397386048,31.390351537323664,31.837406158447266,63946000,0.0,0.0
2021-03-10 00:00:00-05:00,32.03026361037759,32.89807673998191,31.881243133805977,32.7578239440918,53365600,0.0,0.0
2021-03-11 00:00:00-05:00,32.67016766200806,33.12599009106095,32.30200197766553,32.64387130737305,45834000,0.0,0.0
2021-03-12 00:00:00-05:00,33.23993716270517,33.46785000784733,32.94190294717903,33.257469177246094,46069600,0.0,0.0
2021-03-15 00:00:00-04:00,33.3363571632746,33.37142118772057,32.626329059635495,33.09091567993164,50131600,0.0,0.0
2021-03-16 00:00:00-04:00,32.80163899247457,33.06461580385687,32.40718046317926,32.99448776245117,50300400,0.0,0.0
2021-03-17 00:00:00-04:00,33.31006371398717,33.62563327366835,32.722756300939196,33.2662353515625,63796000,0.0,0.0
2021-03-18 00:00:00-04:00,33.75712606938295,35.03693661410025,33.67823366144757,34.134056091308594,95439700,0.0,0.0
2021-03-19 00:00:00-04:00,33.56426551342424,34.11650877748418,32.898062513129595,33.77464294433594,106252700,0.0,0.0
2021-03-22 00:00:00-04:00,33.38019335893954,33.64316688990321,32.784118238680634,33.012027740478516,54701300,0.0,0.0
2021-03-23 00:00:00-04:00,32.749036016253875,33.15226209598431,32.24061790746401,32.34580993652344,49838000,0.0,0.0
2021-03-24 00:00:00-04:00,32.61754765187359,33.12596576066346,32.337042262157816,32.34580993652344,43896800,0.0,0.0
2021-03-25 00:00:00-04:00,32.31952821195862,33.090920134156605,32.109150724743635,33.012027740478516,47517900,0.0,0.0
2021-03-26 00:00:00-04:00,33.616847247170476,33.97624497312128,33.38017355047302,33.90612030029297,66846000,0.0,0.0
2021-03-29 00:00:00-04:00,33.35388955059159,33.862307879107526,33.18734044843436,33.58180236816406,45680000,0.0,0.0
2021-03-30 00:00:00-04:00,33.86231355947315,34.58987380556472,33.86231355947315,34.17788314819336,56705900,0.0,0.0
2021-03-31 00:00:00-04:00,33.85352993638563,34.17786705198348,33.713277223439256,33.91489028930664,49270000,0.0,0.0
2021-04-01 00:00:00-04:00,34.037629671036996,34.642469141084646,33.941205260473616,34.616172790527344,65587000,0.0,0.0
2021-04-05 00:00:00-04:00,35.06322573298978,35.30866724307598,34.71259213810397,34.887908935546875,50328500,0.0,0.0
2021-04-06 00:00:00-04:00,34.65123206236582,35.194714473561085,34.58987168430987,34.79148483276367,42590100,0.0,0.0
2021-04-07 00:00:00-04:00,34.86161414301626,35.194715738643254,34.70382935266084,35.1070556640625,43136400,0.0,0.0
2021-04-08 00:00:00-04:00,34.88790390652383,34.93173226359434,34.37948894550519,34.80024719238281,45285900,0.0,0.0
2021-04-09 00:00:00-04:00,34.98433056719191,35.22100772338864,34.633697000110196,35.05445861816406,45872900,0.0,0.0
2021-04-12 00:00:00-04:00,35.05446146074729,35.3963273772348,34.93173736159427,35.115821838378906,45544600,0.0,0.0
2021-04-13 00:00:00-04:00,34.89667377878493,34.905438113194464,34.36195909478645,34.46714782714844,46770400,0.0,0.0
2021-04-14 00:00:00-04:00,34.169114383334346,35.352500303450014,34.11651833892146,34.958038330078125,52023800,0.0,0.0
2021-04-15 00:00:00-04:00,34.8265415807353,34.922965967205336,33.353886127476294,33.9587287902832,118128900,0.0,0.0
2021-04-16 00:00:00-04:00,34.45839091052969,34.554811985349,34.10775726865684,34.318138122558594,60633400,0.0,0.0
2021-04-19 00:00:00-04:00,34.52851932925725,34.563583365976605,34.212949686564265,34.335670471191406,42321100,0.0,0.0
2021-04-20 00:00:00-04:00,34.18664046600211,34.18664046600211,33.21363554848591,33.38018798828125,50834100,0.0,0.0
2021-04-21 00:00:00-04:00,33.090919764663134,33.993796770316486,32.79288220786157,33.94120407104492,37851800,0.0,0.0
2021-04-22 00:00:00-04:00,33.967495294278635,33.985027306019816,33.45907698545223,33.62562942504883,48093400,0.0,0.0
2021-04-23 00:00:00-04:00,33.59056914663973,34.48468178179047,33.50291242205012,34.34442901611328,48674100,0.0,0.0
2021-04-26 00:00:00-04:00,34.49343592635507,34.93172610759917,34.43207556849199,34.5460319519043,34699800,0.0,0.0
2021-04-27 00:00:00-04:00,34.77395384657797,34.99309901579681,34.63370107203351,34.958038330078125,34304800,0.0,0.0
2021-04-28 00:00:00-04:00,35.00186658557252,35.25607578360417,34.958038220643935,35.08952331542969,34084400,0.0,0.0
2021-04-29 00:00:00-04:00,35.545341851316294,36.053760192798926,35.46644946535828,36.03622817993164,44008700,0.0,0.0
2021-04-30 00:00:00-04:00,35.799554165230944,35.85215020845069,35.475220258433765,35.52781295776367,39203400,0.0,0.0
2021-05-03 00:00:00-04:00,35.8258454914907,35.98363025513594,35.4313835823776,35.554107666015625,41940500,0.0,0.0
2021-05-04 00:00:00-04:00,35.27360430215173,36.009932129195235,34.8703746906618,35.93980407714844,53880000,0.0,0.0
2021-05-05 00:00:00-04:00,36.11512810492173,36.43069771462891,35.729430429106166,36.28167724609375,37471100,0.0,0.0
2021-05-06 00:00:00-04:00,36.360562888159265,36.868981241246225,36.1501854167292,36.82514953613281,39044400,0.0,0.0
2021-05-07 00:00:00-04:00,36.05375054672485,37.0355195973966,36.0362185385482,36.974159240722656,39249200,0.0,0.0
2021-05-10 00:00:00-04:00,37.254672323849206,37.640366551166544,36.84267840692911,36.86021041870117,41271500,0.0,0.0
2021-05-11 00:00:00-04:00,36.421924925629334,37.11442443380865,36.23784379375071,36.439456939697266,42964700,0.0,0.0
2021-05-12 00:00:00-04:00,37.14948492206406,37.30726968975076,35.97486684255722,36.09758758544922,47533000,0.0,0.0
2021-05-13 00:00:00-04:00,35.81707989558639,36.895273513250025,35.74695185026392,36.67612838745117,42026100,0.0,0.0
2021-05-14 00:00:00-04:00,36.868980685844335,37.237142927245685,36.74625659482098,37.131954193115234,30932600,0.0,0.0
2021-05-17 00:00:00-04:00,37.02675952053183,37.56147078387207,36.95663147976582,37.465049743652344,32656400,0.0,0.0
2021-05-18 00:00:00-04:00,37.42998494039003,37.64913004736668,36.9390986969623,36.95663070678711,37880300,0.0,0.0
2021-05-19 00:00:00-04:00,36.50957934497677,36.81638118395402,36.21154183973205,36.79008483886719,42672800,0.0,0.0
2021-05-20 00:00:00-04:00,36.7287304183323,36.93034356571894,36.343032793862356,36.702430725097656,36871100,0.0,0.0
2021-05-21 00:00:00-04:00,36.8339173250806,37.34233233580135,36.71996091044557,37.16701889038086,40243800,0.0,0.0
2021-05-24 00:00:00-04:00,37.324804907451224,37.50011835870103,37.035531693887506,37.36863327026367,31390800,0.0,0.0
2021-05-25 00:00:00-04:00,37.421224611667355,37.920875286175786,36.75502482695266,36.82514953613281,52657700,0.0,0.0
2021-05-26 00:00:00-04:00,36.83392367213555,37.03553684422188,36.518354065777736,36.85145568847656,41332800,0.0,0.0
2021-05-27 00:00:00-04:00,37.237147309641365,37.56148122864963,36.92157772622144,37.29850769042969,52981100,0.0,0.0
2021-05-28 00:00:00-04:00,37.394922211641656,37.43875056577218,36.86020759713764,37.15824508666992,38509700,0.0,0.0
2021-06-01 00:00:00-04:00,37.64913294065592,37.93840276527287,37.491348183996045,37.622833251953125,42890700,0.0,0.0
2021-06-02 00:00:00-04:00,37.78061834733111,37.84197871503904,37.3423280957663,37.64036560058594,34180500,0.0,0.0
2021-06-03 00:00:00-04:00,37.64917159139857,38.282967457990566,37.56994710807457,38.07170104980469,46981200,0.18,0.0
2021-06-04 00:00:00-04:00,38.06290646068812,38.19494505061415,37.701995608810996,38.08931350708008,37192600,0.0,0.0
2021-06-07 00:00:00-04:00,38.08930203997587,38.19493355170869,37.90444605495213,37.95726013183594,28401900,0.0,0.0
2021-06-08 00:00:00-04:00,37.72839638327568,38.0629001331533,37.34987977740603,37.746002197265625,41871400,0.0,0.0
2021-06-09 00:00:00-04:00,37.38508603539323,37.61395486845647,37.068188145024756,37.25304412841797,42366300,0.0,0.0
2021-06-10 00:00:00-04:00,37.64036402339318,37.81641878993901,36.63685621943697,36.6984748840332,40123600,0.0,0.0
2021-06-11 00:00:00-04:00,36.80411641235898,36.87453631692892,36.54003253581524,36.84812927246094,31203600,0.0,0.0
2021-06-14 00:00:00-04:00,36.839320179342806,36.89213761978393,36.143909015678645,36.407989501953125,36050700,0.0,0.0
2021-06-15 00:00:00-04:00,36.33757215492069,36.58405022574685,36.00307171831525,36.43440246582031,39247900,0.0,0.0
2021-06-16 00:00:00-04:00,36.33757155157853,36.962566268471654,35.80060591493531,36.636863708496094,63859100,0.0,0.0
2021-06-17 00:00:00-04:00,36.988976897615245,37.05939681067245,34.96435486721622,35.03477478027344,80728200,0.0,0.0
2021-06-18 00:00:00-04:00,34.33935223229326,34.594631494391656,33.881614507244166,34.13689041137695,102774200,0.0,0.0
2021-06-21 00:00:00-04:00,34.43618556017491,35.017164032458204,34.356961070410556,34.99075698852539,48119400,0.0,0.0
2021-06-22 00:00:00-04:00,35.10519704066905,35.43969749450219,34.57703259709632,35.18442153930664,44113200,0.0,0.0
2021-06-23 00:00:00-04:00,35.35166733719853,35.58053621682986,35.272442848486556,35.386878967285156,32039900,0.0,0.0
2021-06-24 00:00:00-04:00,35.59814743258421,36.09990148456084,35.36927851823042,35.94145584106445,37161800,0.0,0.0
2021-06-25 00:00:00-04:00,36.32877032253657,36.821723098037864,35.95025367237712,36.636863708496094,53178800,0.0,0.0
2021-06-28 00:00:00-04:00,36.496020145550354,36.60165504071415,36.179122175991026,36.584049224853516,34416500,0.0,0.0
2021-06-29 00:00:00-04:00,36.64566827156938,36.92735461225298,35.87102915570645,35.994266510009766,38519600,0.0,0.0
2021-06-30 00:00:00-04:00,35.879824188145065,36.40798850418515,35.84461592011478,36.29355239868164,29159800,0.0,0.0
2021-07-01 00:00:00-04:00,36.58405021330898,36.707287569697094,36.27595346437256,36.566444396972656,28045100,0.0,0.0
2021-07-02 00:00:00-04:00,36.4167979875012,36.50482707244708,36.17912449509667,36.223140716552734,28980800,0.0,0.0
2021-07-06 00:00:00-04:00,35.92384357057181,35.98546224252066,35.09638707646019,35.27244186401367,47578700,0.0,0.0
2021-07-07 00:00:00-04:00,34.832308008996684,35.210824642541276,34.64745198553516,34.99075698852539,43499900,0.0,0.0
2021-07-08 00:00:00-04:00,33.99604725952363,34.541817411175174,33.872809921397675,34.13689041137695,52793100,0.0,0.0
2021-07-09 00:00:00-04:00,34.90272774651176,35.422087491876084,34.68266011471273,35.24603271484375,43887200,0.0,0.0
2021-07-12 00:00:00-04:00,35.025968665374734,35.9238450979022,34.89392672960432,35.76539611816406,42624500,0.0,0.0
2021-07-13 00:00:00-04:00,35.633356136292576,35.633356136292576,34.84111455212649,35.087589263916016,54338100,0.0,0.0
2021-07-14 00:00:00-04:00,34.427373492936326,34.81469123319941,33.26541691418221,34.207305908203125,105651700,0.0,0.0
2021-07-15 00:00:00-04:00,33.79357568475498,34.62103190128417,33.73195703347701,34.1808967590332,54697300,0.0,0.0
2021-07-16 00:00:00-04:00,34.52421834933418,34.58583703044789,33.089376150615614,33.37986373901367,60469700,0.0,0.0
2021-07-19 00:00:00-04:00,32.34994336316021,32.790078647012734,32.13867694940608,32.508392333984375,83251500,0.0,0.0
2021-07-20 00:00:00-04:00,32.44676834689623,33.55590760298145,32.22670074102522,33.177391052246094,59462900,0.0,0.0
2021-07-21 00:00:00-04:00,33.49429850819725,34.128094468671485,33.43267982959183,33.85520935058594,49907400,0.0,0.0
2021-07-22 00:00:00-04:00,33.767175291615374,33.80238691583189,33.168591111795884,33.41506576538086,52715600,0.0,0.0
2021-07-23 00:00:00-04:00,33.62632285120359,33.68794149755526,33.062950451437295,33.186187744140625,48659400,0.0,0.0
2021-07-26 00:00:00-04:00,33.150984346676985,33.66154280924318,33.150984346676985,33.56471252441406,32258000,0.0,0.0
2021-07-27 00:00:00-04:00,33.203801758522694,33.66154278596596,32.97492956581845,33.43267059326172,39121400,0.0,0.0
2021-07-28 00:00:00-04:00,33.61752660125525,33.89041164414048,33.23020881990397,33.56471252441406,43331100,0.0,0.0
2021-07-29 00:00:00-04:00,33.93442255269403,34.31293908557101,33.7759736153053,34.048858642578125,43039100,0.0,0.0
2021-07-30 00:00:00-04:00,33.89921231499251,34.18090193804154,33.49428872868008,33.767173767089844,46210100,0.0,0.0
2021-08-02 00:00:00-04:00,33.80238691583189,34.28653499593037,33.37105291409287,33.41506576538086,49894000,0.0,0.0
2021-08-03 00:00:00-04:00,33.50309847791048,34.00485242481065,33.05415861512674,33.93442916870117,39680600,0.0,0.0
2021-08-04 00:00:00-04:00,33.47669133276804,34.12809308325269,33.32704693593424,33.687957763671875,42289800,0.0,0.0
2021-08-05 00:00:00-04:00,33.95203734181371,34.383371420540406,33.93443152656303,34.34815979003906,34754500,0.0,0.0
2021-08-06 00:00:00-04:00,34.74428072956741,35.57173386262315,34.74428072956741,35.342864990234375,58022300,0.0,0.0
2021-08-09 00:00:00-04:00,35.25484266693387,36.05588891059423,35.0347749806759,35.80060958862305,56340100,0.0,0.0
2021-08-10 00:00:00-04:00,35.83581245107732,36.63685849862703,35.7213796999742,36.469608306884766,44987300,0.0,0.0
2021-08-11 00:00:00-04:00,36.619244827180886,37.13860446247343,36.51361332653499,36.92734146118164,58458200,0.0,0.0
2021-08-12 00:00:00-04:00,37.17382489658609,37.226642338415424,36.76890124979149,37.1034049987793,37400100,0.0,0.0
2021-08-13 00:00:00-04:00,37.050591722100435,37.173829075590646,36.46961322852798,36.645668029785156,41344900,0.0,0.0
2021-08-16 00:00:00-04:00,36.23193839149908,36.35517574036677,35.74779022467633,36.34637451171875,38599100,0.0,0.0
2021-08-17 00:00:00-04:00,36.135106974075775,36.59284808289642,35.75659035251189,36.170318603515625,43526900,0.0,0.0
2021-08-18 00:00:00-04:00,35.88863274096407,36.55763691901186,35.791802437754264,35.9062385559082,50342500,0.0,0.0
2021-08-19 00:00:00-04:00,35.316452163812365,35.800600276048364,35.21962186977206,35.37807083129883,51883900,0.0,0.0
2021-08-20 00:00:00-04:00,35.290051015218914,35.62455480740108,35.131602027236106,35.53652572631836,40415000,0.0,0.0
2021-08-23 00:00:00-04:00,35.76539284745872,36.179117716303914,35.73898244794029,36.01186752319336,35364500,0.0,0.0
2021-08-24 00:00:00-04:00,36.17911097270405,36.68966940066389,36.12629689944268,36.513614654541016,35579300,0.0,0.0
2021-08-25 00:00:00-04:00,36.6720709520872,37.36748549199466,36.5664394263942,37.1034049987793,51219900,0.0,0.0
2021-08-26 00:00:00-04:00,37.411500204980996,37.71079234093947,36.98897072326887,37.00657653808594,41184500,0.0,0.0
2021-08-27 00:00:00-04:00,37.07699598368186,37.54354167568533,36.918547010241554,37.4026985168457,46468600,0.0,0.0
2021-08-30 00:00:00-04:00,37.525936927852,37.525936927852,36.645666320589,36.67207336425781,44855600,0.0,0.0
2021-08-31 00:00:00-04:00,36.68087754569373,37.03298716013066,36.407995784572954,36.75130081176758,54654600,0.0,0.0
2021-09-01 00:00:00-04:00,36.751295459750686,36.7777025016997,36.117499589249086,36.25834274291992,52361900,0.0,0.0
2021-09-02 00:00:00-04:00,36.373369792768415,36.70958772434203,35.95752138727404,36.293739318847656,44538900,0.21,0.0
2021-09-03 00:00:00-04:00,36.29373961595559,36.44415085949624,35.99291375370052,36.320281982421875,41812400,0.0,0.0
2021-09-07 00:00:00-04:00,36.49723152867624,37.028099000842296,36.43529710276263,36.559165954589844,43748600,0.0,0.0
2021-09-08 00:00:00-04:00,36.346827544908976,36.70958784391319,35.992913576292004,36.081390380859375,36064400,0.0,0.0
2021-09-09 00:00:00-04:00,35.97522746904813,36.585725689469704,35.88675064006228,36.21411895751953,36266400,0.0,0.0
2021-09-10 00:00:00-04:00,36.470700713714066,36.58571989815383,35.60361510124381,35.630157470703125,40514700,0.0,0.0
2021-09-13 00:00:00-04:00,35.92213173106262,36.24065364816453,35.70093633031673,36.222957611083984,42036300,0.0,0.0
2021-09-14 00:00:00-04:00,36.391071636923236,36.550332610183894,35.090441480352624,35.24970245361328,53820400,0.0,0.0
2021-09-15 00:00:00-04:00,35.15237258285458,35.69208989918758,35.09928447176195,35.515132904052734,52358200,0.0,0.0
2021-09-16 00:00:00-04:00,35.81596345296294,36.107943039280215,35.56822565257815,35.78942108154297,42922000,0.0,0.0
2021-09-17 00:00:00-04:00,35.692083784818855,35.984059907875405,35.462042093173494,35.833648681640625,92746000,0.0,0.0
2021-09-20 00:00:00-04:00,34.842693114687535,34.9134738728928,33.94021566515096,34.60380172729492,67566200,0.0,0.0
2021-09-21 00:00:00-04:00,34.745363139046276,35.03733922205742,34.453383680862224,34.62149429321289,38271100,0.0,0.0
2021-09-22 00:00:00-04:00,35.17006861988546,35.85135085729154,35.17006861988546,35.515132904052734,46261400,0.0,0.0
2021-09-23 00:00:00-04:00,36.06368866596805,37.05464627198015,35.9663655463389,36.88653564453125,49779800,0.0,0.0
2021-09-24 00:00:00-04:00,36.913091810467975,37.46165549276474,36.851157364491286,37.284698486328125,39042300,0.0,0.0
2021-09-27 00:00:00-04:00,37.76247093119016,38.42605699013773,37.727078864671384,38.27564239501953,49755400,0.0,0.0
2021-09-28 00:00:00-04:00,38.426059523328426,38.96577676021369,38.098691324381456,38.18716812133789,60781200,0.0,0.0
2021-09-29 00:00:00-04:00,38.204866638696636,38.32873551255527,37.8155639815447,38.107540130615234,44260200,0.0,0.0
2021-09-30 00:00:00-04:00,38.35528433300777,38.35528433300777,37.364329800200814,37.558982849121094,47410800,0.0,0.0
2021-10-01 00:00:00-04:00,37.585519281047645,38.426062416105104,37.505888807722755,38.116390228271484,40987100,0.0,0.0
2021-10-04 00:00:00-04:00,38.14293238483703,38.992321845521786,38.10754031351508,38.346431732177734,48273400,0.0,0.0
2021-10-05 00:00:00-04:00,38.726878253966326,39.593963530736005,38.63839809806768,39.125030517578125,54070700,0.0,0.0
2021-10-06 00:00:00-04:00,38.797663130935746,39.186969107959754,38.532229385347776,39.142730712890625,47031700,0.0,0.0
2021-10-07 00:00:00-04:00,39.62935769201235,39.70013844530723,38.95692197225934,39.03655242919922,46258800,0.0,0.0
2021-10-08 00:00:00-04:00,38.99232120125134,39.647061009194466,38.85960262357377,39.2312126159668,39389400,0.0,0.0
2021-10-11 00:00:00-04:00,39.461245820711476,39.6470524644497,38.70918304308639,38.73572540283203,36283500,0.0,0.0
2021-10-12 00:00:00-04:00,38.63841090165563,38.93039045011499,38.284500286304414,38.52339172363281,36898300,0.0,0.0
2021-10-13 00:00:00-04:00,38.532235856183334,38.611866330749635,37.45280465949699,38.16947555541992,43908000,0.0,0.0
2021-10-14 00:00:00-04:00,39.25775041828046,39.90364044587698,38.470295499363786,39.877098083496094,82201000,0.0,0.0
2021-10-15 00:00:00-04:00,40.49645326463301,41.29275466040811,40.13369295235045,41.027320861816406,64264900,0.0,0.0
2021-10-18 00:00:00-04:00,40.956538761994324,41.48740634195661,40.726493668883236,40.947689056396484,49542500,0.0,0.0
2021-10-19 00:00:00-04:00,41.142341268828396,41.25736381312322,40.87690748406425,41.1246452331543,32515500,0.0,0.0
2021-10-20 00:00:00-04:00,41.13349627431668,41.79708244536271,40.74419022719177,41.664363861083984,40411000,0.0,0.0
2021-10-21 00:00:00-04:00,41.673206573161586,42.00942448234664,41.23966553581962,41.43431854248047,36848600,0.0,0.0
2021-10-22 00:00:00-04:00,41.57588638017428,42.1332963246802,41.57588638017428,42.08905792236328,36225600,0.0,0.0
2021-10-25 00:00:00-04:00,42.29255623288766,42.451817177450216,41.76168866779492,42.03596878051758,31679500,0.0,0.0
2021-10-26 00:00:00-04:00,42.16869019254001,42.84997241779191,41.97403716384692,42.43412399291992,35674800,0.0,0.0
2021-10-27 00:00:00-04:00,42.009431333227305,42.619929442077684,41.611278925205724,41.6201286315918,45790800,0.0,0.0
2021-10-28 00:00:00-04:00,42.106753106606696,42.46951339854566,41.85016565311546,42.27486038208008,37209600,0.0,0.0
2021-10-29 00:00:00-04:00,42.248318016261564,42.58453594238202,42.04481866958104,42.27486038208008,31756200,0.0,0.0
2021-11-01 00:00:00-04:00,42.557987359701904,42.61992179259206,41.832466824268536,42.3367919921875,36937200,0.0,0.0
2021-11-02 00:00:00-04:00,42.08905878489248,42.84112176521333,41.894405760500526,42.36334228515625,36283400,0.0,0.0
2021-11-03 00:00:00-04:00,42.29256118564159,43.080016295320895,42.124453891216206,42.7968864440918,42553000,0.0,0.0
2021-11-04 00:00:00-04:00,42.60223340729142,42.60223340729142,41.478560422568144,41.876712799072266,47646300,0.0,0.0
2021-11-05 00:00:00-04:00,42.11559545796229,42.31024845603809,41.425467010491204,41.55818557739258,38271200,0.0,0.0
2021-11-08 00:00:00-05:00,41.894401597030004,42.29255393682066,41.80592479937585,41.885555267333984,33815500,0.0,0.0
2021-11-09 00:00:00-05:00,41.27505445109343,41.90324844709102,41.06270542594763,41.478553771972656,36900300,0.0,0.0
2021-11-10 00:00:00-05:00,41.363532394356184,42.044814509401675,41.27505560026648,41.78822708129883,39385600,0.0,0.0
2021-11-11 00:00:00-05:00,41.859022870156124,42.37219449405417,41.593585663643246,42.01828384399414,31194800,0.0,0.0
2021-11-12 00:00:00-05:00,42.03597166648065,42.05366770322181,41.37238547696965,41.505104064941406,44268500,0.0,0.0
2021-11-15 00:00:00-05:00,41.81476675118372,41.929789276230366,41.49624828787265,41.628963470458984,35335500,0.0,0.0
2021-11-16 00:00:00-05:00,41.743986738696556,41.83246352866264,41.31044236744709,41.65550994873047,35120800,0.0,0.0
2021-11-17 00:00:00-05:00,41.65550875625745,41.76168157621198,41.09809554494327,41.151180267333984,32963700,0.0,0.0
2021-11-18 00:00:00-05:00,41.32814608792255,41.416626269520016,40.88575530545665,40.98308181762695,30639000,0.0,0.0
2021-11-19 00:00:00-05:00,40.43451642444039,40.49645086126366,39.664757441655695,40.16908264160156,48429500,0.0,0.0
2021-11-22 00:00:00-05:00,41.336995098531006,41.4697103059347,40.62032082792553,40.947689056396484,53697100,0.0,0.0
2021-11-23 00:00:00-05:00,41.4697016627589,42.159833423080116,41.29274471459518,42.02711486816406,49362900,0.0,0.0
2021-11-24 00:00:00-05:00,41.956344167519234,42.451823105927716,41.770540831306356,42.14215087890625,40060000,0.0,0.0
2021-11-26 00:00:00-05:00,40.27526034672171,40.73534720098874,39.59397808416326,40.487606048583984,55110100,0.0,0.0
2021-11-29 00:00:00-05:00,41.071555610625545,41.31929672574785,39.96557873560646,40.337188720703125,50231100,0.0,0.0
2021-11-30 00:00:00-05:00,39.60281743115508,40.009819475765624,39.24890686540813,39.34623336791992,77193600,0.0,0.0
2021-12-01 00:00:00-05:00,40.00981768831103,40.43451237333806,38.76227599630248,38.788818359375,60601600,0.0,0.0
2021-12-02 00:00:00-05:00,39.41114775959605,40.45132300909171,39.117762909890885,39.90900802612305,57821400,0.21,0.0
2021-12-03 00:00:00-05:00,40.006802021902644,40.06903455373433,38.762144602431555,39.0021858215332,74605300,0.0,0.0
2021-12-06 00:00:00-05:00,39.61562397388988,39.90011650511126,39.08219793428592,39.25111770629883,48193100,0.0,0.0
2021-12-07 00:00:00-05:00,39.615631299530676,39.92679400327535,39.50005512753161,39.748985290527344,40740800,0.0,0.0
2021-12-08 00:00:00-05:00,39.72232259267436,39.829006483689255,39.19778865733979,39.2600212097168,50560300,0.0,0.0
2021-12-09 00:00:00-05:00,39.03774191776498,39.766754365281095,38.80659303572591,39.55338668823242,37316700,0.0,0.0
2021-12-10 00:00:00-05:00,39.74897925238146,39.8556664986752,39.17999417115592,39.58006286621094,37700200,0.0,0.0
2021-12-13 00:00:00-05:00,39.35779820981669,39.473374350612566,38.57544211979708,38.744361877441406,38653900,0.0,0.0
2021-12-14 00:00:00-05:00,38.75326627712906,39.84678542404747,38.69992263895515,39.23334884643555,47099400,0.0,0.0
2021-12-15 00:00:00-05:00,39.44670628765811,39.51783111993349,38.77992624646042,39.06441879272461,60057100,0.0,0.0
2021-12-16 00:00:00-05:00,39.74009406207284,40.32686040590828,39.197779045975764,40.006805419921875,69487200,0.0,0.0
2021-12-17 00:00:00-05:00,39.56228949291738,39.740098213866034,38.779933155594875,39.011085510253906,124242400,0.0,0.0
2021-12-20 00:00:00-05:00,38.468762811696706,38.54877655069122,37.96201026187097,38.370967864990234,56455200,0.0,0.0
2021-12-21 00:00:00-05:00,38.70880432059607,39.54450074084881,38.70880432059607,39.286678314208984,47845600,0.0,0.0
2021-12-22 00:00:00-05:00,39.18889009329759,39.63341015302328,39.01108139112353,39.366695404052734,35715700,0.0,0.0
2021-12-23 00:00:00-05:00,39.722313681769805,40.06903879335221,39.47338352810428,39.49116134643555,34053500,0.0,0.0
2021-12-27 00:00:00-05:00,39.606727148019125,39.846768329694164,39.39335946969783,39.68674087524414,33879200,0.0,0.0
2021-12-28 00:00:00-05:00,39.53561441474479,40.07792941950334,39.49115969651697,39.74009323120117,32492400,0.0,0.0
2021-12-29 00:00:00-05:00,39.873454441109494,40.11349571910264,39.651194375347636,39.6778678894043,25294900,0.0,0.0
2021-12-30 00:00:00-05:00,39.784544834558815,40.095707515803454,39.54450359841914,39.58895492553711,23852200,0.0,0.0
2021-12-31 00:00:00-05:00,39.58005680000898,39.75786545849493,39.36668573154223,39.55338668823242,24253900,0.0,0.0
2022-01-03 00:00:00-05:00,40.086819984142736,41.33147753471965,39.98902502627211,41.05587387084961,58587900,0.0,0.0
2022-01-04 00:00:00-05:00,41.83823517750229,43.056219364337714,41.82045396562054,42.665042877197266,74606700,0.0,0.0
2022-01-05 00:00:00-05:00,42.79839741874952,43.002876270838534,41.92713837407571,41.94491958618164,57791600,0.0,0.0
2022-01-06 00:00:00-05:00,42.65614381790871,42.81617130807337,41.95380132123258,42.78950119018555,52040900,0.0,0.0
2022-01-07 00:00:00-05:00,42.80728546975757,43.83857192955876,42.72727171893597,43.72299575805664,59082600,0.0,0.0
2022-01-10 00:00:00-05:00,44.3719874229573,44.52312599044133,42.976194857824694,43.500728607177734,66839500,0.0,0.0
2022-01-11 00:00:00-05:00,43.55407018747357,43.78521909044779,43.242904159086365,43.749656677246094,40454400,0.0,0.0
2022-01-12 00:00:00-05:00,43.71409970877764,43.90080070563153,43.27847196276243,43.438499450683594,41378000,0.0,0.0
2022-01-13 00:00:00-05:00,43.49184805207447,43.99860412225345,43.234028953200294,43.34960174560547,46337500,0.0,0.0
2022-01-14 00:00:00-05:00,42.24718512773417,42.8784027723741,41.953800272625635,42.593910217285156,72953300,0.0,0.0
2022-01-18 00:00:00-05:00,42.54057298051317,42.602805524321795,40.940301269941315,41.12699890136719,65877400,0.0,0.0
2022-01-19 00:00:00-05:00,43.02064656114783,43.18956633756018,41.20700408381202,41.287017822265625,84451800,0.0,0.0
2022-01-20 00:00:00-05:00,41.50928823148025,41.829343265494394,40.59357785526599,40.67359161376953,46265300,0.0,0.0
2022-01-21 00:00:00-05:00,40.513553951570145,40.91362264390472,39.704527658812935,39.93567657470703,71303600,0.0,0.0
2022-01-24 00:00:00-05:00,39.02886496636735,39.731204125830544,37.86422111837589,39.60673904418945,90672700,0.0,0.0
2022-01-25 00:00:00-05:00,39.37559005241349,40.51356038791452,38.9666323870202,40.389095306396484,73555300,0.0,0.0
2022-01-26 00:00:00-05:00,40.70026234160705,41.304809994534104,40.237960995755806,40.806949615478516,63735800,0.0,0.0
2022-01-27 00:00:00-05:00,41.22478221838512,41.56261835460794,40.08681214868929,40.42464828491211,63402400,0.0,0.0
2022-01-28 00:00:00-05:00,40.300194302115486,40.79805464865043,39.517837968592964,40.7802734375,51048300,0.0,0.0
2022-01-31 00:00:00-05:00,40.4691130657135,41.1358932611014,40.20240166584223,41.02031707763672,44793700,0.0,0.0
2022-02-01 00:00:00-05:00,41.08254933076022,41.873794614334884,40.80694902247927,41.73154830932617,40326600,0.0,0.0
2022-02-02 00:00:00-05:00,41.53596423246336,41.74933200696979,41.16256553994767,41.68709945678711,41125600,0.0,0.0
2022-02-03 00:00:00-05:00,41.980479786623754,42.042712329988234,41.20701236237513,41.27813720703125,35879900,0.0,0.0
2022-02-04 00:00:00-05:00,41.85600995953407,43.28736168622992,41.500392559367086,42.922855377197266,60297100,0.0,0.0
2022-02-07 00:00:00-05:00,43.17178931372331,43.3495946240347,42.665036718214274,43.12733459472656,44824800,0.0,0.0
2022-02-08 00:00:00-05:00,43.69631999224387,44.46978388930053,43.509619003504405,43.90079879760742,49560500,0.0,0.0
2022-02-09 00:00:00-05:00,43.75854941951304,44.265301942805976,43.589629650803104,43.8118896484375,33861100,0.0,0.0
2022-02-10 00:00:00-05:00,44.16751043275724,44.549797929703196,43.34959181437797,43.60741424560547,47082800,0.0,0.0
2022-02-11 00:00:00-05:00,43.234019488135075,43.95413977323507,42.229403260961284,42.60279846191406,61056000,0.0,0.0
2022-02-14 00:00:00-05:00,42.69170937049561,42.84284457151488,41.731544359011615,42.15828323364258,44791900,0.0,0.0
2022-02-15 00:00:00-05:00,42.67392217443008,43.002866041594096,42.29163468363733,42.48722457885742,42397600,0.0,0.0
2022-02-16 00:00:00-05:00,42.17606748076226,42.88730238110978,42.060494692162244,42.38943862915039,36664600,0.0,0.0
2022-02-17 00:00:00-05:00,41.784884028068625,42.04270646686317,40.85139261636361,40.95807647705078,49442400,0.0,0.0
2022-02-18 00:00:00-05:00,40.95808550094436,41.375935518539855,40.64692275896018,40.86029052734375,37856500,0.0,0.0
2022-02-22 00:00:00-05:00,40.15793691095107,40.87806056304294,40.042364147768076,40.50466537475586,51905600,0.0,0.0
2022-02-23 00:00:00-05:00,40.85138920938498,40.99363547557756,39.62451304383743,39.81121063232422,45704900,0.0,0.0
2022-02-24 00:00:00-05:00,38.22872706872527,38.833274651823295,37.384138234271944,38.762149810791016,80484800,0.0,0.0
2022-02-25 00:00:00-05:00,38.94884430424689,40.317963350789306,38.78881683012582,40.02458190917969,68530700,0.0,0.0
2022-02-28 00:00:00-05:00,38.868831562095416,39.34891060532849,38.61989804519162,39.295570373535156,69955300,0.0,0.0
2022-03-01 00:00:00-05:00,38.85993792275977,38.88661142915543,37.27744779430226,37.757530212402344,74895600,0.0,0.0
2022-03-02 00:00:00-05:00,37.99757267729489,38.708804028680255,37.89088543102314,38.370967864990234,70834600,0.0,0.0
2022-03-03 00:00:00-05:00,38.49604516895863,38.86233369505173,37.709863671002395,37.96001434326172,48733800,0.21,0.0
2022-03-04 00:00:00-05:00,37.0130272045886,37.021959575918146,36.021366994947726,36.58420181274414,75572800,0.0,0.0
2022-03-07 00:00:00-05:00,35.67294606065815,35.83375600627203,34.13631920612603,34.25246047973633,109779000,0.0,0.0
2022-03-08 00:00:00-05:00,34.90462485056658,35.43172324188255,34.100575301779344,34.475799560546875,76553800,0.0,0.0
2022-03-09 00:00:00-05:00,36.012435817000394,37.17383838439927,35.87842638660763,36.664608001708984,78207900,0.0,0.0
2022-03-10 00:00:00-05:00,35.994560824883614,37.057690062344044,35.83375090217522,36.33404541015625,48804400,0.0,0.0
2022-03-11 00:00:00-05:00,36.66460410644831,36.96835582946668,35.99456384167258,36.03030014038086,43946600,0.0,0.0
2022-03-14 00:00:00-04:00,36.539525505650275,37.68305964497606,36.539525505650275,36.80754089355469,54262400,0.0,0.0
2022-03-15 00:00:00-04:00,36.86114334536216,37.32570495934742,36.512722986873385,37.075557708740234,41395300,0.0,0.0
2022-03-16 00:00:00-04:00,37.73666308140923,38.46030426869164,37.45077614618601,38.23695755004883,59477600,0.0,0.0
2022-03-17 00:00:00-04:00,37.88854482835034,38.45137962667796,37.37038210912898,38.44244384765625,50260200,0.0,0.0
2022-03-18 00:00:00-04:00,38.2012207365539,38.35309827532153,37.75452730535566,38.326297760009766,74470600,0.0,0.0
2022-03-21 00:00:00-04:00,38.72832329816739,38.799795890706946,37.97787811650598,38.27269744873047,47106400,0.0,0.0
2022-03-22 00:00:00-04:00,39.14821354588916,39.871858159191284,39.041008072511254,39.46983337402344,52360600,0.0,0.0
2022-03-23 00:00:00-04:00,39.05887502628041,39.3179546283629,38.4424359051865,38.49604034423828,48539300,0.0,0.0
2022-03-24 00:00:00-04:00,38.75512730158475,38.79979596801058,38.31736619140975,38.47817611694336,30360800,0.0,0.0
2022-03-25 00:00:00-04:00,38.84446711887613,39.54130790209024,38.71046111102781,39.067813873291016,38968100,0.0,0.0
2022-03-28 00:00:00-04:00,39.04994327289465,39.085679569278184,38.26376520046175,38.90700149536133,37428600,0.0,0.0
2022-03-29 00:00:00-04:00,39.53237190928502,39.65744553501733,38.513911347749655,38.8087272644043,46355800,0.0,0.0
2022-03-30 00:00:00-04:00,38.80873469954802,38.996348582091066,38.19229882262474,38.415645599365234,36601800,0.0,0.0
2022-03-31 00:00:00-04:00,38.272698717126836,38.31736738494403,36.80754460151708,36.82541275024414,67902500,0.0,0.0
2022-04-01 00:00:00-04:00,37.24530488717437,37.28997696607475,36.04816610386864,36.53953170776367,61929200,0.0,0.0
2022-04-04 00:00:00-04:00,36.16430605986176,36.7539413550986,35.87842248689851,36.476993560791016,53761700,0.0,0.0
2022-04-05 00:00:00-04:00,36.12856916065261,36.41445272886344,35.771216404389556,35.86055374145508,51781700,0.0,0.0
2022-04-06 00:00:00-04:00,35.50319692626523,35.74440839036568,35.15477317234117,35.46746063232422,54159800,0.0,0.0
2022-04-07 00:00:00-04:00,35.63719938747128,35.71760433687596,34.70807628501722,35.19050598144531,54585000,0.0,0.0
2022-04-08 00:00:00-04:00,35.27986344632237,35.82482679751698,35.12798584405363,35.440670013427734,41018900,0.0,0.0
2022-04-11 00:00:00-04:00,35.27092090835628,36.092838780109886,35.19051593620649,35.36919403076172,34198700,0.0,0.0
2022-04-12 00:00:00-04:00,35.35132129164884,35.80695054402078,34.70808159794763,34.99396514892578,42855300,0.0,0.0
2022-04-13 00:00:00-04:00,34.39539848453731,34.851024341565356,34.27032485351004,34.68128204345703,45484200,0.0,0.0
2022-04-14 00:00:00-04:00,34.38647019250189,34.815295581739484,33.43054288199161,33.564552307128906,79032000,0.0,0.0
2022-04-18 00:00:00-04:00,33.430536730393044,35.119040862813755,33.251862073756485,34.70808029174805,80080300,0.0,0.0
2022-04-19 00:00:00-04:00,35.02970231919354,35.6282733619958,34.94036498528315,35.351322174072266,53714200,0.0,0.0
2022-04-20 00:00:00-04:00,35.86948563170991,36.066028433549015,35.387055884649165,35.431724548339844,47064300,0.0,0.0
2022-04-21 00:00:00-04:00,35.73548020430935,35.923090657461735,34.5026051830204,34.761688232421875,46245900,0.0,0.0
2022-04-22 00:00:00-04:00,34.672340255751116,34.7080731349099,33.50200241130296,33.555606842041016,50409800,0.0,0.0
2022-04-25 00:00:00-04:00,32.957054902350734,33.412684305499496,32.09940396560255,33.31441116333008,64301100,0.0,0.0
2022-04-26 00:00:00-04:00,32.94811776121011,33.53775312089331,32.537157098157095,32.563961029052734,44809900,0.0,0.0
2022-04-27 00:00:00-04:00,32.403148759116725,32.97491592665982,32.313808009187404,32.38528060913086,39824900,0.0,0.0
2022-04-28 00:00:00-04:00,32.81410555650696,33.01065179578506,32.30487521656016,32.88557815551758,39567800,0.0,0.0
2022-04-29 00:00:00-04:00,32.83196894827899,33.171456928378916,31.750971604908862,31.87604522705078,47385200,0.0,0.0
2022-05-02 00:00:00-04:00,32.1887332606308,32.412080015773675,31.625901891431493,32.28700637817383,46652200,0.0,0.0
2022-05-03 00:00:00-04:00,32.46568640629725,33.618156549706555,32.456754035077566,33.17146301269531,48926000,0.0,0.0
2022-05-04 00:00:00-04:00,33.3858679823591,34.61874287645764,33.3054630238744,34.502601623535156,57860300,0.0,0.0
2022-05-05 00:00:00-04:00,33.993376134267784,34.1363179241117,32.93917915616845,33.537750244140625,48860600,0.0,0.0
2022-05-06 00:00:00-04:00,33.38587526540591,33.60922204236367,32.70690256297491,33.45734786987305,50440100,0.0,0.0
2022-05-09 00:00:00-04:00,32.939170823250535,33.108916498748854,32.21552968623216,32.49247741699219,51242000,0.0,0.0
2022-05-10 00:00:00-04:00,32.831972018298174,33.171460030142605,31.4293547108368,31.94751739501953,60235300,0.0,0.0
2022-05-11 00:00:00-04:00,32.07259800202,32.98384983784225,31.724174173027613,31.77777862548828,54969300,0.0,0.0
2022-05-12 00:00:00-04:00,31.277471231975007,31.652695470494134,30.607431113476824,31.33107566833496,61231500,0.0,0.0
2022-05-13 00:00:00-04:00,31.742037636916546,31.920715710734417,31.054129267918253,31.42041778564453,49117900,0.0,0.0
2022-05-16 00:00:00-04:00,31.26854295117725,31.420417095385478,30.741444519394516,31.098800659179688,39076500,0.0,0.0
2022-05-17 00:00:00-04:00,31.822440456135713,32.35847464148141,31.65269817184322,32.15299606323242,42635600,0.0,0.0
2022-05-18 00:00:00-04:00,31.822441314835295,31.884978126946375,30.91118624235874,31.16133689880371,47396900,0.0,0.0
2022-05-19 00:00:00-04:00,30.63424364426875,31.125605854313054,30.598507343319756,30.777185440063477,47002700,0.0,0.0
2022-05-20 00:00:00-04:00,31.089866464190653,31.250676394481367,29.446034271886276,30.250083923339844,62406500,0.0,0.0
2022-05-23 00:00:00-04:00,31.054131483148566,32.39421202037536,30.964794143867195,32.04579162597656,69081900,0.0,0.0
2022-05-24 00:00:00-04:00,31.68844084627426,32.12619860738194,31.232811526589327,31.84925079345703,46146700,0.0,0.0
2022-05-25 00:00:00-04:00,31.715237852866146,32.40314623778983,31.527627404614474,32.01898956298828,49343400,0.0,0.0
2022-05-26 00:00:00-04:00,32.608627697179394,32.912379433966315,32.465685903867964,32.760501861572266,60201200,0.0,0.0
2022-05-27 00:00:00-04:00,32.95703610786006,33.09997784913568,32.680088401138505,33.073177337646484,43365600,0.0,0.0
2022-05-31 00:00:00-04:00,32.89450555231027,33.52880943660943,32.70689512027822,33.23399353027344,71609200,0.0,0.0
2022-06-01 00:00:00-04:00,33.466278457047935,33.47521423613056,32.313808331473915,32.760501861572266,35237900,0.0,0.0
2022-06-02 00:00:00-04:00,32.71557520914093,32.985134331466405,32.41007395647066,32.97615051269531,35341900,0.21,0.0
2022-06-03 00:00:00-04:00,32.77846618573298,32.95817337672517,32.46398117221883,32.51789093017578,25235200,0.0,0.0
2022-06-06 00:00:00-04:00,32.976152623803756,33.43440281833088,32.43703091700843,32.48196029663086,40394000,0.0,0.0
2022-06-07 00:00:00-04:00,32.25732607284983,32.715576252656746,32.11356097451527,32.66166305541992,29152200,0.0,0.0
2022-06-08 00:00:00-04:00,32.275287857209385,32.44601123701348,31.915876890374374,32.24833297729492,33590600,0.0,0.0
2022-06-09 00:00:00-04:00,32.11355807295748,32.20340996593682,30.999376090811687,31.008359909057617,49419000,0.0,0.0
2022-06-10 00:00:00-04:00,30.2625805921655,30.586052901704605,29.669549167220516,29.8043270111084,49318200,0.0,0.0
2022-06-13 00:00:00-04:00,29.10347513872202,29.444918542457124,28.519429195698,28.771018981933594,61216600,0.0,0.0
2022-06-14 00:00:00-04:00,28.68115958134808,29.292160286753024,28.061171630808587,28.267833709716797,49349800,0.0,0.0
2022-06-15 00:00:00-04:00,28.73507471203717,29.193328298580415,28.231896890808535,28.797971725463867,51540100,0.0,0.0
2022-06-16 00:00:00-04:00,28.30377838273965,28.7530447062752,27.72871803703495,28.61826515197754,61363400,0.0,0.0
2022-06-17 00:00:00-04:00,28.77999930530302,29.274194998427298,28.42957212481853,28.681161880493164,80470300,0.0,0.0
2022-06-21 00:00:00-04:00,29.552742059949626,29.91215653660681,29.3101378023506,29.516799926757812,53537200,0.0,0.0
2022-06-22 00:00:00-04:00,29.103476599786184,29.59766895012033,29.04057957852351,29.29216766357422,38305600,0.0,0.0
2022-06-23 00:00:00-04:00,29.094489311116664,29.12144419483527,28.088131949454766,28.82493019104004,44091500,0.0,0.0
2022-06-24 00:00:00-04:00,28.079145563929945,29.444915615475107,28.06117449945342,29.031591415405273,79504700,0.0,0.0
2022-06-27 00:00:00-04:00,29.130426689248942,29.29216283946835,28.67217654871396,29.067529678344727,47900300,0.0,0.0
2022-06-28 00:00:00-04:00,29.49882867723033,30.100843910171328,28.9237648994387,28.986661911010742,49863800,0.0,0.0
2022-06-29 00:00:00-04:00,28.959706790918904,29.14839782408879,28.44754345652634,28.62725067138672,35149700,0.0,0.0
2022-06-30 00:00:00-04:00,28.007263235186436,28.34870489379055,27.531040305787098,27.97132110595703,46312300,0.0,0.0
2022-07-01 00:00:00-04:00,27.83654005466371,28.45652804006856,27.522053296048792,28.357688903808594,40236100,0.0,0.0
2022-07-05 00:00:00-04:00,27.67480506438529,28.070159912109375,27.36032000646105,28.070159912109375,47411800,0.0,0.0
2022-07-06 00:00:00-04:00,27.863498727000845,28.079146365429533,27.531040879955523,27.8365421295166,35933700,0.0,0.0
2022-07-07 00:00:00-04:00,28.30377837016404,28.762028511809483,28.276821773790477,28.62725067138672,40137900,0.0,0.0
2022-07-08 00:00:00-04:00,28.762028796305763,28.9776781417973,28.35769012959296,28.564353942871094,31153800,0.0,0.0
2022-07-11 00:00:00-04:00,28.348701777779116,28.564351101821874,28.115084818726707,28.267833709716797,29311900,0.0,0.0
2022-07-12 00:00:00-04:00,27.872483001893983,28.779999463320404,27.836540873536695,28.1779842376709,39527000,0.0,0.0
2022-07-13 00:00:00-04:00,27.917408861098917,27.989291403773375,27.31539192351969,27.71074676513672,44153700,0.0,0.0
2022-07-14 00:00:00-04:00,27.03684972819637,27.153658227917692,26.65946591659762,27.072790145874023,51707800,0.0,0.0
2022-07-15 00:00:00-04:00,27.540027512215545,29.319123599473873,27.50408709461642,28.977680206298828,77801700,0.0,0.0
2022-07-18 00:00:00-04:00,29.72346184073907,29.993020951423546,28.84289682347035,28.986661911010742,56382900,0.0,0.0
2022-07-19 00:00:00-04:00,29.561725594849737,30.208666772910373,29.364047314748685,29.966062545776367,46874900,0.0,0.0
2022-07-20 00:00:00-04:00,29.81331002602178,30.055914223744484,29.60664795262014,29.975046157836914,35514900,0.0,0.0
2022-07-21 00:00:00-04:00,29.73244480755958,30.25359194960613,29.606650788018342,30.235624313354492,31244000,0.0,0.0
2022-07-22 00:00:00-04:00,30.190693688920863,30.496194906990066,29.73244357563197,30.037944793701172,27115400,0.0,0.0
2022-07-25 00:00:00-04:00,30.35243059909731,30.532137807393802,30.04692937328225,30.307504653930664,30381000,0.0,0.0
2022-07-26 00:00:00-04:00,30.01997498021839,30.352431093017458,29.615634611879,29.696502685546875,30645700,0.0,0.0
2022-07-27 00:00:00-04:00,29.867231809686636,30.34345309731567,29.60665647479766,30.181716918945312,30344800,0.0,0.0
2022-07-28 00:00:00-04:00,30.100844047572437,30.32547721210656,29.56172582374257,29.93910789489746,40176500,0.0,0.0
2022-07-29 00:00:00-04:00,30.07388758438558,30.49619558073038,29.96606120318147,30.3793888092041,48152500,0.0,0.0
2022-08-01 00:00:00-04:00,30.208667444950564,30.45127167748169,29.84925643306121,30.289535522460938,32336700,0.0,0.0
2022-08-02 00:00:00-04:00,30.19069127588849,30.298517646092264,29.651573135387803,29.687515258789062,37884100,0.0,0.0
2022-08-03 00:00:00-04:00,30.028958612712774,30.32547602353863,29.804325456982856,30.22663688659668,30065800,0.0,0.0
2022-08-04 00:00:00-04:00,30.118816923243415,30.2535947734907,29.80432841740586,30.01099395751953,28404500,0.0,0.0
2022-08-05 00:00:00-04:00,29.90316157483957,30.846623475755294,29.86722287854998,30.514163970947266,35874500,0.0,0.0
2022-08-08 00:00:00-04:00,30.70285886325983,30.810685248654845,30.05591768903988,30.091859817504883,33454300,0.0,0.0
2022-08-09 00:00:00-04:00,30.23563058639419,30.514173565273886,30.019981202703793,30.47823143005371,40196900,0.0,0.0
2022-08-10 00:00:00-04:00,30.999370498804034,31.835005977764755,30.9544445604186,31.511533737182617,61415800,0.0,0.0
2022-08-11 00:00:00-04:00,32.14051380625703,32.40108910147794,32.03269084630118,32.26630783081055,50420800,0.0,0.0
2022-08-12 00:00:00-04:00,32.490939532142676,32.62572079673412,32.06862810221076,32.61673355102539,31821700,0.0,0.0
2022-08-15 00:00:00-04:00,32.20341339141556,32.61673762729384,32.050661043946405,32.57181167602539,24908000,0.0,0.0
2022-08-16 00:00:00-04:00,32.51788569442678,33.191784981419865,32.437017642882445,32.92222595214844,31870200,0.0,0.0
2022-08-17 00:00:00-04:00,32.5268851234575,32.8773123355558,32.4190621568804,32.715576171875,27125600,0.0,0.0
2022-08-18 00:00:00-04:00,32.57181144186308,32.70659272232983,32.34717825950541,32.5987663269043,23138300,0.0,0.0
2022-08-19 00:00:00-04:00,32.3112353210022,32.37413233628161,31.727191118031918,31.879940032958984,36485400,0.0,0.0
2022-08-22 00:00:00-04:00,31.22400497327954,31.286901975274347,30.954445903640448,31.197050094604492,31210300,0.0,0.0
2022-08-23 00:00:00-04:00,31.152125511867954,31.421688050543654,30.873582582427158,30.918508529663086,26588000,0.0,0.0
2022-08-24 00:00:00-04:00,30.774743110200436,31.26893537972874,30.595035895563772,31.01734733581543,31389400,0.0,0.0
2022-08-25 00:00:00-04:00,31.089227743100164,31.70023020799332,30.954449904674604,31.57443618774414,40576700,0.0,0.0
2022-08-26 00:00:00-04:00,31.844001353276482,31.879943488083033,30.568086416319733,30.577070236206055,36152600,0.0,0.0
2022-08-29 00:00:00-04:00,30.424320165123717,30.6848954912649,30.199686972442805,30.460262298583984,34931000,0.0,0.0
2022-08-30 00:00:00-04:00,30.711843792397445,30.80169567915182,30.136783490858008,30.6309757232666,48194900,0.0,0.0
2022-08-31 00:00:00-04:00,30.675903432665752,30.88256552620223,30.190694989947076,30.199682235717773,44917600,0.0,0.0
2022-09-01 00:00:00-04:00,30.15445577149673,30.290125068349486,29.539427606134353,30.272035598754883,32848900,0.22,0.0
2022-09-02 00:00:00-04:00,30.688085340227943,31.185533715475955,30.091146599887566,30.235858917236328,44000800,0.0,0.0
2022-09-06 00:00:00-04:00,30.425795495981088,30.507196396305982,29.494210097984908,29.901214599609375,40762400,0.0,0.0
2022-09-07 00:00:00-04:00,29.675103147448553,30.452929802411496,29.512301337052662,30.362485885620117,40742600,0.0,0.0
2022-09-08 00:00:00-04:00,30.262991430260378,31.411646959888422,30.091146631420457,31.339292526245117,44361800,0.0,0.0
2022-09-09 00:00:00-04:00,31.637762425340725,31.88196512543356,31.511139569784596,31.60158348083496,37295100,0.0,0.0
2022-09-12 00:00:00-04:00,31.83674731032608,32.225662388806924,31.682988501287035,31.90005874633789,30534000,0.0,0.0
2022-09-13 00:00:00-04:00,31.275986295663373,31.402609163222436,30.579557073874156,30.751401901245117,40959600,0.0,0.0
2022-09-14 00:00:00-04:00,30.932288775268546,31.131266060080698,30.335350020404324,30.633817672729492,32004400,0.0,0.0
2022-09-15 00:00:00-04:00,30.561465603338522,31.565408916561562,30.480064700909246,31.212669372558594,44863300,0.0,0.0
2022-09-16 00:00:00-04:00,30.92324528397122,30.95942423021631,30.4438863219735,30.859933853149414,54281800,0.0,0.0
2022-09-19 00:00:00-04:00,30.49815596714801,31.538274836893102,30.416755059931926,31.375473022460938,29782000,0.0,0.0
2022-09-20 00:00:00-04:00,31.203620529703734,31.45686620094895,30.642860778997825,30.905149459838867,33591100,0.0,0.0
2022-09-21 00:00:00-04:00,31.031781699872973,31.113182602708168,29.955480490139372,29.982616424560547,51667800,0.0,0.0
2022-09-22 00:00:00-04:00,30.127330144101645,30.226817074178072,29.29523160457253,29.39472198486328,47527500,0.0,0.0
2022-09-23 00:00:00-04:00,28.879183059168845,29.023895393609518,28.227975829078712,28.698291778564453,55316100,0.0,0.0
2022-09-26 00:00:00-04:00,28.32746262150419,28.77968904068556,27.748613356986233,28.06517219543457,40360200,0.0,0.0
2022-09-27 00:00:00-04:00,28.282241848801085,28.372687481429686,27.40492145494267,27.649124145507812,43396600,0.0,0.0
2022-09-28 00:00:00-04:00,27.612948998988003,28.318421191178906,27.486324413766056,28.10135269165039,38372900,0.0,0.0
2022-09-29 00:00:00-04:00,27.75766017868779,27.947594460968393,27.323521472561957,27.730525970458984,35220900,0.0,0.0
2022-09-30 00:00:00-04:00,27.82096911230463,28.20988410318764,27.28734180738704,27.314476013183594,42294100,0.0,0.0
2022-10-03 00:00:00-04:00,27.66721176364503,28.291284689358477,27.314475717640704,28.11943817138672,34591700,0.0,0.0
2022-10-04 00:00:00-04:00,28.689245710025112,29.412809073741624,28.634979018406156,29.28618621826172,39758700,0.0,0.0
2022-10-05 00:00:00-04:00,28.526446807151956,28.969626819539283,28.44504590382573,28.87013816833496,35791100,0.0,0.0
2022-10-06 00:00:00-04:00,28.580708962041996,28.833954643187738,28.363640496014153,28.454084396362305,40891900,0.0,0.0
2022-10-07 00:00:00-04:00,28.191798097717605,28.255109527251,27.612948770432762,27.811927795410156,52304600,0.0,0.0
2022-10-10 00:00:00-04:00,27.947594460968393,28.083262051898394,27.450146052522705,27.730525970458984,37669100,0.0,0.0
2022-10-11 00:00:00-04:00,27.46823201708851,27.558675916087836,26.744668749346356,26.925559997558594,58124000,0.0,0.0
2022-10-12 00:00:00-04:00,26.8079829908562,27.413966493522306,26.663270667094768,27.0069637298584,36137900,0.0,0.0
2022-10-13 00:00:00-04:00,26.59995816454629,28.734467441300982,26.509512534579127,28.662111282348633,67671000,0.0,0.0
2022-10-14 00:00:00-04:00,28.770644569626725,29.512297352988085,28.55357609343812,28.67115592956543,58108500,0.0,0.0
2022-10-17 00:00:00-04:00,30.17255096543877,30.633820451865994,29.729367501823894,30.40770721435547,88896800,0.0,0.0
2022-10-18 00:00:00-04:00,31.637765238673005,31.98145834161197,31.004647454379445,31.547321319580078,81937900,0.0,0.0
2022-10-19 00:00:00-04:00,31.275985083311618,31.502098323820643,30.543376941985237,30.67904281616211,43139900,0.0,0.0
2022-10-20 00:00:00-04:00,30.73331010809768,31.321205891932006,30.38057401788273,30.480064392089844,39549100,0.0,0.0
2022-10-21 00:00:00-04:00,30.35344286842389,31.692032847931944,30.35344286842389,31.610631942749023,54870300,0.0,0.0
2022-10-24 00:00:00-04:00,31.75533711123593,31.891002955772613,31.393554625377803,31.719158172607422,33765600,0.0,0.0
2022-10-25 00:00:00-04:00,31.42069083681207,32.18043130377062,31.230753132412296,32.008583068847656,37132300,0.0,0.0
2022-10-26 00:00:00-04:00,32.03572177557313,32.641707045100176,31.972410345203553,32.288970947265625,41104600,0.0,0.0
2022-10-27 00:00:00-04:00,32.695975305719806,32.894952607254375,32.35228222093948,32.442726135253906,35261900,0.0,0.0
2022-10-28 00:00:00-04:00,32.59648732952705,32.83164359418475,32.23470474520737,32.72311019897461,31659100,0.0,0.0
2022-10-31 00:00:00-04:00,32.560310002360374,32.858781166818346,32.38846516386961,32.59648895263672,32565500,0.0,0.0
2022-11-01 00:00:00-04:00,32.95826244264856,33.24768709470806,32.65979477968082,32.74119567871094,29913200,0.0,0.0
2022-11-02 00:00:00-04:00,32.623618900293636,33.71800618433912,32.51508550812916,32.64170837402344,57380600,0.0,0.0
2022-11-03 00:00:00-04:00,32.28896681884666,32.68692482317513,32.026674669300874,32.460811614990234,30046500,0.0,0.0
2022-11-04 00:00:00-04:00,33.012522502980524,33.46474883863779,32.75927685908066,33.27481460571289,39369400,0.0,0.0
2022-11-07 00:00:00-05:00,33.47380065917969,33.772271775387814,33.220554948613305,33.47380065917969,37533700,0.0,0.0
2022-11-08 00:00:00-05:00,33.54615384697151,33.84462147113918,33.238639762857616,33.56424331665039,32664300,0.0,0.0
2022-11-09 00:00:00-05:00,33.356220321177524,33.42857475126409,32.9130369298729,33.030616760253906,30164400,0.0,0.0
2022-11-10 00:00:00-05:00,33.73608841600056,34.56818677787462,33.591376107441626,34.486785888671875,45702800,0.0,0.0
2022-11-11 00:00:00-05:00,34.541055267185925,34.911880820950024,34.3420779738437,34.74003601074219,35688700,0.0,0.0
2022-11-14 00:00:00-05:00,34.45060884996525,34.6043641768249,34.14309474603217,34.152137756347656,35541400,0.0,0.0
2022-11-15 00:00:00-05:00,34.541049795030034,34.64054015104643,33.736087387571516,34.097869873046875,46082800,0.0,0.0
2022-11-16 00:00:00-05:00,34.016468872485056,34.134048697403074,33.6456433787099,33.79035568237305,23813000,0.0,0.0
2022-11-17 00:00:00-05:00,33.35622249232474,33.64564713193683,33.066797852712654,33.61851119995117,23689700,0.0,0.0
2022-11-18 00:00:00-05:00,34.179282030947974,34.233547006514605,33.39240538308559,33.6366081237793,32041800,0.0,0.0
2022-11-21 00:00:00-05:00,33.54615932692482,33.93507436301836,33.51902684308103,33.745140075683594,27935700,0.0,0.0
2022-11-22 00:00:00-05:00,33.99837999372162,34.18831424866318,33.85366768754516,33.907936096191406,23499300,0.0,0.0
2022-11-23 00:00:00-05:00,33.90794229058411,34.061697634516605,33.79940545346382,34.016475677490234,18934700,0.0,0.0
2022-11-25 00:00:00-05:00,34.11595934234199,34.25162518673514,33.97124703819454,34.097869873046875,16118500,0.0,0.0
2022-11-28 00:00:00-05:00,33.826536293775604,34.06169250502811,33.31099847084074,33.338130950927734,35428300,0.0,0.0
2022-11-29 00:00:00-05:00,33.44666272799824,33.60042149166426,33.211506527949226,33.464752197265625,27048800,0.0,0.0
2022-11-30 00:00:00-05:00,33.37430468128508,34.2335319519043,32.74118712645005,34.2335319519043,51747900,0.0,0.0
2022-12-01 00:00:00-05:00,34.11527670958714,34.28812619557697,33.11456331426008,33.25102233886719,46213200,0.22,0.0
2022-12-02 00:00:00-05:00,32.80524913698188,33.01448907034592,32.57781397414464,32.82344436645508,42295300,0.0,0.0
2022-12-05 00:00:00-05:00,32.57781342480718,32.650590871087616,31.058544758072536,31.358760833740234,71386600,0.0,0.0
2022-12-06 00:00:00-05:00,31.449735002030415,31.54980703200316,29.484695273791495,30.021442413330078,84085700,0.0,0.0
2022-12-07 00:00:00-05:00,29.648451514535704,29.94866416080932,29.430112205112135,29.784914016723633,49234100,0.0,0.0
2022-12-08 00:00:00-05:00,29.99415262727126,30.012347858104377,29.275456626097565,29.511987686157227,45491100,0.0,0.0
2022-12-09 00:00:00-05:00,29.211774682779282,29.657545686186374,29.184483572068554,29.45740509033203,36985500,0.0,0.0
2022-12-12 00:00:00-05:00,29.39372084495973,29.8212965788751,29.166285688695254,29.77581024169922,41060500,0.0,0.0
2022-12-13 00:00:00-05:00,30.5218020829293,30.630970003419264,29.630256546425763,29.794010162353516,54804800,0.0,0.0
2022-12-14 00:00:00-05:00,29.839495888767054,30.021444732739557,29.25726236436349,29.366430282592773,48819500,0.0,0.0
2022-12-15 00:00:00-05:00,28.884264869304296,29.102602411274358,28.64773209837193,28.9024600982666,49027600,0.0,0.0
2022-12-16 00:00:00-05:00,28.76600216902621,29.048021304795206,28.520371759553516,28.838781356811523,61795200,0.0,0.0
2022-12-19 00:00:00-05:00,28.893363232575894,29.320940713115814,28.866070388425122,29.16628646850586,38374100,0.0,0.0
2022-12-20 00:00:00-05:00,29.47559980325934,29.63935340541853,29.239065279969253,29.2845516204834,35561100,0.0,0.0
2022-12-21 00:00:00-05:00,29.584771124894395,29.903179015582563,29.484699081996474,29.730329513549805,32544000,0.0,0.0
2022-12-22 00:00:00-05:00,29.584766585745765,29.63935227451119,28.99343550566114,29.46649932861328,30234400,0.0,0.0
2022-12-23 00:00:00-05:00,29.47559837004371,29.639351964240575,29.28455019655726,29.53927993774414,21378600,0.0,0.0
2022-12-27 00:00:00-05:00,29.566579046675106,29.72123333282623,29.366434939527906,29.593870162963867,22776100,0.0,0.0
2022-12-28 00:00:00-05:00,29.630255519527378,29.994153202396447,29.59386505716337,29.812204360961914,30541000,0.0,0.0
2022-12-29 00:00:00-05:00,29.921368555036782,30.166998939855766,29.794005422993994,30.1488037109375,22252900,0.0,0.0
2022-12-30 00:00:00-05:00,30.112416188985478,30.29436502552262,29.894080361449237,30.130611419677734,28198900,0.0,0.0
2023-01-03 00:00:00-05:00,30.230686284876334,31.013063925998342,30.21249105247981,30.48541259765625,35221500,0.0,0.0
2023-01-04 00:00:00-05:00,30.840212141801615,31.67717194779699,30.776530568318726,31.058547973632812,41998500,0.0,0.0
2023-01-05 00:00:00-05:00,30.85840292412331,31.058546988944382,30.549094417233096,30.99486541748047,34177000,0.0,0.0
2023-01-06 00:00:00-05:00,31.01306148327172,31.458835965911124,30.512704778127606,31.30417823791504,34068700,0.0,0.0
2023-01-09 00:00:00-05:00,31.613487513028954,31.62258339253805,30.66735640636529,30.83111000061035,43818800,0.0,0.0
2023-01-10 00:00:00-05:00,30.694652898622717,31.176814361513035,30.603676745936088,31.04035186767578,35096000,0.0,0.0
2023-01-11 00:00:00-05:00,31.040349569889287,31.3314662961656,30.931181665131948,31.276884078979492,36783700,0.0,0.0
2023-01-12 00:00:00-05:00,31.47702461774407,31.72265500591261,31.258688808517668,31.358760833740234,44230400,0.0,0.0
2023-01-13 00:00:00-05:00,31.11313889927241,32.19572930093291,30.103325963666588,32.0501708984375,89667800,0.0,0.0
2023-01-17 00:00:00-05:00,31.558907277050885,31.686273904878718,31.067649879829435,31.404253005981445,56458400,0.0,0.0
2023-01-18 00:00:00-05:00,31.231402698151673,31.24049857899799,30.485412064483935,30.67646026611328,54517800,0.0,0.0
2023-01-19 00:00:00-05:00,30.276166802740914,30.521797187233435,29.921368515268963,30.230680465698242,42707100,0.0,0.0
2023-01-20 00:00:00-05:00,30.29436490765228,30.831112064636475,30.103320191705038,30.794721603393555,45004400,0.0,0.0
2023-01-23 00:00:00-05:00,30.758335239203145,31.395150972001694,30.703749546226643,31.222301483154297,33683300,0.0,0.0
2023-01-24 00:00:00-05:00,31.131324009366498,31.649875866520645,30.885693634337965,31.449731826782227,26716700,0.0,0.0
2023-01-25 00:00:00-05:00,31.204102468599213,31.804531136995656,31.15861613182684,31.722654342651367,28859700,0.0,0.0
2023-01-26 00:00:00-05:00,31.886408605019312,32.15933010180474,31.64987756657464,32.15023422241211,30035500,0.0,0.0
2023-01-27 00:00:00-05:00,32.24120201268497,32.55051392094415,32.08654779374768,32.250301361083984,29964900,0.0,0.0
2023-01-30 00:00:00-05:00,32.03196521889478,32.35037650641189,32.004674111822006,32.11384201049805,27353500,0.0,0.0
2023-01-31 00:00:00-05:00,31.99557847086679,32.2775993347168,31.84092421901652,32.2775993347168,38917400,0.0,0.0
2023-02-01 00:00:00-05:00,32.02286848847242,32.987191263507356,31.940991699046357,32.677879333496094,44438700,0.0,0.0
2023-02-02 00:00:00-05:00,32.84163623715524,33.096365980260565,32.24120754403979,32.86893081665039,33729100,0.0,0.0
2023-02-03 00:00:00-05:00,32.76885601984166,33.442062103814024,32.659688122243274,33.141849517822266,37411700,0.0,0.0
2023-02-06 00:00:00-05:00,32.978093311043,33.15094275767966,32.732462958211144,33.08726119995117,29463200,0.0,0.0
2023-02-07 00:00:00-05:00,32.90532152372508,33.66040801802255,32.868934530928364,33.451168060302734,44100200,0.0,0.0
2023-02-08 00:00:00-05:00,33.12365528073023,33.5148440184106,33.059973716027386,33.20553207397461,28032800,0.0,0.0
2023-02-09 00:00:00-05:00,32.99629401420542,33.06907146209535,32.35037898124705,32.49593734741211,35257100,0.0,0.0
2023-02-10 00:00:00-05:00,32.34128528018875,32.37767574568249,31.868219639927595,32.36857986450195,32898900,0.0,0.0
2023-02-13 00:00:00-05:00,32.27759707982844,32.55051857427686,32.19572028445541,32.432254791259766,29163900,0.0,0.0
2023-02-14 00:00:00-05:00,32.41405998214192,32.74156716787664,32.25940226870714,32.40496063232422,33625200,0.0,0.0
2023-02-15 00:00:00-05:00,32.13204065291069,32.39586628393048,31.986482282414475,32.350379943847656,23500100,0.0,0.0
2023-02-16 00:00:00-05:00,32.223016687580426,32.441356001247115,32.04107130830812,32.09565353393555,22681100,0.0,0.0
2023-02-17 00:00:00-05:00,31.913709126513204,32.19572655520479,31.604397113791062,32.15933609008789,28562700,0.0,0.0
2023-02-21 00:00:00-05:00,31.75905136468029,31.886414522122358,31.176817804724674,31.404253005981445,37068900,0.0,0.0
2023-02-22 00:00:00-05:00,31.258688891277146,31.43153836323777,30.994863273243723,31.19500732421875,38550400,0.0,0.0
2023-02-23 00:00:00-05:00,31.29507785635877,31.47702319905199,30.803817102163165,31.16771125793457,28488000,0.0,0.0
2023-02-24 00:00:00-05:00,30.803820764482364,31.19500954447483,30.785625533972787,31.122228622436523,27046600,0.0,0.0
2023-02-27 00:00:00-05:00,31.340567918166066,31.55890374351024,31.08583816141737,31.122228622436523,30137500,0.0,0.0
2023-02-28 00:00:00-05:00,31.24958980808053,31.376956413669063,31.094935564015042,31.204103469848633,32620600,0.0,0.0
2023-03-01 00:00:00-05:00,31.067647324350638,31.376959311432728,30.912989595616857,31.058547973632812,29281600,0.0,0.0
2023-03-02 00:00:00-05:00,30.820478933384628,30.857105415259714,30.21615595401997,30.66482162475586,44607200,0.22,0.0
2023-03-03 00:00:00-05:00,30.811322036199527,31.397331736147503,30.811322036199527,31.278297424316406,39109100,0.0,0.0
2023-03-06 00:00:00-05:00,31.351550432641865,31.6445552830774,31.122640174933274,31.214202880859375,36646700,0.0,0.0
2023-03-07 00:00:00-05:00,30.994449536125597,31.040234384994783,30.03302708906333,30.216156005859375,52855300,0.0,0.0
2023-03-08 00:00:00-05:00,29.90484091945317,30.188690943837493,29.703398741316306,29.813278198242188,40045600,0.0,0.0
2023-03-09 00:00:00-05:00,29.55689787074211,29.65761896519164,27.75308527123249,27.96368408203125,112457900,0.0,0.0
2023-03-10 00:00:00-05:00,27.762238724769965,28.421501454732926,26.480341494709663,27.71645736694336,165330900,0.0,0.0
2023-03-13 00:00:00-04:00,26.48033976122063,27.212851917174792,25.518917338224952,26.10492706298828,218403300,0.0,0.0
2023-03-14 00:00:00-04:00,27.46007362259153,27.55163807268834,26.06829887117055,26.33383560180664,154255800,0.0,0.0
2023-03-15 00:00:00-04:00,25.528072981485167,26.150709206036694,25.344945810200286,26.08661460876465,131104400,0.0,0.0
2023-03-16 00:00:00-04:00,25.985894637618294,26.98394361428259,25.738672858517813,26.526123046875,108348800,0.0,0.0
2023-03-17 00:00:00-04:00,26.24227168941654,26.24227168941654,25.29000592965891,25.473133087158203,130665500,0.0,0.0
2023-03-20 00:00:00-04:00,25.857702438142475,26.031674722581894,25.317474091551656,25.409038543701172,81441200,0.0,0.0
2023-03-21 00:00:00-04:00,26.21480543253453,26.535280185258763,26.10492947222427,26.178180694580078,84854800,0.0,0.0
2023-03-22 00:00:00-04:00,26.28805477568688,26.31552463702421,25.308319091796875,25.308319091796875,76925900,0.0,0.0
2023-03-23 00:00:00-04:00,25.637948445291592,25.720356276438615,24.53002365434302,24.69483757019043,105335900,0.0,0.0
2023-03-24 00:00:00-04:00,24.35605479685542,24.987847675665833,24.099674647633847,24.850500106811523,96872700,0.0,0.0
2023-03-27 00:00:00-04:00,25.57385608414148,26.23311704437127,25.555542843078953,26.08661460876465,102469800,0.0,0.0
2023-03-28 00:00:00-04:00,25.985890745076468,26.233114233591113,25.619634695302885,25.747825622558594,63416500,0.0,0.0
2023-03-29 00:00:00-04:00,26.086611042639042,26.342991143126017,25.85770079999063,26.251426696777344,62666400,0.0,0.0
2023-03-30 00:00:00-04:00,26.480337806717884,26.60852698793659,25.738669085250717,25.912639617919922,67427100,0.0,0.0
2023-03-31 00:00:00-04:00,26.205649209275812,26.2605871866037,25.876017852414854,26.187335968017578,56482100,0.0,0.0
2023-04-03 00:00:00-04:00,26.223962053634867,26.535280185258763,25.940113785311986,26.178180694580078,51996800,0.0,0.0
2023-04-04 00:00:00-04:00,26.141549716164032,26.233114164979597,25.326629789243373,25.6196346282959,56233300,0.0,0.0
2023-04-05 00:00:00-04:00,25.326632332688426,25.555542604492516,25.143503416666448,25.308319091796875,47799400,0.0,0.0
2023-04-06 00:00:00-04:00,25.381569752237805,25.647106500001144,25.29000704268178,25.49144744873047,41216600,0.0,0.0
2023-04-10 00:00:00-04:00,25.33578812260582,25.72951405663367,25.317474882314592,25.583011627197266,40572700,0.0,0.0
2023-04-11 00:00:00-04:00,25.656264311701122,26.324681902602578,25.601324587680068,26.288055419921875,58761200,0.0,0.0
2023-04-12 00:00:00-04:00,26.260586341775795,26.56274782702858,25.97673809719209,26.077457427978516,44313300,0.0,0.0
2023-04-13 00:00:00-04:00,26.150711059570312,26.223962282565587,25.85770616758921,26.150711059570312,52261400,0.0,0.0
2023-04-14 00:00:00-04:00,26.828285759336595,27.350202696693728,26.78250439911347,27.029727935791016,81110800,0.0,0.0
2023-04-17 00:00:00-04:00,27.258634655193813,27.844644372147787,26.919846696050598,27.808019638061523,83704400,0.0,0.0
2023-04-18 00:00:00-04:00,28.20174254070978,28.32077685057404,27.28610152644717,27.98198890686035,114498800,0.0,0.0
2023-04-19 00:00:00-04:00,27.58826834056691,27.652364691008533,27.276951942085343,27.524173736572266,65594200,0.0,0.0
2023-04-20 00:00:00-04:00,27.322734211105846,27.67983372891311,27.258639604981163,27.37767219543457,43193800,0.0,0.0
2023-04-21 00:00:00-04:00,27.24032295172505,27.45091998733065,26.929004835418162,27.350200653076172,44759000,0.0,0.0
2023-04-24 00:00:00-04:00,27.27695106476333,27.377670405038156,27.093822133714145,27.249481201171875,28020300,0.0,0.0
2023-04-25 00:00:00-04:00,26.96563280608127,27.038884028875355,26.38877789843682,26.40709114074707,49718800,0.0,0.0
2023-04-26 00:00:00-04:00,26.333839311306328,26.49865499540792,25.912643480108162,26.040834426879883,45848400,0.0,0.0
2023-04-27 00:00:00-04:00,26.11408508720651,26.626843623941692,26.11408508720651,26.452871322631836,33060100,0.0,0.0
2023-04-28 00:00:00-04:00,26.123240060964118,26.9473166653733,26.104926820623604,26.80997085571289,45592500,0.0,0.0
2023-05-01 00:00:00-04:00,27.01141358305413,27.048040066884973,26.55359301384982,26.590219497680664,34076800,0.0,0.0
2023-05-02 00:00:00-04:00,26.416245266808037,26.42540188709829,25.3724132575268,25.784452438354492,70797700,0.0,0.0
2023-05-03 00:00:00-04:00,25.784451516049057,26.095769608994907,25.463976803140486,25.5097599029541,51139500,0.0,0.0
2023-05-04 00:00:00-04:00,25.253386142520124,25.46398321535421,24.56665519040687,24.713157653808594,82173800,0.0,0.0
2023-05-05 00:00:00-04:00,25.29000754430831,25.537229310038644,25.15265998435651,25.372413635253906,50087100,0.0,0.0
2023-05-08 00:00:00-04:00,25.711202566126815,25.77529716506138,25.32663322607259,25.354103088378906,34245500,0.0,0.0
2023-05-09 00:00:00-04:00,25.106877901487945,25.48229059587025,24.94206223147684,25.326631546020508,32188800,0.0,0.0
2023-05-10 00:00:00-04:00,25.601325788320622,25.63795227271902,24.74062436232111,25.015316009521484,44446400,0.0,0.0
2023-05-11 00:00:00-04:00,24.731467684230054,25.170975017316604,24.612433356656467,25.079410552978516,34897300,0.0,0.0
2023-05-12 00:00:00-04:00,25.19844397761061,25.225912093414934,24.612432474713657,24.804718017578125,38142000,0.0,0.0
2023-05-15 00:00:00-04:00,24.813872492638072,25.473133411637235,24.749777899374546,25.317474365234375,38722800,0.0,0.0
2023-05-16 00:00:00-04:00,25.436512184353287,25.54638814610816,25.024472961655203,25.051942825317383,33347500,0.0,0.0
2023-05-17 00:00:00-04:00,25.399880574793336,26.251426965596856,25.390723955420047,26.159862518310547,61750400,0.0,0.0
2023-05-18 00:00:00-04:00,26.04083403856493,26.09577201696395,25.637951455262826,26.068302154541016,51146100,0.0,0.0
2023-05-19 00:00:00-04:00,26.05914331790434,26.251428845620985,25.665419135335394,25.738670349121094,50062500,0.0,0.0
2023-05-22 00:00:00-04:00,25.912647573547698,26.049995162960503,25.647112510007045,25.94927406311035,36473700,0.0,0.0
2023-05-23 00:00:00-04:00,25.930954719620523,26.626842139620667,25.91264147914629,26.169021606445312,51400400,0.0,0.0
2023-05-24 00:00:00-04:00,25.94011018507319,26.104925849110643,25.637948716486747,25.72951316833496,50606900,0.0,0.0
2023-05-25 00:00:00-04:00,25.6287939432281,25.85770421611843,25.52807286429338,25.793609619140625,40517800,0.0,0.0
2023-05-26 00:00:00-04:00,25.82108127392028,26.004208457082928,25.445668540022915,25.92180061340332,57879100,0.0,0.0
2023-05-30 00:00:00-04:00,25.93095459152586,26.08661364189442,25.59216837665982,25.87601661682129,41819600,0.0,0.0
2023-05-31 00:00:00-04:00,25.729513593110667,25.78445156654792,25.16181537943679,25.44566535949707,61905200,0.0,0.0
2023-06-01 00:00:00-04:00,25.62102503142615,25.82407286528343,25.233386977420214,25.639484405517578,57426100,0.22,0.0
2023-06-02 00:00:00-04:00,25.990205130015543,26.719334602981167,25.953288140200378,26.497825622558594,66578100,0.0,0.0
2023-06-05 00:00:00-04:00,26.599347490670585,26.599347490670585,26.11941435334138,26.340923309326172,34757800,0.0,0.0
2023-06-06 00:00:00-04:00,26.267090177505125,27.16235055544379,26.257862249824704,26.977760314941406,46297900,0.0,0.0
2023-06-07 00:00:00-04:00,27.042365236345056,27.365397263478787,26.774711335268258,27.20849609375,44502600,0.0,0.0
2023-06-08 00:00:00-04:00,27.023908755258503,27.116202115126697,26.756253082568346,26.977760314941406,41483100,0.0,0.0
2023-06-09 00:00:00-04:00,26.95007289928532,27.134661378638622,26.839318403366946,27.014678955078125,32692000,0.0,0.0
2023-06-12 00:00:00-04:00,27.04236104531456,27.282327606555757,26.682412083644095,26.885459899902344,41011300,0.0,0.0
2023-06-13 00:00:00-04:00,26.885462541505117,27.503837497666026,26.79316919074487,27.134658813476562,42718800,0.0,0.0
2023-06-14 00:00:00-04:00,27.29156521594871,27.439236717986425,26.756255580966208,26.876239776611328,38322800,0.0,0.0
2023-06-15 00:00:00-04:00,26.67318899646286,27.19926891994577,26.479370818498875,27.106975555419922,42044900,0.0,0.0
2023-06-16 00:00:00-04:00,27.254645937795324,27.39308773931197,26.913154517696785,26.94084358215332,53050200,0.0,0.0
2023-06-20 00:00:00-04:00,26.774708461238742,26.80239752129503,26.377840735678955,26.645496368408203,39040900,0.0,0.0
2023-06-21 00:00:00-04:00,26.56242835543813,26.765476161546623,26.340921177760894,26.368608474731445,39553400,0.0,0.0
2023-06-22 00:00:00-04:00,26.30400702853901,26.331696090727938,25.750238107440563,25.805614471435547,50742900,0.0,0.0
2023-06-23 00:00:00-04:00,25.602565738340125,25.74100752369824,25.46412395298201,25.61179542541504,55181100,0.0,0.0
2023-06-26 00:00:00-04:00,25.65794627169086,26.10096252139515,25.648718343498544,25.925601959228516,47519300,0.0,0.0
2023-06-27 00:00:00-04:00,25.934827133547966,26.211710701083156,25.79638534978037,26.06403923034668,39081800,0.0,0.0
2023-06-28 00:00:00-04:00,26.073267754378612,26.09172712749303,25.750235766407112,25.907136917114258,37803800,0.0,0.0
2023-06-29 00:00:00-04:00,26.304005851420868,26.7654796382879,26.211710741970904,26.451677322387695,68376400,0.0,0.0
2023-06-30 00:00:00-04:00,26.71010511918822,26.867006287961097,26.46090883459902,26.479368209838867,50479000,0.0,0.0
2023-07-03 00:00:00-04:00,26.488599397358144,27.088515043559703,26.442450956645402,26.9500732421875,30995800,0.0,0.0
2023-07-05 00:00:00-04:00,26.894691776029457,27.15311773080428,26.719333004229956,26.83931541442871,37492000,0.0,0.0
2023-07-06 00:00:00-04:00,26.580891210624504,26.599350585834998,25.934828921703403,26.10095977783203,52098000,0.0,0.0
2023-07-07 00:00:00-04:00,26.11941627159693,26.599349444173264,26.110188344770663,26.331695556640625,34288000,0.0,0.0
2023-07-10 00:00:00-04:00,26.387071273887557,26.62703785430435,26.27631679047104,26.451677322387695,36086000,0.0,0.0
2023-07-11 00:00:00-04:00,26.45168143474709,26.839319546395583,26.23017419385982,26.78394317626953,40978700,0.0,0.0
2023-07-12 00:00:00-04:00,27.23618195142347,27.586901239927506,27.014674754413125,27.097740173339844,41855500,0.0,0.0
2023-07-13 00:00:00-04:00,27.2454159271727,27.568447967143552,27.143891119083378,27.38385772705078,39589000,0.0,0.0
2023-07-14 00:00:00-04:00,27.68843306759313,27.780728196561743,26.811631982966084,26.86701011657715,58720300,0.0,0.0
2023-07-17 00:00:00-04:00,26.903921915810294,27.282330287152348,26.87623461473535,27.134658813476562,49477200,0.0,0.0
2023-07-18 00:00:00-04:00,27.688429576154835,28.482165120660483,27.614593834367074,28.33449363708496,98253800,0.0,0.0
2023-07-19 00:00:00-04:00,28.509852465577872,29.25744133271074,28.325263991028095,29.100540161132812,70619800,0.0,0.0
2023-07-20 00:00:00-04:00,28.91594919663979,29.349733949289302,28.851343144158253,29.248210906982422,42128800,0.0,0.0
2023-07-21 00:00:00-04:00,29.414340381039114,29.6358475907393,28.999013262612003,29.5158634185791,70872400,0.0,0.0
2023-07-24 00:00:00-04:00,29.534327483508008,30.31883164898221,29.51586810633887,30.134244918823242,64548600,0.0,0.0
2023-07-25 00:00:00-04:00,30.2357646781572,30.26345550288917,29.598932041578234,29.67276954650879,51208800,0.0,0.0
2023-07-26 00:00:00-04:00,29.75583366808774,30.0327172578454,29.672768239083855,29.91273307800293,41814600,0.0,0.0
2023-07-27 00:00:00-04:00,29.93119076865421,30.217305790399596,29.3681921727364,29.488176345825195,45529500,0.0,0.0
2023-07-28 00:00:00-04:00,29.672766705705875,29.681994632555725,29.266667508998864,29.442028045654297,33296500,0.0,0.0
2023-07-31 00:00:00-04:00,29.442031430788916,29.765063479542732,29.331278692028377,29.534326553344727,29093400,0.0,0.0
2023-08-01 00:00:00-04:00,29.386651120831996,29.478946231011577,28.999013066384002,29.183603286743164,32712000,0.0,0.0
2023-08-02 00:00:00-04:00,28.759050284537448,28.869804783465554,28.408330931967352,28.786739349365234,38855100,0.0,0.0
2023-08-03 00:00:00-04:00,28.55599949848691,29.11899634258376,28.500621374503986,28.989784240722656,27933400,0.0,0.0
2023-08-04 00:00:00-04:00,28.943636101530583,29.22974935278299,28.768275571880437,28.88825798034668,30768100,0.0,0.0
2023-08-07 00:00:00-04:00,28.98978398714457,29.442028100085444,28.98978398714457,29.423568725585938,31745200,0.0,0.0
2023-08-08 00:00:00-04:00,28.88825629884172,28.897485985168473,28.13143962387497,28.86056900024414,45951800,0.0,0.0
2023-08-09 00:00:00-04:00,28.814426261780948,28.869804390683083,28.454477225832136,28.482166290283203,30732100,0.0,0.0
2023-08-10 00:00:00-04:00,28.620605807372215,28.906719075664597,28.42678589245082,28.555999755859375,26062600,0.0,0.0
2023-08-11 00:00:00-04:00,28.42678624799769,28.98055517706422,28.380639570735017,28.879032135009766,35720700,0.0,0.0
2023-08-14 00:00:00-04:00,28.657522824129753,28.71290094866491,28.380639242985485,28.546770095825195,32563700,0.0,0.0
2023-08-15 00:00:00-04:00,28.149903011260047,28.19604968909255,27.54075770987981,27.633052825927734,43406100,0.0,0.0
2023-08-16 00:00:00-04:00,27.457693361124576,27.540758792795593,26.959300771098484,27.033138275146484,47220400,0.0,0.0
2023-08-17 00:00:00-04:00,27.171578184823893,27.26387329808225,26.867005543339324,27.023906707763672,37202200,0.0,0.0
2023-08-18 00:00:00-04:00,26.80240405441407,27.088517369871912,26.747025920803004,26.86701011657715,31430400,0.0,0.0
2023-08-21 00:00:00-04:00,26.968529087040054,27.042364826948564,26.580891012424644,26.90392303466797,34959000,0.0,0.0
2023-08-22 00:00:00-04:00,26.885463107163588,26.98698790759529,26.230171148988084,26.24863052368164,37564200,0.0,0.0
2023-08-23 00:00:00-04:00,26.25786018371582,26.313236547356027,26.008663906760596,26.25786018371582,44686600,0.0,0.0
2023-08-24 00:00:00-04:00,26.21171288746167,26.571663667741078,26.184025584628365,26.414762496948242,31934800,0.0,0.0
2023-08-25 00:00:00-04:00,26.433214843664278,26.57165837176951,26.119412564622237,26.30400276184082,34253200,0.0,0.0
2023-08-28 00:00:00-04:00,26.479364065188058,26.76547729509051,26.3686095914676,26.543970108032227,33075200,0.0,0.0
2023-08-29 00:00:00-04:00,26.66396016347334,27.005451608478563,26.50705897420875,26.922386169433594,30428200,0.0,0.0
2023-08-30 00:00:00-04:00,26.96853160636418,27.014680048357366,26.70087768433594,26.80240249633789,33366400,0.0,0.0
2023-08-31 00:00:00-04:00,26.923381868760345,26.960606499254883,26.551126688551363,26.681415557861328,37243000,0.24,0.0
2023-09-01 00:00:00-04:00,26.7651754672833,27.109510872561152,26.7651754672833,26.96991539001465,35228600,0.0,0.0
2023-09-05 00:00:00-04:00,26.93268977806817,27.100205061060365,26.52320817242645,26.662803649902344,46543600,0.0,0.0
2023-09-06 00:00:00-04:00,26.430145912229452,26.57904800271671,26.169568141403218,26.420839309692383,45022600,0.0,0.0
2023-09-07 00:00:00-04:00,26.439448756273077,26.56973762316501,26.113724813990558,26.178869247436523,35023600,0.0,0.0
2023-09-08 00:00:00-04:00,26.16956452816418,26.411529060508162,26.02066068318318,26.39291763305664,36513900,0.0,0.0
2023-09-11 00:00:00-04:00,26.532514608197992,26.765174327552533,26.430143763665104,26.504594802856445,34168300,0.0,0.0
2023-09-12 00:00:00-04:00,26.4859796163819,27.118814289656555,26.430141784931976,26.96060562133789,42284000,0.0,0.0
2023-09-13 00:00:00-04:00,27.100205021875666,27.165349459600037,26.709336620476645,26.876850128173828,37215700,0.0,0.0
2023-09-14 00:00:00-04:00,27.146738014370847,27.398010954771944,27.081593572426765,27.174657821655273,44634800,0.0,0.0
2023-09-15 00:00:00-04:00,26.941993331147927,27.072282192041556,26.75586486554052,26.839622497558594,61661100,0.0,0.0
2023-09-18 00:00:00-04:00,26.802397588539066,26.802397588539066,26.513900048312376,26.765172958374023,25752300,0.0,0.0
2023-09-19 00:00:00-04:00,26.765174495075975,26.93268977806817,26.532514774265216,26.662803649902344,34888100,0.0,0.0
2023-09-20 00:00:00-04:00,26.811708550872776,26.960610645857848,26.551130772175398,26.56974220275879,26641100,0.0,0.0
2023-09-21 00:00:00-04:00,26.392919037258395,26.606965552286823,26.076501678062982,26.104419708251953,39906000,0.0,0.0
2023-09-22 00:00:00-04:00,26.123031499845627,26.234708939723905,25.685631891682146,25.722856521606445,41284400,0.0,0.0
2023-09-25 00:00:00-04:00,25.592568465349384,25.704245908766843,25.45297299236712,25.685632705688477,32749200,0.0,0.0
2023-09-26 00:00:00-04:00,25.443664367213152,25.592566429891953,25.13655364105655,25.28545570373535,42237400,0.0,0.0
2023-09-27 00:00:00-04:00,25.341298369972616,25.694942167618656,25.19239627887521,25.378524780273438,38296300,0.0,0.0
2023-09-28 00:00:00-04:00,25.28545650763602,25.722856108779666,25.28545650763602,25.648405075073242,36734300,0.0,0.0
2023-09-29 00:00:00-04:00,25.95551628829911,26.04858052590669,25.378521210226932,25.48089027404785,40645900,0.0,0.0
2023-10-02 00:00:00-04:00,25.378518679767115,25.462276307757307,24.736377456859834,24.848054885864258,50388600,0.0,0.0
2023-10-03 00:00:00-04:00,24.65262645047624,24.680546258989636,24.02909826076769,24.112855911254883,62144500,0.0,0.0
2023-10-04 00:00:00-04:00,24.08493225773238,24.20591630025642,23.80574131738149,24.140771865844727,55696400,0.0,0.0
2023-10-05 00:00:00-04:00,23.991869394986292,24.28036693188736,23.787127718754252,24.2524471282959,49044100,0.0,0.0
2023-10-06 00:00:00-04:00,23.982565924819124,24.410658985461595,23.703373177612683,24.261756896972656,58177300,0.0,0.0
2023-10-09 00:00:00-04:00,23.973258636567806,24.531642339953255,23.936032227984107,24.485109329223633,39953700,0.0,0.0
2023-10-10 00:00:00-04:00,24.764299545371525,25.406439052541213,24.72707314058058,25.136554718017578,51960100,0.0,0.0
2023-10-11 00:00:00-04:00,25.285454218327626,25.536727099981665,25.034181336673587,25.145858764648438,38508200,0.0,0.0
2023-10-12 00:00:00-04:00,25.09932984685786,25.20170069123539,24.76430105853166,25.0341854095459,44249800,0.0,0.0
2023-10-13 00:00:00-04:00,25.527428354834413,25.797312744987273,24.680546996858652,24.903900146484375,55089700,0.0,0.0
2023-10-16 00:00:00-04:00,25.27615148846793,25.294764691822625,24.9132028983153,25.117942810058594,56817500,0.0,0.0
2023-10-17 00:00:00-04:00,25.17378087094435,25.936906239858992,24.866670113047437,25.704246520996094,95344200,0.0,0.0
2023-10-18 00:00:00-04:00,25.629794975002866,26.095114403524608,25.322682448127875,25.415746688842773,68371100,0.0,0.0
2023-10-19 00:00:00-04:00,25.359907236775268,25.853146438564526,25.01557010061057,25.09002113342285,58611000,0.0,0.0
2023-10-20 00:00:00-04:00,24.941122184056773,25.071412839046857,24.41996488925502,24.485109329223633,62058400,0.0,0.0
2023-10-23 00:00:00-04:00,24.317591645944834,24.39204268072755,23.74990317137138,23.79643440246582,59857200,0.0,0.0
2023-10-24 00:00:00-04:00,23.95464396536784,24.075628010803314,23.638226611994266,23.703371047973633,55975700,0.0,0.0
2023-10-25 00:00:00-04:00,23.61961570975672,23.870888651628782,23.43348898526302,23.77782440185547,45522400,0.0,0.0
2023-10-26 00:00:00-04:00,23.721981357128588,24.53163784493936,23.675450129977897,24.308284759521484,60921000,0.0,0.0
2023-10-27 00:00:00-04:00,24.261753656803442,24.261753656803442,23.228744002699084,23.424179077148438,64709300,0.0,0.0
2023-10-30 00:00:00-04:00,23.563774430874883,23.99186920733222,23.5265498014301,23.908111572265625,41891900,0.0,0.0
2023-10-31 00:00:00-04:00,23.95464353207052,24.550251821740098,23.936030329255164,24.51302719116211,50106700,0.0,0.0
2023-11-01 00:00:00-04:00,24.60608931747346,24.77360457832312,24.336203224981773,24.568862915039062,44046300,0.0,0.0
2023-11-02 00:00:00-04:00,24.857363511286586,25.74147115298671,24.745687840261954,25.704246520996094,63278300,0.0,0.0
2023-11-03 00:00:00-04:00,26.206790848625808,26.923383215788522,26.178871043068487,26.44875717163086,62613600,0.0,0.0
2023-11-06 00:00:00-05:00,26.57904436768973,26.774479444134073,26.076500324787844,26.36499786376953,45548000,0.0,0.0
2023-11-07 00:00:00-05:00,26.104418178555495,26.29985325368988,26.01135571664193,26.206789016723633,33081900,0.0,0.0
2023-11-08 00:00:00-05:00,26.206789729310955,26.244016135130746,25.75077690833488,25.955516815185547,31896000,0.0,0.0
2023-11-09 00:00:00-05:00,26.123031250151783,26.132337851307074,25.49950317316865,25.620487213134766,32267900,0.0,0.0
2023-11-10 00:00:00-05:00,25.83453710352647,25.8438437059026,25.44366867899343,25.760086059570312,32858500,0.0,0.0
2023-11-13 00:00:00-05:00,25.629793990776015,25.918291528365938,25.518116551196186,25.778696060180664,28521800,0.0,0.0
2023-11-14 00:00:00-05:00,26.523206597781485,27.37008778925029,26.495286793922745,27.193265914916992,66676300,0.0,0.0
2023-11-15 00:00:00-05:00,27.174656645136768,27.667894127103338,27.174656645136768,27.56552505493164,46968900,0.0,0.0
2023-11-16 00:00:00-05:00,27.38870276268347,27.6399756885005,27.193267673141506,27.491073608398438,36952800,0.0,0.0
2023-11-17 00:00:00-05:00,27.649277939873574,27.919164044327342,27.500375873641374,27.900550842285156,38493300,0.0,0.0
2023-11-20 00:00:00-05:00,27.900554619426504,28.151827555855093,27.68650809212195,27.92847442626953,46783400,0.0,0.0
2023-11-21 00:00:00-05:00,27.909861556948886,27.909861556948886,27.500379926930393,27.602750778198242,41611900,0.0,0.0
2023-11-22 00:00:00-05:00,27.677199945890038,27.723732954699276,27.47246003228775,27.5748291015625,41422700,0.0,0.0
2023-11-24 00:00:00-05:00,27.43523085332497,27.81679261174574,27.43523085332497,27.667890548706055,15815600,0.0,0.0
2023-11-27 00:00:00-05:00,27.546908104698495,27.630665736482158,27.46315047291483,27.509681701660156,42039500,0.0,0.0
2023-11-28 00:00:00-05:00,27.48176383972168,27.593439499403168,27.286328772700163,27.48176383972168,29705800,0.0,0.0
2023-11-29 00:00:00-05:00,27.80749136005204,28.486859150289902,27.74234691682238,28.207666397094727,57954900,0.0,0.0
2023-11-30 00:00:00-05:00,28.338994727247957,28.657937554902794,28.179525102640813,28.601654052734375,52547700,0.24,0.0
2023-12-01 00:00:00-05:00,28.51722657401802,29.126969555177613,28.47032395593659,29.042543411254883,46133300,0.0,0.0
2023-12-04 00:00:00-05:00,28.639176421336,29.080067117383507,28.629795539817515,28.91121482849121,37811300,0.0,0.0
2023-12-05 00:00:00-05:00,28.77988222401417,28.883070117723335,28.451558571574065,28.68607521057129,45723100,0.0,0.0
2023-12-06 00:00:00-05:00,28.873692077100312,29.567861182095193,28.554749273559402,28.639175415039062,49803100,0.0,0.0
2023-12-07 00:00:00-05:00,28.695457374296936,29.014400160736084,28.64855476008767,28.76112174987793,32699600,0.0,0.0
2023-12-08 00:00:00-05:00,28.770505005786223,29.211395699100347,28.714221506244463,29.042543411254883,34794300,0.0,0.0
2023-12-11 00:00:00-05:00,29.005024051299603,29.15511458852281,28.808029102931435,28.939359664916992,32254000,0.0,0.0
2023-12-12 00:00:00-05:00,28.86431284170445,28.94873898799794,28.56413178342547,28.836170196533203,34566700,0.0,0.0
2023-12-13 00:00:00-05:00,28.845549591420216,30.140082575047234,28.73298080575781,30.05565643310547,60311100,0.0,0.0
2023-12-14 00:00:00-05:00,30.599730766587395,31.95992802011716,30.5528281533843,31.83797836303711,107190000,0.0,0.0
2023-12-15 00:00:00-05:00,31.72541880932809,31.913032884540822,31.228244551689073,31.51904296875,83771800,0.0,0.0
2023-12-18 00:00:00-05:00,31.622225152799423,31.697272200647394,31.34080588024992,31.359567642211914,40694700,0.0,0.0
2023-12-19 00:00:00-05:00,30.984340705750228,31.584702796976487,30.768585802868312,31.434612274169922,44534800,0.0,0.0
2023-12-20 00:00:00-05:00,31.31266128026485,31.62222136950132,30.909292392441746,30.93743324279785,44711400,0.0,0.0
2023-12-21 00:00:00-05:00,31.18134143174546,31.378334597288458,30.853015910733,31.143817901611328,32325700,0.0,0.0
2023-12-22 00:00:00-05:00,31.153191839070185,31.584701628875436,31.14381274730929,31.359567642211914,37265900,0.0,0.0
2023-12-26 00:00:00-05:00,31.3783341284474,31.856746605966574,31.303287069300456,31.762941360473633,24845400,0.0,0.0
2023-12-27 00:00:00-05:00,31.70664952809077,31.847360945755728,31.575320780104807,31.744173049926758,24498600,0.0,0.0
2023-12-28 00:00:00-05:00,31.725412941243434,31.866124366236534,31.678510325725796,31.78169822692871,21799600,0.0,0.0
2023-12-29 00:00:00-05:00,31.837979956184505,31.884886150174758,31.472134545077747,31.584701538085938,28060700,0.0,0.0
2024-01-02 00:00:00-05:00,31.32204669942347,31.959932344936274,31.20947969681547,31.80046272277832,36668600,0.0,0.0
2024-01-03 00:00:00-05:00,31.56594735573671,31.67851436301325,31.181340133971283,31.45337677001953,45988700,0.0,0.0
2024-01-04 00:00:00-05:00,31.490900578769445,32.18507154977226,31.4627597213101,31.706655502319336,39834600,0.0,0.0
2024-01-05 00:00:00-05:00,31.706658639937086,32.541537559294994,31.622232480763753,32.29764175415039,49242400,0.0,0.0
2024-01-08 00:00:00-05:00,32.17568606103678,32.17568606103678,31.556562202056657,32.04435729980469,40253900,0.0,0.0
2024-01-09 00:00:00-05:00,31.725411538242376,31.744173299307764,31.434609609388932,31.54718017578125,39268800,0.0,0.0
2024-01-10 00:00:00-05:00,31.42523772036406,31.547187406018462,31.181341927496103,31.51904296875,34904000,0.0,0.0
2024-01-11 00:00:00-05:00,31.293903611811093,31.42523236856211,30.749823244196616,31.09691047668457,48790600,0.0,0.0
2024-01-12 00:00:00-05:00,30.25265301733838,31.13443448371362,29.98061279804662,30.76858901977539,74344300,0.0,0.0
2024-01-16 00:00:00-05:00,30.402743188416228,30.496548431929053,29.849283663432974,30.13070297241211,58420800,0.0,0.0
2024-01-17 00:00:00-05:00,29.755471559632653,30.008749968081176,29.333342668105136,29.830516815185547,48811300,0.0,0.0
2024-01-18 00:00:00-05:00,29.78361619360052,29.802377956048694,29.45529250763806,29.764854431152344,35484400,0.0,0.0
2024-01-19 00:00:00-05:00,29.830518435938465,30.233887377408635,29.614763538153998,30.22450828552246,49493600,0.0,0.0
2024-01-22 00:00:00-05:00,30.35583958036821,30.946822614931232,30.318316052805994,30.53407096862793,43903400,0.0,0.0
2024-01-23 00:00:00-05:00,30.52469117979692,30.78734870986106,30.38397974386801,30.740446090698242,30003400,0.0,0.0
2024-01-24 00:00:00-05:00,30.984335852871283,31.275137760830198,30.871768873007092,30.93743324279785,36403900,0.0,0.0
2024-01-25 00:00:00-05:00,31.153188297837296,31.378325837349273,30.796725596399707,31.322040557861328,46204000,0.0,0.0
2024-01-26 00:00:00-05:00,31.331426788489022,31.584701628875436,31.25637974064105,31.359567642211914,30839800,0.0,0.0
2024-01-29 00:00:00-05:00,31.331426364354975,31.565943018044937,31.181335849131006,31.528419494628906,30269300,0.0,0.0
2024-01-30 00:00:00-05:00,31.80045912924632,32.729143058089534,31.744173845082454,32.635337829589844,60315700,0.0,0.0
2024-01-31 00:00:00-05:00,32.42896704113829,32.92614127016309,31.894269283542393,31.903648376464844,54716000,0.0,0.0
2024-02-01 00:00:00-05:00,31.82859801660417,32.12877902339427,30.89053147577514,31.472131729125977,57084800,0.0,0.0
2024-02-02 00:00:00-05:00,31.303287807764445,31.622230659781536,31.115673733911894,31.397096633911133,40416000,0.0,0.0
2024-02-05 00:00:00-05:00,31.059386297627903,31.228238575159953,30.824869643104513,30.946819305419922,43573000,0.0,0.0
2024-02-06 00:00:00-05:00,30.8811542418084,31.29390588262278,30.84363429318568,30.993724822998047,27188000,0.0,0.0
2024-02-07 00:00:00-05:00,31.012484503225767,31.200094969057876,30.60911556049427,31.125051498413086,29660100,0.0,0.0
2024-02-08 00:00:00-05:00,31.003105069371873,31.21885999035427,30.76858838415962,31.068769454956055,36852200,0.0,0.0
2024-02-09 00:00:00-05:00,31.050006700953993,31.19071813897218,30.80611093062172,31.021865844726562,36176000,0.0,0.0
2024-02-12 00:00:00-05:00,30.956197640810498,31.866123383232114,30.937435879494167,31.537797927856445,34160400,0.0,0.0
2024-02-13 00:00:00-05:00,31.068767168808403,31.247002126656575,30.34645540209199,30.721683502197266,43801500,0.0,0.0
2024-02-14 00:00:00-05:00,30.937440262294317,31.12505432359618,30.83425234965626,31.07815170288086,27833900,0.0,0.0
2024-02-15 00:00:00-05:00,31.256374837643712,32.119397860317235,31.256374837643712,31.959924697875977,41683100,0.0,0.0
2024-02-16 00:00:00-05:00,31.81921222196223,32.03497065418803,30.477780492497843,31.97868537902832,33290700,0.0,0.0
2024-02-20 00:00:00-05:00,31.687886779629732,31.978688697135894,31.67850768868303,31.856739044189453,30372900,0.0,0.0
2024-02-21 00:00:00-05:00,31.293905462980938,31.650371808420388,31.115670501040984,31.61284828186035,37847100,0.0,0.0
2024-02-22 00:00:00-05:00,31.303281932572876,31.959929278592803,31.303281932572876,31.528419494628906,42756900,0.0,0.0
2024-02-23 00:00:00-05:00,31.640990107618265,31.94117117242069,31.41585609823672,31.81922149658203,30586000,0.0,0.0
2024-02-26 00:00:00-05:00,31.697271771560892,32.10064070218284,31.45337244779685,31.528419494628906,31129200,0.0,0.0
2024-02-27 00:00:00-05:00,31.64098923418158,32.29763663722562,31.62222747084427,32.156925201416016,40536300,0.0,0.0
2024-02-28 00:00:00-05:00,32.10064008629834,32.45710281659107,31.997452188104102,32.18506622314453,39548600,0.0,0.0
2024-02-29 00:00:00-05:00,32.43068157576178,32.7329771671881,32.26063985512852,32.61016845703125,43863400,0.24,0.0
2024-03-01 00:00:00-05:00,32.6196114112801,32.732974953132846,32.14727413116937,32.44956970214844,38432300,0.0,0.0
2024-03-04 00:00:00-05:00,32.39289015769888,33.460369770739504,32.35510231202117,33.2053108215332,49136400,0.0,0.0
2024-03-05 00:00:00-05:00,32.99748408741561,33.74377788676878,32.940802314066175,33.43203353881836,47591600,0.0,0.0
2024-03-06 00:00:00-05:00,33.67765509557753,33.809908979346616,33.12974203007923,33.46037673950195,49149700,0.0,0.0
2024-03-07 00:00:00-05:00,33.63040975677039,33.913814981246205,33.299775133078114,33.65875244140625,35900700,0.0,0.0
2024-03-08 00:00:00-05:00,33.885483307535786,34.13110076807409,33.535954648390984,33.63042068481445,42769900,0.0,0.0
2024-03-11 00:00:00-04:00,33.43203583618509,33.94216102044162,33.318675885344035,33.90437316894531,34131500,0.0,0.0
2024-03-12 00:00:00-04:00,33.91382657938144,34.149995278113494,33.80046300936325,33.97050476074219,29260400,0.0,0.0
2024-03-13 00:00:00-04:00,33.970498754712125,34.43339090799226,33.970498754712125,34.0838623046875,38289600,0.0,0.0
2024-03-14 00:00:00-04:00,33.93270975268076,34.216115014349654,33.51705422782602,33.71543502807617,40178100,0.0,0.0
2024-03-15 00:00:00-04:00,33.32811902627974,34.017731057872524,33.29033478072151,33.450927734375,69646400,0.0,0.0
2024-03-18 00:00:00-04:00,33.687092267191,34.09330258736373,33.43202972171181,34.01772689819336,50617900,0.0,0.0
2024-03-19 00:00:00-04:00,33.90437484003675,34.37671219607771,33.866586986677945,34.03662872314453,46113800,0.0,0.0
2024-03-20 00:00:00-04:00,33.85714300128878,34.83960560085822,33.7532282027663,34.716796875,40519000,0.0,0.0
2024-03-21 00:00:00-04:00,34.88682883467645,35.51975900652554,34.8395958314059,35.43473815917969,43219500,0.0,0.0
2024-03-22 00:00:00-04:00,35.34027799516725,35.52921364313183,34.95296153848134,35.00019454956055,29001100,0.0,0.0
2024-03-25 00:00:00-04:00,35.04742913332856,35.21747086376222,34.80181530250656,34.820709228515625,30480200,0.0,0.0
2024-03-26 00:00:00-04:00,34.95296588340068,35.17968940987119,34.76403021194995,35.037986755371094,33673400,0.0,0.0
2024-03-27 00:00:00-04:00,35.18912821407907,35.755931522377026,35.1796830538547,35.71814727783203,36350200,0.0,0.0
2024-03-28 00:00:00-04:00,35.63312759147519,35.897635330214776,35.34972232437114,35.822059631347656,42262500,0.0,0.0
2024-04-01 00:00:00-04:00,35.84095643366579,36.228272912337516,35.36861908876622,35.44419479370117,33908000,0.0,0.0
2024-04-02 00:00:00-04:00,35.132451476375635,35.50087764357818,35.10411238799392,35.236366271972656,34806800,0.0,0.0
2024-04-03 00:00:00-04:00,35.330833763805956,35.91653104462026,35.20802504885127,35.36861801147461,33338500,0.0,0.0
2024-04-04 00:00:00-04:00,35.6142406081651,35.859854470059375,34.83015879601146,34.87739181518555,42888200,0.0,0.0
2024-04-05 00:00:00-04:00,34.77347545954979,35.27415187514058,34.6978997571561,35.05687713623047,30823500,0.0,0.0
2024-04-08 00:00:00-04:00,35.14189891408896,35.50087630250491,35.07577197459759,35.42530059814453,29470300,0.0,0.0
2024-04-09 00:00:00-04:00,35.43474852543352,35.68036598012994,35.14190165729698,35.642578125,30967300,0.0,0.0
2024-04-10 00:00:00-04:00,35.123002287338814,35.17023529710827,34.527856274030235,34.6223258972168,37610700,0.0,0.0
2024-04-11 00:00:00-04:00,34.71678802161921,34.71678802161921,34.05551514809701,34.33891677856445,38604000,0.0,0.0
2024-04-12 00:00:00-04:00,33.828799930971584,34.09330767524705,33.56428858304839,33.809906005859375,47126100,0.0,0.0
2024-04-15 00:00:00-04:00,34.32002543605099,34.72623214529538,33.78155766948199,33.9610481262207,44392000,0.0,0.0
2024-04-16 00:00:00-04:00,34.10275452329514,34.168881462635795,32.260641779308465,32.76131820678711,95566100,0.0,0.0
2024-04-17 00:00:00-04:00,32.9596942996055,33.77211498491717,32.82744043988452,33.2808837890625,65951400,0.0,0.0
2024-04-18 00:00:00-04:00,33.573740868891804,33.99884521938528,33.23365738849702,33.791015625,44506200,0.0,0.0
2024-04-19 00:00:00-04:00,34.10275579934567,35.06632444191145,34.064971549485726,34.924625396728516,56273700,0.0,0.0
2024-04-22 00:00:00-04:00,34.952965985295464,35.81261986943654,34.830157257947256,35.642578125,43867100,0.0,0.0
2024-04-23 00:00:00-04:00,35.840959059957854,36.294402511850336,35.73704786353001,36.247169494628906,39180300,0.0,0.0
2024-04-24 00:00:00-04:00,35.916534210527125,36.360532493513105,35.897640283203444,36.19993591308594,28670600,0.0,0.0
2024-04-25 00:00:00-04:00,35.83151218232879,36.152701729163155,35.31194181047416,35.812618255615234,41116000,0.0,0.0
2024-04-26 00:00:00-04:00,35.83150749094005,36.19048484420093,35.68980486096541,35.73704147338867,28668700,0.0,0.0
2024-04-29 00:00:00-04:00,35.746490706909775,35.954320293581574,35.37806815137195,35.4725341796875,26438800,0.0,0.0
2024-04-30 00:00:00-04:00,35.28359952366643,35.58589514725786,34.93407088457286,34.96240997314453,30283800,0.0,0.0
2024-05-01 00:00:00-04:00,35.151345039786364,35.43474673161786,34.73568946534337,34.905731201171875,32272000,0.0,0.0
2024-05-02 00:00:00-04:00,35.302495867488304,35.415859436832285,34.62233246966606,34.83960723876953,34860300,0.0,0.0
2024-05-03 00:00:00-04:00,35.18912887573242,35.45363661075861,35.02853592336584,35.18912887573242,34082700,0.0,0.0
2024-05-06 00:00:00-04:00,35.576446833128955,35.69925554547072,35.2930451615807,35.60478591918945,28422300,0.0,0.0
2024-05-07 00:00:00-04:00,35.614236598259666,36.039340930259506,35.614236598259666,35.746490478515625,29119500,0.0,0.0
2024-05-08 00:00:00-04:00,35.61423114018434,35.72759107679528,35.44418943344422,35.62367630004883,32803300,0.0,0.0
2024-05-09 00:00:00-04:00,35.45363773430434,36.294397578979684,35.38751079845219,36.16214370727539,26855400,0.0,0.0
2024-05-10 00:00:00-04:00,36.35108154962136,36.63448323519681,36.20938250865761,36.3227424621582,27359100,0.0,0.0
2024-05-13 00:00:00-04:00,36.48333623119027,36.634484040395826,36.06768065678701,36.09601974487305,24060600,0.0,0.0
2024-05-14 00:00:00-04:00,36.2755061801969,36.64392869861608,36.24716349163938,36.36052703857422,27594800,0.0,0.0
2024-05-15 00:00:00-04:00,36.653378904002594,37.06903809267971,36.634484976912894,36.757293701171875,34084400,0.0,0.0
2024-05-16 00:00:00-04:00,36.766742678147814,37.182401909957555,36.56836182859234,37.050148010253906,32554200,0.0,0.0
2024-05-17 00:00:00-04:00,37.267412128780926,37.305199976072586,36.993455641387534,37.11626434326172,25537300,0.0,0.0
2024-05-20 00:00:00-04:00,37.08792344311336,37.28630784913037,36.64392882880777,36.67226791381836,28369800,0.0,0.0
2024-05-21 00:00:00-04:00,36.62503751244825,37.550818259747686,36.62503751244825,37.45635223388672,31799200,0.0,0.0
2024-05-22 00:00:00-04:00,37.22962610185507,37.60749738595306,37.16349916768507,37.56026077270508,42837600,0.0,0.0
2024-05-23 00:00:00-04:00,37.56970991649429,37.63583685133257,36.78562825534368,37.00290298461914,39033900,0.0,0.0
2024-05-24 00:00:00-04:00,36.993460619291255,37.57915791653467,36.90843975326818,37.50358581542969,22166300,0.0,0.0
2024-05-28 00:00:00-04:00,37.456351913183525,37.54137277718959,36.9462267291471,37.14460754394531,31217900,0.0,0.0
2024-05-29 00:00:00-04:00,36.69116451739669,36.74784629520414,36.42665676159105,36.57780456542969,26677500,0.0,0.0
2024-05-30 00:00:00-04:00,36.58724479136495,36.95566728829758,35.51031638382422,36.49277877807617,50989100,0.0,0.0
2024-05-31 00:00:00-04:00,36.55890352646349,37.862555333208554,36.52111568194399,37.77753448486328,58188400,0.0,0.0
2024-06-03 00:00:00-04:00,37.8247775754798,37.96647662474421,37.18239846193293,37.67362976074219,31898600,0.0,0.0
2024-06-04 00:00:00-04:00,37.42800984171567,37.919241108135836,37.239074184839005,37.48469161987305,26974200,0.0,0.0
2024-06-05 00:00:00-04:00,37.61694503647963,37.777541604128686,37.33354335647009,37.74919891357422,34140300,0.0,0.0
2024-06-06 00:00:00-04:00,37.7019666349342,37.786987500957274,37.23907445244238,37.50358581542969,38676400,0.0,0.0
2024-06-07 00:00:00-04:00,37.33250624481983,37.97879230460541,37.33250624481983,37.807716369628906,25928700,0.24,0.0
2024-06-10 00:00:00-04:00,37.617636431689704,37.864744109300055,37.26597831759813,37.70317077636719,37176200,0.0,0.0
2024-06-11 00:00:00-04:00,37.380029201968355,37.399034415977106,36.55316099553591,36.93333053588867,44629000,0.0,0.0
2024-06-12 00:00:00-04:00,37.826717933460976,37.90275327907597,37.16142316158918,37.4560546875,38964700,0.0,0.0
2024-06-13 00:00:00-04:00,37.3420145251202,37.39903742286195,36.99986263640676,37.313499450683594,40018700,0.0,0.0
2024-06-14 00:00:00-04:00,37.16143273978391,37.52259347341301,36.98085418575224,37.29449462890625,32347900,0.0,0.0
2024-06-17 00:00:00-04:00,37.15193447661399,37.57011815749101,37.04738765000319,37.551109313964844,26135400,0.0,0.0
2024-06-18 00:00:00-04:00,37.598620398205966,38.03581277333785,37.50357621302624,38.007301330566406,30804500,0.0,0.0
2024-06-20 00:00:00-04:00,37.80771035447146,38.311435472011624,37.779198911700014,38.007301330566406,29383300,0.0,0.0
2024-06-21 00:00:00-04:00,37.874248953098906,37.93127547848328,37.41804762672149,37.532100677490234,72244900,0.0,0.0
2024-06-24 00:00:00-04:00,37.79821114666519,38.33995036141279,37.68416173976182,38.03581619262695,31064900,0.0,0.0
2024-06-25 00:00:00-04:00,37.807717202413045,38.08333995100912,37.399036196030046,37.42755126953125,30596000,0.0,0.0
2024-06-26 00:00:00-04:00,37.227968361500345,37.39904433748691,36.56267692773746,37.06639862060547,44310200,0.0,0.0
2024-06-27 00:00:00-04:00,36.78126659619757,37.39903762024326,36.43911470567836,37.30399703979492,29464200,0.0,0.0
2024-06-28 00:00:00-04:00,37.76970251128454,38.073836702697065,37.370524119077146,37.798213958740234,52028200,0.0,0.0
2024-07-01 00:00:00-04:00,37.931269398866,38.33995036803606,37.703166959454585,38.026309967041016,26770500,0.0,0.0
2024-07-02 00:00:00-04:00,38.01681225519719,38.92921487918614,37.97879457280621,38.90070343017578,35626100,0.0,0.0
2024-07-03 00:00:00-04:00,38.9862418055981,39.15731775255939,38.72962788515617,38.8721923828125,17100700,0.0,0.0
2024-07-05 00:00:00-04:00,38.9007016685377,38.9292131162569,38.292433280090805,38.4064826965332,23489000,0.0,0.0
2024-07-08 00:00:00-04:00,38.58706263114867,39.00524988244188,38.42549292083317,38.60607147216797,26728500,0.0,0.0
2024-07-09 00:00:00-04:00,38.73912825955688,39.75608127477892,38.58706116275494,39.36640548706055,34697200,0.0,0.0
2024-07-10 00:00:00-04:00,39.2333513636194,39.68955270208404,39.03376395783473,39.67054748535156,25333400,0.0,0.0
2024-07-11 00:00:00-04:00,39.69905431079925,39.82260995856102,39.337893600338575,39.7370719909668,33824600,0.0,0.0
2024-07-12 00:00:00-04:00,39.432936418224905,39.84161377621834,39.05276688100933,39.527976989746094,31856600,0.0,0.0
2024-07-15 00:00:00-04:00,39.77508123190413,40.13624189865637,39.632520386877125,39.8130989074707,36648100,0.0,0.0
2024-07-16 00:00:00-04:00,40.41187359487416,42.198664862629876,40.126748215849474,41.94205093383789,75953300,0.0,0.0
2024-07-17 00:00:00-04:00,41.48585122609344,42.23668057428146,41.48585122609344,41.79948806762695,65713600,0.0,0.0
2024-07-18 00:00:00-04:00,41.45732800661795,42.04659113957201,40.80153937543849,40.87757110595703,48549200,0.0,0.0
2024-07-19 00:00:00-04:00,40.73501545918775,41.40031040771127,40.57344211963674,40.773033142089844,43903000,0.0,0.0
2024-07-22 00:00:00-04:00,40.52592090874888,40.74451714212455,39.879634816348776,40.20277786254883,42838300,0.0,0.0
2024-07-23 00:00:00-04:00,40.12674870754483,40.658981788095076,40.06021957247605,40.30732727050781,36705100,0.0,0.0
2024-07-24 00:00:00-04:00,40.18376642085876,40.63046509199262,39.98417904141978,40.098228454589844,36567200,0.0,0.0
2024-07-25 00:00:00-04:00,39.93666464890623,40.20278119410052,39.594512733333,39.613521575927734,41593900,0.0,0.0
2024-07-26 00:00:00-04:00,39.518477190537645,39.879634288430054,39.356903856793636,39.60401153564453,52049300,0.0,0.0
2024-07-29 00:00:00-04:00,39.708561261551,39.803605472366215,38.94822570285888,39.052772521972656,37133100,0.0,0.0
2024-07-30 00:00:00-04:00,39.01475261237742,39.81310580986027,38.78665377056273,39.23334884643555,44163200,0.0,0.0
2024-07-31 00:00:00-04:00,39.18582825843857,39.328392752662566,38.22590535743616,38.31144332885742,50851600,0.0,0.0
2024-08-01 00:00:00-04:00,38.43500080012276,38.444507034719095,37.04738784548672,37.54160690307617,60107800,0.0,0.0
2024-08-02 00:00:00-04:00,36.115967806311644,36.619689355008234,35.33662352790489,35.716793060302734,76728000,0.0,0.0
2024-08-05 00:00:00-04:00,33.882480822238485,35.1275289360236,33.397764500765525,34.83290100097656,76075200,0.0,0.0
2024-08-06 00:00:00-04:00,34.83290918269671,35.46018650297913,34.72836235838862,35.08951950073242,40614100,0.0,0.0
2024-08-07 00:00:00-04:00,36.21101146850708,36.676719004180626,35.42216451593906,35.45067596435547,44952400,0.0,0.0
2024-08-08 00:00:00-04:00,35.94489604423124,36.51514678333772,35.79282893876513,36.31555938720703,36557800,0.0,0.0
2024-08-09 00:00:00-04:00,36.26803828735598,36.54366104285312,36.030433213768596,36.38208770751953,26411200,0.0,0.0
2024-08-12 00:00:00-04:00,36.59117871452791,36.80977493152088,36.125471208366946,36.27753829956055,33040600,0.0,0.0
2024-08-13 00:00:00-04:00,36.46762365432878,36.57217046099324,36.23001859393337,36.55316162109375,21553500,0.0,0.0
2024-08-14 00:00:00-04:00,36.610188112072606,36.99035403306773,36.52465014537474,36.88581085205078,25658900,0.0,0.0
2024-08-15 00:00:00-04:00,37.47506774362965,37.712672787083775,37.037875333809716,37.09489822387695,37379800,0.0,0.0
2024-08-16 00:00:00-04:00,37.06639095604517,37.465565733761835,37.05688834848481,37.38953399658203,26886600,0.0,0.0
2024-08-19 00:00:00-04:00,37.52259222832753,37.76970353150353,37.4940807801017,37.70317077636719,27268900,0.0,0.0
2024-08-20 00:00:00-04:00,37.180432326184494,37.294485345613715,36.43910582771885,36.771751403808594,44440800,0.0,0.0
2024-08-21 00:00:00-04:00,36.94283818476909,37.05689123777988,36.48663684942369,36.82878875732422,33751100,0.0,0.0
2024-08-22 00:00:00-04:00,36.857298530064384,37.34201491938135,36.657711134729524,37.29449462890625,35421600,0.0,0.0
2024-08-23 00:00:00-04:00,37.323003831462486,38.17837988522311,37.323003831462486,37.798213958740234,45616600,0.0,0.0
2024-08-26 00:00:00-04:00,38.01681218960193,38.206896975663085,37.693669140967685,37.94077682495117,44659500,0.0,0.0
2024-08-27 00:00:00-04:00,38.01681120911389,38.14036686070189,37.64614787991553,37.70317077636719,32323900,0.0,0.0
2024-08-28 00:00:00-04:00,37.389538480724205,38.27342973803442,37.380035872024195,37.969295501708984,40700500,0.0,0.0
2024-08-29 00:00:00-04:00,38.06433344921993,38.3399562147504,37.57011444309951,38.178382873535156,34810800,0.0,0.0
2024-08-30 00:00:00-04:00,38.17838396971325,38.83417633587803,38.14036991089394,38.72962951660156,49098200,0.0,0.0
2024-09-03 00:00:00-04:00,38.568052796478504,38.872186965230384,38.235403556830015,38.68210220336914,48489300,0.0,0.0
2024-09-04 00:00:00-04:00,38.644090576201926,38.91971334277539,38.28292983467691,38.49202346801758,39629600,0.0,0.0
2024-09-05 00:00:00-04:00,38.777145227449324,38.91020348150979,38.02631236460467,38.14986801147461,34214500,0.0,0.0
2024-09-06 00:00:00-04:00,38.0446455780379,38.149873996092296,36.887140277845575,37.078460693359375,47007600,0.26,0.0
2024-09-09 00:00:00-04:00,37.547199290332955,37.987242024041635,37.40370534928763,37.75765609741211,37610200,0.0,0.0
2024-09-10 00:00:00-04:00,38.11160767187659,38.11160767187659,36.66711812882805,37.57590103149414,53983900,0.0,0.0
2024-09-11 00:00:00-04:00,37.29849131516134,37.3367532144617,36.361003622833195,37.30805587768555,41190000,0.0,0.0
2024-09-12 00:00:00-04:00,37.35587832575919,37.623733461136894,36.85843724486095,37.097591400146484,39921600,0.0,0.0
2024-09-13 00:00:00-04:00,37.193257482136666,37.394146108814454,36.772343808103564,36.973236083984375,31887300,0.0,0.0
2024-09-16 00:00:00-04:00,37.12629714398548,37.5089416520185,37.10716437120334,37.40371322631836,26336400,0.0,0.0
2024-09-17 00:00:00-04:00,37.57589962890473,38.073340708719904,37.5089367575068,37.83418655395508,27769400,0.0,0.0
2024-09-18 00:00:00-04:00,37.901153564453125,38.379461926217765,37.709829489906625,37.901153564453125,42527800,0.0,0.0
2024-09-19 00:00:00-04:00,38.30293012096621,39.26911129597656,38.27422914107289,39.096920013427734,57977800,0.0,0.0
2024-09-20 00:00:00-04:00,38.85776355428368,38.962991959509274,38.49425188976213,38.52294921875,70725000,0.0,0.0
2024-09-23 00:00:00-04:00,38.46555052305249,38.68557189120982,38.02550778673785,38.14030075073242,31714800,0.0,0.0
2024-09-24 00:00:00-04:00,38.12116983898205,38.24553101806938,37.54720134184512,37.738525390625,32534900,0.0,0.0
2024-09-25 00:00:00-04:00,37.547203063964844,37.7002615801683,37.25065059229438,37.547203063964844,28866000,0.0,0.0
2024-09-26 00:00:00-04:00,37.681131208414534,37.9968164708585,37.41327970030677,37.80549240112305,39601400,0.0,0.0
2024-09-27 00:00:00-04:00,37.92985855183271,38.169012757962285,37.642870585114345,37.690704345703125,27861100,0.0,0.0
2024-09-30 00:00:00-04:00,37.52807127109731,38.063777916368906,37.327182647571576,37.95854949951172,35055200,0.0,0.0
2024-10-01 00:00:00-04:00,37.79592498642739,37.8437587417708,37.25065374818182,37.51850891113281,26291200,0.0,0.0
2024-10-02 00:00:00-04:00,37.547208945547844,37.82462868999894,37.35588485802283,37.528076171875,23302700,0.0,0.0
2024-10-03 00:00:00-04:00,37.28891613364596,37.56633583464063,37.04976197400288,37.547203063964844,26030200,0.0,0.0
2024-10-04 00:00:00-04:00,38.19770084172434,38.50381785947838,37.90114838424893,38.36989212036133,34209900,0.0,0.0
2024-10-07 00:00:00-04:00,38.46555261806654,38.68557399820726,37.98724431796862,38.22639846801758,27177500,0.0,0.0
2024-10-08 00:00:00-04:00,38.31248964265856,38.4081534810501,38.08290372892347,38.197696685791016,26023600,0.0,0.0
2024-10-09 00:00:00-04:00,38.1403055350511,38.63774664036329,37.99681522435909,38.4464225769043,27421000,0.0,0.0
2024-10-10 00:00:00-04:00,38.27423143693862,38.38902806499239,38.04464547923708,38.23596954345703,26182300,0.0,0.0
2024-10-11 00:00:00-04:00,38.74297115897957,40.34051908231283,38.647310961477956,40.13006591796875,50660700,0.0,0.0
2024-10-14 00:00:00-04:00,40.139630788818394,40.35008760399456,39.9100448533559,40.091800689697266,28098900,0.0,0.0
2024-10-15 00:00:00-04:00,41.35454491336093,41.47890612240753,40.22573676774681,40.311832427978516,61490000,0.0,0.0
2024-10-16 00:00:00-04:00,40.37878756384016,41.23017579094348,40.32139290083726,40.94319152832031,42437800,0.0,0.0
2024-10-17 00:00:00-04:00,40.97189424986279,41.13451733421782,40.6275116604015,40.751869201660156,31708600,0.0,0.0
2024-10-18 00:00:00-04:00,40.58924483404366,40.799701665216915,40.28312779735688,40.48401641845703,30593500,0.0,0.0
2024-10-21 00:00:00-04:00,40.4170546297373,40.570113152189485,39.9291817297969,39.94831085205078,26589500,0.0,0.0
2024-10-22 00:00:00-04:00,39.843083289628396,40.570110308007024,39.76655220916603,40.464881896972656,37104400,0.0,0.0
2024-10-23 00:00:00-04:00,40.369225186753056,40.6275121318462,40.19703389002429,40.503150939941406,28569400,0.0,0.0
2024-10-24 00:00:00-04:00,40.4840126585357,40.809262435958445,40.149198321131074,40.79969787597656,28392000,0.0,0.0
2024-10-25 00:00:00-04:00,41.057983942493635,41.11538225391511,39.977009779743874,40.072669982910156,27466900,0.0,0.0
2024-10-28 00:00:00-04:00,40.24486525519759,40.89536491894395,40.18746693808943,40.77100372314453,24527600,0.0,0.0
2024-10-29 00:00:00-04:00,40.74230049997345,40.952757316412395,40.62750753155343,40.68490219116211,22313500,0.0,0.0
2024-10-30 00:00:00-04:00,39.90048077591276,41.038856958574804,39.833517900368285,40.47445297241211,38100500,0.0,0.0
2024-10-31 00:00:00-04:00,40.45532162416808,40.70404036362566,39.98657782966327,40.00571060180664,28138200,0.0,0.0
2024-11-01 00:00:00-04:00,40.32139442165582,40.58924592364639,39.938746290923845,39.94831085205078,31220000,0.0,0.0
2024-11-04 00:00:00-05:00,39.80481972772633,40.1970324115823,39.32651139867258,39.53696823120117,31110100,0.0,0.0
2024-11-05 00:00:00-05:00,39.70915574705653,40.18746407460057,39.5847982093212,40.063106536865234,30851400,0.0,0.0
2024-11-06 00:00:00-05:00,42.85642752230642,43.57389004884906,42.09113489050156,43.439964294433594,110086700,0.0,0.0
2024-11-07 00:00:00-05:00,43.086011369676875,43.26776720502776,42.579002103988394,42.82772445678711,48339700,0.0,0.0
2024-11-08 00:00:00-05:00,43.181676072319334,43.52605865876667,42.9999202180068,43.17211151123047,38331800,0.0,0.0
2024-11-11 00:00:00-05:00,43.62171906805829,44.50180830962457,43.602589945792154,44.08089828491211,43293500,0.0,0.0
2024-11-12 00:00:00-05:00,44.13829293886148,44.43484542275332,43.8513086653033,43.87044143676758,38155900,0.0,0.0
2024-11-13 00:00:00-05:00,44.19568628800509,44.46353776000671,43.8417391786883,43.880001068115234,36903900,0.0,0.0
2024-11-14 00:00:00-05:00,43.9565367687555,44.15742539388632,43.74607993335958,43.90870666503906,35733100,0.0,0.0
2024-11-15 00:00:00-05:00,43.64085062264738,44.807924105302384,43.64085062264738,44.72182846069336,40488900,0.0,0.0
2024-11-18 00:00:00-05:00,44.72182782455789,44.980114754711025,44.47310910433796,44.69313049316406,32360300,0.0,0.0
2024-11-19 00:00:00-05:00,43.994806270709425,44.59747220033864,43.95654072461138,44.396583557128906,28534100,0.0,0.0
2024-11-20 00:00:00-05:00,44.54963664430375,44.61659951718472,43.927834368462925,44.061763763427734,28021000,0.0,0.0
2024-11-21 00:00:00-05:00,44.37744554358572,45.00881238283257,44.291349899633744,44.44440841674805,45336500,0.0,0.0
2024-11-22 00:00:00-05:00,44.35831375535394,45.17144011051216,44.27221810949491,44.96098327636719,37996200,0.0,0.0
2024-11-25 00:00:00-05:00,45.2097070912178,45.668886353606425,45.11404687358881,45.43929672241211,42718600,0.0,0.0
2024-11-26 00:00:00-05:00,45.44885431271575,45.76453955103192,45.16187005464831,45.678443908691406,30301500,0.0,0.0
2024-11-27 00:00:00-05:00,45.745408533485985,45.89846705360041,45.5827854523907,45.69757843017578,23278400,0.0,0.0
2024-11-29 00:00:00-05:00,45.72627606367138,45.99413121253911,45.43929179271588,45.448856353759766,23262000,0.0,0.0
2024-12-02 00:00:00-05:00,45.66888476708622,45.74541220869019,44.817492803270376,44.99925231933594,35891500,0.0,0.0
2024-12-03 00:00:00-05:00,45.31493008879872,45.420158505100225,44.62616857617578,44.78879165649414,38123800,0.0,0.0
2024-12-04 00:00:00-05:00,44.66443156040592,44.75052720773774,44.128728554077355,44.358314514160156,24941300,0.0,0.0
2024-12-05 00:00:00-05:00,44.54007325728023,45.19057288172561,44.48267494363988,44.96098327636719,31572100,0.0,0.0
2024-12-06 00:00:00-05:00,45.268802220097996,45.268802220097996,44.633923306245045,44.97060012817383,28931700,0.26,0.0
2024-12-09 00:00:00-05:00,44.78783595476629,44.97060285926974,44.15295700235669,44.162574768066406,34660900,0.0,0.0
2024-12-10 00:00:00-05:00,44.16257310958224,44.5281105743641,43.85475324539823,44.008663177490234,35665800,0.0,0.0
2024-12-11 00:00:00-05:00,44.2491464118502,44.40305633954611,43.739320464389124,44.32610321044922,36790500,0.0,0.0
2024-12-12 00:00:00-05:00,44.38381713989636,44.70125842986413,44.17218961325118,44.32610321044922,24017300,0.0,0.0
2024-12-13 00:00:00-05:00,44.33572518151915,44.34534294750538,43.652750041920626,43.93170928955078,32902300,0.0,0.0
2024-12-16 00:00:00-05:00,43.85475419655052,43.94132876457385,43.44112055705041,43.739322662353516,27330400,0.0,0.0
2024-12-17 00:00:00-05:00,43.469974987210854,43.469974987210854,42.92167064488494,43.335304260253906,33054600,0.0,0.0
2024-12-18 00:00:00-05:00,43.4218808689259,43.700843770480475,41.70001096285053,41.844303131103516,41771900,0.0,0.0
2024-12-19 00:00:00-05:00,42.29641007741666,42.78699678534256,41.66153121859982,41.72886657714844,38583600,0.0,0.0
2024-12-20 00:00:00-05:00,41.55572267639931,42.71004901981363,41.45952667390512,42.488800048828125,74222200,0.0,0.0
2024-12-23 00:00:00-05:00,42.229080968909116,42.43108707445253,41.15170773367285,42.219459533691406,35374800,0.0,0.0
2024-12-24 00:00:00-05:00,42.25794208220967,42.729289708062964,42.25794208220967,42.69081497192383,12054400,0.0,0.0
2024-12-26 00:00:00-05:00,42.527280514257036,42.88320023650978,42.431088176595594,42.854339599609375,16077400,0.0,0.0
2024-12-27 00:00:00-05:00,42.55614377700865,43.07558756973522,42.38299462293223,42.65233612060547,17972500,0.0,0.0
2024-12-30 00:00:00-05:00,42.21945785183532,42.45994234966487,41.89239878800704,42.23869705200195,16109800,0.0,0.0
2024-12-31 00:00:00-05:00,42.363750470242564,42.54651736952186,42.04630916836023,42.27717590332031,16110400,0.0,0.0
2025-01-02 00:00:00-05:00,42.45994062743998,42.89281343987578,42.132881576877594,42.60423278808594,25610600,0.0,0.0
2025-01-03 00:00:00-05:00,43.04672118650106,43.1429135090612,42.46955991213644,43.10443878173828,23455700,0.0,0.0
2025-01-06 00:00:00-05:00,43.4411188971459,44.39343910901398,43.38340129750165,43.6719856262207,30518500,0.0,0.0
2025-01-07 00:00:00-05:00,44.51848786794252,44.8744075572098,43.9124695917348,44.32610321044922,41111200,0.0,0.0
2025-01-08 00:00:00-05:00,44.15295058959483,44.49924514738422,43.95094084400706,44.451148986816406,40246000,0.0,0.0
2025-01-10 00:00:00-05:00,44.249148690825685,44.29724485767612,43.03710840648409,43.39302444458008,40741300,0.0,0.0
2025-01-13 00:00:00-05:00,43.38340347364566,43.61427021430091,42.98900903004896,43.34492874145508,34353600,0.0,0.0
2025-01-14 00:00:00-05:00,43.86437602491785,44.172195924289,43.508459954301706,44.03752517700195,36379000,0.0,0.0
2025-01-15 00:00:00-05:00,45.326520695823575,45.65357978542873,45.057179211267275,45.307281494140625,57154800,0.0,0.0
2025-01-16 00:00:00-05:00,45.21108632502988,45.70167309397579,44.07599918330937,44.86478805541992,56339300,0.0,0.0
2025-01-17 00:00:00-05:00,44.83593278749489,45.095656499538705,44.32610679876209,44.758975982666016,44486100,0.0,0.0
2025-01-21 00:00:00-05:00,44.84555479706936,45.35538450354963,44.76860165446086,44.884033203125,52089100,0.0,0.0
2025-01-22 00:00:00-05:00,44.82631334477062,44.95136632342521,44.018285205660895,44.04714584350586,40296200,0.0,0.0
2025-01-23 00:00:00-05:00,44.29724285331297,45.105270896146465,44.29724285331297,44.62430191040039,35324100,0.0,0.0
2025-01-24 00:00:00-05:00,44.47039621191028,45.076418219057715,44.393443075011994,44.749359130859375,24655100,0.0,0.0
2025-01-27 00:00:00-05:00,44.77821342396482,45.345756994013236,44.614685724384195,45.29766082763672,44260000,0.0,0.0
2025-01-28 00:00:00-05:00,45.288041410105926,45.634335997085806,44.932121718998204,45.05717468261719,27156600,0.0,0.0
2025-01-29 00:00:00-05:00,44.97060012817383,45.5862398422734,44.86478636428131,44.97060012817383,23681500,0.0,0.0
2025-01-30 00:00:00-05:00,45.316901001152196,45.374614934242366,44.63392588323453,44.94174575805664,31199900,0.0,0.0
2025-01-31 00:00:00-05:00,44.92250401243917,45.04755697622118,44.40305662703893,44.53772735595703,30388900,0.0,0.0
2025-02-03 00:00:00-05:00,43.69121717353864,44.710872657284824,43.393018776317064,44.451148986816406,36497700,0.0,0.0
2025-02-04 00:00:00-05:00,44.58581923848424,45.33613327961175,44.50886611627992,44.9321174621582,32894000,0.0,0.0
2025-02-05 00:00:00-05:00,45.19184538240839,45.33613754568418,44.86478632588513,45.316898345947266,27696600,0.0,0.0
2025-02-06 00:00:00-05:00,45.63433590092245,46.15378328455088,45.37461220910823,45.92292022705078,39793400,0.0,0.0
2025-02-07 00:00:00-05:00,46.01911474752536,46.14416771683586,45.57662414166028,45.595863342285156,26504700,0.0,0.0
2025-02-10 00:00:00-05:00,45.67281348710612,45.749770284570644,44.63392240784951,44.89364242553711,26725200,0.0,0.0
2025-02-11 00:00:00-05:00,44.778212249636276,45.143749709615555,44.5184885546117,45.00907897949219,20314900,0.0,0.0
2025-02-12 00:00:00-05:00,44.797447214107635,44.8070686479223,44.19142531634799,44.451148986816406,29777100,0.0,0.0
2025-02-13 00:00:00-05:00,44.749356254669834,44.797452420827774,44.220291087927954,44.56658935546875,26815400,0.0,0.0
2025-02-14 00:00:00-05:00,44.71087762402901,45.297660388844406,44.71087762402901,45.172607421875,25960500,0.0,0.0
2025-02-18 00:00:00-05:00,44.78783661922806,44.874411189909324,44.40305993408854,44.758975982666016,37824100,0.0,0.0
2025-02-19 00:00:00-05:00,44.13371687520273,44.3068660103626,43.691222602292896,44.258766174316406,38967800,0.0,0.0
2025-02-20 00:00:00-05:00,44.15295540352013,44.43191463302868,43.325688141351435,43.57579040527344,40001100,0.0,0.0
2025-02-21 00:00:00-05:00,43.527690138305545,43.77779237866304,42.84471510742363,43.10443878173828,43485900,0.0,0.0
2025-02-24 00:00:00-05:00,43.31606944296283,43.66236772988765,42.748525843725474,42.767765045166016,35512200,0.0,0.0
2025-02-25 00:00:00-05:00,42.835098814846475,43.13330092177832,41.70001165878634,42.267555236816406,38119000,0.0,0.0
2025-02-26 00:00:00-05:00,42.363751240424584,42.85433801556811,42.1906021034322,42.267555236816406,32251700,0.0,0.0
2025-02-27 00:00:00-05:00,42.411843567287434,43.07557941932523,42.2675514096913,42.44070053100586,28477700,0.0,0.0
2025-02-28 00:00:00-05:00,42.633092247688616,44.441536731321364,42.51766071411699,44.345340728759766,62621100,0.0,0.0
2025-03-03 00:00:00-05:00,44.451154723880705,45.172608234017495,43.49883814542144,43.825897216796875,46946000,0.0,0.0
2025-03-04 00:00:00-05:00,43.02748031899467,43.1332940714073,40.43024734610026,41.0458869934082,78278100,0.0,0.0
2025-03-05 00:00:00-05:00,41.02665715372026,41.103610285552676,40.12243308554915,40.68035888671875,52588900,0.0,0.0
2025-03-06 00:00:00-05:00,40.00699952479856,40.29558017616877,39.40097758826965,39.8819465637207,58103500,0.0,0.0
2025-03-07 00:00:00-05:00,39.98843298021272,40.394994782980916,39.310826282939644,40.07555389404297,50651400,0.26,0.0
2025-03-10 00:00:00-04:00,39.10754302690146,39.32050237581806,37.926571531121745,38.55577850341797,77498400,0.0,0.0
2025-03-11 00:00:00-04:00,38.42993630761224,39.35922353589084,38.013692377572184,38.34281539916992,50608400,0.0,0.0
2025-03-12 00:00:00-04:00,39.02042171262971,39.204341987658964,37.945931748809144,38.633216857910156,42290700,0.0,0.0
2025-03-13 00:00:00-04:00,38.69129965965688,38.90425901167489,38.071774830769485,38.40089416503906,37766100,0.0,0.0
2025-03-14 00:00:00-04:00,38.97201706939261,39.707705530912165,38.88489616454579,39.58186340332031,35979900,0.0,0.0
2025-03-17 00:00:00-04:00,39.61090818105755,40.43371766597158,39.29146727903461,40.11427307128906,37242800,0.0,0.0
2025-03-18 00:00:00-04:00,40.385318592844655,40.49180012602953,39.969074613663594,40.31755828857422,37644500,0.0,0.0
2025-03-19 00:00:00-04:00,40.38531234292575,41.33396014856144,39.978746887562416,40.85963439941406,42471100,0.0,0.0
2025-03-20 00:00:00-04:00,40.42403486916738,41.35332587085154,40.31755703196083,41.121002197265625,41018100,0.0,0.0
2025-03-21 00:00:00-04:00,40.811236543518554,41.29524077372758,40.549873816086574,41.11132049560547,65011000,0.0,0.0
2025-03-24 00:00:00-04:00,41.556602821668776,41.76956586112955,41.382361006229814,41.69212341308594,30646100,0.0,0.0
2025-03-25 00:00:00-04:00,41.963165112216096,42.13740692979886,41.66308485400296,41.89540481567383,25445300,0.0,0.0
2025-03-26 00:00:00-04:00,42.069643798138856,42.32132804775678,41.36299811563448,41.45011901855469,30012100,0.0,0.0
2025-03-27 00:00:00-04:00,41.45012495948672,41.711487705707746,41.15972313901652,41.19844436645508,25619200,0.0,0.0
2025-03-28 00:00:00-04:00,41.082280061208415,41.2565218893804,39.678670668108815,39.93035125732422,34253000,0.0,0.0
2025-03-31 00:00:00-04:00,39.475380319617656,40.55955235747431,39.3011385168428,40.394989013671875,36390000,0.0,0.0
2025-04-01 00:00:00-04:00,39.99810678733697,40.36595101323321,39.65930532444504,40.16267013549805,25578500,0.0,0.0
2025-04-02 00:00:00-04:00,39.57218844250811,40.62731785330974,39.51410660325558,40.51115417480469,28216100,0.0,0.0
2025-04-03 00:00:00-04:00,37.39417360748169,37.597454529176105,35.83567915583825,36.02928161621094,115497900,0.0,0.0
2025-04-04 00:00:00-04:00,34.16101926733346,34.64502349489219,32.59284291132854,33.28981018066406,107761200,0.0,0.0
2025-04-07 00:00:00-04:00,33.85125995556153,35.4581539904314,32.467007442628265,34.44174575805664,137329100,0.0,0.0
2025-04-08 00:00:00-04:00,35.68078937833752,36.13575449732236,33.23172936540331,33.909332275390625,79116300,0.0,0.0
2025-04-09 00:00:00-04:00,32.96068526517508,36.63911644482496,32.01203747676309,35.96151351928711,161173500,0.0,0.0
2025-04-10 00:00:00-04:00,35.158067273572634,35.2355097235138,33.52213429148764,34.703102111816406,90451800,0.0,0.0
2025-04-11 00:00:00-04:00,34.073901280728236,35.070948893351684,33.69637854168283,34.79990768432617,63671900,0.0,0.0
2025-04-14 00:00:00-04:00,35.32263000957284,35.80663423517989,35.10966696865479,35.49686813354492,46830600,0.0,0.0
2025-04-15 00:00:00-04:00,36.59071897401331,37.5103277476488,36.59071897401331,36.77464294433594,84677800,0.0,0.0
2025-04-16 00:00:00-04:00,36.64880074647901,36.939202544838246,35.787273811194304,36.13575744628906,52872700,0.0,0.0
2025-04-17 00:00:00-04:00,36.309995168273815,36.65847879950173,36.048636137512055,36.21319580078125,47144400,0.0,0.0
2025-04-21 00:00:00-04:00,35.88407528209235,36.08735618358746,35.32263226472594,35.73887252807617,34928300,0.0,0.0
2025-04-22 00:00:00-04:00,36.368083053134875,37.258652891355325,36.20352336249597,37.09408950805664,42288900,0.0,0.0
2025-04-23 00:00:00-04:00,38.149215676543875,38.84618299352756,37.43288774601514,37.51033020019531,54428400,0.0,0.0
2025-04-24 00:00:00-04:00,37.42320818988372,38.42993790879381,37.365126350949126,38.313777923583984,42457100,0.0,0.0
2025-04-25 00:00:00-04:00,38.275054702881874,38.5170568135081,38.06209166387986,38.42025375366211,32694200,0.0,0.0
2025-04-28 00:00:00-04:00,38.5267344213556,38.79777929027252,38.197611410474316,38.50737380981445,37428000,0.0,0.0
2025-04-29 00:00:00-04:00,38.36217539889384,38.855858077079255,38.21697265625505,38.71065902709961,33792500,0.0,0.0
2025-04-30 00:00:00-04:00,38.10081829239781,38.72034319265474,37.57809277305865,38.604183197021484,40994600,0.0,0.0
2025-05-01 00:00:00-04:00,38.54609764611308,39.14626187394009,38.31377767718748,38.8848991394043,33569100,0.0,0.0
2025-05-02 00:00:00-04:00,39.60122612375258,39.910988536891956,39.397945232503474,39.756107330322266,41613000,0.0,0.0
2025-05-05 00:00:00-04:00,39.54314547292708,40.16267401045234,39.3205039625946,39.804508209228516,32829200,0.0,0.0
2025-05-06 00:00:00-04:00,39.34954985483209,39.94971413439825,39.262428935809616,39.533470153808594,29541800,0.0,0.0
2025-05-07 00:00:00-04:00,39.72706791623778,40.01746971447494,39.55282609876364,39.62058639526367,30925900,0.0,0.0
2025-05-08 00:00:00-04:00,39.96907331230331,40.80156124356031,39.930352084649606,40.2691535949707,41861700,0.0,0.0
2025-05-09 00:00:00-04:00,40.39498976135198,40.63699185938979,40.35626853942778,40.45307159423828,27222800,0.0,0.0
2025-05-12 00:00:00-04:00,41.934125760623196,42.55365057782781,41.56628151566077,41.97284698486328,44875100,0.0,0.0
2025-05-13 00:00:00-04:00,42.030926872006816,43.0666993537674,42.030926872006816,42.8634147644043,43232500,0.0,0.0
2025-05-14 00:00:00-04:00,42.776296716833805,43.4829425188769,42.718218566834935,43.3087043762207,42419500,0.0,0.0
2025-05-15 00:00:00-04:00,43.173179706181664,43.54102398787597,42.602054515916656,42.96022033691406,47379400,0.0,0.0
2025-05-16 00:00:00-04:00,42.92149439087647,43.35709892754602,42.26324835605563,43.26029586791992,49488100,0.0,0.0
2025-05-19 00:00:00-04:00,42.698856376780526,43.69590396999991,42.698856376780526,43.33774185180664,37915700,0.0,0.0
2025-05-20 00:00:00-04:00,43.16349650095298,43.47325890643818,42.98925468628516,43.26029586791992,33424300,0.0,0.0
2025-05-21 00:00:00-04:00,42.9505397322476,43.0667034207562,41.76957177368768,41.866371154785156,55594100,0.0,0.0
2025-05-22 00:00:00-04:00,41.798603977093116,42.17612667102578,41.58564094250173,41.92444610595703,29026200,0.0,0.0
2025-05-23 00:00:00-04:00,41.12100293527206,42.04061180020397,40.99516078929369,41.817970275878906,34875100,0.0,0.0
2025-05-27 00:00:00-04:00,42.389092058363026,42.805335998535156,41.91476628026247,42.805335998535156,36322000,0.0,0.0
2025-05-28 00:00:00-04:00,42.79565453301697,43.01829604299508,42.5536524100852,42.650455474853516,35673800,0.0,0.0
2025-05-29 00:00:00-04:00,42.950537853245066,43.0376587694853,42.49557635079898,42.82469940185547,28545100,0.0,0.0
2025-05-30 00:00:00-04:00,42.77629408881357,42.88277561414911,42.32133260691539,42.71821594238281,66537500,0.0,0.0
2025-06-02 00:00:00-04:00,42.47621263124689,42.73757536085806,41.972847784513434,42.66981506347656,28582600,0.0,0.0
2025-06-03 00:00:00-04:00,42.6020519706567,43.29901926429831,42.53429167184814,43.221580505371094,31320200,0.0,0.0
2025-06-04 00:00:00-04:00,43.17318073715977,43.64750656114458,42.921500133775346,42.940860748291016,30591700,0.0,0.0
2025-06-05 00:00:00-04:00,43.027980639770966,43.153822784787884,42.602054515916656,42.96022033691406,32020900,0.0,0.0
2025-06-06 00:00:00-04:00,43.51523395506008,43.982615763531484,43.46654904646481,43.78787612915039,37013000,0.26,0.0
2025-06-09 00:00:00-04:00,43.924191090788334,44.20656873339035,43.60286403932671,43.69049835205078,32414000,0.0,0.0
2025-06-10 00:00:00-04:00,43.622338848419695,44.01182550911008,43.57365394443841,43.90471649169922,32229100,0.0,0.0
2025-06-11 00:00:00-04:00,44.01182642392434,44.21630525354798,43.37891151575194,43.55418014526367,47873500,0.0,0.0
2025-06-12 00:00:00-04:00,43.232856750832674,43.47628498993777,42.862844787355286,43.44707107543945,30165400,0.0,0.0
2025-06-13 00:00:00-04:00,42.8433730644997,43.29128016416767,42.512310487697206,42.931007385253906,43281700,0.0,0.0
2025-06-16 00:00:00-04:00,43.46654539014624,43.70997362706634,43.18416774385809,43.242591857910156,34103600,0.0,0.0
2025-06-17 00:00:00-04:00,43.1062750035451,43.49575797532493,42.90179616477916,43.067325592041016,27489600,0.0,0.0
2025-06-18 00:00:00-04:00,43.096534014491006,44.01182657495321,43.04784910933071,43.87550735473633,37684700,0.0,0.0
2025-06-20 00:00:00-04:00,44.11893569354536,44.44999824956336,44.07998628356203,44.30393981933594,64591600,0.0,0.0
2025-06-23 00:00:00-04:00,44.20657294868482,45.15107205986195,43.924195279156834,45.08291244506836,42683600,0.0,0.0
2025-06-24 00:00:00-04:00,45.52107928872002,45.94951163895205,45.345810664893264,45.43344497680664,45437600,0.0,0.0
2025-06-25 00:00:00-04:00,45.35555093731276,45.74503388817457,45.238702709076115,45.61845016479492,33532400,0.0,0.0
2025-06-26 00:00:00-04:00,45.71582938581157,46.32926966003558,45.66714447518884,46.21242141723633,40127000,0.0,0.0
2025-06-27 00:00:00-04:00,46.202686198338505,46.416900549249036,45.67688024584604,45.8813591003418,56705000,0.0,0.0
2025-06-30 00:00:00-04:00,46.3682125562464,46.3682125562464,45.79372173102516,46.07609939575195,47921200,0.0,0.0
2025-07-01 00:00:00-04:00,45.78398445838619,47.147180392594926,45.706085637586725,46.884281158447266,48540900,0.0,0.0
2025-07-02 00:00:00-04:00,47.088755959826614,47.44902868912821,46.79664283567883,47.4295539855957,48003600,0.0,0.0
2025-07-03 00:00:00-04:00,47.66324682882374,48.01378406441669,47.526927618186456,47.64377212524414,21620300,0.0,0.0
2025-07-07 00:00:00-04:00,47.458765815105515,47.91640832756349,47.09848938719681,47.38086700439453,35567900,0.0,0.0
2025-07-08 00:00:00-04:00,46.25136629264026,46.53374394672987,45.53081705710476,45.91056823730469,88086500,0.0,0.0
2025-07-09 00:00:00-04:00,45.920306747237724,46.20268441986458,45.48213513702716,45.60871887207031,46227900,0.0,0.0
2025-07-10 00:00:00-04:00,45.66713854782911,45.97872639267677,45.55029032019616,45.73529815673828,44225000,0.0,0.0
2025-07-11 00:00:00-04:00,45.41397167293318,45.57950480694947,45.03422421440542,45.50160598754883,31653000,0.0,0.0
2025-07-14 00:00:00-04:00,45.57950457153912,45.83266830444336,45.32633712421474,45.83266830444336,36381200,0.0,0.0
2025-07-15 00:00:00-04:00,45.64766146768372,45.77424146940194,44.742108179964625,44.936851501464844,55145000,0.0,0.0
2025-07-16 00:00:00-04:00,45.03422153571113,45.33607387130383,43.82681590776027,44.820003509521484,61296600,0.0,0.0
2025-07-17 00:00:00-04:00,44.440263877304815,45.97873230933158,44.24552052060995,45.78398895263672,56480700,0.0,0.0
2025-07-18 00:00:00-04:00,45.774247025069485,46.13452351361899,45.66714171394379,46.07609939575195,48314200,0.0,0.0
2025-07-21 00:00:00-04:00,46.29031574780271,46.77717223556399,45.959253187548235,46.23189163208008,32199700,0.0,0.0
2025-07-22 00:00:00-04:00,46.34873763980935,46.903753756554444,46.21241841315902,46.5142707824707,34749400,0.0,0.0
2025-07-23 00:00:00-04:00,46.74795470456644,47.04007154616432,46.5532150960611,46.87453842163086,31380100,0.0,0.0
2025-07-24 00:00:00-04:00,47.21534303753544,47.711935012504384,46.94270088308684,47.11796951293945,42967600,0.0,0.0
2025-07-25 00:00:00-04:00,47.11796748931411,47.27376140755648,46.67979593350121,47.1763916015625,24461200,0.0,0.0
2025-07-28 00:00:00-04:00,47.17639532400491,47.26402964208226,46.816122556095955,46.96217727661133,20590400,0.0,0.0
2025-07-29 00:00:00-04:00,47.11796941238739,47.234813927233056,46.63111293370693,46.689537048339844,26216500,0.0,0.0
2025-07-30 00:00:00-04:00,46.991389136219105,47.225081897479456,46.485061629925795,46.699275970458984,32265900,0.0,0.0
2025-07-31 00:00:00-04:00,46.50452968849963,46.76743263542704,45.94951359423739,46.02741241455078,40016300,0.0,0.0
2025-08-01 00:00:00-04:00,45.14133571997463,45.190020627571215,44.12867329851603,44.45973587036133,52310400,0.0,0.0
2025-08-04 00:00:00-04:00,44.7518462623922,44.89790469056839,44.44025841574179,44.644737243652344,31038900,0.0,0.0
2025-08-05 00:00:00-04:00,44.74211319925179,44.79079810648347,43.573656853589895,44.36236572265625,36798300,0.0,0.0
2025-08-06 00:00:00-04:00,44.50842136917146,44.73237491862687,44.19683349910999,44.226043701171875,27916800,0.0,0.0
2025-08-07 00:00:00-04:00,44.50841947987259,44.55710438604929,43.602866110189105,43.73918533325195,30609900,0.0,0.0
2025-08-08 00:00:00-04:00,43.963143238547374,45.082910954871856,43.7976100977914,44.800533294677734,37131600,0.0,0.0
2025-08-11 00:00:00-04:00,44.84922441905193,45.29713153057963,44.605796156558114,44.94659423828125,35559400,0.0,0.0
2025-08-12 00:00:00-04:00,45.25817799536745,46.407159586851854,45.14133348004942,46.251365661621094,35481200,0.0,0.0
2025-08-13 00:00:00-04:00,46.426635655956005,46.50453076365008,45.75477503011095,45.99820327758789,29465100,0.0,0.0
2025-08-14 00:00:00-04:00,45.852143878153065,46.47531958426904,45.65740054138677,46.45584487915039,21073800,0.0,0.0
2025-08-15 00:00:00-04:00,46.49479404331835,46.562953653662795,45.66713950946714,45.706085205078125,26276900,0.0,0.0
2025-08-18 00:00:00-04:00,45.68661111922557,46.77717232835675,45.5600311065391,46.66032409667969,43125100,0.0,0.0
2025-08-19 00:00:00-04:00,46.56295270209647,46.85506584252016,46.377948579859485,46.81612014770508,33783400,0.0,0.0
2025-08-20 00:00:00-04:00,46.90375281897614,47.225079887731916,46.61163966564742,47.07902145385742,30822200,0.0,0.0
2025-08-21 00:00:00-04:00,47.00112562337352,47.215343665915505,46.553218547531365,46.99138641357422,28713200,0.0,0.0
2025-08-22 00:00:00-04:00,47.24455017074915,48.354582278142736,47.18612605978426,48.17931365966797,45078900,0.0,0.0
2025-08-25 00:00:00-04:00,48.09167935043058,48.354582278142736,47.916410731955814,48.17931365966797,34715700,0.0,0.0
2025-08-26 00:00:00-04:00,47.95536417035914,48.93881264387338,47.95536417035914,48.9290771484375,40609300,0.0,0.0
2025-08-27 00:00:00-04:00,48.71485469298918,49.299084655579996,48.67590900035238,49.05565643310547,42428200,0.0,0.0
2025-08-28 00:00:00-04:00,49.22118971839361,49.30882403396379,48.95828677168307,49.16276931762695,32949400,0.0,0.0
2025-08-29 00:00:00-04:00,49.18223934760661,49.58146150753505,49.18223934760661,49.40619659423828,32496500,0.0,0.0
2025-09-02 00:00:00-04:00,48.89986487635701,49.1432931105652,48.36431978956291,49.0946044921875,52719800,0.0,0.0
2025-09-03 00:00:00-04:00,49.07513067377163,49.24066008057154,48.393530914387604,48.74406814575195,38344200,0.0,0.0
2025-09-04 00:00:00-04:00,48.919340354826645,49.49383114522439,48.80249212617548,49.28934860229492,34796900,0.0,0.0
2025-09-05 00:00:00-04:00,49.38726153384485,49.72995889795944,48.20251643337769,48.73124694824219,40063300,0.28,0.0
2025-09-08 00:00:00-04:00,48.760619282443315,48.868324060844145,47.85982247232804,48.42771530151367,48033100,0.0,0.0
2025-09-09 00:00:00-04:00,48.466881844210775,49.504759850554144,48.42771579074564,49.240394592285156,40060100,0.0,0.0
2025-09-10 00:00:00-04:00,49.31872528134848,49.5733009057525,48.92707593353704,49.083736419677734,31706300,0.0,0.0
2025-09-11 00:00:00-04:00,49.09352285221444,49.896408258012286,48.94665575705456,49.690792083740234,28055200,0.0,0.0
2025-09-12 00:00:00-04:00,49.64183600549687,49.86703520441643,49.4068434259267,49.52434158325195,27851100,0.0,0.0
2025-09-15 00:00:00-04:00,49.78870579562878,50.02369838792397,49.40684610134456,49.53413391113281,29043600,0.0,0.0
2025-09-16 00:00:00-04:00,49.58309336283877,49.81808597291154,49.16206758214063,49.60267639160156,31624400,0.0,0.0
2025-09-17 00:00:00-04:00,49.79849802699682,50.55242775205715,49.72995930063501,50.32722854614258,38337900,0.0,0.0
2025-09-18 00:00:00-04:00,50.41535403752206,51.1007413519601,50.2293171363911,51.041996002197266,35246900,0.0,0.0
2025-09-19 00:00:00-04:00,51.06157727501941,51.56093140623981,50.679713839285455,51.159488677978516,98970700,0.0,0.0
2025-09-22 00:00:00-04:00,50.6797118957133,51.25739811521114,50.6797118957133,50.83637237548828,27468000,0.0,0.0
2025-09-23 00:00:00-04:00,50.91470964214525,51.77634423575803,50.444728155196685,50.6209716796875,28278200,0.0,0.0
2025-09-24 00:00:00-04:00,50.76783879337596,51.15949190004018,50.3859790686728,50.6209716796875,27010400,0.0,0.0
2025-09-25 00:00:00-04:00,50.405553262655886,51.23781503467206,50.366387211838145,50.76782989501953,22957900,0.0,0.0
2025-09-26 00:00:00-04:00,51.02240796973282,51.52176206914492,50.89512016592959,51.12031936645508,20025800,0.0,0.0
2025-09-29 00:00:00-04:00,51.26719383030187,51.45322699129185,51.02241158606635,51.3259391784668,23701000,0.0,0.0
2025-09-30 00:00:00-04:00,51.38468788791906,51.47280964460604,49.955160488401894,50.51326370239258,29945000,0.0,0.0
2025-10-01 00:00:00-04:00,50.22931615722608,50.601386217154165,49.50476280035002,49.622257232666016,27709100,0.0,0.0
2025-10-02 00:00:00-04:00,49.59288361497371,49.78870642008176,49.024987021934706,49.426429748535156,22757200,0.0,0.0
2025-10-03 00:00:00-04:00,49.563508707719635,50.06286658708325,49.49496997683925,49.583091735839844,24565700,0.0,0.0
2025-10-06 00:00:00-04:00,49.86704080379093,50.24890052027469,48.848745736447064,49.33831024169922,25386300,0.0,0.0
2025-10-07 00:00:00-04:00,49.49496646964764,49.847453480672954,49.083734113505066,49.240394592285156,24107300,0.0,0.0
2025-10-08 00:00:00-04:00,49.348099154874205,49.45580019880928,48.7410365340742,48.79978561401367,24014200,0.0,0.0
2025-10-09 00:00:00-04:00,48.95644395750892,49.23059884844528,48.63332963455083,48.75082778930664,21816900,0.0,0.0
2025-10-10 00:00:00-04:00,48.88790833065324,49.09352451187638,47.53670934603742,47.63462448120117,31831900,0.0,0.0
2025-10-13 00:00:00-04:00,48.17314446663163,48.36897100112584,47.791284778662195,47.840240478515625,34462800,0.0,0.0
2025-10-14 00:00:00-04:00,47.83044934012528,49.44601365660093,47.51712836427604,49.04457092285156,42462600,0.0,0.0
2025-10-15 00:00:00-04:00,50.493681167981165,51.74696506636575,50.160777165587675,51.18886184692383,69992200,0.0,0.0
2025-10-16 00:00:00-04:00,51.50217871441944,51.65883918922445,48.956445065068046,49.38726043701172,49027700,0.0,0.0
2025-10-17 00:00:00-04:00,49.88662143993417,50.68950689123945,49.27956252835518,50.20973205566406,48915400,0.0,0.0
2025-10-20 00:00:00-04:00,50.36638928476239,51.18885771038428,50.2978505605506,50.9538688659668,25786000,0.0,0.0
2025-10-21 00:00:00-04:00,51.00282825131221,51.27698316797995,50.366392926098534,50.444725036621094,27303400,0.0,0.0
2025-10-22 00:00:00-04:00,50.42513846754275,50.503470572563906,49.3872604864945,50.033485412597656,34955000,0.0,0.0
2025-10-23 00:00:00-04:00,50.40555928456399,50.71888025837774,50.04328260891947,50.67971420288086,26028800,0.0,0.0
2025-10-24 00:00:00-04:00,50.767834795443584,51.717591076509116,50.767834795443584,51.472808837890625,38923900,0.0,0.0
2025-10-27 00:00:00-04:00,51.6980044512464,51.96236969876533,51.433639203727466,51.913414001464844,27345800,0.0,0.0
2025-10-28 00:00:00-04:00,51.89383597003453,52.1679908893674,51.247610992263745,51.76654815673828,29575200,0.0,0.0
2025-10-29 00:00:00-04:00,51.56092953828496,51.90362317130729,51.22802555117164,51.482601165771484,29158800,0.0,0.0
2025-10-30 00:00:00-04:00,51.570719314443636,52.32464904407739,51.463018268850654,51.9232063293457,37548600,0.0,0.0
2025-10-31 00:00:00-04:00,51.68821719324829,52.52047529103851,51.66863416640752,52.334442138671875,39295700,0.0,0.0
2025-11-03 00:00:00-05:00,52.14840463719713,52.52047467262987,51.60988447819842,52.44214630126953,31252300,0.0,0.0
2025-11-04 00:00:00-05:00,51.91341795235461,52.87296388577568,51.619680011116415,52.42256546020508,47226600,0.0,0.0
2025-11-05 00:00:00-05:00,51.85467030250033,51.96237508878169,50.660135477123276,51.355316162109375,54353600,0.0,0.0
2025-11-06 00:00:00-05:00,52.305068043536636,52.62818239807514,51.66863645093387,52.17778396606445,55296000,0.0,0.0
2025-11-07 00:00:00-05:00,52.04070494427525,52.46173068962175,51.60988581782924,52.08966064453125,40537700,0.0,0.0
2025-11-10 00:00:00-05:00,52.29527932324021,52.8631759315467,52.22674059259366,52.30506896972656,26094600,0.0,0.0
2025-11-11 00:00:00-05:00,52.62817939148787,52.85337859462784,52.16798760437378,52.510684967041016,22244300,0.0,0.0
2025-11-12 00:00:00-05:00,52.76525755396716,53.548559952641625,52.64776312793611,52.98066711425781,40536700,0.0,0.0
2025-11-13 00:00:00-05:00,52.66734876110157,53.07858114010087,51.66863675271387,51.76654815673828,37716100,0.0,0.0
2025-11-14 00:00:00-05:00,51.756752737860275,51.79591878913405,50.94407398179049,51.51197052001953,32363100,0.0,0.0
2025-11-17 00:00:00-05:00,51.48260366092888,51.48260366092888,50.31743778202105,50.40555953979492,35546800,0.0,0.0
2025-11-18 00:00:00-05:00,50.20973448554989,51.0909520894242,50.08245040338641,50.56222152709961,35189500,0.0,0.0
2025-11-19 00:00:00-05:00,50.59158686502972,51.39447597383017,50.59158686502972,50.93428421020508,28112300,0.0,0.0
2025-11-20 00:00:00-05:00,51.40426691840677,51.8448756675806,49.90620090629604,49.93557357788086,36661600,0.0,0.0
2025-11-21 00:00:00-05:00,50.21952147125773,50.69929253386644,49.641835278977645,50.48388671875,43867200,0.0,0.0
2025-11-24 00:00:00-05:00,50.57201359734011,51.14969984821385,50.32723135095431,50.846168518066406,52852100,0.0,0.0
2025-11-25 00:00:00-05:00,51.159486311902235,51.77633858024147,50.77762662890952,51.38468551635742,41310100,0.0,0.0
2025-11-26 00:00:00-05:00,51.600096355607874,52.13861653050307,51.45322551923622,51.8840446472168,32045600,0.0,0.0
2025-11-28 00:00:00-05:00,52.00153909377323,52.814214179432184,51.94279001218755,52.530269622802734,18920800,0.0,0.0
2025-12-01 00:00:00-05:00,52.3833980210148,52.775051089035884,52.09944973345353,52.12882614135742,30536500,0.0,0.0
2025-12-02 00:00:00-05:00,52.412772314236264,52.52047709802589,51.864462484151716,52.07986831665039,46073500,0.0,0.0
2025-12-03 00:00:00-05:00,52.13861778687049,53.10795711310411,52.0700790576003,52.96108627319336,37134400,0.0,0.0
2025-12-04 00:00:00-05:00,53.078580640516265,53.54856209855505,52.87296445295191,53.029624938964844,38529600,0.0,0.0
2025-12-05 00:00:00-05:00,53.07883357716153,53.96463055363092,52.89183366190272,53.09851837158203,33986500,0.28,0.0
2025-12-08 00:00:00-05:00,53.04930877685547,53.3544137071033,52.64577987355134,53.04930877685547,34386600,0.0,0.0
2025-12-09 00:00:00-05:00,53.11820193473663,53.42330685495556,52.42924916395137,52.69498825073242,47189300,0.0,0.0
2025-12-10 00:00:00-05:00,52.74420284038757,53.68905050401585,52.49814852666203,53.226470947265625,54424400,0.0,0.0
2025-12-11 00:00:00-05:00,53.09851760558801,53.78747038240425,52.90167341871328,53.698890686035156,35686900,0.0,0.0
2025-12-12 00:00:00-05:00,53.91541844155599,54.427211849640635,53.492204733995436,54.269737243652344,40539400,0.0,0.0
2025-12-15 00:00:00-05:00,54.535476759354474,55.18505998330032,54.200842749776875,54.45674133300781,32881300,0.0,0.0
2025-12-16 00:00:00-05:00,54.2697360139643,54.476420725673684,53.82683752137942,53.9449462890625,32931900,0.0,0.0
2025-12-17 00:00:00-05:00,54.25005228387546,54.69295078515115,53.600469066834705,53.689048767089844,35304100,0.0,0.0
2025-12-18 00:00:00-05:00,53.93510369595209,54.279581980697614,52.92136114592462,53.40362548828125,87452700,0.0,0.0
2025-12-19 00:00:00-05:00,53.65952309228884,54.4370555943751,53.52173328270206,54.39768600463867,73001900,0.0,0.0
2025-12-22 00:00:00-05:00,54.49610922325533,55.22443165549392,54.466583906573675,54.99806213378906,33408800,0.0,0.0
2025-12-23 00:00:00-05:00,54.92916479813458,55.332693711081134,54.92916479813458,55.086639404296875,22274600,0.0,0.0
2025-12-24 00:00:00-05:00,55.244115744454064,55.60827507866753,55.00790195055099,55.362220764160156,13634400,0.0,0.0
2025-12-26 00:00:00-05:00,55.39174609703457,55.65748520732094,55.14569178245358,55.28348159790039,15259400,0.0,0.0
2025-12-29 00:00:00-05:00,55.224428542222356,55.36221835162343,54.39768593132515,54.47642135620117,21040100,0.0,0.0
2025-12-30 00:00:00-05:00,54.614216397768615,54.76184673133955,54.2992634262708,54.407527923583984,17427600,0.0,0.0
2025-12-31 00:00:00-05:00,54.44689577064128,54.54531598986994,54.06305165936249,54.1319465637207,16293000,0.0,0.0
2026-01-02 00:00:00-05:00,54.16147374936561,55.10632515725385,54.01384341542336,55.06695556640625,25503600,0.0,0.0
2026-01-05 00:00:00-05:00,55.28347744653488,56.6416982122874,55.253952132439366,55.99211502075195,36096600,0.0,0.0
2026-01-06 00:00:00-05:00,56.11022176334887,56.50391015106218,55.85432693947871,56.346435546875,31791900,0.0,0.0
2026-01-07 00:00:00-05:00,55.79527194840916,55.913380716133595,54.56500044329305,54.761844635009766,49695500,0.0,0.0
2026-01-08 00:00:00-05:00,54.60437071447834,55.687011905195824,54.594530194290414,55.2933235168457,30933700,0.0,0.0
2026-01-09 00:00:00-05:00,55.28347794907568,55.71653591702965,54.90947811883079,54.968528747558594,30768800,0.0,0.0
2026-01-12 00:00:00-05:00,54.41737463435329,54.574849249905675,53.86621160267441,54.31895065307617,45860600,0.0,0.0
2026-01-13 00:00:00-05:00,54.397684951719306,54.6437392510733,53.442993068788816,53.67920684814453,43542200,0.0,0.0
2026-01-14 00:00:00-05:00,52.04540652094308,52.63593533839439,50.84466033703602,51.65171813964844,84750000,0.0,0.0
2026-01-15 00:00:00-05:00,51.887936175029814,52.20288540410054,51.4056680561141,51.759986877441406,51018300,0.0,0.0
2026-01-16 00:00:00-05:00,51.85840784620362,52.537520181636154,51.42535358865278,52.13399124145508,52178400,0.0,0.0
2026-01-20 00:00:00-05:00,51.49425041912485,52.63594237205304,51.13993157951073,51.2777214050293,49172700,0.0,0.0
2026-01-21 00:00:00-05:00,51.40566261667116,52.02572048838309,51.22850322475346,51.24818801879883,36340000,0.0,0.0
2026-01-22 00:00:00-05:00,51.64187717715764,52.29146037258456,51.50408737123232,51.6221923828125,31229200,0.0,0.0
2026-01-23 00:00:00-05:00,51.28756116530552,51.37614086741017,50.56908302800814,50.903717041015625,34553500,0.0,0.0
2026-01-26 00:00:00-05:00,50.982449441893685,51.45487324024555,50.85450015656174,51.198978424072266,27728400,0.0,0.0
2026-01-27 00:00:00-05:00,51.38598061317794,51.42535020340666,50.99229597436307,51.34661102294922,26494300,0.0,0.0
2026-01-28 00:00:00-05:00,51.130080293334686,51.31708019509761,50.50018193530128,50.99229049682617,35030200,0.0,0.0
2026-01-29 00:00:00-05:00,51.15961114458807,52.252092870173676,51.13008582913682,52.242252349853516,35200500,0.0,0.0
2026-01-30 00:00:00-05:00,52.03556190160795,52.56704008648648,51.93714168418184,52.360355377197266,34549100,0.0,0.0
2026-02-02 00:00:00-05:00,52.360359161589216,53.236311925260054,52.1143048457495,53.1772575378418,34624500,0.0,0.0
2026-02-03 00:00:00-05:00,53.34457526713746,54.250053327619135,52.83278185076011,53.59062957763672,41208400,0.0,0.0
2026-02-04 00:00:00-05:00,53.9154145671491,55.155530285370574,53.84651966663574,54.50594711303711,54522500,0.0,0.0
2026-02-05 00:00:00-05:00,54.15163041295223,54.417369505618545,53.393782723753624,54.07289123535156,32959700,0.0,0.0
2026-02-06 00:00:00-05:00,54.67326588315274,55.972432314691716,54.41737105763355,55.63779830932617,42468000,0.0,0.0
2026-02-09 00:00:00-05:00,55.50000667297125,55.824800147414706,55.29332196441121,55.519691467285156,31968400,0.0,0.0
2026-02-10 00:00:00-05:00,55.549220207710896,55.933068088771265,53.41347057854579,54.51579284667969,48304700,0.0,0.0
2026-02-11 00:00:00-05:00,55.08663856022415,55.22442836919351,52.39972602184953,53.00009536743164,48973500,0.0,0.0
2026-02-12 00:00:00-05:00,53.0591509859893,53.088676301600756,50.97261149915215,51.69108963012695,55481600,0.0,0.0
2026-02-13 00:00:00-05:00,51.09071695193963,51.98635449320536,50.62813364612969,51.72061538696289,31772100,0.0,0.0
2026-02-17 00:00:00-05:00,52.20288006436146,52.70482917357103,51.78950689693249,51.907615661621094,35542400,0.0,0.0
2026-02-18 00:00:00-05:00,52.15367437397408,52.76388802525746,51.956830170643364,52.5178337097168,30698900,0.0,0.0
2026-02-19 00:00:00-05:00,51.09071778928531,51.9765148246112,51.01198236086239,51.9371452331543,47148600,0.0,0.0
2026-02-20 00:00:00-05:00,51.700930817654246,52.25209382795534,51.01198174789143,52.22256851196289,33552000,0.0,0.0
2026-02-23 00:00:00-05:00,52.006038169871445,52.41940760102911,50.086813835733345,50.263973236083984,50602500,0.0,0.0
2026-02-24 00:00:00-05:00,49.93918098126565,50.07697078468789,48.68922472173588,49.61438751220703,53062700,0.0,0.0
2026-02-25 00:00:00-05:00,49.53565518512943,50.95292665035125,49.51597038991222,50.87418746948242,41375000,0.0,0.0
2026-02-26 00:00:00-05:00,51.061194138325725,51.8387229452592,50.92340431822336,51.47456359863281,52418500,0.0,0.0
2026-02-27 00:00:00-05:00,50.27381626655611,50.59860598949999,48.54159189588659,49.04354476928711,77728700,0.0,0.0
2026-03-02 00:00:00-05:00,48.010114644811914,49.62423028000664,47.81327420500044,49.023860931396484,40595200,0.0,0.0
2026-03-03 00:00:00-05:00,47.99042976531119,49.7128098920596,47.73453494131306,49.18133544921875,51242900,0.0,0.0
2026-03-04 00:00:00-05:00,49.102597485729184,49.614390900889305,48.433329462403705,49.506126403808594,34208500,0.0,0.0
2026-03-05 00:00:00-05:00,49.03370145159077,49.63407455469165,48.551437117765644,49.023860931396484,39073900,0.0,0.0
2026-03-06 00:00:00-05:00,48.0538753231912,48.20234400982654,47.13337852776936,48.1429557800293,47016000,0.28,0.0
2026-03-09 00:00:00-04:00,47.45010702273904,47.657963934006176,46.29206488833786,47.410518646240234,62752800,0.0,0.0
2026-03-10 00:00:00-04:00,47.78663281879114,48.64774513969872,47.11358133325475,48.06377410888672,50271100,0.0,0.0
2026-03-11 00:00:00-04:00,47.86581653459515,48.15285397136733,47.291741661050786,48.0241813659668,42185800,0.0,0.0
2026-03-12 00:00:00-04:00,47.2125628775231,47.291743408276595,46.311862157873186,46.64838790893555,58354500,0.0,0.0
2026-03-13 00:00:00-04:00,47.03440076505492,47.331334355315676,46.18318837078276,46.242576599121094,45473100,0.0,0.0
2026-03-16 00:00:00-04:00,46.63848983369027,47.19276867382438,46.42074053368977,46.579105377197266,38055600,0.0,0.0
2026-03-17 00:00:00-04:00,47.17297001042151,47.58868006166199,46.71767158226114,46.796852111816406,33427800,0.0,0.0
2026-03-18 00:00:00-04:00,46.73746590822901,47.390721299385916,46.21287934474511,46.3514518737793,40251800,0.0,0.0
2026-03-19 00:00:00-04:00,45.945638657173554,46.70777058724191,45.64870507063514,46.52960968017578,38601400,0.0,0.0
2026-03-20 00:00:00-04:00,46.648385472236775,46.975011280071286,46.21287936083696,46.678077697753906,78060900,0.0,0.0
2026-03-23 00:00:00-04:00,47.84602118500583,47.89550948761406,46.99480878756864,47.034400939941406,42333200,0.0,0.0
2026-03-24 00:00:00-04:00,46.56920206186904,47.96479332363505,46.5395098357832,47.64806365966797,39804100,0.0,0.0
2026-03-25 00:00:00-04:00,48.02418184331022,48.608152872744284,47.68765610133608,48.2518310546875,29988300,0.0,0.0
2026-03-26 00:00:00-04:00,48.21223817554277,48.37060300610057,47.539186701743276,47.74704360961914,32502600,0.0,0.0
2026-03-27 00:00:00-04:00,47.57878238560116,47.756943305169926,46.361351952358355,46.49002456665039,36781900,0.0,0.0
2026-03-30 00:00:00-04:00,47.06408987489262,47.3709233707497,46.450426658893676,46.74736022949219,43375900,0.0,0.0
2026-03-31 00:00:00-04:00,47.19276552641621,48.27162713077015,46.88593201070833,48.2518310546875,49060600,0.0,0.0
2026-04-01 00:00:00-04:00,49.19212383506785,49.53854572675297,48.28152321508554,48.766517639160156,32947000,0.0,0.0
2026-04-02 00:00:00-04:00,48.25182974909135,49.063449967941914,47.667858735458346,48.87539291381836,27548200,0.0,0.0
2026-04-06 00:00:00-04:00,48.92488346190669,49.60783110892659,48.74672254951619,49.54844665527344,28507200,0.0,0.0
2026-04-07 00:00:00-04:00,49.29110268476098,49.96415419844744,49.112941767860704,49.766197204589844,28473200,0.0,0.0
2026-04-08 00:00:00-04:00,51.40923415645553,51.725963838322585,50.84505917464762,51.349849700927734,36473500,0.0,0.0
2026-04-09 00:00:00-04:00,51.10240214537694,52.30003643805655,51.10240214537694,52.171363830566406,32008000,0.0,0.0
2026-04-10 00:00:00-04:00,52.260442780731275,52.29013878204492,51.666575614473395,52.00310134887695,25225300,0.0,0.0
2026-04-13 00:00:00-04:00,51.646782652371314,52.89390528698201,51.320153048237806,52.80482482910156,27835300,0.0,0.0
2026-04-14 00:00:00-04:00,52.55737953229094,53.022577898523906,52.2604459312613,52.80482482910156,40178500,0.0,0.0
2026-04-15 00:00:00-04:00,53.69562727331589,54.83387710368158,53.16114454728077,53.76491165161133,63838200,0.0,0.0
2026-04-16 00:00:00-04:00,53.487774753287965,53.952969330659776,52.92359979455956,52.96318817138672,35206700,0.0,0.0
2026-04-17 00:00:00-04:00,53.60654562325127,54.042047959353475,53.20073551269468,53.359100341796875,43484700,0.0,0.0
2026-04-20 00:00:00-04:00,52.95329081802027,53.3986930847168,52.63656115630617,53.3986930847168,43999200,0.0,0.0
2026-04-21 00:00:00-04:00,53.44818506217893,54.091544355621046,52.66625700417159,52.93349838256836,34266300,0.0,0.0
2026-04-22 00:00:00-04:00,53.12155017917356,53.250222780232555,52.45839865009121,52.577171325683594,24097600,0.0,0.0
2026-04-23 00:00:00-04:00,52.517789854183235,52.97308828287141,51.71606575310716,51.93381881713867,31956300,0.0,0.0
2026-04-24 00:00:00-04:00,51.78534973288334,51.973406793095165,51.399335686508,51.51810836791992,30265400,0.0,0.0
2026-04-27 00:00:00-04:00,51.45872283753747,52.38911574459363,51.30035800706588,52.09218215942383,28043700,0.0,0.0
2026-04-28 00:00:00-04:00,52.47819758484786,52.88400770964011,52.092183536352245,52.12187576293945,21164100,0.0,0.0
2026-04-29 00:00:00-04:00,51.894227838500846,52.47819888875704,51.30036063770819,52.339630126953125,26250700,0.0,0.0
2026-04-30 00:00:00-04:00,52.072387624924346,53.11165709163736,51.61708919580671,52.913700103759766,27089200,0.0,0.0
2026-05-01 00:00:00-04:00,53.141348046867044,53.507569787178866,52.54748087315853,52.69594955444336,24825000,0.0,0.0
2026-05-04 00:00:00-04:00,52.527685721816965,52.527685721816965,51.46862018544297,51.65667724609375,42929000,0.0,0.0
2026-05-05 00:00:00-04:00,52.03279247219363,52.814720452583636,51.745755045106364,52.577171325683594,28458600,0.0,0.0
2026-05-06 00:00:00-04:00,53.27002204666047,53.64613994690267,52.92360014888181,53.052268981933594,27541200,0.0,0.0
2026-05-07 00:00:00-04:00,53.00278075215913,53.44818303257368,51.96351128166886,52.21095657348633,28682100,0.0,0.0
2026-05-08 00:00:00-04:00,52.43860391196558,52.46829613769196,50.5778143269001,50.78567123413086,36111200,0.0,0.0
2026-05-11 00:00:00-04:00,50.68669122224754,50.86485212932558,49.756298310840876,50.0334358215332,33132200,0.0,0.0
2026-05-12 00:00:00-04:00,50.340269814473615,50.55802287536239,49.33069258996491,50.261085510253906,33518800,0.0,0.0
2026-05-13 00:00:00-04:00,49.84537893842507,50.26108520591508,49.29110013938964,49.330692291259766,29838000,0.0,0.0
2026-05-14 00:00:00-04:00,49.54844452195005,49.95425463254157,48.9842695822427,49.3405876159668,37671800,0.0,0.0
2026-05-15 00:00:00-04:00,49.112941072302064,49.47916282725249,48.79621139690182,49.261409759521484,46282300,0.0,0.0
2026-05-18 00:00:00-04:00,49.21191956000875,50.39965390914953,49.21191956000875,50.17200469970703,33404100,0.0,0.0
2026-05-19 00:00:00-04:00,50.21159606465991,50.75597492877093,49.865174180875265,50.18190383911133,44154600,0.0,0.0
2026-05-20 00:00:00-04:00,50.468940396591044,51.05291140178347,49.974049842214924,50.706485748291016,47739400,0.0,0.0
2026-05-21 00:00:00-04:00,50.47883843249953,50.97372900536717,50.24128929620827,50.96383285522461,27461900,0.0,0.0
2026-05-22 00:00:00-04:00,51.16178768149994,51.61708989247824,51.122199303962496,51.27066421508789,26683700,0.0,0.0
2026-05-26 00:00:00-04:00,51.68637246143078,51.96350997305815,51.34984672200521,51.66657638549805,27397600,0.0,0.0
2026-05-27 00:00:00-04:00,51.854634618248035,51.95361500015446,50.24129026247066,50.577816009521484,48581500,0.0,0.0
2026-05-28 00:00:00-04:00,50.39965509482447,50.973729982701244,50.12251757693389,50.251190185546875,48550100,0.0,0.0
2026-05-29 00:00:00-04:00,50.44914492769192,51.27066129445835,50.09282312014395,51.07270431518555,57930600,0.0,0.0
2026-06-01 00:00:00-04:00,50.78567410235978,51.30036077307209,50.33037188645407,50.98362731933594,34303700,0.0,0.0
2026-06-02 00:00:00-04:00,50.73617993426813,52.17136335257148,50.73617993426813,51.9437141418457,42126500,0.0,0.0
2026-06-03 00:00:00-04:00,51.7259599415744,52.01299737405374,50.69659044091132,51.864532470703125,48065400,0.0,0.0
2026-06-04 00:00:00-04:00,52.587074097000794,53.774812244347174,52.26044450180146,53.6164436340332,51883600,0.0,0.0
2026-06-05 00:00:00-04:00,53.89502170775688,54.00446393561656,53.049337975750056,53.5567512512207,38829400,0.28,0.0
2026-06-08 00:00:00-04:00,53.447308492810855,54.074107762876345,53.29806840260489,53.357765197753906,30332100,0.0,0.0
2026-06-09 00:00:00-04:00,53.725886864571095,54.34273857698953,53.37766504191549,54.14375305175781,32329000,0.0,0.0
2026-06-10 00:00:00-04:00,54.263145446777344,55.01928587157374,53.944770131564844,54.263145446777344,37025500,0.0,0.0
2026-06-11 00:00:00-04:00,54.44223214297391,55.02923734317531,53.795530147802936,54.87999725341797,31746300,0.0,0.0
2026-06-12 00:00:00-04:00,55.07898426895001,55.904769080767046,54.9794896079681,55.735633850097656,32989000,0.0,0.0
2026-06-15 00:00:00-04:00,56.33258429636589,56.7106564017374,55.457054088066606,55.58639144897461,31666500,0.0,0.0
2026-06-16 00:00:00-04:00,56.21319744984401,56.78030373995914,55.94456755526317,56.55147171020508,33409800,0.0,0.0
2026-06-17 00:00:00-04:00,56.84994612599455,57.68568228158681,56.01420997040229,56.2430419921875,40439300,0.0,0.0
2026-06-18 00:00:00-04:00,56.93948893308375,57.0389835908332,55.74557960742219,55.91471862792969,70438800,0.0,0.0
2026-06-22 00:00:00-04:00,56.56141648206504,57.436950488297,56.521622414539166,57.07877731323242,38653800,0.0,0.0
2026-06-23 00:00:00-04:00,57.22801958676274,57.715530141736835,56.90964426239873,57.61603927612305,30045700,0.0,0.0
2026-06-24 00:00:00-04:00,57.91451365352596,58.033907242508846,57.09867643880846,57.43695068359375,30324900,0.0,0.0
2026-06-25 00:00:00-04:00,57.556340925917574,58.899490347447085,57.556340925917574,57.894615173339844,33747400,0.0,0.0
2026-06-26 00:00:00-04:00,58.24284266916013,58.33238596682664,57.14842416486574,57.5861930847168,48757600,0.0,0.0
2026-06-29 00:00:00-04:00,57.46679949093927,58.04385714153085,57.31756319171726,57.5861930847168,28920800,0.0,0.0
2026-06-30 00:00:00-04:00,57.178272084124345,57.456849534025146,56.55146902651444,56.690757751464844,41324600,0.0,0.0
2026-07-01 00:00:00-04:00,56.8399991860662,58.183144831709456,56.56141793423412,58.06375503540039,35288400,0.0,0.0
2026-07-02 00:00:00-04:00,58.64081023342558,58.700507030624166,57.645886385448904,58.43187713623047,29329700,0.0,0.0
2026-07-06 00:00:00-04:00,58.839795391148456,59.635733705445375,58.62091093146683,59.59593963623047,34645400,0.0,0.0
2026-07-07 00:00:00-04:00,59.98395844895366,60.52121822648746,59.486496535385285,59.5561408996582,29306100,0.0,0.0
2026-07-08 00:00:00-04:00,59.06862703801602,59.26761256413912,58.004058837890625,58.004058837890625,29802400,0.0,0.0
2026-07-09 00:00:00-04:00,58.15329950645528,59.12832441923498,58.11350164177041,58.94923782348633,29203400,0.0,0.0
2026-07-10 00:00:00-04:00,59.337257076034355,59.56608910327639,59.088526116597365,59.367103576660156,21916600,0.0,0.0
2026-07-13 00:00:00-04:00,59.39695305316788,59.745174873442224,58.55126552554943,59.197967529296875,27837800,0.0,0.0
2026-07-14 00:00:00-04:00,58.7005069922798,60.89928778399199,58.37218030090199,60.31228256225586,49432700,0.0,0.0
2026-07-15 00:00:00-04:00,61.00872911851577,61.715124128864126,60.79979602452539,61.27735900878906,43361000,0.0,0.0
2026-07-16 00:00:00-04:00,61.66537844002249,61.68527737203409,60.6804059751137,61.1778678894043,37351900,0.0,0.0
2026-07-17 00:00:00-04:00,60.93908544268076,61.80466812423451,60.35208022292978,60.958984375,45045200,0.0,0.0
2026-07-20 00:00:00-04:00,61.0385759823497,61.17786850783904,60.063551075923776,60.11329650878906,30741100,0.0,0.0
2026-07-21 00:00:00-04:00,60.590861592149096,61.21766086027492,59.76507300747567,60.909236907958984,31631600,0.0,0.0
2026-07-22 00:00:00-04:00,61.08832453892784,61.58578645277796,60.839593582002784,61.30720520019531,51484900,0.0,0.0
2026-07-23 00:00:00-04:00,61.03857365319199,61.18781374142627,60.401823028014185,60.968929290771484,29253200,0.0,0.0
2026-07-24 00:00:00-04:00,61.217662646415825,61.963855526241794,60.96893168647384,61.735023498535156,29035400,0.0,0.0
2026-07-27 00:00:00-04:00,62.2026368342418,62.6702522377765,61.52608834223407,61.81461715698242,36899800,0.0,0.0
2026-07-28 00:00:00-04:00,61.98375252297724,62.34192570136274,61.5857852766969,62.302127838134766,28737900,0.0,0.0
2026-07-29 00:00:00-04:00,62.19268727812515,62.33197980315483,60.60081065968966,60.7599983215332,37919000,0.0,0.0
2026-07-30 00:00:00-04:00,61.20771576692304,61.61563439400613,60.720201410002616,61.416648864746094,24844000,0.0,0.0
2026-07-31 00:00:00-04:00,61.22761375833686,61.9240612023762,61.22761375833686,61.63553237915039,27301100,0.0,0.0
2026-08-03 00:00:00-04:00,61.94395733500104,62.19268829791843,61.396749975649435,62.162841796875,24013700,0.0,0.0
2026-08-04 00:00:00-04:00,62.152893807796005,63.217462018253215,62.03350021376347,62.580711364746094,28242100,0.0,0.0
2026-08-05 00:00:00-04:00,62.68020123266891,63.24730751162354,62.51106600348355,62.928932189941406,30266000,0.0,0.0
2026-08-06 00:00:00-04:00,63.58558303486608,63.645279832123336,62.41157258947316,62.68020248413086,24482900,0.0,0.0
2026-08-07 00:00:00-04:00,62.39167067900283,62.899083943136624,62.073295366160615,62.849334716796875,22620500,0.0,0.0
2026-08-10 00:00:00-04:00,62.839387838377654,63.675123992593775,62.680200180209496,63.53583526611328,25400400,0.0,0.0
2026-08-11 00:00:00-04:00,63.65522619002968,63.94375121628582,63.38659630048096,63.67512512207031,20738600,0.0,0.0
2026-08-12 00:00:00-04:00,63.79451816188723,64.62029916475676,63.51593691106395,64.48101043701172,27541500,0.0,0.0
2026-08-13 00:00:00-04:00,64.86902973882381,64.86902973882381,63.57563333298407,63.76466369628906,27306400,0.0,0.0
2026-08-14 00:00:00-04:00,63.71492311506879,64.22233639479856,63.486091089138334,64.16263580322266,21847900,0.0,0.0
2026-08-17 00:00:00-04:00,64.0730947247598,64.89888330679145,63.555733889390545,63.56568145751953,27349400,0.0,0.0
2026-08-18 00:00:00-04:00,63.67512535998494,64.07309641161814,63.247307807845885,63.903961181640625,28774000,0.0,0.0
2026-08-19 00:00:00-04:00,63.874105017799444,64.10294083202957,62.66030056083841,62.849334716796875,24082600,0.0,0.0
2026-08-20 00:00:00-04:00,62.73989936972743,62.918985966418056,61.49624455678327,61.545989990234375,34979400,0.0,0.0
2026-08-21 00:00:00-04:00,62.013604571829624,62.202638734508746,61.20771489767144,61.37685012817383,33434800,0.0,0.0
2026-08-24 00:00:00-04:00,61.426598007788364,62.44141695919092,61.20771355398267,62.01360321044922,27349700,0.0,0.0
2026-08-25 00:00:00-04:00,61.88426230688172,62.43146964831828,61.55593562481989,62.113094329833984,23386900,0.0,0.0
2026-08-26 00:00:00-04:00,62.07329593424515,62.26233388726678,61.62557946042177,61.91410827636719,22537100,0.0,0.0
2026-08-27 00:00:00-04:00,61.43654708959232,61.70517698169935,60.7898450757791,60.85948944091797,49432100,0.0,0.0
2026-08-28 00:00:00-04:00,61.068427420488675,62.242437875666305,61.048528487903745,62.00365447998047,33509700,0.0,0.0
2026-08-31 00:00:00-04:00,61.934007583450814,62.1727909693818,61.585785765773515,61.625579833984375,43470400,0.0,0.0
2026-09-01 00:00:00-04:00,61.65543218328773,62.51106730132292,61.40670122085115,61.675331115722656,25053700,0.0,0.0
2026-09-02 00:00:00-04:00,61.963855054521915,63.227408776847994,61.625580799762695,62.282230377197266,28433700,0.0,0.0
2026-09-03 00:00:00-04:00,62.49116538692364,62.94882942508808,62.00365105386457,62.71999740600586,29942000,0.0,0.0
2026-09-04 00:00:00-04:00,62.560001373291016,62.91999816894531,61.959999084472656,62.68000030517578,26587200,0.32,0.0
