Date,Open,High,Low,Close,Volume,Dividends,Stock Splits
2021-01-04 00:00:00-05:00,50.75173388916927,50.850616075285714,49.219045859028256,49.5568962097168,21286200,0.0,0.0
2021-01-05 00:00:00-05:00,49.729932875737774,51.0895760770878,49.458006121512284,50.842369079589844,20213100,0.0,0.0
2021-01-06 00:00:00-05:00,53.14139715904215,54.88009128456184,52.696425824718936,53.76765823364258,38106600,0.0,0.0
2021-01-07 00:00:00-05:00,55.26738993267868,56.11613519023944,54.393924916053535,54.40216064453125,24161000,0.0,0.0
2021-01-08 00:00:00-05:00,54.55872886391282,54.55872886391282,53.017798879978294,53.86655044555664,20747800,0.0,0.0
2021-01-11 00:00:00-05:00,53.21556132195444,54.896573875981424,53.00955497396311,54.74824905395508,20454000,0.0,0.0
2021-01-12 00:00:00-05:00,55.61347140692632,55.819477752930304,54.58343967690642,54.93777084350586,20162800,0.0,0.0
2021-01-13 00:00:00-05:00,55.20971198180083,55.390998609124175,54.37744441400549,55.0943489074707,18541900,0.0,0.0
2021-01-14 00:00:00-05:00,55.638194883647174,57.212086490050766,55.3497872373158,56.865997314453125,29108900,0.0,0.0
2021-01-15 00:00:00-05:00,55.51459781152641,55.74532393571634,52.81178900680255,52.92715835571289,38295300,0.0,0.0
2021-01-19 00:00:00-05:00,53.72645863744178,53.76766242605767,51.839442682283426,52.482181549072266,27022400,0.0,0.0
2021-01-20 00:00:00-05:00,52.53162640356735,52.58930793794962,51.78176331319,52.11961364746094,17448900,0.0,0.0
2021-01-21 00:00:00-05:00,52.086654387386524,52.193778589300535,50.87533896346667,50.982460021972656,19394600,0.0,0.0
2021-01-22 00:00:00-05:00,50.216110643913545,50.949495947326945,49.59809154592117,50.53748321533203,24740400,0.0,0.0
2021-01-25 00:00:00-05:00,49.99362478223864,50.0760292169747,48.75758655186759,49.902984619140625,25754100,0.0,0.0
2021-01-26 00:00:00-05:00,50.43035529782774,50.46331706836915,49.51568659745195,50.19138717651367,18760900,0.0,0.0
2021-01-27 00:00:00-05:00,49.359133456143134,49.44153475670773,48.230216149277794,48.947120666503906,24657200,0.0,0.0
2021-01-28 00:00:00-05:00,49.56514265309366,50.315005846893726,49.13664895043529,49.72170639038086,19986200,0.0,0.0
2021-01-29 00:00:00-05:00,49.82973141373073,50.029184705249236,47.94324851101998,48.19256591796875,27078300,0.51,0.0
2021-02-01 00:00:00-05:00,48.74938005246109,48.757689155386025,47.70225872273618,48.5582389831543,16073000,0.0,0.0
2021-02-02 00:00:00-05:00,49.53055710677339,50.07074063900979,49.28124284966535,49.513938903808594,18693400,0.0,0.0
2021-02-03 00:00:00-05:00,49.372661130313844,50.818688961617745,49.2978665326567,50.77713394165039,18730600,0.0,0.0
2021-02-04 00:00:00-05:00,51.167732299736485,52.04864616646933,51.04307357050526,51.865814208984375,16612900,0.0,0.0
2021-02-05 00:00:00-05:00,52.34782561062109,52.42262021559109,51.583258185349685,52.00709533691406,13493800,0.0,0.0
2021-02-08 00:00:00-05:00,52.43091241418442,52.94616220996691,52.231459141835145,52.89630126953125,15055400,0.0,0.0
2021-02-09 00:00:00-05:00,52.937858972789385,53.07913587993968,51.957220213055066,52.455848693847656,12336900,0.0,0.0
2021-02-10 00:00:00-05:00,52.75502579150534,53.17886284324728,52.33950101069304,52.87137222290039,12680700,0.0,0.0
2021-02-11 00:00:00-05:00,52.854756827300896,53.07914061473394,51.46690542416669,52.5223388671875,12108300,0.0,0.0
2021-02-12 00:00:00-05:00,52.28963685064351,53.20379009956148,52.26470637828106,52.87968444824219,12174600,0.0,0.0
2021-02-16 00:00:00-05:00,53.95174312871345,54.076401847465625,53.054211132387735,53.28690719604492,19065400,0.0,0.0
2021-02-17 00:00:00-05:00,53.02095385784794,53.94342241750795,52.730087820722474,53.818763732910156,20279600,0.0,0.0
2021-02-18 00:00:00-05:00,53.43650294560561,53.64426538887716,52.4309303108168,52.75503921508789,14833200,0.0,0.0
2021-02-19 00:00:00-05:00,53.32014654746028,54.84096253006826,53.228730582225246,54.66644287109375,20456200,0.0,0.0
2021-02-22 00:00:00-05:00,54.35064507978824,55.59721947913932,54.2592291166034,54.45036697387695,23120700,0.0,0.0
2021-02-23 00:00:00-05:00,54.50853659796467,55.613834014203796,53.90187398091046,55.4642448425293,26712100,0.0,0.0
2021-02-24 00:00:00-05:00,55.82161214254831,57.07649908435035,55.680335201793596,57.010013580322266,20752900,0.0,0.0
2021-02-25 00:00:00-05:00,57.375665707647734,57.658219531024784,55.58890778204034,56.02105712890625,25206100,0.0,0.0
2021-02-26 00:00:00-05:00,55.49750356890431,56.178964138264426,54.467003611912425,54.74955749511719,24182200,0.0,0.0
2021-03-01 00:00:00-05:00,56.91859398165022,58.165168571158844,56.494763186309775,57.79119873046875,28054600,0.0,0.0
2021-03-02 00:00:00-05:00,57.50033206693191,58.16516803766149,57.217771865557054,57.26763916015625,19200600,0.0,0.0
2021-03-03 00:00:00-05:00,57.74963561108435,59.41173483072453,57.59174049669417,58.4892692565918,25157600,0.0,0.0
2021-03-04 00:00:00-05:00,58.323066069250004,59.652744272599655,56.419961564915965,58.01557540893555,28518400,0.0,0.0
2021-03-05 00:00:00-05:00,58.87156236206593,59.22891401495306,56.877047996600275,58.364627838134766,25406800,0.0,0.0
2021-03-08 00:00:00-05:00,59.062716331601145,60.53367186960899,58.88819661288208,60.01842498779297,27351100,0.0,0.0
2021-03-09 00:00:00-05:00,58.92974428450294,60.24279814808048,58.20672867689989,58.99622344970703,24194900,0.0,0.0
2021-03-10 00:00:00-05:00,59.24550962491174,61.39792442354255,59.170711885515,61.28989028930664,21331100,0.0,0.0
2021-03-11 00:00:00-05:00,61.06553482428671,61.73037078089782,60.29265834867683,60.924251556396484,17499200,0.0,0.0
2021-03-12 00:00:00-05:00,61.846717707756014,62.536490486648404,61.58078205498386,62.47831726074219,17210600,0.0,0.0
2021-03-15 00:00:00-04:00,62.752554735460876,62.8190338822783,60.89931140666625,61.68050003051758,18918100,0.0,0.0
2021-03-16 00:00:00-04:00,61.09876348940155,61.19017945216593,60.10150651066952,60.94086837768555,15834800,0.0,0.0
2021-03-17 00:00:00-04:00,61.43950059046022,61.780227648354014,60.45054948266062,61.165252685546875,19337500,0.0,0.0
2021-03-18 00:00:00-04:00,61.8549959693141,63.26777715902551,61.04056491403401,61.36467361450195,23857900,0.0,0.0
2021-03-19 00:00:00-04:00,60.832829503155814,61.1486324158642,59.43666589126017,60.67493438720703,24079400,0.0,0.0
2021-03-22 00:00:00-04:00,60.076574081758906,60.33419741912452,59.53639059402661,59.80232620239258,15040000,0.0,0.0
2021-03-23 00:00:00-04:00,59.253849801523465,60.36745342482661,58.5973197371735,58.92974090576172,16238700,0.0,0.0
2021-03-24 00:00:00-04:00,59.577946228858956,60.234476155810846,58.22333135992584,58.23995590209961,17089600,0.0,0.0
2021-03-25 00:00:00-04:00,58.032195327356646,59.769085955075205,57.46708134342612,59.60287857055664,18357300,0.0,0.0
2021-03-26 00:00:00-04:00,60.30927678181112,60.86607856194275,59.835578704020534,60.68324661254883,15716600,0.0,0.0
2021-03-29 00:00:00-04:00,59.461596017985954,59.960224464637285,58.48095732539628,59.48652648925781,17822300,0.0,0.0
2021-03-30 00:00:00-04:00,59.83556646843416,60.84944791472517,59.83556646843416,60.63337326049805,15615900,0.0,0.0
2021-03-31 00:00:00-04:00,60.42562718289149,61.3564051950072,60.21786474325547,60.45886993408203,15224800,0.0,0.0
2021-04-01 00:00:00-04:00,60.018387444448244,60.90761003048985,60.018387444448244,60.78295135498047,15251300,0.0,0.0
2021-04-05 00:00:00-04:00,61.555855361743966,61.780236006772014,60.20124653786344,60.45886993408203,16128400,0.0,0.0
2021-04-06 00:00:00-04:00,60.13475167704669,60.72479615293888,59.877128320920576,60.33420181274414,12908400,0.0,0.0
2021-04-07 00:00:00-04:00,60.600142090183134,60.76635583302212,59.794022873530515,60.40900421142578,14081400,0.0,0.0
2021-04-08 00:00:00-04:00,59.96023213241459,60.276028709583734,59.071009281043466,60.10982131958008,13677100,0.0,0.0
2021-04-09 00:00:00-04:00,60.50872879091705,60.67494254110187,59.843892811396515,60.18461990356445,14586400,0.0,0.0
2021-04-12 00:00:00-04:00,60.35083098653363,60.500420184885726,59.951924344126056,60.40900421142578,12002400,0.0,0.0
2021-04-13 00:00:00-04:00,60.084882014805025,60.18460389798949,59.06268832933225,59.88542556762695,16150000,0.0,0.0
2021-04-14 00:00:00-04:00,59.61947955982578,60.90760860936136,59.320301281745294,60.59181213378906,19476600,0.0,0.0
2021-04-15 00:00:00-04:00,61.871633544037465,62.104332733005606,59.63611467141942,60.284332275390625,31333400,0.0,0.0
2021-04-16 00:00:00-04:00,60.93255675939304,61.140319160555784,59.577948186357865,60.20954132080078,28478400,0.0,0.0
2021-04-19 00:00:00-04:00,60.42561379044767,60.52534202191601,59.79401433862503,59.943603515625,19964800,0.0,0.0
2021-04-20 00:00:00-04:00,59.46161563819098,59.46161563819098,57.566816771052565,57.998966217041016,22013000,0.0,0.0
2021-04-21 00:00:00-04:00,57.45046212889389,58.76352214574645,56.852111684890716,58.713661193847656,16334800,0.0,0.0
2021-04-22 00:00:00-04:00,58.53082848666107,58.796764127331,57.899228962417816,58.01557540893555,16037600,0.0,0.0
2021-04-23 00:00:00-04:00,58.0405029421745,59.453291113191376,57.76626138380309,59.32032012939453,18876100,0.0,0.0
2021-04-26 00:00:00-04:00,59.61119345881721,60.50872225118609,59.511465219484855,60.00178146362305,13098600,0.0,0.0
2021-04-27 00:00:00-04:00,60.25108982020907,60.74971826098504,60.13474339537483,60.658302307128906,13357500,0.0,0.0
2021-04-28 00:00:00-04:00,60.97409408013557,61.198474618494195,60.442222994748825,60.59181213378906,14420400,0.0,0.0
2021-04-29 00:00:00-04:00,61.298194493166875,61.51426273321044,60.566867094857585,61.36467361450195,20628400,0.0,0.0
2021-04-30 00:00:00-04:00,60.82912907599732,60.87096671388427,59.49019697358628,59.61572265625,23669300,0.51,0.0
2021-05-03 00:00:00-04:00,60.26845209530921,60.61992530437432,59.74125185846426,60.009037017822266,16026100,0.0,0.0
2021-05-04 00:00:00-04:00,59.615734111883135,60.586459434213516,59.10526758626158,60.52788162231445,23071400,0.0,0.0
2021-05-05 00:00:00-04:00,60.76217491513992,61.7663675036789,60.06760507607506,61.68268585205078,19427200,0.0,0.0
2021-05-06 00:00:00-04:00,61.62411709740933,62.71199788166385,61.44001360611995,62.578102111816406,19621800,0.0,0.0
2021-05-07 00:00:00-04:00,61.44838513556261,62.85425882957412,61.272651721873906,62.82915496826172,16937400,0.0,0.0
2021-05-10 00:00:00-04:00,63.063475804184236,64.3019799708248,62.85426841533928,62.871002197265625,19628200,0.0,0.0
2021-05-11 00:00:00-04:00,62.343794113963604,63.239201371361254,61.850067802320034,62.65342330932617,21534800,0.0,0.0
2021-05-12 00:00:00-04:00,63.54882881324146,63.93376958402897,61.84169601376953,62.11785125732422,19791300,0.0,0.0
2021-05-13 00:00:00-04:00,61.824957845618655,63.49861675585253,61.758016341430874,63.00489044189453,18622300,0.0,0.0
2021-05-14 00:00:00-04:00,63.33124988965542,64.24339088034513,63.31451611066644,64.06765747070312,14122700,0.0,0.0
2021-05-17 00:00:00-04:00,63.8751821238569,64.82916701692753,63.68270857530715,64.78732299804688,14676300,0.0,0.0
2021-05-18 00:00:00-04:00,64.75385992459678,65.01328139308235,64.07603011960634,64.11787414550781,13729600,0.0,0.0
2021-05-19 00:00:00-04:00,63.28102951468396,64.1429626115552,62.527881920742914,63.98396301269531,23283600,0.0,0.0
2021-05-20 00:00:00-04:00,63.7412993356082,64.13461020887999,63.06346950648151,63.76640319824219,15244300,0.0,0.0
2021-05-21 00:00:00-04:00,64.01743486103645,65.11367908816575,63.94212329634828,64.97978973388672,18544500,0.0,0.0
2021-05-24 00:00:00-04:00,65.13045765724854,65.57397638063645,64.82919845183335,65.29782104492188,16750200,0.0,0.0
2021-05-25 00:00:00-04:00,65.44007058492464,66.3438480633668,64.59487730618993,64.6701889038086,20015800,0.0,0.0
2021-05-26 00:00:00-04:00,64.61159476550671,65.18900907272067,64.16807622179222,64.87100982666016,15243400,0.0,0.0
2021-05-27 00:00:00-04:00,65.70785534104317,66.2015881096428,65.23086273924514,65.90869903564453,17467000,0.0,0.0
2021-05-28 00:00:00-04:00,65.82501416067295,66.08442927298164,65.19739201063375,65.86685180664062,14392800,0.0,0.0
2021-06-01 00:00:00-04:00,66.5195588018884,67.02165510145984,66.39403313087031,66.7455062866211,15450500,0.0,0.0
2021-06-02 00:00:00-04:00,67.03003802604081,67.18903766543052,66.42751979730303,66.8292007446289,15285600,0.0,0.0
2021-06-03 00:00:00-04:00,66.7036666301878,67.18902918479742,66.46098535288299,66.63671875,22255800,0.0,0.0
2021-06-04 00:00:00-04:00,66.68694676174613,66.83757633133588,65.95053269508396,66.51957702636719,13807000,0.0,0.0
2021-06-07 00:00:00-04:00,66.62835607492761,66.65345993425763,66.12625335032195,66.36893463134766,12670100,0.0,0.0
2021-06-08 00:00:00-04:00,65.52375711884753,66.46100214020952,65.03002435837759,66.17648315429688,15399100,0.0,0.0
2021-06-09 00:00:00-04:00,65.83337302979085,65.9254247824708,65.07186153021395,65.38985443115234,13778400,0.0,0.0
2021-06-10 00:00:00-04:00,66.14299549353296,66.35220284021626,64.29360331499275,64.34381103515625,15277400,0.0,0.0
2021-06-11 00:00:00-04:00,64.43587333569624,64.59487298826672,63.68272548733953,64.00072479248047,18043500,0.0,0.0
2021-06-14 00:00:00-04:00,64.10952635244006,64.24341578977067,62.48607462746608,62.89612579345703,18304400,0.0,0.0
2021-06-15 00:00:00-04:00,62.804048910485704,63.046723817686406,61.2977534394028,61.77474594116211,25191700,0.0,0.0
2021-06-16 00:00:00-04:00,60.87934990799565,61.088557295995635,58.70359434969637,59.79983901977539,53319800,0.0,0.0
2021-06-17 00:00:00-04:00,60.73707941991091,60.762183280405374,57.03829500202147,57.62407302856445,48523000,0.0,0.0
2021-06-18 00:00:00-04:00,57.306085015257445,57.532026163372635,56.176360121174916,56.578041076660156,44582900,0.0,0.0
2021-06-21 00:00:00-04:00,57.272600201419195,57.81653414704673,56.80397144486951,57.28096389770508,30266600,0.0,0.0
2021-06-22 00:00:00-04:00,57.65754069755963,58.084325433036106,56.711919491807826,57.70774841308594,21564600,0.0,0.0
2021-06-23 00:00:00-04:00,58.042478809706346,58.619893050357184,57.808167635094605,58.285160064697266,19672700,0.0,0.0
2021-06-24 00:00:00-04:00,58.854222587355736,59.97557109699893,58.53622327873843,59.682682037353516,23900400,0.0,0.0
2021-06-25 00:00:00-04:00,59.79147595935068,60.126209096367006,58.460919879952804,59.87516403198242,26727400,0.0,0.0
2021-06-28 00:00:00-04:00,59.68267516867758,59.97556419461539,58.963001342372145,59.8416748046875,17660900,0.0,0.0
2021-06-29 00:00:00-04:00,58.69522449013487,59.91699487456919,58.226601982270424,58.31028366088867,28696900,0.0,0.0
2021-06-30 00:00:00-04:00,58.310277389496974,59.255892386735674,58.092699940888174,59.205684661865234,18502300,0.0,0.0
2021-07-01 00:00:00-04:00,59.48184517686411,59.590630718535934,58.95463848110192,59.42326736450195,12584800,0.0,0.0
2021-07-02 00:00:00-04:00,59.42326571366176,59.51531747117397,58.670117872426644,58.92116928100586,13222700,0.0,0.0
2021-07-06 00:00:00-04:00,58.67010863765929,58.73705652067638,56.787242523188844,57.08013153076172,24672200,0.0,0.0
2021-07-07 00:00:00-04:00,56.661721693492076,57.21403219895334,56.28515099213363,56.8458251953125,19342700,0.0,0.0
2021-07-08 00:00:00-04:00,55.56547379227374,56.184725764573756,55.0215334018946,55.84162902832031,24763600,0.0,0.0
2021-07-09 00:00:00-04:00,56.996444995961504,57.339541694211164,56.603134197491634,57.28096389770508,18872600,0.0,0.0
2021-07-12 00:00:00-04:00,56.628248127670886,58.23495916147737,56.31862531299589,58.109439849853516,19600600,0.0,0.0
2021-07-13 00:00:00-04:00,57.80817935686645,58.14291241040023,56.921135807326635,57.21403121948242,18962400,0.0,0.0
2021-07-14 00:00:00-04:00,58.56968286887368,59.23077880401884,56.444135609983206,57.046653747558594,36287800,0.0,0.0
2021-07-15 00:00:00-04:00,56.51945254312594,57.77469651211437,56.43577088876024,57.28096389770508,18897200,0.0,0.0
2021-07-16 00:00:00-04:00,57.498545851341035,57.540389874081725,55.582205807744415,55.98388671875,19289000,0.0,0.0
2021-07-19 00:00:00-04:00,54.778857930161756,55.28932443243958,53.858346763341906,54.46086502075195,33318600,0.0,0.0
2021-07-20 00:00:00-04:00,54.54454558824278,55.88347147508244,54.209812520407304,55.473426818847656,20577900,0.0,0.0
2021-07-21 00:00:00-04:00,56.075928543336744,57.11359500186437,56.008980672592934,56.81233596801758,23393200,0.0,0.0
2021-07-22 00:00:00-04:00,56.69520266911397,56.72867661764198,55.57385412368844,56.009002685546875,16524900,0.0,0.0
2021-07-23 00:00:00-04:00,56.48599000802053,56.70356746089724,55.66589430687123,55.824893951416016,13443300,0.0,0.0
2021-07-26 00:00:00-04:00,55.615684778953955,56.77050712772295,55.615684778953955,56.71192932128906,16434000,0.0,0.0
2021-07-27 00:00:00-04:00,56.134524594700096,57.23913928330321,55.88347318999384,56.887672424316406,17127700,0.0,0.0
2021-07-28 00:00:00-04:00,57.1721902088176,57.414871525815855,56.47762020339179,56.98808670043945,20275900,0.0,0.0
2021-07-29 00:00:00-04:00,57.49854795022326,58.22659183477744,57.247502958119625,57.58222961425781,22261700,0.0,0.0
2021-07-30 00:00:00-04:00,57.26186504477763,57.76771063633277,56.68857165910162,57.00894546508789,18078200,0.51,0.0
2021-08-02 00:00:00-04:00,57.287160182957294,58.27356654932604,57.02580800351551,57.101688385009766,16616700,0.0,0.0
2021-08-03 00:00:00-04:00,57.54008726120343,58.248269863127504,56.393500392413415,58.071224212646484,21041500,0.0,0.0
2021-08-04 00:00:00-04:00,57.43049311215277,58.3831692258135,57.270306185222246,57.76771926879883,14416300,0.0,0.0
2021-08-05 00:00:00-04:00,58.0290721304532,58.82156123836238,57.978483066246575,58.754119873046875,14361600,0.0,0.0
2021-08-06 00:00:00-04:00,59.67307475370207,60.2800920948544,59.50446168434922,59.91756820678711,23915400,0.0,0.0
2021-08-09 00:00:00-04:00,59.80796703241855,60.70162782826053,59.403286683406066,60.29694747924805,15619800,0.0,0.0
2021-08-10 00:00:00-04:00,60.38125298425272,61.83134184470105,60.178909618648184,61.52783966064453,17920100,0.0,0.0
2021-08-11 00:00:00-04:00,61.79763077595802,62.67442638892041,61.48568954584346,62.640708923339844,18676100,0.0,0.0
2021-08-12 00:00:00-04:00,62.665987312888475,62.9273394263731,62.07582887214404,62.49736785888672,14181400,0.0,0.0
2021-08-13 00:00:00-04:00,62.55639563080436,62.91049333927875,61.47725663703195,61.63744354248047,13362800,0.0,0.0
2021-08-16 00:00:00-04:00,61.04728156013852,61.114722912230064,59.850105902023714,60.78592300415039,15532800,0.0,0.0
2021-08-17 00:00:00-04:00,60.145181231882,61.00512439103062,59.588753098469354,60.381248474121094,14623000,0.0,0.0
2021-08-18 00:00:00-04:00,60.02715051845621,60.920817564762,59.75736581802936,59.95970916748047,13970600,0.0,0.0
2021-08-19 00:00:00-04:00,59.47073952647825,59.639352600771296,58.53492217014591,58.88058090209961,21047300,0.0,0.0
2021-08-20 00:00:00-04:00,58.77098286235448,59.26840236465599,58.349443745769946,59.22624588012695,14028800,0.0,0.0
2021-08-23 00:00:00-04:00,59.65620645647879,60.077745494462604,59.48758698198011,59.765804290771484,13079500,0.0,0.0
2021-08-24 00:00:00-04:00,59.97657616322288,60.861810750595296,59.88383705665338,60.735347747802734,12669300,0.0,0.0
2021-08-25 00:00:00-04:00,61.37607815537736,62.30346262637048,60.73533710378191,61.69644546508789,17766600,0.0,0.0
2021-08-26 00:00:00-04:00,61.940955564951565,62.30347944344993,60.93769046190761,61.07258605957031,14135600,0.0,0.0
2021-08-27 00:00:00-04:00,61.19061525060568,61.85664777816311,60.954554391658945,61.53627395629883,13669400,0.0,0.0
2021-08-30 00:00:00-04:00,61.54469231727296,61.553124898051315,60.044014547451766,60.423397064208984,12687400,0.0,0.0
2021-08-31 00:00:00-04:00,60.49086351935857,61.12317219726127,60.136772203455415,60.62575912475586,17285900,0.0,0.0
2021-09-01 00:00:00-04:00,61.00513823526056,61.00513823526056,60.0355970320372,60.119903564453125,15114800,0.0,0.0
2021-09-02 00:00:00-04:00,60.1620560932727,60.67633426904359,59.79109965640827,60.280086517333984,13533400,0.0,0.0
2021-09-03 00:00:00-04:00,60.381258220940595,60.47399733017521,59.563471402512995,60.001869201660156,13683300,0.0,0.0
2021-09-07 00:00:00-04:00,60.162050027211684,60.93768028774453,59.61404800950965,59.706787109375,14663600,0.0,0.0
2021-09-08 00:00:00-04:00,59.748939163717054,60.044015172284915,58.914287326686356,59.0491828918457,14861800,0.0,0.0
2021-09-09 00:00:00-04:00,58.9901794856261,59.942855484403516,58.93959685466428,59.40328598022461,14212900,0.0,0.0
2021-09-10 00:00:00-04:00,59.79954104603509,59.85012368317526,58.610797615827934,58.6529541015625,15422800,0.0,0.0
2021-09-13 00:00:00-04:00,59.11664274854174,59.57190572567663,58.81313409711848,59.4538688659668,16337300,0.0,0.0
2021-09-14 00:00:00-04:00,59.72365849177568,60.17892150605327,57.76771726312554,57.98691940307617,26568900,0.0,0.0
2021-09-15 00:00:00-04:00,58.02063292184122,59.74894555017794,57.852019879543846,59.39484786987305,22392100,0.0,0.0
2021-09-16 00:00:00-04:00,59.88382642228556,60.0102894026204,59.00702457271816,59.01545715332031,19245400,0.0,0.0
2021-09-17 00:00:00-04:00,58.82156357093072,59.5044612913045,58.728830885922584,58.98175048828125,30768300,0.0,0.0
2021-09-20 00:00:00-04:00,57.37146334735441,57.472628595831296,55.6178594757716,56.73915481567383,36955400,0.0,0.0
2021-09-21 00:00:00-04:00,57.03422298336528,57.110096909265735,56.08154081034323,56.435638427734375,21169900,0.0,0.0
2021-09-22 00:00:00-04:00,57.236574480285825,58.315713471662384,57.152267952617485,57.53165054321289,21160200,0.0,0.0
2021-09-23 00:00:00-04:00,58.349423742715075,60.18733391824761,58.172378146304624,59.757362365722656,21451500,0.0,0.0
2021-09-24 00:00:00-04:00,59.6140481551951,60.34752837442031,59.6140481551951,60.01029586791992,15788400,0.0,0.0
2021-09-27 00:00:00-04:00,60.57517222527054,61.21591350949361,60.490865684967254,60.92083740234375,19857500,0.0,0.0
2021-09-28 00:00:00-04:00,61.097878822864644,61.780770113718376,60.06088979584947,60.170494079589844,20835000,0.0,0.0
2021-09-29 00:00:00-04:00,60.44027354923332,60.54987139118698,59.84168884531584,60.30537796020508,13683900,0.0,0.0
2021-09-30 00:00:00-04:00,60.389693416923606,60.448708637805964,58.97332168357048,59.167232513427734,22090900,0.0,0.0
2021-10-01 00:00:00-04:00,59.386419911808005,60.431834893001636,59.09133744851075,60.01029586791992,23701900,0.0,0.0
2021-10-04 00:00:00-04:00,59.92599696137671,61.52784674659556,59.73208615505077,60.10304260253906,18957200,0.0,0.0
2021-10-05 00:00:00-04:00,60.49928168629352,61.485681445048996,60.13675787339515,61.1484489440918,15587200,0.0,0.0
2021-10-06 00:00:00-04:00,60.634174609120336,61.21590054874934,59.87540304268584,61.05571365356445,15997200,0.0,0.0
2021-10-07 00:00:00-04:00,61.55312868854162,61.83977213091223,60.74377455269091,60.8618049621582,15349900,0.0,0.0
2021-10-08 00:00:00-04:00,60.5751612296897,61.38451544760566,60.28851775825459,60.996700286865234,11960700,0.0,0.0
2021-10-11 00:00:00-04:00,61.29177582855665,62.151719100030995,60.37282377903315,60.43183898925781,14985500,0.0,0.0
2021-10-12 00:00:00-04:00,60.313806190545655,60.651038706607125,59.38642159550806,59.55503463745117,17593400,0.0,0.0
2021-10-13 00:00:00-04:00,59.47915449011621,59.50444580055038,57.95317896145059,59.23466110229492,23451900,0.0,0.0
2021-10-14 00:00:00-04:00,59.91755821102805,60.086171252252,58.779404102328364,59.6899299621582,24707900,0.0,0.0
2021-10-15 00:00:00-04:00,60.54985829021522,61.730168710129654,60.28850618324052,60.94610595703125,21884500,0.0,0.0
2021-10-18 00:00:00-04:00,60.76063311349902,61.16531339638217,60.19577237945734,60.37281799316406,15026100,0.0,0.0
2021-10-19 00:00:00-04:00,60.91238544080644,61.123154940601616,60.07774002262644,60.4992790222168,15173900,0.0,0.0
2021-10-20 00:00:00-04:00,60.33066742798171,60.93768469567255,59.69835884616633,60.549869537353516,14350400,0.0,0.0
2021-10-21 00:00:00-04:00,60.07775466792927,60.558308987321205,59.02390691205431,59.4454460144043,18519000,0.0,0.0
2021-10-22 00:00:00-04:00,59.66464200855243,60.60889191802249,59.58876805720258,60.170494079589844,14625100,0.0,0.0
2021-10-25 00:00:00-04:00,60.34753381434753,60.5751620782538,59.614053529003975,59.71522521972656,15103000,0.0,0.0
2021-10-26 00:00:00-04:00,59.85854498108418,60.37282313563654,59.529745037311415,59.56346893310547,18647900,0.0,0.0
2021-10-27 00:00:00-04:00,59.44543297032574,59.614046001396574,58.43373548737625,59.27681350708008,25475900,0.0,0.0
2021-10-28 00:00:00-04:00,59.67305585774257,60.128318719444124,59.2515168856679,59.757362365722656,16367800,0.0,0.0
2021-10-29 00:00:00-04:00,59.85078266388261,59.96117478917548,58.56850676471954,58.729854583740234,22403000,0.51,0.0
2021-11-01 00:00:00-04:00,59.383735682909155,59.383735682909155,58.61946494797749,59.111995697021484,19106600,0.0,0.0
2021-11-02 00:00:00-04:00,59.044063644645156,59.12898118202517,58.20336901063524,58.25431823730469,25539000,0.0,0.0
2021-11-03 00:00:00-04:00,57.99955735553184,59.086517228118986,57.82122213003037,58.59398651123047,21755600,0.0,0.0
2021-11-04 00:00:00-04:00,58.381686281802054,58.39866719441576,56.48799382519314,56.895606994628906,32148900,0.0,0.0
2021-11-05 00:00:00-04:00,57.59194709859381,57.736307546792155,56.853150985614654,56.88711929321289,20902600,0.0,0.0
2021-11-08 00:00:00-05:00,57.65139069711439,58.61097110261073,57.209815650713956,58.12693405151367,25122000,0.0,0.0
2021-11-09 00:00:00-05:00,57.5579878968993,57.95710747583062,57.2692669548258,57.7363166809082,18513000,0.0,0.0
2021-11-10 00:00:00-05:00,57.84670620235074,58.11844618451431,57.4985359083453,57.92313003540039,19290200,0.0,0.0
2021-11-11 00:00:00-05:00,57.96559145368343,58.746843084657456,57.88916114261414,58.48359680175781,20296200,0.0,0.0
2021-11-12 00:00:00-05:00,58.59398137218779,58.73834180036877,57.99955226862416,58.729854583740234,13867400,0.0,0.0
2021-11-15 00:00:00-05:00,58.95914914433777,59.16295254030658,58.203372008776675,58.373207092285156,12965100,0.0,0.0
2021-11-16 00:00:00-05:00,58.407166253810445,58.407166253810445,57.150371283652305,57.524009704589844,19042800,0.0,0.0
2021-11-17 00:00:00-05:00,57.456081153563616,57.48155576492185,56.70029763677952,56.76823425292969,16468300,0.0,0.0
2021-11-18 00:00:00-05:00,56.64934092949215,57.02298579015942,56.21625315724522,56.989017486572266,14994700,0.0,0.0
2021-11-19 00:00:00-05:00,56.14832427259118,56.403076836950646,55.3925473177124,56.335140228271484,19766900,0.0,0.0
2021-11-22 00:00:00-05:00,57.7108323185029,57.83821185093575,56.72577732385929,56.92958068847656,24020500,0.0,0.0
2021-11-23 00:00:00-05:00,57.37963950217731,58.058992571850645,56.989013754692,57.80423355102539,18142200,0.0,0.0
2021-11-24 00:00:00-05:00,57.74480513972633,57.79575436516538,57.09093299101878,57.13338851928711,14975500,0.0,0.0
2021-11-26 00:00:00-05:00,55.205733347199825,55.82563717976188,54.18670673654921,55.62183380126953,24542000,0.0,0.0
2021-11-29 00:00:00-05:00,56.03792736840716,56.292686419307735,54.73867046215618,55.231201171875,24340700,0.0,0.0
2021-11-30 00:00:00-05:00,54.61978034126253,55.03588071150139,53.804560512741155,54.093284606933594,35574000,0.0,0.0
2021-12-01 00:00:00-05:00,54.90850911342238,55.273653799776234,53.07425959209953,53.091243743896484,27379200,0.0,0.0
2021-12-02 00:00:00-05:00,53.78757943250314,54.57732145939069,53.29504873336047,54.18669891357422,24890700,0.0,0.0
2021-12-03 00:00:00-05:00,54.12726276012467,54.44995521574709,53.01482493958722,53.2950553894043,25458700,0.0,0.0
2021-12-06 00:00:00-05:00,53.44790121344545,53.98289065716461,52.76855133854572,53.091243743896484,25105500,0.0,0.0
2021-12-07 00:00:00-05:00,53.45640301061413,53.796076379845246,52.92141348581475,53.413944244384766,28301200,0.0,0.0
2021-12-08 00:00:00-05:00,53.51583351166001,53.63471932527059,52.94687581015811,53.040287017822266,20697200,0.0,0.0
2021-12-09 00:00:00-05:00,52.53926968466104,53.074259123658315,51.67309738703546,52.768550872802734,29960500,0.0,0.0
2021-12-10 00:00:00-05:00,52.37792418663483,52.87045161819871,51.121126141304664,51.5542106628418,39726500,0.0,0.0
2021-12-13 00:00:00-05:00,51.367394552641734,51.69008372942497,50.764468481502874,51.10414505004883,20489500,0.0,0.0
2021-12-14 00:00:00-05:00,51.33342926686568,52.07222212159688,51.273986349783634,51.494773864746094,19571100,0.0,0.0
2021-12-15 00:00:00-05:00,51.74953096159076,51.80897388013753,50.56066935125923,51.15510177612305,33861300,0.0,0.0
2021-12-16 00:00:00-05:00,51.885395109818674,52.57323868334185,51.6476234624063,51.859920501708984,25688300,0.0,0.0
2021-12-17 00:00:00-05:00,51.18057983764541,51.37589276023776,50.06814198524932,50.560672760009766,47383500,0.0,0.0
2021-12-20 00:00:00-05:00,49.76242445902553,49.872819825921894,48.904745850019516,49.490684509277344,31619600,0.0,0.0
2021-12-21 00:00:00-05:00,49.8813208929907,50.832410857661756,49.80489381836737,50.424800872802734,23175100,0.0,0.0
2021-12-22 00:00:00-05:00,50.36535211705982,50.90033833804254,50.187020137336425,50.61161422729492,14760600,0.0,0.0
2021-12-23 00:00:00-05:00,50.94280800288373,51.61366430400744,50.908839693121536,51.1296272277832,15223300,0.0,0.0
2021-12-27 00:00:00-05:00,51.290979728787974,51.74953899455906,50.951303079168206,51.50327682495117,14035400,0.0,0.0
2021-12-28 00:00:00-05:00,51.32493288492475,52.080713092871754,51.214540752917756,51.477787017822266,12697900,0.0,0.0
2021-12-29 00:00:00-05:00,51.639143757220324,51.78350421909144,51.18058127940077,51.40986251831055,13284000,0.0,0.0
2021-12-30 00:00:00-05:00,51.47779281929133,51.85992819460121,51.282479902887665,51.31644821166992,11380500,0.0,0.0
2021-12-31 00:00:00-05:00,51.31645045748565,51.596680918712764,51.0532009119966,51.2824821472168,12307200,0.0,0.0
2022-01-03 00:00:00-05:00,51.95334216134722,54.016870057346516,51.893899237544474,53.58378219604492,30508500,0.0,0.0
2022-01-04 00:00:00-05:00,54.398986496312624,54.96794743551658,53.95741154404349,53.99987030029297,30303600,0.0,0.0
2022-01-05 00:00:00-05:00,54.4329682139755,54.6962209900383,53.31203992784094,53.371482849121094,25149100,0.0,0.0
2022-01-06 00:00:00-05:00,54.534865732693255,55.4604777352796,53.93193966542354,55.12080764770508,33334200,0.0,0.0
2022-01-07 00:00:00-05:00,55.35008843096871,56.513478624570226,55.35008843096871,55.85960006713867,26548200,0.0,0.0
2022-01-10 00:00:00-05:00,56.437054462227806,56.87863601278075,55.38406276895893,56.071903228759766,28693700,0.0,0.0
2022-01-11 00:00:00-05:00,56.369107283991696,57.13337791772409,56.19077854925271,56.989017486572266,23453000,0.0,0.0
2022-01-12 00:00:00-05:00,57.55798267472627,58.29677883755577,56.827680209067495,57.13338851928711,27976200,0.0,0.0
2022-01-13 00:00:00-05:00,57.34567491616721,58.11843924495681,56.91258714422149,57.5579719543457,29222000,0.0,0.0
2022-01-14 00:00:00-05:00,55.50295234505498,56.9635573771027,55.26518063821802,56.836177825927734,35994400,0.0,0.0
2022-01-18 00:00:00-05:00,56.63236311425531,56.759736161183724,55.28215050768788,55.45199203491211,26353600,0.0,0.0
2022-01-19 00:00:00-05:00,55.75770545891149,55.75770545891149,54.322575195476105,54.55185317993164,22817100,0.0,0.0
2022-01-20 00:00:00-05:00,54.594306106041486,55.57936097600545,54.093284975627796,54.73866653442383,22794100,0.0,0.0
2022-01-21 00:00:00-05:00,54.3395660868041,54.730188726371686,53.28657106590431,53.7281494140625,28637900,0.0,0.0
2022-01-24 00:00:00-05:00,52.23356267243917,53.32901618418333,50.97676457531551,53.24409866333008,38601700,0.0,0.0
2022-01-25 00:00:00-05:00,52.62419361735081,54.738670414327565,51.91087540212345,54.44145584106445,34371100,0.0,0.0
2022-01-26 00:00:00-05:00,54.94247757087904,55.859602442255756,54.237653002895335,54.98493957519531,31803400,0.0,0.0
2022-01-27 00:00:00-05:00,55.38405685832222,55.919043105651696,54.26312866478049,54.475425720214844,24674000,0.0,0.0
2022-01-28 00:00:00-05:00,54.02535606228923,54.95097139300558,53.3544998004679,54.933990478515625,20953500,0.0,0.0
2022-01-31 00:00:00-05:00,54.35654145850064,55.40953306982711,54.008371167705235,55.29914093017578,23067400,0.0,0.0
2022-02-01 00:00:00-05:00,55.5708746302251,56.63235981812646,55.23119807433838,56.5219612121582,26868400,0.0,0.0
2022-02-02 00:00:00-05:00,56.343631981739826,56.72577053329309,55.68975996242049,56.24173355102539,18194200,0.0,0.0
2022-02-03 00:00:00-05:00,56.267210331393045,56.36910876604216,55.222706024698205,55.41802215576172,18219100,0.0,0.0
2022-02-04 00:00:00-05:00,55.66623038262673,57.05275321230575,55.49505109696273,56.55634307861328,23267900,0.51,0.0
2022-02-07 00:00:00-05:00,56.56489957710952,57.16401730795492,56.05993535479329,56.795989990234375,20081600,0.0,0.0
2022-02-08 00:00:00-05:00,57.39509223498128,58.173943204596995,57.001389717198656,57.446449279785156,23191000,0.0,0.0
2022-02-09 00:00:00-05:00,57.694647161860644,58.36222989310904,57.46355681346203,58.06266784667969,20902700,0.0,0.0
2022-02-10 00:00:00-05:00,58.156832359181024,58.670363719649266,57.53204588300583,57.771690368652344,22522300,0.0,0.0
2022-02-11 00:00:00-05:00,57.55771237751357,59.14964368089817,57.001391174963636,57.47212600708008,27226700,0.0,0.0
2022-02-14 00:00:00-05:00,57.23248151597941,57.53203707718776,56.33380830253285,56.881568908691406,24544000,0.0,0.0
2022-02-15 00:00:00-05:00,57.480685785207754,57.75456608459093,56.941479252488,57.34374237060547,15487600,0.0,0.0
2022-02-16 00:00:00-05:00,56.95004300450173,57.71177283343281,56.85589603420042,57.30094909667969,13067400,0.0,0.0
2022-02-17 00:00:00-05:00,56.77030797206404,57.035627682393304,54.95584686091213,55.383785247802734,23150000,0.0,0.0
2022-02-18 00:00:00-05:00,54.87025980047418,55.60631433906886,54.51935045822681,54.89593505859375,18114800,0.0,0.0
2022-02-22 00:00:00-05:00,53.98014620252483,55.08422799035574,53.98014620252483,54.68196487426758,19057000,0.0,0.0
2022-02-23 00:00:00-05:00,55.13558926680464,55.4265908132523,53.95448147549069,54.10853958129883,17563500,0.0,0.0
2022-02-24 00:00:00-05:00,51.771989642122634,52.25983916233446,49.95752845528508,51.92604446411133,46453500,0.0,0.0
2022-02-25 00:00:00-05:00,52.47380157524014,53.82608506149904,52.217035953689134,53.047237396240234,30518900,0.0,0.0
2022-02-28 00:00:00-05:00,51.29269501862146,51.71207280700995,49.98320460704607,50.693580627441406,48212900,0.0,0.0
2022-03-01 00:00:00-05:00,49.974644608874954,50.77061027462463,49.57238147792962,50.14582061767578,51389000,0.0,0.0
2022-03-02 00:00:00-05:00,48.75930717979227,51.23279085488251,47.86919443587618,50.97602844238281,60206500,0.0,0.0
2022-03-03 00:00:00-05:00,50.28276212290224,50.488173991965105,48.7764203877812,49.31562042236328,54027300,0.0,0.0
2022-03-04 00:00:00-05:00,47.852070304933605,48.49397788544957,47.235837982866826,48.43406677246094,54263000,0.0,0.0
2022-03-07 00:00:00-05:00,47.098907975830365,48.16019684080404,46.277266879347735,47.54396438598633,49710700,0.0,0.0
2022-03-08 00:00:00-05:00,48.40838981092075,49.03317944218581,46.867809059954105,46.96195602416992,43858100,0.0,0.0
2022-03-09 00:00:00-05:00,48.699398120177605,49.024628999483625,47.76649214551274,47.886314392089844,32757100,0.0,0.0
2022-03-10 00:00:00-05:00,47.09034224996529,47.38989782605039,46.174554328892654,46.97052001953125,31942500,0.0,0.0
2022-03-11 00:00:00-05:00,47.38989631227381,47.66377662020617,46.27725715318475,46.354286193847656,20550900,0.0,0.0
2022-03-14 00:00:00-04:00,46.816455286115904,47.30430473499411,46.07184348491923,46.41419219970703,25046000,0.0,0.0
2022-03-15 00:00:00-04:00,46.61104862986758,47.60386556353111,46.51690166173306,47.1673698425293,20747100,0.0,0.0
2022-03-16 00:00:00-04:00,47.94622473534744,49.24715802614087,47.90343154296772,48.613807678222656,31659800,0.0,0.0
2022-03-17 00:00:00-04:00,47.68089710185793,49.0417413831965,47.09890060009609,49.03318405151367,21432300,0.0,0.0
2022-03-18 00:00:00-04:00,48.73362433030396,49.32418141807164,48.55389098398811,49.08453369140625,30900500,0.0,0.0
2022-03-21 00:00:00-04:00,49.49535766258895,49.49535766258895,48.57100913739839,48.767860412597656,21661200,0.0,0.0
2022-03-22 00:00:00-04:00,49.48679381415106,49.85482108074686,49.050298104768764,49.212913513183594,23407400,0.0,0.0
2022-03-23 00:00:00-04:00,48.887682301982416,49.21291640281959,47.92910119231125,48.22865676879883,23070200,0.0,0.0
2022-03-24 00:00:00-04:00,48.45119292295689,48.476868185763735,48.10028351664761,48.28857421875,16770200,0.0,0.0
2022-03-25 00:00:00-04:00,48.38271760262317,48.98183205452943,48.3056885550222,48.56245422363281,21206300,0.0,0.0
2022-03-28 00:00:00-04:00,48.10027393048118,48.168742372624415,46.84213406510614,47.860626220703125,25546300,0.0,0.0
2022-03-29 00:00:00-04:00,49.024625662080815,49.127333236364706,48.04036922869369,48.33136749267578,21463500,0.0,0.0
2022-03-30 00:00:00-04:00,47.93765573284931,48.31424359554948,46.688076450951385,47.04754638671875,32222400,0.0,0.0
2022-03-31 00:00:00-04:00,46.65384360886909,46.95340245216532,45.66958723352388,45.70382308959961,29202400,0.0,0.0
2022-04-01 00:00:00-04:00,45.76373151823126,45.99481863580761,44.30874036955281,44.78803253173828,40073100,0.0,0.0
2022-04-04 00:00:00-04:00,44.71956456747293,45.36147219284336,44.214597104918425,45.1902961730957,29296200,0.0,0.0
2022-04-05 00:00:00-04:00,44.556946255266496,44.91641293500822,44.00918237460974,44.14612579345703,23065500,0.0,0.0
2022-04-06 00:00:00-04:00,43.65827993847548,43.726751658740206,43.1361977635579,43.247459411621094,25196600,0.0,0.0
2022-04-07 00:00:00-04:00,43.27313986230096,43.31593305691254,41.97220650365759,42.819522857666016,28689900,0.0,0.0
2022-04-08 00:00:00-04:00,42.65689220353121,43.90647132417594,42.64833487362446,43.54700469970703,26853300,0.0,0.0
2022-04-11 00:00:00-04:00,43.469984014757806,44.719563375253244,43.1190746528403,43.26457214355469,20895700,0.0,0.0
2022-04-12 00:00:00-04:00,43.30736540185263,43.752421736093815,42.83663380801072,43.0848388671875,18755500,0.0,0.0
2022-04-13 00:00:00-04:00,42.17760698265967,42.947897396267834,42.109138537511626,42.92222213745117,21194200,0.0,0.0
2022-04-14 00:00:00-04:00,43.35871468119961,44.42000325488279,43.0334806121,43.58980178833008,34043100,0.0,0.0
2022-04-18 00:00:00-04:00,43.51276864615269,45.5411953752089,43.46141487222218,44.77090835571289,28396300,0.0,0.0
2022-04-19 00:00:00-04:00,45.13038004786685,45.5155252333323,44.933528789720214,45.29299545288086,19996800,0.0,0.0
2022-04-20 00:00:00-04:00,45.70382529941954,46.20023217687558,45.26732627562622,45.447059631347656,20532800,0.0,0.0
2022-04-21 00:00:00-04:00,45.823639851035466,46.02049110260659,44.950645214778405,45.04479217529297,15952900,0.0,0.0
2022-04-22 00:00:00-04:00,44.88217922906145,45.01911938955404,43.79521527675296,43.8465690612793,23073900,0.0,0.0
2022-04-25 00:00:00-04:00,43.46142366890052,43.8551294855674,42.519960477325725,43.760982513427734,22079300,0.0,0.0
2022-04-26 00:00:00-04:00,43.24745453086465,44.16324246412914,42.9821348070602,42.990692138671875,18335800,0.0,0.0
2022-04-27 00:00:00-04:00,42.588428653956726,43.32448323337313,42.400137975785995,42.45148849487305,24707500,0.0,0.0
2022-04-28 00:00:00-04:00,42.71681188986382,42.81951619393069,41.94652144708488,42.81095886230469,20112100,0.0,0.0
2022-04-29 00:00:00-04:00,42.94066495314083,43.15683825703271,41.548508348310285,41.686859130859375,21844900,0.51,0.0
2022-05-02 00:00:00-04:00,41.90303217231552,42.24891077579345,41.31504052552873,42.119205474853516,25904000,0.0,0.0
2022-05-03 00:00:00-04:00,42.65531797095118,43.935063536077244,42.43914466673645,43.321128845214844,25374500,0.0,0.0
2022-05-04 00:00:00-04:00,43.381656529694396,45.30992528036859,43.2692487879482,45.162925720214844,26643600,0.0,0.0
2022-05-05 00:00:00-04:00,44.479812667793276,45.076453028474276,43.831292831256505,44.36740493774414,25756000,0.0,0.0
2022-05-06 00:00:00-04:00,44.30687508814195,44.96404038081055,43.73617778448105,44.63545608520508,25912900,0.0,0.0
2022-05-09 00:00:00-04:00,44.09070608995118,44.289585122776316,42.88013433527173,43.13954162597656,28888400,0.0,0.0
2022-05-10 00:00:00-04:00,43.7015989033165,43.83130091542038,41.211281348113864,42.1537971496582,31054700,0.0,0.0
2022-05-11 00:00:00-04:00,42.32673200681134,43.18277641159129,41.12480900909354,41.21127700805664,30179000,0.0,0.0
2022-05-12 00:00:00-04:00,40.86539530623066,40.98645511352903,39.257068877490546,40.26011276245117,36301500,0.0,0.0
2022-05-13 00:00:00-04:00,40.47629131906809,41.375569772159594,40.47629131906809,41.19398498535156,21739400,0.0,0.0
2022-05-16 00:00:00-04:00,41.15075257014097,41.565804941080586,40.64058341238422,41.0383415222168,16919100,0.0,0.0
2022-05-17 00:00:00-04:00,43.09630780831579,44.62681511800893,42.97525129204786,44.14258575439453,46643400,0.0,0.0
2022-05-18 00:00:00-04:00,43.86588865913386,44.151239018072914,42.378615197242326,42.646671295166016,32181600,0.0,0.0
2022-05-19 00:00:00-04:00,42.07597051465945,43.49406681920716,42.01544225521238,43.04442596435547,27279400,0.0,0.0
2022-05-20 00:00:00-04:00,43.459478096649796,43.86588494978721,41.94626502046565,43.01848602294922,29025500,0.0,0.0
2022-05-23 00:00:00-04:00,44.40199017012867,46.3475496803814,44.229054185829064,45.62985610961914,35166800,0.0,0.0
2022-05-24 00:00:00-04:00,45.37045151204458,45.837383315167706,44.523052604508145,45.55203628540039,24344800,0.0,0.0
2022-05-25 00:00:00-04:00,45.44827179847615,45.932497836993434,44.98133671972663,45.56932830810547,23507900,0.0,0.0
2022-05-26 00:00:00-04:00,46.226494081288074,46.90960244775349,45.97573228116139,46.7712516784668,19140700,0.0,0.0
2022-05-27 00:00:00-04:00,46.69344111809761,46.69344111809761,45.86333628987073,46.3648567199707,19509300,0.0,0.0
2022-05-31 00:00:00-04:00,45.854673757058094,46.57237060896962,45.34450469923616,46.183258056640625,25805400,0.0,0.0
2022-06-01 00:00:00-04:00,46.26107936929561,46.46860715801181,44.730572235458325,45.30126953125,23902000,0.0,0.0
2022-06-02 00:00:00-04:00,45.30991765509571,45.396385641662924,44.618160568388944,45.33585739135742,17473600,0.0,0.0
2022-06-03 00:00:00-04:00,45.024571856113155,45.249393921295834,44.28958400130324,44.384700775146484,16550000,0.0,0.0
2022-06-06 00:00:00-04:00,44.79110769683826,45.45692186553099,44.41928935200281,44.44523239135742,18473200,0.0,0.0
2022-06-07 00:00:00-04:00,44.12528529205264,45.1629176119042,43.95234932086255,45.050506591796875,15528800,0.0,0.0
2022-06-08 00:00:00-04:00,44.70463831058517,45.05916238438542,44.151235200120645,44.45387649536133,13207700,0.0,0.0
2022-06-09 00:00:00-04:00,44.566289249324775,44.61816873133963,43.20007238152429,43.20872116088867,14272900,0.0,0.0
2022-06-10 00:00:00-04:00,42.12784699645089,42.49966527664368,40.96050938472622,41.2545051574707,28910800,0.0,0.0
2022-06-13 00:00:00-04:00,40.34657725126942,40.649218496878774,39.257065468533554,39.5078239440918,30308400,0.0,0.0
2022-06-14 00:00:00-04:00,39.94017388190058,40.407108956674016,39.38677081485463,39.741294860839844,25223600,0.0,0.0
2022-06-15 00:00:00-04:00,40.182291372264125,41.66091585372794,40.164997113595575,41.1421012878418,30001500,0.0,0.0
2022-06-16 00:00:00-04:00,40.46764104218176,40.80487086193067,39.74129862328304,40.54546356201172,24744900,0.0,0.0
2022-06-17 00:00:00-04:00,40.74433946220256,40.891339009906154,39.76723859785038,40.22552490234375,35111400,0.0,0.0
2022-06-21 00:00:00-04:00,41.47068786621094,41.79927222787611,41.09022402012806,41.47068786621094,20289700,0.0,0.0
2022-06-22 00:00:00-04:00,40.925921910116294,41.49661916705478,40.58868886409358,40.81351089477539,19752800,0.0,0.0
2022-06-23 00:00:00-04:00,40.52817408484798,40.56276260853029,39.421367715359324,40.07853317260742,24137200,0.0,0.0
2022-06-24 00:00:00-04:00,39.39541901398737,41.73008775644366,39.36947597785308,41.384212493896484,27322600,0.0,0.0
2022-06-27 00:00:00-04:00,41.557155402687776,41.85115121571921,40.856752739675116,41.3582763671875,21198200,0.0,0.0
2022-06-28 00:00:00-04:00,41.85114958290959,42.46508092487672,40.58869508294494,40.82216262817383,21643600,0.0,0.0
2022-06-29 00:00:00-04:00,40.865393914083704,41.332328973557374,40.32063964324011,40.72704315185547,20981000,0.0,0.0
2022-06-30 00:00:00-04:00,39.96610614027822,40.38980380610933,39.1359984650319,39.76722717285156,21207900,0.0,0.0
2022-07-01 00:00:00-04:00,39.55107426845403,40.6751749349855,39.20519561788591,40.528175354003906,16539600,0.0,0.0
2022-07-05 00:00:00-04:00,39.50782912225417,40.33793705916058,38.85066377485183,40.303348541259766,19156800,0.0,0.0
2022-07-06 00:00:00-04:00,40.035288223214316,40.36387251128803,39.30894591715481,39.90558624267578,14952800,0.0,0.0
2022-07-07 00:00:00-04:00,40.56275334952837,40.8999831320957,40.30334607821061,40.580047607421875,15598900,0.0,0.0
2022-07-08 00:00:00-04:00,40.86539573423878,41.1248063111955,40.277407442486414,40.48493194580078,11789900,0.0,0.0
2022-07-11 00:00:00-04:00,40.139049291251546,40.467633569697504,39.85370230359382,39.94017028808594,12778200,0.0,0.0
2022-07-12 00:00:00-04:00,39.41270989838909,40.58004416969996,39.34353287267537,39.88829040527344,16966700,0.0,0.0
2022-07-13 00:00:00-04:00,39.516487152494456,39.58566090594824,38.61720526779159,39.34354782104492,21793600,0.0,0.0
2022-07-14 00:00:00-04:00,38.461552578342435,38.461552578342435,37.56227087182855,38.16755676269531,27337600,0.0,0.0
2022-07-15 00:00:00-04:00,40.64057995305587,43.77076837903969,39.940177281283134,43.21736526489258,86566200,0.0,0.0
2022-07-18 00:00:00-04:00,43.805354171687476,44.53169653843077,43.001189290702314,43.29518508911133,26042500,0.0,0.0
2022-07-19 00:00:00-04:00,43.995587741175115,45.31856718546269,43.95235374402672,45.076454162597656,28113600,0.0,0.0
2022-07-20 00:00:00-04:00,44.53170162478464,45.3531608581543,44.488467622721586,45.3531608581543,24546500,0.0,0.0
2022-07-21 00:00:00-04:00,45.05916033253613,45.50880116394904,44.78245878990397,45.474212646484375,18261900,0.0,0.0
2022-07-22 00:00:00-04:00,45.41368234736866,45.846028900601176,44.52304950324326,44.8862190246582,14903400,0.0,0.0
2022-07-25 00:00:00-04:00,45.335869316793435,45.95844953918009,45.024579205600105,45.10240173339844,16794700,0.0,0.0
2022-07-26 00:00:00-04:00,44.765167956026474,45.655800908354614,44.30688160945652,44.44523239135742,18960800,0.0,0.0
2022-07-27 00:00:00-04:00,44.70464067979713,45.57797939130652,44.37605632859132,45.26668930053711,17087300,0.0,0.0
2022-07-28 00:00:00-04:00,45.04186919923106,45.58662684220089,44.36740955458266,45.162925720214844,12729200,0.0,0.0
2022-07-29 00:00:00-04:00,45.16292288287857,45.62572824700186,44.97081348747552,45.32010269165039,16783500,0.51,0.0
2022-08-01 00:00:00-04:00,44.962088742890494,45.59080473062029,44.65645981577692,45.33757019042969,13051800,0.0,0.0
2022-08-02 00:00:00-04:00,45.19785319970063,45.494748050606184,44.29843791507602,44.31590270996094,17378500,0.0,0.0
2022-08-03 00:00:00-04:00,44.74377748226006,45.2153135737735,44.38575754979629,45.06686782836914,13570600,0.0,0.0
2022-08-04 00:00:00-04:00,45.02321433382952,45.1891248975535,44.595335163815086,44.76124572753906,10152200,0.0,0.0
2022-08-05 00:00:00-04:00,44.63899140238797,45.704320532665044,44.455616059622905,45.110530853271484,13868800,0.0,0.0
2022-08-08 00:00:00-04:00,45.38122421557291,45.54713474235381,44.89222003459504,44.94461441040039,11594400,0.0,0.0
2022-08-09 00:00:00-04:00,45.09306199811178,45.5034762977797,44.900952610000225,45.48601150512695,9739300,0.0,0.0
2022-08-10 00:00:00-04:00,46.11473878078152,47.5031583943261,46.05361366134182,46.44655990600586,32416200,0.0,0.0
2022-08-11 00:00:00-04:00,47.06653375000719,47.56426861298409,46.93554948877406,47.15385437011719,13450300,0.0,0.0
2022-08-12 00:00:00-04:00,47.31104645385421,47.50315586533378,46.83077625622429,47.48569107055664,15493600,0.0,0.0
2022-08-15 00:00:00-04:00,46.93556246430997,47.31977796250737,46.691061995554264,47.21499252319336,11595200,0.0,0.0
2022-08-16 00:00:00-04:00,46.98794864634391,47.642863357092274,46.92682353982621,47.311038970947266,14708000,0.0,0.0
2022-08-17 00:00:00-04:00,46.647391535809696,47.17132531806809,46.542606111785446,46.94428634643555,13370800,0.0,0.0
2022-08-18 00:00:00-04:00,46.80457416727113,46.90936292869967,46.31557327154635,46.76091384887695,10573300,0.0,0.0
2022-08-19 00:00:00-04:00,46.41162962951945,46.63866529192522,45.730515980164355,45.94009017944336,14798800,0.0,0.0
2022-08-22 00:00:00-04:00,45.023209379682115,45.20658471905229,44.52547441220944,44.75251007080078,16749600,0.0,0.0
2022-08-23 00:00:00-04:00,44.76124701022882,45.128001070903736,44.411961076947655,44.49055099487305,11126100,0.0,0.0
2022-08-24 00:00:00-04:00,44.47308238418475,44.78744202892433,44.21111712392477,44.542938232421875,11159300,0.0,0.0
2022-08-25 00:00:00-04:00,44.717577281114835,45.62572651259227,44.59532706362145,45.459815979003906,12569000,0.0,0.0
2022-08-26 00:00:00-04:00,45.65192514932032,45.70431953084855,43.44268035978006,43.468875885009766,20049700,0.0,0.0
2022-08-29 00:00:00-04:00,43.37282034296034,43.41648399225452,42.81396027510994,43.11085510253906,15103100,0.0,0.0
2022-08-30 00:00:00-04:00,43.52127342753374,43.52127342753374,42.52580342367711,42.857627868652344,16735500,0.0,0.0
2022-08-31 00:00:00-04:00,43.03225999908312,43.26802968630233,42.49959552029917,42.621849060058594,16582100,0.0,0.0
2022-09-01 00:00:00-04:00,42.586930433094196,42.586930433094196,41.74864021692581,42.56946563720703,14470900,0.0,0.0
2022-09-02 00:00:00-04:00,43.058462707725646,43.791967356627985,42.45593900940705,42.648048400878906,15568100,0.0,0.0
2022-09-06 00:00:00-04:00,42.76156989773017,42.87508606068659,41.582721300703874,42.10665512084961,15544500,0.0,0.0
2022-09-07 00:00:00-04:00,41.68750714084608,42.560726782135895,41.5652535929679,42.46467208862305,15413900,0.0,0.0
2022-09-08 00:00:00-04:00,42.26383603112688,43.61732593894169,42.0193322429497,43.573665618896484,18088800,0.0,0.0
2022-09-09 00:00:00-04:00,43.93167647696409,44.542927493175824,43.87928210511671,44.24603271484375,18711800,0.0,0.0
2022-09-12 00:00:00-04:00,44.76124380542097,45.09306824968906,44.27224286762488,44.42068862915039,13506500,0.0,0.0
2022-09-13 00:00:00-04:00,43.5736645690845,43.83562981411316,42.412280763663375,42.78776550292969,22148200,0.0,0.0
2022-09-14 00:00:00-04:00,42.90128203532078,43.23310310161649,41.6525776781219,42.2900276184082,25701700,0.0,0.0
2022-09-15 00:00:00-04:00,42.22890361926119,43.0060685897393,42.15904444700449,42.29875946044922,16556900,0.0,0.0
2022-09-16 00:00:00-04:00,41.90581561054538,42.12412053941012,41.451740958778466,42.01060104370117,19995600,0.0,0.0
2022-09-19 00:00:00-04:00,41.46919277913633,42.33367816158699,41.42552914216851,42.124107360839844,14716100,0.0,0.0
2022-09-20 00:00:00-04:00,41.757363227903156,41.8883475073017,40.91907316674454,41.25962829589844,16650200,0.0,0.0
2022-09-21 00:00:00-04:00,41.25962490568237,41.678769901821425,40.43879970462694,40.45626449584961,18641800,0.0,0.0
2022-09-22 00:00:00-04:00,40.70077253376377,40.927808200043785,39.7227673596,39.80135726928711,18443100,0.0,0.0
2022-09-23 00:00:00-04:00,39.27742381246474,39.390943312251316,37.81041437131305,38.648704528808594,30918000,0.0,0.0
2022-09-26 00:00:00-04:00,38.15096978986168,38.57884893428308,37.181698662625664,37.53971862792969,23684400,0.0,0.0
2022-09-27 00:00:00-04:00,37.74928980056616,37.889004828832704,36.745089075859475,37.1904296875,21255500,0.0,0.0
2022-09-28 00:00:00-04:00,37.19042270939385,38.089837826909005,37.068172498982285,37.89773178100586,19818100,0.0,0.0
2022-09-29 00:00:00-04:00,37.461129161773954,37.61830898558541,36.68396077467553,37.015785217285156,20982200,0.0,0.0
2022-09-30 00:00:00-04:00,37.01578130148926,37.522250309319126,36.33467102440508,36.387062072753906,22266400,0.0,0.0
2022-10-03 00:00:00-04:00,36.282280338933795,37.47859047668097,35.854404522201946,37.16423416137695,22001000,0.0,0.0
2022-10-04 00:00:00-04:00,38.04618130743575,39.076580799471564,37.95886067159627,38.779685974121094,20660000,0.0,0.0
2022-10-05 00:00:00-04:00,38.212092729159295,38.421666923503224,37.6445019209761,38.281951904296875,15458500,0.0,0.0
2022-10-06 00:00:00-04:00,37.91519781646205,38.24702223552342,37.36507180323126,37.6008415222168,17738400,0.0,0.0
2022-10-07 00:00:00-04:00,37.28647697173486,37.36506686768244,36.62282822127343,36.84113311767578,18101300,0.0,0.0
2022-10-10 00:00:00-04:00,37.10310753076409,37.20789296492315,36.264814064284934,36.3259391784668,13768800,0.0,0.0
2022-10-11 00:00:00-04:00,36.03777911805603,36.29101364245358,35.295540339415176,35.321739196777344,20176100,0.0,0.0
2022-10-12 00:00:00-04:00,35.26933917880271,36.116363258372246,34.97244438098946,35.662288665771484,20862200,0.0,0.0
2022-10-13 00:00:00-04:00,35.10342608666299,37.70561990964474,34.93751224259315,37.50477981567383,27964900,0.0,0.0
2022-10-14 00:00:00-04:00,37.627036428459554,38.78841687947016,37.37380191989159,37.74928665161133,28885100,0.0,0.0
2022-10-17 00:00:00-04:00,38.6923713741158,38.797156819682975,37.71436277859129,38.06365203857422,20835400,0.0,0.0
2022-10-18 00:00:00-04:00,38.99799488440853,39.25122941774596,38.11604438035595,38.55265426635742,21302100,0.0,0.0
2022-10-19 00:00:00-04:00,38.27321983383477,38.50898621400308,37.45239121003143,37.845340728759766,15142800,0.0,0.0
2022-10-20 00:00:00-04:00,37.889006287622614,38.36927650758824,37.30395062518993,37.47859191894531,15421600,0.0,0.0
2022-10-21 00:00:00-04:00,37.496054729484975,38.701098912802934,37.2690190609808,38.648704528808594,18783600,0.0,0.0
2022-10-24 00:00:00-04:00,38.701096069438066,39.00672162594499,38.39547051293115,38.779685974121094,14392300,0.0,0.0
2022-10-25 00:00:00-04:00,38.46532847431943,39.81008765916578,38.343078244982294,39.574317932128906,20085700,0.0,0.0
2022-10-26 00:00:00-04:00,39.73150205742476,40.15064717390664,39.48700157224432,39.65291213989258,16516200,0.0,0.0
2022-10-27 00:00:00-04:00,40.05459245741394,40.290362209994456,39.600517748488784,39.679107666015625,15687900,0.0,0.0
2022-10-28 00:00:00-04:00,39.783885133157014,40.41260096356304,39.321076492152464,40.281620025634766,13457900,0.0,0.0
2022-10-31 00:00:00-04:00,39.91487598898426,40.360219949375434,39.79262575078092,40.045860290527344,15600400,0.0,0.0
2022-11-01 00:00:00-04:00,40.430070074877435,40.587249882041036,40.16810483996099,40.36021423339844,15505200,0.0,0.0
2022-11-02 00:00:00-04:00,40.281623106148764,41.050053994417915,39.766423383000635,39.77515411376953,20306800,0.0,0.0
2022-11-03 00:00:00-04:00,39.434600600260694,39.65290552017601,38.867006476053376,38.92813491821289,16025800,0.0,0.0
2022-11-04 00:00:00-04:00,39.40513056638436,40.14712373463435,39.104799918054184,39.86445999145508,15204100,0.51,0.0
2022-11-07 00:00:00-05:00,40.17362368905048,40.509288158389836,39.935125516331816,40.39445495605469,11792300,0.0,0.0
2022-11-08 00:00:00-05:00,40.456281298050115,41.10110809543274,40.306117676705774,40.73894500732422,16737100,0.0,0.0
2022-11-09 00:00:00-05:00,40.394452449823206,40.50928564503365,39.88212569436145,40.067623138427734,13299000,0.0,0.0
2022-11-10 00:00:00-05:00,41.26011426563342,43.07093003149578,41.12761752351733,42.770599365234375,27915500,0.0,0.0
2022-11-11 00:00:00-05:00,42.84126173224655,44.66974417990913,42.78826102013409,44.33407974243164,26009200,0.0,0.0
2022-11-14 00:00:00-05:00,44.11325175793855,44.14858556862596,43.300594329833984,43.300594329833984,19631600,0.0,0.0
2022-11-15 00:00:00-05:00,44.016088077146996,44.53724661255775,42.83243239638519,43.309425354003906,19839400,0.0,0.0
2022-11-16 00:00:00-05:00,43.176930474116425,43.24759472769363,42.5232684380341,42.72643280029297,18052100,0.0,0.0
2022-11-17 00:00:00-05:00,42.11694256636348,42.62926939075904,41.869612607663406,42.62043762207031,11962700,0.0,0.0
2022-11-18 00:00:00-05:00,43.04442219543035,43.344752797769445,42.540927269393784,42.98258972167969,12884300,0.0,0.0
2022-11-21 00:00:00-05:00,42.98260068173841,43.318265174558995,42.64693618891783,43.17693328857422,9884100,0.0,0.0
2022-11-22 00:00:00-05:00,43.406590833722206,43.883587152022294,43.39775906617629,43.574424743652344,13132000,0.0,0.0
2022-11-23 00:00:00-05:00,43.5832512072531,43.69808438908032,42.26709560832692,42.611595153808594,22863300,0.0,0.0
2022-11-25 00:00:00-05:00,42.57626234019013,42.867757815164865,42.51442986460102,42.65576171875,6823600,0.0,0.0
2022-11-28 00:00:00-05:00,42.32010174582149,42.567431674151464,41.36611247253619,41.71944046020508,18987100,0.0,0.0
2022-11-29 00:00:00-05:00,41.71944471717167,42.31127429557289,41.70177781054289,42.019775390625,12224700,0.0,0.0
2022-11-30 00:00:00-05:00,41.58694398979882,42.779431431304296,40.80078188337655,42.76176452636719,23993100,0.0,0.0
2022-12-01 00:00:00-05:00,42.646931374912896,42.99142759751278,41.82543882735121,42.20526885986328,19797600,0.0,0.0
2022-12-02 00:00:00-05:00,41.76360192092717,41.91376891233846,41.34844149209712,41.728271484375,12745400,0.0,0.0
2022-12-05 00:00:00-05:00,41.4632786108664,41.622277397016724,40.085293623720716,40.31495666503906,20397500,0.0,0.0
2022-12-06 00:00:00-05:00,40.32378208857825,40.53577817262833,39.04296033964804,39.73195266723633,22160800,0.0,0.0
2022-12-07 00:00:00-05:00,39.43162358430067,40.14711797702201,39.140128115158944,39.45812225341797,20233400,0.0,0.0
2022-12-08 00:00:00-05:00,39.617131449118105,40.07646092937912,39.09596947820832,39.475799560546875,15622200,0.0,0.0
2022-12-09 00:00:00-05:00,39.39629490939588,39.91745681081227,39.35212933190993,39.62596130371094,14030600,0.0,0.0
2022-12-12 00:00:00-05:00,39.440463600471986,40.45628535452495,39.18429853525177,40.429786682128906,19045100,0.0,0.0
2022-12-13 00:00:00-05:00,41.374937359311176,42.26709400214451,40.84494378113927,41.15410614013672,25655400,0.0,0.0
2022-12-14 00:00:00-05:00,41.0834528651564,41.551617504471984,40.38562853002766,40.615291595458984,16587500,0.0,0.0
2022-12-15 00:00:00-05:00,39.82911561059806,39.97927921010127,38.9811246061151,39.4139518737793,20201900,0.0,0.0
2022-12-16 00:00:00-05:00,39.04296789436212,39.449296608762516,38.69847166390884,39.17546463012695,26955400,0.0,0.0
2022-12-19 00:00:00-05:00,39.184296254677164,39.29029430770965,38.40696933666506,38.804466247558594,18019100,0.0,0.0
2022-12-20 00:00:00-05:00,38.998801716586584,39.35212970948184,38.68963593198343,38.69847106933594,14412700,0.0,0.0
2022-12-21 00:00:00-05:00,39.05179771330735,39.65245898706066,39.016463904353046,39.58179473876953,22492300,0.0,0.0
2022-12-22 00:00:00-05:00,39.25496505344697,39.25496505344697,37.90347876926382,38.85747146606445,24476100,0.0,0.0
2022-12-23 00:00:00-05:00,38.866295717653095,39.184293221754444,38.760297672825004,39.0959587097168,15143800,0.0,0.0
2022-12-27 00:00:00-05:00,39.113630066702214,39.343296454539285,38.839801472242414,39.21079635620117,14777800,0.0,0.0
2022-12-28 00:00:00-05:00,39.24612137381394,39.63478307513111,39.03412193788484,39.4139518737793,12882200,0.0,0.0
2022-12-29 00:00:00-05:00,39.60829693580289,39.96162831755739,39.44046638275928,39.890960693359375,14124100,0.0,0.0
2022-12-30 00:00:00-05:00,39.687796270218165,39.99695870158821,39.53762925382573,39.95279312133789,11802800,0.0,0.0
2023-01-03 00:00:00-05:00,40.41211903438994,41.295444040606114,40.226621591792735,40.43861770629883,19564000,0.0,0.0
2023-01-04 00:00:00-05:00,41.109946884679495,41.99327189705533,40.933281208280825,41.48094177246094,21507200,0.0,0.0
2023-01-05 00:00:00-05:00,41.25127891165903,41.48094193313462,40.606452054481075,41.29544448852539,12314900,0.0,0.0
2023-01-06 00:00:00-05:00,41.56926888393508,42.125761116388254,41.171772025313594,41.79010009765625,16736300,0.0,0.0
2023-01-09 00:00:00-05:00,42.30243327297622,42.68226328861388,41.93143839423288,41.99327087402344,16745500,0.0,0.0
2023-01-10 00:00:00-05:00,42.01093629045926,42.58509549241277,41.69293876587342,42.56742858886719,12429900,0.0,0.0
2023-01-11 00:00:00-05:00,42.58509759967571,43.0532621427568,42.275935196372856,43.02676010131836,17143700,0.0,0.0
2023-01-12 00:00:00-05:00,43.33592427227382,43.706919142522985,42.88542665026573,43.362422943115234,16287800,0.0,0.0
2023-01-13 00:00:00-05:00,42.85009297697888,44.369413009503596,42.169935712724524,44.0955810546875,28037000,0.0,0.0
2023-01-17 00:00:00-05:00,44.04258940145149,44.819916421936746,43.93659133444552,44.440086364746094,28193500,0.0,0.0
2023-01-18 00:00:00-05:00,44.37824850615682,44.590244614506396,43.49492352559303,43.66275405883789,18952000,0.0,0.0
2023-01-19 00:00:00-05:00,42.973764729518685,43.812920825450234,42.81476595206231,43.60975646972656,14869100,0.0,0.0
2023-01-20 00:00:00-05:00,43.883585989415614,45.146741000921,43.51258773958299,45.12907409667969,19957300,0.0,0.0
2023-01-23 00:00:00-05:00,45.093741083251714,46.18906557820265,44.943577448979184,45.91523361206055,18531200,0.0,0.0
2023-01-24 00:00:00-05:00,45.42056655883789,45.88873106591884,44.53724162347705,45.42056655883789,13303200,0.0,0.0
2023-01-25 00:00:00-05:00,44.917076187673395,45.87990060001399,44.917076187673395,45.84457015991211,20719000,0.0,0.0
2023-01-26 00:00:00-05:00,46.003567975718,46.16256337690828,45.50006962174841,46.100730895996094,22393300,0.0,0.0
2023-01-27 00:00:00-05:00,45.89756577048379,46.100730114266995,45.63256894683688,45.809234619140625,18294000,0.0,0.0
2023-01-30 00:00:00-05:00,45.43823090805993,45.96822786125847,45.34989976733535,45.71206283569336,11126200,0.0,0.0
2023-01-31 00:00:00-05:00,45.80923406552024,46.12723159790039,45.606069724192345,46.12723159790039,34823400,0.0,0.0
2023-02-01 00:00:00-05:00,45.52657039163706,46.58656104420847,45.411737200457324,46.065399169921875,22111900,0.0,0.0
2023-02-02 00:00:00-05:00,46.445229130280545,47.019388346307025,45.69440087446799,46.12723159790039,22331700,0.0,0.0
2023-02-03 00:00:00-05:00,45.51172209462243,45.97558168126451,45.07462252550853,45.44927978515625,20050600,0.51,0.0
2023-02-06 00:00:00-05:00,44.95866708415835,45.48496906107757,44.521567447930046,45.36900329589844,16152000,0.0,0.0
2023-02-07 00:00:00-05:00,45.270876831239306,46.17183268570015,45.12815105024993,45.6098518371582,14361000,0.0,0.0
2023-02-08 00:00:00-05:00,45.288721955288,45.94882747424788,45.13707388556932,45.6276969909668,13242300,0.0,0.0
2023-02-09 00:00:00-05:00,45.806100876105425,45.904225495461276,44.476967585334144,44.58401107788086,16794900,0.0,0.0
2023-02-10 00:00:00-05:00,44.44127872396226,44.77133142890372,43.84361562574799,44.69997024536133,16519900,0.0,0.0
2023-02-13 00:00:00-05:00,44.59293294549913,45.56525345125884,44.53048722232993,45.49388885498047,11626900,0.0,0.0
2023-02-14 00:00:00-05:00,45.4314470676607,46.162917173839325,45.03895199207867,46.03803253173828,16283300,0.0,0.0
2023-02-15 00:00:00-05:00,45.351164946790384,46.27888431979067,45.324404923501405,46.22536087036133,9216600,0.0,0.0
2023-02-16 00:00:00-05:00,45.80609597220384,46.23427670225315,45.58308673494316,45.90422058105469,9398000,0.0,0.0
2023-02-17 00:00:00-05:00,45.72581593112013,46.020189779692814,45.422523209644254,45.8685417175293,12297700,0.0,0.0
2023-02-21 00:00:00-05:00,45.26196020346291,45.41360486453768,44.09339047419657,44.45912551879883,22899200,0.0,0.0
2023-02-22 00:00:00-05:00,44.50372437242323,45.03002632655609,44.039864734640794,44.63753128051758,14431500,0.0,0.0
2023-02-23 00:00:00-05:00,44.90514411821723,45.154913397103584,44.334240964847716,44.940826416015625,12550700,0.0,0.0
2023-02-24 00:00:00-05:00,44.60185370871738,44.905146450050715,44.289642093896916,44.762420654296875,14547300,0.0,0.0
2023-02-27 00:00:00-05:00,45.04787055697753,45.66337489005632,44.949745938040785,45.02111053466797,14190200,0.0,0.0
2023-02-28 00:00:00-05:00,45.030030668384576,45.37792457955283,44.82486255161487,45.21735763549805,12932400,0.0,0.0
2023-03-01 00:00:00-05:00,45.01218400784266,45.975585554221205,44.86945823091817,45.939903259277344,15966000,0.0,0.0
2023-03-02 00:00:00-05:00,45.654454959785845,45.895305363548864,45.012187216417786,45.850704193115234,18104500,0.0,0.0
2023-03-03 00:00:00-05:00,45.92206414231275,46.73381767249816,45.92206414231275,46.69813537597656,15879900,0.0,0.0
2023-03-06 00:00:00-05:00,46.707056643607295,46.78734010762285,46.39484166005744,46.54648971557617,12693300,0.0,0.0
2023-03-07 00:00:00-05:00,46.207518574389816,46.50189243467228,45.25303920177608,45.56525421142578,30953800,0.0,0.0
2023-03-08 00:00:00-05:00,45.54740622529049,45.73473316125133,44.86945626250249,45.208431243896484,12847700,0.0,0.0
2023-03-09 00:00:00-05:00,45.119233080163944,45.34224233009868,43.183511021247874,43.352996826171875,29460100,0.0,0.0
2023-03-10 00:00:00-05:00,42.88914272753016,44.04879020466394,42.04170685479157,43.121070861816406,29770800,0.0,0.0
2023-03-13 00:00:00-04:00,41.925742751116246,42.13983314752551,39.78485239842932,39.90974044799805,50709200,0.0,0.0
2023-03-14 00:00:00-04:00,42.113069220189466,42.80886044810344,41.53324716692109,42.28255844116211,42165900,0.0,0.0
2023-03-15 00:00:00-04:00,40.534156296268186,40.587679736331395,39.338826690996264,39.98109436035156,41832800,0.0,0.0
2023-03-16 00:00:00-04:00,39.83837037435217,41.11398349543754,38.982015712083246,40.694725036621094,28877300,0.0,0.0
2023-03-17 00:00:00-04:00,40.12383153221713,40.12383153221713,39.08906855025542,39.4726448059082,37130200,0.0,0.0
2023-03-20 00:00:00-04:00,39.88297224881911,40.80177264500937,39.169343350941475,39.32991027832031,31899900,0.0,0.0
2023-03-21 00:00:00-04:00,40.65012385566881,41.051541166863394,40.097061895162355,40.204105377197266,29835600,0.0,0.0
2023-03-22 00:00:00-04:00,40.30223175235684,40.41819751463759,38.96417625832866,38.990936279296875,21672000,0.0,0.0
2023-03-23 00:00:00-04:00,39.526162718674,40.007860137168954,38.45571758329948,38.759010314941406,24112600,0.0,0.0
2023-03-24 00:00:00-04:00,38.21486478382573,38.46463405208798,37.47447244883256,38.45571517944336,25453900,0.0,0.0
2023-03-27 00:00:00-04:00,39.30315117517465,40.1416647243911,39.142584244049,39.94541549682617,29335200,0.0,0.0
2023-03-28 00:00:00-04:00,39.8918987936154,40.34683620131157,39.68673067619545,40.33791732788086,16206000,0.0,0.0
2023-03-29 00:00:00-04:00,40.66796754091701,41.04262145284385,40.552001776479635,40.98910140991211,15047000,0.0,0.0
2023-03-30 00:00:00-04:00,41.46188452409205,41.60461032578327,40.80177896733948,41.09614944458008,14226400,0.0,0.0
2023-03-31 00:00:00-04:00,41.56892607841899,41.8989822441938,41.32807906415822,41.82761764526367,16009200,0.0,0.0
2023-04-03 00:00:00-04:00,42.05062560818102,42.362840614538,41.41728012515441,41.667049407958984,16633100,0.0,0.0
2023-04-04 00:00:00-04:00,41.83654207217072,41.94358557321714,40.7214956779535,41.113990783691406,15542400,0.0,0.0
2023-04-05 00:00:00-04:00,40.56092654762832,41.20319092228133,40.41820075294416,40.82853698730469,11739100,0.0,0.0
2023-04-06 00:00:00-04:00,40.855301465741675,41.221036567181926,40.605532148519565,40.9088249206543,11918100,0.0,0.0
2023-04-10 00:00:00-04:00,40.846368285188895,41.71164171801728,40.828527139800094,41.497554779052734,11777100,0.0,0.0
2023-04-11 00:00:00-04:00,41.63136692077307,42.255793527803554,41.56000572723169,42.104148864746094,14177300,0.0,0.0
2023-04-12 00:00:00-04:00,42.353919731471535,42.49664552674691,41.49756495981928,41.85437774658203,14330900,0.0,0.0
2023-04-13 00:00:00-04:00,41.83654275008242,42.45204714463729,41.55109114076553,42.193355560302734,15578900,0.0,0.0
2023-04-14 00:00:00-04:00,42.9694164198014,44.50372099742969,42.835612924705224,44.2093505859375,33064500,0.0,0.0
2023-04-17 00:00:00-04:00,44.38775970069407,44.43236427305328,43.79009654301305,44.3253173828125,19590400,0.0,0.0
2023-04-18 00:00:00-04:00,44.53940704950065,44.869459782013614,44.11122970392548,44.673213958740234,16616200,0.0,0.0
2023-04-19 00:00:00-04:00,44.360997410468556,45.00326510765642,44.04878583703053,44.95866394042969,14894000,0.0,0.0
2023-04-20 00:00:00-04:00,44.43236252256084,44.64644948890584,43.79901369023369,44.066627502441406,20410200,0.0,0.0
2023-04-21 00:00:00-04:00,43.67412994893165,43.90606147052211,43.10322682324905,43.736572265625,14377300,0.0,0.0
2023-04-24 00:00:00-04:00,43.736572265625,43.98634493524942,43.48680299885162,43.736572265625,11208800,0.0,0.0
2023-04-25 00:00:00-04:00,43.26380139906208,43.39760833154004,42.56801351702062,42.728580474853516,15374000,0.0,0.0
2023-04-26 00:00:00-04:00,42.63937116269859,42.69289461179613,41.381599033143,41.80085754394531,16984600,0.0,0.0
2023-04-27 00:00:00-04:00,41.96141784981488,42.23794711927501,41.42619365206956,41.95249557495117,16541400,0.0,0.0
2023-04-28 00:00:00-04:00,41.6548946317348,42.682968127485054,41.519624247668155,42.44849395751953,15222100,0.51,0.0
2023-05-01 00:00:00-04:00,43.178969876004246,43.6298780726705,42.538677622219204,42.61082458496094,18314800,0.0,0.0
2023-05-02 00:00:00-04:00,42.223055668815505,42.43949318048924,41.086768192961635,41.48356628417969,19450100,0.0,0.0
2023-05-03 00:00:00-04:00,41.60079322335896,42.024644609659475,41.14988500462804,41.18595504760742,14533500,0.0,0.0
2023-05-04 00:00:00-04:00,40.61781564817438,40.94247013590218,39.752072641004865,40.49156188964844,20601800,0.0,0.0
2023-05-05 00:00:00-04:00,41.303191732646106,41.93446392055679,41.18595463371036,41.77213668823242,13384500,0.0,0.0
2023-05-08 00:00:00-04:00,42.27715725951851,42.52064812028942,41.727048660016465,41.80821228027344,8760900,0.0,0.0
2023-05-09 00:00:00-04:00,41.40238706990664,42.1689295650353,41.29417007486458,41.95249557495117,10188800,0.0,0.0
2023-05-10 00:00:00-04:00,42.52064555644445,42.55671559870622,41.1138107035364,41.81722640991211,11840000,0.0,0.0
2023-05-11 00:00:00-04:00,41.24908452605827,41.600792379105705,40.969520197662206,41.5106086730957,11222800,0.0,0.0
2023-05-12 00:00:00-04:00,41.78115586030462,41.826245992701786,40.64486525901924,40.98755645751953,12812800,0.0,0.0
2023-05-15 00:00:00-04:00,41.203990107109576,41.763118752423495,41.14988332477094,41.52864456176758,11911300,0.0,0.0
2023-05-16 00:00:00-04:00,41.42042965529051,41.62784702512831,40.81621084736586,40.83424758911133,9201200,0.0,0.0
2023-05-17 00:00:00-04:00,41.28515541030631,42.484572923526436,41.28515541030631,42.45751953125,16359100,0.0,0.0
2023-05-18 00:00:00-04:00,42.36733797607801,42.36733797607801,41.35730447794339,41.83526611328125,17618000,0.0,0.0
2023-05-19 00:00:00-04:00,41.8983968796353,42.141887765558415,41.14087082570466,41.2220344543457,15416200,0.0,0.0
2023-05-22 00:00:00-04:00,41.45651291224925,41.573746600997815,40.987567836782375,41.294185638427734,14471000,0.0,0.0
2023-05-23 00:00:00-04:00,41.339262655500896,42.223042287785454,41.30318917496117,41.40238952636719,13797100,0.0,0.0
2023-05-24 00:00:00-04:00,40.726033960418484,40.798180933390974,39.86930757723377,40.12181854248047,23744900,0.0,0.0
2023-05-25 00:00:00-04:00,39.95047124168709,40.40137950274486,39.57170995367393,39.88734436035156,18109400,0.0,0.0
2023-05-26 00:00:00-04:00,40.094762166186705,40.266109508877925,39.6709107356744,40.22101593017578,11962600,0.0,0.0
2023-05-30 00:00:00-04:00,40.33824876576253,40.482539257903035,39.905377289341025,40.311195373535156,12431100,0.0,0.0
2023-05-31 00:00:00-04:00,39.860292650088965,40.04967330209903,39.418401021908316,39.968509674072266,18154100,0.0,0.0
2023-06-01 00:00:00-04:00,40.293163713296096,40.897379150282,39.9594925531719,40.43745422363281,15757100,0.0,0.0
2023-06-02 00:00:00-04:00,41.005594100155875,42.09679115288115,40.906393742606916,41.77213668823242,19455600,0.0,0.0
2023-06-05 00:00:00-04:00,41.80821014163291,41.91642714972091,41.31221179439323,41.69999313354492,11004700,0.0,0.0
2023-06-06 00:00:00-04:00,41.65490500013247,42.84530256503546,41.61883495283019,42.583778381347656,14189200,0.0,0.0
2023-06-07 00:00:00-04:00,42.80922914625756,43.44951801752826,42.52966480070027,43.296207427978516,15457400,0.0,0.0
2023-06-08 00:00:00-04:00,43.043701596345,43.512646594220726,42.86333760636865,43.37737274169922,12058600,0.0,0.0
2023-06-09 00:00:00-04:00,43.37737525737592,43.801230142378316,43.206031349047606,43.5577392578125,11744000,0.0,0.0
2023-06-12 00:00:00-04:00,43.53067358286834,43.73809092080806,43.26012937860592,43.69300079345703,13801000,0.0,0.0
2023-06-13 00:00:00-04:00,43.69300887423561,44.567768515127476,43.69300887423561,43.90944290161133,14062700,0.0,0.0
2023-06-14 00:00:00-04:00,44.03569576760298,44.432493738878044,42.89038854487766,43.503623962402344,22053000,0.0,0.0
2023-06-15 00:00:00-04:00,43.404424481668805,43.819259201812976,42.90842614756977,43.792205810546875,14926100,0.0,0.0
2023-06-16 00:00:00-04:00,44.04471631945121,44.04471631945121,43.43148084760364,43.458534240722656,18223000,0.0,0.0
2023-06-20 00:00:00-04:00,43.2060339514126,43.2060339514126,42.4575279487293,42.935489654541016,12777700,0.0,0.0
2023-06-21 00:00:00-04:00,42.836282944811124,43.151917337815405,42.592792081569165,42.75511932373047,10550700,0.0,0.0
2023-06-22 00:00:00-04:00,42.58377241699428,42.61984245924452,41.871336620163255,42.051700592041016,11841900,0.0,0.0
2023-06-23 00:00:00-04:00,41.573738072490535,41.709011919644006,41.339267302935596,41.50159454345703,13249100,0.0,0.0
2023-06-26 00:00:00-04:00,41.59177268530026,42.10580777391406,41.492572327820994,41.69999313354492,13253900,0.0,0.0
2023-06-27 00:00:00-04:00,41.6639238804199,42.03366851573308,41.393379612656574,41.84428787231445,11863300,0.0,0.0
2023-06-28 00:00:00-04:00,41.81722511892176,41.83526185957413,41.3212267915295,41.69097137451172,13394900,0.0,0.0
2023-06-29 00:00:00-04:00,41.63685860323919,42.195987208759036,41.4925681270113,41.745079040527344,18840800,0.0,0.0
2023-06-30 00:00:00-04:00,42.18696880662447,42.205005546894064,41.51060652721861,41.51962661743164,15228200,0.0,0.0
2023-07-03 00:00:00-04:00,41.55570308340262,42.646900146933284,41.50159285870646,42.150901794433594,10159900,0.0,0.0
2023-07-05 00:00:00-04:00,42.123845841788174,42.43046357449025,41.8533015929703,42.20500946044922,11852900,0.0,0.0
2023-07-06 00:00:00-04:00,41.934464292694365,41.934464292694365,40.680939996520614,40.92443084716797,17431400,0.0,0.0
2023-07-07 00:00:00-04:00,40.78915617299225,41.79918959790025,40.7711194318136,41.24908447265625,13160700,0.0,0.0
2023-07-10 00:00:00-04:00,41.12282817219763,41.835263983430096,41.0687213876502,41.18595504760742,14307600,0.0,0.0
2023-07-11 00:00:00-04:00,41.30319175373571,42.033664299568336,41.149884612104785,41.961517333984375,14131700,0.0,0.0
2023-07-12 00:00:00-04:00,42.61984123192118,43.53067771560405,42.58377119070963,42.72806167602539,17960500,0.0,0.0
2023-07-13 00:00:00-04:00,42.89039062719757,43.151914777243995,42.51162593791091,42.99860763549805,26210700,0.0,0.0
2023-07-14 00:00:00-04:00,43.72006494482716,43.783191826690405,41.20399600145365,41.25810623168945,38634500,0.0,0.0
2023-07-17 00:00:00-04:00,41.31221057908847,42.04267966238963,41.23104696537095,41.71802520751953,18521400,0.0,0.0
2023-07-18 00:00:00-04:00,42.15991341399906,42.98056613643001,42.09678654613178,42.403404235839844,24678000,0.0,0.0
2023-07-19 00:00:00-04:00,42.45751872489507,43.14289769074932,42.04268055698042,42.85431671142578,15789100,0.0,0.0
2023-07-20 00:00:00-04:00,42.737082581250675,43.17897417161354,42.592792081569165,42.75511932373047,17647200,0.0,0.0
2023-07-21 00:00:00-04:00,42.87235729754937,42.926464085927066,42.22304831576149,42.43046569824219,18251600,0.0,0.0
2023-07-24 00:00:00-04:00,42.36734004763256,43.14290281168026,42.36734004763256,42.98057556152344,19006200,0.0,0.0
2023-07-25 00:00:00-04:00,42.827261590557406,43.08878572740292,42.43948027021829,42.46653366088867,14729900,0.0,0.0
2023-07-26 00:00:00-04:00,42.73707155988172,43.06172596047993,42.403400510447334,42.82725524902344,12267900,0.0,0.0
2023-07-27 00:00:00-04:00,42.92646698955689,44.29722857707622,42.78217647719471,43.178977966308594,25162700,0.0,0.0
2023-07-28 00:00:00-04:00,43.57577218569847,43.61184567065807,42.46653832436745,42.75511932373047,20871700,0.0,0.0
2023-07-31 00:00:00-04:00,42.91744867981323,43.33228345681087,42.710031291314415,42.98057556152344,14377200,0.0,0.0
2023-08-01 00:00:00-04:00,42.682968127485054,42.80922186200976,42.214023227710264,42.44849395751953,15219100,0.0,0.0
2023-08-02 00:00:00-04:00,41.862323305731984,42.09679753917438,41.43847185939058,41.763126373291016,13101100,0.0,0.0
2023-08-03 00:00:00-04:00,41.45650906366985,41.90741735127938,41.22203482762485,41.672943115234375,13467100,0.0,0.0
2023-08-04 00:00:00-04:00,41.71855958380011,42.594347456244236,41.56347367058614,41.700313568115234,18329500,0.53,0.0
2023-08-07 00:00:00-04:00,41.91925270990456,42.18381465685233,41.627323485710775,41.80978012084961,16972000,0.0,0.0
2023-08-08 00:00:00-04:00,41.07082877371637,41.26240665806369,40.2680217363607,41.19854736328125,18524500,0.0,0.0
2023-08-09 00:00:00-04:00,41.070837677587996,41.225923575661014,40.51434643377997,40.54171371459961,13957100,0.0,0.0
2023-08-10 00:00:00-04:00,40.78802007765201,41.043460732080334,40.368372296901136,40.450477600097656,12112300,0.0,0.0
2023-08-11 00:00:00-04:00,40.176794137508864,40.705914492162165,40.12205610906729,40.660301208496094,11973200,0.0,0.0
2023-08-14 00:00:00-04:00,40.21329814508302,40.514348691086354,40.122068070482385,40.23154067993164,14280300,0.0,0.0
2023-08-15 00:00:00-04:00,39.8210066994102,39.8210066994102,39.392234165524854,39.41960144042969,17125100,0.0,0.0
2023-08-16 00:00:00-04:00,39.24627974577811,39.37399836855626,38.83575311536874,38.89961242675781,13963600,0.0,0.0
2023-08-17 00:00:00-04:00,39.08206846702677,39.3010171597586,38.39785858733797,38.73540115356445,16123600,0.0,0.0
2023-08-18 00:00:00-04:00,38.45258523320528,39.04556486513376,38.3978472062288,38.5438117980957,12908700,0.0,0.0
2023-08-21 00:00:00-04:00,38.88136131228758,39.00907991831383,38.01469486844672,38.379608154296875,14486300,0.0,0.0
2023-08-22 00:00:00-04:00,38.59855646461611,38.662415767038254,37.37610149242345,37.421714782714844,20507900,0.0,0.0
2023-08-23 00:00:00-04:00,37.45820967494881,37.61329556982784,37.19364769890328,37.47645568847656,16214500,0.0,0.0
2023-08-24 00:00:00-04:00,37.42171764789331,38.014697427224654,37.14803440511952,37.47645568847656,15579600,0.0,0.0
2023-08-25 00:00:00-04:00,37.640663798564624,38.005577118172376,37.20276990307813,37.62242126464844,16881900,0.0,0.0
2023-08-28 00:00:00-04:00,37.84136486366076,38.18803215454362,37.54031434584313,37.69540023803711,14125900,0.0,0.0
2023-08-29 00:00:00-04:00,37.67715107846005,38.10592365295447,37.64065905508374,38.06031036376953,13199700,0.0,0.0
2023-08-30 00:00:00-04:00,38.032941817080925,38.169785172661435,37.713645294154524,37.74101257324219,18211400,0.0,0.0
2023-08-31 00:00:00-04:00,37.86873278846005,38.02382216336685,37.412592890607826,37.668033599853516,17795700,0.0,0.0
2023-09-01 00:00:00-04:00,37.94171142578125,38.1515353312291,37.75013353125114,37.94171142578125,12413500,0.0,0.0
2023-09-05 00:00:00-04:00,37.88697752167485,38.251890819653674,37.57680226241418,37.73189163208008,15843400,0.0,0.0
2023-09-06 00:00:00-04:00,37.42171605031579,37.850488649735034,37.321364720232886,37.74101257324219,13675200,0.0,0.0
2023-09-07 00:00:00-04:00,37.46733318636125,37.74101644553153,37.129790616053626,37.15715789794922,12406100,0.0,0.0
2023-09-08 00:00:00-04:00,37.047680216223455,37.12066078464006,36.74662623631867,37.02943420410156,15055400,0.0,0.0
2023-09-11 00:00:00-04:00,37.23013685737142,37.74101127650056,36.97469616773588,37.02943420410156,11404200,0.0,0.0
2023-09-12 00:00:00-04:00,37.01118792473464,38.37048623739744,37.00206665877504,38.02381896972656,24774700,0.0,0.0
2023-09-13 00:00:00-04:00,38.26101302271364,39.136804263288255,38.02382180927067,38.65329360961914,31031900,0.0,0.0
2023-09-14 00:00:00-04:00,39.036443140086355,39.62942276501833,38.98170511375573,39.35573959350586,19422800,0.0,0.0
2023-09-15 00:00:00-04:00,38.999958668901954,39.44697727025628,38.91785335355406,38.96346664428711,22983200,0.0,0.0
2023-09-18 00:00:00-04:00,38.863120397372214,39.02733104953596,38.680667210587124,38.89961242675781,10467400,0.0,0.0
2023-09-19 00:00:00-04:00,39.03644751087994,39.100306808713974,38.74451829790415,38.93609619140625,11031700,0.0,0.0
2023-09-20 00:00:00-04:00,39.18241110405958,39.346621717120605,38.56206067251142,38.58942794799805,11240700,0.0,0.0
2023-09-21 00:00:00-04:00,38.370485592262796,38.64416880737157,38.03293959622679,38.051185607910156,12260100,0.0,0.0
2023-09-22 00:00:00-04:00,38.08767238852638,38.188023698936156,37.275744120767854,37.33047866821289,15438200,0.0,0.0
2023-09-25 00:00:00-04:00,37.175398839056136,37.48557408513699,37.0203129560512,37.421714782714844,10866800,0.0,0.0
2023-09-26 00:00:00-04:00,37.10241379826725,37.4399597935524,36.54592610348136,36.691890716552734,21786500,0.0,0.0
2023-09-27 00:00:00-04:00,36.75575318857233,37.06592845311995,36.43645317738059,36.91083908081055,15083400,0.0,0.0
2023-09-28 00:00:00-04:00,36.92908352822907,37.722765929127334,36.865224224712605,37.5859260559082,14409800,0.0,0.0
2023-09-29 00:00:00-04:00,37.81399342814887,38.21539523448235,37.33048283135015,37.522064208984375,16916100,0.0,0.0
2023-10-02 00:00:00-04:00,37.3943490908423,37.449083649485445,36.755752559460234,36.947330474853516,16178900,0.0,0.0
2023-10-03 00:00:00-04:00,36.67364339688868,36.98381862361134,36.11715224188001,36.363468170166016,19283400,0.0,0.0
2023-10-04 00:00:00-04:00,36.20837976613846,36.427328423712574,35.706626630950055,36.31785583496094,23342000,0.0,0.0
2023-10-05 00:00:00-04:00,36.144522996236006,36.381717681884766,35.7522424223386,36.381717681884766,18734100,0.0,0.0
2023-10-06 00:00:00-04:00,36.19926010113368,37.26662571881935,36.04417073681269,37.01118850708008,17080000,0.0,0.0
2023-10-09 00:00:00-04:00,36.65540468452133,37.412595151068246,36.44558073644034,37.166282653808594,14859700,0.0,0.0
2023-10-10 00:00:00-04:00,37.53117980942732,38.09679215117361,37.53117980942732,37.80486297607422,18902100,0.0,0.0
2023-10-11 00:00:00-04:00,37.987325657223224,38.315746901763966,37.73188845816747,37.8869743347168,12763900,0.0,0.0
2023-10-12 00:00:00-04:00,37.768380480909954,38.124169002472144,37.51293980178336,37.8869743347168,18112500,0.0,0.0
2023-10-13 00:00:00-04:00,39.19153654393587,39.51995780504181,37.722765615140425,37.79574966430664,32082900,0.0,0.0
2023-10-16 00:00:00-04:00,38.27013259976603,38.31574588695063,36.974693667284726,37.357852935791016,25044200,0.0,0.0
2023-10-17 00:00:00-04:00,37.08417289396266,38.01469516808005,37.038556122818584,37.5859260559082,20258100,0.0,0.0
2023-10-18 00:00:00-04:00,37.34873682612782,37.34873682612782,36.64628090483594,36.91996765136719,23232600,0.0,0.0
2023-10-19 00:00:00-04:00,36.72838595934249,37.17540462595352,36.518562007283116,36.54593276977539,17483300,0.0,0.0
2023-10-20 00:00:00-04:00,36.46382267404541,36.71013862383593,36.08978811623116,36.19926071166992,21396500,0.0,0.0
2023-10-23 00:00:00-04:00,36.1080328177467,36.14452136152069,35.38733100712853,35.47855758666992,21333500,0.0,0.0
2023-10-24 00:00:00-04:00,35.50592804859517,35.852595346068334,35.3417208867092,35.515052795410156,17181000,0.0,0.0
2023-10-25 00:00:00-04:00,35.30522695962649,35.442066833845914,34.903821643078956,35.223121643066406,15570100,0.0,0.0
2023-10-26 00:00:00-04:00,35.12276503491553,36.26311454903617,35.09539776019921,35.88908004760742,25109600,0.0,0.0
2023-10-27 00:00:00-04:00,35.87995926983622,35.91644780992984,34.82171156549765,34.88557434082031,20654700,0.0,0.0
2023-10-30 00:00:00-04:00,35.16838549793699,35.551544822527596,35.0406668830972,35.515052795410156,21777500,0.0,0.0
2023-10-31 00:00:00-04:00,35.615401917918696,36.06241704209438,35.5059258433658,36.02592849731445,16373100,0.0,0.0
2023-11-01 00:00:00-04:00,36.07153955507005,36.34522276436585,35.83434488829509,36.12627410888672,16011000,0.0,0.0
2023-11-02 00:00:00-04:00,36.48206931955738,37.741012889122224,36.42733128085282,37.7227668762207,23283600,0.0,0.0
2023-11-03 00:00:00-04:00,38.406616777651294,39.24756995985545,38.38813386400056,39.05350112915039,20287700,0.53,0.0
2023-11-06 00:00:00-05:00,39.15515610604213,39.15515610604213,38.59143956780256,38.850196838378906,20843900,0.0,0.0
2023-11-07 00:00:00-05:00,38.53598957442597,38.96108596769122,38.48978405781104,38.77626037597656,11463200,0.0,0.0
2023-11-08 00:00:00-05:00,38.67461134156797,38.96109122363526,38.37889176503322,38.646888732910156,14761600,0.0,0.0
2023-11-09 00:00:00-05:00,38.88716352794246,39.07198562140644,38.15710427289119,38.35116958618164,19128400,0.0,0.0
2023-11-10 00:00:00-05:00,38.53599673261702,38.95185350990806,38.32344849650285,38.88716506958008,11912500,0.0,0.0
2023-11-13 00:00:00-05:00,38.7762673991574,39.654186474870045,38.7485447892183,39.460121154785156,16332100,0.0,0.0
2023-11-14 00:00:00-05:00,39.83901529895388,41.37306211827664,39.8297720780616,40.994171142578125,26218500,0.0,0.0
2023-11-15 00:00:00-05:00,41.10505734693719,41.7889110282153,41.10505734693719,41.474708557128906,18894900,0.0,0.0
2023-11-16 00:00:00-05:00,41.363814816680765,41.678017316159476,40.95720126893118,41.280643463134766,14744800,0.0,0.0
2023-11-17 00:00:00-05:00,41.53015504939561,41.94601179234875,41.26216161527498,41.91828918457031,15573100,0.0,0.0
2023-11-20 00:00:00-05:00,41.84436869123906,42.269468767008185,41.779680238998246,41.82588577270508,19670300,0.0,0.0
2023-11-21 00:00:00-05:00,41.6964924406765,41.89056124619616,41.30836188014693,41.66876983642578,14466700,0.0,0.0
2023-11-22 00:00:00-05:00,41.87208479621761,41.881324490642,41.43774512790747,41.604087829589844,9441200,0.0,0.0
2023-11-24 00:00:00-05:00,41.48395043594876,42.06614988882543,41.43774491355499,41.798152923583984,5941000,0.0,0.0
2023-11-27 00:00:00-05:00,41.54863697535744,41.761185188868765,41.45622593478912,41.6595344543457,14679700,0.0,0.0
2023-11-28 00:00:00-05:00,41.61332965361651,41.62257287376934,41.178993488334214,41.45623016357422,14064700,0.0,0.0
2023-11-29 00:00:00-05:00,41.798156552053634,42.537455550298255,41.73346811003571,42.27870178222656,14027600,0.0,0.0
2023-11-30 00:00:00-05:00,42.3156659662723,42.666830773484236,42.121600647772716,42.602142333984375,16249000,0.0,0.0
2023-12-01 00:00:00-05:00,42.50973515113123,43.67413069328876,42.408080872598454,43.64640808105469,20053400,0.0,0.0
2023-12-04 00:00:00-05:00,43.23978930873184,43.877433990467885,43.15661795674405,43.775779724121094,19351000,0.0,0.0
2023-12-05 00:00:00-05:00,43.44309255877463,43.78502117270102,42.88861925145637,43.1566162109375,14813100,0.0,0.0
2023-12-06 00:00:00-05:00,44.173146998813735,45.39299096300885,44.15466408720412,44.22859573364258,33903400,0.0,0.0
2023-12-07 00:00:00-05:00,44.302530628069455,45.06031249364335,44.154670837841756,44.82004165649414,14896800,0.0,0.0
2023-12-08 00:00:00-05:00,44.82928210974857,45.43920419541673,44.74611075600948,45.180450439453125,17591600,0.0,0.0
2023-12-11 00:00:00-05:00,45.05107445718404,45.23590008308515,44.46887496943502,44.49660110473633,17666000,0.0,0.0
2023-12-12 00:00:00-05:00,44.36721639961745,44.45963096624057,44.08997975025861,44.41342544555664,14735600,0.0,0.0
2023-12-13 00:00:00-05:00,44.35797879804565,45.77188824415162,44.228601923925545,45.59630584716797,22212500,0.0,0.0
2023-12-14 00:00:00-05:00,46.21546872154655,47.63862142163496,46.21546872154655,46.42802047729492,51664900,0.0,0.0
2023-12-15 00:00:00-05:00,45.91974908374645,46.298640020310465,45.46693001395935,46.049129486083984,35156100,0.0,0.0
2023-12-18 00:00:00-05:00,46.354087268714316,46.723738498670734,45.790370729395704,45.892024993896484,17871400,0.0,0.0
2023-12-19 00:00:00-05:00,45.67023607743965,47.41683453409086,45.439204927249634,47.06566619873047,23161500,0.0,0.0
2023-12-20 00:00:00-05:00,46.85312316468146,47.21353123494535,46.08609796878161,46.27092361450195,17452100,0.0,0.0
2023-12-21 00:00:00-05:00,46.5851216330261,46.82539248146231,46.178508072112656,46.760704040527344,13089000,0.0,0.0
2023-12-22 00:00:00-05:00,46.8808355754405,47.37062043354432,46.84386974928977,47.000972747802734,14440600,0.0,0.0
2023-12-26 00:00:00-05:00,47.019453158205536,47.62013193753438,46.93628181642092,47.444549560546875,11501500,0.0,0.0
2023-12-27 00:00:00-05:00,47.25972706241831,47.66634410457389,47.06566176061965,47.55544662475586,9901300,0.0,0.0
2023-12-28 00:00:00-05:00,47.499999299875505,47.86964697374792,47.499999299875505,47.61089324951172,10218500,0.0,0.0
2023-12-29 00:00:00-05:00,47.64785807437027,47.6940635919776,47.33365561928337,47.53696060180664,13149400,0.0,0.0
2024-01-02 00:00:00-05:00,47.40758579558137,49.117218223135445,47.30593153728967,49.01556396484375,24784900,0.0,0.0
2024-01-03 00:00:00-05:00,49.20963363615753,50.244652173452124,48.26702614629343,49.57004165649414,30897600,0.0,0.0
2024-01-04 00:00:00-05:00,49.82879448605731,50.595819561486465,49.58852365203752,49.69017791748047,23714300,0.0,0.0
2024-01-05 00:00:00-05:00,49.93044719888608,50.52188633370252,49.8010703288019,50.20768737792969,17782200,0.0,0.0
2024-01-08 00:00:00-05:00,49.89348884137562,49.98589989152577,48.99708684884568,49.91196823120117,17359500,0.0,0.0
2024-01-09 00:00:00-05:00,49.76410911097983,49.81955785697557,49.228118667376876,49.422183990478516,17237400,0.0,0.0
2024-01-10 00:00:00-05:00,49.02480436370452,49.18190736293881,48.61819084994527,48.9970817565918,16532700,0.0,0.0
2024-01-11 00:00:00-05:00,47.90661888664288,48.18385555859196,47.37062493231985,48.12841033935547,25444400,0.0,0.0
2024-01-12 00:00:00-05:00,48.33171419714164,49.76410657236586,47.37986702026625,48.62743377685547,37908000,0.0,0.0
2024-01-16 00:00:00-05:00,47.85117388474595,48.257790992312614,47.01022058308192,47.93434524536133,21209400,0.0,0.0
2024-01-17 00:00:00-05:00,47.23201204734911,47.768002518272404,47.13035777046991,47.463043212890625,17393500,0.0,0.0
2024-01-18 00:00:00-05:00,47.54620855940144,47.666345737358576,46.677529230680385,47.23200607299805,15788100,0.0,0.0
2024-01-19 00:00:00-05:00,47.24124205038421,47.758753024111705,46.77917981410236,47.61089324951172,18211000,0.0,0.0
2024-01-22 00:00:00-05:00,48.045237416572554,49.07101271676712,48.00827158811813,48.83074188232422,21573200,0.0,0.0
2024-01-23 00:00:00-05:00,48.895432272823605,49.35749457119663,48.599712683885315,49.25584030151367,12962500,0.0,0.0
2024-01-24 00:00:00-05:00,49.477629341951044,49.57928360667454,48.96936154358899,49.2188720703125,14402200,0.0,0.0
2024-01-25 00:00:00-05:00,49.34825042996345,49.69017551287978,49.015565041069614,49.6532096862793,15634000,0.0,0.0
2024-01-26 00:00:00-05:00,49.773352810938185,49.89348999912557,49.54232165494628,49.5977668762207,14041200,0.0,0.0
2024-01-29 00:00:00-05:00,49.41294390226554,50.115277053011674,49.385217766860464,50.0043830871582,12158300,0.0,0.0
2024-01-30 00:00:00-05:00,50.86381933462738,52.85992834941843,50.836093199178535,52.75827407836914,40086100,0.0,0.0
2024-01-31 00:00:00-05:00,52.434831506748694,53.553021429921046,51.88035462999185,51.908077239990234,28967800,0.0,0.0
2024-02-01 00:00:00-05:00,51.76946117142309,52.29621191808139,50.688233542581145,51.806427001953125,21178700,0.0,0.0
2024-02-02 00:00:00-05:00,51.87172834587191,52.226248358774235,51.30263501953379,51.81575393676758,19283100,0.53,0.0
2024-02-05 00:00:00-05:00,51.25598007031538,51.44256972039755,50.48163782699149,50.84548568725586,14040600,0.0,0.0
2024-02-06 00:00:00-05:00,50.73353427939364,51.283971800140876,50.4816387808583,50.705543518066406,14832700,0.0,0.0
2024-02-07 00:00:00-05:00,50.84548622841154,51.0320758804796,50.16443702342944,50.88280487060547,13383300,0.0,0.0
2024-02-08 00:00:00-05:00,50.54695358885548,50.836167781176655,49.99651597050374,50.64957809448242,15822200,0.0,0.0
2024-02-09 00:00:00-05:00,50.649572661977174,50.7895122428117,49.94053264036882,50.36968994140625,13843300,0.0,0.0
2024-02-12 00:00:00-05:00,49.977849275140265,50.882806808856415,49.446071059775576,50.304378509521484,17162300,0.0,0.0
2024-02-13 00:00:00-05:00,49.71662344572002,49.87522233494341,48.73703223178889,49.22216033935547,17672100,0.0,0.0
2024-02-14 00:00:00-05:00,50.043154031183356,50.47230774670169,49.99650750713165,50.360355377197266,14891900,0.0,0.0
2024-02-15 00:00:00-05:00,50.58426781251685,51.75977668571511,50.50963052080803,51.50788116455078,16865000,0.0,0.0
2024-02-16 00:00:00-05:00,51.27464063177204,51.49854892906827,50.892133441354765,51.17201614379883,11527500,0.0,0.0
2024-02-20 00:00:00-05:00,50.92012245562853,51.92770086163485,50.71487348672474,51.703792572021484,16537900,0.0,0.0
2024-02-21 00:00:00-05:00,51.55452168312148,51.74111133174232,51.29329831039323,51.61983108520508,9317200,0.0,0.0
2024-02-22 00:00:00-05:00,51.722454051694264,52.68338953438964,51.69446684891244,52.151611328125,12904800,0.0,0.0
2024-02-23 00:00:00-05:00,52.235573908959225,52.56210312158482,52.01166562108632,52.179595947265625,11668900,0.0,0.0
2024-02-26 00:00:00-05:00,52.207588775399664,52.72070769007113,51.62916401116467,51.647823333740234,12307100,0.0,0.0
2024-02-27 00:00:00-05:00,51.94637039786304,52.17027517260689,51.51721661385214,51.97435760498047,11039300,0.0,0.0
2024-02-28 00:00:00-05:00,51.79709726847808,52.41284071249323,51.3026376485741,51.358612060546875,13448100,0.0,0.0
2024-02-29 00:00:00-05:00,51.778439515945244,51.918382667927595,50.97610637023778,51.76911163330078,23744600,0.0,0.0
2024-03-01 00:00:00-05:00,51.7597746155624,52.19825978955943,51.37726740810811,51.871726989746094,12922400,0.0,0.0
2024-03-04 00:00:00-05:00,51.69446201386253,52.776677646659216,51.58250965430462,52.375511169433594,14314700,0.0,0.0
2024-03-05 00:00:00-05:00,52.01166847513337,53.70029971041854,52.01166847513337,52.48746871948242,19653900,0.0,0.0
2024-03-06 00:00:00-05:00,53.24316103323276,53.69097412346981,52.25423823464546,53.44841003417969,17845000,0.0,0.0
2024-03-07 00:00:00-05:00,53.681640891062045,54.22274698658221,53.2058370833598,53.849571228027344,14720300,0.0,0.0
2024-03-08 00:00:00-05:00,54.148115339632206,54.47464458578069,53.42041599851266,53.65365219116211,13028000,0.0,0.0
2024-03-11 00:00:00-04:00,53.3177920792733,53.68163995001925,52.83266039864481,53.56035614013672,9176900,0.0,0.0
2024-03-12 00:00:00-04:00,53.653657366819054,54.045496058897506,53.25249435095385,53.59768295288086,10954000,0.0,0.0
2024-03-13 00:00:00-04:00,53.6443225302856,54.45598345729482,53.60700388656289,53.88688659667969,12982800,0.0,0.0
2024-03-14 00:00:00-04:00,54.4186710317525,54.73586884219076,52.8419920669872,53.261817932128906,18833600,0.0,0.0
2024-03-15 00:00:00-04:00,52.6647361998405,53.87756376325013,52.6647361998405,53.746952056884766,26164300,0.0,0.0
2024-03-18 00:00:00-04:00,53.97085185972374,54.72653838136848,53.70030058951669,54.698551177978516,13994600,0.0,0.0
2024-03-19 00:00:00-04:00,54.66122859540884,55.34227778040293,54.61458207348625,54.913124084472656,13455300,0.0,0.0
2024-03-20 00:00:00-04:00,54.56794022802198,56.293886599381665,54.53994946534842,56.09796905517578,20269900,0.0,0.0
2024-03-21 00:00:00-04:00,56.265898532433255,57.42274801667467,56.265898532433255,57.21750259399414,17892100,0.0,0.0
2024-03-22 00:00:00-04:00,56.94694437340974,57.534696962002315,56.51779067284648,56.741695404052734,16206800,0.0,0.0
2024-03-25 00:00:00-04:00,56.806998115052885,57.39475423013979,56.51778755661593,56.86297607421875,12040300,0.0,0.0
2024-03-26 00:00:00-04:00,57.04957887438168,57.795934040943955,56.90963572363155,57.5253791809082,17947400,0.0,0.0
2024-03-27 00:00:00-04:00,57.87056075663592,58.55160998592276,57.58135016656581,58.54228210449219,16684400,0.0,0.0
2024-03-28 00:00:00-04:00,58.52362397799375,59.12070805099318,58.38368440026677,58.999427795410156,19012000,0.0,0.0
2024-04-01 00:00:00-04:00,59.33528164128717,59.615167899091695,58.794175564595065,59.20466995239258,14223900,0.0,0.0
2024-04-02 00:00:00-04:00,58.448989187208994,59.325955958643306,58.448989187208994,58.62624740600586,16062000,0.0,0.0
2024-04-03 00:00:00-04:00,58.644907186634896,59.13936676218534,57.394761087119065,57.55335998535156,18079900,0.0,0.0
2024-04-04 00:00:00-04:00,57.98251757496142,58.532955119237464,56.67639350277704,56.82566452026367,13401100,0.0,0.0
2024-04-05 00:00:00-04:00,56.74170269031829,57.87989648996169,56.368523345185444,57.469398498535156,12686300,0.0,0.0
2024-04-08 00:00:00-04:00,57.534701202323255,58.1411167152611,57.52537332071117,57.59067916870117,10708300,0.0,0.0
2024-04-09 00:00:00-04:00,57.60934435957785,57.926545750229586,56.825670544961916,57.5253791809082,10301200,0.0,0.0
2024-04-10 00:00:00-04:00,56.46181269350672,57.198839847882454,55.94869382917101,56.14461135864258,18088000,0.0,0.0
2024-04-11 00:00:00-04:00,56.3032117536141,56.80700275051229,55.51021017467934,56.63907241821289,18181900,0.0,0.0
2024-04-12 00:00:00-04:00,58.113120933237575,58.40233148624427,54.81049614139027,55.67813491821289,28561900,0.0,0.0
2024-04-15 00:00:00-04:00,56.14461691644007,56.825666175997995,54.28805524588485,54.63324737548828,19242300,0.0,0.0
2024-04-16 00:00:00-04:00,54.27872219522382,54.623910733054,52.935283126632285,53.19650650024414,23211400,0.0,0.0
2024-04-17 00:00:00-04:00,53.63499100057549,54.94111141191266,53.51370719617725,54.26939010620117,15971600,0.0,0.0
2024-04-18 00:00:00-04:00,54.56794236982114,55.01575544225494,54.04549200586406,54.409339904785156,12272500,0.0,0.0
2024-04-19 00:00:00-04:00,54.325374932954304,55.454237279670096,54.325374932954304,55.174354553222656,13410100,0.0,0.0
2024-04-22 00:00:00-04:00,55.454227685872524,56.965600553238836,55.230322967011745,56.86297607421875,14513100,0.0,0.0
2024-04-23 00:00:00-04:00,56.98426505350492,58.560940344884514,56.92828708925,58.46764373779297,17427800,0.0,0.0
2024-04-24 00:00:00-04:00,57.96386170392684,58.523627163103214,57.693306856467395,58.281063079833984,10123000,0.0,0.0
2024-04-25 00:00:00-04:00,57.6932987435679,58.24373624321236,57.00291811935731,57.64665222167969,13339100,0.0,0.0
2024-04-26 00:00:00-04:00,57.38543642628842,58.99010271465091,57.38543642628842,58.45832443237305,16364100,0.0,0.0
2024-04-29 00:00:00-04:00,58.532953008789555,59.111377735832015,57.80525371074088,58.08513641357422,10857100,0.0,0.0
2024-04-30 00:00:00-04:00,57.75860869239048,58.15977521517306,57.18018395026977,57.21750259399414,11163400,0.0,0.0
2024-05-01 00:00:00-04:00,57.35744409504502,58.09447131828475,56.79767865599568,57.23616027832031,14086600,0.0,0.0
2024-05-02 00:00:00-04:00,58.019833592119994,58.019833592119994,56.89097128181323,57.413421630859375,11292500,0.0,0.0
2024-05-03 00:00:00-04:00,57.88394381946333,58.48621841766722,57.789840320584986,57.89335632324219,11048900,0.53,0.0
2024-05-06 00:00:00-04:00,58.40152046375389,59.22964125760316,58.08156356027907,59.10730743408203,13386700,0.0,0.0
2024-05-07 00:00:00-04:00,59.1167147391778,59.43667163394791,58.31682429716156,58.345054626464844,10158200,0.0,0.0
2024-05-08 00:00:00-04:00,58.00628075781983,59.239056685864526,57.88394333843992,59.050846099853516,9755200,0.0,0.0
2024-05-09 00:00:00-04:00,58.702657065848825,59.69075812511721,58.61796248420763,59.587242126464844,11563000,0.0,0.0
2024-05-10 00:00:00-04:00,59.83191403875465,60.15186734288034,59.3990286482533,59.78485870361328,9548700,0.0,0.0
2024-05-13 00:00:00-04:00,59.869557403339954,60.18010540552853,59.634295070706784,59.66252899169922,6617900,0.0,0.0
2024-05-14 00:00:00-04:00,59.76604199693227,60.19892742154389,59.50254933050478,59.84132766723633,8322500,0.0,0.0
2024-05-15 00:00:00-04:00,59.8789658919997,60.594161755729885,59.85073197290038,60.4530029296875,9461300,0.0,0.0
2024-05-16 00:00:00-04:00,60.321262956020334,60.66945380629056,59.69076160358553,60.35890579223633,11682200,0.0,0.0
2024-05-17 00:00:00-04:00,60.58475277754965,60.74473661884475,60.1330531234977,60.29302978515625,8418400,0.0,0.0
2024-05-20 00:00:00-04:00,60.29303851842046,60.462427708134584,59.21083020522671,59.436683654785156,11792100,0.0,0.0
2024-05-21 00:00:00-04:00,59.530778024658865,61.05527690820355,59.47431736330203,60.92353057861328,11197200,0.0,0.0
2024-05-22 00:00:00-04:00,60.50006412265039,61.14939047753276,59.88838060366639,60.057769775390625,8855300,0.0,0.0
2024-05-23 00:00:00-04:00,60.03894899939945,60.2553899234017,58.81558553816922,59.304931640625,11535000,0.0,0.0
2024-05-24 00:00:00-04:00,59.596650682056705,60.19892162724566,59.54018643476349,59.831912994384766,9424600,0.0,0.0
2024-05-28 00:00:00-04:00,59.50254913325597,59.822506051350864,58.6744247117483,58.768531799316406,8404400,0.0,0.0
2024-05-29 00:00:00-04:00,57.93099238466853,58.51444190709012,57.59221408461149,58.354461669921875,7224200,0.0,0.0
2024-05-30 00:00:00-04:00,58.439162914387154,58.79676267079426,57.978050745431744,58.2791862487793,10061500,0.0,0.0
2024-05-31 00:00:00-04:00,58.34506081812551,58.71206949728793,57.81807187969167,58.63678741455078,17351600,0.0,0.0
2024-06-03 00:00:00-04:00,59.21082476261689,59.28611043548911,57.70514720335725,58.269775390625,11373900,0.0,0.0
2024-06-04 00:00:00-04:00,57.42283061867908,58.37328886363919,57.17815578227702,57.4322395324707,10424200,0.0,0.0
2024-06-05 00:00:00-04:00,57.667500591401144,58.21331091453483,57.33813476869511,58.12861633300781,8780700,0.0,0.0
2024-06-06 00:00:00-04:00,58.1568469624768,58.39210929128117,57.63927055707084,58.28859329223633,8537900,0.0,0.0
2024-06-07 00:00:00-04:00,57.96863421885956,58.900274585688614,57.94981639229731,58.138023376464844,8260800,0.0,0.0
2024-06-10 00:00:00-04:00,57.6392732427336,58.02510333635753,57.15933964913054,57.80866241455078,9302300,0.0,0.0
2024-06-11 00:00:00-04:00,57.187567396970195,57.206388814079205,55.42780618018777,55.653656005859375,16966800,0.0,0.0
2024-06-12 00:00:00-04:00,57.31931600213773,57.60163009034248,56.36885773422411,56.47237014770508,15398500,0.0,0.0
2024-06-13 00:00:00-04:00,56.22769814464347,56.811147731120755,55.66306997577104,56.67940139770508,9358200,0.0,0.0
2024-06-14 00:00:00-04:00,55.935978550530315,56.30299085498748,55.201961121253575,55.83246612548828,10511000,0.0,0.0
2024-06-17 00:00:00-04:00,55.72894285228045,56.96171518552342,55.380752013131186,56.51942443847656,15527500,0.0,0.0
2024-06-18 00:00:00-04:00,56.81114942484844,57.996873640576574,56.5476567501615,57.19697952270508,15768100,0.0,0.0
2024-06-20 00:00:00-04:00,56.85820662644263,57.422838456099115,56.79233345145553,57.046417236328125,9519200,0.0,0.0
2024-06-21 00:00:00-04:00,56.65117174859768,56.707632412274016,55.84186873093197,56.45355224609375,18976200,0.0,0.0
2024-06-24 00:00:00-04:00,56.557069444990844,58.13803277843163,56.31239817211442,57.72397232055664,13290500,0.0,0.0
2024-06-25 00:00:00-04:00,57.592221709229904,58.18508381281857,57.27226478235235,57.94982147216797,11643100,0.0,0.0
2024-06-26 00:00:00-04:00,57.62044936531456,57.78983852990157,56.98994804476602,57.6392707824707,12409300,0.0,0.0
2024-06-27 00:00:00-04:00,57.87453333484558,58.279184830713696,57.36636583912957,57.92158508300781,11285100,0.0,0.0
2024-06-28 00:00:00-04:00,58.373285752203145,59.83191500962051,58.16625735145764,59.71898651123047,20053200,0.0,0.0
2024-07-01 00:00:00-04:00,59.8977897474736,60.509473232144096,59.27669734926554,59.690757751464844,15334400,0.0,0.0
2024-07-02 00:00:00-04:00,59.55901501946201,60.89530339121764,59.549602515537856,60.86707305908203,10965600,0.0,0.0
2024-07-03 00:00:00-04:00,60.86707382018107,61.37524134388682,60.61299364814667,60.66004180908203,6574100,0.0,0.0
2024-07-05 00:00:00-04:00,60.6976845210151,60.7541451858764,59.99189749170097,60.25539016723633,7226200,0.0,0.0
2024-07-08 00:00:00-04:00,60.50947376260235,61.045871584401745,60.434188094368906,60.92353057861328,10349000,0.0,0.0
2024-07-09 00:00:00-04:00,60.98000228030446,62.82445819097891,60.92353443573611,62.62683868408203,16904300,0.0,0.0
2024-07-10 00:00:00-04:00,62.35392985317873,63.04089183507703,62.3162870188829,63.03148651123047,9817100,0.0,0.0
2024-07-11 00:00:00-04:00,62.288048631397295,62.579771584911235,61.459920743276804,61.836341857910156,20112300,0.0,0.0
2024-07-12 00:00:00-04:00,62.6832961525264,62.75858182168711,59.615473340775125,60.71649932861328,30125400,0.0,0.0
2024-07-15 00:00:00-04:00,60.86707162565582,61.68578713649183,60.11423287128219,61.29995346069336,16656600,0.0,0.0
2024-07-16 00:00:00-04:00,61.1682146614809,63.53965613239317,60.88589695272673,63.30439376831055,21170200,0.0,0.0
2024-07-17 00:00:00-04:00,62.899739431557784,63.81255851254765,62.692714591221595,63.624351501464844,17215300,0.0,0.0
2024-07-18 00:00:00-04:00,63.56788029585383,63.756087275735894,61.01763048674466,61.0646858215332,15796200,0.0,0.0
2024-07-19 00:00:00-04:00,61.10233396076122,62.0904386400586,60.74473779607021,61.29995346069336,8583100,0.0,0.0
2024-07-22 00:00:00-04:00,61.299956272827295,61.7798934687577,60.36831939336934,60.69768524169922,9925100,0.0,0.0
2024-07-23 00:00:00-04:00,60.7070963173261,61.20585133015178,60.49065180515278,60.8482551574707,6961200,0.0,0.0
2024-07-24 00:00:00-04:00,60.603574080293235,60.85765422271264,59.81309255438269,59.907196044921875,11591100,0.0,0.0
2024-07-25 00:00:00-04:00,60.04836276525696,61.779893783480276,59.606068403973524,60.57535171508789,12819700,0.0,0.0
2024-07-26 00:00:00-04:00,60.744738387739545,61.779891236358644,60.64122238491396,61.33759689331055,9661300,0.0,0.0
2024-07-29 00:00:00-04:00,61.450532800319095,61.48816846075466,60.3589119771096,60.509483337402344,7901900,0.0,0.0
2024-07-30 00:00:00-04:00,61.17762020307352,62.32570155786348,61.17762020307352,61.98692321777344,13554300,0.0,0.0
2024-07-31 00:00:00-04:00,62.02456563208488,62.137486958256865,61.00823061871675,61.05527877807617,15046500,0.0,0.0
2024-08-01 00:00:00-04:00,61.24349030964439,61.375236637580095,58.29800498864029,59.549598693847656,18052700,0.0,0.0
2024-08-02 00:00:00-04:00,56.15241342632547,57.027589615789765,54.95728390160856,55.296058654785156,30289300,0.0,0.0
2024-08-05 00:00:00-04:00,51.38163431070636,54.06092773100645,50.84007160933023,53.40535354614258,27977300,0.56,0.0
2024-08-06 00:00:00-04:00,53.576372560344836,54.783005268509854,53.2913420395691,53.737892150878906,16643100,0.0,0.0
2024-08-07 00:00:00-04:00,55.26755693498729,55.53358856284759,53.08231810421605,53.31034469604492,19221200,0.0,0.0
2024-08-08 00:00:00-04:00,54.01341598823713,55.44807519169287,53.97541457920557,55.10603713989258,17933300,0.0,0.0
2024-08-09 00:00:00-04:00,55.13453992862962,55.543084982804174,54.583481433643186,54.95402145385742,11421000,0.0,0.0
2024-08-12 00:00:00-04:00,55.39106847132245,55.752109045226376,54.84950942264633,54.95402145385742,15123500,0.0,0.0
2024-08-13 00:00:00-04:00,55.32456449214101,55.38157204619136,54.88751745083416,55.248558044433594,7478500,0.0,0.0
2024-08-14 00:00:00-04:00,55.457579422011015,56.55970011491095,55.372069901684306,56.322174072265625,12419500,0.0,0.0
2024-08-15 00:00:00-04:00,57.32927852742172,57.96584650128973,57.10125196068195,57.50029754638672,14159000,0.0,0.0
2024-08-16 00:00:00-04:00,57.319780382259246,58.45040292275183,57.319780382259246,58.33639144897461,9939700,0.0,0.0
2024-08-19 00:00:00-04:00,58.43140537066091,58.95396192959163,58.28888829806176,58.934959411621094,8882500,0.0,0.0
2024-08-20 00:00:00-04:00,58.51690917194412,58.62142119839084,58.04185714217492,58.25088119506836,8661300,0.0,0.0
2024-08-21 00:00:00-04:00,58.33640087206282,58.383905358446775,56.892242014958434,57.50980758666992,14414900,0.0,0.0
2024-08-22 00:00:00-04:00,57.71882479288125,57.71882479288125,57.11075874121592,57.40528869628906,7848500,0.0,0.0
2024-08-23 00:00:00-04:00,57.83283424329575,59.34349987308046,57.70932332262992,59.039466857910156,13299700,0.0,0.0
2024-08-26 00:00:00-04:00,59.248498804171156,59.47652178373143,58.49791561236878,58.706939697265625,9384200,0.0,0.0
2024-08-27 00:00:00-04:00,58.820951971421856,59.0774805451179,58.39340434859512,58.6024284362793,7294800,0.0,0.0
2024-08-28 00:00:00-04:00,58.288881024875984,58.89695065098009,58.09886311760017,58.507408142089844,7692900,0.0,0.0
2024-08-29 00:00:00-04:00,58.91595706710715,59.115481694205336,58.11786943179357,58.79244613647461,8368000,0.0,0.0
2024-08-30 00:00:00-04:00,58.85895200283206,59.571530105470806,58.58342093329877,59.514522552490234,10806500,0.0,0.0
2024-09-03 00:00:00-04:00,58.944460413634324,59.27699540554629,57.92784929623536,58.39339828491211,11055200,0.0,0.0
2024-09-04 00:00:00-04:00,58.49791049932437,58.972962560305966,57.395789862821466,57.9183464050293,11436800,0.0,0.0
2024-09-05 00:00:00-04:00,58.53591032918259,58.70692934587815,57.32927776665695,57.60480880737305,10243900,0.0,0.0
2024-09-06 00:00:00-04:00,57.671319327366696,58.032359898512695,55.86612009599621,56.14165115356445,14094000,0.0,0.0
2024-09-09 00:00:00-04:00,56.92073994664754,57.64281751182965,55.26755711742046,56.5692024230957,19811700,0.0,0.0
2024-09-10 00:00:00-04:00,56.90173334381973,56.90173334381973,53.861399532357495,55.05853271484375,22482300,0.0,0.0
2024-09-11 00:00:00-04:00,54.716490967631486,54.716490967631486,53.37684443679501,54.44095993041992,16569400,0.0,0.0
2024-09-12 00:00:00-04:00,54.50746475337948,54.97301730201796,53.994411354592266,54.46946334838867,12937800,0.0,0.0
2024-09-13 00:00:00-04:00,54.83050839192409,55.37206745527993,54.564480395709886,54.792503356933594,10379400,0.0,0.0
2024-09-16 00:00:00-04:00,55.03953452775541,55.856624688949594,55.03953452775541,55.47658157348633,9912700,0.0,0.0
2024-09-17 00:00:00-04:00,55.923135191676714,56.44569178988454,55.828122594682576,56.33168029785156,10630400,0.0,0.0
2024-09-18 00:00:00-04:00,56.76871494251907,57.84233349516469,56.33166796510906,56.911231994628906,13638700,0.0,0.0
2024-09-19 00:00:00-04:00,57.88033997776258,60.01807420074803,57.57630695599785,59.87556076049805,21860600,0.0,0.0
2024-09-20 00:00:00-04:00,59.40050742255968,59.524021967584936,58.60241985164777,59.039466857910156,18331800,0.0,0.0
2024-09-23 00:00:00-04:00,59.115477664113364,59.73304314825381,59.06796956010608,59.457515716552734,11508200,0.0,0.0
2024-09-24 00:00:00-04:00,59.55252961205463,59.761553689062,58.07036580341649,58.307891845703125,12046200,0.0,0.0
2024-09-25 00:00:00-04:00,58.07036168782723,58.23188126980193,57.11075813971697,57.367286682128906,12763800,0.0,0.0
2024-09-26 00:00:00-04:00,58.003855652237526,58.90645528879255,57.82333717467035,58.630924224853516,12844500,0.0,0.0
2024-09-27 00:00:00-04:00,58.91595390557656,59.486018542701174,58.706933467221106,58.78293991088867,8144600,0.0,0.0
2024-09-30 00:00:00-04:00,58.602422669084106,59.514521758446136,58.184378159216415,59.47651672363281,11316400,0.0,0.0
2024-10-01 00:00:00-04:00,59.115483273395355,59.23899420732732,57.96585446042069,58.7259407043457,13550100,0.0,0.0
2024-10-02 00:00:00-04:00,58.62142692600655,59.41001148780533,58.2508868864804,58.934959411621094,7380800,0.0,0.0
2024-10-03 00:00:00-04:00,58.43139966161129,58.583416166163055,57.88984063762315,58.25088119506836,7939800,0.0,0.0
2024-10-04 00:00:00-04:00,59.353006588918085,59.79005362202353,58.72593800357038,59.514522552490234,10097900,0.0,0.0
2024-10-07 00:00:00-04:00,59.3720083144356,59.88506178697698,58.97296269761495,59.47651672363281,6954300,0.0,0.0
2024-10-08 00:00:00-04:00,59.76155154626643,60.19859857855685,59.37200899585808,60.08458709716797,8245700,0.0,0.0
2024-10-09 00:00:00-04:00,60.018073945516164,61.044188107878114,59.894563022696644,60.920677185058594,8636400,0.0,0.0
2024-10-10 00:00:00-04:00,60.80666137007846,60.91117339920579,59.96106931529832,60.31260681152344,8708600,0.0,0.0
2024-10-11 00:00:00-04:00,60.92068237074156,62.80188457981761,60.9016762279398,62.45984649658203,15512400,0.0,0.0
2024-10-14 00:00:00-04:00,62.52634827506,63.11541542446639,62.374335388944196,62.716373443603516,14682900,0.0,0.0
2024-10-15 00:00:00-04:00,63.41945113484809,63.808997310342534,59.41001051753901,59.514522552490234,35348100,0.0,0.0
2024-10-16 00:00:00-04:00,60.2746000477887,61.224707728777275,60.23659864003663,61.044185638427734,20208800,0.0,0.0
2024-10-17 00:00:00-04:00,61.50024509681616,61.91828599557582,60.588142354181585,60.77816390991211,13439600,0.0,0.0
2024-10-18 00:00:00-04:00,60.92067506693826,60.92067506693826,59.60002737625391,59.71403884887695,13841200,0.0,0.0
2024-10-21 00:00:00-04:00,59.65704470536242,59.77105619667736,58.6499329297273,58.74494552612305,12188500,0.0,0.0
2024-10-22 00:00:00-04:00,58.5169159112871,60.51213321636145,58.241384832442044,60.38862228393555,14347300,0.0,0.0
2024-10-23 00:00:00-04:00,60.02758249244501,60.45513009910114,59.495522845899636,59.95157241821289,8720500,0.0,0.0
2024-10-24 00:00:00-04:00,59.86605538462778,60.14158643260465,59.27699188068639,59.8565559387207,11420300,0.0,0.0
2024-10-25 00:00:00-04:00,60.47412454340648,60.559634053320835,58.61191784131162,58.67842483520508,9697800,0.0,0.0
2024-10-28 00:00:00-04:00,59.238989650287344,61.13919786520414,59.11547872585662,60.958683013916016,14637700,0.0,0.0
2024-10-29 00:00:00-04:00,60.87317114333006,61.690261272667584,60.645148182430056,61.46223831176758,13134100,0.0,0.0
2024-10-30 00:00:00-04:00,60.9966812591924,61.97529458617629,60.93967733190525,61.281715393066406,11717600,0.0,0.0
2024-10-31 00:00:00-04:00,61.33871781109765,61.77576482322344,60.892167728418116,60.968177795410156,10042800,0.0,0.0
2024-11-01 00:00:00-04:00,61.12019889984771,61.576244811603026,60.51212922733504,60.531131744384766,11557700,0.0,0.0
2024-11-04 00:00:00-05:00,60.377774694386616,60.99123298813275,59.64929022818819,59.764312744140625,9419600,0.56,0.0
2024-11-05 00:00:00-05:00,60.38735474852235,61.09666814331721,60.128551360820154,61.02956771850586,12649800,0.0,0.0
2024-11-06 00:00:00-05:00,65.56341122619132,67.18332090979173,65.45797240907545,66.16728210449219,41957700,0.0,0.0
2024-11-07 00:00:00-05:00,65.37170267404335,66.09059972975349,64.94995470753273,65.28543853759766,18582000,0.0,0.0
2024-11-08 00:00:00-05:00,65.8701383268779,66.26313155895983,65.26626015399793,65.78386688232422,14973300,0.0,0.0
2024-11-11 00:00:00-05:00,66.61778800908445,67.28875561059529,66.33022628672357,66.90534973144531,19173100,0.0,0.0
2024-11-12 00:00:00-05:00,66.64654396754061,67.08746658722379,66.01391840469033,66.1576919555664,15766500,0.0,0.0
2024-11-13 00:00:00-05:00,66.20563191506511,66.8957743214193,65.95641219877062,66.03309631347656,10525300,0.0,0.0
2024-11-14 00:00:00-05:00,66.42608645312988,66.42608645312988,64.67197599878783,65.32377624511719,15043500,0.0,0.0
2024-11-15 00:00:00-05:00,65.18000854589803,66.10019602428012,65.07456971173967,65.90849304199219,15372900,0.0,0.0
2024-11-18 00:00:00-05:00,65.83180540284324,66.40692163194679,65.53466360228967,66.13853454589844,11519000,0.0,0.0
2024-11-19 00:00:00-05:00,65.17999554914904,66.03308608232595,64.89243382005631,65.75511169433594,14428200,0.0,0.0
2024-11-20 00:00:00-05:00,66.27272302617114,66.60820685810305,65.18000008045055,65.4483871459961,10495600,0.0,0.0
2024-11-21 00:00:00-05:00,65.94682550077263,66.5890384422464,65.57299962063125,66.0905990600586,11390300,0.0,0.0
2024-11-22 00:00:00-05:00,66.05227720429619,67.2887739333506,65.61134715981123,66.9437026977539,16671600,0.0,0.0
2024-11-25 00:00:00-05:00,67.51882193317842,68.2377190753528,67.1258213185498,67.81596374511719,19558100,0.0,0.0
2024-11-26 00:00:00-05:00,67.44213305714317,67.55715922445417,66.45484888830512,66.85742950439453,11605200,0.0,0.0
2024-11-27 00:00:00-05:00,66.87658645941472,67.48046460249115,66.77115496371704,67.25041961669922,9736100,0.0,0.0
2024-11-29 00:00:00-05:00,67.35585341404575,68.14184717927517,67.30793133490891,67.93097686767578,8606500,0.0,0.0
2024-12-02 00:00:00-05:00,68.30481426877802,68.67864018901791,67.94056837818549,68.4294204711914,11932600,0.0,0.0
2024-12-03 00:00:00-05:00,69.19623205181273,69.78093550600494,68.31437954373713,68.45816040039062,17544200,0.0,0.0
2024-12-04 00:00:00-05:00,68.53485870361328,68.74573636201204,67.57632921125506,68.53485870361328,12331900,0.0,0.0
2024-12-05 00:00:00-05:00,68.8511677754057,69.8288645345857,68.6690448513138,69.23458099365234,14307600,0.0,0.0
2024-12-06 00:00:00-05:00,69.31126649738577,69.58924093272321,68.73615025423926,69.15790557861328,8781100,0.0,0.0
2024-12-09 00:00:00-05:00,69.30168389760043,69.78094863461564,68.86075390410684,68.87992858886719,11957500,0.0,0.0
2024-12-10 00:00:00-05:00,69.01411301185345,70.33688087856783,68.61153244107062,69.49337768554688,16833400,0.0,0.0
2024-12-11 00:00:00-05:00,69.97264815375753,70.22186785235589,68.31438902773652,68.97577667236328,22533600,0.0,0.0
2024-12-12 00:00:00-05:00,68.87991845503,69.33042841162374,68.44858318037555,68.4677505493164,8893000,0.0,0.0
2024-12-13 00:00:00-05:00,68.73615330819044,68.9278636064235,67.82555315883376,68.065185546875,9819900,0.0,0.0
2024-12-16 00:00:00-05:00,68.31439090492496,68.79365563147643,67.89264291839925,68.5252685546875,11833800,0.0,0.0
2024-12-17 00:00:00-05:00,67.95973850381306,68.39107382499624,67.86388702277226,68.17061614990234,12639000,0.0,0.0
2024-12-18 00:00:00-05:00,68.22811848765076,68.50609287288954,65.10331080196502,65.2950210571289,18028000,0.0,0.0
2024-12-19 00:00:00-05:00,66.33982739638368,66.94369836307641,65.48673670611939,65.58258819580078,13464300,0.0,0.0
2024-12-20 00:00:00-05:00,65.45797784426539,67.3462820546793,65.20875813647993,66.3206558227539,27720100,0.0,0.0
2024-12-23 00:00:00-05:00,66.4836012832657,66.98203336489841,66.01392391420808,66.87659454345703,8248000,0.0,0.0
2024-12-24 00:00:00-05:00,67.19291737396681,68.25688571804515,67.03955645470316,68.05559539794922,6544900,0.0,0.0
2024-12-26 00:00:00-05:00,67.61466107330219,68.50609365930158,67.58590636294713,68.39106750488281,6341700,0.0,0.0
2024-12-27 00:00:00-05:00,67.9214018512186,68.56361486957225,67.6146726996915,68.05559539794922,7743100,0.0,0.0
2024-12-30 00:00:00-05:00,67.26959592701918,67.89264152131501,66.89577003304153,67.47088623046875,6664400,0.0,0.0
2024-12-31 00:00:00-05:00,67.62425445004892,68.01724771497449,67.2408412140977,67.47088623046875,6393000,0.0,0.0
2025-01-02 00:00:00-05:00,67.99807247429894,68.20895009531624,66.76156877078706,67.03954315185547,9827400,0.0,0.0
2025-01-03 00:00:00-05:00,67.94056922375162,68.14185954384754,66.953284995805,68.05559539794922,11342900,0.0,0.0
2025-01-06 00:00:00-05:00,69.23458966393336,70.92159633468503,68.89909848532952,69.72343444824219,19199700,0.0,0.0
2025-01-07 00:00:00-05:00,70.8353283342116,71.20915423739802,69.72343065386269,70.62445068359375,18309400,0.0,0.0
2025-01-08 00:00:00-05:00,70.4039860472741,70.42316073179067,69.67550892163193,70.22187042236328,13742800,0.0,0.0
2025-01-10 00:00:00-05:00,69.4550418497199,69.4550418497199,68.0747571257997,68.43900299072266,13217700,0.0,0.0
2025-01-13 00:00:00-05:00,68.03642079692736,69.97264698904154,68.03642079692736,69.75218200683594,16720600,0.0,0.0
2025-01-14 00:00:00-05:00,70.27937633923625,70.92158929147159,70.10684075220298,70.45191192626953,19576000,0.0,0.0
2025-01-15 00:00:00-05:00,73.03994547135511,75.96346339143027,72.7140489493794,75.02410125732422,44903000,0.0,0.0
2025-01-16 00:00:00-05:00,74.60234249819413,75.49377510333208,74.53524573492562,75.25414276123047,21463100,0.0,0.0
2025-01-17 00:00:00-05:00,75.29249771438728,77.11369797601094,74.91867178169612,76.67277526855469,22084800,0.0,0.0
2025-01-21 00:00:00-05:00,77.09452187519666,78.4556319023397,76.60566982125123,78.28309631347656,21297400,0.0,0.0
2025-01-22 00:00:00-05:00,78.0913989528205,78.8678055018716,77.86135392217567,78.30227661132812,14725700,0.0,0.0
2025-01-23 00:00:00-05:00,78.59941334258019,79.33747778673599,78.40771038157845,78.58024597167969,14435200,0.0,0.0
2025-01-24 00:00:00-05:00,78.11056269513921,78.71444092789406,77.96678181529285,78.10098266601562,16025200,0.0,0.0
2025-01-27 00:00:00-05:00,77.4012481828781,78.03388109003025,76.89322877664925,77.70797729492188,12782800,0.0,0.0
2025-01-28 00:00:00-05:00,77.85177170301908,78.02430731560716,76.1839323233344,76.6248550415039,16521700,0.0,0.0
2025-01-29 00:00:00-05:00,76.56731974307797,78.2159913498916,76.56731974307797,77.28621673583984,10573000,0.0,0.0
2025-01-30 00:00:00-05:00,77.9188561226148,79.19370198495467,77.63129437623773,78.46521759033203,10775500,0.0,0.0
2025-01-31 00:00:00-05:00,78.30225921118195,78.92529739268662,77.70796842499507,78.05303955078125,12818300,0.0,0.0
2025-02-03 00:00:00-05:00,75.76560111022496,77.12648996407637,74.21168182320439,76.8369369506836,20998500,0.56,0.0
2025-02-04 00:00:00-05:00,77.31953467789143,77.44500374626118,75.63049230296444,75.7463150024414,13417700,0.0,0.0
2025-02-05 00:00:00-05:00,76.28680081538893,76.82729198080786,75.48571043547172,76.69216918945312,10736100,0.0,0.0
2025-02-06 00:00:00-05:00,77.44500104164752,79.62628060862421,77.14580161633145,79.46220397949219,19545700,0.0,0.0
2025-02-07 00:00:00-05:00,79.55870355236792,80.02198687927607,78.5163215895536,78.8734359741211,10310300,0.0,0.0
2025-02-10 00:00:00-05:00,78.78658267587343,78.96996676949283,77.2809244526746,77.91793823242188,10681600,0.0,0.0
2025-02-11 00:00:00-05:00,77.65733087509344,78.6900592032404,77.42569287200946,78.2846908569336,9993800,0.0,0.0
2025-02-12 00:00:00-05:00,77.3774276974364,78.45841726365732,77.2230048243414,78.4391098022461,10448100,0.0,0.0
2025-02-13 00:00:00-05:00,78.56458994866196,79.2691576872774,77.96618379830365,79.24020385742188,11108400,0.0,0.0
2025-02-14 00:00:00-05:00,79.53941629930587,81.7206884255686,79.36568594411646,81.66278076171875,16035000,0.0,0.0
2025-02-18 00:00:00-05:00,81.01611531900653,81.78824445300438,80.6397008014092,81.68207550048828,17907000,0.0,0.0
2025-02-19 00:00:00-05:00,81.13192859843498,81.29601257051235,80.54317619061403,81.01611328125,9710800,0.0,0.0
2025-02-20 00:00:00-05:00,80.91959308113081,81.13193098707372,78.12061483337982,78.50667572021484,15160300,0.0,0.0
2025-02-21 00:00:00-05:00,78.9506675744247,79.05683653893385,76.8369493801938,76.87555694580078,14907800,0.0,0.0
2025-02-24 00:00:00-05:00,77.42568748417689,77.87931709122743,74.38541037116137,75.80420684814453,12830000,0.0,0.0
2025-02-25 00:00:00-05:00,76.42191872895553,76.7983332470811,73.796663469672,75.41814422607422,14501400,0.0,0.0
2025-02-26 00:00:00-05:00,76.05517349334954,77.30023262256869,75.73666657022795,76.31576538085938,13115000,0.0,0.0
2025-02-27 00:00:00-05:00,76.78868668502166,77.57047698796714,75.92004224741125,76.12272644042969,8485900,0.0,0.0
2025-02-28 00:00:00-05:00,76.46052473884136,77.18439993033965,74.90660540533389,77.16509246826172,21233600,0.0,0.0
2025-03-03 00:00:00-05:00,77.21335789661632,77.62837998985621,73.59398174521242,74.48193359375,20121100,0.0,0.0
2025-03-04 00:00:00-05:00,71.94354430143049,72.25239742644078,68.16973804668541,69.82982635498047,33983900,0.0,0.0
2025-03-05 00:00:00-05:00,70.07111082211074,70.96871627415214,69.20245919696768,70.41857147216797,17214200,0.0,0.0
2025-03-06 00:00:00-05:00,69.30863403478708,69.8684326145778,67.60029182969241,68.1214828491211,18550800,0.0,0.0
2025-03-07 00:00:00-05:00,67.73541544849833,68.27590657298605,65.69891263691018,68.00566101074219,18212900,0.0,0.0
2025-03-10 00:00:00-04:00,66.10427957317344,66.33592493328531,63.74927732114916,65.06190490722656,22378400,0.0,0.0
2025-03-11 00:00:00-04:00,64.94608900483904,66.0849863715056,63.86509930242405,65.14877319335938,21269200,0.0,0.0
2025-03-12 00:00:00-04:00,66.39383580823316,66.70268893970693,64.54071701939057,65.58309173583984,16131100,0.0,0.0
2025-03-13 00:00:00-04:00,66.01741174336975,66.73163312599945,64.4055849265498,64.88816833496094,17125200,0.0,0.0
2025-03-14 00:00:00-04:00,65.6024028690284,66.59652371146646,65.22598832409827,66.38418579101562,12727300,0.0,0.0
2025-03-17 00:00:00-04:00,66.49034082684771,67.90913721306337,66.28765668076524,67.50376892089844,12531700,0.0,0.0
2025-03-18 00:00:00-04:00,67.53273322389872,68.03461680201613,67.16596506715953,67.7740249633789,12289900,0.0,0.0
2025-03-19 00:00:00-04:00,67.90915587930296,69.66575965849506,67.24318824223528,68.9515380859375,14400600,0.0,0.0
2025-03-20 00:00:00-04:00,68.5075464591615,70.43788016497047,68.08287068751913,69.31828308105469,15315600,0.0,0.0
2025-03-21 00:00:00-04:00,68.79709603130163,69.73330911034247,68.30485884635084,69.47271728515625,21724000,0.0,0.0
2025-03-24 00:00:00-04:00,70.70813136088849,71.76015978014978,70.1386790430375,71.4609603881836,15310600,0.0,0.0
2025-03-25 00:00:00-04:00,71.76016150658597,72.19449105376349,71.15210897690481,71.87598419189453,10922200,0.0,0.0
2025-03-26 00:00:00-04:00,72.21378531550342,72.44542330375685,70.51508955315411,70.6888198852539,12345800,0.0,0.0
2025-03-27 00:00:00-04:00,70.44753400260043,70.44753400260043,69.26038277126888,69.34724426269531,13155800,0.0,0.0
2025-03-28 00:00:00-04:00,69.09630071328883,69.685053161455,67.25283560658923,67.88019561767578,13630700,0.0,0.0
2025-03-31 00:00:00-04:00,67.07909255662749,68.71987317011126,66.0270642798541,68.5171890258789,15568400,0.0,0.0
2025-04-01 00:00:00-04:00,67.92845547702818,68.41103901019056,66.86677317679897,68.0828857421875,10957100,0.0,0.0
2025-04-02 00:00:00-04:00,67.24318822325016,69.45342170453736,67.17562682267109,69.26039123535156,9731700,0.0,0.0
2025-04-03 00:00:00-04:00,63.86509485589356,64.47315474275902,60.70900219204487,60.85377502441406,39469500,0.0,0.0
2025-04-04 00:00:00-04:00,58.151308851941515,58.31538546649095,54.34855238691281,56.10515594482422,51730500,0.0,0.0
2025-04-07 00:00:00-04:00,54.20377402938458,59.19368891567791,53.57641405924173,56.800071716308594,37487700,0.0,0.0
2025-04-08 00:00:00-04:00,59.10682579465293,60.47736110001183,55.56466116421879,56.722862243652344,30272300,0.0,0.0
2025-04-09 00:00:00-04:00,54.782875504886704,63.45972817056638,54.116911622164025,61.915462493896484,49437900,0.0,0.0
2025-04-10 00:00:00-04:00,59.92722081174612,60.32293914526626,57.0220696825109,59.444637298583984,25912800,0.0,0.0
2025-04-11 00:00:00-04:00,58.75936415221812,60.139553166597324,57.83280109456644,59.492889404296875,24776000,0.0,0.0
2025-04-14 00:00:00-04:00,61.143321829677625,62.18570385214592,60.515965551846485,61.017852783203125,20385900,0.0,0.0
2025-04-15 00:00:00-04:00,61.95407245974169,63.98092169922888,61.61626179861387,62.089195251464844,24738400,0.0,0.0
2025-04-16 00:00:00-04:00,60.86342984029945,61.596955110106585,59.164733928399095,59.936866760253906,21922600,0.0,0.0
2025-04-17 00:00:00-04:00,60.01408179867377,61.55834746017882,59.68592488537648,61.046810150146484,14656300,0.0,0.0
2025-04-21 00:00:00-04:00,60.56422848339402,60.94064301953827,59.79209562953145,60.506317138671875,15136000,0.0,0.0
2025-04-22 00:00:00-04:00,61.3074044786957,62.70689727824402,61.297750747475405,62.30152893066406,13252300,0.0,0.0
2025-04-23 00:00:00-04:00,64.15464667832417,66.4227874791834,63.855447287960224,63.990570068359375,17243900,0.0,0.0
2025-04-24 00:00:00-04:00,63.951970626834985,65.95951248919516,63.488687204050215,65.7857894897461,13672300,0.0,0.0
2025-04-25 00:00:00-04:00,65.49622661985377,66.31661701459056,65.39971140229163,66.04637145996094,12253400,0.0,0.0
2025-04-28 00:00:00-04:00,66.26835653953123,66.98257791528441,65.40935130628256,65.9015884399414,14304800,0.0,0.0
2025-04-29 00:00:00-04:00,65.66030718760197,66.7026892728976,65.60239952629873,66.48069763183594,8862800,0.0,0.0
2025-04-30 00:00:00-04:00,65.1584174461064,66.26836081917384,64.3959347352799,65.99810791015625,15756500,0.0,0.0
2025-05-01 00:00:00-04:00,65.83404088836232,66.50000848182839,65.52518773961457,65.7664794921875,9682300,0.0,0.0
2025-05-02 00:00:00-04:00,67.15632067879157,68.36277941175216,66.94398276360816,68.13113403320312,13291200,0.0,0.0
2025-05-05 00:00:00-04:00,67.40147286273263,69.01646555550296,67.36255657130789,68.33544158935547,10318500,0.56,0.0
2025-05-06 00:00:00-04:00,67.56686474122321,68.36463019698446,67.29445811084483,67.5863265991211,7744300,0.0,0.0
2025-05-07 00:00:00-04:00,67.85872658291746,68.77324082891977,67.76143957052903,68.34516906738281,11619200,0.0,0.0
2025-05-08 00:00:00-04:00,69.07484101700554,70.28121644378452,69.02619379375855,69.6974868774414,12698400,0.0,0.0
2025-05-09 00:00:00-04:00,70.08662493526646,70.30066078819212,69.35696130348657,69.51261901855469,8941900,0.0,0.0
2025-05-12 00:00:00-04:00,72.57722291521641,73.59875518207726,72.27563092629651,72.87882232666016,18464100,0.0,0.0
2025-05-13 00:00:00-04:00,73.09284802083175,74.20193633678565,72.9955610044807,73.52091979980469,12397800,0.0,0.0
2025-05-14 00:00:00-04:00,73.57928960402394,73.80305641910141,72.9371893661261,73.2485122680664,11372000,0.0,0.0
2025-05-15 00:00:00-04:00,72.56748970597548,74.1046498110798,72.45074825459069,73.90034484863281,12627700,0.0,0.0
2025-05-16 00:00:00-04:00,73.33607768721835,73.83225117681806,73.08313290018859,73.66686248779297,14008700,0.0,0.0
2025-05-19 00:00:00-04:00,72.96636993234762,74.25057774625601,72.76206498723981,74.06572723388672,12691700,0.0,0.0
2025-05-20 00:00:00-04:00,73.79331750811386,73.98789893985453,73.37497670802473,73.84196472167969,8930900,0.0,0.0
2025-05-21 00:00:00-04:00,72.94692790698515,73.3749923027478,71.21518619779015,71.4292221069336,17143800,0.0,0.0
2025-05-22 00:00:00-04:00,71.23464805636188,71.90594114912552,70.94277955798005,71.4292221069336,12067800,0.0,0.0
2025-05-23 00:00:00-04:00,69.70720507797148,71.40975366539043,69.70720507797148,71.108154296875,9851900,0.0,0.0
2025-05-27 00:00:00-04:00,72.14916032417152,73.5014699771103,71.49732168642285,73.42363739013672,12148500,0.0,0.0
2025-05-28 00:00:00-04:00,73.52091847826345,73.696038073557,72.76206937283256,72.99555969238281,9993200,0.0,0.0
2025-05-29 00:00:00-04:00,73.55009627437468,73.6668451334017,72.65504395606888,73.48199462890625,11879200,0.0,0.0
2025-05-30 00:00:00-04:00,73.26796377426693,73.47226872463956,72.4604749006579,73.27769470214844,12512200,0.0,0.0
2025-06-02 00:00:00-04:00,73.12203653669059,73.84196932268256,72.28535488437974,73.74468231201172,9073400,0.0,0.0
2025-06-03 00:00:00-04:00,73.57928941118584,74.659192348138,73.39444630967427,74.45488739013672,9802600,0.0,0.0
2025-06-04 00:00:00-04:00,74.42570193174468,75.47641950512788,74.27976769835422,74.32841491699219,10119600,0.0,0.0
2025-06-05 00:00:00-04:00,74.53272424293533,75.1748245159527,73.60848641483385,74.59109497070312,14760500,0.0,0.0
2025-06-06 00:00:00-04:00,75.60289548903937,76.28391946984512,75.3791360866855,76.13798522949219,11515200,0.0,0.0
2025-06-09 00:00:00-04:00,76.46875586599798,76.77035524892003,75.99204431705579,76.0504150390625,9288000,0.0,0.0
2025-06-10 00:00:00-04:00,75.71964105760361,76.19635262757323,75.41804166137821,75.91421508789062,10942400,0.0,0.0
2025-06-11 00:00:00-04:00,76.07960300068545,76.78008137880302,75.74882566797628,76.25472259521484,9030500,0.0,0.0
2025-06-12 00:00:00-04:00,75.69045432818352,76.13798052777918,75.24292070606452,76.10879516601562,6739700,0.0,0.0
2025-06-13 00:00:00-04:00,74.95105945619679,75.1359099768799,74.04627613144137,74.28949737548828,11987200,0.0,0.0
2025-06-16 00:00:00-04:00,75.03861834243192,76.17689944818115,74.86349874328,75.95313262939453,10396600,0.0,0.0
2025-06-17 00:00:00-04:00,75.3985858104703,75.87529737148158,75.01916126277432,75.26238250732422,8078600,0.0,0.0
2025-06-18 00:00:00-04:00,75.30129482026972,76.82872385847412,75.16509152431695,76.22553253173828,14866100,0.0,0.0
2025-06-20 00:00:00-04:00,76.74116340284662,77.12058794557154,76.20608112536125,76.32282257080078,17336500,0.0,0.0
2025-06-23 00:00:00-04:00,76.24499871705184,77.29570885657131,75.40831703866849,77.2081527709961,12007200,0.0,0.0
2025-06-24 00:00:00-04:00,77.83079969858532,79.24147997411279,77.714050826929,78.93988800048828,18393000,0.0,0.0
2025-06-25 00:00:00-04:00,78.9398915882521,80.4673208048565,78.88152086103275,80.38948822021484,13221900,0.0,0.0
2025-06-26 00:00:00-04:00,80.42840451526352,82.4909234731945,80.42840451526352,82.08231353759766,18600500,0.0,0.0
2025-06-27 00:00:00-04:00,82.19904369037684,82.27687626431982,81.53748165690705,82.09202575683594,21872400,0.0,0.0
2025-06-30 00:00:00-04:00,82.59793768494983,83.12329647374735,82.31580014527022,82.81197357177734,18035200,0.0,0.0
2025-07-01 00:00:00-04:00,82.6952254421171,84.1350985157255,82.47145862501044,83.9307861328125,17088900,0.0,0.0
2025-07-02 00:00:00-04:00,84.14481812485032,84.57288988252263,83.1427478035021,84.40750122070312,13420200,0.0,0.0
2025-07-03 00:00:00-04:00,84.76747050547918,86.39219415654298,84.4950638830322,86.31436157226562,13229900,0.0,0.0
2025-07-07 00:00:00-04:00,85.74034399852762,86.42136788548557,84.77719002096279,85.22471618652344,12407300,0.0,0.0
2025-07-08 00:00:00-04:00,85.23445745571432,85.40957705674886,83.16221502890863,83.24977111816406,18075600,0.0,0.0
2025-07-09 00:00:00-04:00,84.2907492238673,84.2907492238673,83.26921708463014,83.46379852294922,9929400,0.0,0.0
2025-07-10 00:00:00-04:00,83.5027275823038,84.71883392333984,83.43462592410675,84.71883392333984,9586100,0.0,0.0
2025-07-11 00:00:00-04:00,83.590284452389,84.60208582823094,83.29842338134414,84.37832641601562,10256000,0.0,0.0
2025-07-14 00:00:00-04:00,84.13510192662478,85.15662676998548,83.88214973671096,85.12744140625,13450800,0.0,0.0
2025-07-15 00:00:00-04:00,86.24626010415624,89.3108494583948,85.73063222161436,88.2601318359375,39270900,0.0,0.0
2025-07-16 00:00:00-04:00,88.99952014774725,89.13572344947946,85.83764400142051,87.5791015625,23321000,0.0,0.0
2025-07-17 00:00:00-04:00,87.68611835636916,90.6728748724875,87.44289711752394,90.56585693359375,23949200,0.0,0.0
2025-07-18 00:00:00-04:00,90.62423850420592,91.25661523361458,90.22535209460908,90.91609954833984,16603700,0.0,0.0
2025-07-21 00:00:00-04:00,91.05230903138765,91.52902805410855,90.02105324493434,90.13780212402344,11894500,0.0,0.0
2025-07-22 00:00:00-04:00,91.03284629999952,91.91817518506333,90.20589556042205,91.45118713378906,15282600,0.0,0.0
2025-07-23 00:00:00-04:00,91.93762582361339,93.38722229003906,91.91817139093648,93.38722229003906,22339800,0.0,0.0
2025-07-24 00:00:00-04:00,93.67909527780704,94.28228663534492,92.7159412293794,92.80349731445312,15644400,0.0,0.0
2025-07-25 00:00:00-04:00,92.8034953064409,93.58180623980904,91.869526639913,93.46505737304688,13543400,0.0,0.0
2025-07-28 00:00:00-04:00,93.46505675867189,93.59152912994053,92.49217180961836,92.95915985107422,19370700,0.0,0.0
2025-07-29 00:00:00-04:00,93.39695662429344,93.50397456422729,91.80142587576361,91.91817474365234,13169900,0.0,0.0
2025-07-30 00:00:00-04:00,92.32678335150136,93.38722438547663,92.01546046402464,93.21210479736328,13998000,0.0,0.0
2025-07-31 00:00:00-04:00,92.88131976442264,93.54288177319363,91.01338259466546,91.15930938720703,14638800,0.0,0.0
2025-08-01 00:00:00-04:00,89.35948891963963,89.53460852272181,85.55551229508193,89.34003448486328,17725600,0.0,0.0
2025-08-04 00:00:00-04:00,89.84925897601397,90.89709199709863,89.63381541575245,90.17242431640625,11611400,0.6,0.0
2025-08-05 00:00:00-04:00,90.41724046321596,90.79916040142709,87.82213789155445,89.62401580810547,19836100,0.0,0.0
2025-08-06 00:00:00-04:00,89.97655787549017,90.71102043996427,89.71215463966891,90.3193130493164,13153600,0.0,0.0
2025-08-07 00:00:00-04:00,91.30838888525211,91.31818381195245,89.21272285177885,89.34003448486328,12964000,0.0,0.0
2025-08-08 00:00:00-04:00,90.06469486079564,91.3573486408624,89.44774154147191,90.80895233154297,10772600,0.0,0.0
2025-08-11 00:00:00-04:00,91.1027446312711,91.2398437263053,88.91894656655448,90.39765930175781,12133300,0.0,0.0
2025-08-12 00:00:00-04:00,91.28880831397277,93.77618928005877,91.08315967722638,93.75659942626953,21046400,0.0,0.0
2025-08-13 00:00:00-04:00,94.01120960763632,94.20706330578304,92.62062892531156,92.68917846679688,16605000,0.0,0.0
2025-08-14 00:00:00-04:00,92.50311551852207,93.51177629545084,92.27788450476474,93.4823989868164,13288800,0.0,0.0
2025-08-15 00:00:00-04:00,93.48239764039353,93.5215698751219,91.65113489137634,91.74906921386719,12000400,0.0,0.0
2025-08-18 00:00:00-04:00,91.4161099899545,92.40518838186611,91.3965276080384,92.2680892944336,8780700,0.0,0.0
2025-08-19 00:00:00-04:00,92.02326551585088,92.39539053119962,91.49445156477233,91.79802703857422,11504400,0.0,0.0
2025-08-20 00:00:00-04:00,91.5923726288753,91.8078161662263,88.80141651168985,91.23983001708984,13447400,0.0,0.0
2025-08-21 00:00:00-04:00,90.92646790377532,90.93626283036525,89.56526449003093,90.6718521118164,17635200,0.0,0.0
2025-08-22 00:00:00-04:00,91.0341898458267,93.63908744427673,90.91667314055606,93.28654479980469,20124400,0.0,0.0
2025-08-25 00:00:00-04:00,93.25716750006816,93.4726035860747,92.91441231083162,93.03192901611328,8647000,0.0,0.0
2025-08-26 00:00:00-04:00,92.71855152052909,93.75658952149365,92.08201582374654,93.73700714111328,11031100,0.0,0.0
2025-08-27 00:00:00-04:00,93.17882098194785,95.43116841529393,93.12005889492858,94.86318969726562,11315600,0.0,0.0
2025-08-28 00:00:00-04:00,95.35283313438654,95.47034236786062,94.54002606993802,94.81422424316406,10878900,0.0,0.0
2025-08-29 00:00:00-04:00,94.64774907294056,94.98070186721209,94.06018048394725,94.56940460205078,8362600,0.0,0.0
2025-09-02 00:00:00-04:00,93.05150082707459,93.05150082707459,91.03417951262215,92.81647491455078,15128800,0.0,0.0
2025-09-03 00:00:00-04:00,92.92420310399835,93.26695080664895,91.46507290052037,93.0613021850586,14158800,0.0,0.0
2025-09-04 00:00:00-04:00,93.32570917511951,95.13738193526069,93.32570917511951,95.06883239746094,12900100,0.0,0.0
2025-09-05 00:00:00-04:00,95.35283466090759,95.95019817843041,92.19954067564677,93.42364501953125,17020800,0.0,0.0
2025-09-08 00:00:00-04:00,93.87410857731193,93.9818303504599,92.67938161791766,93.88390350341797,11398800,0.0,0.0
2025-09-09 00:00:00-04:00,93.52156272014653,96.10687024370836,93.4725955626474,95.32344055175781,18101600,0.0,0.0
2025-09-10 00:00:00-04:00,95.48013248152952,96.34189919270624,94.51064399753828,95.15696716308594,12238300,0.0,0.0
2025-09-11 00:00:00-04:00,95.33323363692465,96.9882249067641,94.88276418771905,96.77278137207031,13426500,0.0,0.0
2025-09-12 00:00:00-04:00,96.73362079510257,97.63455980205461,96.40066799870985,97.37995147705078,9502900,0.0,0.0
2025-09-15 00:00:00-04:00,97.73248932324982,98.09481941076925,97.34077445689888,97.72269439697266,10620100,0.0,0.0
2025-09-16 00:00:00-04:00,97.79124434518937,98.76073285315425,97.15470861863761,98.55508422851562,12350700,0.0,0.0
2025-09-17 00:00:00-04:00,98.40818428642213,100.09255288725826,98.32984729462032,99.6518783569336,14371600,0.0,0.0
2025-09-18 00:00:00-04:00,99.8575269257159,100.57239960538386,99.58332877618084,100.28841400146484,11677600,0.0,0.0
2025-09-19 00:00:00-04:00,100.41572684110145,100.99350049600595,99.75960871630959,100.55282592773438,24745700,0.0,0.0
2025-09-22 00:00:00-04:00,99.65187518762117,101.65940156022339,99.59311310646464,101.34603118896484,11474500,0.0,0.0
2025-09-23 00:00:00-04:00,101.3852070448355,103.40252841499327,100.2884144418787,100.8661880493164,15747900,0.0,0.0
2025-09-24 00:00:00-04:00,101.24811771667474,101.91403077743742,99.51478925615393,99.5441665649414,12272400,0.0,0.0
2025-09-25 00:00:00-04:00,98.93700103759014,100.14152291100933,98.07523433238919,99.99462890625,11232900,0.0,0.0
2025-09-26 00:00:00-04:00,100.38634468838599,102.1588452738475,100.38634468838599,101.2774887084961,11296300,0.0,0.0
2025-09-29 00:00:00-04:00,101.9923767445012,102.22740268958844,100.7486825310952,101.02288818359375,10748700,0.0,0.0
2025-09-30 00:00:00-04:00,100.96411447914369,101.47334601814869,97.08615321028529,99.39726257324219,17789100,0.0,0.0
2025-10-01 00:00:00-04:00,98.84887498643135,99.04472869017914,96.5769376547936,96.66506958007812,13793300,0.0,0.0
2025-10-02 00:00:00-04:00,97.02739901104935,97.38972907972159,94.69669978673308,95.32344055175781,14511900,0.0,0.0
2025-10-03 00:00:00-04:00,95.32344170446366,96.53775848880515,95.28427694359787,95.71515655517578,13863600,0.0,0.0
2025-10-06 00:00:00-04:00,97.1449154146836,97.98709978080578,95.02966704422631,96.01874542236328,10398000,0.0,0.0
2025-10-07 00:00:00-04:00,96.41044637576724,96.81195615032259,94.67711806970995,95.77391815185547,8519400,0.0,0.0
2025-10-08 00:00:00-04:00,96.15584643069353,96.15584643069353,94.58898689965696,94.69670867919922,8496000,0.0,0.0
2025-10-09 00:00:00-04:00,95.01007928378641,95.28428493221178,93.4823994564021,93.93286895751953,11300600,0.0,0.0
2025-10-10 00:00:00-04:00,94.2070628070927,95.87184911788576,91.71968947416995,91.98409271240234,18619500,0.0,0.0
2025-10-13 00:00:00-04:00,93.59011945326809,94.95132285739672,93.4334379856355,94.10913848876953,18463600,0.0,0.0
2025-10-14 00:00:00-04:00,93.39426164803142,99.12306811125899,93.0710963291025,97.77165222167969,33164600,0.0,0.0
2025-10-15 00:00:00-04:00,99.09369919724898,100.03381045538885,96.79237700814912,97.71290588378906,15730100,0.0,0.0
2025-10-16 00:00:00-04:00,98.13398985448283,98.61383663455658,93.26695009971628,94.26582336425781,20534000,0.0,0.0
2025-10-17 00:00:00-04:00,94.21686708410338,95.97958041839566,93.30613310660911,95.05905151367188,14007800,0.0,0.0
2025-10-20 00:00:00-04:00,95.4507607196721,97.53663181460723,95.10801300050528,97.24285125732422,11302700,0.0,0.0
2025-10-21 00:00:00-04:00,96.88051265870568,97.34077707871452,95.94040143694586,96.214599609375,9150100,0.0,0.0
2025-10-22 00:00:00-04:00,96.15583767006677,96.43983074740943,93.03192129063682,94.30499267578125,14369200,0.0,0.0
2025-10-23 00:00:00-04:00,94.81422432617063,95.5095146864139,94.30500021421074,94.68692016601562,8189100,0.0,0.0
2025-10-24 00:00:00-04:00,95.37241626830617,97.44849990835253,95.33324403305927,96.7336196899414,11870700,0.0,0.0
2025-10-27 00:00:00-04:00,97.24285080685317,99.13286818817758,97.04698963156521,98.89783477783203,13214200,0.0,0.0
2025-10-28 00:00:00-04:00,98.90763842433701,99.42665750976309,98.05565904723684,99.28955841064453,8766400,0.0,0.0
2025-10-29 00:00:00-04:00,99.19161729905039,99.82815300855788,96.97843470485768,97.06657409667969,11878800,0.0,0.0
2025-10-30 00:00:00-04:00,96.58672658618134,99.35810061747281,96.2733561725917,98.14379119873047,9584000,0.0,0.0
2025-10-31 00:00:00-04:00,97.83041713760872,99.40706407351188,97.65414581957793,99.13286590576172,11190300,0.0,0.0
2025-11-03 00:00:00-05:00,99.22151601389884,100.12782669644876,97.57636363050977,100.09827423095703,10829100,0.6,0.0
2025-11-04 00:00:00-05:00,98.66000396322467,101.02429908501529,97.2217262471414,99.50720977783203,13449100,0.0,0.0
2025-11-05 00:00:00-05:00,99.74363726967766,100.7583120808421,97.53696532490058,100.17709350585938,9992400,0.0,0.0
2025-11-06 00:00:00-05:00,99.96036504334184,100.81741666898273,98.48268153332705,99.3495864868164,9282500,0.0,0.0
2025-11-07 00:00:00-05:00,98.52208734459413,99.32988736289595,95.92136496782304,99.29048156738281,14887100,0.0,0.0
2025-11-10 00:00:00-05:00,99.75349046231081,101.36909050203228,98.81761972781347,99.98006439208984,11270600,0.0,0.0
2025-11-11 00:00:00-05:00,100.12783021335015,100.57113224306964,98.81761574736254,99.26092529296875,9639500,0.0,0.0
2025-11-12 00:00:00-05:00,99.70423187004675,102.3148075936142,99.67467940216918,101.33953857421875,15069200,0.0,0.0
2025-11-13 00:00:00-05:00,100.92578066063226,102.0291203864299,98.97524263760477,99.1722640991211,11427000,0.0,0.0
2025-11-14 00:00:00-05:00,98.34476109147839,100.03917265137562,96.68975532551909,98.80776977539062,10134500,0.0,0.0
2025-11-17 00:00:00-05:00,98.5910447285772,98.78806618849893,95.77359425955218,96.72916412353516,11389600,0.0,0.0
2025-11-18 00:00:00-05:00,96.04942353142108,98.08862637652965,94.94608385795634,96.85722351074219,10463700,0.0,0.0
2025-11-19 00:00:00-05:00,96.70945802237786,99.0934522741765,96.63064643160263,98.34476470947266,8426800,0.0,0.0
2025-11-20 00:00:00-05:00,99.5663134498032,101.32968331988303,96.01002124232781,96.177490234375,12633700,0.0,0.0
2025-11-21 00:00:00-05:00,96.67005556136755,97.85220691611036,94.40427861757979,97.23157501220703,14404700,0.0,0.0
2025-11-24 00:00:00-05:00,97.25127827545042,99.12301221824012,97.13306088933454,98.20684814453125,17389200,0.0,0.0
2025-11-25 00:00:00-05:00,98.86687874829256,100.23619820107064,98.04922540141445,99.66482543945312,10881900,0.0,0.0
2025-11-26 00:00:00-05:00,100.20664242300681,101.76313747424723,99.95050851834893,100.97503662109375,11384100,0.0,0.0
2025-11-28 00:00:00-05:00,101.27058427417327,102.81722611935952,100.98489788036342,102.05867767333984,5865200,0.0,0.0
2025-12-01 00:00:00-05:00,101.56611623543968,102.79751921481186,100.88638690162962,101.1523666381836,9663700,0.0,0.0
2025-12-02 00:00:00-05:00,102.05866612169221,102.6497379831377,101.47744758743865,101.65476989746094,8056900,0.0,0.0
2025-12-03 00:00:00-05:00,101.56611003782591,105.39823527452297,101.56611003782591,105.13225555419922,14003600,0.0,0.0
2025-12-04 00:00:00-05:00,105.07315476837461,107.09265110151561,105.043594784161,106.18634033203125,12811300,0.0,0.0
2025-12-05 00:00:00-05:00,106.06811945983857,107.74283193025312,105.91050379531083,107.26011657714844,14936300,0.0,0.0
2025-12-08 00:00:00-05:00,107.57535544981214,108.60973690286082,106.13707774964894,107.29952239990234,11394800,0.0,0.0
2025-12-09 00:00:00-05:00,107.18131653249816,108.21569050828248,105.41794659371857,107.80194091796875,15822700,0.0,0.0
2025-12-10 00:00:00-05:00,107.73298310743753,110.2450481601597,107.63447237350255,109.43724060058594,16584300,0.0,0.0
2025-12-11 00:00:00-05:00,109.6145593523324,110.66863995441531,109.45694368635537,110.07756805419922,10829700,0.0,0.0
2025-12-12 00:00:00-05:00,111.61436411282169,111.74242731128456,109.53575537444001,110.13668060302734,11227900,0.0,0.0
2025-12-15 00:00:00-05:00,110.77700445097233,111.83108505722294,110.5504305210057,111.1218032836914,10692100,0.0,0.0
2025-12-16 00:00:00-05:00,111.12180269882053,111.69316794261194,108.90527743899742,109.6244125366211,12418200,0.0,0.0
2025-12-17 00:00:00-05:00,110.2253454892461,111.32868529051818,109.30918135033924,109.80174255371094,9949700,0.0,0.0
2025-12-18 00:00:00-05:00,110.55041913080046,112.15616567853947,110.45190840983918,111.1513442993164,21155800,0.0,0.0
2025-12-19 00:00:00-05:00,111.51584685810818,113.88999532592263,111.36808451852393,113.15115356445312,37660800,0.0,0.0
2025-12-22 00:00:00-05:00,113.49593470261641,116.8847576829935,113.16099674175356,116.33308410644531,20178100,0.0,0.0
2025-12-23 00:00:00-05:00,116.40205427638931,118.48065540943007,116.31338936135617,117.62360382080078,16135000,0.0,0.0
2025-12-24 00:00:00-05:00,117.928990084914,121.01242019006061,117.47583472707655,119.75146484375,13529600,0.0,0.0
2025-12-26 00:00:00-05:00,119.84013704182523,120.22433416237976,117.8895914547977,118.62843322753906,10603700,0.0,0.0
2025-12-29 00:00:00-05:00,118.5693236505617,118.7761984369267,116.22473522253793,116.37249755859375,11000600,0.0,0.0
2025-12-30 00:00:00-05:00,116.53012043559751,116.64833782002202,114.79630304347232,115.4661865234375,8636100,0.0,0.0
2025-12-31 00:00:00-05:00,115.65336203269618,115.87009014594075,114.638687244221,114.95392608642578,6203300,0.0,0.0
2026-01-02 00:00:00-05:00,115.46619078576836,116.95372765216872,114.85541221752567,116.93402099609375,9245400,0.0,0.0
2026-01-05 00:00:00-05:00,117.5349403738399,122.25367713955525,117.52509456218066,121.46558380126953,19993400,0.0,0.0
2026-01-06 00:00:00-05:00,121.83992722785166,122.3226350538233,120.39179623405002,120.67748260498047,11940100,0.0,0.0
2026-01-07 00:00:00-05:00,120.4903104214575,120.75629766087636,118.9042628604062,119.56430053710938,11595800,0.0,0.0
2026-01-08 00:00:00-05:00,119.08158102755108,120.59867027284957,118.37229928424505,118.80574798583984,14801500,0.0,0.0
2026-01-09 00:00:00-05:00,119.14069376708349,119.9287871001974,118.36244624556421,119.5150375366211,7565700,0.0,0.0
2026-01-12 00:00:00-05:00,115.16079736248376,116.97341877094992,114.93421592848219,115.94889068603516,19926900,0.0,0.0
2026-01-13 00:00:00-05:00,115.96859688098526,116.47101135203226,113.82102999371195,114.5697250366211,18332300,0.0,0.0
2026-01-14 00:00:00-05:00,116.15577492710294,116.9832740580776,108.82646255155942,110.73760223388672,27984600,0.0,0.0
2026-01-15 00:00:00-05:00,112.15617870265514,116.205032186192,111.07254561447186,115.71247100830078,18719700,0.0,0.0
2026-01-16 00:00:00-05:00,116.04740911888021,117.57434416346041,115.25930827814507,116.2838363647461,17153800,0.0,0.0
2026-01-20 00:00:00-05:00,112.75710246461792,114.78645208587551,110.71789951548313,111.1218032836914,20451300,0.0,0.0
2026-01-21 00:00:00-05:00,111.45673401118653,113.87028058765426,111.45673401118653,112.16602325439453,14199900,0.0,0.0
2026-01-22 00:00:00-05:00,112.86546748954734,114.90467045613433,112.35320717385375,113.93925476074219,11271500,0.0,0.0
2026-01-23 00:00:00-05:00,113.25952099396712,113.90969785514419,111.51585017612162,111.9000473022461,12164400,0.0,0.0
2026-01-26 00:00:00-05:00,112.20543698499175,113.76193209926352,112.16603118914963,113.11174774169922,11728700,0.0,0.0
2026-01-27 00:00:00-05:00,113.19055552323152,114.24463609989334,112.0084042354221,113.08219146728516,11976800,0.0,0.0
2026-01-28 00:00:00-05:00,112.8950117186573,113.98849805008736,111.45673409260662,112.50096130371094,11378300,0.0,0.0
2026-01-29 00:00:00-05:00,113.13145457236331,114.62884485260817,111.71288340504788,113.48609924316406,14443200,0.0,0.0
2026-01-30 00:00:00-05:00,112.71769381044244,114.91451988635231,112.48126655859446,113.9885025024414,12396600,0.0,0.0
2026-02-02 00:00:00-05:00,113.83996436694693,115.84028809893532,113.48347117817796,115.09759521484375,11773700,0.6,0.0
2026-02-03 00:00:00-05:00,115.8600896977247,117.76138166416462,114.25587035131825,116.56317138671875,15332100,0.0,0.0
2026-02-04 00:00:00-05:00,116.63249244153653,118.77145163160019,115.79077532797113,116.28590393066406,12408300,0.0,0.0
2026-02-05 00:00:00-05:00,115.2758437856679,115.2758437856679,111.81984073279578,114.61236572265625,18704600,0.0,0.0
2026-02-06 00:00:00-05:00,116.21658668516605,121.77193023361565,116.21658668516605,121.49465942382812,15248800,0.0,0.0
2026-02-09 00:00:00-05:00,120.9995244940137,123.9405894606344,120.50439591525769,122.56412506103516,12887500,0.0,0.0
2026-02-10 00:00:00-05:00,122.5146186201312,123.78214659242764,118.33573214236081,120.95991516113281,12121300,0.0,0.0
2026-02-11 00:00:00-05:00,122.38587570045195,123.02954434927875,116.21657797962028,116.24628448486328,13771400,0.0,0.0
2026-02-12 00:00:00-05:00,116.8899565202116,118.01884908252558,109.85913216832519,110.06708526611328,19353300,0.0,0.0
2026-02-13 00:00:00-05:00,108.70052301452618,110.34435349458037,107.33397088013093,109.7799072265625,16665200,0.0,0.0
2026-02-17 00:00:00-05:00,111.20587905730389,113.39434641461419,110.89889420863321,112.67145538330078,12314600,0.0,0.0
2026-02-18 00:00:00-05:00,113.91918729697991,115.89970166398916,113.84986959633709,115.13719940185547,11678900,0.0,0.0
2026-02-19 00:00:00-05:00,113.86966808016042,114.78071040414491,113.06756220263809,114.4242172241211,8085300,0.0,0.0
2026-02-20 00:00:00-05:00,114.13703910850997,114.99855797779887,112.73086823973051,114.86982727050781,12986800,0.0,0.0
2026-02-23 00:00:00-05:00,114.21625917717503,115.77097019803989,107.7993969005768,109.67098236083984,17996400,0.0,0.0
2026-02-24 00:00:00-05:00,108.38364008079613,110.31464602133012,106.45264169532447,108.49256896972656,14981000,0.0,0.0
2026-02-25 00:00:00-05:00,110.23543210979388,113.39435502143368,109.75020819321475,113.22600555419922,13649100,0.0,0.0
2026-02-26 00:00:00-05:00,113.58249477038186,115.86008929129564,113.34483516417623,115.0579833984375,14759400,0.0,0.0
2026-02-27 00:00:00-05:00,112.07731447427857,112.07731447427857,107.60135508373534,109.11644744873047,29106900,0.0,0.0
2026-03-02 00:00:00-05:00,105.22472905291073,110.79987420301183,105.16530848523804,110.3641586303711,18976600,0.0,0.0
2026-03-03 00:00:00-05:00,106.3833271541784,111.28509708121119,105.70995198220635,109.6808853149414,15813300,0.0,0.0
2026-03-04 00:00:00-05:00,110.5820163549147,111.23558971351066,109.41351259217316,110.23542785644531,13042200,0.0,0.0
2026-03-05 00:00:00-05:00,109.49273867642076,110.51270238710045,106.8388490691381,107.88851928710938,15549100,0.0,0.0
2026-03-06 00:00:00-05:00,104.1651549553803,105.5515089603164,102.08560883785076,105.49209594726562,16586900,0.0,0.0
2026-03-09 00:00:00-04:00,103.43235634487338,106.00703098015302,101.01613403516191,105.55150604248047,18525600,0.0,0.0
2026-03-10 00:00:00-04:00,107.35378359685069,109.8294265257876,106.3239152318054,107.9083251953125,17843900,0.0,0.0
2026-03-11 00:00:00-04:00,107.28445791957773,108.47277105382639,106.43284370603406,108.12618255615234,12958400,0.0,0.0
2026-03-12 00:00:00-04:00,105.3237592708187,105.95752329170986,103.62051563152505,104.47213745117188,17487000,0.0,0.0
2026-03-13 00:00:00-04:00,105.08609684817029,106.84875345643957,104.36320576749998,104.66028594970703,11406900,0.0,0.0
2026-03-16 00:00:00-04:00,106.26449647187124,107.63105622713283,105.57131946200143,106.30410766601562,11902600,0.0,0.0
2026-03-17 00:00:00-04:00,107.44290282491599,108.67081959892606,106.37342326929627,106.66059875488281,12758400,0.0,0.0
2026-03-18 00:00:00-04:00,106.06645296326897,108.4826830324215,106.06645296326897,107.61125183105469,12337200,0.0,0.0
2026-03-19 00:00:00-04:00,106.28430230190604,109.50263805694419,105.78917372420786,108.77974700927734,16714500,0.0,0.0
2026-03-20 00:00:00-04:00,108.53218717161067,110.12650186159074,107.79939896198135,108.45296478271484,29718400,0.0,0.0
2026-03-23 00:00:00-04:00,112.02779589163298,112.28526488267138,109.88884423818543,110.55231475830078,16883200,0.0,0.0
2026-03-24 00:00:00-04:00,109.0966333138354,113.68152895998823,108.42325811931742,112.63185119628906,14105700,0.0,0.0
2026-03-25 00:00:00-04:00,113.86967264099727,114.99856523793422,112.48331105816123,113.3646469116211,11314900,0.0,0.0
2026-03-26 00:00:00-04:00,112.94873772850907,113.67162883378782,110.48299933047889,111.3148193359375,12689900,0.0,0.0
2026-03-27 00:00:00-04:00,109.98786805215806,110.77017215494772,105.91791031318544,106.33381652832031,23143000,0.0,0.0
2026-03-30 00:00:00-04:00,107.40329249123842,108.35393847437764,105.48219115058848,106.22488403320312,20319300,0.0,0.0
2026-03-31 00:00:00-04:00,108.03706278067739,112.66156225290855,107.29436985474919,112.3050765991211,18267700,0.0,0.0
2026-04-01 00:00:00-04:00,114.34499290117374,115.65213202075977,112.95863139735526,114.17665100097656,13273700,0.0,0.0
2026-04-02 00:00:00-04:00,111.22568248657191,114.48362940791469,110.66123621479291,114.12713623046875,9833900,0.0,0.0
2026-04-06 00:00:00-04:00,114.67178446873666,116.55326706673098,114.67178446873666,116.21658325195312,13319700,0.0,0.0
2026-04-07 00:00:00-04:00,115.34516180205625,116.55326923793731,114.62227072294523,115.98882293701172,8450100,0.0,0.0
2026-04-08 00:00:00-04:00,120.76186063416198,123.27711478953306,120.54401039981312,122.28685760498047,16312000,0.0,0.0
2026-04-09 00:00:00-04:00,121.61348335580642,124.2574758008139,121.13816413438816,123.70292663574219,8835400,0.0,0.0
2026-04-10 00:00:00-04:00,124.01981006862555,124.24757254969073,122.40569354651278,123.17809295654297,8958000,0.0,0.0
2026-04-13 00:00:00-04:00,121.81153734620734,125.07938149426563,121.15796398355808,125.04967498779297,14416800,0.0,0.0
2026-04-14 00:00:00-04:00,126.82223732167037,129.7137863150528,125.61411486463071,128.31752014160156,17034700,0.0,0.0
2026-04-15 00:00:00-04:00,129.9712515972542,131.56556622125217,129.29788398469606,130.40696716308594,14738900,0.0,0.0
2026-04-16 00:00:00-04:00,129.96136227565145,131.476454605085,127.96103847144884,128.07986450195312,9290300,0.0,0.0
2026-04-17 00:00:00-04:00,129.80292274133012,132.26866874483747,129.38701650762886,130.89219665527344,15929400,0.0,0.0
2026-04-20 00:00:00-04:00,130.69414069038507,132.13992284713694,130.36735400200706,131.75372314453125,10151800,0.0,0.0
2026-04-21 00:00:00-04:00,132.2983713789721,133.97189339766388,129.98115798746397,130.39706420898438,8081400,0.0,0.0
2026-04-22 00:00:00-04:00,131.11996165035052,131.17937466571456,128.1392777584969,128.466064453125,10439100,0.0,0.0
2026-04-23 00:00:00-04:00,128.22840509585623,128.7235336758864,125.6042145556213,127.25794219970703,9084600,0.0,0.0
2026-04-24 00:00:00-04:00,127.03018876835486,127.80258815341908,126.25778938329063,126.73311614990234,6835000,0.0,0.0
2026-04-27 00:00:00-04:00,126.61428505356734,128.13927447934725,126.39642726272369,127.8818130493164,6155900,0.0,0.0
2026-04-28 00:00:00-04:00,129.18895997600626,130.0306695235168,126.76281776639343,127.27775573730469,9585300,0.0,0.0
2026-04-29 00:00:00-04:00,127.30746342647573,127.66395662347468,125.34675839804437,126.3667221069336,12796000,0.0,0.0
2026-04-30 00:00:00-04:00,126.4558377955923,127.66395275379539,125.31704809226372,126.73311614990234,12127700,0.0,0.0
2026-05-01 00:00:00-04:00,127.38668513016005,129.20875474495813,125.62402852952106,126.19837951660156,10616500,0.0,0.0
2026-05-04 00:00:00-04:00,126.21827290007542,126.40731420455053,123.96970309861653,124.99449157714844,15027900,0.6,0.0
2026-05-05 00:00:00-04:00,125.67105221602995,127.92957356009627,125.41237290420982,127.3624496459961,13566900,0.0,0.0
2026-05-06 00:00:00-04:00,129.82991661222715,130.9143991603054,126.82518915145074,126.95452880859375,13363800,0.0,0.0
2026-05-07 00:00:00-04:00,126.9744388099562,130.5661706936728,126.41726640010542,128.43699645996094,18802300,0.0,0.0
2026-05-08 00:00:00-04:00,129.5314294411837,131.28252092289478,124.5865692340273,124.91490173339844,17505500,0.0,0.0
2026-05-11 00:00:00-04:00,125.23328961653753,127.44205337518261,124.05925834029135,125.21338653564453,11377100,0.0,0.0
2026-05-12 00:00:00-04:00,125.43226870987591,125.91978789655303,122.62653411529195,125.80039978027344,9937100,0.0,0.0
2026-05-13 00:00:00-04:00,124.36768548696716,125.21338423011832,123.13396017236076,123.47223663330078,7207100,0.0,0.0
2026-05-14 00:00:00-04:00,124.4472779048383,125.71085020148226,122.85537310917633,124.18859100341797,8226300,0.0,0.0
2026-05-15 00:00:00-04:00,123.85032032887487,123.87021581877275,122.10917271696441,122.7956771850586,7762100,0.0,0.0
2026-05-18 00:00:00-04:00,122.68622797703118,123.82046062467701,121.19381579951816,121.79078674316406,8770600,0.0,0.0
2026-05-19 00:00:00-04:00,120.83563777812272,120.83563777812272,119.15419186554536,119.36312866210938,11092200,0.0,0.0
2026-05-20 00:00:00-04:00,120.3580679539436,124.64626315774574,119.28352937032146,124.18859100341797,11182000,0.0,0.0
2026-05-21 00:00:00-04:00,123.40258797420195,124.81540302452127,122.65638187977683,124.5865707397461,6834900,0.0,0.0
2026-05-22 00:00:00-04:00,125.3526708054905,125.8501415290833,124.2482851918504,124.45722198486328,6331000,0.0,0.0
2026-05-26 00:00:00-04:00,125.61136206642927,126.78539331848417,124.62637212495642,126.21827697753906,8966900,0.0,0.0
2026-05-27 00:00:00-04:00,126.44711193477632,127.12367246024553,123.83041851535926,124.7557144165039,8246300,0.0,0.0
2026-05-28 00:00:00-04:00,123.8403643524122,124.71591010177848,122.61658302049709,124.04930114746094,7933200,0.0,0.0
2026-05-29 00:00:00-04:00,124.01945337434822,126.2083215300344,122.89516467670504,125.26313018798828,17325700,0.0,0.0
2026-06-01 00:00:00-04:00,123.45234493781942,128.44695559133143,122.97476967091895,128.43699645996094,12543700,0.0,0.0
2026-06-02 00:00:00-04:00,128.03901668752684,131.78995017727834,128.03901668752684,130.59600830078125,13589300,0.0,0.0
2026-06-03 00:00:00-04:00,130.26767704789177,131.18303654371488,127.62114432308728,129.27273559570312,11146400,0.0,0.0
2026-06-04 00:00:00-04:00,130.60597637293262,134.98371294779037,130.20799065965295,134.46633911132812,11482600,0.0,0.0
2026-06-05 00:00:00-04:00,134.72502655768483,135.14290014852037,130.52637238770654,131.79989624023438,12557900,0.0,0.0
2026-06-08 00:00:00-04:00,132.7251925675315,134.19771694646732,132.29737500151288,132.60580444335938,11550500,0.0,0.0
2026-06-09 00:00:00-04:00,134.0484619140625,135.24238865876998,131.25267877254512,134.0484619140625,11663300,0.0,0.0
2026-06-10 00:00:00-04:00,133.51119187095384,136.4263629507631,131.88943249469332,132.70529174804688,15085500,0.0,0.0
2026-06-11 00:00:00-04:00,133.72013331755554,137.53076113536315,133.13312146828144,137.37158203125,12464200,0.0,0.0
2026-06-12 00:00:00-04:00,139.0430682671208,140.40613320168055,137.51086510708737,139.12266540527344,10359700,0.0,0.0
2026-06-15 00:00:00-04:00,141.7095116941432,142.8338004562712,140.1673645020593,140.49569702148438,12775600,0.0,0.0
2026-06-16 00:00:00-04:00,142.31642804584905,142.77410782400543,140.33650414137955,142.26669311523438,13234700,0.0,0.0
2026-06-17 00:00:00-04:00,142.47562070303584,145.79872169136078,142.31642641840168,143.0526885986328,13140300,0.0,0.0
2026-06-18 00:00:00-04:00,145.74897597920074,147.21154110017517,142.31641589021902,142.33631896972656,29331200,0.0,0.0
2026-06-22 00:00:00-04:00,143.97798542716734,145.6295767135605,143.74913796050168,144.93312072753906,14979400,0.0,0.0
2026-06-23 00:00:00-04:00,143.40091664048268,145.40074349788802,142.41591913552688,144.23666381835938,13297300,0.0,0.0
2026-06-24 00:00:00-04:00,144.25657468081437,145.18186299589604,142.45571779915625,142.8636474609375,13904300,0.0,0.0
2026-06-25 00:00:00-04:00,144.1570714585737,147.04239569852118,144.08743344890993,144.24661254882812,12155900,0.0,0.0
2026-06-26 00:00:00-04:00,143.89838469993384,144.3660083892297,140.0479510203787,141.0428924560547,17927100,0.0,0.0
2026-06-29 00:00:00-04:00,141.13244890305003,143.11237264634224,140.71456013972448,141.7692108154297,9526100,0.0,0.0
2026-06-30 00:00:00-04:00,140.2867466041401,141.18218785024914,138.674946288503,139.25201416015625,22118600,0.0,0.0
2026-07-01 00:00:00-04:00,139.53060200963643,140.5653344940641,137.56060690063364,139.42115783691406,13702800,0.0,0.0
2026-07-02 00:00:00-04:00,141.1623047981329,141.39113709215457,137.5208152666115,139.261962890625,9500100,0.0,0.0
2026-07-06 00:00:00-04:00,141.15233947991257,143.16212547152946,140.8439100576628,143.1322784423828,14139700,0.0,0.0
2026-07-07 00:00:00-04:00,143.3312732921698,143.97799439071082,139.94847818854987,140.05792236328125,9737600,0.0,0.0
2026-07-08 00:00:00-04:00,139.43109635407228,139.5305965732532,136.45621590714575,136.69500732421875,9831400,0.0,0.0
2026-07-09 00:00:00-04:00,138.05806784065416,139.1326064105763,137.31186176556392,138.86398315429688,10269000,0.0,0.0
2026-07-10 00:00:00-04:00,140.67477552724736,140.72452563766586,139.04307210409488,140.0778045654297,10517800,0.0,0.0
2026-07-13 00:00:00-04:00,140.386241270526,140.75436474000549,136.87409925154216,139.9982147216797,12439900,0.0,0.0
2026-07-14 00:00:00-04:00,137.04324535718789,143.56009992666844,131.49147005930803,132.59585571289062,32127800,0.0,0.0
2026-07-15 00:00:00-04:00,133.40175668321942,134.4364891520009,131.10344427240486,134.20765686035156,18092200,0.0,0.0
2026-07-16 00:00:00-04:00,134.03851529053154,134.31709768601883,130.54627621607176,131.0437469482422,13763500,0.0,0.0
2026-07-17 00:00:00-04:00,128.78522457973165,130.5860661872384,126.43716213473894,128.70562744140625,15691900,0.0,0.0
2026-07-20 00:00:00-04:00,128.90461007807704,130.60596661432007,127.79028052735973,128.06886291503906,10961300,0.0,0.0
2026-07-21 00:00:00-04:00,128.91456701526718,132.86447048371576,128.51658133849566,132.1680145263672,11224200,0.0,0.0
2026-07-22 00:00:00-04:00,132.04863261479693,133.2326153886869,131.4317737638366,131.5810089111328,10635500,0.0,0.0
2026-07-23 00:00:00-04:00,129.8398664890717,131.79990246975677,129.362298817202,131.212890625,10724500,0.0,0.0
2026-07-24 00:00:00-04:00,131.57106663858704,132.60579909676542,130.73530425827136,131.5213165283203,10822000,0.0,0.0
2026-07-27 00:00:00-04:00,133.57088862207982,134.6653302811956,130.35723201446035,132.4267120361328,12451600,0.0,0.0
2026-07-28 00:00:00-04:00,132.10832566335569,132.3272139987841,130.08859571684977,131.79989624023438,9420800,0.0,0.0
2026-07-29 00:00:00-04:00,131.09348429105208,131.76009326264787,126.13867995821055,126.48690795898438,12942600,0.0,0.0
2026-07-30 00:00:00-04:00,128.31760521806888,131.90934460530337,128.14846698651075,131.65066528320312,10467700,0.0,0.0
2026-07-31 00:00:00-04:00,132.8744405031057,134.75487933284813,131.27258407913232,131.77999877929688,9604900,0.0,0.0
2026-08-03 00:00:00-04:00,132.47000122070312,133.6199951171875,131.17999267578125,133.57000732421875,8084100,0.67,0.0
2026-08-04 00:00:00-04:00,134.32000732421875,138.0500030517578,134.32000732421875,136.8699951171875,12152500,0.0,0.0
2026-08-05 00:00:00-04:00,137.3000030517578,139.1699981689453,137.13999938964844,137.63999938964844,12028300,0.0,0.0
2026-08-06 00:00:00-04:00,138.33999633789062,139.25999450683594,133.66000366210938,133.82000732421875,8882600,0.0,0.0
2026-08-07 00:00:00-04:00,133.82000732421875,135.24000549316406,132.52000427246094,135.0,10160300,0.0,0.0
2026-08-10 00:00:00-04:00,134.8699951171875,136.13999938964844,134.47000122070312,135.22000122070312,7077300,0.0,0.0
2026-08-11 00:00:00-04:00,135.91000366210938,137.14999389648438,135.33999633789062,135.77000427246094,5067500,0.0,0.0
2026-08-12 00:00:00-04:00,136.8699951171875,138.58999633789062,136.41000366210938,137.5800018310547,6060400,0.0,0.0
2026-08-13 00:00:00-04:00,138.2899932861328,139.05999755859375,137.10000610351562,138.72999572753906,9507100,0.0,0.0
2026-08-14 00:00:00-04:00,138.16000366210938,140.27999877929688,138.16000366210938,139.3300018310547,6829700,0.0,0.0
2026-08-17 00:00:00-04:00,139.25,140.8800048828125,137.80999755859375,138.50999450683594,8949800,0.0,0.0
2026-08-18 00:00:00-04:00,137.3000030517578,138.2100067138672,136.4499969482422,137.64999389648438,7079800,0.0,0.0
2026-08-19 00:00:00-04:00,137.74000549316406,137.7899932861328,132.35000610351562,132.88999938964844,10383200,0.0,0.0
2026-08-20 00:00:00-04:00,132.5,133.0800018310547,129.61000061035156,129.6699981689453,7830500,0.0,0.0
2026-08-21 00:00:00-04:00,131.22000122070312,132.25,130.33999633789062,131.64999389648438,11274100,0.0,0.0
2026-08-24 00:00:00-04:00,131.38999938964844,132.63999938964844,131.00999450683594,131.72000122070312,9324500,0.0,0.0
2026-08-25 00:00:00-04:00,132.77000427246094,133.67999267578125,131.5,133.25,6701300,0.0,0.0
2026-08-26 00:00:00-04:00,133.5399932861328,133.82000732421875,132.25,133.55999755859375,4543300,0.0,0.0
2026-08-27 00:00:00-04:00,132.9499969482422,133.9600067138672,131.77999877929688,132.67999267578125,11622100,0.0,0.0
2026-08-28 00:00:00-04:00,132.97999572753906,133.6300048828125,132.32000732421875,132.89999389648438,12092000,0.0,0.0
2026-08-31 00:00:00-04:00,132.30999755859375,132.47999572753906,131.3300018310547,131.6199951171875,7553300,0.0,0.0
2026-09-01 00:00:00-04:00,131.07000732421875,134.61000061035156,130.1999969482422,132.5399932861328,6949500,0.0,0.0
2026-09-02 00:00:00-04:00,133.8000030517578,136.1999969482422,132.6999969482422,134.33999633789062,7677600,0.0,0.0
2026-09-03 00:00:00-04:00,135.22000122070312,138.5500030517578,134.8300018310547,138.13999938964844,12572900,0.0,0.0
2026-09-04 00:00:00-04:00,137.42999267578125,138.11000061035156,135.39999389648438,137.72000122070312,5713600,0.0,0.0
