Date,Open,High,Low,Close,Volume,Dividends,Stock Splits
2021-01-04 00:00:00-05:00,122.6300069982982,123.17984124994987,119.5477919285516,120.03568267822266,2218700,0.0,0.0
2021-01-05 00:00:00-05:00,120.1983147572675,121.61549981299821,119.95823347003926,120.5080795288086,2380600,0.0,0.0
2021-01-06 00:00:00-05:00,119.73363109478349,119.7723546374337,117.20126266006666,117.27095794677734,2709900,0.0,0.0
2021-01-07 00:00:00-05:00,116.97667907109388,118.68814849160063,116.75208962520307,118.06086730957031,2568000,0.0,0.0
2021-01-08 00:00:00-05:00,119.12186223962735,120.13635542177975,118.75788214601674,119.3077163696289,2432600,0.0,0.0
2021-01-11 00:00:00-05:00,119.07538892745983,119.83433269384385,117.68143566152818,118.53329467773438,1622500,0.0,0.0
2021-01-12 00:00:00-05:00,118.02992989990854,118.47909710557946,115.49756085734471,116.51980590820312,2304100,0.0,0.0
2021-01-13 00:00:00-05:00,116.48106488829875,118.44809577437279,116.43460135964011,118.24674987792969,1457400,0.0,0.0
2021-01-14 00:00:00-05:00,119.33093768112028,120.90301674908154,118.03765160050406,119.84980010986328,3882400,0.0,0.0
2021-01-15 00:00:00-05:00,119.86525699272248,122.32792963338896,119.2844394229231,121.77808380126953,2437200,0.0,0.0
2021-01-19 00:00:00-05:00,123.03267544143687,123.90777790425092,121.59999884947888,123.43537902832031,2824700,0.0,0.0
2021-01-20 00:00:00-05:00,123.56702135033575,125.03843320448354,122.5680201572527,123.1798095703125,1670800,0.0,0.0
2021-01-21 00:00:00-05:00,122.47506353995375,123.74511752164501,121.66966835363708,123.3966293334961,1491600,0.0,0.0
2021-01-22 00:00:00-05:00,123.05589646504825,123.65220590286563,122.32794825947458,123.0713882446289,1367800,0.0,0.0
2021-01-25 00:00:00-05:00,123.94648719888218,125.69668010653554,123.52829187914325,124.59700012207031,1720100,0.0,0.0
2021-01-26 00:00:00-05:00,124.34144518773775,127.23779356280788,123.61348514898775,126.57952880859375,1882800,0.0,0.0
2021-01-27 00:00:00-05:00,126.05292583388457,126.23103994351538,123.21853277581623,123.8148422241211,1866000,0.0,0.0
2021-01-28 00:00:00-05:00,121.93300337917336,124.62025443519477,121.48383623660958,122.4596176147461,2522300,0.0,0.0
2021-01-29 00:00:00-05:00,120.91077860039643,123.83034750260803,120.12086310112035,123.334716796875,2569600,0.0,0.0
2021-02-01 00:00:00-05:00,123.90775469158753,127.42363203158502,122.38987949723928,127.21454620361328,1898500,0.0,0.0
2021-02-02 00:00:00-05:00,127.84187568857607,129.41395497566276,127.19910254991584,128.2523193359375,1608400,0.0,0.0
2021-02-03 00:00:00-05:00,127.43913050558899,127.77987873957692,124.9609776449017,126.35494232177734,2201500,0.0,0.0
2021-02-04 00:00:00-05:00,125.94452948493682,127.5088568430708,124.86032922027735,126.33174133300781,2014400,0.0,0.0
2021-02-05 00:00:00-05:00,126.61825611294324,126.68021141773828,125.39466543096525,125.65796661376953,2192900,0.0,0.0
2021-02-08 00:00:00-05:00,125.44114584791788,125.48760937857963,121.73940155947359,124.60476684570312,2556100,0.0,0.0
2021-02-09 00:00:00-05:00,125.01521469132058,127.29202230503083,124.76740524713905,126.99774932861328,3077100,0.0,0.0
2021-02-10 00:00:00-05:00,127.63274104644353,128.1516033974255,126.13810929437433,126.2929916381836,1447600,0.0,0.0
2021-02-11 00:00:00-05:00,125.37917217841937,126.78088877651192,124.56603687735172,125.45661926269531,2336300,0.0,0.0
2021-02-12 00:00:00-05:00,125.72769040011872,127.54757897579582,125.07716552183498,127.36172485351562,2199500,0.0,0.0
2021-02-16 00:00:00-05:00,127.25329946091296,127.69471479537891,124.42664605677435,125.4256591796875,3150900,0.0,0.0
2021-02-17 00:00:00-05:00,124.76740215810601,126.52534725704331,124.68221507885968,126.33174133300781,1569300,0.0,0.0
2021-02-18 00:00:00-05:00,126.18456727889874,128.0199471968716,125.84381904741106,127.70243072509766,1744100,0.0,0.0
2021-02-19 00:00:00-05:00,128.12065159113467,128.85635170127875,127.60178915941692,128.39944458007812,4530800,0.0,0.0
2021-02-22 00:00:00-05:00,127.78764395889864,128.77890529894938,126.40143080604817,128.02772521972656,3437100,0.0,0.0
2021-02-23 00:00:00-05:00,128.78665046503403,128.78665046503403,125.1778335571289,125.1778335571289,2594800,0.0,0.0
2021-02-24 00:00:00-05:00,124.682184312734,125.54179487600791,124.11685846274311,124.83706665039062,1731800,0.0,0.0
2021-02-25 00:00:00-05:00,124.69768345078724,125.99870934400316,122.27373395556836,123.60574340820312,2360600,0.0,0.0
2021-02-26 00:00:00-05:00,123.9077391402488,124.29495082506207,120.52351279634486,120.61643981933594,3615900,0.0,0.0
2021-03-01 00:00:00-05:00,121.07339315333508,122.34344749339655,118.95921985303063,119.0521469116211,2198700,0.0,0.0
2021-03-02 00:00:00-05:00,119.1218784811391,119.64848101029999,117.53430727590091,118.61075592041016,2443300,0.0,0.0
2021-03-03 00:00:00-05:00,118.77332658794998,118.82754190416375,115.00188798228616,115.01737976074219,2593500,0.0,0.0
2021-03-04 00:00:00-05:00,115.35814127998127,118.35515674292293,115.04062477724793,115.48979187011719,2880900,0.0,0.0
2021-03-05 00:00:00-05:00,116.11708650963986,116.94571368853217,113.18201419459875,116.27970886230469,3773800,0.0,0.0
2021-03-08 00:00:00-05:00,116.24097935648801,116.8527687604258,113.39883453474098,113.66214752197266,3389500,0.0,0.0
2021-03-09 00:00:00-05:00,114.91672282699815,117.52652669789963,114.76958044553481,116.96894073486328,2533600,0.0,0.0
2021-03-10 00:00:00-05:00,117.27868945809348,118.20799523711318,116.16351779656421,117.66590118408203,1860900,0.0,0.0
2021-03-11 00:00:00-05:00,118.09960491651607,121.2979783261124,117.88276724299432,120.6087417602539,2568400,0.0,0.0
2021-03-12 00:00:00-05:00,120.15570858445213,124.08461101123045,119.47616052148399,123.94400787353516,2381300,1.33,0.0
2021-03-15 00:00:00-04:00,123.6003093833478,126.55284352371065,123.21756906198682,126.17790985107422,2622000,0.0,0.0
2021-03-16 00:00:00-04:00,126.52942511864234,129.36478831846458,125.88111564911026,128.91957092285156,2594500,0.0,0.0
2021-03-17 00:00:00-04:00,128.71649245411592,129.66162156632166,127.52141942569347,128.8492889404297,2235100,0.0,0.0
2021-03-18 00:00:00-04:00,128.02134292383627,129.43513352920417,126.61538280740142,129.02896118164062,1561500,0.0,0.0
2021-03-19 00:00:00-04:00,129.23199206961633,131.48935311581252,128.48214854953233,129.36477661132812,4115900,0.0,0.0
2021-03-22 00:00:00-04:00,129.36477655047793,132.62975546834528,129.35696990163308,131.1378631591797,2404200,0.0,0.0
2021-03-23 00:00:00-04:00,131.1535039460881,132.9109655471999,130.1927496894582,131.76275634765625,2269100,0.0,0.0
2021-03-24 00:00:00-04:00,131.28626062071623,132.00486555921535,129.32571927498103,130.97381591796875,1855700,0.0,0.0
2021-03-25 00:00:00-04:00,130.89575032025368,131.38002484688226,129.9740530873395,130.82545471191406,1485000,0.0,0.0
2021-03-26 00:00:00-04:00,132.23136811470982,135.5119717077145,131.09097780697047,135.35574340820312,1866700,0.0,0.0
2021-03-29 00:00:00-04:00,135.35579670664032,136.95704205877993,134.13729176934012,136.71490478515625,2317700,0.0,0.0
2021-03-30 00:00:00-04:00,135.79317890242024,135.79317890242024,133.37178305177736,133.5592498779297,2030800,0.0,0.0
2021-03-31 00:00:00-04:00,133.5904989085816,135.03552750073808,132.63756332473045,134.44970703125,2314300,0.0,0.0
2021-04-01 00:00:00-04:00,135.1370575782612,136.3711874273813,134.09820121314334,136.2696533203125,1815400,0.0,0.0
2021-04-05 00:00:00-04:00,136.58209661674303,138.80821927275335,136.29309565215976,138.59732055664062,2005900,0.0,0.0
2021-04-06 00:00:00-04:00,138.59735108322508,138.59735108322508,136.6055585710238,137.95684814453125,1751200,0.0,0.0
2021-04-07 00:00:00-04:00,137.93342169549874,138.48018525090822,136.60556394134667,137.6756591796875,1900000,0.0,0.0
2021-04-08 00:00:00-04:00,138.49577216206816,139.12845638107143,137.2225851563639,137.2772674560547,1606400,0.0,0.0
2021-04-09 00:00:00-04:00,136.92576997940284,137.94900113319025,136.2071649852815,136.87890625,1390800,0.0,0.0
2021-04-12 00:00:00-04:00,137.0820187875459,138.73793451679833,136.51963006467705,138.67544555664062,1425200,0.0,0.0
2021-04-13 00:00:00-04:00,138.43326602656853,140.0735679539709,137.9489916313655,138.33953857421875,1473500,0.0,0.0
2021-04-14 00:00:00-04:00,138.34739718762515,139.5502888978224,136.96486907198138,137.23043823242188,1564500,0.0,0.0
2021-04-15 00:00:00-04:00,138.02715257500935,140.31575271500347,137.93341317233748,140.18296813964844,2242500,0.0,0.0
2021-04-16 00:00:00-04:00,140.59691412602697,140.86248321448014,139.26123819766855,140.3000946044922,1390400,0.0,0.0
2021-04-19 00:00:00-04:00,140.90936120085397,141.34678387841228,139.55807183779768,141.15931701660156,1394600,0.0,0.0
2021-04-20 00:00:00-04:00,140.95622730640252,144.1196484451317,140.65940777494706,142.94020080566406,1900800,0.0,0.0
2021-04-21 00:00:00-04:00,143.6900395019736,144.2524161465299,141.9950552457708,142.85426330566406,1482100,0.0,0.0
2021-04-22 00:00:00-04:00,143.3307634190322,145.26006674660343,141.92479169388216,143.88534545898438,1971700,0.0,0.0
2021-04-23 00:00:00-04:00,144.61959508594205,146.94726452370278,144.25247983631377,146.20521545410156,1308700,0.0,0.0
2021-04-26 00:00:00-04:00,146.40043198002977,146.41605719607935,144.2055599077005,145.36158752441406,1382400,0.0,0.0
2021-04-27 00:00:00-04:00,145.88493634480142,145.88493634480142,143.83846186721627,144.29931640625,1353600,0.0,0.0
2021-04-28 00:00:00-04:00,144.66644309024298,145.3147407030595,144.21340708331633,144.65081787109375,1097200,0.0,0.0
2021-04-29 00:00:00-04:00,145.5959211782604,147.12687070811685,144.4242801432898,146.81443786621094,1373700,0.0,0.0
2021-04-30 00:00:00-04:00,146.33019248691613,148.08765453202975,146.18178267391596,147.67367553710938,1310000,0.0,0.0
2021-05-03 00:00:00-04:00,147.68924156121554,147.73610528999924,146.189542647399,146.611328125,1413300,0.0,0.0
2021-05-04 00:00:00-04:00,145.4475257116,146.75195132170825,142.2762739133381,143.6431884765625,2966700,0.0,0.0
2021-05-05 00:00:00-04:00,143.55727842138612,144.13529234214468,141.9091694048198,143.080810546875,1929000,0.0,0.0
2021-05-06 00:00:00-04:00,143.11985024744072,143.11985024744072,140.47976063270613,141.28428649902344,2141600,0.0,0.0
2021-05-07 00:00:00-04:00,142.53405740164007,143.94002925778506,142.12789702429333,143.190185546875,2023000,0.0,0.0
2021-05-10 00:00:00-04:00,143.19015381919777,143.6509964059314,142.79960683005777,143.08860778808594,1452000,0.0,0.0
2021-05-11 00:00:00-04:00,142.22938659539224,142.9401849108648,141.02650722336318,142.3309326171875,1262100,0.0,0.0
2021-05-12 00:00:00-04:00,141.8700945663139,142.11223177806698,139.60491501424997,139.6830291748047,1414300,0.0,0.0
2021-05-13 00:00:00-04:00,139.89398114078824,141.44054437656555,139.1441254370026,140.4016876220703,1764200,0.0,0.0
2021-05-14 00:00:00-04:00,141.12805162066726,142.15129472455143,140.714072773448,141.46392822265625,1438500,0.0,0.0
2021-05-17 00:00:00-04:00,141.30771382159432,142.79178760608576,141.22959965670606,142.1591033935547,1198700,0.0,0.0
2021-05-18 00:00:00-04:00,142.1590981477315,143.6275585798961,140.79218374246486,142.7605438232422,1615200,0.0,0.0
2021-05-19 00:00:00-04:00,142.29189028951728,143.1510984432885,140.33134867133728,142.0419464111328,1301400,0.0,0.0
2021-05-20 00:00:00-04:00,142.20597361758857,145.36940674322105,141.76075622933368,144.8538818359375,1178000,0.0,0.0
2021-05-21 00:00:00-04:00,144.36963335254978,145.3460010412524,143.69008525514903,144.93202209472656,1567300,0.0,0.0
2021-05-24 00:00:00-04:00,145.3225222590927,146.16610510004347,144.62734916588514,145.47093200683594,1890300,0.0,0.0
2021-05-25 00:00:00-04:00,145.75995545925963,147.61896303965148,144.60393964756457,147.00189208984375,1497000,0.0,0.0
2021-05-26 00:00:00-04:00,147.00188952149313,148.29850843169316,146.57228543455352,147.13467407226562,1541100,0.0,0.0
2021-05-27 00:00:00-04:00,146.90037232040774,148.02513780679604,146.28330131032763,147.84548950195312,2905400,0.0,0.0
2021-05-28 00:00:00-04:00,148.40785044164332,149.6263550961965,148.00167825060964,148.01730346679688,1583800,0.0,0.0
2021-06-01 00:00:00-04:00,148.9702913046825,149.63422616228007,148.032980619908,149.5951690673828,1412000,0.0,0.0
2021-06-02 00:00:00-04:00,150.00910357453745,152.70387546371688,149.79039821022164,152.5554656982422,1579300,0.0,0.0
2021-06-03 00:00:00-04:00,152.15710592098353,152.59451663198746,151.3760119603199,152.24302673339844,1662400,0.0,0.0
2021-06-04 00:00:00-04:00,153.02410931065018,153.99265812195236,152.3914251565455,153.64898681640625,1013100,0.0,0.0
2021-06-07 00:00:00-04:00,153.7974042663788,155.3595922707851,153.27407271512854,154.68785095214844,1271000,0.0,0.0
2021-06-08 00:00:00-04:00,155.2033716138148,155.43770219178342,153.05536316644088,153.31312561035156,1625800,0.0,0.0
2021-06-09 00:00:00-04:00,154.07861586386866,154.71131208819108,153.02414599376453,153.94583129882812,1695800,0.0,0.0
2021-06-10 00:00:00-04:00,153.5396966755691,156.58595936871293,153.37566164506813,156.40631103515625,2569200,0.0,0.0
2021-06-11 00:00:00-04:00,156.2726063206131,156.4141375865158,152.15230193841742,152.81280517578125,1807300,1.33,0.0
2021-06-14 00:00:00-04:00,152.54542846049054,155.10881639257371,152.19944721849066,154.96728515625,1057000,0.0,0.0
2021-06-15 00:00:00-04:00,154.90440439795915,154.90440439795915,153.55979743588756,153.7327880859375,1081300,0.0,0.0
2021-06-16 00:00:00-04:00,154.30685245928686,154.65282186089522,151.95576030900563,152.5061798095703,1381900,0.0,0.0
2021-06-17 00:00:00-04:00,151.99504087487952,154.95158774364924,151.77487312923935,154.79432678222656,1240900,0.0,0.0
2021-06-18 00:00:00-04:00,154.66063490806633,154.88080262600838,152.67911344834724,152.73416137695312,2997100,0.0,0.0
2021-06-21 00:00:00-04:00,153.3475070416124,155.6907277666737,152.30956309734495,155.41551208496094,1190700,0.0,0.0
2021-06-22 00:00:00-04:00,155.0459411264468,156.65003412016893,154.99090518943987,154.99876403808594,1396400,0.0,0.0
2021-06-23 00:00:00-04:00,154.9044039679859,155.15603109399348,153.81928298400123,154.12594604492188,1170700,0.0,0.0
2021-06-24 00:00:00-04:00,155.06951517092122,155.40762557855984,153.37106829070433,154.06301879882812,1079400,0.0,0.0
2021-06-25 00:00:00-04:00,154.09451555365328,155.00664598810636,153.9136660359017,154.53485107421875,1996800,0.0,0.0
2021-06-28 00:00:00-04:00,155.08523867680398,156.31189080351172,154.196708968645,155.71429443359375,1218000,0.0,0.0
2021-06-29 00:00:00-04:00,155.76936406934925,156.6107168126911,154.62133625335196,155.17962646484375,1268300,0.0,0.0
2021-06-30 00:00:00-04:00,154.55058800551961,155.85587692989964,153.2295693837422,153.41043090820312,1643500,0.0,0.0
2021-07-01 00:00:00-04:00,153.2216692616928,154.02371563750617,152.0421942377133,153.09585571289062,2176700,0.0,0.0
2021-07-02 00:00:00-04:00,153.70134055586203,155.26611525327195,153.11160297619762,154.89654541015625,1372800,0.0,0.0
2021-07-06 00:00:00-04:00,154.92015508979043,157.04320826658963,154.59776228934402,156.97244262695312,1583700,0.0,0.0
2021-07-07 00:00:00-04:00,156.90953100921303,158.65515538933423,156.2254271857106,157.916015625,1524300,0.0,0.0
2021-07-08 00:00:00-04:00,157.49137796333397,159.19769588429264,156.7522502903565,157.84523010253906,961900,0.0,0.0
2021-07-09 00:00:00-04:00,158.37991678665745,158.7258980729714,157.27907814678693,158.61581420898438,1192700,0.0,0.0
2021-07-12 00:00:00-04:00,158.72593409608317,159.92899802492232,158.08901931002055,159.68524169921875,1299900,0.0,0.0
2021-07-13 00:00:00-04:00,158.56076207383362,159.84246216917552,157.32625106029897,157.57000732421875,1219400,0.0,0.0
2021-07-14 00:00:00-04:00,157.90812798636753,159.33921816424038,157.38128523046396,158.75733947753906,1213400,0.0,0.0
2021-07-15 00:00:00-04:00,159.22129266172618,159.81888910852126,158.64727276075706,158.96966552734375,1086500,0.0,0.0
2021-07-16 00:00:00-04:00,159.53579537623975,160.3850188551861,159.0089646250698,159.7087860107422,734800,0.0,0.0
2021-07-19 00:00:00-04:00,158.8595733642578,160.69169284678892,157.48351904030986,158.8595733642578,1418600,0.0,0.0
2021-07-20 00:00:00-04:00,159.77173313773937,160.8961605477431,158.88319119959394,159.84249877929688,1173200,0.0,0.0
2021-07-21 00:00:00-04:00,159.7481372388648,160.04692948888268,157.78234507555402,158.12832641601562,1900800,0.0,0.0
2021-07-22 00:00:00-04:00,150.13146090504185,153.33177604105498,148.9283971605791,150.9964141845703,3394300,0.0,0.0
2021-07-23 00:00:00-04:00,151.8927931027626,153.0565384408945,149.91127169051813,152.1129608154297,2226900,0.0,0.0
2021-07-26 00:00:00-04:00,151.72764790353656,151.97926296233697,149.4080044650737,151.1614990234375,1955700,0.0,0.0
2021-07-27 00:00:00-04:00,151.38958702930253,153.0565749653647,150.50104512084812,152.98580932617188,1477800,0.0,0.0
2021-07-28 00:00:00-04:00,153.20593878064318,153.20593878064318,150.9020366714735,151.70407104492188,961400,0.0,0.0
2021-07-29 00:00:00-04:00,152.45895215958276,152.79707459669282,149.87197536555092,151.6175994873047,1219900,0.0,0.0
2021-07-30 00:00:00-04:00,151.8063064774123,153.27671492795048,151.39741841694908,151.82989501953125,1802800,0.0,0.0
2021-08-02 00:00:00-04:00,152.39606146600664,153.46545282465564,151.52324931300458,151.84564208984375,1104900,0.0,0.0
2021-08-03 00:00:00-04:00,151.93995982965416,153.28456655303148,151.37381089330998,153.15089416503906,1038500,0.0,0.0
2021-08-04 00:00:00-04:00,153.56767758464588,153.89792920977075,151.60974438043147,153.44186401367188,1291800,0.0,0.0
2021-08-05 00:00:00-04:00,154.09453029418606,154.11811884231258,151.47609346794317,152.90719604492188,1121700,0.0,0.0
2021-08-06 00:00:00-04:00,151.92422853755133,153.63053404083277,151.77482647074407,153.17446899414062,1171300,0.0,0.0
2021-08-09 00:00:00-04:00,153.09590410927504,153.55196936917312,152.25455123195448,152.71847534179688,874700,0.0,0.0
2021-08-10 00:00:00-04:00,153.1744817015645,153.33174262768858,150.08425111106035,150.1628875732422,1090900,0.0,0.0
2021-08-11 00:00:00-04:00,150.85489296974092,151.5940207326566,150.18651884573757,150.9335174560547,910800,0.0,0.0
2021-08-12 00:00:00-04:00,151.2322968815542,152.5611740640845,150.5953822551914,152.0028839111328,652300,0.0,0.0
2021-08-13 00:00:00-04:00,152.54544162671007,153.26099271185646,151.8849384703784,153.1587677001953,778900,0.0,0.0
2021-08-16 00:00:00-04:00,153.3317556161319,154.17312023943745,152.4668024518216,153.30030822753906,1216400,0.0,0.0
2021-08-17 00:00:00-04:00,153.11165248892462,155.42342646850142,152.89934353208199,154.7786407470703,1100500,0.0,0.0
2021-08-18 00:00:00-04:00,154.5269807133447,154.5426984105918,152.53760017154926,152.59263610839844,1250800,0.0,0.0
2021-08-19 00:00:00-04:00,152.71843864215174,156.01310771195173,152.0107583734117,155.6199493408203,1055600,0.0,0.0
2021-08-20 00:00:00-04:00,155.33689833208928,157.57003533835316,154.73143098944792,155.7300567626953,1558000,0.0,0.0
2021-08-23 00:00:00-04:00,155.7850899344455,156.2568848420827,153.77999157259464,154.08665466308594,1336000,0.0,0.0
2021-08-24 00:00:00-04:00,154.20460326241388,154.212462111818,151.208737880102,151.38958740234375,1353900,0.0,0.0
2021-08-25 00:00:00-04:00,151.37384659160165,151.42889452811906,149.34514775764964,149.63609313964844,1404300,0.0,0.0
2021-08-26 00:00:00-04:00,149.879859415144,150.80770756472,148.967728964269,149.18789672851562,1790300,0.0,0.0
2021-08-27 00:00:00-04:00,149.71468133563704,150.40664380847045,148.88905847392576,150.1628875732422,1437600,0.0,0.0
2021-08-30 00:00:00-04:00,150.210098698736,151.56256456679193,149.93488301695723,151.21658325195312,1429500,0.0,0.0
2021-08-31 00:00:00-04:00,151.10652121319126,153.2846224430683,150.21012040351079,153.08804321289062,2023300,0.0,0.0
2021-09-01 00:00:00-04:00,153.22954068396783,155.8165295012126,152.90715993628655,155.65139770507812,1345300,0.0,0.0
2021-09-02 00:00:00-04:00,155.72219020691605,156.08390125226933,153.7799985445791,155.6121063232422,1454200,0.0,0.0
2021-09-03 00:00:00-04:00,155.30541964820105,156.19396143044304,152.97005790061615,156.08387756347656,1320700,0.0,0.0
2021-09-07 00:00:00-04:00,156.0838966160431,156.0838966160431,152.41179832184272,153.7563934326172,1472100,0.0,0.0
2021-09-08 00:00:00-04:00,152.54543969560058,155.10096896885162,152.0972334177518,154.5426788330078,1534700,0.0,0.0
2021-09-09 00:00:00-04:00,154.1338350667886,154.34613198136935,151.22446506914648,151.3345489501953,1516400,0.0,0.0
2021-09-10 00:00:00-04:00,150.0685438229038,150.501008400172,147.505143756202,148.11061096191406,2294500,0.0,0.0
2021-09-13 00:00:00-04:00,149.20358797765303,150.2493905874565,148.28359891449662,149.26649475097656,1812500,0.0,0.0
2021-09-14 00:00:00-04:00,150.35136490450037,151.10364612679106,149.30610965720354,149.86041259765625,1608200,1.33,0.0
2021-09-15 00:00:00-04:00,150.39888572780717,150.86609517407186,149.25068410755745,149.3852996826172,1845400,0.0,0.0
2021-09-16 00:00:00-04:00,149.13982497786816,150.34346294945303,147.84116708951834,149.836669921875,1375700,0.0,0.0
2021-09-17 00:00:00-04:00,148.92603712895016,150.32762929836773,148.5538596603524,149.29820251464844,2503100,0.0,0.0
2021-09-20 00:00:00-04:00,148.4587969645784,150.0187714573737,146.70085628825979,148.23707580566406,1174100,0.0,0.0
2021-09-21 00:00:00-04:00,148.8468674185045,150.07426060489058,148.25296865892102,148.6964111328125,1053400,0.0,0.0
2021-09-22 00:00:00-04:00,149.02896543211256,149.55951344262496,148.1975049058562,148.4429931640625,978700,0.0,0.0
2021-09-23 00:00:00-04:00,148.43506445483962,148.80724190282425,145.15674444283587,145.9882049560547,1651800,0.0,0.0
2021-09-24 00:00:00-04:00,145.703128525143,146.3841327613482,142.92368732540353,144.17483520507812,1622200,0.0,0.0
2021-09-27 00:00:00-04:00,143.22461000389626,144.11942126619797,140.11258654228092,140.35806274414062,2153600,0.0,0.0
2021-09-28 00:00:00-04:00,138.47338409721164,139.99376295772535,137.38061896543758,138.62384033203125,2823500,0.0,0.0
2021-09-29 00:00:00-04:00,139.20189426859437,140.1363009243634,138.33876462086045,139.18606567382812,1377800,0.0,0.0
2021-09-30 00:00:00-04:00,139.67703618901453,139.93835303156888,137.10347550425308,137.2460174560547,1701300,0.0,0.0
2021-10-01 00:00:00-04:00,137.64989259504426,138.24379133725688,136.46209511061898,137.00848388671875,1457400,0.0,0.0
2021-10-04 00:00:00-04:00,136.47788743590766,138.243742353852,136.0265187519655,137.51522827148438,1462500,0.0,0.0
2021-10-05 00:00:00-04:00,137.62612082743956,137.8557563299463,135.5276716111362,136.55709838867188,1514400,0.0,0.0
2021-10-06 00:00:00-04:00,135.96318827907726,138.22000786752267,134.83082737709333,138.0537109375,1250400,0.0,0.0
2021-10-07 00:00:00-04:00,138.5842746267147,139.97796461220605,136.66796297956378,136.8738555908203,947200,0.0,0.0
2021-10-08 00:00:00-04:00,136.78673109083854,136.78673109083854,134.19732978911918,134.4744873046875,971700,0.0,0.0
2021-10-11 00:00:00-04:00,134.25278556369338,135.0921726057035,133.23128503945125,133.6351318359375,1202900,0.0,0.0
2021-10-12 00:00:00-04:00,134.1419154952134,135.6068704618297,133.47675184802657,135.0921630859375,1478700,0.0,0.0
2021-10-13 00:00:00-04:00,134.08648262594994,134.90210249207817,131.69504728648982,134.3953094482422,2809700,0.0,0.0
2021-10-14 00:00:00-04:00,134.75165989704809,136.1611785707619,134.26862178417537,135.63063049316406,2173400,0.0,0.0
2021-10-15 00:00:00-04:00,135.97109339596727,136.14529251426947,132.53439140378188,133.70635986328125,2276400,0.0,0.0
2021-10-18 00:00:00-04:00,133.5084230365561,133.76181351397696,132.0434681815917,132.88284301757812,1812300,0.0,0.0
2021-10-19 00:00:00-04:00,134.94169113287003,137.19058439271643,134.21317692543664,136.89759826660156,2788000,0.0,0.0
2021-10-20 00:00:00-04:00,136.9925950404576,138.71885431111923,136.9134037361773,138.57632446289062,2364300,0.0,0.0
2021-10-21 00:00:00-04:00,137.11139478297827,141.04696407818196,135.82857758465954,140.90443420410156,2901600,0.0,0.0
2021-10-22 00:00:00-04:00,140.95192152388896,142.49605532625108,140.0887918706323,141.83880615234375,2834200,0.0,0.0
2021-10-25 00:00:00-04:00,141.5379262769657,141.6962968288621,139.66119838415244,140.6668701171875,1898100,0.0,0.0
2021-10-26 00:00:00-04:00,141.02319898427007,142.97910600207766,140.6827029209009,142.59901428222656,1519400,0.0,0.0
2021-10-27 00:00:00-04:00,143.9214136195885,144.44404723744208,140.90441095372884,141.14988708496094,2486000,0.0,0.0
2021-10-28 00:00:00-04:00,141.3082607087059,144.29359416746948,140.73811712817553,144.04019165039062,2031200,0.0,0.0
2021-10-29 00:00:00-04:00,142.96327897236287,144.87167621775606,141.8863422608824,142.7732391357422,2619700,0.0,0.0
2021-11-01 00:00:00-04:00,143.35129253333898,144.01645610607198,141.5537559443331,143.73138427734375,1738200,0.0,0.0
2021-11-02 00:00:00-04:00,144.11938967182002,145.29134616066526,142.21891903677925,144.7528839111328,1750700,0.0,0.0
2021-11-03 00:00:00-04:00,145.34677905575023,146.2891000530324,143.25625657351225,144.847900390625,1334400,0.0,0.0
2021-11-04 00:00:00-04:00,145.04586056037104,145.4101236511796,142.8603182642103,143.3671112060547,1343000,0.0,0.0
2021-11-05 00:00:00-04:00,144.11147985683186,144.88750398060898,142.43271825799616,142.63861083984375,1373300,0.0,0.0
2021-11-08 00:00:00-05:00,142.9949857740161,143.40675896478473,140.28680887426708,142.51194763183594,1525100,0.0,0.0
2021-11-09 00:00:00-05:00,142.53568075965057,143.7947430397983,142.22685393465397,143.20877075195312,1719200,0.0,0.0
2021-11-10 00:00:00-05:00,143.20877522298585,144.4519968608734,142.15559343232198,142.80491638183594,1246600,0.0,0.0
2021-11-11 00:00:00-05:00,142.9316025596521,143.30377999832297,141.43497850647086,143.0583038330078,1323700,0.0,0.0
2021-11-12 00:00:00-05:00,143.47006140539256,143.73930462553926,142.57526238066686,143.1533203125,1080300,0.0,0.0
2021-11-15 00:00:00-05:00,143.06621009857977,144.7845552422021,142.31394096497888,144.73704528808594,1085700,0.0,0.0
2021-11-16 00:00:00-05:00,145.11714338030916,145.90900820476705,142.53566840241984,142.70196533203125,1453800,0.0,0.0
2021-11-17 00:00:00-05:00,142.70198058038392,147.00180123685436,142.43273732829564,146.2574462890625,2011600,0.0,0.0
2021-11-18 00:00:00-05:00,146.28912456118462,146.4237401429349,143.52551173706576,145.17259216308594,1285000,0.0,0.0
2021-11-19 00:00:00-05:00,146.21782592167932,146.78796952651032,144.7212019797223,145.4972381591797,1478500,0.0,0.0
2021-11-22 00:00:00-05:00,145.50517084752943,145.75857340743642,142.95536498223603,144.08773803710938,1369100,0.0,0.0
2021-11-23 00:00:00-05:00,143.61259726638397,145.90900029973847,143.61259726638397,145.44180297851562,1188900,0.0,0.0
2021-11-24 00:00:00-05:00,145.734799920201,147.88867325286068,144.42031346805456,147.8094940185547,1035600,0.0,0.0
2021-11-26 00:00:00-05:00,147.0730450517607,148.74388025320397,144.98252247542914,145.30718994140625,807300,0.0,0.0
2021-11-29 00:00:00-05:00,145.30720557570254,148.07873265752792,143.96103769539576,147.15225219726562,1295100,0.0,0.0
2021-11-30 00:00:00-05:00,146.48709259478818,147.57985794335528,143.6759697756484,143.84225463867188,2658700,0.0,0.0
2021-12-01 00:00:00-05:00,144.1194133783142,147.34230935640127,142.90786103467792,142.9791259765625,1410800,0.0,0.0
2021-12-02 00:00:00-05:00,144.00060796795063,148.48255321850905,143.74720545106828,147.00177001953125,1761000,0.0,0.0
2021-12-03 00:00:00-05:00,147.30267545255325,147.86489262532717,145.06961119004094,146.3841094970703,1232700,0.0,0.0
2021-12-06 00:00:00-05:00,146.92259493641342,149.76539885320872,146.3524633762647,148.72805786132812,2042000,0.0,0.0
2021-12-07 00:00:00-05:00,149.8445858651029,152.43398737145571,149.5120040698767,152.15682983398438,1847900,0.0,0.0
2021-12-08 00:00:00-05:00,151.89550853486207,153.44755674373255,150.7789762904955,151.68170166015625,2298200,0.0,0.0
2021-12-09 00:00:00-05:00,151.32538056535938,151.87968355439205,149.527843938233,150.15341186523438,1430600,0.0,0.0
2021-12-10 00:00:00-05:00,150.37513296860348,153.24960629390102,149.53575814531192,152.9962158203125,1642500,0.0,0.0
2021-12-13 00:00:00-05:00,152.82994320839097,157.7870137004354,152.82994320839097,157.28814697265625,1676900,0.0,0.0
2021-12-14 00:00:00-05:00,156.97700471886068,157.15251486731123,153.69817374260924,155.48516845703125,1629100,1.47,0.0
2021-12-15 00:00:00-05:00,156.370681074286,157.68700709142652,155.3016736467811,157.1604766845703,1291400,0.0,0.0
2021-12-16 00:00:00-05:00,157.3519661828604,160.327641224617,156.92914957530476,159.9287567138672,1631200,0.0,0.0
2021-12-17 00:00:00-05:00,160.13614795945102,162.8645161379003,159.39422872515652,160.62278747558594,3381400,0.0,0.0
2021-12-20 00:00:00-05:00,159.21872330828205,161.65989426797663,158.4448864781844,161.25303649902344,1096500,0.0,0.0
2021-12-21 00:00:00-05:00,161.90719029248197,162.60923079586848,157.60721655521343,158.4209442138672,1439500,0.0,0.0
2021-12-22 00:00:00-05:00,158.98734444653786,159.42611973672976,158.0619418571169,159.2187042236328,1165100,0.0,0.0
2021-12-23 00:00:00-05:00,159.2665656166819,160.07230773693468,158.08587117982984,159.06712341308594,1211000,0.0,0.0
2021-12-27 00:00:00-05:00,160.0085470960936,163.4788352225774,159.3384118304987,163.3432159423828,920600,0.0,0.0
2021-12-28 00:00:00-05:00,163.3431980823778,165.01053232321544,162.7847622329332,164.57974243164062,1156000,0.0,0.0
2021-12-29 00:00:00-05:00,164.37229062788006,165.72052194952877,163.29530997021612,165.3774871826172,849500,0.0,0.0
2021-12-30 00:00:00-05:00,165.9359237999904,166.48638626412017,164.9068073209989,165.87210083007812,735500,0.0,0.0
2021-12-31 00:00:00-05:00,166.17528584316878,167.42777684855517,165.56897360987057,166.52630615234375,739400,0.0,0.0
2022-01-03 00:00:00-05:00,166.73368470512466,166.73368470512466,162.56933045778936,165.72850036621094,1641800,0.0,0.0
2022-01-04 00:00:00-05:00,165.24985321740735,166.1353772034666,161.06953970405777,161.26898193359375,1896600,0.0,0.0
2022-01-05 00:00:00-05:00,158.55657090992855,158.55657090992855,149.8768412711762,150.3475341796875,3577200,0.0,0.0
2022-01-06 00:00:00-05:00,151.1931329424759,154.16880689348494,147.78665706089564,153.5704803466797,2592500,0.0,0.0
2022-01-07 00:00:00-05:00,153.7221200937899,157.34398622235628,152.58130402306543,155.3495635986328,2260900,0.0,0.0
2022-01-10 00:00:00-05:00,153.6582384989025,153.6582384989025,150.06827914552562,152.11056518554688,1937300,0.0,0.0
2022-01-11 00:00:00-05:00,152.3339615001937,152.3339615001937,148.36904928908893,149.65345764160156,2446600,0.0,0.0
2022-01-12 00:00:00-05:00,149.5178200188191,152.1823647642634,149.18275859930083,151.1133575439453,2051800,0.0,0.0
2022-01-13 00:00:00-05:00,151.19317168605178,151.71968993069342,149.0072804259761,149.48594665527344,1614900,0.0,0.0
2022-01-14 00:00:00-05:00,149.1429046933576,149.43010200598488,145.0423727243387,146.90914916992188,1639100,0.0,0.0
2022-01-18 00:00:00-05:00,145.19393672113833,147.40375993571513,144.62751545803494,146.7894744873047,1682700,0.0,0.0
2022-01-19 00:00:00-05:00,147.44363177739336,149.02321055351555,146.11134720243274,146.1432647705078,1981200,0.0,0.0
2022-01-20 00:00:00-05:00,146.3427472126654,148.63234034582243,144.6514808291199,144.91473388671875,1440700,0.0,0.0
2022-01-21 00:00:00-05:00,145.99169821405607,147.6031946847458,144.6673990136577,145.39337158203125,1413100,0.0,0.0
2022-01-24 00:00:00-05:00,144.7152882336009,146.89320631552113,141.8433272067983,146.47836303710938,2102100,0.0,0.0
2022-01-25 00:00:00-05:00,144.89876128143746,146.68575572903916,143.4228840279216,145.3375244140625,1459800,0.0,0.0
2022-01-26 00:00:00-05:00,146.23101732610613,147.1245144491823,140.25572488307088,141.1252899169922,2469000,0.0,0.0
2022-01-27 00:00:00-05:00,141.6039626247286,142.0028470264884,135.6845195633715,136.87319946289062,2298700,0.0,0.0
2022-01-28 00:00:00-05:00,139.62547716564814,144.22062035988827,137.27206200463428,144.14083862304688,1934700,0.0,0.0
2022-01-31 00:00:00-05:00,143.35905584451461,145.78427989660392,142.60117789310652,145.6007843017578,2076200,0.0,0.0
2022-02-01 00:00:00-05:00,145.16202934901057,145.8720431583852,142.48949875780983,144.05313110351562,1460400,0.0,0.0
2022-02-02 00:00:00-05:00,144.78707897304128,147.29207277900295,144.46796411601574,146.7894744873047,1649300,0.0,0.0
2022-02-03 00:00:00-05:00,145.8321691860914,146.49431888757067,144.70731202431375,144.93865966796875,990100,0.0,0.0
2022-02-04 00:00:00-05:00,143.28727553720876,145.79226944736018,142.40175155323553,143.83773803710938,1095100,0.0,0.0
2022-02-07 00:00:00-05:00,144.02917144111296,145.6087624038376,143.63028704763445,144.3083953857422,1098700,0.0,0.0
2022-02-08 00:00:00-05:00,144.22067820172722,144.60360391157928,141.4045546181499,141.5960235595703,1840600,0.0,0.0
2022-02-09 00:00:00-05:00,143.02400571542933,144.48392424580717,142.45759662004548,143.3112030029297,2814900,0.0,0.0
2022-02-10 00:00:00-05:00,141.28487575144916,142.70490340646626,137.5672697903427,138.0539093017578,1877400,0.0,0.0
2022-02-11 00:00:00-05:00,138.2054915937337,139.21067604709913,133.76191288203296,134.7272186279297,2920000,0.0,0.0
2022-02-14 00:00:00-05:00,135.09417808771025,135.52498009617963,132.66896606890984,133.6901092529297,2146100,0.0,0.0
2022-02-15 00:00:00-05:00,134.96652102819087,135.165963230093,131.5520715054649,132.1105194091797,2536400,0.0,0.0
2022-02-16 00:00:00-05:00,132.13447008653264,132.40570859775727,130.3155579231629,131.3686065673828,2050200,0.0,0.0
2022-02-17 00:00:00-05:00,131.6079168531419,131.72757730116834,130.11609312714612,130.33148193359375,3107000,0.0,0.0
2022-02-18 00:00:00-05:00,130.31553514267375,131.50420283471468,128.5205553868407,129.50978088378906,4020700,0.0,0.0
2022-02-22 00:00:00-05:00,129.47789434232308,131.58400374225752,127.88235654925191,130.15599060058594,2584500,0.0,0.0
2022-02-23 00:00:00-05:00,130.26766185514848,131.4084775678686,127.54727950155674,127.587158203125,1920000,0.0,0.0
2022-02-24 00:00:00-05:00,125.81610745128357,132.08656994104385,125.37733223022836,131.6318359375,2967200,0.0,0.0
2022-02-25 00:00:00-05:00,132.18232656926077,133.84966059299774,130.79420434739615,133.6901092529297,1676300,0.0,0.0
2022-02-28 00:00:00-05:00,132.95613346508964,133.69805250748576,131.28081433847663,132.90028381347656,3137900,0.0,0.0
2022-03-01 00:00:00-05:00,133.7060508864194,135.1021462356446,132.8045682798501,134.0331268310547,1985800,0.0,0.0
2022-03-02 00:00:00-05:00,134.26449122330743,138.86762059912823,134.26449122330743,138.17355346679688,3584700,0.0,0.0
2022-03-03 00:00:00-05:00,138.89153805471776,141.10134862919188,138.22140308311256,140.27964782714844,1846200,0.0,0.0
2022-03-04 00:00:00-05:00,139.33830607607314,143.65423834641697,139.23459223333353,142.88040161132812,1741900,0.0,0.0
2022-03-07 00:00:00-05:00,142.10657968858774,142.88838981115313,140.47115099015977,141.0295867919922,2091800,0.0,0.0
2022-03-08 00:00:00-05:00,140.25572815616985,143.03994559835266,138.67614937015944,138.69210815429688,1962300,0.0,0.0
2022-03-09 00:00:00-05:00,140.3594865135927,141.30883361662762,138.4049548048094,138.7799072265625,1238300,0.0,0.0
2022-03-10 00:00:00-05:00,137.25611953136146,140.90990196452995,135.94777923340035,140.5429229736328,1624500,0.0,0.0
2022-03-11 00:00:00-05:00,141.45241608741378,142.9601989747333,138.4448236203097,138.51663208007812,1179300,0.0,0.0
2022-03-14 00:00:00-04:00,138.99130546236725,139.90048551354502,137.34996635976776,139.0074005126953,1435000,1.47,0.0
2022-03-15 00:00:00-04:00,140.44762228296435,141.30047596543685,138.13847931888176,138.99937438964844,1855800,0.0,0.0
2022-03-16 00:00:00-04:00,139.7958903697326,140.8016161997307,136.9476802210258,139.5142822265625,1866400,0.0,0.0
2022-03-17 00:00:00-04:00,139.5142927006489,142.5234290296087,139.5142927006489,142.34642028808594,1411500,0.0,0.0
2022-03-18 00:00:00-04:00,144.70382953294785,144.82451171527353,140.50391771105083,140.70506286621094,3674600,0.0,0.0
2022-03-21 00:00:00-04:00,140.4556685182353,142.09700785921584,140.0614195279598,140.88209533691406,2036900,0.0,0.0
2022-03-22 00:00:00-04:00,140.87403278831934,141.56597268616957,139.57865736130645,140.0131378173828,1707100,0.0,0.0
2022-03-23 00:00:00-04:00,139.73154070009286,141.0188748414585,138.08214766800822,139.5303955078125,1206000,0.0,0.0
2022-03-24 00:00:00-04:00,139.17638119988555,141.13956028591525,138.5005362847723,141.05105590820312,1568700,0.0,0.0
2022-03-25 00:00:00-04:00,141.96830677662788,143.10276886742196,140.6326994474773,142.8774871826172,1422500,0.0,0.0
2022-03-28 00:00:00-04:00,143.43258522411608,145.51644600585968,143.40844878856888,145.4923095703125,1470200,0.0,0.0
2022-03-29 00:00:00-04:00,146.1440211040893,148.09915836496944,146.1440211040893,147.938232421875,1441500,0.0,0.0
2022-03-30 00:00:00-04:00,147.18997630645882,148.59799235051022,146.33712283837008,148.49339294433594,1595700,0.0,0.0
2022-03-31 00:00:00-04:00,148.84743162186376,150.99566064825612,148.42100482693908,148.52560424804688,2602500,0.0,0.0
2022-04-01 00:00:00-04:00,148.88764681920208,152.20251505907495,147.1819275492426,152.09791564941406,1292800,0.0,0.0
2022-04-04 00:00:00-04:00,152.08988020119006,152.86228303167871,150.7301369302117,152.13815307617188,1216000,0.0,0.0
2022-04-05 00:00:00-04:00,151.98529875224688,156.8449733569434,151.59106204201186,155.37258911132812,2250300,0.0,0.0
2022-04-06 00:00:00-04:00,155.0507511254174,159.82190875353834,154.81741584880308,158.9610137939453,2160700,0.0,0.0
2022-04-07 00:00:00-04:00,158.24493452582172,159.70927736994759,157.33576663520043,158.1162109375,2119200,0.0,0.0
2022-04-08 00:00:00-04:00,158.092081987541,159.9506616262745,157.30358398322562,159.32308959960938,1258200,0.0,0.0
2022-04-11 00:00:00-04:00,159.21043655101477,160.69086212701635,157.24725763300387,157.74609375,1562200,0.0,0.0
2022-04-12 00:00:00-04:00,156.74038620360048,157.53692562810076,155.23582401202887,156.1610870361328,1240800,0.0,0.0
2022-04-13 00:00:00-04:00,156.06450650820014,156.28174671684857,154.06914997407068,155.6541748046875,1097500,0.0,0.0
2022-04-14 00:00:00-04:00,155.91969644197235,156.12084162728095,154.72087899476685,155.026611328125,1099700,0.0,0.0
2022-04-18 00:00:00-04:00,154.85767086953496,155.3082341628609,152.81402871875488,153.63470458984375,1120100,0.0,0.0
2022-04-19 00:00:00-04:00,154.30251405704453,156.5633842757588,153.9324137420216,155.9840850830078,1361800,0.0,0.0
2022-04-20 00:00:00-04:00,156.17711926648838,159.7816364209534,155.72655615679574,159.2506103515625,1440700,0.0,0.0
2022-04-21 00:00:00-04:00,160.2000416012394,160.8919813990049,158.01158141653582,158.01962280273438,1308400,0.0,0.0
2022-04-22 00:00:00-04:00,158.30927595006395,158.30927595006395,155.76681056021633,156.20127868652344,1840700,0.0,0.0
2022-04-25 00:00:00-04:00,156.79668892239192,156.8932346766532,153.27262156873044,155.17947387695312,1381300,0.0,0.0
2022-04-26 00:00:00-04:00,155.23580432973623,156.39440251777333,151.3416366353329,151.760009765625,1915500,0.0,0.0
2022-04-27 00:00:00-04:00,151.90485552466671,154.1898620205596,150.77843505312296,151.85658264160156,1443200,0.0,0.0
2022-04-28 00:00:00-04:00,152.04163746040655,154.72893443370526,150.07041692075757,154.5358428955078,1603400,0.0,0.0
2022-04-29 00:00:00-04:00,153.94043336343196,153.94043336343196,148.73479503047236,149.0164031982422,1827700,0.0,0.0
2022-05-02 00:00:00-04:00,150.02210222536613,150.24738380843027,142.88546404318026,145.48426818847656,1612600,0.0,0.0
2022-05-03 00:00:00-04:00,146.4497963188595,149.44283778842455,145.58888899541523,147.80953979492188,1347900,0.0,0.0
2022-05-04 00:00:00-04:00,148.06696958734523,149.04855891973995,145.72563705137455,148.3968505859375,1936200,0.0,0.0
2022-05-05 00:00:00-04:00,147.9060707195148,148.8232922212613,144.7360208150968,146.1038055419922,1393400,0.0,0.0
2022-05-06 00:00:00-04:00,144.9773853519832,147.0532048458603,144.1084368003421,146.9164276123047,1876900,0.0,0.0
2022-05-09 00:00:00-04:00,145.92677538203955,146.00723835054285,140.5924145026394,141.1073455810547,1934600,0.0,0.0
2022-05-10 00:00:00-04:00,142.29009878068712,142.99812143382167,136.01436699431304,137.0120391845703,1747000,0.0,0.0
2022-05-11 00:00:00-04:00,137.47065479994197,139.49820154111217,137.11663733817434,137.3419189453125,1593200,0.0,0.0
2022-05-12 00:00:00-04:00,137.41432112949232,138.91889526393484,136.19940879139946,138.4281005859375,1439800,0.0,0.0
2022-05-13 00:00:00-04:00,139.8442050727861,142.0407075049382,138.4522835452833,142.00048828125,1855000,0.0,0.0
2022-05-16 00:00:00-04:00,141.70274480379834,142.94984730764634,140.88208135322958,141.35678100585938,1690600,0.0,0.0
2022-05-17 00:00:00-04:00,142.48318565967577,142.64409933575598,139.48210324538337,142.24986267089844,1675600,0.0,0.0
2022-05-18 00:00:00-04:00,142.37863952199953,142.8292028555393,140.60051035542645,141.17176818847656,1634200,0.0,0.0
2022-05-19 00:00:00-04:00,140.47980391014775,144.44638111611656,140.12578641571486,143.5211181640625,1751300,0.0,0.0
2022-05-20 00:00:00-04:00,144.74408144995618,147.1900139644838,143.4728545857827,146.59461975097656,1501800,0.0,0.0
2022-05-23 00:00:00-04:00,147.99458222816412,149.3945448485813,146.5382930634219,149.0164031982422,1384500,0.0,0.0
2022-05-24 00:00:00-04:00,148.92792392364032,154.60826290061112,148.09920660982897,154.16574096679688,1447400,0.0,0.0
2022-05-25 00:00:00-04:00,152.1059689646767,154.06914764563479,150.496807721521,153.01513671875,1606100,0.0,0.0
2022-05-26 00:00:00-04:00,153.67489120799846,154.32659951530547,149.98186928197515,150.88299560546875,1106600,0.0,0.0
2022-05-27 00:00:00-04:00,151.77611133212133,156.0484331261949,150.6738396394608,155.59786987304688,1326000,0.0,0.0
2022-05-31 00:00:00-04:00,153.1841240156573,154.14961843199865,151.33358588946192,152.58872985839844,2354900,0.0,0.0
2022-06-01 00:00:00-04:00,152.91859725952082,152.91859725952082,150.18302794446262,151.3335723876953,1056000,0.0,0.0
2022-06-02 00:00:00-04:00,148.2922730810396,150.6657837903428,141.7027549069683,150.6255645751953,2695500,0.0,0.0
2022-06-03 00:00:00-04:00,149.41064987871144,150.12672628896624,147.05323406275772,147.2704620361328,1775700,0.0,0.0
2022-06-06 00:00:00-04:00,148.29224105209977,149.73244712960508,147.0692751633376,148.67039489746094,1295600,0.0,0.0
2022-06-07 00:00:00-04:00,147.96238077242234,149.69223658457548,145.42795656463917,149.6198272705078,2158500,0.0,0.0
2022-06-08 00:00:00-04:00,147.84972937916612,151.04391540257768,147.79341512012275,148.40489196777344,1274900,0.0,0.0
2022-06-09 00:00:00-04:00,147.64056370108915,149.51523827199642,144.31764136328704,144.52684020996094,1381400,0.0,0.0
2022-06-10 00:00:00-04:00,142.47514152267087,142.90156828066927,138.80625576038406,138.9108428955078,1879100,0.0,0.0
2022-06-13 00:00:00-04:00,136.10287522522825,138.14650481739812,132.95696171710824,133.5925750732422,1733800,0.0,0.0
2022-06-14 00:00:00-04:00,133.53573636074205,134.03091496672258,127.6017186903345,128.19430541992188,3224600,1.47,0.0
2022-06-15 00:00:00-04:00,130.16692083866835,132.39928141666078,128.09691127993938,130.0857391357422,2949700,0.0,0.0
2022-06-16 00:00:00-04:00,127.10657207194772,128.389166364094,124.76867742433018,125.81586456298828,2080700,0.0,0.0
2022-06-17 00:00:00-04:00,127.22022080739963,129.06293675001584,125.92951328051198,126.75750732421875,3134600,0.0,0.0
2022-06-21 00:00:00-04:00,127.45563249113842,132.13953523461032,127.44751927392436,131.47389221191406,2265300,0.0,0.0
2022-06-22 00:00:00-04:00,130.96244451128948,139.2181180113442,130.7026729810995,136.4337615966797,2495800,0.0,0.0
2022-06-23 00:00:00-04:00,137.05883345518907,140.0136669125673,136.71789256240584,139.2830810546875,1608100,0.0,0.0
2022-06-24 00:00:00-04:00,140.27342050612708,142.60318916824446,137.47282522766125,142.0511932373047,2245100,0.0,0.0
2022-06-27 00:00:00-04:00,141.677773582597,143.17954833589746,140.39517951140053,140.80918884277344,1412700,0.0,0.0
2022-06-28 00:00:00-04:00,141.2556591293686,141.36930608464004,136.2714071425976,136.8558807373047,1976600,0.0,0.0
2022-06-29 00:00:00-04:00,134.47740681897028,136.53929081574617,132.40739721978974,135.8168182373047,1988000,0.0,0.0
2022-06-30 00:00:00-04:00,137.0100962818115,138.29269021808304,135.78433200723578,136.68539428710938,2245900,0.0,0.0
2022-07-01 00:00:00-04:00,136.15777192850672,140.30590473349994,135.8249566364626,139.916259765625,1505700,0.0,0.0
2022-07-05 00:00:00-04:00,139.1450540331926,139.34799588468962,135.68691695626742,139.24246215820312,1525500,0.0,0.0
2022-07-06 00:00:00-04:00,140.26531088527895,141.83202871311792,139.25060143786172,139.43731689453125,1288100,0.0,0.0
2022-07-07 00:00:00-04:00,139.55908104113104,140.97967430790143,138.23589592037317,139.331787109375,1176700,0.0,0.0
2022-07-08 00:00:00-04:00,138.6092884988431,140.1029375953907,137.79752106986015,139.13693237304688,1027300,0.0,0.0
2022-07-11 00:00:00-04:00,138.7635562115447,140.0705025494665,136.76660245557707,139.8350830078125,1720000,0.0,0.0
2022-07-12 00:00:00-04:00,138.99082844860612,140.79295323906626,138.00858435101387,138.76353454589844,1410800,0.0,0.0
2022-07-13 00:00:00-04:00,137.09127946488383,140.04611224052573,136.75033865076213,138.73916625976562,1023500,0.0,0.0
2022-07-14 00:00:00-04:00,136.63670626418408,139.1775300180938,136.46622964567428,138.82847595214844,1269600,0.0,0.0
2022-07-15 00:00:00-04:00,140.3870918842845,142.14862610442924,139.67273242668085,140.760498046875,1558700,0.0,0.0
2022-07-18 00:00:00-04:00,140.906613653241,141.0527258675467,137.6838954696511,138.10601806640625,1702200,0.0,0.0
2022-07-19 00:00:00-04:00,139.06390280498943,140.93908394179476,138.089784181705,140.86602783203125,1580000,0.0,0.0
2022-07-20 00:00:00-04:00,140.45199987764644,141.77517232488202,138.32516085372288,138.43069458007812,1820300,0.0,0.0
2022-07-21 00:00:00-04:00,139.3074087299534,141.84011914006734,136.88834526422693,140.44387817382812,1563800,0.0,0.0
2022-07-22 00:00:00-04:00,141.1014305335043,142.09990107425244,138.72294535560852,140.32212829589844,1050800,0.0,0.0
2022-07-25 00:00:00-04:00,139.93249908089638,140.15979301184416,137.9274321720004,139.2181396484375,1116300,0.0,0.0
2022-07-26 00:00:00-04:00,139.1044965726737,141.97003521265538,138.88531585220585,141.7508544921875,1254700,0.0,0.0
2022-07-27 00:00:00-04:00,141.523562072755,142.12427456298016,139.4779166150836,140.8741455078125,1081000,0.0,0.0
2022-07-28 00:00:00-04:00,141.9051125323173,147.31960171470678,141.66970534464488,147.10043334960938,1431800,0.0,0.0
2022-07-29 00:00:00-04:00,147.35203593113633,147.9121574722644,145.7934438612866,146.65391540527344,1482500,0.0,0.0
2022-08-01 00:00:00-04:00,146.19931424368247,146.89743470576772,144.55142740642086,146.09378051757812,1043100,0.0,0.0
2022-08-02 00:00:00-04:00,145.85027426998954,147.45757055127206,144.15368306271415,144.37286376953125,1581000,0.0,0.0
2022-08-03 00:00:00-04:00,144.92484947037556,145.85026391652343,143.92637892267132,144.90049743652344,901500,0.0,0.0
2022-08-04 00:00:00-04:00,144.9573526882081,145.78534675848036,143.9264043223697,144.7787628173828,1081800,0.0,0.0
2022-08-05 00:00:00-04:00,143.65849907015004,144.85179831601565,142.22166709085667,144.81932067871094,879800,0.0,0.0
2022-08-08 00:00:00-04:00,146.572747432384,148.05017032485628,144.4865112615665,145.501220703125,1246500,0.0,0.0
2022-08-09 00:00:00-04:00,145.6229696312957,146.65391781251782,145.17649503418463,146.00450134277344,988300,0.0,0.0
2022-08-10 00:00:00-04:00,148.06636819157535,148.06636819157535,145.71224769596904,147.57931518554688,1274200,0.0,0.0
2022-08-11 00:00:00-04:00,147.9852279300147,147.9852279300147,144.656975995916,145.208984375,1315300,0.0,0.0
2022-08-12 00:00:00-04:00,146.0937876853431,147.60367562455622,145.33883752244245,147.48190307617188,1091000,0.0,0.0
2022-08-15 00:00:00-04:00,147.76606682889633,150.11207488147028,147.57936373449536,149.47889709472656,1314200,0.0,0.0
2022-08-16 00:00:00-04:00,148.50473408970794,149.6330903102711,147.49002481270557,147.99331665039062,779000,0.0,0.0
2022-08-17 00:00:00-04:00,146.46718684760103,148.4803789290935,146.38601753910402,147.31143188476562,789300,0.0,0.0
2022-08-18 00:00:00-04:00,147.75795088850734,148.2287776111567,145.78534906108695,146.9705352783203,771500,0.0,0.0
2022-08-19 00:00:00-04:00,146.57272183228417,147.70920364028794,145.57425138442667,146.23178100585938,980300,0.0,0.0
2022-08-22 00:00:00-04:00,145.30638105317024,146.22368228274507,143.2932011414606,143.68284606933594,999400,0.0,0.0
2022-08-23 00:00:00-04:00,143.41497603530013,143.41497603530013,140.25720066299118,140.52508544921875,1244400,0.0,0.0
2022-08-24 00:00:00-04:00,140.69558065926105,142.505819122769,140.44392227297968,141.92945861816406,1241900,0.0,0.0
2022-08-25 00:00:00-04:00,142.66813821270574,144.1293221909218,140.8416613365829,144.02378845214844,1331200,0.0,0.0
2022-08-26 00:00:00-04:00,143.95884068715287,144.4783713744025,140.6711799442282,140.7686004638672,1384500,0.0,0.0
2022-08-29 00:00:00-04:00,140.00555765346712,142.49767772113142,139.0152001998026,140.80108642578125,1069800,0.0,0.0
2022-08-30 00:00:00-04:00,141.4586152270059,141.4586152270059,137.5377762960825,138.13848876953125,1043800,0.0,0.0
2022-08-31 00:00:00-04:00,139.04764621666214,140.28966185688066,138.30082162135847,138.6742401123047,2380800,0.0,0.0
2022-09-01 00:00:00-04:00,138.11416543428624,139.6889968619135,137.38357940892593,139.62405395507812,1497900,0.0,0.0
2022-09-02 00:00:00-04:00,140.55750855302333,140.68739429889806,135.8817331808106,136.1820831298828,1584800,0.0,0.0
2022-09-06 00:00:00-04:00,135.7843546072262,139.35612668978496,135.7843546072262,137.3754119873047,1610000,0.0,0.0
2022-09-07 00:00:00-04:00,138.05732377926526,141.2313257297755,137.5946102946577,140.98779296875,1611000,0.0,0.0
2022-09-08 00:00:00-04:00,140.2247090864742,141.72647138683888,139.6402355510777,141.43423461914062,1629700,0.0,0.0
2022-09-09 00:00:00-04:00,141.41803276276335,142.85485243257887,140.11108648936857,141.69403076171875,1555900,0.0,0.0
2022-09-12 00:00:00-04:00,142.359674737954,144.316037553759,142.02685944817762,143.54486083984375,1273300,0.0,0.0
2022-09-13 00:00:00-04:00,141.22321817564517,142.0349858205536,136.65296237110155,137.2942657470703,1551500,0.0,0.0
2022-09-14 00:00:00-04:00,136.1232121880418,137.45799836522673,135.14055296041172,136.3443145751953,1574800,1.47,0.0
2022-09-15 00:00:00-04:00,136.22148986326528,136.34431758373307,131.2344719940382,132.331787109375,1730900,0.0,0.0
2022-09-16 00:00:00-04:00,133.20799706388382,134.08420985116643,131.9141575013268,133.65838623046875,2378500,0.0,0.0
2022-09-19 00:00:00-04:00,132.66754331943534,134.00232975689983,130.97245800789494,133.82217407226562,1443700,0.0,0.0
2022-09-20 00:00:00-04:00,132.7739916171465,132.84768825620932,130.84960718478573,132.11888122558594,2107100,0.0,0.0
2022-09-21 00:00:00-04:00,133.15886583990985,134.48545529726914,129.64585533441758,129.7031707763672,1697100,0.0,0.0
2022-09-22 00:00:00-04:00,128.9416373034616,130.23546460473702,127.8607031082369,128.63864135742188,1786100,0.0,0.0
2022-09-23 00:00:00-04:00,127.4266722040791,127.64777461257232,124.42136629938486,125.82984924316406,1587300,0.0,0.0
2022-09-26 00:00:00-04:00,124.83901098013244,125.65789594883806,121.44882770949891,123.45509338378906,2134900,0.0,0.0
2022-09-27 00:00:00-04:00,124.20846331626866,125.62514327742474,121.1130792024428,121.30961608886719,1622500,0.0,0.0
2022-09-28 00:00:00-04:00,122.69353117175214,123.5779283999753,121.07214250093922,122.89006805419922,1958300,0.0,0.0
2022-09-29 00:00:00-04:00,121.74359949969201,122.1039108043614,117.40350763968465,118.12413024902344,2217300,0.0,0.0
2022-09-30 00:00:00-04:00,119.30331720727602,119.79464054360902,117.24790855710351,118.36978912353516,2517900,0.0,0.0
2022-10-03 00:00:00-04:00,119.81923955012603,121.53889027102724,118.14870742674607,120.95748901367188,1688200,0.0,0.0
2022-10-04 00:00:00-04:00,121.91558681651291,125.04372060894434,121.78456223484253,123.12753295898438,1724700,0.0,0.0
2022-10-05 00:00:00-04:00,121.32598504273646,121.53070625973817,117.42808507410146,119.36885070800781,1846500,0.0,0.0
2022-10-06 00:00:00-04:00,119.38522834998865,119.38522834998865,112.45746884511513,112.76045227050781,2627300,0.0,0.0
2022-10-07 00:00:00-04:00,111.75324422867726,112.8751127532884,109.30477342092615,110.0172119140625,2436700,0.0,0.0
2022-10-10 00:00:00-04:00,110.01718658030582,111.4256695473304,108.0846177996343,108.60870361328125,1854700,0.0,0.0
2022-10-11 00:00:00-04:00,108.20744509621312,109.65687479968702,105.955511727142,108.52680969238281,2596000,0.0,0.0
2022-10-12 00:00:00-04:00,108.23202680378006,108.23202680378006,104.57980052593408,105.66072845458984,2759300,0.0,0.0
2022-10-13 00:00:00-04:00,103.46610650520901,108.01091397975186,102.21321360007776,107.37218475341797,2976100,0.0,0.0
2022-10-14 00:00:00-04:00,109.14916679320665,109.55860925809934,104.35050685245292,104.5306625366211,2449100,0.0,0.0
2022-10-17 00:00:00-04:00,106.36495618701204,109.82065136799913,105.95551374846089,108.88712310791016,2436000,0.0,0.0
2022-10-18 00:00:00-04:00,110.52489384031715,111.20456979375055,108.13375147743854,109.22286987304688,3189400,0.0,0.0
2022-10-19 00:00:00-04:00,107.87171745638027,109.5504342039411,106.71709910374379,107.02826690673828,2576800,0.0,0.0
2022-10-20 00:00:00-04:00,103.01572506826707,106.12749025222656,101.83652878843465,103.83460998535156,4425600,0.0,0.0
2022-10-21 00:00:00-04:00,104.57980208485023,104.57980208485023,100.64096725349435,101.20599365234375,5311200,0.0,0.0
2022-10-24 00:00:00-04:00,101.79556422833952,103.30231546082899,99.6664650660519,100.2724380493164,3355800,0.0,0.0
2022-10-25 00:00:00-04:00,102.07400211594998,104.03113649035627,101.14865819788119,103.5316162109375,5489800,0.0,0.0
2022-10-26 00:00:00-04:00,103.31870049919185,105.93912953217838,103.19586652160906,105.07111358642578,3500600,0.0,0.0
2022-10-27 00:00:00-04:00,106.04559573531151,106.04559573531151,103.47429762037882,104.81726837158203,3095200,0.0,0.0
2022-10-28 00:00:00-04:00,104.44876551795224,109.39482453307664,104.40781877625665,108.50224304199219,2973300,0.0,0.0
2022-10-31 00:00:00-04:00,107.12652701196302,109.4275915472844,106.25031418438815,109.12459564208984,3297200,0.0,0.0
2022-11-01 00:00:00-04:00,110.19735217216756,111.12268365594608,107.66698821584406,108.30571746826172,2768400,0.0,0.0
2022-11-02 00:00:00-04:00,107.76524946913383,108.91168324202614,105.3167793100105,105.50511932373047,2718500,0.0,0.0
2022-11-03 00:00:00-04:00,104.34229715112072,106.6924924708757,103.79364584803322,105.89818572998047,2224300,0.0,0.0
2022-11-04 00:00:00-04:00,106.5696759481669,106.97911838111594,104.44876714433686,106.49597930908203,2136500,0.0,0.0
2022-11-07 00:00:00-05:00,106.95455763001297,107.42131552700219,105.72623027609437,106.32401275634766,2454900,0.0,0.0
2022-11-08 00:00:00-05:00,106.25030451167412,107.29847607294475,105.65252209669727,106.30763244628906,2581600,0.0,0.0
2022-11-09 00:00:00-05:00,106.45504087209746,107.56872487641326,104.2931851572718,104.5306625366211,1558200,0.0,0.0
2022-11-10 00:00:00-05:00,109.46035957682204,113.9069117513185,108.64147455343425,113.54660034179688,3264000,0.0,0.0
2022-11-11 00:00:00-05:00,113.52200254242895,116.09330028562833,113.11256014704567,115.02874755859375,2717700,0.0,0.0
2022-11-14 00:00:00-05:00,114.68483511483262,114.6930194657327,110.6149760780841,110.63954162597656,2028100,0.0,0.0
2022-11-15 00:00:00-05:00,113.07981362192453,113.62846500928487,110.54946226232192,111.36834716796875,2057400,0.0,0.0
2022-11-16 00:00:00-05:00,111.22912874698875,112.41650925986966,110.59039957467515,111.0489730834961,2472500,0.0,0.0
2022-11-17 00:00:00-05:00,109.59956640683498,110.6149883144221,108.27297669312416,109.4194107055664,1950400,0.0,0.0
2022-11-18 00:00:00-05:00,110.20554460516648,111.39292535403482,109.58319650453313,111.23733520507812,1874300,0.0,0.0
2022-11-21 00:00:00-05:00,111.1718078380412,114.19349507239994,111.16362348743456,113.91507720947266,2105800,0.0,0.0
2022-11-22 00:00:00-05:00,114.1853107217933,114.29995410624522,112.70313107452485,113.91507720947266,2331500,0.0,0.0
2022-11-23 00:00:00-05:00,113.88233019546232,115.2662351945339,113.44012534767084,114.74214935302734,1273100,0.0,0.0
2022-11-25 00:00:00-05:00,115.75757136201625,116.51094397969302,115.00419874433946,115.61836242675781,1003500,0.0,0.0
2022-11-28 00:00:00-05:00,114.9141324558237,115.67568950088335,112.01527258610284,112.61306762695312,2629100,0.0,0.0
2022-11-29 00:00:00-05:00,112.67856552751313,114.21806061941166,112.35100407537064,113.91507720947266,1789500,0.0,0.0
2022-11-30 00:00:00-05:00,113.3418720101786,115.95411707093791,112.5721181370177,115.81489562988281,5632400,0.0,0.0
2022-12-01 00:00:00-05:00,117.48539154157831,119.0003332686052,115.32353638493656,116.04415893554688,1718700,0.0,0.0
2022-12-02 00:00:00-05:00,114.82405069012339,115.39726766607663,112.78502263081153,114.7831039428711,1734400,0.0,0.0
2022-12-05 00:00:00-05:00,113.39099672204676,114.17711925383223,112.17085368383079,113.51382446289062,2051200,0.0,0.0
2022-12-06 00:00:00-05:00,113.62847874346313,113.80863444409606,111.85969662982073,112.4083480834961,1691200,0.0,0.0
2022-12-07 00:00:00-05:00,111.859663793868,114.73394481809765,111.859663793868,113.59569549560547,1947500,0.0,0.0
2022-12-08 00:00:00-05:00,113.5711170849774,114.9140874463756,112.82592903509727,113.99694061279297,1914300,0.0,0.0
2022-12-09 00:00:00-05:00,114.08707084285068,116.33900472401766,113.73494377483993,114.49651336669922,2415400,0.0,0.0
2022-12-12 00:00:00-05:00,115.0697022511366,115.35630445060154,113.57114148102592,115.24166107177734,3033400,0.0,0.0
2022-12-13 00:00:00-05:00,119.27880069532422,121.65356236839699,117.47725606452477,118.7137680053711,2895400,0.0,0.0
2022-12-14 00:00:00-05:00,118.36194108534542,118.6682436985149,113.70131358428152,113.80892181396484,3730900,1.565,0.0
2022-12-15 00:00:00-05:00,112.68307877066748,115.47284631603954,112.26089427722162,114.23938751220703,2844800,0.0,0.0
2022-12-16 00:00:00-05:00,112.64167644704513,113.3204835018812,109.28899687910297,111.56550598144531,4387700,0.0,0.0
2022-12-19 00:00:00-05:00,111.20128032274896,111.94631473209552,109.30556172917952,110.27412414550781,1842100,0.0,0.0
2022-12-20 00:00:00-05:00,109.6201111992405,111.28402771031088,108.70122891544284,110.77078247070312,2315600,0.0,0.0
2022-12-21 00:00:00-05:00,112.10357416417713,112.89000197973616,110.74594755294875,111.34197998046875,2338300,0.0,0.0
2022-12-22 00:00:00-05:00,110.82045378682054,112.66650472032616,110.17475406449532,112.25259399414062,2563300,0.0,0.0
2022-12-23 00:00:00-05:00,111.9049227999041,113.42812421160427,111.71452736027499,113.39500427246094,978400,0.0,0.0
2022-12-27 00:00:00-05:00,113.27909863990683,113.75923665795483,111.62345552866041,113.35359954833984,1131400,0.0,0.0
2022-12-28 00:00:00-05:00,113.87513808746891,114.69468602467639,111.52412775826731,111.64002227783203,1317700,0.0,0.0
2022-12-29 00:00:00-05:00,112.56717573480412,114.80229149083927,111.52412508373571,114.57878875732422,1612400,0.0,0.0
2022-12-30 00:00:00-05:00,113.94963768652184,114.22282032910772,110.84530670016667,112.28572082519531,1401500,0.0,0.0
2023-01-03 00:00:00-05:00,113.33703436631454,114.8022691943379,112.27742395248355,114.49597930908203,1994700,0.0,0.0
2023-01-04 00:00:00-05:00,115.3155185799182,119.57879355368725,115.05889597801874,118.66819763183594,2150200,0.0,0.0
2023-01-05 00:00:00-05:00,117.3850995624524,118.37848290668711,116.00263907506294,116.51588439941406,2230500,0.0,0.0
2023-01-06 00:00:00-05:00,117.35196703659021,121.20961811825612,116.33375016535331,120.62187194824219,1923800,0.0,0.0
2023-01-09 00:00:00-05:00,121.11858481497647,121.65667647185022,120.31559679583367,120.34871673583984,2208600,0.0,0.0
2023-01-10 00:00:00-05:00,120.03411469878777,121.8387594635274,119.43808222217298,121.77254486083984,1555400,0.0,0.0
2023-01-11 00:00:00-05:00,123.27088566582394,125.73778986016978,122.99770309255801,125.48944091796875,2499900,0.0,0.0
2023-01-12 00:00:00-05:00,122.7742179471322,125.83715530270555,121.77256089726785,125.20801544189453,2337200,0.0,0.0
2023-01-13 00:00:00-05:00,124.09041776633897,125.62189234674531,123.53577896665684,124.8851318359375,1513900,0.0,0.0
2023-01-17 00:00:00-05:00,124.94310832721862,125.41497270350703,123.46958688617708,124.42986297607422,2245600,0.0,0.0
2023-01-18 00:00:00-05:00,125.00103139959391,125.29077394221382,119.9099348422313,120.24105834960938,2382300,0.0,0.0
2023-01-19 00:00:00-05:00,119.744371444537,122.13677500479017,119.28907973800337,120.23279571533203,2135800,0.0,0.0
2023-01-20 00:00:00-05:00,119.90165195372077,122.79902693610497,117.98111281951911,122.61690521240234,2159900,0.0,0.0
2023-01-23 00:00:00-05:00,122.35202966457022,122.40169693735298,119.8437313366039,119.85200500488281,2038200,0.0,0.0
2023-01-24 00:00:00-05:00,119.74439093096966,121.27586596333354,119.62022274199111,120.29075622558594,1658300,0.0,0.0
2023-01-25 00:00:00-05:00,120.1252014708655,121.41660123815876,119.34704709017443,120.4232177734375,1669700,0.0,0.0
2023-01-26 00:00:00-05:00,121.42483957308649,122.91492065233682,119.6367549095385,122.62519073486328,1608100,0.0,0.0
2023-01-27 00:00:00-05:00,122.47616398961753,122.47616398961753,119.76091102128225,120.91986846923828,1581400,0.0,0.0
2023-01-30 00:00:00-05:00,120.03410378886011,122.4927343735423,119.7609212092785,119.8271484375,1767200,0.0,0.0
2023-01-31 00:00:00-05:00,119.90995650338118,122.60865020751953,119.59538027245885,122.60865020751953,3946300,0.0,0.0
2023-02-01 00:00:00-05:00,121.80565306281906,124.33051112387658,119.95961468408504,123.43646240234375,1801700,0.0,0.0
2023-02-02 00:00:00-05:00,124.89341859526894,127.46794381984044,124.29738613847371,126.27587890625,1624600,0.0,0.0
2023-02-03 00:00:00-05:00,124.69476387375627,124.69476387375627,118.95795397511235,120.83711242675781,2617000,0.0,0.0
2023-02-06 00:00:00-05:00,119.05729825923187,121.02750490706258,117.9811277461674,120.66326141357422,1882000,0.0,0.0
2023-02-07 00:00:00-05:00,120.18313504262179,120.59704584681577,117.83212470637316,120.09208679199219,1478400,0.0,0.0
2023-02-08 00:00:00-05:00,119.46291109588215,119.62847285911067,117.8652217649753,118.72615051269531,1507500,0.0,0.0
2023-02-09 00:00:00-05:00,119.59538898146909,120.150027944263,116.54072522017808,116.72284698486328,1654800,0.0,0.0
2023-02-10 00:00:00-05:00,115.96953295781721,117.55067535508226,115.3486667147446,117.13676452636719,1630100,0.0,0.0
2023-02-13 00:00:00-05:00,117.43475323462489,118.25430103027153,116.25924827306955,117.33541870117188,1605600,0.0,0.0
2023-02-14 00:00:00-05:00,116.7228162475822,117.55063763940903,114.93471900966378,115.10028076171875,1512000,0.0,0.0
2023-02-15 00:00:00-05:00,114.34697408149316,116.0522841453008,113.8006089256464,116.00261688232422,1831000,0.0,0.0
2023-02-16 00:00:00-05:00,114.21453229622908,116.67316313873526,113.6102261437217,115.69632720947266,1649200,0.0,0.0
2023-02-17 00:00:00-05:00,115.69632961623378,116.75594013783167,114.09864016610159,116.45792388916016,1659100,0.0,0.0
2023-02-21 00:00:00-05:00,115.17481668145696,116.20130732271892,112.35194215487768,113.13009643554688,1640900,0.0,0.0
2023-02-22 00:00:00-05:00,113.4612089233525,113.78405879214785,110.48105920329245,111.11019897460938,1727700,0.0,0.0
2023-02-23 00:00:00-05:00,111.93803243231147,112.9231421104518,110.48107103304824,111.14331817626953,1697400,0.0,0.0
2023-02-24 00:00:00-05:00,110.46451969744112,110.46451969744112,107.79065938464578,108.57708740234375,2045600,0.0,0.0
2023-02-27 00:00:00-05:00,110.11682829800888,110.72113450463814,108.1217752914363,108.98270416259766,1854000,0.0,0.0
2023-02-28 00:00:00-05:00,108.7509085671125,109.42144197434628,107.90653971510531,108.23766326904297,1687200,0.0,0.0
2023-03-01 00:00:00-05:00,107.67474938159857,108.11349376938888,106.13500087470406,106.75586700439453,2021800,0.0,0.0
2023-03-02 00:00:00-05:00,106.15984598150432,107.35189846882373,105.5969207280113,107.04560852050781,1971500,0.0,0.0
2023-03-03 00:00:00-05:00,107.89825634557458,109.24760949604044,107.51746551136182,108.86680603027344,2064100,0.0,0.0
2023-03-06 00:00:00-05:00,109.3966133093975,109.48767418560044,107.54230111261677,107.73269653320312,1603900,0.0,0.0
2023-03-07 00:00:00-05:00,107.61679103629335,107.79063910277384,104.13166340754965,104.73596954345703,2368200,0.0,0.0
2023-03-08 00:00:00-05:00,104.6200937661102,108.85854272220612,104.6200937661102,107.64991760253906,2650100,0.0,0.0
2023-03-09 00:00:00-05:00,107.74924488600371,108.70952081670936,105.38994865878867,105.84525299072266,1901400,0.0,0.0
2023-03-10 00:00:00-05:00,105.77902956087156,106.40816934935717,104.14822020611774,105.03398895263672,2215900,0.0,0.0
2023-03-13 00:00:00-04:00,104.94294210595729,110.2906689173347,104.6780394449403,108.0969467163086,2447700,0.0,0.0
2023-03-14 00:00:00-04:00,109.74332223143284,110.41361537205728,107.43082432029574,109.88575744628906,2765000,1.565,0.0
2023-03-15 00:00:00-04:00,109.00603096703135,111.9050311054158,108.64574306516496,111.17609405517578,2746700,0.0,0.0
2023-03-16 00:00:00-04:00,110.83256145540514,112.34071802249674,109.3998223052531,111.03365325927734,2261900,0.0,0.0
2023-03-17 00:00:00-04:00,110.8744589597958,111.99719278369018,108.57033474064322,109.14007568359375,3556700,0.0,0.0
2023-03-20 00:00:00-04:00,108.93060815747243,110.68175225332514,108.67087256781227,109.96118927001953,1885500,0.0,0.0
2023-03-21 00:00:00-04:00,109.98632214692289,110.08686165469688,106.90297846579683,108.49492645263672,1890000,0.0,0.0
2023-03-22 00:00:00-04:00,107.5230100038423,109.04791472032268,105.57078677766887,105.6378173828125,2074200,0.0,0.0
2023-03-23 00:00:00-04:00,105.78863151238743,106.86947603317336,103.57667271388281,103.68559265136719,3191200,0.0,0.0
2023-03-24 00:00:00-04:00,103.44260144445926,108.52843138011379,102.84771927318381,108.46978759765625,2784000,0.0,0.0
2023-03-27 00:00:00-04:00,108.86358118219482,109.44170895122643,106.58459819262934,106.80244445800781,1745300,0.0,0.0
2023-03-28 00:00:00-04:00,106.03997784955311,107.25487708501126,105.7383465483212,106.8191909790039,1258800,0.0,0.0
2023-03-29 00:00:00-04:00,107.74083613591715,109.76008970960883,107.74083613591715,109.73495483398438,1838000,0.0,0.0
2023-03-30 00:00:00-04:00,111.39391610516635,111.52797729300129,110.13712123496566,111.0420150756836,1299500,0.0,0.0
2023-03-31 00:00:00-04:00,111.19285624056884,112.24018547927793,110.48066724433437,112.13963317871094,2379800,0.0,0.0
2023-04-03 00:00:00-04:00,111.08390359956847,111.54473091241455,110.07847032549012,110.78227233886719,1863100,0.0,0.0
2023-04-04 00:00:00-04:00,111.01690228440127,112.1145013104783,110.38850472430089,112.01396179199219,1539800,0.0,0.0
2023-04-05 00:00:00-04:00,112.27367845217547,114.1923797198241,111.78771622022393,112.03907775878906,2007300,0.0,0.0
2023-04-06 00:00:00-04:00,112.83504565262773,113.34614276150867,111.72068596327162,112.62557983398438,1149600,0.0,0.0
2023-04-10 00:00:00-04:00,111.74583978750789,112.56695514086752,110.6482407572611,112.29045867919922,1312200,0.0,0.0
2023-04-11 00:00:00-04:00,112.47477488178788,113.51371719972488,111.46932868603284,112.70098876953125,1574400,0.0,0.0
2023-04-12 00:00:00-04:00,113.84048272242474,114.00806561060529,111.55311948828938,112.06421661376953,1924100,0.0,0.0
2023-04-13 00:00:00-04:00,111.98881296704413,112.69261507836865,111.32689379335265,112.21502685546875,1469500,0.0,0.0
2023-04-14 00:00:00-04:00,112.3239601555582,112.45802136169586,107.48111095066278,108.31060028076172,1895500,0.0,0.0
2023-04-17 00:00:00-04:00,108.60383605151688,111.14256080895532,108.14302146774907,110.74876403808594,1800000,0.0,0.0
2023-04-18 00:00:00-04:00,110.33820686796436,110.96660426804637,109.3998041749708,110.9330825805664,1642100,0.0,0.0
2023-04-19 00:00:00-04:00,110.18740383931978,112.34909280243376,109.89415933959512,111.89665222167969,1885000,0.0,0.0
2023-04-20 00:00:00-04:00,110.12036147053085,110.12036147053085,105.72996619648656,106.34998321533203,3631300,0.0,0.0
2023-04-21 00:00:00-04:00,106.425399344922,106.75217193070317,104.3558822509081,105.54564666748047,3102200,0.0,0.0
2023-04-24 00:00:00-04:00,106.6516275711692,107.47273647438571,103.87830190268335,104.29723358154297,2328100,0.0,0.0
2023-04-25 00:00:00-04:00,104.26371019086535,105.07643860758004,102.21932171107909,102.41203308105469,2024200,0.0,0.0
2023-04-26 00:00:00-04:00,102.21932254989684,103.05718584948616,100.39278030109654,100.66089630126953,1976500,0.0,0.0
2023-04-27 00:00:00-04:00,100.73631489229666,103.40909467201271,100.73631489229666,103.03205871582031,2133100,0.0,0.0
2023-04-28 00:00:00-04:00,102.8477207919199,103.71909939708077,101.9260724339733,103.1325912475586,2241400,0.0,0.0
2023-05-01 00:00:00-04:00,102.79745822952854,103.31692942435578,101.77526390212115,102.25284576416016,2061000,0.0,0.0
2023-05-02 00:00:00-04:00,102.31148314637501,103.03204606105898,98.83434934037946,99.30355072021484,2437900,0.0,0.0
2023-05-03 00:00:00-04:00,99.65547383098175,100.85361873652725,98.51597910714587,98.75057983398438,2398900,0.0,0.0
2023-05-04 00:00:00-04:00,98.85112227126048,99.99061056269507,97.82892794673621,98.53273010253906,2870600,0.0,0.0
2023-05-05 00:00:00-04:00,98.9600456175306,99.87331364532827,98.14731710551813,99.28681182861328,2382300,0.0,0.0
2023-05-08 00:00:00-04:00,98.82597060386158,99.56329437605503,96.91564336206854,97.50215148925781,1854500,0.0,0.0
2023-05-09 00:00:00-04:00,96.87376220497035,98.41542769070398,95.87670277932065,98.07190704345703,1782700,0.0,0.0
2023-05-10 00:00:00-04:00,98.71705797925948,100.20845369436726,98.69192310196507,99.6638412475586,2139800,0.0,0.0
2023-05-11 00:00:00-04:00,98.84273531102896,99.30355629426543,96.57212651703115,97.77027130126953,2053500,0.0,0.0
2023-05-12 00:00:00-04:00,97.84567593052304,98.54948443217127,96.76483149782776,97.77027130126953,2336200,0.0,0.0
2023-05-15 00:00:00-04:00,97.97134942467768,98.40703549912016,94.99693235006282,95.43262481689453,2422200,0.0,0.0
2023-05-16 00:00:00-04:00,95.43263659121884,95.67561772916336,93.29608249741041,93.37986755371094,1880900,0.0,0.0
2023-05-17 00:00:00-04:00,93.66474237291939,96.01913628327546,93.32959576263774,95.8934555053711,2528800,0.0,0.0
2023-05-18 00:00:00-04:00,95.54155668288948,95.97724920419547,94.26800720480514,95.50804138183594,2628300,0.0,0.0
2023-05-19 00:00:00-04:00,95.96048179684428,96.29562839207634,94.5026014588329,94.7455825805664,1371800,0.0,0.0
2023-05-22 00:00:00-04:00,95.12262635482236,97.15025415433853,94.98019111762109,96.40455627441406,1816600,0.0,0.0
2023-05-23 00:00:00-04:00,96.02752595413219,96.98268973036615,94.56126498628647,94.64505004882812,2140300,0.0,0.0
2023-05-24 00:00:00-04:00,94.77072915572374,95.29858079351305,92.86040163718292,92.93580627441406,1793300,0.0,0.0
2023-05-25 00:00:00-04:00,93.01121116917182,95.0639737953461,92.34929836344301,94.05854034423828,3581700,0.0,0.0
2023-05-26 00:00:00-04:00,94.32666567090702,94.39369627890329,93.12014029653677,93.63961791992188,2119300,0.0,0.0
2023-05-30 00:00:00-04:00,94.4020713800204,96.29564452682668,93.52231861156821,94.01665496826172,2130800,0.0,0.0
2023-05-31 00:00:00-04:00,93.62284732030322,95.16451918168909,93.00283024189312,94.85450744628906,8181000,0.0,0.0
2023-06-01 00:00:00-04:00,94.61991396789931,95.21479621449939,93.89097050902238,93.97476196289062,2534600,0.0,0.0
2023-06-02 00:00:00-04:00,95.18966748028903,96.0694266635753,94.83776636393087,95.51643371582031,3240800,0.0,0.0
2023-06-05 00:00:00-04:00,95.79291620223879,96.51347917855202,94.4271948810826,94.510986328125,1992100,0.0,0.0
2023-06-06 00:00:00-04:00,94.77909996649268,95.24830137471625,93.07823207690278,94.67017364501953,1853900,0.0,0.0
2023-06-07 00:00:00-04:00,95.08910648458773,96.39617761181773,93.84907234958293,96.27887725830078,1782600,0.0,0.0
2023-06-08 00:00:00-04:00,95.73426781252236,96.97430198627183,95.00532439941433,96.823486328125,2690300,0.0,0.0
2023-06-09 00:00:00-04:00,97.05808325641834,97.05808325641834,94.1925922557965,95.48290252685547,1921400,0.0,0.0
2023-06-12 00:00:00-04:00,96.04426935923667,96.622397091321,94.92991601010351,96.48834228515625,1956500,0.0,0.0
2023-06-13 00:00:00-04:00,96.35427793554653,97.09159532631482,95.48289935060788,96.85699462890625,3235800,0.0,0.0
2023-06-14 00:00:00-04:00,97.32839316765791,98.24570572716554,96.5384926904419,97.1755142211914,1618600,1.565,0.0
2023-06-15 00:00:00-04:00,97.18401119432596,99.55373226184805,96.78480996530028,99.28193664550781,1984800,0.0,0.0
2023-06-16 00:00:00-04:00,98.27968732919757,99.37536521041379,97.18400944798135,97.34539031982422,3983600,0.0,0.0
2023-06-20 00:00:00-04:00,96.92919695778633,97.16701728878189,95.3323921980424,95.51075744628906,2341600,0.0,0.0
2023-06-21 00:00:00-04:00,94.95868682355332,95.59570840829062,93.96492822647296,95.26445770263672,1835900,0.0,0.0
2023-06-22 00:00:00-04:00,94.83126948715433,94.83126948715433,91.40834163180789,93.1325454711914,5884100,0.0,0.0
2023-06-23 00:00:00-04:00,93.1750149547232,94.66139855278014,92.5804641075477,92.95418548583984,8885700,0.0,0.0
2023-06-26 00:00:00-04:00,92.62293429378236,94.33864278629474,92.0283769697535,94.10082244873047,5610700,0.0,0.0
2023-06-27 00:00:00-04:00,94.44905227697406,95.18799955348598,93.64216096501427,94.58495330810547,4194500,0.0,0.0
2023-06-28 00:00:00-04:00,94.46604795725865,96.50451816722811,93.04761489319971,96.47054290771484,5070300,0.0,0.0
2023-06-29 00:00:00-04:00,95.85899522531642,96.90370684976871,95.26444442116616,96.89521789550781,2825000,0.0,0.0
2023-06-30 00:00:00-04:00,97.66814004368938,97.96541546433974,95.45130458093955,96.77631378173828,3495800,0.0,0.0
2023-07-03 00:00:00-04:00,96.73385012293008,98.5769643451334,96.30067363269492,98.07584381103516,1154000,0.0,0.0
2023-07-05 00:00:00-04:00,97.93144345757405,100.29266883537932,97.60019278832038,100.11430358886719,2260300,0.0,0.0
2023-07-06 00:00:00-04:00,99.09505833793804,99.83400557612923,98.3985817898024,99.10355377197266,2051400,0.0,0.0
2023-07-07 00:00:00-04:00,98.15227273143728,99.21397525399131,97.93993222692647,98.12679290771484,1919200,0.0,0.0
2023-07-10 00:00:00-04:00,97.48978032255957,98.16927259127107,97.03961944858858,97.80404663085938,1775000,0.0,0.0
2023-07-11 00:00:00-04:00,97.7700570005387,98.51749320217881,97.2519456798176,98.47502899169922,1979100,0.0,0.0
2023-07-12 00:00:00-04:00,99.87646500281627,100.48800662167054,98.7128433203848,98.89970397949219,2073300,0.0,0.0
2023-07-13 00:00:00-04:00,98.17775233257103,98.3306377546769,97.09056998875944,97.99089813232422,3427800,0.0,0.0
2023-07-14 00:00:00-04:00,97.69361179618281,98.55146920785022,97.01412610228549,98.22871398925781,1989700,0.0,0.0
2023-07-17 00:00:00-04:00,97.67663116895241,98.13528743205555,92.80978399945623,93.42132568359375,3993600,0.0,0.0
2023-07-18 00:00:00-04:00,93.66763623017964,95.66363554693676,92.63141359864069,93.90545654296875,3588400,0.0,0.0
2023-07-19 00:00:00-04:00,95.74009413828679,97.5577284605191,95.45130766310271,96.40259552001953,2957400,0.0,0.0
2023-07-20 00:00:00-04:00,91.28942735502172,93.41283227928133,87.67114354965038,91.30641174316406,8369700,0.0,0.0
2023-07-21 00:00:00-04:00,91.13653585003446,92.1557675535103,90.06633802530284,91.11954498291016,4882900,0.0,0.0
2023-07-24 00:00:00-04:00,91.62917731732364,94.8142850637838,91.0431218984554,94.67839050292969,4448500,0.0,0.0
2023-07-25 00:00:00-04:00,94.83977292127435,94.95868309401224,93.4722994546702,93.87998962402344,3893900,0.0,0.0
2023-07-26 00:00:00-04:00,94.27918123014253,96.1562704572006,94.10081598921315,95.51924896240234,3503900,0.0,0.0
2023-07-27 00:00:00-04:00,96.25820522361597,97.39634729021412,93.40434814184479,93.51476287841797,3880700,0.0,0.0
2023-07-28 00:00:00-04:00,94.2452113411192,94.54248675960132,92.4190816559889,92.52950286865234,2817300,0.0,0.0
2023-07-31 00:00:00-04:00,92.68239673540775,93.33640271562523,91.68863813153108,91.97742462158203,3862200,0.0,0.0
2023-08-01 00:00:00-04:00,92.15577616702602,92.76731783831728,91.4677950268822,91.94343566894531,3941700,0.0,0.0
2023-08-02 00:00:00-04:00,91.53574266394754,91.64616387457072,89.54823863414654,90.8817367553711,3166900,0.0,0.0
2023-08-03 00:00:00-04:00,90.61844478864955,90.84776970507058,88.5205193586721,89.12356567382812,2293900,0.0,0.0
2023-08-04 00:00:00-04:00,88.80929326162048,89.87099581679524,87.64567140842455,88.17227172851562,2176600,0.0,0.0
2023-08-07 00:00:00-04:00,88.26570813973021,88.63093410302301,87.54375164860308,88.20625305175781,1851200,0.0,0.0
2023-08-08 00:00:00-04:00,87.48429267982188,88.57147508601433,86.80480043589245,88.36763000488281,2125200,0.0,0.0
2023-08-09 00:00:00-04:00,88.07884453735552,89.20849765171705,87.90047927931712,88.8687515258789,2592800,0.0,0.0
2023-08-10 00:00:00-04:00,88.1637841685138,89.4887869046957,88.1637841685138,88.91971588134766,3246600,0.0,0.0
2023-08-11 00:00:00-04:00,88.57147118417735,89.14903762203836,88.37612154673323,88.68189239501953,2692100,0.0,0.0
2023-08-14 00:00:00-04:00,88.38461573417639,88.57147642809431,87.36538383295662,87.58621978759766,2581900,0.0,0.0
2023-08-15 00:00:00-04:00,86.80480096200672,87.62019425171137,86.29518501603008,87.22099304199219,1875200,0.0,0.0
2023-08-16 00:00:00-04:00,87.39934873636354,87.39934873636354,84.21424132235697,84.80879211425781,2989300,0.0,0.0
2023-08-17 00:00:00-04:00,84.97017588976333,86.10831786777418,84.63892522570836,84.7578353881836,3445400,0.0,0.0
2023-08-18 00:00:00-04:00,84.13780275407967,85.64117721421034,83.95094206591716,85.13156127929688,2458400,0.0,0.0
2023-08-21 00:00:00-04:00,84.98716417897558,84.98716417897558,83.1865207902174,84.29068756103516,2966000,0.0,0.0
2023-08-22 00:00:00-04:00,84.3671372195604,84.57098230495046,83.32241900671434,83.84053039550781,2147000,0.0,0.0
2023-08-23 00:00:00-04:00,84.47753750124359,84.94468915877786,83.95093076730653,84.51151275634766,3766100,0.0,0.0
2023-08-24 00:00:00-04:00,84.97018904802528,85.86201540469538,84.01890112079164,84.56249237060547,2393800,0.0,0.0
2023-08-25 00:00:00-04:00,84.64741245113116,85.42032843226305,84.0868304708691,84.68138122558594,2243300,0.0,0.0
2023-08-28 00:00:00-04:00,84.91073295142266,85.53076367583873,84.71537681077999,84.82579803466797,2192500,0.0,0.0
2023-08-29 00:00:00-04:00,85.05512548604844,86.15929887703547,84.57948475398952,85.44583129882812,3346800,0.0,0.0
2023-08-30 00:00:00-04:00,85.83652788066524,86.03188400610578,84.97018142899438,85.63268280029297,2863600,0.0,0.0
2023-08-31 00:00:00-04:00,86.099840628395,86.29519028756222,84.92771675291677,85.36089324951172,4362300,0.0,0.0
2023-09-01 00:00:00-04:00,85.78557057159591,85.90448074506786,84.35014657453229,84.74085235595703,1719800,0.0,0.0
2023-09-05 00:00:00-04:00,84.74085840737729,85.70913721498063,84.55400417866255,84.92771911621094,3143500,0.0,0.0
2023-09-06 00:00:00-04:00,84.75784221459756,84.99566255870211,83.51777436311069,84.08684539794922,2276000,0.0,0.0
2023-09-07 00:00:00-04:00,83.87450877243141,85.24198229462434,83.87450877243141,84.99566650390625,3779700,0.0,0.0
2023-09-08 00:00:00-04:00,85.25047081949859,85.27595064403866,84.22274352230103,84.29068756103516,2987900,0.0,0.0
2023-09-11 00:00:00-04:00,84.2991866947632,84.7153723007878,83.42434478653826,83.6876449584961,2486100,0.0,0.0
2023-09-12 00:00:00-04:00,83.33940379260778,83.46680291160112,81.49628328304945,83.19500732421875,2542600,0.0,0.0
2023-09-13 00:00:00-04:00,83.67065796113796,83.67065796113796,82.15879453809357,82.7618408203125,3423800,0.0,0.0
2023-09-14 00:00:00-04:00,82.68846973407608,85.28678342195968,82.63667824999129,85.14002990722656,2835900,1.565,0.0
2023-09-15 00:00:00-04:00,84.803373131412,85.90830204477567,84.44081956657001,84.95012664794922,4574400,0.0,0.0
2023-09-18 00:00:00-04:00,85.08825490347834,85.8133687505878,84.14734096891976,84.19049835205078,3292000,0.0,0.0
2023-09-19 00:00:00-04:00,83.87109981764044,84.21638518974846,83.0596647042147,83.70708465576172,3014800,0.0,0.0
2023-09-20 00:00:00-04:00,84.24226317357342,84.5875550587811,83.33587938403502,83.5085220336914,3676500,0.0,0.0
2023-09-21 00:00:00-04:00,83.12872008552637,83.40495232037063,80.15921862152857,80.1937484741211,4574300,0.0,0.0
2023-09-22 00:00:00-04:00,80.71167562748616,80.71167562748616,79.08881222108577,79.39957427978516,3532500,0.0,0.0
2023-09-25 00:00:00-04:00,78.81258654034399,79.83119413137088,78.38960078958401,79.68444061279297,4303900,0.0,0.0
2023-09-26 00:00:00-04:00,78.73489011136328,79.46863133630038,78.38959818612946,78.62267303466797,3789800,0.0,0.0
2023-09-27 00:00:00-04:00,78.64856422738497,78.89890069405229,76.6286108624362,77.43141174316406,4427600,0.0,0.0
2023-09-28 00:00:00-04:00,77.94934373738862,79.77075190243731,77.81122435715055,79.48588562011719,3610300,0.0,0.0
2023-09-29 00:00:00-04:00,80.746207624083,81.00517162262193,78.98522477325702,79.44273376464844,4198400,0.0,0.0
2023-10-02 00:00:00-04:00,79.14923325028377,79.5808464640628,78.13062580232948,78.49317932128906,3216600,0.0,0.0
2023-10-03 00:00:00-04:00,78.0356808646743,78.51908562164114,76.00709980423608,76.34375762939453,3376100,0.0,0.0
2023-10-04 00:00:00-04:00,76.60270228285653,77.69036929706583,75.9380209099973,77.06021118164062,3589800,0.0,0.0
2023-10-05 00:00:00-04:00,76.80990178134219,77.89756249907532,76.28333305578582,77.52637481689453,4258300,0.0,0.0
2023-10-06 00:00:00-04:00,76.65451531912606,78.96796258701208,76.058886930643,78.70899200439453,2938100,0.0,0.0
2023-10-09 00:00:00-04:00,78.32918029844971,80.7203216825482,78.32918029844971,80.43545532226562,3308700,0.0,0.0
2023-10-10 00:00:00-04:00,80.15920864636313,80.89294981143229,79.90023807709393,80.37501525878906,2378300,0.0,0.0
2023-10-11 00:00:00-04:00,80.7203062265462,81.72164547200903,79.90887126567998,81.60942840576172,3445700,0.0,0.0
2023-10-12 00:00:00-04:00,81.54037396336122,81.8425019195654,80.53903465338517,81.410888671875,2609300,0.0,0.0
2023-10-13 00:00:00-04:00,81.88566060305095,82.30000560603727,81.29003225212615,81.60942840576172,3092600,0.0,0.0
2023-10-16 00:00:00-04:00,81.0569723717828,82.19643112636696,80.42681410796246,81.64396667480469,5127300,0.0,0.0
2023-10-17 00:00:00-04:00,81.14328549986216,81.90292239744927,80.14193966650656,80.62535095214844,3651700,0.0,0.0
2023-10-18 00:00:00-04:00,80.48723026146176,80.79799230225426,78.26011108364219,78.49317932128906,5802700,0.0,0.0
2023-10-19 00:00:00-04:00,75.99846304048233,76.74947247816593,73.37425364907841,74.14252471923828,8487000,0.0,0.0
2023-10-20 00:00:00-04:00,74.28926245040645,75.73085555482295,74.16841128034444,74.35832214355469,4481800,0.0,0.0
2023-10-23 00:00:00-04:00,73.62459454200874,75.73949699255674,73.13255566324186,74.76405334472656,4355300,0.0,0.0
2023-10-24 00:00:00-04:00,74.9712188188115,76.18837132249088,74.9712188188115,76.06752014160156,3024100,0.0,0.0
2023-10-25 00:00:00-04:00,75.35967938795399,75.75676280505375,74.6604614138929,75.32514953613281,3373600,0.0,0.0
2023-10-26 00:00:00-04:00,75.65317598697133,79.5031656947439,75.4287352349606,78.95933532714844,3848000,0.0,0.0
2023-10-27 00:00:00-04:00,78.9334361677277,78.9334361677277,76.83579543221855,77.57817077636719,2992600,0.0,0.0
2023-10-30 00:00:00-04:00,77.82849490066289,78.55360191091883,76.4904913546355,77.84575653076172,3595900,0.0,0.0
2023-10-31 00:00:00-04:00,78.5795065130847,80.46134052908215,78.38959563110126,80.26280212402344,3604700,0.0,0.0
2023-11-01 00:00:00-04:00,80.27142963027632,80.59945991214096,79.02838796046467,79.78802490234375,3834000,0.0,0.0
2023-11-02 00:00:00-04:00,81.16054595715573,84.88105634457126,81.16054595715573,84.2077407836914,3558100,0.0,0.0
2023-11-03 00:00:00-04:00,85.45941708790512,87.28082539311491,84.87242284851199,84.94148254394531,4020100,0.0,0.0
2023-11-06 00:00:00-05:00,84.58755961428618,84.95874725834332,83.59484786056169,83.84518432617188,2988200,0.0,0.0
2023-11-07 00:00:00-05:00,83.87971043264783,84.2163682127143,83.22366308917701,83.35314178466797,2398500,0.0,0.0
2023-11-08 00:00:00-05:00,83.62076412587598,83.8797281574752,82.77479914983388,83.45674896240234,2126500,0.0,0.0
2023-11-09 00:00:00-05:00,83.64664635845175,83.87108708496612,82.10147018502896,82.54171752929688,2584200,0.0,0.0
2023-11-10 00:00:00-05:00,83.30998458457955,83.45673149703168,80.91021616346346,82.55897521972656,1974200,0.0,0.0
2023-11-13 00:00:00-05:00,82.18779754245341,82.73162788815354,81.05697288997875,82.47266387939453,4142600,0.0,0.0
2023-11-14 00:00:00-05:00,85.23498202147745,88.46345384512365,85.03644361631305,87.5052719116211,4946000,0.0,0.0
2023-11-15 00:00:00-05:00,86.9873333825769,89.68923660080073,86.9873333825769,89.13677215576172,3400300,0.0,0.0
2023-11-16 00:00:00-05:00,89.5770158306396,90.22443574050108,89.10224518161205,89.879150390625,2745600,0.0,0.0
2023-11-17 00:00:00-05:00,90.46613304091696,90.46613304091696,89.00727825798126,89.70648956298828,2512700,0.0,0.0
2023-11-20 00:00:00-05:00,89.34395042639643,90.28486423100951,88.80012005559314,90.1467514038086,2991300,0.0,0.0
2023-11-21 00:00:00-05:00,90.03452985748916,90.6646815372963,89.26625877143094,89.43026733398438,2275300,0.0,0.0
2023-11-22 00:00:00-05:00,90.5265796898055,90.5265796898055,88.60158139369777,88.99866485595703,2080300,0.0,0.0
2023-11-24 00:00:00-05:00,88.9727546572584,89.63743616121984,87.94551301978613,89.41300201416016,1193500,0.0,0.0
2023-11-27 00:00:00-05:00,93.13351390471706,94.11759166547176,92.25302570305614,92.4947280883789,6304300,0.0,0.0
2023-11-28 00:00:00-05:00,92.27028035884115,96.44830005712316,92.27028035884115,95.93035888671875,5348600,0.0,0.0
2023-11-29 00:00:00-05:00,96.86264444200194,100.44503572187674,96.84538280985525,100.11701202392578,7393100,0.0,0.0
2023-11-30 00:00:00-05:00,100.13426797754168,101.49816734612648,99.75444623289904,101.23919677734375,5697100,0.0,0.0
2023-12-01 00:00:00-05:00,101.28236135678925,102.58582855956266,99.78897669463176,102.3527603149414,4672300,0.0,0.0
2023-12-04 00:00:00-05:00,101.99020834865529,102.62035998118851,100.67810043128736,102.2319107055664,4712500,0.0,0.0
2023-12-05 00:00:00-05:00,103.1383003040843,103.15556193548463,101.59312415089389,101.81755828857422,3329000,0.0,0.0
2023-12-06 00:00:00-05:00,102.22328822431379,102.71532710282027,101.0061421925961,101.0751953125,6380500,0.0,0.0
2023-12-07 00:00:00-05:00,101.3082625385959,102.82754302222261,101.00613458085932,101.54996490478516,3794700,0.0,0.0
2023-12-08 00:00:00-05:00,102.07652845720786,102.87069521638693,98.8307951374777,100.19469451904297,4391200,0.0,0.0
2023-12-11 00:00:00-05:00,99.83214725433655,100.09974536509914,98.49414352873235,98.85669708251953,3642200,0.0,0.0
2023-12-12 00:00:00-05:00,98.66677851933952,98.82215953220046,97.77764980992175,98.38191223144531,3241500,0.0,0.0
2023-12-13 00:00:00-05:00,98.5373072653689,101.1269867909455,97.33742294539006,100.79032897949219,4295500,0.0,0.0
2023-12-14 00:00:00-05:00,102.36960948823581,102.94708228439771,99.33351829261974,100.2259750366211,7682500,1.565,0.0
2023-12-15 00:00:00-05:00,99.99849228295079,99.99849228295079,97.71486183582495,98.72980499267578,8435400,0.0,0.0
2023-12-18 00:00:00-05:00,98.70356675924278,99.81476216926184,98.23109075916022,98.36233520507812,4618400,0.0,0.0
2023-12-19 00:00:00-05:00,98.73854552727333,100.35720889486107,98.48480809716328,99.73599243164062,4647600,0.0,0.0
2023-12-20 00:00:00-05:00,100.63720087816165,101.90588811701384,99.78850114987021,100.10348510742188,5141800,0.0,0.0
2023-12-21 00:00:00-05:00,100.99593537015905,101.97588620364378,99.16727813161408,100.26972198486328,4991700,0.0,0.0
2023-12-22 00:00:00-05:00,100.76844365981371,101.77464202580862,100.09473206322879,100.47096252441406,1412700,0.0,0.0
2023-12-26 00:00:00-05:00,100.6196980689625,101.46840441638575,100.12972602317937,101.13591766357422,1554000,0.0,0.0
2023-12-27 00:00:00-05:00,101.24968131564871,101.8446503224523,100.61096193724227,101.57341003417969,1442400,0.0,0.0
2023-12-28 00:00:00-05:00,101.41591611501022,102.15087423293735,100.97843913756724,101.59090423583984,1410600,0.0,0.0
2023-12-29 00:00:00-05:00,100.64595386797829,101.54715538693236,100.05973631152435,100.78594970703125,2353800,0.0,0.0
2024-01-02 00:00:00-05:00,100.208467540045,102.3958522560169,100.04222416551326,102.03712463378906,2231200,0.0,0.0
2024-01-03 00:00:00-05:00,101.03967837092134,101.45090109279325,99.28101917914883,99.29851531982422,2027600,0.0,0.0
2024-01-04 00:00:00-05:00,99.1060316515678,100.6284563411599,98.71230504154472,99.7447509765625,2293100,0.0,0.0
2024-01-05 00:00:00-05:00,98.86980639362997,100.50597284947175,98.5898213682026,99.54351806640625,2650300,0.0,0.0
2024-01-08 00:00:00-05:00,98.97478232974116,101.07466623824314,98.44105994497593,100.40970611572266,2620300,0.0,0.0
2024-01-09 00:00:00-05:00,99.62225357815852,100.13847318529403,99.00103709779285,99.53475952148438,2174300,0.0,0.0
2024-01-10 00:00:00-05:00,99.25478606569826,99.98974423758624,98.88730030438485,99.2285385131836,2471400,0.0,0.0
2024-01-11 00:00:00-05:00,98.79978974020041,99.12352507635325,97.63609948698516,98.62480163574219,2771900,0.0,0.0
2024-01-12 00:00:00-05:00,99.62224901429346,100.19097036967428,98.5460528079348,98.61605072021484,1944200,0.0,0.0
2024-01-16 00:00:00-05:00,97.99484012553427,98.70355067246702,96.74365573905958,96.97114562988281,5121300,0.0,0.0
2024-01-17 00:00:00-05:00,95.50997555271985,97.04988968501637,93.92630437778874,94.93250274658203,4237800,0.0,0.0
2024-01-18 00:00:00-05:00,95.02875658458386,96.00870748948115,93.96131161281721,94.31129455566406,3975200,0.0,0.0
2024-01-19 00:00:00-05:00,94.97626308893139,95.31749462826274,93.5150847784385,94.46878814697266,4177200,0.0,0.0
2024-01-22 00:00:00-05:00,94.85375587220263,96.33242342970476,94.48627015949288,95.15998840332031,2457900,0.0,0.0
2024-01-23 00:00:00-05:00,95.37872673256211,96.34117468975339,94.33752945299389,94.4512710571289,2410000,0.0,0.0
2024-01-24 00:00:00-05:00,94.91500857753714,95.34373414910291,92.15890226673343,92.36013793945312,3217400,0.0,0.0
2024-01-25 00:00:00-05:00,95.34373175600307,97.21613265055207,94.24128792427881,96.95364379882812,3736100,0.0,0.0
2024-01-26 00:00:00-05:00,96.91864509265896,97.26862800407947,94.81000956636163,95.0199966430664,2424900,0.0,0.0
2024-01-29 00:00:00-05:00,94.8974997364097,95.43122215249568,93.53257378071103,95.32622528076172,2416400,0.0,0.0
2024-01-30 00:00:00-05:00,94.94999302910833,95.21248186576767,94.11878950530105,94.47752380371094,2471200,0.0,0.0
2024-01-31 00:00:00-05:00,94.53002847125485,96.87490539650882,93.83006261954327,94.7137680053711,2645400,0.0,0.0
2024-02-01 00:00:00-05:00,94.46877417813162,97.21612890543055,94.33752975732567,97.17237854003906,2388200,0.0,0.0
2024-02-02 00:00:00-05:00,95.75496766544016,96.04369741146395,92.69262867281748,94.77501678466797,3629900,0.0,0.0
2024-02-05 00:00:00-05:00,93.49758601663302,93.7775710327404,91.8264206538204,92.38639068603516,2965200,0.0,0.0
2024-02-06 00:00:00-05:00,92.25514902498915,94.35503321934196,91.87891854968328,94.19754791259766,3061000,0.0,0.0
2024-02-07 00:00:00-05:00,94.42503005308025,94.49502797218523,93.32259286633708,93.50633239746094,2436800,0.0,0.0
2024-02-08 00:00:00-05:00,93.00759892116929,94.06629230134557,92.7276139501753,94.05754089355469,3003400,0.0,0.0
2024-02-09 00:00:00-05:00,93.80381906641958,94.95875809821138,93.410092430156,94.84501647949219,2641000,0.0,0.0
2024-02-12 00:00:00-05:00,94.9325037304276,95.43997862434699,94.48627534609372,94.66127014160156,1860600,0.0,0.0
2024-02-13 00:00:00-05:00,92.11514719398994,92.66637243321951,90.47023623530035,92.07140350341797,2992100,0.0,0.0
2024-02-14 00:00:00-05:00,92.21140267527733,93.11260423845067,91.73017529913169,92.57013702392578,2313500,0.0,0.0
2024-02-15 00:00:00-05:00,93.37509368512374,94.97626113699903,93.13010762862534,94.48628234863281,2273700,0.0,0.0
2024-02-16 00:00:00-05:00,93.15636089517322,94.74877703545953,92.65763734231899,94.68753051757812,2949700,0.0,0.0
2024-02-20 00:00:00-05:00,94.67001226783181,96.62116246295794,94.0400510474581,95.29998016357422,4592600,0.0,0.0
2024-02-21 00:00:00-05:00,95.59747820515781,95.59747820515781,93.58508128667648,94.22380065917969,3170500,0.0,0.0
2024-02-22 00:00:00-05:00,94.22380208543933,94.5737783588472,92.95511473054249,94.46878814697266,3478100,0.0,0.0
2024-02-23 00:00:00-05:00,94.54753716133436,95.61498222294243,93.78633137259776,95.09876251220703,1709200,0.0,0.0
2024-02-26 00:00:00-05:00,94.72252042780538,95.17749356352789,92.19390394137814,92.68387603759766,2898800,0.0,0.0
2024-02-27 00:00:00-05:00,93.08635311729732,93.71632104905555,91.16145703725303,92.43013763427734,3389200,0.0,0.0
2024-02-28 00:00:00-05:00,92.3163945343719,95.54497011961006,92.23764520648517,94.9937515258789,2787900,0.0,0.0
2024-02-29 00:00:00-05:00,95.77245539898718,97.0061436318691,95.41372776254127,96.19243621826172,4368400,0.0,0.0
2024-03-01 00:00:00-05:00,95.85994768271657,97.31237436899703,94.57376437448157,97.17237854003906,2603400,0.0,0.0
2024-03-04 00:00:00-05:00,97.1198891681674,99.06228801958979,96.97989333095512,98.69480895996094,2371200,0.0,0.0
2024-03-05 00:00:00-05:00,98.35357131616603,100.40096024242287,97.30362262867122,97.61860656738281,2375900,0.0,0.0
2024-03-06 00:00:00-05:00,98.43232178331363,98.43232178331363,96.7524117603003,98.05609130859375,2117900,0.0,0.0
2024-03-07 00:00:00-05:00,98.53731558208635,98.73855125101139,96.98864336291064,97.65361022949219,2145100,0.0,0.0
2024-03-08 00:00:00-05:00,98.5723062287061,99.74474121069007,98.1873243896698,98.79978942871094,3379100,0.0,0.0
2024-03-11 00:00:00-04:00,98.12609034345168,99.07978697894576,97.53112136911906,98.22233581542969,1749100,0.0,0.0
2024-03-12 00:00:00-04:00,97.77610621750614,98.3098286736178,96.03494968506283,97.09364318847656,1597400,0.0,0.0
2024-03-13 00:00:00-04:00,97.09364081051827,97.81110278184555,96.13119280147467,96.32367706298828,1881000,0.0,0.0
2024-03-14 00:00:00-04:00,95.3340435934195,96.07072268014844,92.84884106202668,94.25120544433594,2736900,1.565,0.0
2024-03-15 00:00:00-04:00,93.19500616187055,94.38434870440962,93.07962430631518,93.87843322753906,3214800,0.0,0.0
2024-03-18 00:00:00-04:00,93.58552112989769,93.86066606918307,92.40504966194472,92.6180648803711,3478900,0.0,0.0
2024-03-19 00:00:00-04:00,92.7512141288568,93.2748780204447,92.22755023726891,92.8044662475586,2622100,0.0,0.0
2024-03-20 00:00:00-04:00,91.96127259878024,92.99085189372849,91.55299057047039,92.76895904541016,2428300,0.0,0.0
2024-03-21 00:00:00-04:00,93.27486623148036,93.5855216089975,91.8103789792161,92.00564575195312,3337900,0.0,0.0
2024-03-22 00:00:00-04:00,92.1387823013527,92.24529330417442,90.99381441463994,91.24234008789062,1814500,0.0,0.0
2024-03-25 00:00:00-04:00,91.30447740800021,92.41394171939095,91.08258454572207,91.88139343261719,2533800,0.0,0.0
2024-03-26 00:00:00-04:00,91.7660072505361,91.7660072505361,90.47015380859375,90.47015380859375,2538700,0.0,0.0
2024-03-27 00:00:00-04:00,91.37547055371073,93.83404706012051,91.25121110266102,93.71865844726562,2595600,0.0,0.0
2024-03-28 00:00:00-04:00,93.99380086194454,94.54409072729509,93.41687816975276,93.93167114257812,2074200,0.0,0.0
2024-04-01 00:00:00-04:00,93.70090907449887,93.80742007647554,92.09440706490217,92.53819274902344,2108100,0.0,0.0
2024-04-02 00:00:00-04:00,91.81039094114168,92.09441352804659,91.24234576733188,91.2867202758789,2721500,0.0,0.0
2024-04-03 00:00:00-04:00,90.81630356557697,91.09144852716616,89.5115725501419,90.68316650390625,2691300,0.0,0.0
2024-04-04 00:00:00-04:00,91.41097338096887,91.87251428488067,89.54707486072735,89.91985321044922,2009500,0.0,0.0
2024-04-05 00:00:00-04:00,89.27192844023511,90.20387429926619,88.89915009662269,89.4494400024414,2585600,0.0,0.0
2024-04-08 00:00:00-04:00,89.64470423018277,89.91097833753902,88.8192626233366,88.92577362060547,2416200,0.0,0.0
2024-04-09 00:00:00-04:00,89.57370880966567,90.55891365760608,89.280808606952,90.53228759765625,2106600,0.0,0.0
2024-04-10 00:00:00-04:00,88.59737489404131,88.91690113261988,85.74827157640927,86.7157211303711,2932100,0.0,0.0
2024-04-11 00:00:00-04:00,87.4524039086525,87.55891490828975,85.89915404834397,86.1654281616211,3495900,0.0,0.0
2024-04-12 00:00:00-04:00,86.08553975822086,86.2364320278822,85.41099043586549,85.83702087402344,2690100,0.0,0.0
2024-04-15 00:00:00-04:00,85.84590317340471,86.48495563718801,84.36366062479362,84.89620208740234,2954900,0.0,0.0
2024-04-16 00:00:00-04:00,84.31928480515447,84.38141453361928,82.87254582996952,83.39620971679688,4055200,0.0,0.0
2024-04-17 00:00:00-04:00,83.78672845486946,84.05299577038815,82.37548662758448,82.58850860595703,3985800,0.0,0.0
2024-04-18 00:00:00-04:00,84.93171056996816,85.63289279795131,82.08260715042093,83.76011657714844,4938200,0.0,0.0
2024-04-19 00:00:00-04:00,83.76011652929587,84.81632190412266,83.25420109567712,84.49679565429688,5055700,0.0,0.0
2024-04-22 00:00:00-04:00,84.31927434734094,84.59441928618381,83.21868782033778,84.3902816772461,3280300,0.0,0.0
2024-04-23 00:00:00-04:00,84.39916110037393,85.47312845245298,84.11513852349243,84.73644256591797,2484500,0.0,0.0
2024-04-24 00:00:00-04:00,83.84887064368063,84.90508276907298,83.24532182511818,84.7098159790039,2968200,0.0,0.0
2024-04-25 00:00:00-04:00,84.15063684933695,84.38140729453667,83.11218000338609,83.61809539794922,3334100,0.0,0.0
2024-04-26 00:00:00-04:00,83.76010393612603,84.68317887776993,82.98791448653883,83.05892181396484,2697300,0.0,0.0
2024-04-29 00:00:00-04:00,83.81336403106505,84.62992805936678,83.64472330526914,84.60330200195312,2476200,0.0,0.0
2024-04-30 00:00:00-04:00,83.82223524142985,84.31927299955777,83.19206043476578,83.23643493652344,4982600,0.0,0.0
2024-05-01 00:00:00-04:00,83.36957678300233,85.69501614681772,82.76602799698477,84.52342224121094,4364100,0.0,0.0
2024-05-02 00:00:00-04:00,85.03821489725755,85.77490079510636,84.34591027870371,85.5973892211914,3212100,0.0,0.0
2024-05-03 00:00:00-04:00,86.98200139724696,87.30152765839604,85.89916315353429,86.44058227539062,4119400,0.0,0.0
2024-05-06 00:00:00-04:00,86.84885432794209,86.98199138336547,84.345903418184,85.1358413696289,2930500,0.0,0.0
2024-05-07 00:00:00-04:00,86.03230098596532,86.89324637659304,84.90508822311114,85.33999633789062,3120200,0.0,0.0
2024-05-08 00:00:00-04:00,84.67431007518482,86.50270493095611,84.48792090003036,86.36956787109375,2574800,0.0,0.0
2024-05-09 00:00:00-04:00,86.82222478543284,89.10328276844905,86.67133928877234,88.65061950683594,3209100,0.0,0.0
2024-05-10 00:00:00-04:00,88.65062454570358,88.7837616033492,87.7808084094653,88.32222747802734,3087200,0.0,0.0
2024-05-13 00:00:00-04:00,88.54411417780328,89.17428898389274,88.30446613633042,88.79263305664062,2902000,0.0,0.0
2024-05-14 00:00:00-04:00,89.75122642038919,90.02637139977415,88.96128838078559,89.69796752929688,1854300,0.0,0.0
2024-05-15 00:00:00-04:00,91.39323319858492,92.1654160254679,91.05595171407717,91.88139343261719,2776300,0.0,0.0
2024-05-16 00:00:00-04:00,91.19795974566435,92.83108784255114,91.19795974566435,92.3251724243164,3030400,0.0,0.0
2024-05-17 00:00:00-04:00,92.68020299296109,92.68020299296109,90.87843415327679,91.32221984863281,3284900,0.0,0.0
2024-05-20 00:00:00-04:00,90.79856201786764,91.06482938981236,89.14767857960585,89.30744171142578,2814800,0.0,0.0
2024-05-21 00:00:00-04:00,89.17430973764066,89.58259181526984,88.68614270371818,89.4228286743164,1787400,0.0,0.0
2024-05-22 00:00:00-04:00,89.15655311610244,89.31631625454821,88.51750733395241,88.9524154663086,1974600,0.0,0.0
2024-05-23 00:00:00-04:00,88.56186781378433,88.88139404005095,87.43465518396684,87.8784408569336,1997700,0.0,0.0
2024-05-24 00:00:00-04:00,88.16247691577487,88.18022536589304,86.4583412958453,87.08851623535156,2094800,0.0,0.0
2024-05-28 00:00:00-04:00,87.43465855298899,88.22459653957706,86.68909507242826,86.7157211303711,2226500,0.0,0.0
2024-05-29 00:00:00-04:00,86.10329578785638,87.17725627418932,85.96128112604454,86.86660766601562,2083600,0.0,0.0
2024-05-30 00:00:00-04:00,87.52340644965263,88.49085591643438,87.06186558146022,88.42872619628906,2709900,0.0,0.0
2024-05-31 00:00:00-04:00,89.0145421140441,91.16246341187053,88.74826796865318,90.97607421875,3191100,0.0,0.0
2024-06-03 00:00:00-04:00,91.41097556766911,92.31630217765873,90.93168620443325,91.51748657226562,2891900,0.0,0.0
2024-06-04 00:00:00-04:00,91.43760553447929,92.51157292141286,90.89619319329277,91.97015380859375,2213300,0.0,0.0
2024-06-05 00:00:00-04:00,91.65060434624147,92.27190147988166,90.67427737696505,90.86953735351562,1961100,0.0,0.0
2024-06-06 00:00:00-04:00,90.41689769004324,90.81630209696431,89.89322706170873,90.21275329589844,1940300,0.0,0.0
2024-06-07 00:00:00-04:00,88.75714497479427,89.64471642454221,88.10034399803796,89.30744171142578,2324800,0.0,0.0
2024-06-10 00:00:00-04:00,88.94353444334484,89.27193831856103,88.32223713524156,88.62400817871094,2137000,0.0,0.0
2024-06-11 00:00:00-04:00,89.91984557544757,90.12398995246566,88.70387723722538,88.98789978027344,3052500,0.0,0.0
2024-06-12 00:00:00-04:00,91.304473609821,91.6417483086657,88.24234817478441,88.46424102783203,2304400,0.0,0.0
2024-06-13 00:00:00-04:00,88.6861327533347,89.3784373625802,87.78081290392885,88.60625457763672,3203000,0.0,0.0
2024-06-14 00:00:00-04:00,88.00661591911799,89.39524574705638,87.82627724202659,89.35917663574219,2013600,1.565,0.0
2024-06-17 00:00:00-04:00,88.31320515980785,88.54764407802578,86.80734891097747,86.87046813964844,2595000,0.0,0.0
2024-06-18 00:00:00-04:00,86.90652619195491,87.91644060163229,85.84251155872522,85.96875,3006800,0.0,0.0
2024-06-20 00:00:00-04:00,85.64414467303348,87.17704401429614,85.18427211886295,86.93358612060547,2868100,0.0,0.0
2024-06-21 00:00:00-04:00,87.37542422619345,88.07875470259985,86.09500172404438,87.01473999023438,3595900,0.0,0.0
2024-06-24 00:00:00-04:00,86.85242943756548,89.12472835075357,86.69012188094636,87.85332489013672,2706300,0.0,0.0
2024-06-25 00:00:00-04:00,87.4746055626636,87.58280600915654,86.14909505729257,86.24828338623047,1681500,0.0,0.0
2024-06-26 00:00:00-04:00,85.66218261126346,87.03277450607254,85.37363658712052,86.50077056884766,3409300,0.0,0.0
2024-06-27 00:00:00-04:00,86.67209566317715,87.83529873809745,86.55486932820176,87.8172607421875,2728400,0.0,0.0
2024-06-28 00:00:00-04:00,88.31320116995806,88.79110486251595,87.49264435482684,88.09678649902344,9395100,0.0,0.0
2024-07-01 00:00:00-04:00,87.420502791363,88.1508902387742,86.2843567700201,86.54585266113281,2230300,0.0,0.0
2024-07-02 00:00:00-04:00,86.89752863044771,87.05983620777168,85.68021836077783,85.9236831665039,2099800,0.0,0.0
2024-07-03 00:00:00-04:00,86.62700865577423,87.65495429237626,86.10401683940343,87.15901947021484,1085400,0.0,0.0
2024-07-05 00:00:00-04:00,86.83440220440048,87.24016767434978,85.84251882544946,86.62700653076172,1245100,0.0,0.0
2024-07-08 00:00:00-04:00,86.80734468539906,87.3393554835688,86.46469844350439,87.1229476928711,1783900,0.0,0.0
2024-07-09 00:00:00-04:00,86.95162603426702,87.57380620701423,86.05893782776714,87.51969909667969,2084600,0.0,0.0
2024-07-10 00:00:00-04:00,88.36728933861576,88.45745866612678,87.10489811502552,88.18695068359375,2282900,0.0,0.0
2024-07-11 00:00:00-04:00,89.7919866341238,92.42496947943881,89.26899491184821,92.28069305419922,2363400,0.0,0.0
2024-07-12 00:00:00-04:00,92.5151468951751,94.18330365087265,92.5151468951751,93.37177276611328,1963800,0.0,0.0
2024-07-15 00:00:00-04:00,93.17340461841533,93.56113898123563,92.26267843979464,92.98404693603516,2865700,0.0,0.0
2024-07-16 00:00:00-04:00,93.79557838905768,94.13823152234289,92.59631306099902,93.6873779296875,1712300,0.0,0.0
2024-07-17 00:00:00-04:00,93.85869978886315,95.27438670686261,93.71443021320437,95.24732971191406,2166800,0.0,0.0
2024-07-18 00:00:00-04:00,94.67924003561062,96.88841955131667,93.67834466201872,94.7153091430664,2733800,0.0,0.0
2024-07-19 00:00:00-04:00,95.15716167576706,95.45472670897286,93.52507381157541,94.75139617919922,3313700,0.0,0.0
2024-07-22 00:00:00-04:00,94.76040749603366,95.13011075467145,93.50703502317886,93.72344970703125,1731100,0.0,0.0
2024-07-23 00:00:00-04:00,93.58818603627572,94.99484699052921,93.12831346296991,94.0390396118164,3479900,0.0,0.0
2024-07-24 00:00:00-04:00,94.2464243475886,95.82441179406275,93.66032022819593,95.1030502319336,2311000,0.0,0.0
2024-07-25 00:00:00-04:00,95.80638817026686,98.50249072052166,94.74237341940847,95.15715789794922,2458600,0.0,0.0
2024-07-26 00:00:00-04:00,95.58998045084209,96.98762245760481,95.4186538845404,96.95155334472656,1631800,0.0,0.0
2024-07-29 00:00:00-04:00,96.8163020423659,98.00655524047342,95.77031841520606,97.50159454345703,2155600,0.0,0.0
2024-07-30 00:00:00-04:00,97.83521086260689,98.91725652588578,97.51961478410709,98.66477966308594,1595700,0.0,0.0
2024-07-31 00:00:00-04:00,98.19591111810863,99.97227532435484,97.8262078802898,99.25992584228516,2598800,0.0,0.0
2024-08-01 00:00:00-04:00,99.92719014068702,101.29778203730473,99.50338666228157,101.25270080566406,2232900,0.0,0.0
2024-08-02 00:00:00-04:00,102.29866711051038,104.27340784873033,101.98307100335812,103.88567352294922,2632900,0.0,0.0
2024-08-05 00:00:00-04:00,103.24547383073516,104.37260782452049,99.7648835075677,99.8821029663086,3694800,0.0,0.0
2024-08-06 00:00:00-04:00,99.6386347145619,102.9028168985655,99.37713882959252,101.86585235595703,3113500,0.0,0.0
2024-08-07 00:00:00-04:00,101.26171087639433,102.74050998164016,100.03538866041302,100.33294677734375,2186500,0.0,0.0
2024-08-08 00:00:00-04:00,99.39518644786367,100.42313209273178,98.93531385532374,99.99932861328125,2215200,0.0,0.0
2024-08-09 00:00:00-04:00,100.29688810873253,100.48624578240536,98.76398184457989,99.76487731933594,2017700,0.0,0.0
2024-08-12 00:00:00-04:00,99.4222353441038,99.94522027878959,98.33117048457338,99.84603881835938,2585400,0.0,0.0
2024-08-13 00:00:00-04:00,100.25179838625584,100.4050869463598,99.097614367507,99.50337982177734,1504700,0.0,0.0
2024-08-14 00:00:00-04:00,99.50338231010338,100.12556244305782,99.01645962511462,99.37714385986328,1684700,0.0,0.0
2024-08-15 00:00:00-04:00,99.23288359779741,99.26894583312188,97.7721154058685,98.43937683105469,2018600,0.0,0.0
2024-08-16 00:00:00-04:00,98.40330676365112,99.16976340674064,97.98852226663287,99.04351806640625,1563700,0.0,0.0
2024-08-19 00:00:00-04:00,99.04351562264983,99.66569579256588,98.43937344925658,98.7369384765625,1542500,0.0,0.0
2024-08-20 00:00:00-04:00,98.6287242421325,99.1877851441028,98.16885855514418,99.16975402832031,1434800,0.0,0.0
2024-08-21 00:00:00-04:00,99.01645001930834,99.34106511114254,98.04261162328466,98.79102325439453,1452200,0.0,0.0
2024-08-22 00:00:00-04:00,98.59265545583956,98.76398201399533,97.83522475984897,98.72791290283203,1491200,0.0,0.0
2024-08-23 00:00:00-04:00,99.11565574470238,101.57731947664519,98.9623671687281,101.33385467529297,1194300,0.0,0.0
2024-08-26 00:00:00-04:00,101.71257798300196,102.69543555852894,101.51420129229518,101.87488555908203,1088700,0.0,0.0
2024-08-27 00:00:00-04:00,101.18956871751864,102.46999110864525,101.18956871751864,102.37982177734375,1536600,0.0,0.0
2024-08-28 00:00:00-04:00,102.33473205566406,103.06511945047201,101.82977830476781,102.33473205566406,1549700,0.0,0.0
2024-08-29 00:00:00-04:00,101.74863637366595,101.74863637366595,99.73783318543498,100.7026596069336,1818000,0.0,0.0
2024-08-30 00:00:00-04:00,101.01825056510597,101.73961903440792,100.29688897528361,101.00923156738281,3511000,0.0,0.0
2024-09-03 00:00:00-04:00,100.74774254806312,103.08316075633651,100.12556241528128,102.20850372314453,3110100,0.0,0.0
2024-09-04 00:00:00-04:00,102.68640050152563,103.73238402368473,101.72157419445497,102.64131927490234,1992400,0.0,0.0
2024-09-05 00:00:00-04:00,103.48892194734599,103.48892194734599,102.01012283788137,102.6773910522461,2057000,0.0,0.0
2024-09-06 00:00:00-04:00,102.73148942756934,105.00378827599589,102.5601628783878,104.70623016357422,3016200,0.0,0.0
2024-09-09 00:00:00-04:00,104.48981906085515,106.23011408549337,104.15619182781532,105.98665618896484,3438700,0.0,0.0
2024-09-10 00:00:00-04:00,106.41046928295486,108.30405303924317,106.09487313682015,108.15076446533203,3262600,0.0,0.0
2024-09-11 00:00:00-04:00,107.21297038140095,108.48437375359055,105.77925258440202,108.33108520507812,2582300,0.0,0.0
2024-09-12 00:00:00-04:00,108.20485222317045,108.43027899863539,106.04977280008399,107.36626434326172,2210100,0.0,0.0
2024-09-13 00:00:00-04:00,107.70890864001966,108.79623360803166,106.82260940739364,108.59521484375,1703500,1.565,0.0
2024-09-16 00:00:00-04:00,109.08863091419535,110.4866162813714,108.69573247358794,109.87442779541016,1434000,0.0,0.0
2024-09-17 00:00:00-04:00,109.64600158523423,110.17595893262808,108.81451606041578,109.22569274902344,1384300,0.0,0.0
2024-09-18 00:00:00-04:00,109.2987883450158,109.32619872917975,107.36170653453955,107.61754608154297,2236600,0.0,0.0
2024-09-19 00:00:00-04:00,107.1150033024545,108.01044169353025,104.50177319027853,105.23274230957031,2387800,0.0,0.0
2024-09-20 00:00:00-04:00,104.56573712474449,105.71701510071173,104.36471834354562,105.37894439697266,4667600,0.0,0.0
2024-09-23 00:00:00-04:00,105.99113486035257,106.84089165143926,105.24188746173566,106.77693176269531,2874900,0.0,0.0
2024-09-24 00:00:00-04:00,106.15559517241451,107.80941999242165,105.99112590509691,107.2520523071289,1441800,0.0,0.0
2024-09-25 00:00:00-04:00,107.25204577535386,107.6997719025708,106.19213820582682,106.67640686035156,1777600,0.0,0.0
2024-09-26 00:00:00-04:00,106.48453169191009,106.74037122042826,104.60227775686566,104.87638854980469,3574700,0.0,0.0
2024-09-27 00:00:00-04:00,105.86320498712074,107.26119025856461,105.69873572159179,106.54849243164062,2269800,0.0,0.0
2024-09-30 00:00:00-04:00,106.904855087484,108.54954795419509,106.23783882178859,108.39421081542969,2339900,0.0,0.0
2024-10-01 00:00:00-04:00,108.91501770927064,109.05207659572861,107.36170225235918,108.8327865600586,1421300,0.0,0.0
2024-10-02 00:00:00-04:00,107.8002806723438,109.24394751039556,103.98094524865185,105.79010009765625,5299800,0.0,0.0
2024-10-03 00:00:00-04:00,105.66218110734609,105.66218110734609,103.3870288535657,104.42866516113281,2655500,0.0,0.0
2024-10-04 00:00:00-04:00,102.36366970869848,102.36366970869848,100.92913492377582,101.86112976074219,3314600,0.0,0.0
2024-10-07 00:00:00-04:00,101.02964668189175,101.9525024226257,100.56364925245713,101.60528564453125,2351200,0.0,0.0
2024-10-08 00:00:00-04:00,102.04386827166887,102.58295770952668,101.23066107046024,102.42762756347656,2073200,0.0,0.0
2024-10-09 00:00:00-04:00,101.7971766065504,102.19920719726974,101.01137971995112,101.85199737548828,2749600,0.0,0.0
2024-10-10 00:00:00-04:00,100.5636362700271,102.37279801650178,100.20728739090545,100.45399475097656,2047400,0.0,0.0
2024-10-11 00:00:00-04:00,101.02963424485193,101.42253262304662,100.262115722483,101.2489242553711,1243200,0.0,0.0
2024-10-14 00:00:00-04:00,100.91999643724581,102.72915838607875,100.63674651987827,102.3636703491211,1276100,0.0,0.0
2024-10-15 00:00:00-04:00,103.3687590581461,105.37893981155963,103.11291951906364,104.43781280517578,2866000,0.0,0.0
2024-10-16 00:00:00-04:00,104.54745321355615,105.89061775039183,104.40126218041253,105.69873809814453,2110900,0.0,0.0
2024-10-17 00:00:00-04:00,102.33627066729586,103.18602747935958,101.00224511834409,102.10784149169922,3863400,0.0,0.0
2024-10-18 00:00:00-04:00,102.25403831968862,103.27739655293948,101.05706471314679,102.68347930908203,2336200,0.0,0.0
2024-10-21 00:00:00-04:00,102.51900719187766,103.36876397055873,100.47228381084662,100.68244171142578,2111300,0.0,0.0
2024-10-22 00:00:00-04:00,99.79612037024671,100.7829358942113,99.34840122313652,100.29866027832031,3016200,0.0,0.0
2024-10-23 00:00:00-04:00,100.50882987987426,101.15756785438452,99.89664140730743,101.13015747070312,3753600,0.0,0.0
2024-10-24 00:00:00-04:00,101.23981468843591,102.31800068968079,101.23981468843591,101.83372497558594,2609400,0.0,0.0
2024-10-25 00:00:00-04:00,102.06214160164521,102.43676875439965,99.48546106419533,99.51287841796875,1873700,0.0,0.0
2024-10-28 00:00:00-04:00,100.3443592081415,100.91999817074199,99.57684059134084,99.64080047607422,1727200,0.0,0.0
2024-10-29 00:00:00-04:00,98.47123113773499,99.45804670094958,96.99101476401725,97.41132354736328,1974200,0.0,0.0
2024-10-30 00:00:00-04:00,97.76768135752698,99.36668549187905,97.76768135752698,98.5077896118164,2234300,0.0,0.0
2024-10-31 00:00:00-04:00,97.72198527750709,99.5676966698081,97.53924475025745,98.21539306640625,1702700,0.0,0.0
2024-11-01 00:00:00-04:00,98.71794418716958,99.0468827271444,97.23772075728286,97.38391876220703,1815700,0.0,0.0
2024-11-04 00:00:00-05:00,98.21539425769832,99.08342920042352,97.81336369865188,99.01033020019531,1975500,0.0,0.0
2024-11-05 00:00:00-05:00,98.19713154630215,99.65907682268207,97.86819298772853,99.32099914550781,2142200,0.0,0.0
2024-11-06 00:00:00-05:00,96.98188090392281,97.78594901507341,93.2630545618064,94.5422592163086,3666200,0.0,0.0
2024-11-07 00:00:00-05:00,95.13617552883407,96.10471290046625,94.48743757508944,95.2184066772461,2634800,0.0,0.0
2024-11-08 00:00:00-05:00,95.90369644523342,97.03670311212547,95.34632874442502,96.71690368652344,1606700,0.0,0.0
2024-11-11 00:00:00-05:00,95.5747630014976,96.96361625408784,94.94430323484093,95.11790466308594,1576700,0.0,0.0
2024-11-12 00:00:00-05:00,94.35951630622752,94.67932271375663,92.76051215300153,93.42752838134766,1929000,0.0,0.0
2024-11-13 00:00:00-05:00,94.57881165205022,95.17272886411575,93.25391833727255,93.89352416992188,2316700,0.0,0.0
2024-11-14 00:00:00-05:00,93.4914748466754,94.95341989695062,93.09857646087295,94.03970336914062,2404200,0.0,0.0
2024-11-15 00:00:00-05:00,93.9300715250215,95.17272668856344,93.84783340407151,94.84378814697266,2293400,0.0,0.0
2024-11-18 00:00:00-05:00,94.11281430495112,95.7300896970802,94.03971530038699,95.56562042236328,1580600,0.0,0.0
2024-11-19 00:00:00-05:00,95.46511751185419,96.186947522106,94.5514008728365,95.45597839355469,2254700,0.0,0.0
2024-11-20 00:00:00-05:00,95.20927163693209,95.77577846652724,94.7432811670974,95.36460876464844,6769100,0.0,0.0
2024-11-21 00:00:00-05:00,95.17272288579066,95.94938058919567,94.4600180934181,95.48338317871094,1456000,0.0,0.0
2024-11-22 00:00:00-05:00,96.22350515103265,96.67123136116072,95.86715618940765,96.34229278564453,1541900,0.0,0.0
2024-11-25 00:00:00-05:00,97.08239314424691,98.12402955770622,96.56157493751726,96.92706298828125,4158000,0.0,0.0
2024-11-26 00:00:00-05:00,96.58897824213236,97.63061457924752,96.04988880937286,97.1280746459961,2914000,0.0,0.0
2024-11-27 00:00:00-05:00,97.65803770410528,98.2245445637452,97.45702588723803,97.49356842041016,1977200,0.0,0.0
2024-11-29 00:00:00-05:00,97.43873109442566,98.06005861936356,97.00015105982476,97.08238220214844,1838400,0.0,0.0
2024-12-02 00:00:00-05:00,96.99101428689795,97.07324543120923,95.85800770383848,96.23262786865234,2514900,0.0,0.0
2024-12-03 00:00:00-05:00,96.26003936317127,96.68948726692929,95.62957966951548,95.65699005126953,1938500,0.0,0.0
2024-12-04 00:00:00-05:00,95.4285559349811,96.0772938300649,93.97574303779605,94.52397155761719,3404000,0.0,0.0
2024-12-05 00:00:00-05:00,93.93007517834094,94.6975938245016,93.91179694137243,94.40520477294922,2284800,0.0,0.0
2024-12-06 00:00:00-05:00,94.97170593188251,95.0265266973006,92.65086492408898,93.0620346069336,2965100,0.0,0.0
2024-12-09 00:00:00-05:00,92.78791938704215,93.90264773368094,92.71482038923183,93.19908905029297,4257000,0.0,0.0
2024-12-10 00:00:00-05:00,92.19399854154335,93.33614419500374,91.5269824126368,91.88333129882812,3232700,0.0,0.0
2024-12-11 00:00:00-05:00,91.69146811500922,92.40416601524974,90.34830347019974,90.62242126464844,2749800,0.0,0.0
2024-12-12 00:00:00-05:00,90.5493232880877,91.19806130649393,90.1564248294918,90.24779510498047,3351700,0.0,0.0
2024-12-13 00:00:00-05:00,89.63967456117717,90.763070943602,89.60253661258386,90.15959167480469,3698400,1.565,0.0
2024-12-16 00:00:00-05:00,89.97391828283803,90.71665608119085,88.72982166850333,88.86908721923828,8087800,0.0,0.0
2024-12-17 00:00:00-05:00,89.03619523159927,90.12245366468925,87.99635392171466,88.08919525146484,5386900,0.0,0.0
2024-12-18 00:00:00-05:00,87.73639809966485,88.7019635425085,86.13021541990102,86.25091552734375,6212700,0.0,0.0
2024-12-19 00:00:00-05:00,85.46174520097719,86.1302069805184,84.19908336739,84.23622131347656,7923700,0.0,0.0
2024-12-20 00:00:00-05:00,83.99483065264371,85.23892000776279,83.22423418641013,84.17123413085938,8378400,0.0,0.0
2024-12-23 00:00:00-05:00,83.76272584359386,84.5426015031855,83.08497068703883,84.25479125976562,3638400,0.0,0.0
2024-12-24 00:00:00-05:00,83.76272803152769,84.78399683862405,83.46563152249347,84.48690032958984,1323900,0.0,0.0
2024-12-26 00:00:00-05:00,84.0319679688252,84.68186433104633,83.84627823437695,84.61687469482422,2270600,0.0,0.0
2024-12-27 00:00:00-05:00,84.25478022945472,85.43387982233301,83.90198039392274,84.07837677001953,2915300,0.0,0.0
2024-12-30 00:00:00-05:00,84.18980367303503,84.23622788009696,82.55576933454036,83.35421752929688,2356900,0.0,0.0
2024-12-31 00:00:00-05:00,83.55846183138247,84.84897528633341,83.17780321637034,84.26406860351562,3087200,0.0,0.0
2025-01-02 00:00:00-05:00,84.2733651959752,84.40335156902978,82.72289289485181,82.87144470214844,2463100,0.0,0.0
2025-01-03 00:00:00-05:00,82.86214478995596,83.80913761374349,82.305089771061,83.54917907714844,2108300,0.0,0.0
2025-01-06 00:00:00-05:00,83.27993690875223,83.27993690875223,81.94300623792441,82.20296478271484,2427500,0.0,0.0
2025-01-07 00:00:00-05:00,82.18439480798881,82.67646730679715,81.01458132027204,81.20026397705078,2891700,0.0,0.0
2025-01-08 00:00:00-05:00,80.91245567081829,81.26525556047845,79.80762471152269,81.2374038696289,3431500,0.0,0.0
2025-01-10 00:00:00-05:00,79.94688836453967,80.17899522726721,78.17358853329843,78.2942886352539,4120800,0.0,0.0
2025-01-13 00:00:00-05:00,78.4149864217348,79.67764839841334,78.2200174951897,79.5940933227539,4525900,0.0,0.0
2025-01-14 00:00:00-05:00,79.5940875276865,81.06099749917672,79.47338742718,80.46680450439453,2557900,0.0,0.0
2025-01-15 00:00:00-05:00,82.41650521921908,82.7228879911012,80.22542285819976,80.43895721435547,3053900,0.0,0.0
2025-01-16 00:00:00-05:00,80.47609107422109,84.24550422761486,80.47609107422109,84.16194915771484,4297800,0.0,0.0
2025-01-17 00:00:00-05:00,84.6075921781581,85.08109216776289,84.23622685952003,84.5426025390625,4990600,0.0,0.0
2025-01-21 00:00:00-05:00,84.92325179890845,86.0744997426023,84.08766575778444,84.20835876464844,4255100,0.0,0.0
2025-01-22 00:00:00-05:00,83.43777546995678,83.77200991056608,81.88729628249835,82.10083770751953,3213600,0.0,0.0
2025-01-23 00:00:00-05:00,81.76659595230389,82.40721308672047,80.8660202947439,82.2957992553711,2284000,0.0,0.0
2025-01-24 00:00:00-05:00,82.24009443047011,82.87142529696823,81.72945656663398,82.15653228759766,1714500,0.0,0.0
2025-01-27 00:00:00-05:00,84.53331741853728,86.6222790639706,84.06910371955209,85.81454467773438,4198500,0.0,0.0
2025-01-28 00:00:00-05:00,85.38748047488916,85.65672530672153,82.96428407173771,83.32637023925781,2251200,0.0,0.0
2025-01-29 00:00:00-05:00,82.9457042621524,83.39135255094875,81.2931045488487,81.5994873046875,2644300,0.0,0.0
2025-01-30 00:00:00-05:00,82.6393401438482,83.24281948214677,81.79446765356214,82.65790557861328,2704400,0.0,0.0
2025-01-31 00:00:00-05:00,82.48148905588636,83.57703370097082,82.25866845717029,82.88999938964844,2567600,0.0,0.0
2025-02-03 00:00:00-05:00,82.62074764459025,83.5955991924927,81.62733066641262,82.93641662597656,2125500,0.0,0.0
2025-02-04 00:00:00-05:00,82.35150820029354,82.85285985027346,81.60877052440173,82.21224975585938,1732500,0.0,0.0
2025-02-05 00:00:00-05:00,83.4006316519433,83.79985570104925,82.20295950462545,83.41919708251953,1570800,0.0,0.0
2025-02-06 00:00:00-05:00,83.79057440447984,83.95769162291374,83.00141251650712,83.78128814697266,1741700,0.0,0.0
2025-02-07 00:00:00-05:00,83.69773916614574,83.9205597791487,82.60219445081678,83.10354614257812,1532600,0.0,0.0
2025-02-10 00:00:00-05:00,83.37279055987149,83.62346286286986,82.35151466492381,83.25209045410156,1875500,0.0,0.0
2025-02-11 00:00:00-05:00,83.01998220985492,84.77470955181703,82.98284426125886,84.69115447998047,1769100,0.0,0.0
2025-02-12 00:00:00-05:00,83.30780029296875,83.98554838178397,82.50006584122374,83.30780029296875,2078000,0.0,0.0
2025-02-13 00:00:00-05:00,83.61417869658753,84.14338209023657,83.24281336186797,83.43778228759766,2445500,0.0,0.0
2025-02-14 00:00:00-05:00,82.88999839047912,84.02268096891925,81.66447448730469,81.66447448730469,3411300,0.0,0.0
2025-02-18 00:00:00-05:00,81.58091607498564,83.75343273471289,81.46950223986934,82.9178466796875,4455800,0.0,0.0
2025-02-19 00:00:00-05:00,82.86215844335739,83.40064811979762,82.63933781575248,82.87144470214844,1647000,0.0,0.0
2025-02-20 00:00:00-05:00,82.6393293790154,84.89540836779221,82.18439482811924,84.700439453125,2658800,0.0,0.0
2025-02-21 00:00:00-05:00,84.44975181163925,86.06521343462867,84.30120711738229,85.59172058105469,3041900,0.0,0.0
2025-02-24 00:00:00-05:00,85.32249084629653,86.8543976770982,84.73757697301706,85.93524932861328,2140200,0.0,0.0
2025-02-25 00:00:00-05:00,86.50158705741188,89.15689023056399,86.16735259622213,86.65013885498047,4404600,0.0,0.0
2025-02-26 00:00:00-05:00,85.43388635177696,86.07450352534858,84.43119014170092,85.0718002319336,3345700,0.0,0.0
2025-02-27 00:00:00-05:00,85.07181306144562,87.22576467398193,84.80256822446108,86.76155090332031,2201700,0.0,0.0
2025-02-28 00:00:00-05:00,87.34645531980865,88.25631024501168,86.53872089640907,87.36502075195312,3198300,0.0,0.0
2025-03-03 00:00:00-05:00,87.14220656636697,89.19403051137299,86.99365476491543,88.99906158447266,2162500,0.0,0.0
2025-03-04 00:00:00-05:00,89.58396124623854,90.68879216088295,87.43929613742449,87.46714782714844,2583800,0.0,0.0
2025-03-05 00:00:00-05:00,86.41802789826103,88.47913795037633,86.37160369288073,87.85708618164062,2011400,0.0,0.0
2025-03-06 00:00:00-05:00,88.1449009615675,88.83193526466847,86.25090818679755,88.36772155761719,2899100,0.0,0.0
2025-03-07 00:00:00-05:00,88.8876460546662,90.98589416883358,88.60912205721436,90.73522186279297,2669400,0.0,0.0
2025-03-10 00:00:00-04:00,91.58007227810052,93.82686474156581,91.06943440761366,91.46865844726562,3772500,0.0,0.0
2025-03-11 00:00:00-04:00,91.70077888964964,92.65706514203926,90.08531706118968,90.64237213134766,3416100,0.0,0.0
2025-03-12 00:00:00-04:00,89.9274948914594,90.04818792541545,88.27489495213092,88.46986389160156,2965800,0.0,0.0
2025-03-13 00:00:00-04:00,88.77623693617971,89.82535742378869,87.36502321980257,88.28416442871094,3287400,0.0,0.0
2025-03-14 00:00:00-04:00,94.79279015243314,97.8606707898845,93.72611424654569,97.4358901977539,8718500,1.565,0.0
2025-03-17 00:00:00-04:00,97.80403618690876,98.35153661870856,96.7279186219882,97.14326477050781,8458000,0.0,0.0
2025-03-18 00:00:00-04:00,96.16154969120554,99.71084672526197,95.661243062837,99.05951690673828,5314200,0.0,0.0
2025-03-19 00:00:00-04:00,99.10671473143455,100.05067812554788,97.61525804215606,98.50257873535156,6221300,0.0,0.0
2025-03-20 00:00:00-04:00,98.77631939303824,99.70140659826903,98.36097323535888,98.72911834716797,5277400,0.0,0.0
2025-03-21 00:00:00-04:00,98.82351096484616,101.35333266097767,98.16273239535246,100.4282455444336,9215000,0.0,0.0
2025-03-24 00:00:00-04:00,99.23885519017314,100.49432805769868,98.43648785745232,98.46480560302734,4169100,0.0,0.0
2025-03-25 00:00:00-04:00,95.83114635045402,95.89722349014082,92.15912986957053,94.82110595703125,6703100,0.0,0.0
2025-03-26 00:00:00-04:00,94.77391740820119,95.97274763857368,94.26417635849263,95.42524719238281,2785900,0.0,0.0
2025-03-27 00:00:00-04:00,95.92555577622528,97.81348242813539,95.44413246346498,96.84119415283203,3196900,0.0,0.0
2025-03-28 00:00:00-04:00,97.51140154246582,98.11553741494662,96.56743834148114,97.79458618164062,2689700,0.0,0.0
2025-03-31 00:00:00-04:00,98.79520199060089,99.86187792213127,97.5680468253722,98.38929748535156,4198100,0.0,0.0
2025-04-01 00:00:00-04:00,99.11613855056237,99.11613855056237,97.98338556216022,98.74799346923828,2476300,0.0,0.0
2025-04-02 00:00:00-04:00,99.11613928962626,99.1727747789083,97.67187669799057,97.9928207397461,2045100,0.0,0.0
2025-04-03 00:00:00-04:00,99.97516262234703,102.96752473635414,99.15391190887411,101.06071472167969,4681300,0.0,0.0
2025-04-04 00:00:00-04:00,102.58991698805417,102.89198491256683,95.15148984576288,95.32140350341797,4773200,0.0,0.0
2025-04-07 00:00:00-04:00,93.39572321091788,95.02877554706468,90.2900833555699,92.70662689208984,4560500,0.0,0.0
2025-04-08 00:00:00-04:00,93.93378529827773,93.93378529827773,88.5909498307818,89.51603698730469,4335700,0.0,0.0
2025-04-09 00:00:00-04:00,88.58151444443027,91.13966137790366,86.07057575954761,90.1862564086914,6752600,0.0,0.0
2025-04-10 00:00:00-04:00,90.18624094384687,92.64998536140106,88.4965460274716,89.8275375366211,4907700,0.0,0.0
2025-04-11 00:00:00-04:00,89.90305437565016,91.48891286131885,88.14728222359312,91.25292205810547,3419500,0.0,0.0
2025-04-14 00:00:00-04:00,91.25292333597822,94.50015913826526,90.38447889643983,94.24528503417969,2927800,0.0,0.0
2025-04-15 00:00:00-04:00,94.37744722075217,95.86890365573473,93.71666863641526,94.87774658203125,2615100,0.0,0.0
2025-04-16 00:00:00-04:00,95.95387308494718,96.80344151479572,94.9532670667395,95.57628631591797,2261900,0.0,0.0
2025-04-17 00:00:00-04:00,95.71788148940688,98.47425263811007,95.71788148940688,97.78515625,1860100,0.0,0.0
2025-04-21 00:00:00-04:00,97.37925539074627,98.3798541626304,95.14205982518475,96.40696716308594,2793700,0.0,0.0
2025-04-22 00:00:00-04:00,97.1432682806522,99.36158063228922,97.02054844040892,98.52145385742188,2276300,0.0,0.0
2025-04-23 00:00:00-04:00,97.6718873985324,97.6718873985324,95.00991108262167,96.54856872558594,2368400,0.0,0.0
2025-04-24 00:00:00-04:00,97.06774682397828,97.19045945898648,95.07598370624008,95.10430145263672,3691200,0.0,0.0
2025-04-25 00:00:00-04:00,94.96270479466682,95.31197380192157,93.64115475857689,94.57568359375,1716700,0.0,0.0
2025-04-28 00:00:00-04:00,94.31136524714613,95.44411818812165,94.00929011422726,95.26476287841797,2756700,0.0,0.0
2025-04-29 00:00:00-04:00,95.17981480239105,98.7007936391834,94.82110416356055,97.88898468017578,2401900,0.0,0.0
2025-04-30 00:00:00-04:00,99.06894955637006,100.12619108881957,98.10611011932417,99.83356475830078,3934700,0.0,0.0
2025-05-01 00:00:00-04:00,100.0506587435714,100.85302603275801,98.54031904594939,100.34329223632812,3154600,0.0,0.0
2025-05-02 00:00:00-04:00,100.81527814611087,101.28725977188505,99.94682648126665,100.88135528564453,3524700,0.0,0.0
2025-05-05 00:00:00-04:00,101.43828200715814,101.61763731515758,99.89018297499685,100.98518371582031,2708600,0.0,0.0
2025-05-06 00:00:00-04:00,100.78695154919374,101.25893316724196,99.99402588776937,100.4565658569336,2818000,0.0,0.0
2025-05-07 00:00:00-04:00,99.64475776460066,100.96630774700607,98.20993680207377,98.8801498413086,5264900,0.0,0.0
2025-05-08 00:00:00-04:00,98.69136055249946,99.1916599221138,97.40756995785567,97.49252319335938,2933400,0.0,0.0
2025-05-09 00:00:00-04:00,97.7662745234429,99.62588329743427,97.1998980079711,99.11614227294922,3043400,0.0,0.0
2025-05-12 00:00:00-04:00,97.0583045255127,97.0583045255127,94.08481874198789,94.84943389892578,3494700,0.0,0.0
2025-05-13 00:00:00-04:00,95.30253309577688,95.62348436002736,92.25353569567338,92.81047058105469,3157600,0.0,0.0
2025-05-14 00:00:00-04:00,92.55560359244097,92.87654765458522,91.6305163981476,92.72551727294922,2967900,0.0,0.0
2025-05-15 00:00:00-04:00,93.59395316327138,95.18924608155048,93.27300192878141,95.1231689453125,2455300,0.0,0.0
2025-05-16 00:00:00-04:00,95.47244959362169,96.61464434641766,95.14206387204742,96.5863265991211,2966800,0.0,0.0
2025-05-19 00:00:00-04:00,96.32201515766991,97.32261394236106,95.55740719592428,97.20934295654297,1579900,0.0,0.0
2025-05-20 00:00:00-04:00,96.48248166756066,97.46420429905864,96.0860188361484,97.15269470214844,1902500,0.0,0.0
2025-05-21 00:00:00-04:00,97.06774299847653,97.35092765315076,95.70843361006234,95.83114624023438,3019100,0.0,0.0
2025-05-22 00:00:00-04:00,96.09545619827388,96.18040942898622,93.54675124888884,94.32080078125,2992700,0.0,0.0
2025-05-23 00:00:00-04:00,94.99102762768088,95.49133424384888,93.84883285872786,94.54737091064453,1853100,0.0,0.0
2025-05-27 00:00:00-04:00,94.4907166863237,95.41580380883349,94.33968631640714,94.9155044555664,2094800,0.0,0.0
2025-05-28 00:00:00-04:00,94.79279352276644,94.92494780954438,93.38629021241938,94.05650329589844,1901700,0.0,0.0
2025-05-29 00:00:00-04:00,93.61283057350393,94.73614910719634,93.0464540832415,94.7267074584961,1811300,0.0,0.0
2025-05-30 00:00:00-04:00,94.47184055853174,95.12317028149302,93.93378181250225,94.7267074584961,5068700,0.0,0.0
2025-06-02 00:00:00-04:00,94.25472870406782,94.39632463138851,92.97093811293149,94.29248809814453,2935600,0.0,0.0
2025-06-03 00:00:00-04:00,93.8865886558635,94.40577134996346,92.9143076122476,94.26417541503906,2867400,0.0,0.0
2025-06-04 00:00:00-04:00,94.39632674694518,95.2742128737665,93.62227715569496,94.61344146728516,3852500,0.0,0.0
2025-06-05 00:00:00-04:00,94.99102261065367,95.11374244668465,94.2169730063829,94.66063690185547,2989800,0.0,0.0
2025-06-06 00:00:00-04:00,94.05649593175437,94.72670896275916,93.13141599673793,93.40515899658203,2805500,0.0,0.0
2025-06-09 00:00:00-04:00,93.12198299267895,94.03762856571524,92.40456885269145,93.47124481201172,2643200,0.0,0.0
2025-06-10 00:00:00-04:00,94.56623830379972,94.81167076436438,93.38628424590738,94.29248809814453,3863500,0.0,0.0
2025-06-11 00:00:00-04:00,94.11313565326566,94.79279036368384,93.20693177333085,93.85826873779297,3617200,0.0,0.0
2025-06-12 00:00:00-04:00,94.13202576771741,94.66064293548838,93.77331508798531,94.42465209960938,2803800,0.0,0.0
2025-06-13 00:00:00-04:00,94.20805696133176,95.10491543266747,93.56881018161162,93.8741226196289,2301100,1.063,0.0
2025-06-16 00:00:00-04:00,93.73101117007194,95.77278958066634,93.40661987082943,94.45613098144531,4456700,0.0,0.0
2025-06-17 00:00:00-04:00,94.48475261535313,94.95226071906922,93.63560212363033,94.27484893798828,1881200,0.0,0.0
2025-06-18 00:00:00-04:00,94.4656742336909,95.09537798964259,93.53065074246187,94.81868743896484,3549400,0.0,0.0
2025-06-20 00:00:00-04:00,94.7996141746015,95.97315603944489,94.60879660804562,95.58197784423828,5035100,0.0,0.0
2025-06-23 00:00:00-04:00,96.0113160332416,98.2916200477684,95.71554663663987,97.82411193847656,5335800,0.0,0.0
2025-06-24 00:00:00-04:00,97.72869948423791,98.9499492711109,96.39295480013699,98.45381927490234,4688600,0.0,0.0
2025-06-25 00:00:00-04:00,97.75732290092901,98.21529521770212,96.7555198317738,97.14669799804688,2327200,0.0,0.0
2025-06-26 00:00:00-04:00,97.50925129692749,97.74777686984486,95.16216053292742,95.7441635131836,4204200,0.0,0.0
2025-06-27 00:00:00-04:00,95.41022757274511,96.621934260061,95.1526231611567,96.0303955078125,3004400,0.0,0.0
2025-06-30 00:00:00-04:00,95.74417008573488,98.07218216657067,94.74236697824486,98.01493835449219,3899200,0.0,0.0
2025-07-01 00:00:00-04:00,97.98630708446515,99.54149855225981,97.39476829431095,98.9594955444336,3405600,0.0,0.0
2025-07-02 00:00:00-04:00,98.64464948749283,99.10262185597198,98.18668439823755,98.43474578857422,1951500,0.0,0.0
2025-07-03 00:00:00-04:00,97.90043576102295,98.40610880592439,96.43111737289605,98.19620513916016,1246300,0.0,0.0
2025-07-07 00:00:00-04:00,98.1485042598475,98.37748676908848,96.4311172424834,97.1753158569336,2110400,0.0,0.0
2025-07-08 00:00:00-04:00,96.1353451028486,98.10079341574841,96.1353451028486,97.87181091308594,2209800,0.0,0.0
2025-07-09 00:00:00-04:00,97.79548261802506,98.74004182659242,96.56468981693538,98.6637191772461,1952200,0.0,0.0
2025-07-10 00:00:00-04:00,98.6541753077076,99.66552137567722,97.70007304608417,99.19801330566406,2712400,0.0,0.0
2025-07-11 00:00:00-04:00,98.54922927712727,98.98811546979987,97.38522328475852,98.0435562133789,1804500,0.0,0.0
2025-07-14 00:00:00-04:00,97.76687026254564,98.69235071896465,97.18486723900838,98.50152587890625,2649800,0.0,0.0
2025-07-15 00:00:00-04:00,98.43473506543357,98.50152193697542,96.8032209641484,97.2707290649414,1969700,0.0,0.0
2025-07-16 00:00:00-04:00,97.52834287363214,99.03582632579295,97.31843919304984,99.02628326416016,1580300,0.0,0.0
2025-07-17 00:00:00-04:00,98.95948982835687,99.78001837300441,98.55876861703301,99.45561981201172,2061700,0.0,0.0
2025-07-18 00:00:00-04:00,99.60828212816592,100.6959581738592,99.40792151756169,100.31431579589844,5210600,0.0,0.0
2025-07-21 00:00:00-04:00,100.99172794000417,101.94583024889268,100.66733664900909,101.51648712158203,2576500,0.0,0.0
2025-07-22 00:00:00-04:00,102.0030829218024,105.41876370847265,101.58327557001888,105.18978118896484,3734800,0.0,0.0
2025-07-23 00:00:00-04:00,104.62686242170808,105.61912241472243,104.18796895501495,104.69364929199219,4709200,0.0,0.0
2025-07-24 00:00:00-04:00,107.78494231499359,110.4468887121738,107.25064733493384,108.68180084228516,6095800,0.0,0.0
2025-07-25 00:00:00-04:00,108.5768362709486,108.5768362709486,105.40921717061713,106.36331939697266,3420700,0.0,0.0
2025-07-28 00:00:00-04:00,105.79085496968241,106.31561411941806,103.54871613569127,103.80632781982422,4044200,0.0,0.0
2025-07-29 00:00:00-04:00,104.27384675122629,105.0848322932411,102.4228858620544,104.31201171875,3494800,0.0,0.0
2025-07-30 00:00:00-04:00,103.15754473874316,104.35017263041702,101.17301017998432,102.0603256225586,4169100,0.0,0.0
2025-07-31 00:00:00-04:00,101.0871377684268,102.20344301366825,99.95176095888988,100.26660919189453,4962300,0.0,0.0
2025-08-01 00:00:00-04:00,102.16527398142033,107.57503216687873,101.23025054332028,101.97444915771484,3429500,0.0,0.0
2025-08-04 00:00:00-04:00,101.85996125412632,102.93809420792252,101.27795828211329,102.27022552490234,2977200,0.0,0.0
2025-08-05 00:00:00-04:00,102.12711815185305,102.20344808816289,99.88497904712118,100.12350463867188,2534400,0.0,0.0
2025-08-06 00:00:00-04:00,100.40019179722866,101.74547230280582,100.24753192978048,100.45743560791016,2064400,0.0,0.0
2025-08-07 00:00:00-04:00,100.62917140964883,101.73592629975556,99.493787335806,101.335205078125,2285200,0.0,0.0
2025-08-08 00:00:00-04:00,101.4401554565322,101.78363286420084,99.44608515905524,99.70368957519531,1964400,0.0,0.0
2025-08-11 00:00:00-04:00,99.30297250301025,99.83726747980181,98.52060888161272,99.01673889160156,2492500,0.0,0.0
2025-08-12 00:00:00-04:00,98.90224326890115,99.8372594026405,96.63147524280339,97.63328552246094,6153300,0.0,0.0
2025-08-13 00:00:00-04:00,97.64282800192997,98.15804412859109,96.61240302783077,97.14669799804688,3751600,0.0,0.0
2025-08-14 00:00:00-04:00,96.68872397283441,96.77459696537211,95.17170480382302,96.41204071044922,2249100,0.0,0.0
2025-08-15 00:00:00-04:00,96.63147388857787,97.94813964101532,96.23075269401971,97.02265930175781,2849900,0.0,0.0
2025-08-18 00:00:00-04:00,97.17531083336078,97.6046612051175,95.53425383032062,95.93498229980469,2682600,0.0,0.0
2025-08-19 00:00:00-04:00,96.99404186179235,97.8718142176546,96.46928269294929,97.71915435791016,2798800,0.0,0.0
2025-08-20 00:00:00-04:00,98.59693447823906,98.80683816230611,97.72870511504385,98.13896942138672,4009200,0.0,0.0
2025-08-21 00:00:00-04:00,97.82411435919721,98.56831303952899,97.5092588316035,98.08172607421875,1897900,0.0,0.0
2025-08-22 00:00:00-04:00,98.40611528404608,99.80864689591574,98.26299847644695,99.02628326416016,2387800,0.0,0.0
2025-08-25 00:00:00-04:00,99.04536184623683,99.30297355507854,98.20575440535156,98.2439193725586,1565600,0.0,0.0
2025-08-26 00:00:00-04:00,96.35479254757354,97.15624229229064,94.45613094355723,96.73643493652344,4864500,0.0,0.0
2025-08-27 00:00:00-04:00,97.03219889192566,97.49971424981725,95.5533447265625,95.5533447265625,3804200,0.0,0.0
2025-08-28 00:00:00-04:00,95.53426364113952,95.58197166930816,93.04405597857664,93.25395965576172,3276600,0.0,0.0
2025-08-29 00:00:00-04:00,93.36844904637,94.69465062390347,93.36844904637,94.5896987915039,3262900,0.0,0.0
2025-09-02 00:00:00-04:00,93.66422186797723,95.2384921326711,93.13946996589456,93.5974349975586,4349900,0.0,0.0
2025-09-03 00:00:00-04:00,93.45432303047644,94.95226344098388,92.46206298412709,92.61471557617188,3401800,0.0,0.0
2025-09-04 00:00:00-04:00,93.34936652945339,93.34936652945339,90.54431068753195,91.07860565185547,3967200,0.0,0.0
2025-09-05 00:00:00-04:00,92.13765203665336,92.48112942170438,91.17400674641458,91.73693084716797,5239400,0.0,0.0
2025-09-08 00:00:00-04:00,88.76967877863163,89.69515917340155,87.10954281643873,89.57112121582031,9020300,0.0,0.0
2025-09-09 00:00:00-04:00,89.76194510638847,90.28669699786475,88.8364647212771,90.16266632080078,8185700,0.0,0.0
2025-09-10 00:00:00-04:00,89.70469796633866,90.41073893238679,89.35168476253769,89.71424102783203,2614400,0.0,0.0
2025-09-11 00:00:00-04:00,89.75240345816995,91.35529562027423,89.38984720312149,91.19309997558594,2838900,0.0,0.0
2025-09-12 00:00:00-04:00,90.95456649881048,91.50794753414904,90.63971101878452,91.01181030273438,2930000,0.0,0.0
2025-09-15 00:00:00-04:00,91.66116755583862,91.89273054956517,89.02711181765028,90.28142547607422,4768900,1.063,0.0
2025-09-16 00:00:00-04:00,90.1174019955702,90.96647121340412,90.1077513904656,90.28142547607422,2549700,0.0,0.0
2025-09-17 00:00:00-04:00,90.32002158422088,92.9926650513582,90.23318085978056,91.46820068359375,3476700,0.0,0.0
2025-09-18 00:00:00-04:00,90.69631291613993,91.07260554040225,89.34551529407412,89.69286346435547,2717100,0.0,0.0
2025-09-19 00:00:00-04:00,89.7218096193051,91.0050677526587,89.142898444946,90.31037139892578,5261500,0.0,0.0
2025-09-22 00:00:00-04:00,90.89893692332627,91.38136414870934,90.32002572511765,90.96647644042969,3935700,0.0,0.0
2025-09-23 00:00:00-04:00,91.12085256531492,91.70941434256692,90.8120994494823,91.03401184082031,1924900,0.0,0.0
2025-09-24 00:00:00-04:00,90.86998664686277,91.23662866461649,90.11740140127341,90.41650390625,2133500,0.0,0.0
2025-09-25 00:00:00-04:00,90.85069129350123,91.96991853830932,90.41650240890597,90.67701721191406,2579500,0.0,0.0
2025-09-26 00:00:00-04:00,90.65771420778594,92.16288464424677,90.65771420778594,91.96026611328125,2786100,0.0,0.0
2025-09-29 00:00:00-04:00,92.18219221450582,93.41720469489927,91.51644030878387,92.8093490600586,4540200,0.0,0.0
2025-09-30 00:00:00-04:00,93.05056235507026,93.84174268276404,92.37515984624314,93.09880065917969,3696000,0.0,0.0
2025-10-01 00:00:00-04:00,93.54263942469623,93.77420980132015,91.7190650360022,92.34622192382812,3328600,0.0,0.0
2025-10-02 00:00:00-04:00,92.57777996829147,93.03126272992776,91.48749710827082,92.1050033569336,2149600,0.0,0.0
2025-10-03 00:00:00-04:00,91.95062989771102,93.63912514606481,91.79624965588766,92.09535217285156,2359500,0.0,0.0
2025-10-06 00:00:00-04:00,91.38135709533307,91.59362623591822,90.51298668441868,90.68666076660156,1656300,0.0,0.0
2025-10-07 00:00:00-04:00,90.89893448010416,91.80589999504818,90.00161957055988,91.79624938964844,3420300,0.0,0.0
2025-10-08 00:00:00-04:00,91.49714269733536,93.10844774655914,91.30416740442385,93.03125762939453,4330200,0.0,0.0
2025-10-09 00:00:00-04:00,93.57158371038747,93.92857513008171,92.74180833075255,93.22423553466797,1894900,0.0,0.0
2025-10-10 00:00:00-04:00,94.07330731510213,94.37240983404081,92.16289229682779,94.15049743652344,2703600,0.0,0.0
2025-10-13 00:00:00-04:00,92.818987627043,93.85138151046759,91.94097397651595,92.72250366210938,2626400,0.0,0.0
2025-10-14 00:00:00-04:00,92.79969283197079,94.19872871237438,92.60672490407187,93.87068176269531,2361100,0.0,0.0
2025-10-15 00:00:00-04:00,93.56193676053223,95.05745673434559,93.53299230496727,94.6136245727539,1984000,0.0,0.0
2025-10-16 00:00:00-04:00,94.27592698907058,95.97407287434918,94.16979241116222,94.6136245727539,2172200,0.0,0.0
2025-10-17 00:00:00-04:00,94.83554587122289,95.06710888075091,93.10845550238754,94.05401611328125,2654800,0.0,0.0
2025-10-20 00:00:00-04:00,93.71630490983922,95.44339516343798,93.54263082396743,95.39515686035156,2378400,0.0,0.0
2025-10-21 00:00:00-04:00,94.92236941645007,96.60122130524735,94.61361631527838,95.1828842163086,1804800,0.0,0.0
2025-10-22 00:00:00-04:00,95.05745382520358,95.84863415187202,94.17944013449771,94.26627349853516,2637600,0.0,0.0
2025-10-23 00:00:00-04:00,96.48543974994652,96.96786694869625,91.98921472419669,94.81623840332031,3984000,0.0,0.0
2025-10-24 00:00:00-04:00,95.18289129004955,95.72320741694125,94.08295782530283,95.02851104736328,2108900,0.0,0.0
2025-10-27 00:00:00-04:00,94.468894404683,94.90307592440418,93.6970079682291,94.16978454589844,2369600,0.0,0.0
2025-10-28 00:00:00-04:00,90.69631832111376,91.66117277133839,86.90444003728082,91.25593566894531,10161000,0.0,0.0
2025-10-29 00:00:00-04:00,90.92787416150834,91.96991865232313,89.0271098665743,89.07535552978516,4055600,0.0,0.0
2025-10-30 00:00:00-04:00,89.19115145921893,90.71561595968542,87.70527466046833,88.11051177978516,2800800,0.0,0.0
2025-10-31 00:00:00-04:00,87.41581349624532,87.72456663214741,86.80795783029117,87.0491714477539,2582200,0.0,0.0
2025-11-03 00:00:00-05:00,86.22904176476247,86.43166030867033,84.73351447620988,86.37376403808594,3551900,0.0,0.0
2025-11-04 00:00:00-05:00,86.92373301073012,88.56398997632357,86.52814651798015,87.1456527709961,2808700,0.0,0.0
2025-11-05 00:00:00-05:00,86.83689793563859,87.40615851092535,86.14220157435267,86.6728744506836,2012500,0.0,0.0
2025-11-06 00:00:00-05:00,86.40271363430834,87.107053217238,84.63702833257261,84.72386169433594,2568200,0.0,0.0
2025-11-07 00:00:00-05:00,84.62738103549577,86.45095531635502,84.62738103549577,86.39306640625,3568100,0.0,0.0
2025-11-10 00:00:00-05:00,85.64048200763352,88.84379844845056,85.64048200763352,88.60258483886719,4615200,0.0,0.0
2025-11-11 00:00:00-05:00,89.0753602921946,91.12085432486869,88.9788763218691,90.9182357788086,2866600,0.0,0.0
2025-11-12 00:00:00-05:00,90.47439076377522,90.79279447161849,89.31656846776015,90.3779067993164,2451200,0.0,0.0
2025-11-13 00:00:00-05:00,89.93408087048222,89.96302532568875,87.33862008855496,87.42546081542969,3430200,0.0,0.0
2025-11-14 00:00:00-05:00,88.21664161496125,89.05606762658857,87.19389826565487,88.45785522460938,3279200,0.0,0.0
2025-11-17 00:00:00-05:00,88.47714564205901,88.54468515569016,87.02986404031593,87.36756896972656,2335700,0.0,0.0
2025-11-18 00:00:00-05:00,87.22284105006996,88.57363871047302,86.93338177953535,87.84034729003906,2443200,0.0,0.0
2025-11-19 00:00:00-05:00,88.02367256533496,88.27452941611214,86.32552671360551,87.8499984741211,2177300,0.0,0.0
2025-11-20 00:00:00-05:00,87.65702209548303,88.37101230114641,86.01677253514025,86.95268249511719,2639300,0.0,0.0
2025-11-21 00:00:00-05:00,87.51229454407016,88.08156249009548,86.47990059030899,86.84654998779297,3163300,0.0,0.0
2025-11-24 00:00:00-05:00,86.70181604890652,87.02986300800814,85.01332086690107,85.8913345336914,3947500,0.0,0.0
2025-11-25 00:00:00-05:00,86.23868676506802,87.23249301674313,86.21939291531697,86.25798797607422,2453300,0.0,0.0
2025-11-26 00:00:00-05:00,86.29657999553628,87.80175050574753,86.12290590887692,87.36756896972656,2768600,0.0,0.0
2025-11-28 00:00:00-05:00,87.47370203624224,88.16839100966057,86.84654521403712,88.07190704345703,1291600,0.0,0.0
2025-12-01 00:00:00-05:00,86.69216219558956,86.69216219558956,84.762453488459,85.38961029052734,4164500,0.0,0.0
2025-12-02 00:00:00-05:00,86.0457157083509,86.53779351362752,84.80105264868352,85.1773452758789,2768800,0.0,0.0
2025-12-03 00:00:00-05:00,85.38961705329002,85.77556029753332,84.09671565051836,85.22559356689453,2507300,0.0,0.0
2025-12-04 00:00:00-05:00,84.99402200840859,85.93958257544543,84.55018986020927,85.4957504272461,2330500,0.0,0.0
2025-12-05 00:00:00-05:00,85.41855588046602,86.35446579368434,85.148397835672,86.14219665527344,2706400,0.0,0.0
2025-12-08 00:00:00-05:00,86.07465850265706,87.84034378775742,84.96507449152136,87.6280746459961,2593200,0.0,0.0
2025-12-09 00:00:00-05:00,87.82104174115146,88.53503927686542,86.72110834546254,87.02986145019531,2514700,0.0,0.0
2025-12-10 00:00:00-05:00,87.01057457473753,88.94028347427817,86.9719795133961,87.45440673828125,2589400,0.0,0.0
2025-12-11 00:00:00-05:00,88.07190467892282,89.0753540952597,87.74385773038718,88.61222076416016,2024600,0.0,0.0
2025-12-12 00:00:00-05:00,88.53504721725339,88.95957817355144,87.61843106446818,87.7631607055664,2432100,0.0,0.0
2025-12-15 00:00:00-05:00,87.9320487985743,88.21516609336926,85.72569131216122,87.36581420898438,4454700,1.063,0.0
2025-12-16 00:00:00-05:00,87.20961754559818,87.59035970295962,85.4621050408448,85.81356048583984,3491200,0.0,0.0
2025-12-17 00:00:00-05:00,85.4132882324331,86.9264995783413,85.04231079814102,86.1552505493164,3114600,0.0,0.0
2025-12-18 00:00:00-05:00,86.37979357513774,86.64338143012428,84.76895738846716,84.83729553222656,3449700,0.0,0.0
2025-12-19 00:00:00-05:00,84.70061949938224,84.88610449111601,84.01723061143437,84.05628204345703,4474600,0.0,0.0
2025-12-22 00:00:00-05:00,83.09954577749174,84.74942590804814,82.21114248170849,84.37844848632812,2615800,0.0,0.0
2025-12-23 00:00:00-05:00,84.71038266434482,85.39377159983509,84.09533932587321,85.34495544433594,3261100,0.0,0.0
2025-12-24 00:00:00-05:00,85.34495401359227,86.48718052944795,84.12462462956711,85.7647476196289,912500,0.0,0.0
2025-12-26 00:00:00-05:00,85.83308434229316,86.52623052711665,85.66712133641275,86.18453979492188,1380500,0.0,0.0
2025-12-29 00:00:00-05:00,86.36026194941931,87.04365081801711,86.18453423444261,86.5555191040039,2178100,0.0,0.0
2025-12-30 00:00:00-05:00,86.5457613058694,87.09246648583239,86.2724087158879,86.98507690429688,1896200,0.0,0.0
2025-12-31 00:00:00-05:00,86.67266860951213,87.12174890639623,86.44813218521962,86.76053619384766,2032600,0.0,0.0
2026-01-02 00:00:00-05:00,86.74100735458921,87.10222751793945,85.51091330346327,86.59456634521484,1855500,0.0,0.0
2026-01-05 00:00:00-05:00,85.82332377005841,86.4383670643592,84.1148627264794,86.32121276855469,3970900,0.0,0.0
2026-01-06 00:00:00-05:00,85.95999661521515,86.78005430810843,85.03254190257773,85.06182861328125,2657800,0.0,0.0
2026-01-07 00:00:00-05:00,85.91118161384878,85.9307036051459,82.98239133155849,83.07025146484375,3002300,0.0,0.0
2026-01-08 00:00:00-05:00,82.60165390251426,84.07581384754688,82.45521289038663,82.51378631591797,2107200,0.0,0.0
2026-01-09 00:00:00-05:00,82.24042982192346,82.45520896972486,81.23487967385225,81.6839599609375,2036600,0.0,0.0
2026-01-12 00:00:00-05:00,82.27947960008828,83.57791173240135,82.16233275694945,82.97262573242188,2565400,0.0,0.0
2026-01-13 00:00:00-05:00,82.48449688708743,84.8861040826823,82.13304144887364,84.74942779541016,3590200,0.0,0.0
2026-01-14 00:00:00-05:00,84.9349189487594,88.21516469023058,84.72990452095483,86.56527709960938,3368700,0.0,0.0
2026-01-15 00:00:00-05:00,86.75076581034935,88.4689914697813,85.67687756631636,88.26397705078125,3057900,0.0,0.0
2026-01-16 00:00:00-05:00,87.41463387056191,89.08404354623516,87.35606044456264,88.71306610107422,3155500,0.0,0.0
2026-01-20 00:00:00-05:00,88.42018045658801,88.60567289572836,84.5541780845354,84.74942779541016,4473400,0.0,0.0
2026-01-21 00:00:00-05:00,85.1985083396112,85.91118393816804,84.3589286217415,85.10088348388672,2320900,0.0,0.0
2026-01-22 00:00:00-05:00,85.05207509362529,85.88189754279011,84.10509834817992,84.14414978027344,2493900,0.0,0.0
2026-01-23 00:00:00-05:00,83.77316170975867,84.98373371366638,83.23622129759045,84.5444107055664,2553100,0.0,0.0
2026-01-26 00:00:00-05:00,85.10088273249353,85.81355832475785,84.84705959951084,85.17898559570312,2559700,0.0,0.0
2026-01-27 00:00:00-05:00,84.8470626656578,85.72569383947067,84.54441592185853,84.69085693359375,3412900,0.0,0.0
2026-01-28 00:00:00-05:00,84.47607916793304,84.80801262988824,82.66999318890721,82.87500762939453,2276900,0.0,0.0
2026-01-29 00:00:00-05:00,82.86524077723142,84.97397345079648,82.7969026321603,84.85681915283203,3640500,0.0,0.0
2026-01-30 00:00:00-05:00,84.93492023455049,84.93492023455049,83.02144476444157,84.74942779541016,3879500,0.0,0.0
2026-02-02 00:00:00-05:00,84.58346705558371,84.79824621226217,82.748094400121,82.94334411621094,3748400,0.0,0.0
2026-02-03 00:00:00-05:00,82.64070373377369,83.10930602553981,81.91827085579308,82.40640258789062,3498100,0.0,0.0
2026-02-04 00:00:00-05:00,82.61141718937549,85.23756084855106,82.21114559305889,84.06604766845703,3615300,0.0,0.0
2026-02-05 00:00:00-05:00,77.85701420438035,79.74120305923337,76.04116349666502,76.50977325439453,13697000,0.0,0.0
2026-02-06 00:00:00-05:00,77.19314779524288,79.44831389661381,75.18204754720816,78.9601821899414,6737200,0.0,0.0
2026-02-09 00:00:00-05:00,79.11639281104581,81.26416947409965,77.90582818904997,81.10797119140625,3556100,0.0,0.0
2026-02-10 00:00:00-05:00,81.35203961924469,83.1190741789701,80.86390786698468,82.53331756591797,3761400,0.0,0.0
2026-02-11 00:00:00-05:00,82.00613524938954,84.17344144413705,80.79557057647004,84.0270004272461,2748200,0.0,0.0
2026-02-12 00:00:00-05:00,85.2961418879098,88.92783573261195,84.83729686618233,85.72569274902344,6021600,0.0,0.0
2026-02-13 00:00:00-05:00,86.27240363621847,88.83020910469985,85.80379390362778,88.23468780517578,3292200,0.0,0.0
2026-02-17 00:00:00-05:00,88.29326554009141,89.76741793236407,87.14127441371153,89.67955780029297,2970100,0.0,0.0
2026-02-18 00:00:00-05:00,89.39645150393761,89.67956882257296,85.15947134187002,85.35472106933594,4538900,0.0,0.0
2026-02-19 00:00:00-05:00,85.47186969105509,86.42860371963634,84.1343860571251,84.4175033569336,2973400,0.0,0.0
2026-02-20 00:00:00-05:00,84.52489475458363,86.252877854689,83.86103528342973,85.92095184326172,3287000,0.0,0.0
2026-02-23 00:00:00-05:00,85.75497767842782,86.55552085598022,84.59322924040461,85.61830139160156,3133100,0.0,0.0
2026-02-24 00:00:00-05:00,85.52067301630167,87.86370668420693,84.93491646140004,86.5359878540039,3137800,0.0,0.0
2026-02-25 00:00:00-05:00,86.3993184620439,86.90697219722456,83.78293202311444,83.99771118164062,3576300,0.0,0.0
2026-02-26 00:00:00-05:00,84.49560788300701,85.38400378415312,83.24598436153993,84.34916687011719,2194800,0.0,0.0
2026-02-27 00:00:00-05:00,84.51513091717221,87.52202428547933,83.76341129924513,87.41463470458984,6837800,0.0,0.0
2026-03-02 00:00:00-05:00,86.81911247517185,87.99062568400784,86.26264258372986,87.40486907958984,3201000,0.0,0.0
2026-03-03 00:00:00-05:00,86.17476888186629,88.63495687347526,85.7354533217998,88.11753845214844,3745100,0.0,0.0
2026-03-04 00:00:00-05:00,87.80514173436552,89.14261796490493,86.99484124028874,88.98641967773438,2599400,0.0,0.0
2026-03-05 00:00:00-05:00,88.25421714709753,88.39089343388893,86.78982197579049,87.97109985351562,3617400,0.0,0.0
2026-03-06 00:00:00-05:00,87.4536782605993,88.80091908817303,87.24866383781409,88.28350067138672,2656700,0.0,0.0
2026-03-09 00:00:00-04:00,87.97109796514708,88.11753896879412,85.85260811705636,87.6001205444336,2770400,0.0,0.0
2026-03-10 00:00:00-04:00,87.41463140466972,88.43970357223724,86.16501536327364,86.41883850097656,2350400,0.0,0.0
2026-03-11 00:00:00-04:00,85.97952488116188,86.64338434931963,85.28637870016324,85.48162841796875,3019100,0.0,0.0
2026-03-12 00:00:00-04:00,85.30589899325155,86.00880988062762,83.96842281149905,84.06604766845703,2789800,0.0,0.0
2026-03-13 00:00:00-04:00,85.04759143631935,86.63902184850446,84.9289728350415,86.46109771728516,2232800,1.063,0.0
2026-03-16 00:00:00-04:00,87.00474614743668,87.18267027213061,86.09535952850979,86.51051330566406,2390100,0.0,0.0
2026-03-17 00:00:00-04:00,87.12337127669943,87.66703045996964,86.37213518928837,86.9157943725586,2101900,0.0,0.0
2026-03-18 00:00:00-04:00,86.14478696425094,86.14478696425094,83.84166008131086,83.93062591552734,2391900,0.0,0.0
2026-03-19 00:00:00-04:00,83.89108551405674,84.4446238851574,82.80376722597373,84.08877563476562,1822700,0.0,0.0
2026-03-20 00:00:00-04:00,84.14808080084443,85.02781465458693,80.75764320964312,81.4100341796875,5086800,0.0,0.0
2026-03-23 00:00:00-04:00,81.41992729149577,82.46769858288918,79.28483763198246,80.39192199707031,2788400,0.0,0.0
2026-03-24 00:00:00-04:00,79.32437417410515,80.55995632634976,77.39686903316151,77.68351745605469,3450300,0.0,0.0
2026-03-25 00:00:00-04:00,78.22717454889217,78.4149854443083,75.08385333513114,76.07231903076172,5064200,0.0,0.0
2026-03-26 00:00:00-04:00,75.79554943605173,77.11021061412349,75.13327923346631,77.07067108154297,2962300,0.0,0.0
2026-03-27 00:00:00-04:00,77.03113400119491,78.33590845230944,76.90263617226366,77.68351745605469,2456900,0.0,0.0
2026-03-30 00:00:00-04:00,78.84990647530331,80.49076317599571,78.08879119578599,78.76094818115234,3174400,0.0,0.0
2026-03-31 00:00:00-04:00,79.22553027384652,80.54019151307895,78.55337327149718,80.37214660644531,3719800,0.0,0.0
2026-04-01 00:00:00-04:00,79.83837674512051,80.72799744439872,79.0970274192879,79.89768981933594,2485900,0.0,0.0
2026-04-02 00:00:00-04:00,80.27330164201572,86.03605870190637,79.36391497339835,83.8021240234375,6078100,0.0,0.0
2026-04-06 00:00:00-04:00,83.33754508760023,86.45121371280096,83.15962095069176,85.57147979736328,2339500,0.0,0.0
2026-04-07 00:00:00-04:00,85.43309045609823,85.56158828175006,83.74281501993293,83.93062591552734,2173300,0.0,0.0
2026-04-08 00:00:00-04:00,83.97015943905804,85.38366571259766,82.6258454638849,84.53358459472656,3920900,0.0,0.0
2026-04-09 00:00:00-04:00,83.94050979926811,86.57971154558118,83.50558999679922,85.57147979736328,3591200,0.0,0.0
2026-04-10 00:00:00-04:00,85.55171145185311,86.16455537440575,85.05747858971968,85.29470825195312,2128000,0.0,0.0
2026-04-13 00:00:00-04:00,85.23540528776816,86.09536566727677,84.73128564162488,86.07559967041016,2339800,0.0,0.0
2026-04-14 00:00:00-04:00,86.0459424442746,86.21397980381386,84.1382033362375,85.27493286132812,2775200,0.0,0.0
2026-04-15 00:00:00-04:00,85.48252063893577,86.0459458099073,84.46439459046887,84.64231872558594,2696200,0.0,0.0
2026-04-16 00:00:00-04:00,84.80047432526253,85.89767186873647,84.6818557249374,85.8680191040039,2534800,0.0,0.0
2026-04-17 00:00:00-04:00,85.95697550858418,87.97344642141314,85.44297666793118,87.6867904663086,3436500,0.0,0.0
2026-04-20 00:00:00-04:00,87.23210022093528,87.92402321179547,86.3523663291009,86.55005645751953,2395000,0.0,0.0
2026-04-21 00:00:00-04:00,86.74775250927681,86.90590310078281,83.31777530128659,83.94050598144531,3552000,0.0,0.0
2026-04-22 00:00:00-04:00,84.76093351374458,86.12501346063799,84.07888976960047,85.01793670654297,2920100,0.0,0.0
2026-04-23 00:00:00-04:00,87.87460077544907,88.64560280199119,85.55170792739673,86.51051330566406,3865300,0.0,0.0
2026-04-24 00:00:00-04:00,86.41166859278492,86.42155536125061,83.70327472057937,85.34412384033203,2893800,0.0,0.0
2026-04-27 00:00:00-04:00,84.98828875631156,85.60113269664372,82.33920023676669,82.47758483886719,3145900,0.0,0.0
2026-04-28 00:00:00-04:00,83.41661870981447,85.22551272668154,82.51711885630779,85.17608642578125,2818400,0.0,0.0
2026-04-29 00:00:00-04:00,84.65220431296098,86.05582383629458,84.65220431296098,84.87955474853516,2884100,0.0,0.0
2026-04-30 00:00:00-04:00,84.89932362808574,87.92402644417999,84.68185995399355,87.75598907470703,3094700,0.0,0.0
2026-05-01 00:00:00-04:00,88.18102718797375,89.45614888926326,87.53852295286579,88.23045349121094,3292600,0.0,0.0
2026-05-04 00:00:00-04:00,87.6472538195355,89.80210939661981,87.44956369155878,89.13983917236328,3064100,0.0,0.0
2026-05-05 00:00:00-04:00,88.96191681904763,89.44626292124958,87.85483247261945,88.07229614257812,2755800,0.0,0.0
2026-05-06 00:00:00-04:00,88.69503037999127,89.82188067214861,88.22056352684328,89.19914245605469,2535700,0.0,0.0
2026-05-07 00:00:00-04:00,88.96191895818679,90.29634623428052,88.85318712059293,90.01957702636719,3134000,0.0,0.0
2026-05-08 00:00:00-04:00,90.06899636516012,91.04757528642467,89.40671862156587,89.52533721923828,4123500,0.0,0.0
2026-05-11 00:00:00-04:00,89.91083961417813,91.24526680753556,89.39684076583562,89.62418365478516,3640500,0.0,0.0
2026-05-12 00:00:00-04:00,89.179375719676,91.7394982357942,88.83341423660526,90.44461059570312,3809300,0.0,0.0
2026-05-13 00:00:00-04:00,89.66372776441835,89.66372776441835,86.29306346014071,88.5863037109375,5158800,0.0,0.0
2026-05-14 00:00:00-04:00,88.68514639494019,88.97180236126083,86.1052502394495,86.30294036865234,3610300,0.0,0.0
2026-05-15 00:00:00-04:00,86.06571320605194,86.84660205946417,84.48416950229088,85.66044616699219,3732800,0.0,0.0
2026-05-18 00:00:00-04:00,85.66044258326968,89.02121998513597,85.66044258326968,88.8828353881836,3529300,0.0,0.0
2026-05-19 00:00:00-04:00,88.77410805004631,91.61100751397045,88.77410805004631,91.2749252319336,4051200,0.0,0.0
2026-05-20 00:00:00-04:00,90.06899994858783,91.71973590621509,90.04922641082503,91.57146453857422,3290500,0.0,0.0
2026-05-21 00:00:00-04:00,91.17607605306424,92.708200938174,90.74115626368845,90.97838592529297,2863000,0.0,0.0
2026-05-22 00:00:00-04:00,91.35400127235395,91.6011177057079,89.5352279427385,90.40507507324219,3045300,0.0,0.0
2026-05-26 00:00:00-04:00,90.41496421786381,91.19585307274794,89.5352302953199,89.59453582763672,3548700,0.0,0.0
2026-05-27 00:00:00-04:00,89.7526918554015,91.04757955645997,88.9718030189067,89.82188415527344,3012000,0.0,0.0
2026-05-28 00:00:00-04:00,89.91083933186967,91.15630822774358,89.57476461312304,90.03933715820312,3284800,0.0,0.0
2026-05-29 00:00:00-04:00,89.89107222278994,90.91907744491066,89.19914171525373,90.44461059570312,5347300,0.0,0.0
2026-06-01 00:00:00-04:00,89.4858010112736,90.18761077210434,88.90260985252219,89.98003387451172,3737600,0.0,0.0
2026-06-02 00:00:00-04:00,89.75269004490706,90.23703613424038,87.59783448199794,88.8828353881836,3090900,0.0,0.0
2026-06-03 00:00:00-04:00,88.14148332802756,90.40507065181218,87.57805818919172,87.59783172607422,4456600,0.0,0.0
2026-06-04 00:00:00-04:00,89.62418286045694,93.07393356984282,88.78398852700398,92.70819854736328,6458700,0.0,0.0
2026-06-05 00:00:00-04:00,92.81693244235379,93.97343552265188,92.55004247527273,93.4001235961914,5481700,0.0,0.0
2026-06-08 00:00:00-04:00,92.88612541938214,93.01462324877768,90.41496110596407,90.73126983642578,4094500,0.0,0.0
2026-06-09 00:00:00-04:00,91.16619882670349,92.56981837231518,90.25680461136798,91.50227355957031,4352300,0.0,0.0
2026-06-10 00:00:00-04:00,92.11512175346793,92.52038877227409,90.60277042665899,92.30292510986328,4173200,0.0,0.0
2026-06-11 00:00:00-04:00,92.17442854351759,92.550042802841,90.37542123177712,90.97838592529297,4060600,0.0,0.0
2026-06-12 00:00:00-04:00,91.43308248885145,92.56981961726217,90.81035177707291,91.09700775146484,4401200,0.0,0.0
2026-06-15 00:00:00-04:00,91.0,91.4000015258789,87.98999786376953,88.73999786376953,5846700,1.063,0.0
2026-06-16 00:00:00-04:00,89.1500015258789,89.63999938964844,87.61000061035156,88.12999725341797,4115300,0.0,0.0
2026-06-17 00:00:00-04:00,87.5,88.05999755859375,85.43000030517578,85.7699966430664,3943400,0.0,0.0
2026-06-18 00:00:00-04:00,86.31999969482422,86.33999633789062,81.81999969482422,82.05000305175781,7437300,0.0,0.0
2026-06-22 00:00:00-04:00,81.43000030517578,84.36000061035156,81.20999908447266,83.12000274658203,4758900,0.0,0.0
2026-06-23 00:00:00-04:00,84.2699966430664,84.7300033569336,82.75,84.33000183105469,3716700,0.0,0.0
2026-06-24 00:00:00-04:00,84.23999786376953,84.52999877929688,81.0199966430664,82.13999938964844,6329100,0.0,0.0
2026-06-25 00:00:00-04:00,82.13999938964844,82.33999633789062,78.2699966430664,79.52999877929688,5001800,0.0,0.0
2026-06-26 00:00:00-04:00,80.37000274658203,82.75,80.0199966430664,82.62000274658203,6122800,0.0,0.0
2026-06-29 00:00:00-04:00,82.22000122070312,82.63999938964844,78.01000213623047,78.62999725341797,4641300,0.0,0.0
2026-06-30 00:00:00-04:00,78.02999877929688,79.18000030517578,75.38999938964844,75.7300033569336,6130600,0.0,0.0
2026-07-01 00:00:00-04:00,75.62000274658203,77.23999786376953,74.33000183105469,76.52999877929688,4547800,0.0,0.0
2026-07-02 00:00:00-04:00,77.68000030517578,78.91999816894531,76.38999938964844,76.5999984741211,4060600,0.0,0.0
2026-07-06 00:00:00-04:00,76.0,76.2699966430664,73.75,74.91999816894531,3735100,0.0,0.0
2026-07-07 00:00:00-04:00,75.80999755859375,78.0,75.80999755859375,77.22000122070312,4366700,0.0,0.0
2026-07-08 00:00:00-04:00,76.91000366210938,77.47000122070312,76.37000274658203,76.9000015258789,3647500,0.0,0.0
2026-07-09 00:00:00-04:00,76.22000122070312,77.37000274658203,75.86000061035156,76.68000030517578,3552300,0.0,0.0
2026-07-10 00:00:00-04:00,78.16999816894531,79.83999633789062,77.93000030517578,79.66000366210938,5364200,0.0,0.0
2026-07-13 00:00:00-04:00,80.36000061035156,80.81999969482422,79.73999786376953,79.83999633789062,3280900,0.0,0.0
2026-07-14 00:00:00-04:00,79.6500015258789,79.68000030517578,78.0999984741211,79.05000305175781,2914900,0.0,0.0
2026-07-15 00:00:00-04:00,79.0999984741211,80.76000213623047,78.69000244140625,79.47000122070312,3512900,0.0,0.0
2026-07-16 00:00:00-04:00,79.79000091552734,80.31999969482422,78.30000305175781,78.7300033569336,3375300,0.0,0.0
2026-07-17 00:00:00-04:00,80.05000305175781,80.69000244140625,78.62999725341797,79.16999816894531,2934200,0.0,0.0
2026-07-20 00:00:00-04:00,79.0,79.2300033569336,77.31999969482422,78.18000030517578,3713700,0.0,0.0
2026-07-21 00:00:00-04:00,77.87000274658203,78.0999984741211,76.04000091552734,76.19999694824219,3829000,0.0,0.0
2026-07-22 00:00:00-04:00,77.0,77.75,76.37999725341797,77.5,3919800,0.0,0.0
2026-07-23 00:00:00-04:00,77.77999877929688,78.23999786376953,73.77999877929688,74.56999969482422,8116200,0.0,0.0
2026-07-24 00:00:00-04:00,75.56999969482422,76.76000213623047,74.7300033569336,74.9000015258789,4195400,0.0,0.0
2026-07-27 00:00:00-04:00,74.73999786376953,75.19999694824219,73.5199966430664,74.12999725341797,4966700,0.0,0.0
2026-07-28 00:00:00-04:00,75.04000091552734,78.1500015258789,74.7300033569336,75.75,4481700,0.0,0.0
2026-07-29 00:00:00-04:00,76.95999908447266,79.94999694824219,75.63999938964844,79.08999633789062,6981500,0.0,0.0
2026-07-30 00:00:00-04:00,78.29000091552734,79.1500015258789,75.66000366210938,76.51000213623047,4434900,0.0,0.0
2026-07-31 00:00:00-04:00,76.18000030517578,76.5,74.83999633789062,76.30000305175781,5007800,0.0,0.0
2026-08-03 00:00:00-04:00,76.72000122070312,78.69999694824219,76.05000305175781,76.73999786376953,3723300,0.0,0.0
2026-08-04 00:00:00-04:00,75.58999633789062,78.30999755859375,75.0999984741211,77.66000366210938,4050500,0.0,0.0
2026-08-05 00:00:00-04:00,77.30000305175781,77.30000305175781,69.72000122070312,73.83999633789062,10822700,0.0,0.0
2026-08-06 00:00:00-04:00,75.02999877929688,76.4800033569336,73.5199966430664,74.91999816894531,5715800,0.0,0.0
2026-08-07 00:00:00-04:00,74.73999786376953,76.26000213623047,74.73999786376953,75.58999633789062,2091800,0.0,0.0
2026-08-10 00:00:00-04:00,75.12999725341797,75.30999755859375,73.47000122070312,73.61000061035156,2023200,0.0,0.0
2026-08-11 00:00:00-04:00,73.37999725341797,74.80999755859375,73.37999725341797,73.63999938964844,1984700,0.0,0.0
2026-08-12 00:00:00-04:00,73.5999984741211,74.5999984741211,73.29000091552734,73.97000122070312,2558500,0.0,0.0
2026-08-13 00:00:00-04:00,74.5,76.30999755859375,74.01000213623047,75.7300033569336,2389000,0.0,0.0
2026-08-14 00:00:00-04:00,75.83999633789062,76.29000091552734,75.51000213623047,75.9800033569336,2239600,0.0,0.0
2026-08-17 00:00:00-04:00,75.30999755859375,75.69000244140625,73.87000274658203,74.44000244140625,2321000,0.0,0.0
2026-08-18 00:00:00-04:00,75.69999694824219,75.88999938964844,73.91000366210938,74.02999877929688,2302200,0.0,0.0
2026-08-19 00:00:00-04:00,74.4800033569336,75.48999786376953,73.94999694824219,74.6500015258789,1739600,0.0,0.0
2026-08-20 00:00:00-04:00,76.1500015258789,76.22000122070312,74.75,75.38999938964844,2527400,0.0,0.0
2026-08-21 00:00:00-04:00,75.5,76.5,74.9000015258789,75.51000213623047,2198300,0.0,0.0
2026-08-24 00:00:00-04:00,75.51000213623047,76.75,75.41999816894531,76.4000015258789,2391900,0.0,0.0
2026-08-25 00:00:00-04:00,76.2300033569336,76.86000061035156,75.41999816894531,76.29000091552734,2016900,0.0,0.0
2026-08-26 00:00:00-04:00,76.54000091552734,77.0,75.2300033569336,75.54000091552734,1952200,0.0,0.0
2026-08-27 00:00:00-04:00,75.02999877929688,75.9000015258789,74.77999877929688,75.02999877929688,1815000,0.0,0.0
2026-08-28 00:00:00-04:00,75.45999908447266,76.58000183105469,75.0,76.13999938964844,1935000,0.0,0.0
2026-08-31 00:00:00-04:00,75.76000213623047,76.62999725341797,74.94999694824219,76.13999938964844,4028000,0.0,0.0
2026-09-01 00:00:00-04:00,76.33999633789062,77.11000061035156,75.38999938964844,75.83999633789062,2483800,0.0,0.0
2026-09-02 00:00:00-04:00,75.7699966430664,76.41000366210938,74.36000061035156,75.37999725341797,3367000,0.0,0.0
2026-09-03 00:00:00-04:00,76.0,77.75,75.76000213623047,77.26000213623047,2637500,0.0,0.0
2026-09-04 00:00:00-04:00,76.7699966430664,77.54000091552734,75.5,75.83000183105469,2460000,0.0,0.0
