Date,Open,High,Low,Close,Volume,Dividends,Stock Splits
2021-01-04 00:00:00-05:00,355.54568226749956,359.4267900313373,353.07760084960825,358.10797119140625,3322200,0.0,0.0
2021-01-05 00:00:00-05:00,356.8927645497586,358.1644940252155,353.4920949041962,353.95367431640625,2748400,0.0,0.0
2021-01-06 00:00:00-05:00,352.1450530548869,354.01022964670824,348.2168267133912,348.56536865234375,2661400,0.0,0.0
2021-01-07 00:00:00-05:00,349.4979278429071,350.1008041041944,345.5226127750953,346.58709716796875,2849500,0.0,0.0
2021-01-08 00:00:00-05:00,346.77551131763784,348.7914427633147,343.16759658995704,348.489990234375,2599700,0.0,0.0
2021-01-11 00:00:00-05:00,347.20883773665656,349.48853299999666,342.76251347147667,342.9038391113281,2562500,0.0,0.0
2021-01-12 00:00:00-05:00,342.89440968598734,343.9023754271898,339.3618436521345,343.08282470703125,2387600,0.0,0.0
2021-01-13 00:00:00-05:00,343.24291854757337,347.359530502901,341.95235914718114,345.67333984375,1968800,0.0,0.0
2021-01-14 00:00:00-05:00,344.7784156041802,345.24942436866684,340.59585547569185,341.3400573730469,2363900,0.0,0.0
2021-01-15 00:00:00-05:00,340.1248467457493,343.75161998228305,339.8799129888015,341.16107177734375,2340400,0.0,0.0
2021-01-19 00:00:00-05:00,341.3494651808751,341.9052808329847,332.0046671957996,333.9169616699219,4533800,0.0,0.0
2021-01-20 00:00:00-05:00,333.84166567349854,340.91619903423253,332.91847798047434,340.3509826660156,2767200,0.0,0.0
2021-01-21 00:00:00-05:00,340.35092024585845,342.8849496876774,339.06979021108407,341.7639465332031,2121600,0.0,0.0
2021-01-22 00:00:00-05:00,342.14074641106055,343.48782445348985,338.98498223095055,341.29290771484375,1960300,0.0,0.0
2021-01-25 00:00:00-05:00,339.9365537964846,340.97277920014056,336.1308223112084,340.8974304199219,2735900,0.0,0.0
2021-01-26 00:00:00-05:00,339.3146630718337,344.6841447512534,338.07119326258726,343.8175048828125,1807000,0.0,0.0
2021-01-27 00:00:00-05:00,341.9429397769408,344.59000678099557,334.274931902546,335.72564697265625,3120800,0.0,0.0
2021-01-28 00:00:00-05:00,336.1589958712777,340.6429802261144,335.42422327230173,336.3568115234375,2251100,0.0,0.0
2021-01-29 00:00:00-05:00,334.18066544306555,335.6313802572446,331.47708016306535,331.99517822265625,2598700,0.0,0.0
2021-02-01 00:00:00-05:00,330.84607003416113,332.3344742865455,328.9620343968864,330.1960754394531,2371200,0.0,0.0
2021-02-02 00:00:00-05:00,331.3641002818081,336.95968678972235,330.3843939871583,334.96258544921875,1905000,0.0,0.0
2021-02-03 00:00:00-05:00,335.5748898791492,336.79950107701507,332.7299787532559,334.614013671875,1759800,0.0,0.0
2021-02-04 00:00:00-05:00,336.6906272962821,338.266915827712,333.99115073228734,335.87890625,3411600,0.7,0.0
2021-02-05 00:00:00-05:00,336.5395263245528,336.82270687027415,334.22704362787374,335.23699951171875,2165600,0.0,0.0
2021-02-08 00:00:00-05:00,336.55841586874305,339.8336720313864,335.61453834411793,339.63543701171875,2520700,0.0,0.0
2021-02-09 00:00:00-05:00,339.8337173939995,341.37224257328506,338.1913506946188,339.3806457519531,2154000,0.0,0.0
2021-02-10 00:00:00-05:00,340.73985589587755,340.73985589587755,335.18985031018065,336.13372802734375,2162400,0.0,0.0
2021-02-11 00:00:00-05:00,335.76557190876326,336.4923472539813,331.6691467900802,332.4336853027344,2088400,0.0,0.0
2021-02-12 00:00:00-05:00,332.23549409019535,333.1699525771133,330.4515802603714,332.9528503417969,2096600,0.0,0.0
2021-02-16 00:00:00-05:00,333.26427987322876,335.4163195814853,332.28266793953804,334.1326599121094,1829000,0.0,0.0
2021-02-17 00:00:00-05:00,333.2926147800182,338.068662069331,332.1599789114296,337.9459533691406,2143000,0.0,0.0
2021-02-18 00:00:00-05:00,332.509188207353,338.0969560790846,332.509188207353,336.8887939453125,1914900,0.0,0.0
2021-02-19 00:00:00-05:00,336.67172433128184,337.842123410324,334.6801274932218,334.8594665527344,1839400,0.0,0.0
2021-02-22 00:00:00-05:00,332.9528467417315,333.4625487468246,329.243414426847,330.5553894042969,2215600,0.0,0.0
2021-02-23 00:00:00-05:00,330.1683814534922,331.3010461245797,322.834462682535,322.9477233886719,3692600,0.0,0.0
2021-02-24 00:00:00-05:00,322.60798589385377,323.2781310344321,318.9268684109307,321.57916259765625,3305800,0.0,0.0
2021-02-25 00:00:00-05:00,321.7206348535732,323.7499656117431,314.6415539728499,315.1606750488281,3618100,0.0,0.0
2021-02-26 00:00:00-05:00,316.68035878488666,317.03903685447136,312.3668315667445,312.4234619140625,3362200,0.0,0.0
2021-03-01 00:00:00-05:00,316.3971482135844,317.14281945563965,312.76321431301784,313.15020751953125,4653200,0.0,0.0
2021-03-02 00:00:00-05:00,314.96255276417344,315.9064304664114,309.98832764312954,310.02606201171875,4660100,0.0,0.0
2021-03-03 00:00:00-05:00,309.7522626887618,309.9882320415474,305.5897598490411,305.74078369140625,4064200,0.0,0.0
2021-03-04 00:00:00-05:00,305.22168174754904,307.32653907457444,297.3591943525759,301.13470458984375,5501200,0.0,0.0
2021-03-05 00:00:00-05:00,297.6329552131597,300.5589819694407,289.7704663095832,299.51129150390625,8102800,0.0,0.0
2021-03-08 00:00:00-05:00,301.0119545069458,304.23999918520934,293.4703830625804,293.94232177734375,4873500,0.0,0.0
2021-03-09 00:00:00-05:00,296.15108740097224,302.3051598644569,295.159998496138,300.88934326171875,5426800,0.0,0.0
2021-03-10 00:00:00-05:00,303.1169096995012,309.01614554432683,299.5112898379768,305.6559143066406,4523500,0.0,0.0
2021-03-11 00:00:00-05:00,311.8665251360416,312.6593786698979,308.38361533794205,310.2052917480469,4338900,0.0,0.0
2021-03-12 00:00:00-05:00,309.6862074184346,313.01809377569134,307.32651371485747,312.55560302734375,3182100,0.0,0.0
2021-03-15 00:00:00-04:00,314.87757689755415,314.95307443232196,308.95002665065454,311.96099853515625,3243000,0.0,0.0
2021-03-16 00:00:00-04:00,311.16816883797156,311.50795097796515,308.3082206069148,308.88397216796875,3066700,0.0,0.0
2021-03-17 00:00:00-04:00,307.704055419825,311.95150403758333,305.92956116629597,310.71502685546875,2672400,0.0,0.0
2021-03-18 00:00:00-04:00,308.15717888133196,309.7240192030499,304.2872748390029,304.8536071777344,2736900,0.0,0.0
2021-03-19 00:00:00-04:00,305.4482667919373,310.7717511620961,304.29676358228926,310.4508361816406,4859300,0.0,0.0
2021-03-22 00:00:00-04:00,310.016560741836,317.30329582606726,309.7711433866753,315.7175598144531,4064900,0.0,0.0
2021-03-23 00:00:00-04:00,315.15135517227293,323.28757675296447,315.06638082665575,321.2393493652344,3641200,0.0,0.0
2021-03-24 00:00:00-04:00,323.0137604267924,323.28749296818967,317.9262468561742,319.068359375,3006400,0.0,0.0
2021-03-25 00:00:00-04:00,318.851342305369,328.26180468061574,318.34164025199846,326.9026184082031,4307100,0.0,0.0
2021-03-26 00:00:00-04:00,326.77989721674936,332.6791329638774,324.78832905485274,332.2638244628906,3061200,0.0,0.0
2021-03-29 00:00:00-04:00,331.7258402843537,337.691125656219,331.3105317780712,336.16204833984375,3012000,0.0,0.0
2021-03-30 00:00:00-04:00,333.7362237785882,334.8594404089533,329.26225324393414,330.1211853027344,2602400,0.0,0.0
2021-03-31 00:00:00-04:00,330.9801034837255,337.38904008152224,329.6303655071437,332.6979675292969,2832200,0.0,0.0
2021-04-01 00:00:00-04:00,332.7546274296382,337.2663613445603,331.89569533057056,335.0199279785156,2938600,0.0,0.0
2021-04-05 00:00:00-04:00,337.4362655254222,342.31612573177455,336.8133028094074,340.5699462890625,2705700,0.0,0.0
2021-04-06 00:00:00-04:00,339.6071624479142,342.4387953603922,338.8520718598639,339.9092102050781,2142000,0.0,0.0
2021-04-07 00:00:00-04:00,340.61705371644695,341.1739379601773,337.54000398530087,338.67266845703125,1808400,0.0,0.0
2021-04-08 00:00:00-04:00,342.43876258081457,345.47804943480287,339.4183717128774,340.94744873046875,2839200,0.0,0.0
2021-04-09 00:00:00-04:00,340.65486818769415,343.29771394664385,339.41839083566504,342.8257751464844,1610800,0.0,0.0
2021-04-12 00:00:00-04:00,342.476467379267,344.7512153367708,341.0606512998552,344.3359069824219,1836600,0.0,0.0
2021-04-13 00:00:00-04:00,344.8363317766924,346.68632430545375,343.82637555958956,344.713623046875,1796400,0.0,0.0
2021-04-14 00:00:00-04:00,344.3737322842558,344.3737322842558,342.2027966211756,342.78802490234375,1509400,0.0,0.0
2021-04-15 00:00:00-04:00,344.40215726320395,348.8100507271296,343.82637679158205,348.1021423339844,1850100,0.0,0.0
2021-04-16 00:00:00-04:00,348.951470553088,351.87746731715026,347.894303716724,349.9142150878906,2249200,0.0,0.0
2021-04-19 00:00:00-04:00,350.1786011280149,350.67885512028914,347.53575528295477,348.8099670410156,1560000,0.0,0.0
2021-04-20 00:00:00-04:00,348.2907883514523,354.2938352674399,348.03595180289403,350.8675842285156,2330700,0.0,0.0
2021-04-21 00:00:00-04:00,350.7543877149715,353.55770571164726,350.62225981194183,353.09521484375,1531800,0.0,0.0
2021-04-22 00:00:00-04:00,353.33114159948065,354.3694127330059,349.26303139868253,350.42401123046875,2138000,0.0,0.0
2021-04-23 00:00:00-04:00,350.42406577449026,353.81258347030496,349.62176391893865,352.3306884765625,1404500,0.0,0.0
2021-04-26 00:00:00-04:00,352.9157728095309,352.9157728095309,347.5451078144067,347.83770751953125,2059700,0.0,0.0
2021-04-27 00:00:00-04:00,347.5074631254234,350.14086115105647,344.78909075908877,349.4329528808594,1875900,0.0,0.0
2021-04-28 00:00:00-04:00,348.81001514450116,349.706710539625,347.5169072203797,348.8477783203125,1305600,0.0,0.0
2021-04-29 00:00:00-04:00,348.601801441694,354.4379850512756,348.59233320962153,353.331298828125,1848300,0.79,0.0
2021-04-30 00:00:00-04:00,352.73539184526163,353.91776623982486,351.2408544452587,351.9597473144531,2118900,0.0,0.0
2021-05-03 00:00:00-04:00,353.6149844865101,359.0822811874916,352.716397487609,358.79852294921875,2685800,0.0,0.0
2021-05-04 00:00:00-04:00,358.5242882120488,358.7134796596665,353.5299399804985,354.98663330078125,2133800,0.0,0.0
2021-05-05 00:00:00-04:00,355.98928355536856,357.0959698080691,351.9218983744965,352.3475646972656,1905300,0.0,0.0
2021-05-06 00:00:00-04:00,353.00016587288707,362.22268414707645,353.00016587288707,362.05242919921875,2641400,0.0,0.0
2021-05-07 00:00:00-04:00,362.11872718924786,365.5429079515517,361.5228346957076,363.52813720703125,1817100,0.0,0.0
2021-05-10 00:00:00-04:00,364.63483471610607,366.9050168938696,360.65260540466454,360.841796875,1998700,0.0,0.0
2021-05-11 00:00:00-04:00,358.789177570893,360.3120909485606,355.65825218149286,357.7203063964844,1859700,0.0,0.0
2021-05-12 00:00:00-04:00,355.6581263913088,356.5472740166115,351.03266509373077,352.063720703125,2344600,0.0,0.0
2021-05-13 00:00:00-04:00,352.9057180339422,360.8039863565274,351.4679608720274,358.997314453125,2023100,0.0,0.0
2021-05-14 00:00:00-04:00,361.4660007278803,364.9469034971082,359.53635792179523,363.6226501464844,1876100,0.0,0.0
2021-05-17 00:00:00-04:00,364.20920985910567,366.11044852916183,362.1849707491499,363.1876220703125,1830800,0.0,0.0
2021-05-18 00:00:00-04:00,365.5428805848314,368.38057914121543,361.8160341714553,362.09979248046875,1698200,0.0,0.0
2021-05-19 00:00:00-04:00,356.74596143480073,361.0781969552727,355.7811544157791,359.12017822265625,1725000,0.0,0.0
2021-05-20 00:00:00-04:00,358.6660522173203,363.7171504882247,357.8147487094695,362.8280029296875,1427300,0.0,0.0
2021-05-21 00:00:00-04:00,364.218595959824,364.50238313368146,359.84854482810437,360.12286376953125,1706600,0.0,0.0
2021-05-24 00:00:00-04:00,363.54703579859245,364.8902258838449,361.2295991814092,362.7052001953125,1657000,0.0,0.0
2021-05-25 00:00:00-04:00,362.8659085694613,364.8712105979076,361.3619320481265,364.53070068359375,1379700,0.0,0.0
2021-05-26 00:00:00-04:00,364.98472756530583,366.7724912820485,364.1901755356064,364.7577209472656,1648000,0.0,0.0
2021-05-27 00:00:00-04:00,364.29426415509755,366.79142372235896,362.7524434145035,366.5360412597656,4452000,0.0,0.0
2021-05-28 00:00:00-04:00,363.367314011658,364.46456097675343,356.63251369247405,357.805419921875,4681200,0.0,0.0
2021-06-01 00:00:00-04:00,359.37552864489675,359.6309399408147,355.1852015045215,357.76751708984375,2117800,0.0,0.0
2021-06-02 00:00:00-04:00,357.90944817139336,361.2579403974226,357.2756828214983,359.9998779296875,1881000,0.0,0.0
2021-06-03 00:00:00-04:00,359.10134115874973,363.40517282998195,358.3635117523571,363.10247802734375,1780300,0.0,0.0
2021-06-04 00:00:00-04:00,363.40515979434963,366.7820282028986,362.9511176066792,366.55499267578125,1765900,0.0,0.0
2021-06-07 00:00:00-04:00,364.6158463259254,365.5428381386661,358.08914617742306,359.82012939453125,2515800,0.0,0.0
2021-06-08 00:00:00-04:00,359.82969224658825,360.5864004261152,357.25684402300345,359.1581115722656,1553800,0.0,0.0
2021-06-09 00:00:00-04:00,359.6404360535115,361.1255051768356,358.61887730831626,359.4039611816406,1398900,0.0,0.0
2021-06-10 00:00:00-04:00,359.69718672938916,362.62001267373,358.95938628583286,362.2889709472656,1404000,0.0,0.0
2021-06-11 00:00:00-04:00,363.0929653424954,363.0929653424954,359.9431327336934,361.17279052734375,1404200,0.0,0.0
2021-06-14 00:00:00-04:00,360.18909032550454,363.2065121373237,358.57158134431756,362.9984130859375,1652600,0.0,0.0
2021-06-15 00:00:00-04:00,362.99841015151577,363.69836656117354,360.9174196544757,363.1402893066406,1252000,0.0,0.0
2021-06-16 00:00:00-04:00,363.603726313869,365.53336918697863,356.7175797848824,358.8836975097656,1801700,0.0,0.0
2021-06-17 00:00:00-04:00,359.8012988050895,365.5618239745614,358.6945835584563,363.93487548828125,1686500,0.0,0.0
2021-06-18 00:00:00-04:00,363.93482682748913,364.08617420906563,359.7255625729183,360.2742004394531,3415700,0.0,0.0
2021-06-21 00:00:00-04:00,361.57007034980495,366.677921685424,359.9714979452776,365.8739013671875,1631600,0.0,0.0
2021-06-22 00:00:00-04:00,366.08201520862735,371.26555487631504,365.6469095199447,370.9628601074219,1934800,0.0,0.0
2021-06-23 00:00:00-04:00,371.738465905636,372.15466395287035,369.45884487718945,370.7641906738281,1538000,0.0,0.0
2021-06-24 00:00:00-04:00,372.13579578807173,374.10325405628396,370.6034143427609,370.85882568359375,1487300,0.0,0.0
2021-06-25 00:00:00-04:00,371.71008541739803,373.2045937562301,370.08313730767065,373.1667785644531,2056100,0.0,0.0
2021-06-28 00:00:00-04:00,373.63034266358716,375.9194324009413,371.861515027096,375.0870361328125,1645500,0.0,0.0
2021-06-29 00:00:00-04:00,374.85999193068994,377.83013046723323,374.07490798073883,377.2153015136719,1523600,0.0,0.0
2021-06-30 00:00:00-04:00,376.43959521620275,378.8043437780387,373.6302727700792,374.2640380859375,2031700,0.0,0.0
2021-07-01 00:00:00-04:00,374.8599310552981,376.1747451136607,372.57087060917445,373.1856994628906,1523400,0.0,0.0
2021-07-02 00:00:00-04:00,374.7748312009378,379.0881305930669,374.68023547803216,377.3571472167969,1676600,0.0,0.0
2021-07-06 00:00:00-04:00,378.2084555321566,379.68405645420916,375.62613948528366,377.2814636230469,2113100,0.0,0.0
2021-07-07 00:00:00-04:00,377.60307995538017,384.14868812224177,377.60307995538017,382.7865905761719,2308600,0.0,0.0
2021-07-08 00:00:00-04:00,381.670428102826,386.5323651321294,381.3488257537898,385.1229553222656,2235500,0.0,0.0
2021-07-09 00:00:00-04:00,386.4472040915906,391.6023675785604,385.5391487131757,390.060546875,2304200,0.0,0.0
2021-07-12 00:00:00-04:00,391.640251681563,391.93347822818345,382.6447378634837,385.8135070800781,2491300,0.0,0.0
2021-07-13 00:00:00-04:00,382.80556321036806,387.1472387237379,382.80556321036806,385.0378723144531,1540300,0.0,0.0
2021-07-14 00:00:00-04:00,386.4755474873869,388.2633111322537,385.2269822718049,387.7714538574219,1265800,0.0,0.0
2021-07-15 00:00:00-04:00,388.2538146400434,389.89969903453397,385.8134071721895,389.5402526855469,1894100,0.0,0.0
2021-07-16 00:00:00-04:00,389.82411693288657,391.0538036646876,387.6012472227445,388.1687927246094,1413900,0.0,0.0
2021-07-19 00:00:00-04:00,387.8755070814902,392.8509471810914,387.86603885015654,391.7442321777344,2293100,0.0,0.0
2021-07-20 00:00:00-04:00,391.6023554491445,395.4521729729593,390.51457690176426,393.7211608886719,2045400,0.0,0.0
2021-07-21 00:00:00-04:00,394.5441356778997,394.5441356778997,389.9187020269589,392.5577697753906,1480000,0.0,0.0
2021-07-22 00:00:00-04:00,393.4941734552331,395.9535178126404,391.17670824282686,394.95086669921875,1339200,0.0,0.0
2021-07-23 00:00:00-04:00,395.66027824929813,401.05188764754826,394.4873433339761,400.5221862792969,1344500,0.0,0.0
2021-07-26 00:00:00-04:00,400.4938556026312,401.53435085991526,397.6088735800626,400.33306884765625,1220000,0.0,0.0
2021-07-27 00:00:00-04:00,401.0613627421318,401.59106411944754,398.79120985841286,401.3829650878906,1666500,0.0,0.0
2021-07-28 00:00:00-04:00,400.37086846903867,401.8748452006451,397.7885813247884,399.377685546875,1362700,0.0,0.0
2021-07-29 00:00:00-04:00,399.6145570910218,403.56636438074764,398.36362237420644,403.02618408203125,1434200,0.79,0.0
2021-07-30 00:00:00-04:00,403.6896305630441,408.92077349973175,403.6517155569351,407.2339172363281,2283900,0.0,0.0
2021-08-02 00:00:00-04:00,408.08679520856373,408.172082277271,403.21577278700977,406.47576904296875,1366900,0.0,0.0
2021-08-03 00:00:00-04:00,407.42338630381846,413.9433490085517,406.66523092838173,412.30389404296875,1448100,0.0,0.0
2021-08-04 00:00:00-04:00,413.1852091605204,415.0710681770746,410.2379615734298,412.27545166015625,1280500,0.0,0.0
2021-08-05 00:00:00-04:00,414.84365201808237,420.29276909199206,413.8770364442389,419.9989929199219,1742600,0.0,0.0
2021-08-06 00:00:00-04:00,419.5630652547835,420.2548476852597,415.9334633070568,416.6252746582031,1789800,0.0,0.0
2021-08-09 00:00:00-04:00,417.59189980017317,419.6104469417085,416.3220220645196,417.42132568359375,1472500,0.0,0.0
2021-08-10 00:00:00-04:00,417.60149326944895,420.57717077816767,417.60149326944895,419.84747314453125,1893700,0.0,0.0
2021-08-11 00:00:00-04:00,422.18818315108183,424.5573648747131,418.6817826318375,421.05096435546875,2267500,0.0,0.0
2021-08-12 00:00:00-04:00,419.8189873667528,423.25904374155806,419.10823287346824,422.05548095703125,1230700,0.0,0.0
2021-08-13 00:00:00-04:00,422.4535498293073,424.8985327557512,421.27844489481083,424.3868103027344,1309300,0.0,0.0
2021-08-16 00:00:00-04:00,424.4720324258584,429.47574253442946,423.65701896130537,429.1629943847656,1515600,0.0,0.0
2021-08-17 00:00:00-04:00,429.1630369516287,430.03490854429384,426.168416726263,428.6702575683594,1936700,0.0,0.0
2021-08-18 00:00:00-04:00,427.3624373847228,431.4184750487783,422.56721623256703,422.8609924316406,2030100,0.0,0.0
2021-08-19 00:00:00-04:00,419.77157176043806,431.6648508128078,418.21737488107783,430.48974609375,1953700,0.0,0.0
2021-08-20 00:00:00-04:00,431.65543553781436,436.5170011912376,429.9212071951164,434.9722900390625,1911200,0.0,0.0
2021-08-23 00:00:00-04:00,433.34221459326426,435.0385565479822,430.802459111559,431.1246643066406,1835900,0.0,0.0
2021-08-24 00:00:00-04:00,431.4279872239434,431.560675280961,426.7369958934361,428.1490478515625,1541700,0.0,0.0
2021-08-25 00:00:00-04:00,427.23925496531507,429.12514323529086,423.91294357622365,427.61834716796875,1520600,0.0,0.0
2021-08-26 00:00:00-04:00,427.6183418271402,428.8029326439512,423.32538586384413,425.7987976074219,1418600,0.0,0.0
2021-08-27 00:00:00-04:00,425.7988006605258,427.9879221920352,423.4201330286978,426.77490234375,1310200,0.0,0.0
2021-08-30 00:00:00-04:00,427.438253249668,432.6978245578466,426.86964391132295,432.0723571777344,1219800,0.0,0.0
2021-08-31 00:00:00-04:00,432.271436412874,432.972704951639,428.76503587769776,431.6554260253906,1699000,0.0,0.0
2021-09-01 00:00:00-04:00,431.6459415281625,432.783131335985,428.20588524116886,432.6315002441406,1325400,0.0,0.0
2021-09-02 00:00:00-04:00,435.37975187352043,437.294040084428,434.40365026746616,436.8486328125,1455000,0.0,0.0
2021-09-03 00:00:00-04:00,434.98169083815503,439.3409902559613,434.98169083815503,438.3459167480469,1302400,0.0,0.0
2021-09-07 00:00:00-04:00,438.2985988939171,438.9619813145667,433.68343773395276,435.55035400390625,1463400,0.0,0.0
2021-09-08 00:00:00-04:00,435.08592820165325,441.45428886012814,434.10982663724536,441.33111572265625,1372000,0.0,0.0
2021-09-09 00:00:00-04:00,442.88536027581,445.18819801731337,440.89524180312424,441.5586242675781,1398700,0.0,0.0
2021-09-10 00:00:00-04:00,442.7242894819236,443.8899084502914,438.9620275234085,440.8194580078125,1324800,0.0,0.0
2021-09-13 00:00:00-04:00,442.6200109978683,443.73825784808406,434.22364471891376,435.60723876953125,1679500,0.0,0.0
2021-09-14 00:00:00-04:00,436.8297653379317,438.01435627450195,433.48448168988426,434.42266845703125,1383900,0.0,0.0
2021-09-15 00:00:00-04:00,434.2614913347985,438.0616677886186,432.2714019730004,436.6212158203125,1770300,0.0,0.0
2021-09-16 00:00:00-04:00,436.67815912683534,439.5022055714119,432.6789787401148,439.0662841796875,1577500,0.0,0.0
2021-09-17 00:00:00-04:00,437.46463273081355,438.6018514496174,433.1053328696299,435.4650573730469,3411400,0.0,0.0
2021-09-20 00:00:00-04:00,432.7357640985529,436.82971686198755,423.249551676587,427.5330505371094,2602000,0.0,0.0
2021-09-21 00:00:00-04:00,427.5330557955853,432.93477258093816,426.6043261815106,428.4522705078125,1531300,0.0,0.0
2021-09-22 00:00:00-04:00,430.9067137705225,431.5226951349071,426.30101020592605,428.66070556640625,1380800,0.0,0.0
2021-09-23 00:00:00-04:00,428.63241741271054,431.7123541674932,427.4952273479681,429.0873107910156,2061200,0.0,0.0
2021-09-24 00:00:00-04:00,432.1197982518045,444.1931389184267,431.19106861565086,443.2738952636719,3353800,0.0,0.0
2021-09-27 00:00:00-04:00,441.1889907959548,445.87049600227175,433.31383338531117,436.4601135253906,2526000,0.0,0.0
2021-09-28 00:00:00-04:00,433.21903692103876,433.5601851520234,422.3492317779962,423.9413146972656,2632700,0.0,0.0
2021-09-29 00:00:00-04:00,426.32950358232495,432.13874173337325,425.4102599266353,428.1490478515625,1922000,0.0,0.0
2021-09-30 00:00:00-04:00,429.8831597198497,431.5321004805884,425.7892079131876,425.83660888671875,1836400,0.0,0.0
2021-10-01 00:00:00-04:00,426.19672912809676,427.4760637623755,417.6961063385384,424.8699645996094,1860700,0.0,0.0
2021-10-04 00:00:00-04:00,424.8795407419405,425.8366993467245,413.34638110429916,417.108642578125,2264000,0.0,0.0
2021-10-05 00:00:00-04:00,416.5779314840314,425.60925069736,416.26521223408594,422.8894348144531,1808700,0.0,0.0
2021-10-06 00:00:00-04:00,420.70029715359226,426.2441877370266,419.2314161682009,425.82720947265625,1334600,0.0,0.0
2021-10-07 00:00:00-04:00,432.58408173247943,435.540815404285,428.414328376839,429.1724548339844,1966200,0.0,0.0
2021-10-08 00:00:00-04:00,431.6079819973285,431.9017581697585,426.4526410891746,428.2058410644531,1545800,0.0,0.0
2021-10-11 00:00:00-04:00,426.490631762518,429.94963134763054,426.0167954105662,426.1684265136719,1011700,0.0,0.0
2021-10-12 00:00:00-04:00,426.5948459085059,429.15357368153,422.4250919515598,423.4864807128906,1380900,0.0,0.0
2021-10-13 00:00:00-04:00,425.069105813665,426.9360221229873,420.8330078387393,421.9986267089844,1621500,0.0,0.0
2021-10-14 00:00:00-04:00,423.7138397379897,428.06368198519857,423.13577339198486,427.0780944824219,1480400,0.0,0.0
2021-10-15 00:00:00-04:00,430.1391603665639,430.1865324316066,425.6756012856362,428.7176513671875,1494800,0.0,0.0
2021-10-18 00:00:00-04:00,426.0830390940025,438.1564069838823,425.03113645092895,437.77734375,2141300,0.0,0.0
2021-10-19 00:00:00-04:00,438.7723941879654,442.7147154982341,436.2231526942563,442.6388854980469,1365300,0.0,0.0
2021-10-20 00:00:00-04:00,444.00355013516287,447.77529744359003,443.35913971684033,445.1881408691406,1352900,0.0,0.0
2021-10-21 00:00:00-04:00,445.18812392818376,452.6557882583165,444.5342275542573,452.2577819824219,1423300,0.0,0.0
2021-10-22 00:00:00-04:00,453.925689475042,459.6496400775322,453.5276831785699,456.7687072753906,1710300,0.0,0.0
2021-10-25 00:00:00-04:00,456.7687659257321,466.45398229935444,454.4090701030667,464.45440673828125,1903400,0.0,0.0
2021-10-26 00:00:00-04:00,456.90139308063465,462.70114473759554,456.0484935288473,460.12347412109375,2378600,0.0,0.0
2021-10-27 00:00:00-04:00,458.5313450778926,465.78103392142685,458.25651195500393,463.5160827636719,1741800,0.0,0.0
2021-10-28 00:00:00-04:00,462.2252504449105,466.8478780779963,461.7696501979298,465.6139221191406,1362400,0.79,0.0
2021-10-29 00:00:00-04:00,462.05440291193435,469.06904775037685,461.94050284955824,466.5726318359375,2471600,0.0,0.0
2021-11-01 00:00:00-04:00,469.0500217199161,469.7524536820007,462.4530590513829,466.8858337402344,1548700,0.0,0.0
2021-11-02 00:00:00-04:00,469.61007549116164,474.11880311094893,467.6926901737702,471.74578857421875,2012200,0.0,0.0
2021-11-03 00:00:00-04:00,475.8748401897344,477.412548976448,470.5687831558128,476.8145446777344,1856000,0.0,0.0
2021-11-04 00:00:00-04:00,481.2568561199009,493.78638463638276,480.3076502919087,489.42950439453125,2615000,0.0,0.0
2021-11-05 00:00:00-04:00,488.6226702058065,491.5936888851572,482.79453290411544,487.05645751953125,2071700,0.0,0.0
2021-11-08 00:00:00-05:00,487.3317126398152,487.3317126398152,474.7927413998376,478.2193603515625,2834800,0.0,0.0
2021-11-09 00:00:00-05:00,479.46283798908064,483.2406875717127,478.4566821397424,482.8704833984375,1881800,0.0,0.0
2021-11-10 00:00:00-05:00,482.44329294064534,484.4366017143217,478.18133969757395,479.8329772949219,1226600,0.0,0.0
2021-11-11 00:00:00-05:00,480.48798299681965,486.467967893205,478.4376950121402,486.1642150878906,1227300,0.0,0.0
2021-11-12 00:00:00-05:00,488.12915275878515,493.2643313829715,487.1609441645479,490.90081787109375,1780200,0.0,0.0
2021-11-15 00:00:00-05:00,492.1536632841875,496.52948773825716,491.6980630788809,493.4825744628906,1392300,0.0,0.0
2021-11-16 00:00:00-05:00,493.4350041906994,501.46524550532035,491.1283838823454,499.9654846191406,1690700,0.0,0.0
2021-11-17 00:00:00-05:00,500.7060549813951,503.7814724760532,497.8679389345955,499.5574951171875,1609400,0.0,0.0
2021-11-18 00:00:00-05:00,501.3324278620603,503.8383446686911,495.95044807786496,502.4809875488281,1664200,0.0,0.0
2021-11-19 00:00:00-05:00,506.95163721126215,508.0906952803935,501.18995347019194,506.67633056640625,1909800,0.0,0.0
2021-11-22 00:00:00-05:00,506.23052379151545,517.7158926031339,505.281317842293,512.239013671875,2190500,0.0,0.0
2021-11-23 00:00:00-05:00,510.63459342242396,518.0953344819247,506.65742020189197,517.5637817382812,2147000,0.0,0.0
2021-11-24 00:00:00-05:00,517.8297101548347,522.85104590432,515.7225010921584,521.806884765625,2316400,0.0,0.0
2021-11-26 00:00:00-05:00,521.6360995539274,526.3821291339557,516.6622698236466,518.3898315429688,1844800,0.0,0.0
2021-11-29 00:00:00-05:00,518.3896417061701,532.2955264572233,514.8585668655614,526.6951904296875,2919100,0.0,0.0
2021-11-30 00:00:00-05:00,523.0123712233805,528.8689545123977,508.669886163723,511.98260498046875,4244200,0.0,0.0
2021-12-01 00:00:00-05:00,515.5136981065083,520.4021316369422,502.5096237003691,502.9272766113281,2877100,0.0,0.0
2021-12-02 00:00:00-05:00,492.17269821248124,503.94281512245345,487.92971825010835,498.817138671875,3277500,0.0,0.0
2021-12-03 00:00:00-05:00,503.06963251278574,510.19817818831757,498.11480545617036,502.0634765625,2984400,0.0,0.0
2021-12-06 00:00:00-05:00,505.2147895294489,508.821760000166,500.7725133158384,506.1165466308594,2432900,0.0,0.0
2021-12-07 00:00:00-05:00,510.9099405199463,515.4186673522171,507.5497733794129,514.4884643554688,2579800,0.0,0.0
2021-12-08 00:00:00-05:00,518.4656568997705,519.9653601655727,498.85503504801756,503.18341064453125,3037500,0.0,0.0
2021-12-09 00:00:00-05:00,501.93997376681403,505.2906977712995,497.19394516097253,497.6970520019531,3200500,0.0,0.0
2021-12-10 00:00:00-05:00,507.5497264205398,532.7606238053728,507.45477110348617,530.43505859375,6333600,0.0,0.0
2021-12-13 00:00:00-05:00,522.4808574931286,531.3179614210736,520.1457903031996,528.9164428710938,3415200,0.0,0.0
2021-12-14 00:00:00-05:00,528.1950559522885,528.8689549608415,510.2645453132668,517.639892578125,3494400,0.0,0.0
2021-12-15 00:00:00-05:00,518.4656809748853,537.7155429913084,517.8202280327484,536.7568359375,2937100,0.0,0.0
2021-12-16 00:00:00-05:00,536.1016994318296,537.7723102129623,521.5409209735802,524.5593872070312,2683000,0.0,0.0
2021-12-17 00:00:00-05:00,521.4177183806481,528.2045048472369,513.5013168000933,519.7945556640625,5752000,0.0,0.0
2021-12-20 00:00:00-05:00,514.5927825766851,521.2467224042039,510.7010631989316,520.6961669921875,2033600,0.0,0.0
2021-12-21 00:00:00-05:00,522.5377608245,523.7527719826813,508.8502302504753,517.7252807617188,2472800,0.0,0.0
2021-12-22 00:00:00-05:00,517.6778669152172,522.0631931024842,512.3812822979622,521.7499389648438,1454500,0.0,0.0
2021-12-23 00:00:00-05:00,523.7147749276555,524.5405793011838,519.6806504617145,522.4143676757812,1757800,0.0,0.0
2021-12-27 00:00:00-05:00,523.5248008181234,537.0035310252968,523.4299034384233,534.8488159179688,2262900,0.0,0.0
2021-12-28 00:00:00-05:00,534.810852100534,537.8578226359589,532.2195396044133,535.9594116210938,1155000,0.0,0.0
2021-12-29 00:00:00-05:00,537.6300739224644,542.4614979731048,534.8773545140881,538.9304809570312,1753000,0.0,0.0
2021-12-30 00:00:00-05:00,540.6011296594701,540.9333284679238,533.8047846612649,535.2665405273438,1338700,0.0,0.0
2021-12-31 00:00:00-05:00,534.7919452721845,539.386126242676,530.6344777048326,538.8640747070312,1509200,0.0,0.0
2022-01-03 00:00:00-05:00,536.3298405428209,538.6458473344888,527.2933817841358,537.9244995117188,2714100,0.0,0.0
2022-01-04 00:00:00-05:00,535.5703125,539.8322368148838,533.2542482792384,535.5703125,2097500,0.0,0.0
2022-01-05 00:00:00-05:00,535.0577010892681,536.3486067866736,521.844775504546,521.9871215820312,2887500,0.0,0.0
2022-01-06 00:00:00-05:00,518.4561129768367,525.4043049568068,515.9406949499183,521.8732299804688,2503100,0.0,0.0
2022-01-07 00:00:00-05:00,519.7375940802311,520.5159497433103,507.1036679318611,508.94512939453125,2323900,0.0,0.0
2022-01-10 00:00:00-05:00,502.4050650361786,503.46817078737365,482.67109935283673,492.4479064941406,4916800,0.0,0.0
2022-01-11 00:00:00-05:00,492.44800263970103,495.93157202357213,484.3702802383691,495.51397705078125,2457300,0.0,0.0
2022-01-12 00:00:00-05:00,495.5138194954625,503.1074641777482,495.49481684458516,499.09228515625,1729500,0.0,0.0
2022-01-13 00:00:00-05:00,500.8389828981738,502.1773376400735,489.0593059901828,490.6255187988281,2428100,0.0,0.0
2022-01-14 00:00:00-05:00,485.5852734718129,486.9236283111755,476.36846324544376,477.4410705566406,3872500,0.0,0.0
2022-01-18 00:00:00-05:00,469.3442485519001,469.9327514589318,462.1302793424854,463.2788391113281,3801900,0.0,0.0
2022-01-19 00:00:00-05:00,465.0064201875057,471.03385354438655,462.3581280260545,465.2626953125,2709400,0.0,0.0
2022-01-20 00:00:00-05:00,465.82266491735123,474.48891699115694,457.3652392417381,458.29547119140625,2893700,0.0,0.0
2022-01-21 00:00:00-05:00,457.4412225550043,469.4866162080634,456.87169334292514,457.1469421386719,3295600,0.0,0.0
2022-01-24 00:00:00-05:00,451.39471910584257,465.08227683436553,445.18693523371593,464.0666198730469,4412600,0.0,0.0
2022-01-25 00:00:00-05:00,455.52379751428845,458.124640760948,448.3762799421937,453.0748596191406,3076800,0.0,0.0
2022-01-26 00:00:00-05:00,458.68473649503994,468.7842713054156,454.4512577027888,458.91253662109375,3074900,0.0,0.0
2022-01-27 00:00:00-05:00,462.1872398120393,470.60668951076815,455.91297523998907,458.0107116699219,2372300,0.0,0.0
2022-01-28 00:00:00-05:00,459.16881846198703,467.7021985627785,451.72704823854247,467.41741943359375,1918500,0.0,0.0
2022-01-31 00:00:00-05:00,467.009244023417,480.69680412442057,465.7088367388773,479.4723205566406,2480700,0.0,0.0
2022-02-01 00:00:00-05:00,479.3488983124964,483.79117421991475,471.69830237167787,482.585693359375,2347200,0.0,0.0
2022-02-02 00:00:00-05:00,485.1484976765383,497.3742713809296,484.4176197365321,495.5043640136719,2547600,0.0,0.0
2022-02-03 00:00:00-05:00,490.4185421493644,500.45734683023744,488.8309819096547,496.0178527832031,2665100,0.79,0.0
2022-02-04 00:00:00-05:00,492.538352891863,496.23637350879153,485.5891446948617,494.116455078125,2387400,0.0,0.0
2022-02-07 00:00:00-05:00,495.5709086149626,496.2363712921224,488.8498458188342,490.4279479980469,1863600,0.0,0.0
2022-02-08 00:00:00-05:00,490.42797618461486,497.5578095152545,485.30398870553944,495.4283752441406,1462000,0.0,0.0
2022-02-09 00:00:00-05:00,501.9402274907838,507.87223907749296,499.7347255890818,502.7292785644531,2256700,0.0,0.0
2022-02-10 00:00:00-05:00,495.1621909758173,498.5844879314928,489.3442513375279,492.89013671875,2558900,0.0,0.0
2022-02-11 00:00:00-05:00,492.81412087240665,495.6184756658449,482.3380001518722,484.5149841308594,2349700,0.0,0.0
2022-02-14 00:00:00-05:00,483.86846950521283,486.2831143326987,476.69111610287064,481.55841064453125,1749600,0.0,0.0
2022-02-15 00:00:00-05:00,488.00378281453294,490.5324711863863,485.55110421223804,488.55511474609375,1984600,0.0,0.0
2022-02-16 00:00:00-05:00,486.24504964077795,489.1540189132701,476.9477494340879,487.11016845703125,1770800,0.0,0.0
2022-02-17 00:00:00-05:00,484.48647436762207,492.6335046526746,482.0052771497078,489.5914306640625,2022800,0.0,0.0
2022-02-18 00:00:00-05:00,489.47734321136716,492.3387923387587,485.1423777542921,487.36688232421875,2154700,0.0,0.0
2022-02-22 00:00:00-05:00,484.8286073767486,489.1825746462205,473.572982012346,477.3945617675781,2451800,0.0,0.0
2022-02-23 00:00:00-05:00,478.11710425156537,482.89884449706614,470.3598423462262,470.816162109375,2021400,0.0,0.0
2022-02-24 00:00:00-05:00,459.4179838614009,481.54898795149325,459.14231782851056,480.6268615722656,2859800,0.0,0.0
2022-02-25 00:00:00-05:00,483.47884926291675,492.6715959061897,480.31321530458723,491.9490966796875,2003000,0.0,0.0
2022-02-28 00:00:00-05:00,488.91652038903993,493.983472500712,486.0645865061296,493.6222229003906,2408900,0.0,0.0
2022-03-01 00:00:00-05:00,493.821744771588,503.2330892103399,493.5650522247046,497.1204528808594,2316000,0.0,0.0
2022-03-02 00:00:00-05:00,498.13769924279416,506.77908295240945,494.11649172648674,501.9402770996094,2571500,0.0,0.0
2022-03-03 00:00:00-05:00,508.1098970024066,512.3593074827406,503.4041957944712,506.740966796875,3851800,0.0,0.0
2022-03-04 00:00:00-05:00,493.85976278521014,503.7654611263761,486.5207869015567,499.5636291503906,4417900,0.0,0.0
2022-03-07 00:00:00-05:00,497.614796496393,518.3768366028409,497.58624931499094,502.4345703125,3896900,0.0,0.0
2022-03-08 00:00:00-05:00,500.248095564053,513.0913113912198,496.62614252368564,497.5292663574219,3649700,0.0,0.0
2022-03-09 00:00:00-05:00,501.5790883097513,504.6591674631756,490.2569368998131,501.6076354980469,2789700,0.0,0.0
2022-03-10 00:00:00-05:00,497.29162746456683,507.995893753522,492.56695217902967,506.42730712890625,1777700,0.0,0.0
2022-03-11 00:00:00-05:00,510.13482614595284,515.8672400981102,500.4477567650618,501.3888854980469,1735100,0.0,0.0
2022-03-14 00:00:00-04:00,501.721665545719,508.88950417629707,497.70039986156297,499.9914855957031,1950000,0.0,0.0
2022-03-15 00:00:00-04:00,503.8415210799864,517.0079225255325,501.86416452447844,515.553466796875,2547900,0.0,0.0
2022-03-16 00:00:00-04:00,517.6544884245559,524.3945255798998,505.0394170744908,516.5707397460938,3017200,0.0,0.0
2022-03-17 00:00:00-04:00,516.5327481077451,525.8680855468367,516.3901862236879,525.5068359375,1974200,0.0,0.0
2022-03-18 00:00:00-04:00,525.6683033032486,534.7849498259318,522.3885687995212,533.6441650390625,3597800,0.0,0.0
2022-03-21 00:00:00-04:00,532.4940295293962,538.7777758123555,523.65304719472,528.111572265625,3136900,0.0,0.0
2022-03-22 00:00:00-04:00,529.471021799535,532.6936628018818,525.0695327886058,531.8095703125,1777500,0.0,0.0
2022-03-23 00:00:00-04:00,529.4614678584636,533.0168690181146,524.6701824260049,526.6760864257812,1546800,0.0,0.0
2022-03-24 00:00:00-04:00,528.0924348939274,530.7067067709922,522.1128449932971,530.5640869140625,1614200,0.0,0.0
2022-03-25 00:00:00-04:00,532.1897886141358,532.7696678093389,523.0730827118045,528.2826538085938,1974900,0.0,0.0
2022-03-28 00:00:00-04:00,529.2617929061382,537.3613023572311,526.1817141071969,537.3137817382812,2056100,0.0,0.0
2022-03-29 00:00:00-04:00,539.9660092913763,543.0270563522945,536.6673011348192,541.8482666015625,2005400,0.0,0.0
2022-03-30 00:00:00-04:00,542.7703663013307,549.7100579795368,540.5268597134564,548.0178833007812,2086500,0.0,0.0
2022-03-31 00:00:00-04:00,550.1380217280004,557.3819286761945,547.1054632427677,547.4286499023438,3439800,0.0,0.0
2022-04-01 00:00:00-04:00,548.8832010803874,554.2163035289293,544.0634258438289,547.1625366210938,1933500,0.0,0.0
2022-04-04 00:00:00-04:00,545.612932331002,551.0791384632772,543.2648101336615,546.7442016601562,2201800,0.0,0.0
2022-04-05 00:00:00-04:00,544.329563750867,555.1573605874769,543.863699203375,546.9248046875,1826800,0.0,0.0
2022-04-06 00:00:00-04:00,545.6986020565063,557.8382953547361,542.2192099804837,555.927490234375,2646200,0.0,0.0
2022-04-07 00:00:00-04:00,563.0570229444104,582.0509331992549,559.7203105971115,578.0391845703125,4804200,0.0,0.0
2022-04-08 00:00:00-04:00,576.4519174019456,577.9919571195563,568.2288178292221,570.4248046875,3230200,0.0,0.0
2022-04-11 00:00:00-04:00,569.2363264018358,571.3372713660896,554.035532076248,555.813232421875,2792700,0.0,0.0
2022-04-12 00:00:00-04:00,557.7335769805261,562.5248039681965,550.1949736941431,552.6666259765625,2142000,0.0,0.0
2022-04-13 00:00:00-04:00,553.7218946309612,564.1980159773508,553.7218946309612,561.91650390625,2211800,0.0,0.0
2022-04-14 00:00:00-04:00,562.5723250611695,566.8502245127329,558.0757379599622,561.2509155273438,2206200,0.0,0.0
2022-04-18 00:00:00-04:00,556.4882090682826,562.8860271469322,550.9934567280073,553.3890991210938,2161900,0.0,0.0
2022-04-19 00:00:00-04:00,554.558268914646,565.4717037477922,553.2749224582369,564.9678344726562,2327800,0.0,0.0
2022-04-20 00:00:00-04:00,569.5787257906286,575.4061817331651,567.8199984963435,573.7425537109375,1793300,0.0,0.0
2022-04-21 00:00:00-04:00,577.3072900671182,579.1134793975547,561.9733930864328,562.5342407226562,2027900,0.0,0.0
2022-04-22 00:00:00-04:00,561.212818114562,562.686363142126,542.8653954215769,543.4833374023438,2878200,0.0,0.0
2022-04-25 00:00:00-04:00,542.1620406096159,542.1810720661238,526.2102567147468,540.1657104492188,3154500,0.0,0.0
2022-04-26 00:00:00-04:00,537.3518520845374,540.2893693844527,526.0011534099978,526.428955078125,2057400,0.0,0.0
2022-04-27 00:00:00-04:00,528.7390616615368,535.80234460136,525.5638829317269,526.7332153320312,2261600,0.0,0.0
2022-04-28 00:00:00-04:00,528.9136331162525,537.7975935394945,519.7059602213367,535.1314697265625,2118700,0.9,0.0
2022-04-29 00:00:00-04:00,534.1125334933616,534.7314809398537,504.3756247758534,506.29901123046875,2968000,0.0,0.0
2022-05-02 00:00:00-04:00,506.78474776231826,513.421551223238,493.4921946516275,503.6615905761719,3303400,0.0,0.0
2022-05-03 00:00:00-04:00,504.66132065843715,508.72719555632005,498.6625279042265,502.8331298828125,2398000,0.0,0.0
2022-05-04 00:00:00-04:00,506.18468012731,520.029573580847,497.8149426923281,518.4013061523438,2465200,0.0,0.0
2022-05-05 00:00:00-04:00,515.6780635691422,516.4112692035297,487.68362618580875,492.5874328613281,3977000,0.0,0.0
2022-05-06 00:00:00-04:00,489.8070869605428,491.7495357311759,474.9719345045056,479.29486083984375,3560800,0.0,0.0
2022-05-09 00:00:00-04:00,472.3819823619424,482.8084568502566,470.70611682710336,474.9814453125,3292700,0.0,0.0
2022-05-10 00:00:00-04:00,485.3317297796554,486.21726037257207,471.9343963891633,477.48565673828125,2729400,0.0,0.0
2022-05-11 00:00:00-04:00,479.82807965113807,483.7130059684243,464.4882682293644,465.6975402832031,2782900,0.0,0.0
2022-05-12 00:00:00-04:00,463.5171004441331,473.48654213824915,456.8231983649889,462.9362487792969,2829500,0.0,0.0
2022-05-13 00:00:00-04:00,469.5349447242484,474.9434123183999,466.1927736849823,473.4960632324219,2338600,0.0,0.0
2022-05-16 00:00:00-04:00,472.42009719526135,473.8864505388267,466.21179274545653,470.8870544433594,1579700,0.0,0.0
2022-05-17 00:00:00-04:00,465.77378072221,469.96341555943565,457.27072156103344,467.0211486816406,2602800,0.0,0.0
2022-05-18 00:00:00-04:00,438.00793556540924,441.6833795113888,404.2527471685172,408.8708801269531,9511600,0.0,0.0
2022-05-19 00:00:00-04:00,409.7944786623996,409.9468327252807,398.70145816981164,402.7101745605469,5839600,0.0,0.0
2022-05-20 00:00:00-04:00,408.2995029592472,408.34712994599283,387.0751857749587,396.5209045410156,5115000,0.0,0.0
2022-05-23 00:00:00-04:00,399.9202398942501,409.4421503679227,396.74945649228556,408.947021484375,3687200,0.0,0.0
2022-05-24 00:00:00-04:00,404.4907488032972,417.7547922925718,404.0622802634079,416.7835388183594,3473400,0.0,0.0
2022-05-25 00:00:00-04:00,415.469505635447,422.06821165793656,410.23245489101805,419.06878662109375,3225100,0.0,0.0
2022-05-26 00:00:00-04:00,427.62906610865815,445.6730715918582,426.1150856146752,442.7593688964844,5917600,0.0,0.0
2022-05-27 00:00:00-04:00,434.9608706973307,452.17650157686836,433.36119666810515,448.25347900390625,5719600,0.0,0.0
2022-05-31 00:00:00-04:00,448.2535285975983,448.291595322578,436.13212443128276,443.9305725097656,4424500,0.0,0.0
2022-06-01 00:00:00-04:00,446.93941454401335,448.0058638106218,434.86563968359735,435.1417541503906,2319400,0.0,0.0
2022-06-02 00:00:00-04:00,438.86486627744137,467.64961330449415,435.98925965518976,464.2978820800781,4950600,0.0,0.0
2022-06-03 00:00:00-04:00,461.8412238052335,464.81205523177357,452.8525379688193,453.4809875488281,2857400,0.0,0.0
2022-06-06 00:00:00-04:00,457.52777592435865,458.00387142480025,446.4918857111504,449.8816833496094,2297000,0.0,0.0
2022-06-07 00:00:00-04:00,437.9221678494591,451.0814544901638,437.6174597543237,449.22467041015625,2435500,0.0,0.0
2022-06-08 00:00:00-04:00,449.2246566552545,451.7479569252255,444.5684579017703,445.6158447265625,1697000,0.0,0.0
2022-06-09 00:00:00-04:00,444.99693900907437,461.0889611174715,444.8160203941632,449.48175048828125,3087500,0.0,0.0
2022-06-10 00:00:00-04:00,442.7688120375119,445.8063036318737,435.8749585423777,441.15960693359375,2549900,0.0,0.0
2022-06-13 00:00:00-04:00,428.48601839435634,436.71296389564054,427.43860231545654,430.6284484863281,3113400,0.0,0.0
2022-06-14 00:00:00-04:00,430.62838207981997,436.82715482209727,428.7525646373287,433.05645751953125,2224600,0.0,0.0
2022-06-15 00:00:00-04:00,436.57959986512907,442.1594255139855,429.8095353943939,436.8557434082031,2250200,0.0,0.0
2022-06-16 00:00:00-04:00,428.7811460815591,435.884483123173,426.5530225288351,430.1618347167969,2906600,0.0,0.0
2022-06-17 00:00:00-04:00,429.48576760472633,433.9039480878528,422.0110910024686,425.334228515625,3623400,0.0,0.0
2022-06-21 00:00:00-04:00,429.0096601447263,442.5974448417115,427.66709635394335,440.96917724609375,2420600,0.0,0.0
2022-06-22 00:00:00-04:00,437.4270912629606,442.5022571316855,436.57962722057084,437.9698181152344,1827500,0.0,0.0
2022-06-23 00:00:00-04:00,444.07338762357836,453.5096055271104,443.44493796955794,452.2908020019531,2030100,0.0,0.0
2022-06-24 00:00:00-04:00,457.05169836684297,461.650768295891,453.8904171457502,461.2127685546875,2862600,0.0,0.0
2022-06-27 00:00:00-04:00,462.58391074148807,463.94553690731186,454.5283829594407,458.718017578125,2034700,0.0,0.0
2022-06-28 00:00:00-04:00,460.38437659634275,463.94556185493457,445.5206881273517,446.20623779296875,1754600,0.0,0.0
2022-06-29 00:00:00-04:00,448.43435799716013,450.3577733343044,444.1209339783305,447.3774108886719,1275600,0.0,0.0
2022-06-30 00:00:00-04:00,445.91102151133737,459.0417431795059,442.5021906101041,456.3660888671875,3852400,0.0,0.0
2022-07-01 00:00:00-04:00,458.17526480427216,467.7638352822298,455.14730435604247,462.53631591796875,2660400,0.0,0.0
2022-07-05 00:00:00-04:00,462.34588163626717,467.4305783311973,455.5853194028499,464.91680908203125,2489400,0.0,0.0
2022-07-06 00:00:00-04:00,464.9168503957885,473.25802493410345,464.45978819234045,469.0969543457031,2262300,0.0,0.0
2022-07-07 00:00:00-04:00,468.535050113509,471.83915368604636,465.83083145501644,471.2868957519531,2125200,0.0,0.0
2022-07-08 00:00:00-04:00,473.54367266486656,481.3516220492089,473.23896454663594,477.5619201660156,2607800,0.0,0.0
2022-07-11 00:00:00-04:00,477.16193028377614,481.3801292718737,471.1821722040605,475.0480651855469,1891100,0.0,0.0
2022-07-12 00:00:00-04:00,473.248476122189,477.90467517798305,464.70732136654584,467.1163635253906,1775300,0.0,0.0
2022-07-13 00:00:00-04:00,461.16519619240177,473.54368037607884,460.6891006468757,468.6875,2008400,0.0,0.0
2022-07-14 00:00:00-04:00,472.3724275515561,488.7310909415587,470.0205146299253,487.46466064453125,3715600,0.0,0.0
2022-07-15 00:00:00-04:00,492.20647300540986,499.709741478025,491.1210196162333,497.9482116699219,4265100,0.0,0.0
2022-07-18 00:00:00-04:00,496.910298133886,503.26145288509485,491.0162345058105,491.6161193847656,2464100,0.0,0.0
2022-07-19 00:00:00-04:00,497.43410694267527,500.4525944524252,492.2541852426387,495.35833740234375,2391000,0.0,0.0
2022-07-20 00:00:00-04:00,496.33907550395196,501.0047763977978,492.1018140539276,499.1385192871094,1740700,0.0,0.0
2022-07-21 00:00:00-04:00,498.9862377967474,504.4137390673349,496.6628890266109,504.14715576171875,1716100,0.0,0.0
2022-07-22 00:00:00-04:00,505.3374019242329,511.43139060431355,500.91922090210664,504.3946838378906,1800800,0.0,0.0
2022-07-25 00:00:00-04:00,506.0133726904913,506.84177428928234,500.85251325635016,503.8424072265625,1452700,0.0,0.0
2022-07-26 00:00:00-04:00,490.3783725492137,494.8346195237609,484.43670991648395,487.45513916015625,3334800,0.0,0.0
2022-07-27 00:00:00-04:00,488.56922732051316,500.2050327157217,486.73153454082757,497.33892822265625,2060100,0.0,0.0
2022-07-28 00:00:00-04:00,496.2611563787709,514.288597667663,496.2611563787709,511.4270935058594,2083300,0.9,0.0
2022-07-29 00:00:00-04:00,507.4400785958734,517.0928814486092,507.34471840943394,516.3107299804688,2131500,0.0,0.0
2022-08-01 00:00:00-04:00,516.4251622566101,527.1939931804264,516.2630266599768,521.5663452148438,2256000,0.0,0.0
2022-08-02 00:00:00-04:00,518.9147254859105,525.6010579037052,515.805215014959,518.3710327148438,1984200,0.0,0.0
2022-08-03 00:00:00-04:00,519.8398631944882,523.3690629000314,517.0928148563585,521.757080078125,1693300,0.0,0.0
2022-08-04 00:00:00-04:00,521.7474550336475,521.9382335711141,515.7096665383176,518.19921875,2000500,0.0,0.0
2022-08-05 00:00:00-04:00,512.4381318803332,516.5968370943766,508.72770101951295,515.7097778320312,1711500,0.0,0.0
2022-08-08 00:00:00-04:00,518.7333758137353,522.2243844392458,513.8020095728866,516.8829345703125,1344100,0.0,0.0
2022-08-09 00:00:00-04:00,518.5426730030993,519.8398741296579,509.24278534665126,511.08367919921875,1877300,0.0,0.0
2022-08-10 00:00:00-04:00,519.3438918784195,524.5232072440346,512.4858181484717,514.8990478515625,2336600,0.0,0.0
2022-08-11 00:00:00-04:00,518.1610804758124,518.3995391173845,507.3350814354138,507.6307678222656,2340200,0.0,0.0
2022-08-12 00:00:00-04:00,511.427068240378,513.5446114885766,509.0901616468625,512.4095458984375,1918200,0.0,0.0
2022-08-15 00:00:00-04:00,511.6369665166243,521.7475912502148,510.950175245926,520.5552978515625,1848000,0.0,0.0
2022-08-16 00:00:00-04:00,525.658280515825,534.1187896576141,523.6266079449833,527.4896850585938,2498000,0.0,0.0
2022-08-17 00:00:00-04:00,524.6091471326632,533.6228977587067,523.6648599826175,530.6373901367188,1835200,0.0,0.0
2022-08-18 00:00:00-04:00,533.2506795587486,538.6779998496318,530.7325426656206,535.06298828125,1619200,0.0,0.0
2022-08-19 00:00:00-04:00,532.8596640685789,533.4414891385076,527.6326114466515,528.9298706054688,1617000,0.0,0.0
2022-08-22 00:00:00-04:00,527.4704877934157,527.4704877934157,519.1625681937622,520.2880859375,1860900,0.0,0.0
2022-08-23 00:00:00-04:00,520.5456000532348,520.8031539826441,512.0946408532112,517.0450439453125,1359000,0.0,0.0
2022-08-24 00:00:00-04:00,517.6937544690429,520.0496981018929,514.4602410447137,518.1420288085938,1145800,0.0,0.0
2022-08-25 00:00:00-04:00,520.5457503128421,525.4770595099491,514.6415110726201,525.3435668945312,1483300,0.0,0.0
2022-08-26 00:00:00-04:00,524.6089845695203,527.1557064300932,507.1251815647115,507.2682800292969,1886800,0.0,0.0
2022-08-29 00:00:00-04:00,502.69947286418386,510.7784239124126,499.8093261066372,506.54339599609375,1579900,0.0,0.0
2022-08-30 00:00:00-04:00,509.61479882207914,511.2649141178135,497.43431185359486,499.9429016113281,1872700,0.0,0.0
2022-08-31 00:00:00-04:00,501.2782332689975,502.0222522288933,496.24201666776867,497.9970397949219,2179800,0.0,0.0
2022-09-01 00:00:00-04:00,495.7269126032962,505.1317664264052,493.161153302956,504.74066162109375,2280600,0.0,0.0
2022-09-02 00:00:00-04:00,508.1077187974808,510.14893887687543,492.226348928723,495.14508056640625,1901700,0.0,0.0
2022-09-06 00:00:00-04:00,496.146576385958,498.99859072229407,488.86887199985,494.9447937011719,1933400,0.0,0.0
2022-09-07 00:00:00-04:00,495.9939255247578,507.1156098545065,494.94473089235294,505.18890380859375,1827900,0.0,0.0
2022-09-08 00:00:00-04:00,500.1241460781103,508.42251930507183,497.4820054271227,504.6929931640625,1600800,0.0,0.0
2022-09-09 00:00:00-04:00,507.5545612027974,513.2203421551322,505.08416171110105,511.8086853027344,1930900,0.0,0.0
2022-09-12 00:00:00-04:00,512.9054528373435,517.5506226095762,512.2091722197736,514.6128540039062,1522400,0.0,0.0
2022-09-13 00:00:00-04:00,506.28588439595995,507.66895631331244,485.2061614399265,486.7418212890625,2881400,0.0,0.0
2022-09-14 00:00:00-04:00,490.13749211931264,490.28059061337996,479.8933166066757,484.54803466796875,2007300,0.0,0.0
2022-09-15 00:00:00-04:00,484.929551995216,485.55908638550767,477.4228776203156,480.2557678222656,1749600,0.0,0.0
2022-09-16 00:00:00-04:00,476.5071493915664,483.05998831630274,474.34192625959173,480.8661804199219,3004800,0.0,0.0
2022-09-19 00:00:00-04:00,478.9775764850415,483.31751218326394,475.85854788563285,483.1839904785156,1441300,0.0,0.0
2022-09-20 00:00:00-04:00,479.77882770880325,480.18896962114854,470.641104593281,476.45947265625,1843100,0.0,0.0
2022-09-21 00:00:00-04:00,479.30196681074943,483.050530430757,470.2405365924368,470.30731201171875,2082600,0.0,0.0
2022-09-22 00:00:00-04:00,471.1943041372844,471.1943041372844,462.04703358847576,464.67962646484375,3133100,0.0,0.0
2022-09-23 00:00:00-04:00,456.8295637464697,460.0535294795577,442.13096848525186,444.86846923828125,5377800,0.0,0.0
2022-09-26 00:00:00-04:00,444.36291342739935,461.760846941867,443.73337910829406,458.1267395019531,4001900,0.0,0.0
2022-09-27 00:00:00-04:00,463.0771898950052,465.85285230934915,453.48161533427066,456.2191162109375,2412400,0.0,0.0
2022-09-28 00:00:00-04:00,459.2999632244149,468.8573752177597,452.2988209142643,465.7478942871094,2419500,0.0,0.0
2022-09-29 00:00:00-04:00,463.191636173204,466.43469731050396,452.1844051336313,456.86773681640625,1963900,0.0,0.0
2022-09-30 00:00:00-04:00,458.4700926251579,461.49373167847335,450.0858792496693,450.4674072265625,2436700,0.0,0.0
2022-10-03 00:00:00-04:00,452.5945491057161,458.6418573962946,448.68382115260476,455.6754455566406,2338500,0.0,0.0
2022-10-04 00:00:00-04:00,461.4937546362047,465.49032370444,458.5368908366494,463.6875915527344,2175600,0.0,0.0
2022-10-05 00:00:00-04:00,459.08052162754694,461.531883216811,452.8996928530204,458.1457824707031,1587700,0.0,0.0
2022-10-06 00:00:00-04:00,461.1313393621457,471.0798270458335,459.6719736190386,460.21563720703125,2430700,0.0,0.0
2022-10-07 00:00:00-04:00,456.1809415588568,456.9916776755666,444.6013756328315,446.53765869140625,2568100,0.0,0.0
2022-10-10 00:00:00-04:00,448.0065889927694,448.54073405603623,440.2995888935374,444.7826232910156,1616300,0.0,0.0
2022-10-11 00:00:00-04:00,443.53303526939123,455.2175077039075,442.2930620830932,450.22894287109375,2341400,0.0,0.0
2022-10-12 00:00:00-04:00,452.4228139436662,457.59258094036664,444.77304216895146,444.849365234375,2043900,0.0,0.0
2022-10-13 00:00:00-04:00,437.0375028269015,449.96195075640725,428.30037389557896,446.38507080078125,3390900,0.0,0.0
2022-10-14 00:00:00-04:00,450.2385384327547,451.5357686061563,432.8406049001605,433.660888671875,2301600,0.0,0.0
2022-10-17 00:00:00-04:00,440.3377123573684,445.326277512294,439.22174223938555,442.74139404296875,2097500,0.0,0.0
2022-10-18 00:00:00-04:00,451.35448783984674,454.52119619264755,447.18620670851897,451.4212341308594,1864000,0.0,0.0
2022-10-19 00:00:00-04:00,446.2133224411826,452.94739179302917,445.3930387299022,449.66619873046875,1207600,0.0,0.0
2022-10-20 00:00:00-04:00,449.25609313779455,450.2862216900182,441.53957477630877,443.1706237792969,1709500,0.0,0.0
2022-10-21 00:00:00-04:00,442.3026266670148,457.4304583013716,440.9386501983863,456.1046142578125,2508400,0.0,0.0
2022-10-24 00:00:00-04:00,459.3762762964842,475.0096396540731,458.8039988127946,474.0271911621094,2366200,0.0,0.0
2022-10-25 00:00:00-04:00,470.5456896544007,477.0985286683165,467.8558691089046,476.02069091796875,2130900,0.0,0.0
2022-10-26 00:00:00-04:00,475.00965881782315,483.9947940876373,472.80630309055886,476.3927307128906,2088700,0.0,0.0
2022-10-27 00:00:00-04:00,477.5966745239097,480.65446687696254,472.1786856967043,474.4720153808594,1576600,0.9,0.0
2022-10-28 00:00:00-04:00,475.1982519870109,490.02850803584994,473.92737462964016,488.1651611328125,2369300,0.0,0.0
2022-10-31 00:00:00-04:00,486.98979116006126,486.98979116006126,478.25599142513863,479.2115478515625,2192200,0.0,0.0
2022-11-01 00:00:00-04:00,481.3138526462915,484.83985869811875,477.56805808682554,477.74005126953125,1586300,0.0,0.0
2022-11-02 00:00:00-04:00,475.6759991249212,480.8742286548788,461.79176478158814,462.0211181640625,2464400,0.0,0.0
2022-11-03 00:00:00-04:00,459.5079874086773,469.49353475067653,458.3899735383556,464.67755126953125,2010400,0.0,0.0
2022-11-04 00:00:00-04:00,468.6048666280369,470.73576796130226,455.31307321040856,464.7922058105469,1987300,0.0,0.0
2022-11-07 00:00:00-05:00,455.84819787091936,468.22266570036516,453.41154056086384,466.83709716796875,2036000,0.0,0.0
2022-11-08 00:00:00-05:00,468.9202981836373,476.1156381747932,462.9767349985523,470.8600769042969,1709900,0.0,0.0
2022-11-09 00:00:00-05:00,470.0382172146994,475.4657709131013,465.2222044873228,468.1940002441406,1640500,0.0,0.0
2022-11-10 00:00:00-05:00,482.5082018691925,491.9681749616743,479.11595925068474,490.32464599609375,3098300,0.0,0.0
2022-11-11 00:00:00-05:00,490.32472982997444,493.86986557353987,484.19004403981575,492.5606994628906,2393500,0.0,0.0
2022-11-14 00:00:00-05:00,492.84734882475533,497.5582349328553,486.7795597819122,487.0279846191406,1820200,0.0,0.0
2022-11-15 00:00:00-05:00,496.8894756636111,506.25391950199196,496.8894756636111,503.0718994140625,2502200,0.0,0.0
2022-11-16 00:00:00-05:00,498.14116484643813,505.06894958498185,497.05181642117446,500.81671142578125,1833600,0.0,0.0
2022-11-17 00:00:00-05:00,495.93382821856187,498.59980988281285,490.16228789976304,498.1507263183594,1902500,0.0,0.0
2022-11-18 00:00:00-05:00,503.4540633064557,506.0053829062328,495.1598396410515,500.3962707519531,1584400,0.0,0.0
2022-11-21 00:00:00-05:00,502.3742528073777,503.84584710815113,498.8769417640247,500.1095886230469,1268300,0.0,0.0
2022-11-22 00:00:00-05:00,506.40680128986816,509.1205493976664,503.27254761883705,508.308349609375,1809100,0.0,0.0
2022-11-23 00:00:00-05:00,510.2670772599646,512.9426233039379,506.8270978209317,510.73529052734375,1288200,0.0,0.0
2022-11-25 00:00:00-05:00,510.4201306350231,512.0445886558775,509.37860651423114,509.9423522949219,744200,0.0,0.0
2022-11-28 00:00:00-05:00,507.29536876167924,512.4171372456442,505.43202205264237,507.3240051269531,1684300,0.0,0.0
2022-11-29 00:00:00-05:00,507.4387179799468,509.99960247803267,504.5338471289558,505.4512023925781,1685700,0.0,0.0
2022-11-30 00:00:00-05:00,503.96999949464157,518.4658327718741,498.9342566838295,515.2838134765625,3601800,0.0,0.0
2022-12-01 00:00:00-05:00,496.06763728089487,496.06763728089487,473.6407240705572,481.4667053222656,6970400,0.0,0.0
2022-12-02 00:00:00-05:00,476.3640530020532,476.7940651250695,470.23893186040794,472.5513916015625,3632100,0.0,0.0
2022-12-05 00:00:00-05:00,470.6115328291286,470.8026557760027,463.18687000722076,466.94219970703125,2455300,0.0,0.0
2022-12-06 00:00:00-05:00,468.85339169320565,469.6273901845753,455.9629428526874,459.7756042480469,2995900,0.0,0.0
2022-12-07 00:00:00-05:00,457.7976138728911,464.916522298809,457.58739025174077,460.54962158203125,2072600,0.0,0.0
2022-12-08 00:00:00-05:00,461.43822227316565,461.8491045643456,452.455997117242,460.0240173339844,2901000,0.0,0.0
2022-12-09 00:00:00-05:00,453.98495589953916,468.30874029874315,449.58938961620146,461.5529479980469,4211100,0.0,0.0
2022-12-12 00:00:00-05:00,461.2758110457069,466.13959025053174,459.3073669403757,466.00579833984375,2276400,0.0,0.0
2022-12-13 00:00:00-05:00,474.9498013369945,475.8384618653496,460.14821162114134,466.502685546875,2626700,0.0,0.0
2022-12-14 00:00:00-05:00,467.1333075417521,469.83754859888774,459.6608783390249,462.0306396484375,2145000,0.0,0.0
2022-12-15 00:00:00-05:00,454.2142092716662,455.5137812356453,442.57553845754,443.2922058105469,3437700,0.0,0.0
2022-12-16 00:00:00-05:00,440.76000076988674,444.133114050336,436.5746586317259,440.9415588378906,4909200,0.0,0.0
2022-12-19 00:00:00-05:00,440.4351811217981,442.8145078334172,435.1222593535291,438.2469482421875,1939200,0.0,0.0
2022-12-20 00:00:00-05:00,436.2688593898491,439.79486509526896,432.4179679841458,437.4728698730469,1993700,0.0,0.0
2022-12-21 00:00:00-05:00,438.9635904383219,443.0820370032379,435.9249274845771,441.52447509765625,1462400,0.0,0.0
2022-12-22 00:00:00-05:00,438.2659721669609,439.9381960010362,433.2397649296322,438.32330322265625,1906100,0.0,0.0
2022-12-23 00:00:00-05:00,437.1861562559559,442.5946090117945,434.5870416658933,442.0881652832031,1229500,0.0,0.0
2022-12-27 00:00:00-05:00,443.7603966882788,444.04708111173227,436.79438220448753,438.12261962890625,1230800,0.0,0.0
2022-12-28 00:00:00-05:00,437.2053128370215,439.99552138244155,432.67595536661753,432.8575134277344,1324100,0.0,0.0
2022-12-29 00:00:00-05:00,435.38023930482234,438.60046024034773,433.3066687424432,436.240234375,1465000,0.0,0.0
2022-12-30 00:00:00-05:00,434.4437320777047,436.40264028757565,430.7170677728225,436.2115173339844,1803200,0.0,0.0
2023-01-03 00:00:00-05:00,437.6448713428374,438.409304868448,427.99374498533746,433.1346435546875,1978100,0.0,0.0
2023-01-04 00:00:00-05:00,436.8613002092217,439.08776311592356,432.47529950873064,436.26885986328125,2097300,0.0,0.0
2023-01-05 00:00:00-05:00,434.3387144853098,436.1447013343508,429.6373630810771,430.1820373535156,2169300,0.0,0.0
2023-01-06 00:00:00-05:00,442.49907527823973,462.89067591694305,441.67731071519734,461.4095458984375,5174500,0.0,0.0
2023-01-09 00:00:00-05:00,461.46681369498725,465.23170798641894,456.88971984811303,457.47259521484375,2384800,0.0,0.0
2023-01-10 00:00:00-05:00,455.93420179716014,460.66418855409614,454.34797464909366,460.0048522949219,1649900,0.0,0.0
2023-01-11 00:00:00-05:00,458.9824579857518,462.9862422034453,457.8166778456862,462.78558349609375,1576400,0.0,0.0
2023-01-12 00:00:00-05:00,463.4353274782627,463.4448923746602,457.47266438014134,460.9891052246094,1628200,0.0,0.0
2023-01-13 00:00:00-05:00,459.5175646455831,464.0086625557679,457.7115489206997,463.68377685546875,1405900,0.0,0.0
2023-01-17 00:00:00-05:00,463.5691633757082,468.6813968564238,462.8429310510486,465.1362609863281,1539900,0.0,0.0
2023-01-18 00:00:00-05:00,463.2633741038771,467.08560034868873,457.25291516875467,458.16070556640625,1925500,0.0,0.0
2023-01-19 00:00:00-05:00,455.07421284161916,456.33555440539334,447.26733265934155,448.62420654296875,1919500,0.0,0.0
2023-01-20 00:00:00-05:00,452.85734889566777,458.9729046578055,448.6051108100592,458.772216796875,2588600,0.0,0.0
2023-01-23 00:00:00-05:00,458.61932540895936,473.2297623921204,456.3737619409114,470.7166442871094,2709400,0.0,0.0
2023-01-24 00:00:00-05:00,470.1815910587625,471.6627212152574,465.36560701936287,470.2389221191406,1510200,0.0,0.0
2023-01-25 00:00:00-05:00,467.61110360692106,470.0764556479953,462.9671131259156,469.0635681152344,1329800,0.0,0.0
2023-01-26 00:00:00-05:00,471.28049360585516,476.50738900632706,469.9140256014884,476.15380859375,1576400,0.0,0.0
2023-01-27 00:00:00-05:00,477.54885378267096,486.47374664792,475.7332733773477,480.9219665527344,2034100,0.0,0.0
2023-01-30 00:00:00-05:00,478.131833004426,483.1294043295026,478.131833004426,480.9125061035156,1855900,0.0,0.0
2023-01-31 00:00:00-05:00,480.8647615177589,488.6812075590969,479.6894163938748,488.4232177734375,1924100,0.0,0.0
2023-02-01 00:00:00-05:00,485.71883348309746,497.3193012721007,482.2883897738965,494.89215087890625,2080200,0.0,0.0
2023-02-02 00:00:00-05:00,501.86073160056833,507.37432681724476,498.3669144985415,501.03753662109375,2287400,0.9,0.0
2023-02-03 00:00:00-05:00,496.9216345213036,499.2380906149943,490.57526110373334,492.77685546875,1844100,0.0,0.0
2023-02-06 00:00:00-05:00,492.43225469498856,495.0932958904671,490.3551036724657,493.5330810546875,1740100,0.0,0.0
2023-02-07 00:00:00-05:00,490.0870755030986,495.83039570291834,485.68388671953323,494.4328918457031,1927300,0.0,0.0
2023-02-08 00:00:00-05:00,489.41700438431354,490.2689149634277,480.10324360282004,482.2569885253906,2062900,0.0,0.0
2023-02-09 00:00:00-05:00,483.6736302213955,487.3780663978784,477.097534470953,479.2129821777344,1517300,0.0,0.0
2023-02-10 00:00:00-05:00,477.1837359739702,479.13644367757354,474.1876327978285,478.60040283203125,1536800,0.0,0.0
2023-02-13 00:00:00-05:00,480.27553059905205,485.1095088962571,479.90223000707374,484.7840576171875,1452600,0.0,0.0
2023-02-14 00:00:00-05:00,483.40563150903876,486.124132522194,477.2985638672744,481.69219970703125,1257300,0.0,0.0
2023-02-15 00:00:00-05:00,481.22319086723314,489.54143448132146,479.89264112909257,489.40740966796875,1422600,0.0,0.0
2023-02-16 00:00:00-05:00,482.06551878237974,488.88094927661643,482.0559664471864,482.5345764160156,1456000,0.0,0.0
2023-02-17 00:00:00-05:00,482.6972616278997,485.9901003742782,480.3712243146943,485.76995849609375,1340400,0.0,0.0
2023-02-21 00:00:00-05:00,479.3949171904054,482.4292881669737,475.30756918184267,480.2755432128906,1811800,0.0,0.0
2023-02-22 00:00:00-05:00,482.3622782528329,483.8363759070936,475.35542137941775,476.11163330078125,1332000,0.0,0.0
2023-02-23 00:00:00-05:00,477.46132707353587,477.51875793690476,466.989337876075,472.0434875488281,1546300,0.0,0.0
2023-02-24 00:00:00-05:00,467.67852944185404,469.38237985404595,463.964540422092,467.7072448730469,1587600,0.0,0.0
2023-02-27 00:00:00-05:00,471.4786677486521,471.90942840462617,464.90257146286194,466.19482421875,1501700,0.0,0.0
2023-02-28 00:00:00-05:00,464.82597037827986,467.9656503541101,463.08382322024374,463.4667053222656,1918200,0.0,0.0
2023-03-01 00:00:00-05:00,460.5185424446603,461.9352093323524,454.6986285541354,458.1925048828125,1759300,0.0,0.0
2023-03-02 00:00:00-05:00,456.93854168101745,466.57775444003596,455.21555730360456,464.9122009277344,2379200,0.0,0.0
2023-03-03 00:00:00-05:00,454.51668747329035,455.63664754849964,445.4230989192762,454.9283142089844,5354200,0.0,0.0
2023-03-06 00:00:00-05:00,456.1344274799109,467.9082500674724,455.177207556306,462.4137878417969,3104700,0.0,0.0
2023-03-07 00:00:00-05:00,465.30454259827064,474.0248008041161,464.2515949940226,464.3951721191406,2659100,0.0,0.0
2023-03-08 00:00:00-05:00,462.33723555728517,466.0512536348593,460.556820473189,465.2471923828125,1548500,0.0,0.0
2023-03-09 00:00:00-05:00,466.6255954101819,469.0377791868101,458.14461139626025,459.006103515625,1629400,0.0,0.0
2023-03-10 00:00:00-05:00,458.4892510332392,459.90591795272866,448.34271308201903,450.9846496582031,2123000,0.0,0.0
2023-03-13 00:00:00-04:00,446.8302450456057,456.29716403538487,446.8302450456057,451.80780029296875,1799600,0.0,0.0
2023-03-14 00:00:00-04:00,455.09105913997547,464.40481946941975,452.76502174738334,461.3034362792969,2422900,0.0,0.0
2023-03-15 00:00:00-04:00,460.91096608579386,466.1852279013813,458.0680217977269,464.8834228515625,2226300,0.0,0.0
2023-03-16 00:00:00-04:00,464.1846696722694,467.2573667863339,462.1075187111846,466.4150085449219,1979600,0.0,0.0
2023-03-17 00:00:00-04:00,468.1475310649807,468.9420107075764,460.9109511502228,466.21392822265625,3959300,0.0,0.0
2023-03-20 00:00:00-04:00,467.1232715162519,469.79392298974,464.9408114981408,468.35809326171875,1623800,0.0,0.0
2023-03-21 00:00:00-04:00,471.9094575767122,471.9094575767122,465.1993360633176,469.8514404296875,1664000,0.0,0.0
2023-03-22 00:00:00-04:00,468.5208578746128,475.37455606592806,466.50113784789914,466.6638488769531,1299700,0.0,0.0
2023-03-23 00:00:00-04:00,469.6982324857715,472.1487130793372,463.5720310018572,466.8935852050781,1565900,0.0,0.0
2023-03-24 00:00:00-04:00,466.10867671611607,474.75237154641025,465.7449284674913,474.0823059082031,1635200,0.0,0.0
2023-03-27 00:00:00-04:00,476.00627476321534,478.4758890654554,471.44034670129236,472.1199645996094,1452100,0.0,0.0
2023-03-28 00:00:00-04:00,471.5360527101394,472.92403316692423,464.64408736963367,465.9458923339844,1407800,0.0,0.0
2023-03-29 00:00:00-04:00,468.27200350219584,470.2821419944175,465.11316019206987,469.87054443359375,1643000,0.0,0.0
2023-03-30 00:00:00-04:00,471.9094315694491,474.5322048635865,469.994991684786,470.4544677734375,1545500,0.0,0.0
2023-03-31 00:00:00-04:00,473.82389489477464,477.0401400383438,472.8092440426699,475.6138916015625,2082000,0.0,0.0
2023-04-03 00:00:00-04:00,475.25973389050034,477.84423959647165,473.82390387874653,475.7670593261719,1804700,0.0,0.0
2023-04-04 00:00:00-04:00,475.25965131492666,481.0795350980775,474.30243147340616,476.4370422363281,1913300,0.0,0.0
2023-04-05 00:00:00-04:00,477.65269783417466,482.5632402633888,473.97697717191653,475.8627014160156,1941500,0.0,0.0
2023-04-06 00:00:00-04:00,461.3799821445986,466.9797242848182,457.07249268474243,465.1897277832031,4114700,0.0,0.0
2023-04-10 00:00:00-04:00,463.1987611999422,472.7709613868063,461.05459770593643,472.7039489746094,1653600,0.0,0.0
2023-04-11 00:00:00-04:00,472.7039113719216,478.60038972342073,471.9094316729074,477.3177185058594,1547400,0.0,0.0
2023-04-12 00:00:00-04:00,478.6099750040864,478.6578243167729,467.6402425563624,468.41558837890625,2063700,0.0,0.0
2023-04-13 00:00:00-04:00,472.37844945657656,477.11669975024114,469.33449711874823,476.5902404785156,1600500,0.0,0.0
2023-04-14 00:00:00-04:00,474.96298526165384,478.964157775998,469.19094993799337,470.28216552734375,1675300,0.0,0.0
2023-04-17 00:00:00-04:00,471.6892744002336,476.59026518785686,470.1385827217741,472.8092346191406,1411800,0.0,0.0
2023-04-18 00:00:00-04:00,474.87678339615934,476.34132862892227,472.9814775370412,475.6425476074219,1339600,0.0,0.0
2023-04-19 00:00:00-04:00,475.86270107850106,476.6858961145338,472.70385809690407,474.80975341796875,1098800,0.0,0.0
2023-04-20 00:00:00-04:00,474.54177397687977,488.81392644852707,474.3120505445904,483.95123291015625,2936500,0.0,0.0
2023-04-21 00:00:00-04:00,487.57908698651005,488.7947749332637,483.83635373963597,484.68829345703125,1508600,0.0,0.0
2023-04-24 00:00:00-04:00,484.44902569303423,489.79988174294476,484.1714237263563,489.54144287109375,1374100,0.0,0.0
2023-04-25 00:00:00-04:00,489.2638413411735,491.17828125535283,480.7733049957136,481.6443786621094,1789900,0.0,0.0
2023-04-26 00:00:00-04:00,479.0119783460855,481.3571494912961,472.2827238544926,473.4983825683594,1441900,0.0,0.0
2023-04-27 00:00:00-04:00,473.66115401382007,480.7733207288865,473.66115401382007,479.8256530761719,1361600,0.0,0.0
2023-04-28 00:00:00-04:00,480.10321116606804,483.2333097257288,479.2225852159646,481.69219970703125,1170200,0.0,0.0
2023-05-01 00:00:00-04:00,477.7963226070877,478.65781470238403,467.88909048109423,472.47418212890625,2203200,0.0,0.0
2023-05-02 00:00:00-04:00,473.82387241739116,474.4747749686116,468.85589856962787,473.6419982910156,1940800,0.0,0.0
2023-05-03 00:00:00-04:00,475.3554416093376,477.4421741271884,468.71233269923243,469.09521484375,1426400,0.0,0.0
2023-05-04 00:00:00-04:00,468.9992355585846,470.8888929029332,466.1119850328492,470.3421325683594,1487000,1.02,0.0
2023-05-05 00:00:00-04:00,473.0855186540642,479.0326424995709,472.8744898847519,478.7065124511719,1709200,0.0,0.0
2023-05-08 00:00:00-04:00,477.08543446712736,479.84798225704844,475.48355954490404,478.7065124511719,1015000,0.0,0.0
2023-05-09 00:00:00-04:00,476.69215176299076,481.27720477069045,476.1454206878856,480.365966796875,1571800,0.0,0.0
2023-05-10 00:00:00-04:00,481.47868774554456,484.3755107596836,474.908049495596,479.2820739746094,1257600,0.0,0.0
2023-05-11 00:00:00-04:00,479.1381724443927,482.4858281671115,477.25808730581855,481.4211120605469,1046700,0.0,0.0
2023-05-12 00:00:00-04:00,482.6488876819317,485.3922323008107,480.7592303642645,483.5121765136719,1472800,0.0,0.0
2023-05-15 00:00:00-04:00,483.4546598920287,484.4042747464614,478.51467208763165,481.56500244140625,1135700,0.0,0.0
2023-05-16 00:00:00-04:00,479.6082112491799,479.88639220813377,474.14066593175437,475.91522216796875,1229300,0.0,0.0
2023-05-17 00:00:00-04:00,477.6897523822206,477.69935391327044,471.83852666913145,474.8121032714844,2069500,0.0,0.0
2023-05-18 00:00:00-04:00,474.8121591317985,478.26534432553166,473.92966708724737,477.7857360839844,2298900,0.0,0.0
2023-05-19 00:00:00-04:00,479.0231787925382,479.0231787925382,473.77626296346443,476.27020263671875,1635000,0.0,0.0
2023-05-22 00:00:00-04:00,476.73056893844466,476.73056893844466,468.61560608211914,471.8097839355469,1943800,0.0,0.0
2023-05-23 00:00:00-04:00,467.3014912798238,467.3014912798238,463.2727704767313,465.09527587890625,1800200,0.0,0.0
2023-05-24 00:00:00-04:00,467.3781610561423,467.3781610561423,461.2967329812198,463.0712890625,1600600,0.0,0.0
2023-05-25 00:00:00-04:00,460.6253277522182,468.6156172515357,457.30644699926677,466.7067565917969,3421900,0.0,0.0
2023-05-26 00:00:00-04:00,465.84343172617474,489.91976885488873,464.3758318273957,486.5721130371094,5302600,0.0,0.0
2023-05-30 00:00:00-04:00,488.99902153969396,493.79507509831757,481.13343398669963,487.310791015625,2544800,0.0,0.0
2023-05-31 00:00:00-04:00,488.10688115346534,492.9125650579644,484.356370498452,490.69677734375,3320800,0.0,0.0
2023-06-01 00:00:00-04:00,488.5576783161646,492.7878261718323,481.6225624478541,491.6943054199219,2407700,0.0,0.0
2023-06-02 00:00:00-04:00,489.5073438678983,497.3537273725854,488.62485185725893,491.6847839355469,2284800,0.0,0.0
2023-06-05 00:00:00-04:00,491.6848129904175,497.75661130081295,491.1380525582434,497.11395263671875,2023500,0.0,0.0
2023-06-06 00:00:00-04:00,497.1138175269235,497.47832438263754,491.84772972451987,495.2049865722656,1410300,0.0,0.0
2023-06-07 00:00:00-04:00,493.52644717695665,498.11147119796505,489.74713215903984,490.3802185058594,1784700,0.0,0.0
2023-06-08 00:00:00-04:00,491.59851789458116,499.07079429004176,491.59851789458116,498.8789978027344,1530400,0.0,0.0
2023-06-09 00:00:00-04:00,497.0563633869247,500.76852628125204,494.4760688526269,496.1835021972656,1287300,0.0,0.0
2023-06-12 00:00:00-04:00,496.1835695635923,500.0108342652803,494.9557442664651,499.7230224609375,1404500,0.0,0.0
2023-06-13 00:00:00-04:00,500.73028564453125,501.62235008797813,496.7878607867989,500.73028564453125,1204700,0.0,0.0
2023-06-14 00:00:00-04:00,503.5885649387073,506.3223080157218,501.80443664537324,505.6988525390625,1841400,0.0,0.0
2023-06-15 00:00:00-04:00,507.42540107738273,509.5932391903526,505.18080927082684,507.5980529785156,1871600,0.0,0.0
2023-06-16 00:00:00-04:00,508.48063113047004,508.7875874286764,501.3153121480409,502.2937316894531,3147800,0.0,0.0
2023-06-20 00:00:00-04:00,500.6630282310737,501.5742955503665,497.00841596816235,498.5047912597656,1684400,0.0,0.0
2023-06-21 00:00:00-04:00,496.7876975351825,500.36561421283477,495.4735758630901,498.427978515625,1273600,0.0,0.0
2023-06-22 00:00:00-04:00,499.45439954691125,503.2816636913425,498.4855815963812,502.8212585449219,1114000,0.0,0.0
2023-06-23 00:00:00-04:00,501.79491193220986,503.9723520334007,498.15950262151284,503.0514831542969,1434300,0.0,0.0
2023-06-26 00:00:00-04:00,503.0131310165375,503.4639346470848,500.00117730522106,502.07305908203125,1278500,0.0,0.0
2023-06-27 00:00:00-04:00,501.334488303965,510.69639144009886,500.8068724330973,508.7012634277344,1673600,0.0,0.0
2023-06-28 00:00:00-04:00,507.4063424621548,511.732418389672,507.0514370289197,511.070556640625,1245200,0.0,0.0
2023-06-29 00:00:00-04:00,508.9410516739542,510.7347816504177,507.37752426513396,510.0057678222656,1121800,0.0,0.0
2023-06-30 00:00:00-04:00,512.3846511719852,517.5548420546803,511.8666953488711,516.4229736328125,2221900,0.0,0.0
2023-07-03 00:00:00-04:00,515.3390171460017,519.0128323953874,512.5477231483767,518.9744262695312,951400,0.0,0.0
2023-07-05 00:00:00-04:00,519.1470877085351,523.7801194544206,515.578830693962,519.060791015625,1630400,0.0,0.0
2023-07-06 00:00:00-04:00,516.9025276640003,518.2645985310741,514.6963416986472,515.4541015625,1750100,0.0,0.0
2023-07-07 00:00:00-04:00,512.1161270798121,514.5813205865915,503.23377264766225,503.6366271972656,2740600,0.0,0.0
2023-07-10 00:00:00-04:00,503.6462092455425,509.4878634454858,503.6462092455425,505.5166931152344,1955600,0.0,0.0
2023-07-11 00:00:00-04:00,505.9866914000172,509.1137464810416,504.69177257499484,508.0394287109375,1262300,0.0,0.0
2023-07-12 00:00:00-04:00,510.3031727390219,518.0824044227988,509.4494560118003,516.0584716796875,1960500,0.0,0.0
2023-07-13 00:00:00-04:00,515.8664762671357,517.1326487149746,511.06079359231234,516.489990234375,1647200,0.0,0.0
2023-07-14 00:00:00-04:00,516.7395558473149,524.5571354074027,516.1543892714918,524.4036865234375,1828700,0.0,0.0
2023-07-17 00:00:00-04:00,523.9047495706543,531.6072845302635,523.8279958741108,530.4082641601562,1909900,0.0,0.0
2023-07-18 00:00:00-04:00,530.1301739672701,532.3651648359281,526.9839742477989,531.0126953125,1778800,0.0,0.0
2023-07-19 00:00:00-04:00,531.8662579014779,533.2187857276937,529.5066231725452,531.5113525390625,1261100,0.0,0.0
2023-07-20 00:00:00-04:00,531.2236838851337,538.1876049947906,531.127785654162,534.2452392578125,1732800,0.0,0.0
2023-07-21 00:00:00-04:00,536.3650918229359,539.1276401188597,534.7152674898894,535.1085205078125,5264300,0.0,0.0
2023-07-24 00:00:00-04:00,535.2427618633143,543.4632536005969,533.2092277384752,540.930908203125,2086400,0.0,0.0
2023-07-25 00:00:00-04:00,543.6551658971445,544.4033243390287,541.2858706483289,542.1395874023438,1602500,0.0,0.0
2023-07-26 00:00:00-04:00,542.4465327134557,544.863777030074,540.4417444666536,543.07958984375,1306400,0.0,0.0
2023-07-27 00:00:00-04:00,544.566366702182,547.8660738247677,537.7367498629118,538.9166259765625,1485300,0.0,0.0
2023-07-28 00:00:00-04:00,541.5544473065611,544.6526977486885,539.6743619617381,540.3458251953125,1371400,0.0,0.0
2023-07-31 00:00:00-04:00,540.0390074392417,541.2763759179364,536.2500897275933,537.8040161132812,1365900,0.0,0.0
2023-08-01 00:00:00-04:00,537.7655690954527,539.9238062927602,531.9239146545308,532.8159790039062,1445300,0.0,0.0
2023-08-02 00:00:00-04:00,529.7368844578208,533.9286556480926,528.5474654307311,529.8231811523438,1635000,0.0,0.0
2023-08-03 00:00:00-04:00,530.9551198222265,537.4969246158887,529.6984900446113,534.9454345703125,1463400,0.0,0.0
2023-08-04 00:00:00-04:00,538.1876323847998,538.3986319220473,528.921567800959,529.52587890625,1142000,0.0,0.0
2023-08-07 00:00:00-04:00,532.3554220808717,536.7390474089063,532.3554220808717,535.6359252929688,1015400,0.0,0.0
2023-08-08 00:00:00-04:00,535.2427235122324,536.1060416459427,529.3339765540942,533.4393920898438,1020400,0.0,0.0
2023-08-09 00:00:00-04:00,535.2235913360493,539.1660155531499,534.1013244503276,536.8734741210938,1471800,0.0,0.0
2023-08-10 00:00:00-04:00,540.2307965863731,545.9956976744469,537.8327551052066,538.5905151367188,1107200,0.0,0.0
2023-08-11 00:00:00-04:00,537.4969497221923,541.9573299266865,536.2308354452596,540.0005493164062,1043100,0.0,0.0
2023-08-14 00:00:00-04:00,541.7366891252681,544.5567878088873,537.5832655351585,538.5712280273438,1247600,0.0,0.0
2023-08-15 00:00:00-04:00,538.1682607361621,542.1106254388197,535.4345178654814,535.7318725585938,1124300,0.0,0.0
2023-08-16 00:00:00-04:00,538.7918859487021,541.9093393780744,535.9333811468484,536.2499389648438,1340100,0.0,0.0
2023-08-17 00:00:00-04:00,536.6528381674694,537.5641055703585,522.8497569440744,524.7969360351562,1941900,0.0,0.0
2023-08-18 00:00:00-04:00,524.6145615675315,527.0605514194522,520.9599498121893,522.71533203125,1878100,0.0,0.0
2023-08-21 00:00:00-04:00,521.6794247797227,522.9168514229668,514.4277510329331,521.0559692382812,2076100,0.0,0.0
2023-08-22 00:00:00-04:00,519.8570041664508,519.8570041664508,515.5788774279096,516.4133911132812,1286000,0.0,0.0
2023-08-23 00:00:00-04:00,516.9792818160271,519.0991125487936,514.3701828156474,518.8017578125,1295800,0.0,0.0
2023-08-24 00:00:00-04:00,518.2730797658473,519.9164597475738,510.13319588020147,510.988525390625,1587500,1.02,0.0
2023-08-25 00:00:00-04:00,512.1418686948579,514.9096365296961,509.8834743156577,513.1990356445312,1511500,0.0,0.0
2023-08-28 00:00:00-04:00,515.1114085394124,516.1108573202241,512.3436410547372,515.2940063476562,945800,0.0,0.0
2023-08-29 00:00:00-04:00,513.516089003768,521.9058505826893,513.516089003768,521.6175537109375,1468500,0.0,0.0
2023-08-30 00:00:00-04:00,521.57921892416,523.2033601824102,518.2925163663381,521.1275634765625,1292800,0.0,0.0
2023-08-31 00:00:00-04:00,518.9556463961391,530.6802116201034,518.9556463961391,527.8740234375,2086500,0.0,0.0
2023-09-01 00:00:00-04:00,531.5161979269232,531.910193920464,519.5706171508936,523.0399169921875,1437700,0.0,0.0
2023-09-05 00:00:00-04:00,524.4621883949309,527.7873689065735,522.7996274673787,523.5011596679688,1714300,0.0,0.0
2023-09-06 00:00:00-04:00,520.6084831169209,527.2972645494051,519.1285199104542,525.3848266601562,1476600,0.0,0.0
2023-09-07 00:00:00-04:00,527.2684830430412,529.5172576234604,523.0783528288347,527.2396240234375,1340000,0.0,0.0
2023-09-08 00:00:00-04:00,527.67209626955,530.8530992875476,526.7398678215216,529.70947265625,1075300,0.0,0.0
2023-09-11 00:00:00-04:00,531.2663504707402,537.5899366591138,530.353361341815,537.0037231445312,1388600,0.0,0.0
2023-09-12 00:00:00-04:00,537.4841369084536,538.5604843147073,534.5049128697052,537.01318359375,1055500,0.0,0.0
2023-09-13 00:00:00-04:00,536.5422506758099,538.5988659383157,533.0056724993719,537.9453735351562,1162700,0.0,0.0
2023-09-14 00:00:00-04:00,542.7986129024008,544.6149712069131,538.4163244154017,542.7601928710938,1257300,0.0,0.0
2023-09-15 00:00:00-04:00,543.2984995241956,543.4714776922057,533.889988792146,534.6780395507812,2945300,0.0,0.0
2023-09-18 00:00:00-04:00,536.4270504465471,542.2028429400659,535.7446988797732,540.7901000976562,1003100,0.0,0.0
2023-09-19 00:00:00-04:00,539.7522169347097,543.298415471668,537.6283222190486,542.3565673828125,1144700,0.0,0.0
2023-09-20 00:00:00-04:00,542.35650654548,547.0367114766648,540.7323657466383,541.8568115234375,1311500,0.0,0.0
2023-09-21 00:00:00-04:00,542.0873913468287,542.5679056307899,532.6789427832177,533.44775390625,1687700,0.0,0.0
2023-09-22 00:00:00-04:00,533.5246648779827,541.0302966448857,533.1595279376427,536.821044921875,1527300,0.0,0.0
2023-09-25 00:00:00-04:00,537.6860049313694,539.3966643855208,533.1211180379433,536.8499145507812,1313300,0.0,0.0
2023-09-26 00:00:00-04:00,537.3592315409869,539.4926871414312,530.4878527394459,531.4104614257812,2425100,0.0,0.0
2023-09-27 00:00:00-04:00,526.0479644831673,544.4228309792095,523.5012146267368,541.568603515625,4591400,0.0,0.0
2023-09-28 00:00:00-04:00,542.0874988054844,549.8814279587689,542.0874988054844,546.4697875976562,2192400,0.0,0.0
2023-09-29 00:00:00-04:00,547.7863737203992,548.7377827739201,538.848818301532,542.9428100585938,1887500,0.0,0.0
2023-10-02 00:00:00-04:00,545.777767139524,549.4585233759867,542.0201708420301,549.0452880859375,1831700,0.0,0.0
2023-10-03 00:00:00-04:00,548.843546776585,553.7352093785266,541.0688563126847,543.0197143554688,2007400,0.0,0.0
2023-10-04 00:00:00-04:00,547.2963220422625,550.2947274255139,541.789645384732,549.5162963867188,1798800,0.0,0.0
2023-10-05 00:00:00-04:00,549.871764053237,552.3512344743594,542.3661323999426,547.3250732421875,1579700,0.0,0.0
2023-10-06 00:00:00-04:00,544.028895570925,544.8553663773736,521.4831356416261,535.802490234375,4246700,0.0,0.0
2023-10-09 00:00:00-04:00,533.3709622365357,537.9358488502717,528.3544202603692,537.1862182617188,1781500,0.0,0.0
2023-10-10 00:00:00-04:00,538.0992176989552,544.8552781727892,535.5236676091341,540.1846923828125,2176800,0.0,0.0
2023-10-11 00:00:00-04:00,542.8370255839543,544.4227463660815,538.3682774228848,543.48095703125,1449800,0.0,0.0
2023-10-12 00:00:00-04:00,545.9123294287614,546.9598764978508,540.4633132421211,541.8087768554688,1458000,0.0,0.0
2023-10-13 00:00:00-04:00,541.876108178806,545.3262276519465,540.0789888735122,544.7496337890625,1243900,0.0,0.0
2023-10-16 00:00:00-04:00,547.4885360764417,551.7266475593341,546.3641487289882,549.9391479492188,1428300,0.0,0.0
2023-10-17 00:00:00-04:00,549.6508437193689,553.6102778953581,548.4687970020194,551.9573364257812,1404600,0.0,0.0
2023-10-18 00:00:00-04:00,551.5536951878217,554.8019775936984,549.7085361058458,552.2456665039062,1311900,0.0,0.0
2023-10-19 00:00:00-04:00,551.3422404991395,553.4084172484778,542.1259483944899,543.5867309570312,2019600,0.0,0.0
2023-10-20 00:00:00-04:00,544.4611783200211,544.586116743484,530.4974618171301,531.381591796875,2295400,0.0,0.0
2023-10-23 00:00:00-04:00,532.5446013655634,535.2162313699138,525.3272644991333,530.7666625976562,1776500,0.0,0.0
2023-10-24 00:00:00-04:00,530.5839857010612,534.3224018718155,527.9219757679433,530.3341674804688,1678600,0.0,0.0
2023-10-25 00:00:00-04:00,527.1722687034843,532.2465282699707,524.3468420486306,528.55615234375,1757500,0.0,0.0
2023-10-26 00:00:00-04:00,528.2295555739568,533.0442610661742,524.2701212192711,526.2593994140625,1925300,0.0,0.0
2023-10-27 00:00:00-04:00,526.2592195364925,526.6725134378199,519.1764436941291,521.8673706054688,1503100,0.0,0.0
2023-10-30 00:00:00-04:00,524.4718587782246,534.6779801528648,522.4537217190867,533.2556762695312,1696200,0.0,0.0
2023-10-31 00:00:00-04:00,530.6417113795517,532.438889453515,527.6625451412084,530.9108276367188,1394700,0.0,0.0
2023-11-01 00:00:00-04:00,533.3709291122904,536.6768701903469,528.2294490240029,535.1007690429688,1735300,0.0,0.0
2023-11-02 00:00:00-04:00,535.7939996126912,538.6920142958853,531.4710709048786,535.28369140625,2100600,1.02,0.0
2023-11-03 00:00:00-04:00,536.5930975638036,542.0424766186238,534.5711982923555,540.0302734375,1826800,0.0,0.0
2023-11-06 00:00:00-05:00,539.6355981070388,551.3431886651034,539.2890068852777,548.6184692382812,2056900,0.0,0.0
2023-11-07 00:00:00-05:00,551.1986200822079,552.5369155514005,548.3680082241442,550.014404296875,1373100,0.0,0.0
2023-11-08 00:00:00-05:00,550.8327916831846,551.6704163829698,543.2941106209325,546.2691650390625,1343600,0.0,0.0
2023-11-09 00:00:00-05:00,547.8289158417687,547.8289158417687,541.0990058736804,542.3121337890625,1288400,0.0,0.0
2023-11-10 00:00:00-05:00,546.7698711208395,556.3881585625127,543.9199842341926,555.6467895507812,1908800,0.0,0.0
2023-11-13 00:00:00-05:00,553.6057747115178,558.3716100901352,552.1519484052208,556.715576171875,1650700,0.0,0.0
2023-11-14 00:00:00-05:00,560.0949121626963,569.5399044498574,559.5846626835831,568.8178100585938,2037600,0.0,0.0
2023-11-15 00:00:00-05:00,571.8892102870517,577.5697105619826,571.3115581890796,574.575439453125,2165100,0.0,0.0
2023-11-16 00:00:00-05:00,564.5623216929881,564.7645292913066,550.9484204135778,557.0525512695312,2954700,0.0,0.0
2023-11-17 00:00:00-05:00,557.3607295464645,558.3427381619683,552.7007869217964,555.6758422851562,1773600,0.0,0.0
2023-11-20 00:00:00-05:00,555.8586558817797,560.653343796896,555.8586558817797,559.1898803710938,1624100,0.0,0.0
2023-11-21 00:00:00-05:00,560.345341997965,563.185592168149,556.2149825393813,562.5597534179688,1173700,0.0,0.0
2023-11-22 00:00:00-05:00,565.0147370332963,569.1451543351644,564.5333407987058,567.1618041992188,1068600,0.0,0.0
2023-11-24 00:00:00-05:00,569.0297390662639,572.091412685996,568.4423908804474,569.3570556640625,645800,0.0,0.0
2023-11-27 00:00:00-05:00,570.4738080298093,577.6177116393812,570.3678561982729,572.7652587890625,1627400,0.0,0.0
2023-11-28 00:00:00-05:00,571.118944056445,575.1915379449952,569.4147823519553,571.8988037109375,1286800,0.0,0.0
2023-11-29 00:00:00-05:00,573.0541671915884,573.0638045198584,565.5636125578359,565.9872436523438,1319800,0.0,0.0
2023-11-30 00:00:00-05:00,565.9584437262321,571.0034680223191,561.144480273599,570.6857299804688,1755200,0.0,0.0
2023-12-01 00:00:00-05:00,571.2055977822849,574.1613192268138,568.6156834472275,574.0650634765625,1475300,0.0,0.0
2023-12-04 00:00:00-05:00,570.1177097274439,577.223124416449,569.4533804267904,576.7898559570312,1624000,0.0,0.0
2023-12-05 00:00:00-05:00,576.2601625345709,586.2250403542982,574.8159739366866,582.8263549804688,2349700,0.0,0.0
2023-12-06 00:00:00-05:00,582.970858056258,585.8399608983026,581.3918642547312,584.8290405273438,2233900,0.0,0.0
2023-12-07 00:00:00-05:00,587.3035358830666,589.5660751795584,583.7893190889054,588.2182006835938,1690400,0.0,0.0
2023-12-08 00:00:00-05:00,585.9556255886541,590.7792265156764,585.118000623816,588.0545654296875,1502100,0.0,0.0
2023-12-11 00:00:00-05:00,598.8281348801107,601.7743368940884,595.7376079868781,600.6478271484375,2139300,0.0,0.0
2023-12-12 00:00:00-05:00,604.0945306530399,606.2608137855793,600.0219371684068,606.077880859375,2374400,0.0,0.0
2023-12-13 00:00:00-05:00,610.3334732814707,618.690506062717,607.5221353215964,618.1128540039062,2436900,0.0,0.0
2023-12-14 00:00:00-05:00,617.3232477868512,618.0164888989614,606.8480613697496,607.3102416992188,3839200,0.0,0.0
2023-12-15 00:00:00-05:00,617.6314325029389,637.2531497440743,616.6686399347348,634.3070068359375,8807700,0.0,0.0
2023-12-18 00:00:00-05:00,639.7756835231595,656.5378768544798,636.502165173269,655.892822265625,5733400,0.0,0.0
2023-12-19 00:00:00-05:00,649.8849072936355,655.4690917812469,644.2236829556315,652.52294921875,3437300,0.0,0.0
2023-12-20 00:00:00-05:00,646.7944564144219,649.2592032601474,636.2133745404183,636.4059448242188,3782700,0.0,0.0
2023-12-21 00:00:00-05:00,641.0849772211345,642.5099500302712,634.9135033711475,640.4110107421875,2388400,0.0,0.0
2023-12-22 00:00:00-05:00,643.145481244412,648.219417243803,641.2198959712251,646.6115112304688,1641700,0.0,0.0
2023-12-26 00:00:00-05:00,647.9690829945919,650.7130185084485,645.8220742154283,649.5191650390625,1774800,0.0,0.0
2023-12-27 00:00:00-05:00,652.5519197028704,658.3418825872271,650.2871522033248,656.589111328125,1875900,15.0,0.0
2023-12-28 00:00:00-05:00,655.6538120899163,656.6483555717228,651.459095972398,652.9459228515625,1496900,0.0,0.0
2023-12-29 00:00:00-05:00,650.8779408790826,653.0344072627175,647.096717319918,649.9720458984375,1947500,0.0,0.0
2024-01-02 00:00:00-05:00,645.5410838969295,647.7270600654472,639.554170446284,640.6865844726562,2657700,0.0,0.0
2024-01-03 00:00:00-05:00,641.2379879808403,645.4130508871406,633.2521314184713,634.8178100585938,2612600,0.0,0.0
2024-01-04 00:00:00-05:00,632.247746244935,639.9480045846434,630.701780686274,638.4216918945312,2171100,0.0,0.0
2024-01-05 00:00:00-05:00,646.1318574877143,649.5487523604978,642.2521886096816,645.9644775390625,2233500,0.0,0.0
2024-01-08 00:00:00-05:00,645.7674101929518,651.9414153005711,644.0146990435719,651.557373046875,2245300,0.0,0.0
2024-01-09 00:00:00-05:00,648.7903693512598,657.0715579474216,648.1798684131601,656.9632568359375,1886200,0.0,0.0
2024-01-10 00:00:00-05:00,659.3069367803749,663.5115689379202,658.7653710232045,662.4579467773438,1801900,0.0,0.0
2024-01-11 00:00:00-05:00,660.7248719750523,664.1811324117494,657.4163386050834,663.265380859375,1670800,0.0,0.0
2024-01-12 00:00:00-05:00,667.1253121258109,673.2500352206237,665.7565830391712,672.7774047851562,2388400,0.0,0.0
2024-01-16 00:00:00-05:00,672.7774623144977,676.0072641677408,667.7752360761785,671.0542602539062,1626700,0.0,0.0
2024-01-17 00:00:00-05:00,670.0793330799235,674.3824093674878,668.7893958420118,673.7128295898438,1786800,0.0,0.0
2024-01-18 00:00:00-05:00,672.3736568602287,677.1887292948757,669.793782434955,676.7850341796875,1900600,0.0,0.0
2024-01-19 00:00:00-05:00,677.9568640204426,685.4700291370907,672.216123129497,684.3277587890625,2267900,0.0,0.0
2024-01-22 00:00:00-05:00,684.7806638406125,687.9611826460676,679.9458785929777,681.9053955078125,2452900,0.0,0.0
2024-01-23 00:00:00-05:00,680.1428665733838,681.0389652557809,674.1461573626384,677.0608520507812,2208600,0.0,0.0
2024-01-24 00:00:00-05:00,678.4491748593945,679.4042921644351,672.6592119262837,675.997314453125,1946500,0.0,0.0
2024-01-25 00:00:00-05:00,675.9874337065224,675.9874337065224,665.6088573073567,669.488525390625,2751900,0.0,0.0
2024-01-26 00:00:00-05:00,669.6658359146392,676.7161671704764,669.0947007253167,676.3616943359375,1825500,0.0,0.0
2024-01-29 00:00:00-05:00,679.335398257707,683.500603888481,675.751124140656,683.3824462890625,2215400,0.0,0.0
2024-01-30 00:00:00-05:00,682.3288546079023,691.8901848060103,680.2216104904205,690.0093994140625,1610500,0.0,0.0
2024-01-31 00:00:00-05:00,690.5805208356161,694.7162172183755,682.4272856724181,684.2391357421875,1928500,0.0,0.0
2024-02-01 00:00:00-05:00,684.3773053663946,695.5206125658544,681.9119692519623,694.7119750976562,2039200,1.02,0.0
2024-02-02 00:00:00-05:00,693.5876984634284,704.3760096995221,692.522656607365,699.6425170898438,2377400,0.0,0.0
2024-02-05 00:00:00-05:00,700.7865674444969,702.9757569311598,695.8953191316832,701.29931640625,2276900,0.0,0.0
2024-02-06 00:00:00-05:00,701.3682887126386,702.837619209918,694.573869034391,700.9343872070312,1920200,0.0,0.0
2024-02-07 00:00:00-05:00,704.2478029761271,713.2906372504866,702.1275902502493,709.7997436523438,2145500,0.0,0.0
2024-02-08 00:00:00-05:00,713.852742198396,718.0733655228299,710.6674876178394,714.1189575195312,1918500,0.0,0.0
2024-02-09 00:00:00-05:00,715.0854319016506,715.4700387192196,710.1350185164521,713.3695678710938,1426100,0.0,0.0
2024-02-12 00:00:00-05:00,713.4879043226167,713.7639906269874,705.3818491201479,712.3932495117188,1572600,0.0,0.0
2024-02-13 00:00:00-05:00,711.3875106571749,711.7721175192577,699.208714679958,704.3464965820312,1951100,0.0,0.0
2024-02-14 00:00:00-05:00,706.0720797667584,712.5312466709879,701.2104454346023,712.1663818359375,1472500,0.0,0.0
2024-02-15 00:00:00-05:00,711.4860275125103,715.9631157618988,708.3205749257734,714.4641723632812,1264100,0.0,0.0
2024-02-16 00:00:00-05:00,711.9790864004865,718.9510630533871,708.5374873586351,713.9513549804688,1764900,0.0,0.0
2024-02-20 00:00:00-05:00,717.9353883785466,724.769291903038,713.6752809498646,715.6278076171875,2407300,0.0,0.0
2024-02-21 00:00:00-05:00,715.6278348939043,718.6848272864205,710.2830035994009,712.994873046875,1564200,0.0,0.0
2024-02-22 00:00:00-05:00,715.7856050752226,725.8441876404295,715.7856050752226,724.2171020507812,1801600,0.0,0.0
2024-02-23 00:00:00-05:00,729.8577567703674,732.2146323330668,726.8993536941683,727.6981201171875,1265800,0.0,0.0
2024-02-26 00:00:00-05:00,731.7117325894417,736.4254839622782,728.753329357948,735.0152587890625,1707000,0.0,0.0
2024-02-27 00:00:00-05:00,735.6562469547375,736.2873874028147,731.0510162563081,734.3841552734375,1471300,0.0,0.0
2024-02-28 00:00:00-05:00,732.9049122562172,741.4546799883117,732.9049122562172,737.5890502929688,1365000,0.0,0.0
2024-02-29 00:00:00-05:00,741.0009992373479,742.1252067549145,732.6878945310756,733.575439453125,3361200,0.0,0.0
2024-03-01 00:00:00-05:00,730.1734344843213,740.9617483646759,728.9999320171108,739.0486450195312,1678100,0.0,0.0
2024-03-04 00:00:00-05:00,744.6104371760687,754.1364697334932,743.2199538587947,748.653564453125,2133400,0.0,0.0
2024-03-05 00:00:00-05:00,757.7653711903951,758.603621535303,746.4051439448328,749.412841796875,2353400,0.0,0.0
2024-03-06 00:00:00-05:00,754.2349410872371,764.4117935113394,753.0712497140123,762.5184326171875,2400600,0.0,0.0
2024-03-07 00:00:00-05:00,768.3070744787263,776.1665960911703,766.2362165392271,774.697265625,4187900,0.0,0.0
2024-03-08 00:00:00-05:00,745.5668603731268,745.7344863590914,715.0459903218399,715.4996337890625,8590200,0.0,0.0
2024-03-11 00:00:00-04:00,709.8293635689195,710.0167315028428,701.1513933327686,704.1788330078125,3762500,0.0,0.0
2024-03-12 00:00:00-04:00,707.1372112965021,729.7886876163827,706.9695251270086,726.6626586914062,3727400,0.0,0.0
2024-03-13 00:00:00-04:00,724.8086707495877,726.2878721184644,716.5054372518399,724.019775390625,2270300,0.0,0.0
2024-03-14 00:00:00-04:00,728.0925671484093,730.4099587178938,718.8820461442148,721.801025390625,1826100,0.0,0.0
2024-03-15 00:00:00-04:00,722.3630829707308,722.3630829707308,713.1919862578224,715.568603515625,3390700,0.0,0.0
2024-03-18 00:00:00-04:00,716.0320944561776,723.1717573797428,715.9532470477939,721.3966674804688,1595200,0.0,0.0
2024-03-19 00:00:00-04:00,721.6432084812452,725.153844233998,719.8977916726647,722.0179443359375,1322700,0.0,0.0
2024-03-20 00:00:00-04:00,720.8642049295498,731.8004612795017,719.0201385227462,730.4494018554688,1398700,0.0,0.0
2024-03-21 00:00:00-04:00,733.1908235940465,741.8786640323073,730.8240772903581,732.2638549804688,2106900,0.0,0.0
2024-03-22 00:00:00-04:00,734.10798987393,734.4629837960176,724.1973516546999,724.6115112304688,1794100,0.0,0.0
2024-03-25 00:00:00-04:00,720.8641917714265,723.980349756176,716.6632499155637,720.8247680664062,1604700,0.0,0.0
2024-03-26 00:00:00-04:00,720.8641633328813,724.5128722302042,720.0949496988636,720.8444213867188,1353500,0.0,0.0
2024-03-27 00:00:00-04:00,723.822560179964,725.6863684110398,717.6592209413744,721.92919921875,1246700,0.0,0.0
2024-03-28 00:00:00-04:00,723.6747348138011,724.7102241270333,718.2214426580948,722.4716796875,1713300,0.0,0.0
2024-04-01 00:00:00-04:00,721.6135922561675,723.1026645705504,710.2138829889158,711.2394409179688,1600700,0.0,0.0
2024-04-02 00:00:00-04:00,710.0168209220934,710.0168209220934,698.5776851050083,701.4374389648438,2326700,0.0,0.0
2024-04-03 00:00:00-04:00,700.1356460577063,700.9541544205097,687.6019169989382,695.9051513671875,3205500,0.0,0.0
2024-04-04 00:00:00-04:00,698.9425840817183,707.1866542363375,694.4556238576799,695.1065063476562,2252400,0.0,0.0
2024-04-05 00:00:00-04:00,696.2502264098459,706.9498194769386,696.2305446526416,703.82373046875,1552900,0.0,0.0
2024-04-08 00:00:00-04:00,703.6166869128623,706.2102249107623,701.0132779418442,701.9402465820312,1459000,0.0,0.0
2024-04-09 00:00:00-04:00,706.3088908273304,709.0799260751506,697.1772766815346,708.6263427734375,1386400,0.0,0.0
2024-04-10 00:00:00-04:00,701.1415215169236,713.9415260951505,699.11995814104,712.5609741210938,1832000,0.0,0.0
2024-04-11 00:00:00-04:00,721.3572444861671,723.6154703778124,714.1091814161568,722.1954345703125,2107800,0.0,0.0
2024-04-12 00:00:00-04:00,717.9057587672886,722.7378408345356,716.4659810446284,721.1698608398438,1481800,0.0,0.0
2024-04-15 00:00:00-04:00,725.2328483452596,730.725624431736,707.995237490898,708.3206787109375,1808000,0.0,0.0
2024-04-16 00:00:00-04:00,708.340251261545,712.4820273336442,702.2558195211407,706.0425415039062,1412300,0.0,0.0
2024-04-17 00:00:00-04:00,712.9752061693478,713.7641016902674,701.1415927889436,705.2734985351562,1376700,0.0,0.0
2024-04-18 00:00:00-04:00,705.2733719249024,708.9812464153463,699.7313021350985,701.3880004882812,1846400,0.0,0.0
2024-04-19 00:00:00-04:00,703.1435149640009,704.9579687473625,692.2664224836063,699.6723022460938,2190400,0.0,0.0
2024-04-22 00:00:00-04:00,704.9480781220672,708.3009594210291,696.3785671052592,705.539794921875,1437100,0.0,0.0
2024-04-23 00:00:00-04:00,709.0601917298985,714.2275259563731,706.3680040975081,712.6595458984375,1176200,0.0,0.0
2024-04-24 00:00:00-04:00,709.7306883094167,715.3713472141121,706.1608872120855,713.8527221679688,1206600,0.0,0.0
2024-04-25 00:00:00-04:00,718.3567659916789,718.3567659916789,705.6349646014412,712.9934692382812,1613600,1.16,0.0
2024-04-26 00:00:00-04:00,706.217690217994,721.9717892107191,706.217690217994,720.2235107421875,1524400,0.0,0.0
2024-04-29 00:00:00-04:00,720.5693373783785,723.2558991490137,711.3736326336156,717.4086303710938,1526900,0.0,0.0
2024-04-30 00:00:00-04:00,716.5986179909675,716.5986179909675,708.2918837084621,714.0206909179688,1734800,0.0,0.0
2024-05-01 00:00:00-04:00,713.3983720663167,720.8951102858597,706.5337269055568,713.3489379882812,1609100,0.0,0.0
2024-05-02 00:00:00-04:00,715.8479952829501,725.3794897724129,711.7786054999708,723.4435424804688,1826900,0.0,0.0
2024-05-03 00:00:00-04:00,725.26098315303,738.3086882174297,724.342353145585,734.7628173828125,2323300,0.0,0.0
2024-05-06 00:00:00-04:00,740.3828448885484,747.642541041399,737.3109990674485,747.1585693359375,1773300,0.0,0.0
2024-05-07 00:00:00-04:00,749.3711348635878,762.7546903304188,746.2894621458612,761.8361206054688,1897800,0.0,0.0
2024-05-08 00:00:00-04:00,760.5421632370884,763.890538658034,753.3417273164821,754.0330810546875,1511900,0.0,0.0
2024-05-09 00:00:00-04:00,754.4182711316556,770.1328831653217,754.2306024806379,769.4710693359375,1716200,0.0,0.0
2024-05-10 00:00:00-04:00,769.4711987344036,777.7779342860601,768.6020027609383,777.5211181640625,1652700,0.0,0.0
2024-05-13 00:00:00-04:00,778.321170501741,779.7829726981334,764.0783050483807,765.6290283203125,1596800,0.0,0.0
2024-05-14 00:00:00-04:00,765.4116634844203,771.2194452985035,761.9546533705837,768.34521484375,1327700,0.0,0.0
2024-05-15 00:00:00-04:00,768.9576152394435,779.960739050575,768.9576152394435,777.3729248046875,1661700,0.0,0.0
2024-05-16 00:00:00-04:00,782.0842632130679,794.6776560556843,778.1531685033494,783.3287963867188,2000000,0.0,0.0
2024-05-17 00:00:00-04:00,783.8622882689598,787.8032705310497,780.8991364586091,786.0352783203125,1309100,0.0,0.0
2024-05-20 00:00:00-04:00,785.4819457738427,793.116978907307,782.6570896168731,783.2595825195312,1347100,0.0,0.0
2024-05-21 00:00:00-04:00,785.7980144778793,791.5959083974788,782.2718575825512,791.0921630859375,1375700,0.0,0.0
2024-05-22 00:00:00-04:00,790.2130900063537,796.4455818888262,788.2080558371077,792.0107421875,1192800,0.0,0.0
2024-05-23 00:00:00-04:00,794.4207826016992,798.1247214055913,785.6597375070633,786.55859375,1519200,0.0,0.0
2024-05-24 00:00:00-04:00,790.7959778366038,806.8364945286172,789.2749151452819,799.7841796875,1623000,0.0,0.0
2024-05-28 00:00:00-04:00,799.7940831775727,805.2759013563184,794.8357237449758,803.1819458007812,1986300,0.0,0.0
2024-05-29 00:00:00-04:00,797.1075060311958,803.448633193382,796.386431524499,796.6136474609375,2282800,0.0,0.0
2024-05-30 00:00:00-04:00,800.2484368277518,809.4341941490422,798.3717501523885,805.3253173828125,2277800,0.0,0.0
2024-05-31 00:00:00-04:00,799.0927774874681,801.7694521892853,778.5186138486957,799.9421997070312,4360700,0.0,0.0
2024-06-03 00:00:00-04:00,801.0386021026471,817.7408724470228,797.216141586228,805.3746948242188,2008700,0.0,0.0
2024-06-04 00:00:00-04:00,804.9696915147764,817.8396747228317,803.0535178611628,817.227294921875,1754500,0.0,0.0
2024-06-05 00:00:00-04:00,820.703992711552,824.1412892290665,811.5873831290658,824.0523681640625,2080000,0.0,0.0
2024-06-06 00:00:00-04:00,825.1586289905692,838.6607655816304,824.0721642602745,832.2899780273438,1735000,0.0,0.0
2024-06-07 00:00:00-04:00,836.2803734735874,839.9349390911995,831.9442805913789,835.1939086914062,1593600,0.0,0.0
2024-06-10 00:00:00-04:00,836.7741363191551,839.0458735127204,832.3886701369,837.919921875,1401600,0.0,0.0
2024-06-11 00:00:00-04:00,838.8089043229321,840.4880355380342,829.9392235913939,838.8780517578125,1690500,0.0,0.0
2024-06-12 00:00:00-04:00,841.8411502431366,845.2290126262793,833.2479995063437,837.3964233398438,1838300,0.0,0.0
2024-06-13 00:00:00-04:00,837.3965276315263,837.3965276315263,827.262539384229,835.5692749023438,1322400,0.0,0.0
2024-06-14 00:00:00-04:00,833.060437251255,845.6637185702539,831.5689746097548,845.1599731445312,1395500,0.0,0.0
2024-06-17 00:00:00-04:00,843.9944253629678,859.8670473388701,842.8881869679683,857.2495727539062,1904900,0.0,0.0
2024-06-18 00:00:00-04:00,857.3384045609927,863.2252199171973,857.0421015013019,860.0546264648438,1763800,0.0,0.0
2024-06-20 00:00:00-04:00,860.6078482663166,863.1166281849231,849.9898886482868,851.8468017578125,1944600,0.0,0.0
2024-06-21 00:00:00-04:00,855.9951917766817,856.3210950254772,837.2384530411581,837.8903198242188,3833100,0.0,0.0
2024-06-24 00:00:00-04:00,839.5595524923158,840.1818191011182,831.1738437842735,837.7421264648438,1722900,0.0,0.0
2024-06-25 00:00:00-04:00,838.8878600461493,845.1796128911072,834.6209151156808,845.0018310546875,1564200,0.0,0.0
2024-06-26 00:00:00-04:00,842.2461018178506,849.1798951943621,839.6188008411016,846.3155517578125,1505300,0.0,0.0
2024-06-27 00:00:00-04:00,847.1748769769334,847.787256771589,838.2162754190284,840.1719360351562,1254900,0.0,0.0
2024-06-28 00:00:00-04:00,840.7942158599064,846.7106318858915,836.4087493446192,839.5496826171875,2131700,0.0,0.0
2024-07-01 00:00:00-04:00,843.0166183259058,845.4859112911253,830.176294906765,835.2827758789062,1989000,0.0,0.0
2024-07-02 00:00:00-04:00,835.3024893483354,849.7922825446315,832.7245621468443,848.8045654296875,1377900,0.0,0.0
2024-07-03 00:00:00-04:00,844.4980787573296,852.9134473247162,844.4980787573296,852.06396484375,814400,0.0,0.0
2024-07-05 00:00:00-04:00,853.9407480287528,876.04586295945,848.1724532712464,874.7914428710938,2620700,0.0,0.0
2024-07-08 00:00:00-04:00,875.8976818838458,877.0434675535876,866.8798193565394,870.0208129882812,1611300,0.0,0.0
2024-07-09 00:00:00-04:00,872.9938186300357,885.6563603033726,872.1246226756541,875.9569702148438,1356800,0.0,0.0
2024-07-10 00:00:00-04:00,876.5001925301108,879.3349358291504,869.8824757982518,873.4481201171875,1755800,0.0,0.0
2024-07-11 00:00:00-04:00,879.8189158115601,879.8189158115601,836.1223198521578,836.1914672851562,6021100,0.0,0.0
2024-07-12 00:00:00-04:00,839.450885690491,839.5595201010509,828.0822524255656,832.5467529296875,3288400,0.0,0.0
2024-07-15 00:00:00-04:00,836.4580276917939,847.3624622613709,834.2949249894995,838.3050537109375,2064000,0.0,0.0
2024-07-16 00:00:00-04:00,837.3865173220252,840.7842664438285,831.005903652082,840.320068359375,1687600,0.0,0.0
2024-07-17 00:00:00-04:00,837.5940463528813,839.5102200726715,832.2998967941418,835.8853149414062,1783100,0.0,0.0
2024-07-18 00:00:00-04:00,838.9966132765284,844.7945084129553,814.9753237578899,829.0601806640625,2338500,0.0,0.0
2024-07-19 00:00:00-04:00,826.2353521243182,838.4534094722381,825.2970086959846,827.83544921875,1984400,0.0,0.0
2024-07-22 00:00:00-04:00,835.3617597474066,839.1546200388185,828.2995581786591,837.01123046875,1920200,0.0,0.0
2024-07-23 00:00:00-04:00,838.4730823687355,844.0833083432034,835.1938543152955,841.6436157226562,1744100,0.0,0.0
2024-07-24 00:00:00-04:00,834.2258223296719,835.6086503569787,819.3113185237752,820.6151123046875,2511300,0.0,0.0
2024-07-25 00:00:00-04:00,825.5240067745706,826.3734892496437,804.2782637909053,805.927734375,2183700,0.0,0.0
2024-07-26 00:00:00-04:00,809.102826772875,813.3363033043814,800.2106183238611,808.7071533203125,1441500,1.16,0.0
2024-07-29 00:00:00-04:00,813.6133167141644,814.7804750460676,805.2354707494992,806.689453125,1320400,0.0,0.0
2024-07-30 00:00:00-04:00,809.1028884984793,813.0593818407701,794.5430219770717,801.2196044921875,2017200,0.0,0.0
2024-07-31 00:00:00-04:00,811.4965554225483,816.5015171187275,802.4461130651027,813.0593872070312,2135000,0.0,0.0
2024-08-01 00:00:00-04:00,809.6468007966439,815.2056684711671,800.8732826525949,808.0048828125,1861400,0.0,0.0
2024-08-02 00:00:00-04:00,807.322439011634,821.2591523190578,796.2541470140461,813.1384887695312,2598500,0.0,0.0
2024-08-05 00:00:00-04:00,789.3203447040358,802.0009118722822,784.3747285091484,793.1087036132812,2820900,0.0,0.0
2024-08-06 00:00:00-04:00,796.3036113568216,824.0287667778182,796.3036113568216,807.9950561523438,2476300,0.0,0.0
2024-08-07 00:00:00-04:00,815.1464863373816,824.7607973630729,800.4580277138534,801.4866943359375,1702000,0.0,0.0
2024-08-08 00:00:00-04:00,812.5647705726534,833.5935410627051,811.5262032079575,830.2997436523438,2345000,0.0,0.0
2024-08-09 00:00:00-04:00,829.379756464777,848.4401787735422,828.5192241589708,845.6310424804688,1710600,0.0,0.0
2024-08-12 00:00:00-04:00,847.9259187802779,860.7845212231401,843.1286950943427,854.1771850585938,1748200,0.0,0.0
2024-08-13 00:00:00-04:00,855.5125234372035,858.6084842527416,846.8477935107326,855.4136352539062,1484100,0.0,0.0
2024-08-14 00:00:00-04:00,855.4630789238914,857.3028338056473,849.1623682200348,853.3265991210938,1341500,0.0,0.0
2024-08-15 00:00:00-04:00,863.3760589010608,870.7549405284474,859.5481565204833,867.8073120117188,1923800,0.0,0.0
2024-08-16 00:00:00-04:00,867.8073336761818,867.8073336761818,859.1723062818155,861.1209106445312,1516300,0.0,0.0
2024-08-19 00:00:00-04:00,861.1207662001933,864.1276789000704,859.251308921811,862.861572265625,1318400,0.0,0.0
2024-08-20 00:00:00-04:00,862.5155308418052,867.2237674814958,861.6945415862383,866.6698608398438,1104600,0.0,0.0
2024-08-21 00:00:00-04:00,871.1604722276398,881.42757722537,867.6787387863342,871.8330688476562,1465500,0.0,0.0
2024-08-22 00:00:00-04:00,872.7034492901382,874.3849709238658,863.6826498949257,868.0150146484375,1440900,0.0,0.0
2024-08-23 00:00:00-04:00,872.8914489322999,874.9389414959923,862.1891271210496,869.6471557617188,1305800,0.0,0.0
2024-08-26 00:00:00-04:00,873.5639307947281,883.5343096820025,871.8527669556904,882.8023681640625,1737000,0.0,0.0
2024-08-27 00:00:00-04:00,882.9805102355309,908.9350968247815,877.4216419357583,899.0142211914062,2098900,0.0,0.0
2024-08-28 00:00:00-04:00,901.0517786753886,902.2980233153787,872.070417830719,878.3909301757812,1668400,0.0,0.0
2024-08-29 00:00:00-04:00,881.3089144522036,890.6660431788205,875.5423083549107,876.9864501953125,1709900,0.0,0.0
2024-08-30 00:00:00-04:00,880.8142106419409,886.5808158087234,873.4946748047668,882.6737670898438,1933500,0.0,0.0
2024-09-03 00:00:00-04:00,886.9271082998564,887.1348459346971,864.9290149016429,869.0140991210938,1784200,0.0,0.0
2024-09-04 00:00:00-04:00,867.9061912784983,882.0605423019198,867.0555597887882,880.3394775390625,1425200,0.0,0.0
2024-09-05 00:00:00-04:00,878.9647069438553,878.9647069438553,859.2514853832448,876.343505859375,1998800,0.0,0.0
2024-09-06 00:00:00-04:00,881.566026651754,883.4849282351595,861.5263792836369,867.1445922851562,2074600,0.0,0.0
2024-09-09 00:00:00-04:00,875.1169369909815,889.0537108228187,872.1100238988037,886.7391357421875,1954000,0.0,0.0
2024-09-10 00:00:00-04:00,882.8913676140136,890.8934010778507,877.8666650919258,884.56298828125,1360800,0.0,0.0
2024-09-11 00:00:00-04:00,885.2653385397143,892.1892015227065,868.3216518673456,890.6066284179688,1796100,0.0,0.0
2024-09-12 00:00:00-04:00,890.6264375340871,905.7402714298084,886.7589917658214,905.0775756835938,1867300,0.0,0.0
2024-09-13 00:00:00-04:00,903.6928306754809,913.7819015849666,899.4692543736826,906.0370483398438,1327500,0.0,0.0
2024-09-16 00:00:00-04:00,911.9716163361535,912.5947687995788,895.5026904392673,897.9953002929688,1661000,0.0,0.0
2024-09-17 00:00:00-04:00,898.5493323918956,898.7174664602007,885.7105304163011,887.5107421875,1387000,0.0,0.0
2024-09-18 00:00:00-04:00,890.15165616857,895.1368160413642,881.2594470497858,882.8123779296875,1338200,0.0,0.0
2024-09-19 00:00:00-04:00,894.4246042703373,895.2851366725268,885.7598748966982,890.94287109375,1747500,0.0,0.0
2024-09-20 00:00:00-04:00,891.7638599897846,897.9359794397428,885.9577113143641,897.114990234375,4658200,0.0,0.0
2024-09-23 00:00:00-04:00,897.1150429272867,909.4988861223954,890.9825266849447,907.105224609375,1697600,0.0,0.0
2024-09-24 00:00:00-04:00,902.0903441659761,902.8420875281114,887.7678582012354,891.7341918945312,2432600,0.0,0.0
2024-09-25 00:00:00-04:00,893.1783363152601,900.4582692849316,891.3286805813873,898.5393676757812,1728100,0.0,0.0
2024-09-26 00:00:00-04:00,895.4533777081066,899.3505262134728,888.3613800260332,891.6353759765625,2738600,0.0,0.0
2024-09-27 00:00:00-04:00,883.5443437303015,883.7718227846766,864.4938181245786,875.9874267578125,3459100,0.0,0.0
2024-09-30 00:00:00-04:00,881.6747257245842,900.1020954310795,871.8230371002683,876.8775024414062,2142900,0.0,0.0
2024-10-01 00:00:00-04:00,875.6213703637023,877.3424351854396,863.2573295508853,867.8369750976562,1836700,0.0,0.0
2024-10-02 00:00:00-04:00,865.1366842230101,871.645071811862,857.728100287597,868.9744873046875,1317100,0.0,0.0
2024-10-03 00:00:00-04:00,864.9289665276401,871.5956477997095,863.1781989968508,866.1455688476562,1451900,0.0,0.0
2024-10-04 00:00:00-04:00,868.4402716651805,874.6717357721376,866.1454985888133,873.5045776367188,1516400,0.0,0.0
2024-10-07 00:00:00-04:00,872.0110222230118,878.0546110876455,862.841890861851,864.0881958007812,1963200,0.0,0.0
2024-10-08 00:00:00-04:00,867.1644855985588,881.6155637958731,867.1644855985588,880.7352294921875,1697900,0.0,0.0
2024-10-09 00:00:00-04:00,882.5353706149374,900.1022102233185,878.2129065889533,899.2119750976562,1956500,0.0,0.0
2024-10-10 00:00:00-04:00,900.1022222580419,900.1022222580419,882.139769309098,883.9102783203125,1765800,0.0,0.0
2024-10-11 00:00:00-04:00,884.7708886624539,884.7708886624539,875.8687779883767,879.3604125976562,1527300,0.0,0.0
2024-10-14 00:00:00-04:00,882.7432028945939,885.4335896024368,876.6205265471093,880.0824584960938,1431500,0.0,0.0
2024-10-15 00:00:00-04:00,882.3870888456898,890.8539824313946,879.8746768620988,884.879638671875,1613900,0.0,0.0
2024-10-16 00:00:00-04:00,880.2405618164497,881.635259432352,869.9339142671276,877.7282104492188,1475500,0.0,0.0
2024-10-17 00:00:00-04:00,881.8628336209935,885.5918480628018,873.1981031983458,875.6610107421875,1321500,0.0,0.0
2024-10-18 00:00:00-04:00,876.1258042392876,880.923027769276,874.1376568821914,879.8844604492188,1654000,0.0,0.0
2024-10-21 00:00:00-04:00,879.3306035443985,881.7045235854996,874.0882621892026,877.1248779296875,1184900,0.0,0.0
2024-10-22 00:00:00-04:00,881.2890194831762,885.1565252228108,874.6915842683371,883.771728515625,1189700,0.0,0.0
2024-10-23 00:00:00-04:00,886.2742515361481,895.8291557591672,885.2554255900205,889.3899536132812,2193500,0.0,0.0
2024-10-24 00:00:00-04:00,891.6947093390377,893.672956059701,878.5987257076537,883.7025756835938,1649600,0.0,0.0
2024-10-25 00:00:00-04:00,885.9082975175693,891.813334571853,880.319726788875,881.5264282226562,1425800,0.0,0.0
2024-10-28 00:00:00-04:00,886.2445457459783,886.2445457459783,880.3197070400258,881.269287109375,912500,0.0,0.0
2024-10-29 00:00:00-04:00,880.3197390610967,881.4769964208435,864.5828138846216,877.3424682617188,1361700,0.0,0.0
2024-10-30 00:00:00-04:00,876.7390680811304,876.9270039128212,867.827057970568,869.5283813476562,1412200,0.0,0.0
2024-10-31 00:00:00-04:00,867.6590469468545,868.10416454516,859.202054064251,864.671875,1771900,0.0,0.0
2024-11-01 00:00:00-04:00,865.9098679368611,871.0006710698158,859.0461428763741,868.9207763671875,1625200,1.16,0.0
2024-11-04 00:00:00-05:00,872.9123561340912,878.5182067056081,868.3463925664589,877.5971069335938,1576700,0.0,0.0
2024-11-05 00:00:00-05:00,879.5085433244575,887.0160768706996,878.3200061756089,881.6577758789062,1622300,0.0,0.0
2024-11-06 00:00:00-05:00,889.6903055329636,891.2948095893441,877.8050544773965,890.6510009765625,2437400,0.0,0.0
2024-11-07 00:00:00-05:00,890.0270158183822,910.6875292871986,885.8176560914881,905.1906127929688,2145500,0.0,0.0
2024-11-08 00:00:00-05:00,905.2599359809882,952.8009391834909,905.0123265893085,934.7749633789062,3277100,0.0,0.0
2024-11-11 00:00:00-05:00,934.7749730349626,942.1834872175758,922.5331790922255,923.9594116210938,2181800,0.0,0.0
2024-11-12 00:00:00-05:00,927.0000416887982,930.5755067539711,918.135613481282,923.4641723632812,1691400,0.0,0.0
2024-11-13 00:00:00-05:00,921.1069566731633,928.6244045633873,914.3719931662857,924.80126953125,1757600,0.0,0.0
2024-11-14 00:00:00-05:00,918.1356663870431,922.2460066577311,913.3518357943306,915.055419921875,1859900,0.0,0.0
2024-11-15 00:00:00-05:00,908.9641924899312,911.7473197252319,896.9006697875508,898.396240234375,2269900,0.0,0.0
2024-11-18 00:00:00-05:00,901.9321689469359,917.0858531174051,898.4358949759246,910.7173461914062,1797300,0.0,0.0
2024-11-19 00:00:00-05:00,919.1261500810587,925.0687760514103,907.5974411902122,921.255615234375,1690500,0.0,0.0
2024-11-20 00:00:00-05:00,916.2339487003936,919.9183472209628,907.7359779379564,919.2052612304688,1452100,0.0,0.0
2024-11-21 00:00:00-05:00,926.0592177996688,949.3245889040187,921.1070294691892,946.5117797851562,2320500,0.0,0.0
2024-11-22 00:00:00-05:00,953.5338120119821,966.9641424169457,949.3541946781784,954.7916870117188,2078700,0.0,0.0
2024-11-25 00:00:00-05:00,965.6766591362302,965.6766591362302,940.6086859207134,951.7015991210938,3240900,0.0,0.0
2024-11-26 00:00:00-05:00,954.7819224861684,965.0527563805257,951.701675813068,962.210205078125,1438000,0.0,0.0
2024-11-27 00:00:00-05:00,962.1706180193154,962.9926377751526,949.4236898125689,952.3553466796875,1499500,0.0,0.0
2024-11-29 00:00:00-05:00,958.832810921648,963.9632706930453,953.266495714794,962.5865478515625,1095900,0.0,0.0
2024-12-02 00:00:00-05:00,962.0714892676779,967.1623532339243,955.5346250393299,965.6766967773438,1955800,0.0,0.0
2024-12-03 00:00:00-05:00,965.3694934725555,973.6000263740973,961.4770814961663,972.7581787109375,1653900,0.0,0.0
2024-12-04 00:00:00-05:00,972.6096501356033,981.6721776754134,968.2021910563977,981.4443359375,1784700,0.0,0.0
2024-12-05 00:00:00-05:00,977.2251377127004,980.6619876261534,968.8460742894176,972.8672485351562,2089400,0.0,0.0
2024-12-06 00:00:00-05:00,972.8672203948906,988.1694929922533,972.8672203948906,983.1182250976562,1737300,0.0,0.0
2024-12-09 00:00:00-05:00,987.4762247251263,987.4762247251263,971.1240898881181,978.4136962890625,1855500,0.0,0.0
2024-12-10 00:00:00-05:00,980.2658680516132,985.4755799332502,976.4527071550027,983.9008178710938,1556800,0.0,0.0
2024-12-11 00:00:00-05:00,985.4853779538947,998.1629667056123,984.088887584806,985.1783447265625,1903600,0.0,0.0
2024-12-12 00:00:00-05:00,992.1014302432486,992.8838541076755,977.7698285988952,978.9385375976562,2344300,0.0,0.0
2024-12-13 00:00:00-05:00,971.6192746110154,997.0537046371711,956.4952732855829,979.889404296875,2951900,0.0,0.0
2024-12-16 00:00:00-05:00,979.5923145001292,998.6087288658847,976.9379489366958,983.3757934570312,2581300,0.0,0.0
2024-12-17 00:00:00-05:00,984.4949639844233,987.3870248194025,971.3815799714,972.68896484375,2050200,0.0,0.0
2024-12-18 00:00:00-05:00,972.6097333341769,976.175284550723,954.781856348418,955.5147705078125,2725300,0.0,0.0
2024-12-19 00:00:00-05:00,965.1913464860113,965.3201082089635,944.3921570748312,945.6697998046875,2610800,0.0,0.0
2024-12-20 00:00:00-05:00,940.3115367817132,952.7415161643889,934.0321360046672,944.94677734375,5373800,0.0,0.0
2024-12-23 00:00:00-05:00,944.7586067261412,945.1349778438891,928.0400154851229,940.8265380859375,1856800,0.0,0.0
2024-12-24 00:00:00-05:00,941.6486751398883,950.2060708847382,936.4092817703726,949.6514282226562,939000,0.0,0.0
2024-12-26 00:00:00-05:00,947.6704385039967,950.2356378370561,944.8773974335028,946.9969482421875,969000,0.0,0.0
2024-12-27 00:00:00-05:00,939.6479395258438,941.3614376966842,923.0878517177626,930.7142333984375,1943400,0.0,0.0
2024-12-30 00:00:00-05:00,922.0974042206192,925.2370744814987,906.7456214435842,913.3914794921875,1881200,0.0,0.0
2024-12-31 00:00:00-05:00,914.8176122265133,915.8971552382502,903.8138057645675,907.5081787109375,1742900,0.0,0.0
2025-01-02 00:00:00-05:00,906.2502972730975,916.9173283133515,893.3746099894361,901.1099243164062,1765100,0.0,0.0
2025-01-03 00:00:00-05:00,905.5867621434388,915.3722897588013,902.2885882478993,907.8152465820312,1612200,0.0,0.0
2025-01-06 00:00:00-05:00,909.2018469748283,918.5416658599868,904.536924781898,913.8866577148438,1970400,0.0,0.0
2025-01-07 00:00:00-05:00,915.0058604459406,922.4043999896144,907.6666842861924,912.5594482421875,1888000,0.0,0.0
2025-01-08 00:00:00-05:00,914.1541005447084,921.6022108354399,906.6663945114891,918.5021362304688,1774800,0.0,0.0
2025-01-10 00:00:00-05:00,924.4347465471512,935.2503677600816,914.6690471359032,927.9805297851562,2765800,0.0,0.0
2025-01-13 00:00:00-05:00,925.0687236576738,926.0492472150045,912.1930347844941,915.857666015625,1693800,0.0,0.0
2025-01-14 00:00:00-05:00,915.4615078856134,918.8884439174623,901.2190096412331,908.4591064453125,1683800,0.0,0.0
2025-01-15 00:00:00-05:00,918.3931834858272,923.9495239427316,909.5188407805372,914.6691284179688,1839400,0.0,0.0
2025-01-16 00:00:00-05:00,915.8873158144737,918.5318276545022,909.0434187965715,910.9549560546875,1353000,0.0,0.0
2025-01-17 00:00:00-05:00,921.1069631096422,934.7749898267729,915.7288942243771,934.1708374023438,2375000,0.0,0.0
2025-01-21 00:00:00-05:00,936.2110926228947,947.4030248294862,934.4778269131988,938.6673583984375,2042400,0.0,0.0
2025-01-22 00:00:00-05:00,942.1339691720932,942.8372016532314,930.2586316388084,935.6664428710938,2155000,0.0,0.0
2025-01-23 00:00:00-05:00,932.6851581242446,934.3689140842923,927.5348706676623,933.150634765625,1352400,0.0,0.0
2025-01-24 00:00:00-05:00,933.150662876855,936.9935656020449,924.6329236950916,930.6943969726562,1562400,0.0,0.0
2025-01-27 00:00:00-05:00,921.1069131064248,957.7431880748355,918.3138719866951,956.0198364257812,3044700,0.0,0.0
2025-01-28 00:00:00-05:00,952.6325630844716,956.4754656042717,944.9467580448713,949.5027465820312,2166400,0.0,0.0
2025-01-29 00:00:00-05:00,948.6411433267965,959.001142627098,945.8679300723846,954.8016967773438,1713700,0.0,0.0
2025-01-30 00:00:00-05:00,961.0216427435194,977.3143542278415,960.8235431225895,969.6483764648438,1788200,0.0,0.0
2025-01-31 00:00:00-05:00,966.9047415497633,981.5236094208462,966.4491789669504,970.5099487304688,1873800,0.0,0.0
2025-02-03 00:00:00-05:00,963.0916177675358,999.9556756637834,959.6745960090507,996.2118530273438,2751000,0.0,0.0
2025-02-04 00:00:00-05:00,995.7860576862123,1014.5548031731491,990.0910410832113,1012.088623046875,2001600,0.0,0.0
2025-02-05 00:00:00-05:00,1010.2462557382867,1033.1154238903414,1010.2462557382867,1032.907470703125,2047600,0.0,0.0
2025-02-06 00:00:00-05:00,1039.959539868358,1052.8352294095853,1034.2149530964427,1040.9400634765625,2218000,0.0,0.0
2025-02-07 00:00:00-05:00,1038.1337534142638,1047.761488078593,1026.7410631671721,1034.9708251953125,1632900,1.16,0.0
2025-02-10 00:00:00-05:00,1043.0918140175088,1053.998667586133,1037.1426211618957,1052.9278564453125,2036900,0.0,0.0
2025-02-11 00:00:00-05:00,1050.9345804368675,1056.9729756476443,1040.1566338287164,1049.3778076171875,1748500,0.0,0.0
2025-02-12 00:00:00-05:00,1045.223508668837,1057.9646709865137,1042.1001585818426,1056.1005859375,1662300,0.0,0.0
2025-02-13 00:00:00-05:00,1057.9745232964456,1069.0994828070375,1055.6345224019326,1067.7410888671875,1623300,0.0,0.0
2025-02-14 00:00:00-05:00,1067.3642350155371,1068.3656919124644,1058.9659889132656,1062.7734375,1410700,0.0,0.0
2025-02-18 00:00:00-05:00,1060.1558478619452,1061.9307288014631,1036.3888558375575,1047.0875244140625,2090600,0.0,0.0
2025-02-19 00:00:00-05:00,1047.1173722888648,1054.17707549149,1044.0832261835722,1053.54248046875,1349600,0.0,0.0
2025-02-20 00:00:00-05:00,1044.7176673411357,1044.7176673411357,1025.0952126521274,1026.06689453125,2000500,0.0,0.0
2025-02-21 00:00:00-05:00,1025.8487718311605,1027.4351986132644,1016.0029281585412,1026.2652587890625,1816300,0.0,0.0
2025-02-24 00:00:00-05:00,1019.8304130747941,1029.398600524578,1016.5384588894576,1026.83056640625,1759700,0.0,0.0
2025-02-25 00:00:00-05:00,1031.9170771355496,1048.0691721181768,1028.67474813553,1046.720703125,2083800,0.0,0.0
2025-02-26 00:00:00-05:00,1041.2473182332856,1049.923222310316,1021.4563803504255,1023.2311401367188,1555700,0.0,0.0
2025-02-27 00:00:00-05:00,1025.243949278174,1033.701745142571,1010.2024278185114,1013.0580444335938,1629100,0.0,0.0
2025-02-28 00:00:00-05:00,1021.8825308897914,1040.4936013588026,1015.3185954913564,1039.7301025390625,3307100,0.0,0.0
2025-03-03 00:00:00-05:00,1042.833712760297,1056.9729668211519,1032.323499211235,1037.985107421875,2422500,0.0,0.0
2025-03-04 00:00:00-05:00,1036.8748032903575,1039.0562464476006,1020.0187582451206,1028.08984375,2536800,0.0,0.0
2025-03-05 00:00:00-05:00,1024.331746716839,1042.0801921947223,1019.7905741213501,1038.8775634765625,1898600,0.0,0.0
2025-03-06 00:00:00-05:00,1024.2028058567423,1037.033291308263,1010.4205490515307,1017.9264526367188,2594600,0.0,0.0
2025-03-07 00:00:00-05:00,986.7229737862729,993.9313693955602,934.7964541143978,956.1441040039062,5510700,0.0,0.0
2025-03-10 00:00:00-04:00,947.3789742611464,951.533495425396,916.2052688035435,926.497314453125,4459900,0.0,0.0
2025-03-11 00:00:00-04:00,923.116225634543,930.0569491355545,913.3992248367879,922.6105346679688,3204900,0.0,0.0
2025-03-12 00:00:00-04:00,930.0569427949806,936.3829212985261,915.4318469461256,919.2294311523438,2331600,0.0,0.0
2025-03-13 00:00:00-04:00,914.1924636637898,915.6797615981669,879.9548361656412,883.0781860351562,3447200,0.0,0.0
2025-03-14 00:00:00-04:00,884.2580660804148,899.2698736516536,874.0948640506812,896.2655029296875,3186400,0.0,0.0
2025-03-17 00:00:00-04:00,893.9949542945714,915.5706991461391,890.3956884851767,908.8480834960938,2256100,0.0,0.0
2025-03-18 00:00:00-04:00,905.2686041010487,909.7899870414346,889.2454755897013,890.4451904296875,2182000,0.0,0.0
2025-03-19 00:00:00-04:00,895.2145447434405,902.4527160598606,888.4126499169083,896.3944702148438,1908500,0.0,0.0
2025-03-20 00:00:00-04:00,893.8660698254711,899.7954116327197,886.5287090494194,887.8177490234375,1891800,0.0,0.0
2025-03-21 00:00:00-04:00,881.2240334936844,902.066054754381,876.4746171700816,901.5603637695312,3447600,0.0,0.0
2025-03-24 00:00:00-04:00,912.2093502481737,920.7861254116333,912.2093502481737,918.1981811523438,2208100,0.0,0.0
2025-03-25 00:00:00-04:00,918.7831807625422,924.3952245139429,914.6782242998212,922.3824462890625,1623000,0.0,0.0
2025-03-26 00:00:00-04:00,926.4181870051243,931.4650514116207,915.630313112839,921.876953125,1644700,0.0,0.0
2025-03-27 00:00:00-04:00,921.6884172982883,934.915479856301,920.1416299101198,930.8005981445312,1547000,0.0,0.0
2025-03-28 00:00:00-04:00,929.5612350391939,930.8006500192462,918.1586172227131,921.78759765625,2100500,0.0,0.0
2025-03-31 00:00:00-04:00,914.5493367623544,986.5742275579097,914.2320392963203,937.7710571289062,3102000,0.0,0.0
2025-04-01 00:00:00-04:00,934.4395213466953,949.609948045123,930.8006160432158,946.318115234375,2041500,0.0,0.0
2025-04-02 00:00:00-04:00,942.7882487808918,962.6684519123535,941.9553353300188,956.9076538085938,1719900,0.0,0.0
2025-04-03 00:00:00-04:00,923.1955376635209,973.0398050844659,920.1416024688225,958.8906860351562,3096900,0.0,0.0
2025-04-04 00:00:00-04:00,946.9130071189925,956.3524105977019,906.3990263859181,908.7191772460938,5167000,0.0,0.0
2025-04-07 00:00:00-04:00,880.2324551566719,929.8784652684259,864.3283050697466,900.4398803710938,4626600,0.0,0.0
2025-04-08 00:00:00-04:00,924.1573079475716,935.0046695028572,891.9523707603859,901.0546264648438,3545400,0.0,0.0
2025-04-09 00:00:00-04:00,900.3110090868832,959.2675205213881,890.0684671154713,957.0167236328125,5084500,0.0,0.0
2025-04-10 00:00:00-04:00,958.3155612400711,984.9976574811024,934.9055080967163,956.1441040039062,4209100,0.0,0.0
2025-04-11 00:00:00-04:00,955.7971610070758,961.9942356991046,935.1732480173581,955.2517700195312,2721800,0.0,0.0
2025-04-14 00:00:00-04:00,961.785953899299,978.7709003802428,956.828294343117,971.0270385742188,2219900,0.0,0.0
2025-04-15 00:00:00-04:00,977.0059456260957,985.5827208752396,965.9999656063402,968.6473388671875,1788200,0.0,0.0
2025-04-16 00:00:00-04:00,963.8979685345813,970.3627762757386,951.1171070535003,959.5550537109375,2531700,0.0,0.0
2025-04-17 00:00:00-04:00,965.0382129862237,991.4525772546136,963.7590980818968,986.0784912109375,2711100,0.0,0.0
2025-04-21 00:00:00-04:00,984.5911960563095,988.5473987321568,934.9848250753001,949.6595458984375,2841300,0.0,0.0
2025-04-22 00:00:00-04:00,961.5381017220212,979.088229216742,958.5932809001055,970.9378051757812,2230600,0.0,0.0
2025-04-23 00:00:00-04:00,986.0983471399743,987.3179120390504,960.7944331065427,967.5765380859375,2109700,0.0,0.0
2025-04-24 00:00:00-04:00,965.3555195128899,969.7182844683332,952.5747181787923,967.2196044921875,2468500,0.0,0.0
2025-04-25 00:00:00-04:00,965.7223256611969,970.0355258714676,954.7262704380942,968.8853149414062,1780900,0.0,0.0
2025-04-28 00:00:00-04:00,970.2140226175758,976.9564278402295,960.5763610175718,970.253662109375,1616200,0.0,0.0
2025-04-29 00:00:00-04:00,969.718186094509,984.7994078918318,962.8369523736787,983.3021850585938,1523100,0.0,0.0
2025-04-30 00:00:00-04:00,981.6165975855486,989.3108949424814,968.2804812015586,986.0784912109375,2212400,0.0,0.0
2025-05-01 00:00:00-04:00,981.7157798870735,997.8579494172845,976.6589910443198,990.580078125,1829900,0.0,0.0
2025-05-02 00:00:00-04:00,1000.5976108926707,1010.6946118056873,997.4006867986391,1001.064208984375,1547400,1.3,0.0
2025-05-05 00:00:00-04:00,1000.2799498920505,1010.4762700501984,995.3058927921276,1007.6069946289062,1952600,0.0,0.0
2025-05-06 00:00:00-04:00,1001.2131364900529,1008.9372738600957,996.3085846741385,1003.2484130859375,1381200,0.0,0.0
2025-05-07 00:00:00-04:00,1003.9236561975324,1006.8226849959971,994.2833143878097,999.922607421875,1316000,0.0,0.0
2025-05-08 00:00:00-04:00,1006.2268823543769,1009.7017655198829,984.285501462472,1000.4784545898438,1882600,0.0,0.0
2025-05-09 00:00:00-04:00,997.400766710778,1003.4570286348654,990.8878445917802,1000.8558349609375,1176700,0.0,0.0
2025-05-12 00:00:00-04:00,1002.5435048499058,1009.612405328839,985.1194595980331,1008.85791015625,2069000,0.0,0.0
2025-05-13 00:00:00-04:00,1006.4453640253838,1016.4828592016277,980.5128099139903,991.86083984375,2917000,0.0,0.0
2025-05-14 00:00:00-04:00,991.5928418951529,992.6849239835527,983.4119823755476,984.4246215820312,2215000,0.0,0.0
2025-05-15 00:00:00-04:00,985.5265612832593,1006.7233250017819,975.9457874524178,1003.2186279296875,2470700,0.0,0.0
2025-05-16 00:00:00-04:00,1005.2242086203214,1020.881060101449,1001.7592630847807,1018.4684448242188,2033700,0.0,0.0
2025-05-19 00:00:00-04:00,1011.2903211313601,1027.5627181217797,1005.6213358883454,1026.9173583984375,1879800,0.0,0.0
2025-05-20 00:00:00-04:00,1022.6184495602953,1030.5511020083406,1022.6184495602953,1029.3795166015625,2271200,0.0,0.0
2025-05-21 00:00:00-04:00,1023.5416801588563,1032.0104960109402,1016.452964488741,1017.9422607421875,1438900,0.0,0.0
2025-05-22 00:00:00-04:00,1020.3448770601148,1021.3973284927519,1006.8424972165469,1010.82373046875,1660900,0.0,0.0
2025-05-23 00:00:00-04:00,1004.7377619821361,1007.8254296915494,999.7736426047541,1001.2628784179688,1413900,0.0,0.0
2025-05-27 00:00:00-04:00,1007.7161883463441,1011.6378545977639,1003.675388082991,1010.4861450195312,1868200,0.0,0.0
2025-05-28 00:00:00-04:00,1009.751543724596,1017.2672279813982,1005.6909278744318,1005.86962890625,1674700,0.0,0.0
2025-05-29 00:00:00-04:00,1008.7189472539792,1010.2379362004059,996.3979696132096,1001.5010986328125,2016700,0.0,0.0
2025-05-30 00:00:00-04:00,995.107225279725,1044.937051354278,994.8093902763181,1032.7154541015625,5403800,0.0,0.0
2025-06-02 00:00:00-04:00,1026.84795007719,1052.8897004579153,1026.84795007719,1049.265869140625,2148000,0.0,0.0
2025-06-03 00:00:00-04:00,1046.585284409183,1059.4224289048316,1035.773418152869,1048.014892578125,1992900,0.0,0.0
2025-06-04 00:00:00-04:00,1047.4291272742298,1050.238775047297,1041.839524334937,1044.142822265625,1422100,0.0,0.0
2025-06-05 00:00:00-04:00,1042.4649801574303,1043.507493615312,998.7906713033318,1003.5562133789062,3289400,0.0,0.0
2025-06-06 00:00:00-04:00,1013.3057862037917,1013.3057862037917,1001.3720244262348,1007.6566162109375,1855400,0.0,0.0
2025-06-09 00:00:00-04:00,1005.1546836515853,1006.0780025405865,989.8155433792525,998.95947265625,1696700,0.0,0.0
2025-06-10 00:00:00-04:00,999.7041002439418,1004.2512503906336,990.5601708780738,1000.0416870117188,2255000,0.0,0.0
2025-06-11 00:00:00-04:00,995.2463092649327,998.2247807151175,986.2513279092612,989.626953125,2459800,0.0,0.0
2025-06-12 00:00:00-04:00,991.8310060729586,996.0505073500459,988.2171127887945,995.514404296875,1720100,0.0,0.0
2025-06-13 00:00:00-04:00,991.910407093292,996.3880520727666,981.5750775256901,983.1040649414062,1786000,0.0,0.0
2025-06-16 00:00:00-04:00,985.2088576985293,994.6604990615303,974.3969919811426,977.2960205078125,2109300,0.0,0.0
2025-06-17 00:00:00-04:00,975.9457517976817,979.0234812013158,969.1945623787358,970.70361328125,1668200,0.0,0.0
2025-06-18 00:00:00-04:00,972.9673690749289,975.5983765056786,967.0799309398386,967.9039916992188,1509600,0.0,0.0
2025-06-20 00:00:00-04:00,976.928709308312,981.5651796201942,966.9111508131743,973.2552490234375,3255700,0.0,0.0
2025-06-23 00:00:00-04:00,976.094718947625,997.6588222610055,974.2182674689476,997.2716064453125,2082900,0.0,0.0
2025-06-24 00:00:00-04:00,998.6219545737422,998.6219545737422,984.9507509512288,994.7300415039062,2385100,0.0,0.0
2025-06-25 00:00:00-04:00,995.802290052675,997.7680618224066,978.9242851365279,979.4603881835938,1827700,0.0,0.0
2025-06-26 00:00:00-04:00,980.641802116329,980.641802116329,969.4924105798082,975.8563842773438,2262800,0.0,0.0
2025-06-27 00:00:00-04:00,975.1912822208187,986.0130863524663,973.2652015407855,978.0704956054688,2129200,0.0,0.0
2025-06-30 00:00:00-04:00,978.0902716674318,984.6230692621605,972.7191215528384,982.8359985351562,2127600,0.0,0.0
2025-07-01 00:00:00-04:00,982.89556888465,989.6865103869654,967.50679987686,978.8845825195312,2200600,0.0,0.0
2025-07-02 00:00:00-04:00,976.8095373879275,978.6264218907722,969.8597708581524,975.3103637695312,1606100,0.0,0.0
2025-07-03 00:00:00-04:00,975.360047735556,980.5823108602552,970.3165462286087,979.93701171875,1101400,0.0,0.0
2025-07-07 00:00:00-04:00,977.9314687235884,985.764863254956,969.194631173205,985.0599365234375,1832600,0.0,0.0
2025-07-08 00:00:00-04:00,982.3992116024248,988.7234947565797,976.869175418562,978.7655029296875,1716200,0.0,0.0
2025-07-09 00:00:00-04:00,981.2971976841445,981.2971976841445,965.3028197099356,975.0424194335938,2922600,0.0,0.0
2025-07-10 00:00:00-04:00,979.9170658054459,980.9098895803247,962.1157427935262,963.2078247070312,2897000,0.0,0.0
2025-07-11 00:00:00-04:00,966.3054799973082,971.9546499923315,958.7699810907797,963.3667602539062,1942000,0.0,0.0
2025-07-14 00:00:00-04:00,964.1311893042955,974.4466433581821,962.6618294388275,973.8707885742188,1679300,0.0,0.0
2025-07-15 00:00:00-04:00,972.2226962946536,973.2155200845893,959.7230181166133,960.7357177734375,1878000,0.0,0.0
2025-07-16 00:00:00-04:00,961.0434504589948,962.6320048146285,943.3116328569793,944.542724609375,2950300,0.0,0.0
2025-07-17 00:00:00-04:00,943.5401234437037,947.898634983701,940.7105995184385,947.0646362304688,2280600,0.0,0.0
2025-07-18 00:00:00-04:00,953.0612075503468,953.3689805007859,942.8351346518723,944.1257934570312,2115500,0.0,0.0
2025-07-21 00:00:00-04:00,944.6817980251126,948.9012992393937,939.8069991584412,940.7601318359375,1742400,0.0,0.0
2025-07-22 00:00:00-04:00,941.991250093142,950.827406534463,934.4954421981291,934.8528442382812,1799900,0.0,0.0
2025-07-23 00:00:00-04:00,935.6173148185471,941.693391739298,929.2830940094707,934.4358520507812,2401600,0.0,0.0
2025-07-24 00:00:00-04:00,934.5748694523932,936.1336101314669,926.7911039908339,927.098876953125,2057100,0.0,0.0
2025-07-25 00:00:00-04:00,929.5809685404588,934.5351499092012,927.6449498928982,928.766845703125,1827700,0.0,0.0
2025-07-28 00:00:00-04:00,928.7867103279649,933.4926856745943,924.209806929421,927.2875366210938,2006300,0.0,0.0
2025-07-29 00:00:00-04:00,927.2875485135578,935.0315625122117,920.724997333729,927.8634033203125,2065900,0.0,0.0
2025-07-30 00:00:00-04:00,928.2903059318819,931.0205715375639,918.5010772490094,920.8540649414062,1699600,0.0,0.0
2025-07-31 00:00:00-04:00,918.7194797724563,939.1617498733949,918.3620777233635,932.8970336914062,2564400,0.0,0.0
2025-08-01 00:00:00-04:00,934.0502564768314,951.1703395548275,934.0502564768314,946.9947509765625,2934500,1.3,0.0
2025-08-04 00:00:00-04:00,947.0742345398234,954.610282269351,943.1570868472836,949.8281860351562,2389900,0.0,0.0
2025-08-05 00:00:00-04:00,945.8115964172642,945.9805933002916,930.2523537684162,938.15625,2462300,0.0,0.0
2025-08-06 00:00:00-04:00,938.1562102046178,964.9200360845522,937.191805411791,962.9415893554688,2753000,0.0,0.0
2025-08-07 00:00:00-04:00,969.026199793449,976.303746201655,965.3278073970932,971.7801513671875,1893300,0.0,0.0
2025-08-08 00:00:00-04:00,971.4819329771695,982.4678238150933,971.3327788000978,975.2896728515625,2189700,0.0,0.0
2025-08-11 00:00:00-04:00,977.4569287130545,983.8397317241628,970.6566396798861,983.0045776367188,2290100,0.0,0.0
2025-08-12 00:00:00-04:00,982.766073812362,985.9972217535762,974.3650770289826,985.5001220703125,1588500,0.0,0.0
2025-08-13 00:00:00-04:00,978.2524018016996,980.6782506120226,964.4727528686992,973.1719970703125,2352600,0.0,0.0
2025-08-14 00:00:00-04:00,974.9118564668677,982.557251880942,969.5233129909188,969.7321166992188,1808700,0.0,0.0
2025-08-15 00:00:00-04:00,973.4602793873819,974.3152761887349,961.6093805008932,966.4014282226562,1638300,0.0,0.0
2025-08-18 00:00:00-04:00,967.6541737095545,975.5879254453789,964.3733281315147,973.6690673828125,2078500,0.0,0.0
2025-08-19 00:00:00-04:00,972.9433552757791,982.7959047370521,971.1239534890914,975.160400390625,1673400,0.0,0.0
2025-08-20 00:00:00-04:00,973.3211513200187,993.5033857331287,973.3211513200187,988.8008422851562,2229600,0.0,0.0
2025-08-21 00:00:00-04:00,983.1636557522271,983.5812024436102,961.9076710807321,964.0551147460938,2145600,0.0,0.0
2025-08-22 00:00:00-04:00,965.9043885641809,967.8530410827472,947.5813023203311,952.9797973632812,3136000,0.0,0.0
2025-08-25 00:00:00-04:00,949.4205551272103,952.7411467020038,935.1040613908515,936.1181640625,2284300,0.0,0.0
2025-08-26 00:00:00-04:00,935.879638671875,938.5738800624961,927.8365392664098,935.879638671875,4341300,0.0,0.0
2025-08-27 00:00:00-04:00,935.0344971212877,946.4777408610539,931.7834459673917,944.0121459960938,1893600,0.0,0.0
2025-08-28 00:00:00-04:00,944.7776151501293,945.4835184865225,938.6533742642473,939.4785766601562,2067900,0.0,0.0
2025-08-29 00:00:00-04:00,939.5183310250718,943.1073759060506,935.0046880841825,937.8480834960938,1609000,0.0,0.0
2025-09-02 00:00:00-04:00,933.2151006714276,939.0312030625806,931.1472097902763,933.3742065429688,1793900,0.0,0.0
2025-09-03 00:00:00-04:00,933.5531927623044,944.5788902902517,931.0676943790181,944.2706909179688,1670500,0.0,0.0
2025-09-04 00:00:00-04:00,947.8696043743313,953.9341956238324,945.5928492195287,950.3551025390625,1471900,0.0,0.0
2025-09-05 00:00:00-04:00,953.1488846602779,963.9259716778172,950.6732772963148,957.8911743164062,1928500,0.0,0.0
2025-09-08 00:00:00-04:00,958.1396312952687,966.6997330225112,953.0294932278521,966.2125244140625,1737000,0.0,0.0
2025-09-09 00:00:00-04:00,964.3732978094284,974.1860398099698,957.5232502336872,973.5696411132812,1496800,0.0,0.0
2025-09-10 00:00:00-04:00,970.7261772647408,975.3094210407231,948.4262963569286,950.7427368164062,2277500,0.0,0.0
2025-09-11 00:00:00-04:00,952.244058598278,959.5613507383054,948.7445183945437,958.7262573242188,1532000,0.0,0.0
2025-09-12 00:00:00-04:00,954.7195591486857,963.9457571533753,954.4312632164537,962.2854614257812,1461600,0.0,0.0
2025-09-15 00:00:00-04:00,962.2059506490402,964.1147962683868,954.1430090835681,954.5307006835938,2199400,0.0,0.0
2025-09-16 00:00:00-04:00,953.5364915303011,954.0137484410251,945.2846497606079,946.5473022460938,2012600,0.0,0.0
2025-09-17 00:00:00-04:00,947.9590864075583,958.3882274167449,947.9590864075583,957.4437866210938,1556800,0.0,0.0
2025-09-18 00:00:00-04:00,951.816580534296,956.9565739329436,945.1554330772422,946.8356323242188,1860900,0.0,0.0
2025-09-19 00:00:00-04:00,949.4603301311843,951.8861788469313,938.3153341490523,945.642578125,4606000,0.0,0.0
2025-09-22 00:00:00-04:00,941.8844871550311,944.4892843267912,934.1595395905306,937.7883911132812,2794300,0.0,0.0
2025-09-23 00:00:00-04:00,937.2913104059656,939.5083553528063,928.0850154871215,938.1264038085938,3258500,0.0,0.0
2025-09-24 00:00:00-04:00,938.8025565881361,948.128090319258,937.6392997013016,939.7868041992188,2149800,0.0,0.0
2025-09-25 00:00:00-04:00,946.925130887585,947.4719283637453,930.1927397579848,937.838134765625,2991500,0.0,0.0
2025-09-26 00:00:00-04:00,920.1811912915284,922.2491429190825,899.8001047264926,910.6369018554688,4812900,0.0,0.0
2025-09-29 00:00:00-04:00,911.02461959339,911.8994591568494,898.0502700933295,911.551513671875,4107000,0.0,0.0
2025-09-30 00:00:00-04:00,910.9350870843747,925.1123784761057,908.0717883135935,920.2606811523438,3096700,0.0,0.0
2025-10-01 00:00:00-04:00,917.6459400817009,918.6401393667298,905.8845455490982,912.018798828125,2642100,0.0,0.0
2025-10-02 00:00:00-04:00,907.2664866156281,913.1819844292902,904.7312906043752,911.4520874023438,2063800,0.0,0.0
2025-10-03 00:00:00-04:00,910.2789330856883,912.7743222723942,905.9143837424253,910.0701293945312,2319200,0.0,0.0
2025-10-06 00:00:00-04:00,910.1893686840617,910.467773587323,899.0046276707404,905.6558227539062,2504000,0.0,0.0
2025-10-07 00:00:00-04:00,903.4586724594526,912.317021831173,898.6368303297678,909.4934692382812,2601800,0.0,0.0
2025-10-08 00:00:00-04:00,907.2465692058385,911.0643210569008,905.6757780683259,909.4934692382812,2376900,0.0,0.0
2025-10-09 00:00:00-04:00,926.901947668915,938.2954935008806,921.9011567402443,937.4205932617188,3742900,0.0,0.0
2025-10-10 00:00:00-04:00,938.9416805414743,939.965734941546,923.6111444139257,924.6152954101562,3142500,0.0,0.0
2025-10-13 00:00:00-04:00,923.6111725337882,930.5506644013933,917.6459765863149,930.1331176757812,2169600,0.0,0.0
2025-10-14 00:00:00-04:00,934.8057860073386,941.924225857645,930.5207897152436,941.01953125,1925900,0.0,0.0
2025-10-15 00:00:00-04:00,940.5125364329377,958.4081238069259,939.7768386609846,949.4503784179688,2009800,0.0,0.0
2025-10-16 00:00:00-04:00,949.9970948717305,952.3434511338452,915.8165210481483,920.2506713867188,2721400,0.0,0.0
2025-10-17 00:00:00-04:00,924.1878361199357,933.3742282792791,922.7661383506195,930.898681640625,2502200,0.0,0.0
2025-10-20 00:00:00-04:00,930.7594845787105,934.3485296404979,926.096687236662,930.679931640625,1523700,0.0,0.0
2025-10-21 00:00:00-04:00,930.6798770452579,937.8977735550166,929.5763304036458,932.0618286132812,1448200,0.0,0.0
2025-10-22 00:00:00-04:00,934.5473498312437,947.4719408395481,927.0908550187603,939.2001953125,2372400,0.0,0.0
2025-10-23 00:00:00-04:00,939.9855938732109,939.9855938732109,929.0693048514044,936.58544921875,1974800,0.0,0.0
2025-10-24 00:00:00-04:00,934.5473017542614,937.5298995258175,924.7544633434281,926.73291015625,1639400,0.0,0.0
2025-10-27 00:00:00-04:00,924.8141346164572,927.7867807563591,919.7536335787106,924.4561767578125,1967600,0.0,0.0
2025-10-28 00:00:00-04:00,921.4934962722537,925.321139287928,914.8622039612118,918.7991943359375,2090800,0.0,0.0
2025-10-29 00:00:00-04:00,913.6691063248068,914.5440065150578,904.0253615102932,907.1272583007812,2449600,0.0,0.0
2025-10-30 00:00:00-04:00,907.395742266431,917.6459344044191,905.0891926577009,914.84228515625,2677100,0.0,0.0
2025-10-31 00:00:00-04:00,912.1840397645716,915.957363985756,905.682704523794,907.4449462890625,2456300,1.3,0.0
2025-11-03 00:00:00-05:00,908.3908067378604,925.1070071732609,904.3884517538837,923.9620361328125,3206600,0.0,0.0
2025-11-04 00:00:00-05:00,929.1093210118256,937.0343043786866,924.8879013277955,936.606201171875,2554500,0.0,0.0
2025-11-05 00:00:00-05:00,935.8694573698466,941.126285192148,923.3646508807745,930.9213256835938,2974800,0.0,0.0
2025-11-06 00:00:00-05:00,920.2982084442473,920.9354107719865,904.308780932225,919.5216674804688,3247700,0.0,0.0
2025-11-07 00:00:00-05:00,925.4455051291218,932.8826514210846,916.7438592359772,918.685302734375,2584000,0.0,0.0
2025-11-10 00:00:00-05:00,914.9617516975228,917.9485691676997,905.0753931632721,911.536865234375,2612700,0.0,0.0
2025-11-11 00:00:00-05:00,912.4727132052894,914.8522256448532,908.9880929148164,909.8442993164062,1663400,0.0,0.0
2025-11-12 00:00:00-05:00,911.4472761083418,914.065724406269,907.6639859579439,909.9837646484375,1829700,0.0,0.0
2025-11-13 00:00:00-05:00,912.3233348422993,922.6776592911126,907.7136752061733,921.0150146484375,2430600,0.0,0.0
2025-11-14 00:00:00-05:00,923.0560438986494,924.8083198933047,911.0788765194511,918.9242553710938,1739100,0.0,0.0
2025-11-17 00:00:00-05:00,917.9684501245206,920.8357995991779,904.8164760464359,908.5798950195312,2481900,0.0,0.0
2025-11-18 00:00:00-05:00,908.5799177513722,914.8720928908436,890.2408152844337,891.1468505859375,2984700,0.0,0.0
2025-11-19 00:00:00-05:00,891.0672747109808,891.0672747109808,870.1296536018651,886.6865844726562,3462300,0.0,0.0
2025-11-20 00:00:00-05:00,889.5738452026396,900.5952094800058,887.0848305266389,889.36474609375,2648300,0.0,0.0
2025-11-21 00:00:00-05:00,890.5893100414995,901.3418404119623,888.2097976211331,895.0595703125,2870100,0.0,0.0
2025-11-24 00:00:00-05:00,895.0496656263625,897.3992808652937,877.4473613630315,882.2262573242188,3661200,0.0,0.0
2025-11-25 00:00:00-05:00,882.7638062945748,891.7839923547164,881.2405610290477,890.400146484375,2534700,0.0,0.0
2025-11-26 00:00:00-05:00,892.0827760133623,907.9925381017802,891.684509365306,904.2689819335938,1936200,0.0,0.0
2025-11-28 00:00:00-05:00,901.0432122255621,910.1828664987099,899.0320689934615,909.5755615234375,1092600,0.0,0.0
2025-12-01 00:00:00-05:00,909.1872392374836,914.5436033648414,902.227964337641,907.9526977539062,2149400,0.0,0.0
2025-12-02 00:00:00-05:00,907.952696786441,918.9441630578544,901.0232584695106,917.9784545898438,2160600,0.0,0.0
2025-12-03 00:00:00-05:00,916.7637569248558,922.2495545017936,911.9948271091738,918.2073974609375,1886800,0.0,0.0
2025-12-04 00:00:00-05:00,903.0443614604421,903.9702675660149,884.1776193235453,891.9234008789062,3787800,0.0,0.0
2025-12-05 00:00:00-05:00,893.3073716181336,901.9094209648463,889.076046648084,890.7486572265625,2359800,0.0,0.0
2025-12-08 00:00:00-05:00,889.5738206829622,890.0716236044411,879.0204230543907,883.6201171875,2407900,0.0,0.0
2025-12-09 00:00:00-05:00,882.9530317241134,885.113540190297,877.6365304666905,884.5360717773438,1899500,0.0,0.0
2025-12-10 00:00:00-05:00,883.9187345476414,885.6710104504017,867.2622692247734,870.567626953125,3318300,0.0,0.0
2025-12-11 00:00:00-05:00,872.011327238483,882.1067851651885,868.715874297946,880.5934448242188,3041600,0.0,0.0
2025-12-12 00:00:00-05:00,879.4186542387165,884.7152847677108,863.3097585281203,880.58349609375,4808900,0.0,0.0
2025-12-15 00:00:00-05:00,878.2338582822865,883.590222595436,847.658841640694,856.778564453125,4771400,0.0,0.0
2025-12-16 00:00:00-05:00,853.672264615328,859.795264771658,840.3510537593472,856.6093139648438,3843300,0.0,0.0
2025-12-17 00:00:00-05:00,854.7275865879874,864.7633101523063,854.4587535742693,858.859375,2363700,0.0,0.0
2025-12-18 00:00:00-05:00,856.5197082602087,859.3572214182557,848.7639604954655,853.8216552734375,2467500,0.0,0.0
2025-12-19 00:00:00-05:00,852.8061282582343,854.677872157167,845.5879856931141,851.8602905273438,10097600,0.0,0.0
2025-12-22 00:00:00-05:00,850.2473769244026,851.7407856660731,843.5867715058739,846.2649536132812,2373300,0.0,0.0
2025-12-23 00:00:00-05:00,845.3688749818153,851.2230420476435,843.0789937559065,851.0338745117188,1903300,0.0,0.0
2025-12-24 00:00:00-05:00,854.8271869313126,872.1507536042078,854.5782854605351,868.0289306640625,1822200,0.0,0.0
2025-12-26 00:00:00-05:00,866.8142761875987,873.733748873638,865.1814680389904,869.5123291015625,1324100,0.0,0.0
2025-12-29 00:00:00-05:00,869.4526146204612,870.6573195802624,861.886034434609,864.026611328125,1792500,0.0,0.0
2025-12-30 00:00:00-05:00,860.2034784362196,864.0067001815262,857.6447640381878,861.8462524414062,1680800,0.0,0.0
2025-12-31 00:00:00-05:00,860.7809286464137,864.1858836617611,857.5551753932468,858.55078125,1490000,0.0,0.0
2026-01-02 00:00:00-05:00,857.3560154906329,859.3073640185239,848.7539665708771,850.7451782226562,2373400,0.0,0.0
2026-01-05 00:00:00-05:00,860.1536747646152,874.9085605564455,857.0672602106911,871.891845703125,2805600,0.0,0.0
2026-01-06 00:00:00-05:00,872.100874955472,890.1512121903676,867.4712838788643,885.1930541992188,2742300,0.0,0.0
2026-01-07 00:00:00-05:00,888.0804335157122,889.6733785964004,875.7548280187898,878.7018432617188,2680100,0.0,0.0
2026-01-08 00:00:00-05:00,897.170280582146,927.5760605554005,892.06281784629,911.2879638671875,5207200,0.0,0.0
2026-01-09 00:00:00-05:00,911.9450965080015,925.7641111015383,907.3255313683187,920.8159790039062,2895400,0.0,0.0
2026-01-12 00:00:00-05:00,916.3557004927258,940.6783454923271,912.9706161044196,938.93603515625,3246400,0.0,0.0
2026-01-13 00:00:00-05:00,933.898162687959,938.7567238050707,925.5151181829934,937.7909545898438,2222100,0.0,0.0
2026-01-14 00:00:00-05:00,934.2068312635929,951.410868329552,934.16696813972,946.8012084960938,2894900,0.0,0.0
2026-01-15 00:00:00-05:00,950.345526735376,954.0691434256956,945.825498335225,952.5458374023438,2185900,0.0,0.0
2026-01-16 00:00:00-05:00,957.7728215976579,960.7397075663279,946.8211573174351,959.375732421875,3862900,0.0,0.0
2026-01-20 00:00:00-05:00,954.1686603738386,965.638058261535,949.9373358617161,960.0228271484375,3209900,0.0,0.0
2026-01-21 00:00:00-05:00,955.3833362199402,985.2913744336598,955.3833362199402,978.5411376953125,4073700,0.0,0.0
2026-01-22 00:00:00-05:00,973.5929667325235,979.6761035638762,967.2907650271668,971.8804931640625,2074400,0.0,0.0
2026-01-23 00:00:00-05:00,967.1713408054876,980.5223883985109,966.7432375858068,978.929443359375,1680600,0.0,0.0
2026-01-26 00:00:00-05:00,982.0954794431643,988.6366172237797,972.0597553774433,973.3739624023438,2458700,0.0,0.0
2026-01-27 00:00:00-05:00,973.383926369191,973.7025275352663,957.4841300110141,966.0164794921875,2077900,0.0,0.0
2026-01-28 00:00:00-05:00,965.2497856635111,965.8371590540582,951.4108407828544,956.5581665039062,2474800,0.0,0.0
2026-01-29 00:00:00-05:00,953.7803850678829,956.0802320218186,944.3420615842438,948.7028198242188,1825000,0.0,0.0
2026-01-30 00:00:00-05:00,945.9512631165533,948.2342933416287,927.4774540008517,937.3972778320312,2396300,1.3,0.0
2026-02-02 00:00:00-05:00,941.365202225755,967.3760723685152,928.4445615967517,965.4219970703125,2451300,0.0,0.0
2026-02-03 00:00:00-05:00,961.4241064136298,987.6443600387222,961.354372343882,974.9529418945312,2960700,0.0,0.0
2026-02-04 00:00:00-05:00,980.3266260527595,991.5823501837411,972.231267074857,975.3816528320312,2631500,0.0,0.0
2026-02-05 00:00:00-05:00,992.4796327883465,997.9131095476899,984.334437772215,986.2884521484375,2988800,0.0,0.0
2026-02-06 00:00:00-05:00,985.151960201742,998.3318212858073,980.5160440419301,998.1224365234375,2358600,0.0,0.0
2026-02-09 00:00:00-05:00,998.2819569958236,1006.5567622492889,989.6681565437949,994.5632934570312,1861700,0.0,0.0
2026-02-10 00:00:00-05:00,992.9881107321103,994.4237441993664,966.0600494625904,968.2832641601562,1781500,0.0,0.0
2026-02-11 00:00:00-05:00,970.3370415451359,986.5676776564984,964.1857782026741,975.17236328125,1769400,0.0,0.0
2026-02-12 00:00:00-05:00,975.7804358356041,1006.1480409605498,975.1723012024485,995.8294067382812,2970400,0.0,0.0
2026-02-13 00:00:00-05:00,996.9659807262948,1019.7765672333104,990.7449227425586,1015.389892578125,2661600,0.0,0.0
2026-02-17 00:00:00-05:00,1019.2382502670578,1025.3196576953085,1007.414187225658,1008.9794311523438,1732200,0.0,0.0
2026-02-18 00:00:00-05:00,1006.9356722136181,1012.9174682861743,990.4857330140887,993.0579223632812,1926800,0.0,0.0
2026-02-19 00:00:00-05:00,989.2993045047693,1004.8021132505144,981.1241713374068,984.8229370117188,1750000,0.0,0.0
2026-02-20 00:00:00-05:00,980.1471179578817,984.3742437578796,974.8432519173275,982.2806396484375,1662200,0.0,0.0
2026-02-23 00:00:00-05:00,978.8212141883375,988.3023706575459,975.0925710555415,983.0284423828125,1489300,0.0,0.0
2026-02-24 00:00:00-05:00,983.3873286967852,995.8494037062743,982.0513674817787,995.4007568359375,1671100,0.0,0.0
2026-02-25 00:00:00-05:00,994.6530059311631,999.4583892292547,988.4319479875674,991.7418823242188,1554600,0.0,0.0
2026-02-26 00:00:00-05:00,993.8953223438048,1002.4692664077395,980.5459939214853,983.7462158203125,1804400,0.0,0.0
2026-02-27 00:00:00-05:00,987.5247860470829,1011.1129754268824,986.5776561532456,1007.7232666015625,3935000,0.0,0.0
2026-03-02 00:00:00-05:00,1007.8428569683352,1017.7228239541612,999.4484204139111,999.7276000976562,1986900,0.0,0.0
2026-03-03 00:00:00-05:00,999.4982290086558,1012.6681712116741,997.5940508040426,1004.71240234375,1947100,0.0,0.0
2026-03-04 00:00:00-05:00,1001.9508357610218,1010.9235298126131,993.975107715163,1003.685546875,1806600,0.0,0.0
2026-03-05 00:00:00-05:00,993.4766578436514,996.2183144508467,975.8403261800947,979.5889282226562,2766000,0.0,0.0
2026-03-06 00:00:00-05:00,964.0760781906463,999.4583909429965,957.5459632178216,995.0717163085938,2708900,0.0,0.0
2026-03-09 00:00:00-04:00,996.5970979151931,1004.3534615233565,984.9923994150885,1002.2498779296875,2348200,0.0,0.0
2026-03-10 00:00:00-04:00,997.4644109577372,1007.0352595264886,992.9780642817653,994.3339233398438,1613400,0.0,0.0
2026-03-11 00:00:00-04:00,993.2971611246434,994.3639220345076,984.8927451422288,989.2195434570312,1260500,0.0,0.0
2026-03-12 00:00:00-04:00,985.6105480944931,1003.1571863012988,981.014549413127,1000.2759399414062,1669200,0.0,0.0
2026-03-13 00:00:00-04:00,1002.8481300094999,1009.7570971306956,998.9599382452018,1005.3704223632812,1469700,0.0,0.0
2026-03-16 00:00:00-04:00,1007.4341152491746,1009.5776164301199,992.4098307410371,998.70068359375,1243400,0.0,0.0
2026-03-17 00:00:00-04:00,1003.4363102041303,1005.0414108770923,991.7319389764835,993.1376342773438,1210400,0.0,0.0
2026-03-18 00:00:00-04:00,987.365144531171,990.964176939235,975.1722706631457,976.9468383789062,1434400,0.0,0.0
2026-03-19 00:00:00-04:00,982.8489508726994,985.7899517809818,967.4657125291749,971.822509765625,1340200,0.0,0.0
2026-03-20 00:00:00-04:00,972.1216002798619,977.784359717839,967.5953358078008,969.3799438476562,2621600,0.0,0.0
2026-03-23 00:00:00-04:00,982.6794306340596,983.6465192669677,961.6036162737646,962.7999267578125,1779100,0.0,0.0
2026-03-24 00:00:00-04:00,959.1410878252898,978.3028055936963,958.0843063209951,970.8654174804688,1259300,0.0,0.0
2026-03-25 00:00:00-04:00,975.0327706314996,977.8342427225256,965.1129465312554,971.9022827148438,1067100,0.0,0.0
2026-03-26 00:00:00-04:00,972.7297272378161,984.1948358637566,969.7687066724347,976.677734375,1498300,0.0,0.0
2026-03-27 00:00:00-04:00,979.0405556292399,984.1150784146625,975.1423845536259,980.8749389648438,1540900,0.0,0.0
2026-03-30 00:00:00-04:00,984.6534973779992,1002.4891729288586,982.0214925256171,993.556396484375,2129100,0.0,0.0
2026-03-31 00:00:00-04:00,993.9750772242385,1005.5398581959852,982.8588822613299,993.4067993164062,2447900,0.0,0.0
2026-04-01 00:00:00-04:00,992.011050703501,1000.0864504955622,987.584519486008,993.536376953125,1769800,0.0,0.0
2026-04-02 00:00:00-04:00,1004.9417100920344,1012.9174379499077,996.178401014187,1011.880615234375,1828600,0.0,0.0
2026-04-06 00:00:00-04:00,1011.880582078757,1017.5931774977861,1000.9637927610012,1015.4596557617188,1448600,0.0,0.0
2026-04-07 00:00:00-04:00,1017.1645233013951,1017.7626785510582,1001.8012434311581,1010.1359252929688,1428500,0.0,0.0
2026-04-08 00:00:00-04:00,1001.3925166034772,1027.3335301602738,996.9659851952115,1027.1441650390625,2265700,0.0,0.0
2026-04-09 00:00:00-04:00,1026.3664712413427,1032.6772219242935,1021.9499802128156,1028.8988037109375,1433300,0.0,0.0
2026-04-10 00:00:00-04:00,1023.3955783764184,1025.8780139803748,992.4796529810136,995.4406127929688,2333000,0.0,0.0
2026-04-13 00:00:00-04:00,995.440558531616,997.0157817637139,976.3885539144973,977.8740234375,2255500,0.0,0.0
2026-04-14 00:00:00-04:00,970.7258102175352,974.6438791447429,963.0691189342165,971.8424072265625,2136500,0.0,0.0
2026-04-15 00:00:00-04:00,967.3660765987653,982.3903615141269,965.3621652036542,981.7622680664062,2346200,0.0,0.0
2026-04-16 00:00:00-04:00,982.0114660474678,992.7288500677828,978.6317368547425,984.2147827148438,1484300,0.0,0.0
2026-04-17 00:00:00-04:00,982.0114852720008,997.6339250606195,974.0357574728373,996.8563232421875,2346500,0.0,0.0
2026-04-20 00:00:00-04:00,1000.8042754656635,1008.2316841924668,991.1237747362767,994.8125610351562,1475400,0.0,0.0
2026-04-21 00:00:00-04:00,991.3530684357826,1003.4462707847734,983.7063563163795,1002.7583618164062,1367100,0.0,0.0
2026-04-22 00:00:00-04:00,1001.9308699927149,1005.051378436928,995.2611650268059,1000.65478515625,1215200,0.0,0.0
2026-04-23 00:00:00-04:00,1004.5229509602364,1013.5155422903074,1003.9746318675445,1011.3023071289062,1570700,0.0,0.0
2026-04-24 00:00:00-04:00,1008.9295500450844,1010.3751628549658,999.4583734389299,1008.0821533203125,1695200,0.0,0.0
2026-04-27 00:00:00-04:00,1005.5698298040464,1011.3322616899435,993.6062377046318,994.9820556640625,1620400,0.0,0.0
2026-04-28 00:00:00-04:00,1007.414171901837,1009.5776319073915,983.0084639919596,990.9841918945312,1776000,0.0,0.0
2026-04-29 00:00:00-04:00,985.3712166492191,995.9390312238905,982.131077359347,995.6399536132812,1516900,0.0,0.0
2026-04-30 00:00:00-04:00,993.4268026550495,1014.6023511807849,993.2971922044702,1011.4519653320312,2049300,0.0,0.0
2026-05-01 00:00:00-04:00,1013.7682062878171,1029.6329973715185,1004.7225904299318,1010.0940551757812,1509700,1.47,0.0
2026-05-04 00:00:00-04:00,1005.4215125381143,1023.0933674505529,1000.6191501948939,1011.1823120117188,1479400,0.0,0.0
2026-05-05 00:00:00-04:00,1008.905926897308,1019.1596438068837,1007.4682103147495,1014.8065185546875,1456300,0.0,0.0
2026-05-06 00:00:00-04:00,1009.7046705850466,1010.6231931384533,990.8446414505653,994.1693725585938,2619100,0.0,0.0
2026-05-07 00:00:00-04:00,991.9229551012324,1011.052514417975,989.087436398622,1010.4534912109375,2014000,0.0,0.0
2026-05-08 00:00:00-04:00,1010.1339891275397,1014.3872367008379,1003.5145084854244,1007.1886596679688,1805200,0.0,0.0
2026-05-11 00:00:00-04:00,1004.2233794930132,1005.4014990611479,983.5862078907894,997.8834228515625,2053500,0.0,0.0
2026-05-12 00:00:00-04:00,1000.94854701992,1024.371328576014,999.5508059415497,1020.2578735351562,2143200,0.0,0.0
2026-05-13 00:00:00-04:00,1016.32414275388,1040.8651419658145,1016.32414275388,1031.4400634765625,1654600,0.0,0.0
2026-05-14 00:00:00-04:00,1033.3071195463888,1040.1363497982506,1024.4711920018672,1039.59716796875,1606600,0.0,0.0
2026-05-15 00:00:00-04:00,1047.6942954258584,1055.8213891123912,1037.5703764171271,1047.284912109375,1967000,0.0,0.0
2026-05-18 00:00:00-04:00,1048.333277011971,1078.115882330003,1043.3412137881044,1074.76123046875,2295200,0.0,0.0
2026-05-19 00:00:00-04:00,1075.29043213977,1094.7594789612422,1070.3981857426552,1092.5828857421875,2853300,0.0,0.0
2026-05-20 00:00:00-04:00,1087.6407794000645,1088.0101872040575,1070.298356612478,1072.30517578125,2223400,0.0,0.0
2026-05-21 00:00:00-04:00,1061.7219809218534,1063.039831932931,1037.3606890186563,1048.782470703125,2149700,0.0,0.0
2026-05-22 00:00:00-04:00,1038.339136433185,1043.980192141425,1023.5625808281633,1026.6077880859375,2048300,0.0,0.0
2026-05-26 00:00:00-04:00,1024.501136400399,1025.868956801072,994.5786787900382,1001.3379516601562,2704600,0.0,0.0
2026-05-27 00:00:00-04:00,1002.2664538012281,1011.9011597260693,998.1030903394299,1002.0967407226562,2390100,0.0,0.0
2026-05-28 00:00:00-04:00,1010.0041633354696,1010.393558877613,992.6917228453493,993.6202392578125,2844300,0.0,0.0
2026-05-29 00:00:00-04:00,985.0039219405999,997.2344762390208,943.9492008767987,954.8019409179688,7028000,0.0,0.0
2026-06-01 00:00:00-04:00,953.484057160972,957.6873962512601,935.0234174693086,944.608154296875,2816300,0.0,0.0
2026-06-02 00:00:00-04:00,940.7942241638574,953.8734663046481,937.9587663930275,952.7552490234375,2218200,0.0,0.0
2026-06-03 00:00:00-04:00,951.3674175633403,967.6415310020179,950.4688218344311,960.30322265625,2174100,0.0,0.0
2026-06-04 00:00:00-04:00,985.3933117726406,988.438457984513,966.6730757099798,970.8064575195312,2345200,0.0,0.0
2026-06-05 00:00:00-04:00,975.9483384472815,995.826706947471,970.0576795995038,970.3272705078125,3092000,0.0,0.0
2026-06-08 00:00:00-04:00,961.9306412534771,977.425963620676,959.4745242795628,973.2026977539062,2086100,0.0,0.0
2026-06-09 00:00:00-04:00,972.6635641898084,980.4111948031996,963.4082598570556,967.052490234375,1998600,0.0,0.0
2026-06-10 00:00:00-04:00,975.8884414254012,983.696035487958,962.7792787463713,981.8090209960938,1715600,0.0,0.0
2026-06-11 00:00:00-04:00,985.3433342331716,987.5498479765957,972.4538546157332,974.1411743164062,1903400,0.0,0.0
2026-06-12 00:00:00-04:00,973.9714742302206,983.2167846105712,968.4602172052602,980.7905883789062,1737300,0.0,0.0
2026-06-15 00:00:00-04:00,972.6436034824163,985.4332668486661,966.4634268586715,977.895263671875,1893700,0.0,0.0
2026-06-16 00:00:00-04:00,978.8337760067219,993.7999716270218,971.615211231262,985.11376953125,1523400,0.0,0.0
2026-06-17 00:00:00-04:00,978.4443497555376,982.1484824459604,959.6342295249499,964.0572509765625,1928000,0.0,0.0
2026-06-18 00:00:00-04:00,961.1718392143634,962.4697634296748,946.8046670209701,949.939697265625,3742900,0.0,0.0
2026-06-22 00:00:00-04:00,947.0642274329521,954.7120409757252,941.033837393197,949.8397827148438,2191900,0.0,0.0
2026-06-23 00:00:00-04:00,962.9689714159962,964.845992015539,951.9764387262253,956.1597900390625,2529800,0.0,0.0
2026-06-24 00:00:00-04:00,960.5029023709275,966.4034940212789,955.4808577449501,959.5643920898438,2020200,0.0,0.0
2026-06-25 00:00:00-04:00,948.0626439932809,954.2328264451996,937.110026267083,940.7442626953125,2492700,0.0,0.0
2026-06-26 00:00:00-04:00,951.7368490136909,960.1135456878924,941.5031194544038,951.0279541015625,8239200,0.0,0.0
2026-06-29 00:00:00-04:00,957.0283989466781,968.320443173306,940.8840840412729,945.17724609375,2450000,0.0,0.0
2026-06-30 00:00:00-04:00,940.5046487380878,944.4982990512007,930.9298452995619,933.9849853515625,2870900,0.0,0.0
2026-07-01 00:00:00-04:00,938.9371405362266,938.9371405362266,919.0886934600077,923.2021484375,2909700,0.0,0.0
2026-07-02 00:00:00-04:00,925.528479984269,951.1277936674867,923.37193558161,950.1593017578125,2785800,0.0,0.0
2026-07-06 00:00:00-04:00,947.5933782782907,953.9832433205282,939.9056499765064,948.7415771484375,2327500,0.0,0.0
2026-07-07 00:00:00-04:00,965.9842121329974,967.4618433325775,943.829433324414,945.9959716796875,1940200,0.0,0.0
2026-07-08 00:00:00-04:00,957.4776814696542,964.9757698306605,946.4951428917958,951.6170043945312,1645500,0.0,0.0
2026-07-09 00:00:00-04:00,933.4559091796973,933.5158115001236,906.2391710643403,911.520751953125,4545200,0.0,0.0
2026-07-10 00:00:00-04:00,912.2895068847466,915.2747507677559,905.7699043838991,914.7955322265625,2102300,0.0,0.0
2026-07-13 00:00:00-04:00,916.9721105282216,929.5021769300105,915.424583129132,924.9594116210938,2373300,0.0,0.0
2026-07-14 00:00:00-04:00,919.9173964162345,927.944611696534,917.1018656017798,920.2868041992188,2409200,0.0,0.0
2026-07-15 00:00:00-04:00,916.2931842187085,926.1075973597352,909.0546927062207,915.0850830078125,2423200,0.0,0.0
2026-07-16 00:00:00-04:00,922.5332631819883,944.2587315975229,920.03723162576,944.0690307617188,2735300,0.0,0.0
2026-07-17 00:00:00-04:00,959.9937095573548,962.7992465460038,932.2777658318746,939.37646484375,2508000,0.0,0.0
2026-07-20 00:00:00-04:00,937.2598435659402,945.4767598979683,930.5305522820987,934.3145141601562,1507900,0.0,0.0
2026-07-21 00:00:00-04:00,928.7733283183376,930.5105565056226,922.9725535050976,927.7449340820312,1833500,0.0,0.0
2026-07-22 00:00:00-04:00,929.4023530939542,932.1180061948597,919.5080498136913,925.8380126953125,1762700,0.0,0.0
2026-07-23 00:00:00-04:00,919.048788102527,925.0592514281323,915.3047408691222,924.5899658203125,1785200,0.0,0.0
2026-07-24 00:00:00-04:00,925.010009765625,936.6599731445312,921.280029296875,935.030029296875,1586300,1.47,0.0
2026-07-27 00:00:00-04:00,938.1099853515625,956.6099853515625,936.6599731445312,951.5800170898438,2109500,0.0,0.0
2026-07-28 00:00:00-04:00,970.5499877929688,987.5499877929688,965.8699951171875,966.5800170898438,2682800,0.0,0.0
2026-07-29 00:00:00-04:00,968.0700073242188,978.7999877929688,963.0,974.030029296875,1973400,0.0,0.0
2026-07-30 00:00:00-04:00,955.0399780273438,960.760009765625,949.6799926757812,954.1699829101562,2334500,0.0,0.0
2026-07-31 00:00:00-04:00,945.739990234375,955.5599975585938,937.510009765625,951.8900146484375,1760200,0.0,0.0
2026-08-03 00:00:00-04:00,965.1500244140625,967.97998046875,948.75,954.0800170898438,2014100,0.0,0.0
2026-08-04 00:00:00-04:00,945.0,950.8599853515625,937.010009765625,947.8499755859375,2437300,0.0,0.0
2026-08-05 00:00:00-04:00,956.989990234375,956.989990234375,935.219970703125,941.989990234375,1692400,0.0,0.0
2026-08-06 00:00:00-04:00,959.5499877929688,966.1400146484375,941.780029296875,949.1500244140625,2116500,0.0,0.0
2026-08-07 00:00:00-04:00,943.510009765625,949.7899780273438,937.510009765625,947.8200073242188,1523800,0.0,0.0
2026-08-10 00:00:00-04:00,942.469970703125,952.8900146484375,940.5599975585938,952.75,1479200,0.0,0.0
2026-08-11 00:00:00-04:00,950.0499877929688,954.9000244140625,938.0900268554688,944.3200073242188,1801400,0.0,0.0
2026-08-12 00:00:00-04:00,937.4000244140625,951.3900146484375,935.0499877929688,949.5800170898438,1311800,0.0,0.0
2026-08-13 00:00:00-04:00,954.25,962.5800170898438,949.510009765625,961.8499755859375,1324900,0.0,0.0
2026-08-14 00:00:00-04:00,959.989990234375,965.3599853515625,957.75,961.0999755859375,1165100,0.0,0.0
2026-08-17 00:00:00-04:00,954.8400268554688,956.75,949.4199829101562,953.5,1242800,0.0,0.0
2026-08-18 00:00:00-04:00,966.1099853515625,971.9600219726562,955.030029296875,961.3499755859375,1845200,0.0,0.0
2026-08-19 00:00:00-04:00,960.22998046875,978.7000122070312,956.0,956.989990234375,1642300,0.0,0.0
2026-08-20 00:00:00-04:00,931.1500244140625,944.219970703125,925.77001953125,933.510009765625,2503700,0.0,0.0
2026-08-21 00:00:00-04:00,939.6400146484375,949.9000244140625,933.8200073242188,947.739990234375,2365600,0.0,0.0
2026-08-24 00:00:00-04:00,953.010009765625,974.489990234375,951.3900146484375,971.4000244140625,2204700,0.0,0.0
2026-08-25 00:00:00-04:00,965.8599853515625,969.0499877929688,959.8900146484375,960.010009765625,1359900,0.0,0.0
2026-08-26 00:00:00-04:00,960.5800170898438,964.4500122070312,954.5399780273438,956.1199951171875,1221600,0.0,0.0
2026-08-27 00:00:00-04:00,948.27001953125,948.8499755859375,933.25,934.6599731445312,2239600,0.0,0.0
2026-08-28 00:00:00-04:00,938.9400024414062,953.72998046875,937.1099853515625,945.469970703125,1401300,0.0,0.0
2026-08-31 00:00:00-04:00,945.1900024414062,949.2999877929688,940.7100219726562,943.8900146484375,2392600,0.0,0.0
2026-09-01 00:00:00-04:00,947.3499755859375,952.0999755859375,935.9299926757812,939.9600219726562,1507800,0.0,0.0
2026-09-02 00:00:00-04:00,938.489990234375,938.8800048828125,920.3099975585938,928.47998046875,2163000,0.0,0.0
2026-09-03 00:00:00-04:00,927.7899780273438,930.760009765625,915.3099975585938,925.4099731445312,2171100,0.0,0.0
2026-09-04 00:00:00-04:00,926.0900268554688,928.0399780273438,914.5399780273438,915.739990234375,2076200,0.0,0.0
