Date,Open,High,Low,Close,Volume,Dividends,Stock Splits
2021-01-04 00:00:00-05:00,176.71258929175139,177.03254693355032,169.41177934026547,172.27198791503906,13426600,0.0,0.0
2021-01-05 00:00:00-05:00,170.83702332517004,174.85101415686862,170.83702332517004,173.00885009765625,7771800,0.0,0.0
2021-01-06 00:00:00-05:00,172.89251314790334,176.08236949669217,171.88415915709226,173.66815185546875,7517800,0.0,0.0
2021-01-07 00:00:00-05:00,174.03658862423023,174.47288909087862,172.17502911733325,173.14459228515625,7300800,0.0,0.0
2021-01-08 00:00:00-05:00,173.3675788019056,174.54075668447038,171.22485259547946,173.25123596191406,7894500,0.0,0.0
2021-01-11 00:00:00-05:00,172.3398574761422,175.74301895603054,171.95203811686548,173.63906860351562,6461300,0.0,0.0
2021-01-12 00:00:00-05:00,171.9035635740825,172.89252221073656,169.53782692666266,170.63343811035156,8349800,0.0,0.0
2021-01-13 00:00:00-05:00,169.09181061636568,172.32045774179542,168.45191016906708,170.75946044921875,6839500,0.0,0.0
2021-01-14 00:00:00-05:00,171.6223902336279,172.9216162677492,168.12226621396718,168.15135192871094,8951200,0.0,0.0
2021-01-15 00:00:00-05:00,167.68594359780758,168.88820722808626,164.99055922814694,166.22190856933594,12232500,0.0,0.0
2021-01-19 00:00:00-05:00,166.86183364542555,168.42283099862684,166.2219183789146,167.01695251464844,7834700,0.0,0.0
2021-01-20 00:00:00-05:00,169.8868769482349,172.4659187909377,167.73444531041363,168.35496520996094,9809200,0.0,0.0
2021-01-21 00:00:00-05:00,167.9671227137017,169.6735485041166,165.81469137198647,166.0667724609375,8416400,0.0,0.0
2021-01-22 00:00:00-05:00,168.70398637854126,169.91594030367446,166.65820756114204,167.5211181640625,9517200,0.0,0.0
2021-01-25 00:00:00-05:00,166.65823364257812,167.84110204217168,163.63320090623355,166.65823364257812,7833700,0.0,0.0
2021-01-26 00:00:00-05:00,167.7344392925883,168.0737923418494,163.90466748148518,164.39913940429688,7523200,0.0,0.0
2021-01-27 00:00:00-05:00,159.98761733446005,161.27713815795232,155.6342880612875,158.06788635253906,18239200,0.0,0.0
2021-01-28 00:00:00-05:00,161.11231662130015,167.61809226147616,160.8990115318281,166.64852905273438,14449100,0.0,0.0
2021-01-29 00:00:00-05:00,163.66226691242548,164.64152039328698,160.74387228704342,163.0514373779297,12848800,0.0,0.0
2021-02-01 00:00:00-05:00,165.6401721436387,166.50308279260366,162.91570194166036,165.76622009277344,8140400,0.0,0.0
2021-02-02 00:00:00-05:00,168.48097457411995,174.28864774879858,167.54049723635165,171.57388305664062,12215200,0.0,0.0
2021-02-03 00:00:00-05:00,171.6126708927365,172.9991390421595,170.4104073074057,171.0600128173828,5508600,0.0,0.0
2021-02-04 00:00:00-05:00,172.18472327824725,175.85937605141322,171.11821264637877,174.74436950683594,9035400,0.0,0.0
2021-02-05 00:00:00-05:00,176.17933510512543,176.7707692473006,173.87176996116983,175.6460723876953,6640500,0.0,0.0
2021-02-08 00:00:00-05:00,178.25420265493327,184.83753036268695,177.72093992882998,184.21701049804688,16085700,0.0,0.0
2021-02-09 00:00:00-05:00,182.44270027715046,183.489830278103,180.377525986853,182.4814910888672,11270800,0.0,0.0
2021-02-10 00:00:00-05:00,184.1975993273425,184.89568596461388,180.15452284985525,183.85826110839844,11464600,0.0,0.0
2021-02-11 00:00:00-05:00,183.4219341801457,185.42893683304243,182.34573337679677,185.0992889404297,17507900,0.0,0.0
2021-02-12 00:00:00-05:00,187.12568967214864,187.94982427497715,180.88170056158665,181.95791625976562,27233800,0.0,0.0
2021-02-16 00:00:00-05:00,181.59918262805715,182.70448403747267,179.2334461531496,180.6781005859375,11630700,0.0,0.0
2021-02-17 00:00:00-05:00,179.7182507383551,181.91916353330515,176.61565119145993,180.765380859375,11391800,0.0,0.0
2021-02-18 00:00:00-05:00,179.16556521312748,180.72656245230408,177.27492005868606,177.4300537109375,12380900,0.0,0.0
2021-02-19 00:00:00-05:00,178.6614114489923,179.15588334517687,177.22644728962524,178.06027221679688,8834500,0.0,0.0
2021-02-22 00:00:00-05:00,176.20841891555452,188.11465366729846,176.00480413678432,185.92343139648438,18799600,0.0,0.0
2021-02-23 00:00:00-05:00,187.6977306844283,192.88489956594958,182.91779135367955,191.09120178222656,23191400,0.0,0.0
2021-02-24 00:00:00-05:00,191.5662896079624,194.49437447340452,189.38477251299614,191.4984130859375,16205900,0.0,0.0
2021-02-25 00:00:00-05:00,191.71171107717922,191.9347212461385,184.5854310403063,185.1671600341797,12712000,0.0,0.0
2021-02-26 00:00:00-05:00,184.28487274944197,185.7779934725126,179.80548099151122,183.2862091064453,15844000,0.0,0.0
2021-03-01 00:00:00-05:00,187.3486747217302,190.90696954337153,185.5646821583669,189.04541015625,10709900,0.0,0.0
2021-03-02 00:00:00-05:00,190.13133880292793,191.93472684583153,187.600778400698,188.03707885742188,8371400,0.0,0.0
2021-03-03 00:00:00-05:00,188.70609326342856,190.81973397076584,186.35975205852912,186.40821838378906,8750300,0.0,0.0
2021-03-04 00:00:00-05:00,184.12002403664818,186.62149857280497,178.51595058546076,182.30694580078125,12542600,0.0,0.0
2021-03-05 00:00:00-05:00,183.3928616285982,184.76965430354676,177.75970216411102,184.20730590820312,10266400,0.0,0.0
2021-03-08 00:00:00-05:00,191.30449951744717,196.8407115196456,187.89163314486288,195.76449584960938,25093200,0.0,0.0
2021-03-09 00:00:00-05:00,194.09686373113826,195.56089887002528,188.45399867920466,188.58973693847656,23331000,0.0,0.0
2021-03-10 00:00:00-05:00,191.30450292928094,192.74915735003324,188.7545471083215,189.12298583984375,13662100,0.0,0.0
2021-03-11 00:00:00-05:00,191.37238042566835,192.9915491205284,189.45263472524869,190.7615509033203,11933900,0.0,0.0
2021-03-12 00:00:00-05:00,190.54825857155828,192.371042160583,189.23934230593127,191.15908813476562,13249100,0.0,0.0
2021-03-15 00:00:00-04:00,192.4970614593311,192.4970614593311,188.88059504909836,190.771240234375,10311400,0.0,0.0
2021-03-16 00:00:00-04:00,190.13134525744476,190.60642174660893,187.00935063853728,188.3279571533203,9680700,0.0,0.0
2021-03-17 00:00:00-04:00,187.55229922978464,190.21859790830194,185.94282084046966,189.29751586914062,14418700,0.0,0.0
2021-03-18 00:00:00-04:00,189.01634429269683,189.14239224383346,185.90405468229613,186.4276123046875,9644500,0.0,0.0
2021-03-19 00:00:00-04:00,185.10899107035323,188.0952472871423,183.98429428850554,185.32229614257812,28354600,0.0,0.0
2021-03-22 00:00:00-04:00,187.37777907982638,190.35434521105725,186.1561347713591,186.98995971679688,8838500,0.0,0.0
2021-03-23 00:00:00-04:00,185.75859256392098,186.4857648959108,182.2487788423784,182.9856414794922,10701200,0.0,0.0
2021-03-24 00:00:00-04:00,184.27516557457682,184.70177571761,179.02013520087397,179.0977020263672,13549100,0.0,0.0
2021-03-25 00:00:00-04:00,176.31506684677075,181.9967075652655,175.50062254734996,181.22105407714844,9609200,0.0,0.0
2021-03-26 00:00:00-04:00,183.08260159986995,183.22803014684965,177.01314193139086,180.26116943359375,10196100,0.0,0.0
2021-03-29 00:00:00-04:00,179.60188392098874,180.28057516972055,177.57548568600146,179.2237548828125,7544700,0.0,0.0
2021-03-30 00:00:00-04:00,178.23481730295276,180.6490351658526,177.9730310782139,179.88307189941406,5929700,0.0,0.0
2021-03-31 00:00:00-04:00,180.17393403844096,181.2113589855367,178.80684635449518,178.90380859375,8478000,0.0,0.0
2021-04-01 00:00:00-04:00,180.75563948312762,183.34438594839185,179.9412100394546,183.2183380126953,7749400,0.0,0.0
2021-04-05 00:00:00-04:00,185.6422532083941,185.83616287502477,182.36512510320642,182.7626495361328,7405300,0.0,0.0
2021-04-06 00:00:00-04:00,182.7626569016205,185.45804132118315,182.15182737247565,183.95521545410156,7926200,0.0,0.0
2021-04-07 00:00:00-04:00,184.02309949080865,184.53696680653235,181.2598384354669,181.8512725830078,6238700,0.0,0.0
2021-04-08 00:00:00-04:00,181.50223366085166,182.32636832393126,179.98002708312353,181.61859130859375,7763000,0.0,0.0
2021-04-09 00:00:00-04:00,182.4426953693448,182.49117648550654,180.48417367241368,182.1712188720703,6089300,0.0,0.0
2021-04-12 00:00:00-04:00,182.0354716924475,182.13243392001388,179.83455931704776,180.81382751464844,6662500,0.0,0.0
2021-04-13 00:00:00-04:00,179.94121623439813,180.7653508057184,178.98135821215166,179.84426879882812,6826500,0.0,0.0
2021-04-14 00:00:00-04:00,180.30966378899222,184.6048215279539,180.05758269092877,181.7543182373047,9089900,0.0,0.0
2021-04-15 00:00:00-04:00,182.36513403204881,183.15047783668805,180.04787863561202,180.2708740234375,7262500,0.0,0.0
2021-04-16 00:00:00-04:00,181.86095601368174,183.70311996816486,180.5326445193334,181.5603790283203,9453500,0.0,0.0
2021-04-19 00:00:00-04:00,181.80277129098383,184.536946330305,179.9993833358287,181.72520446777344,7625800,0.0,0.0
2021-04-20 00:00:00-04:00,181.58947457393185,182.35543774187383,176.28597779162777,177.2264404296875,10765800,0.0,0.0
2021-04-21 00:00:00-04:00,175.7721156829568,177.79851412608812,173.41608407870814,177.53672790527344,8400200,0.0,0.0
2021-04-22 00:00:00-04:00,178.6129258959165,179.25284112993143,175.74301244280576,177.19735717773438,7378300,0.0,0.0
2021-04-23 00:00:00-04:00,176.79985731505056,178.30266845551952,176.4217282548099,177.449462890625,6075500,0.0,0.0
2021-04-26 00:00:00-04:00,178.36084525847812,179.95092824763597,177.68213921161683,178.66140747070312,6178300,0.0,0.0
2021-04-27 00:00:00-04:00,179.35950991364754,180.15454408101493,178.54506554460937,179.02015686035156,4870000,0.0,0.0
2021-04-28 00:00:00-04:00,179.16557960179657,179.16557960179657,177.25555368320033,177.80819702148438,5199300,0.0,0.0
2021-04-29 00:00:00-04:00,179.17528064157798,179.9024530347708,177.18767314131227,179.68914794921875,5958300,0.0,0.0
2021-04-30 00:00:00-04:00,178.68078415773357,180.64901093830122,177.95361180437504,180.35813903808594,7866300,0.0,0.0
2021-05-03 00:00:00-04:00,181.9773027367515,183.46073311357134,179.61156637795523,179.8636474609375,7542800,0.0,0.0
2021-05-04 00:00:00-04:00,179.2431226691163,179.98000008160986,176.76104354028422,178.64199829101562,7069300,0.0,0.0
2021-05-05 00:00:00-04:00,179.37888382641881,179.37888382641881,175.83998403416777,175.98541259765625,5901700,0.0,0.0
2021-05-06 00:00:00-04:00,177.21675457568114,177.42036935037856,174.33715078459917,176.2568817138672,6944900,0.0,0.0
2021-05-07 00:00:00-04:00,176.46050950355772,179.4855420751375,175.9854181904628,179.2140655517578,6888400,0.0,0.0
2021-05-10 00:00:00-04:00,180.04788858367715,181.27923802636224,178.42871976731462,178.6905059814453,8260300,0.0,0.0
2021-05-11 00:00:00-04:00,176.26659665906763,176.70289714994846,172.99915854186352,176.1405487060547,10865600,0.0,0.0
2021-05-12 00:00:00-04:00,175.20005947475426,176.90650009911116,172.17502715973566,172.4368133544922,8988100,0.0,0.0
2021-05-13 00:00:00-04:00,172.9409662027482,175.2485311254833,170.44919671743313,172.91188049316406,12332200,0.0,0.0
2021-05-14 00:00:00-04:00,167.66654868600952,169.5862943779002,163.6428675250666,168.41311645507812,33149400,0.0,0.0
2021-05-17 00:00:00-04:00,167.44357130835735,167.7247529373658,163.43928512229448,164.9033203125,17771600,0.0,0.0
2021-05-18 00:00:00-04:00,165.07782082886217,166.04738400374077,164.29247702430808,164.51547241210938,10401000,0.0,0.0
2021-05-19 00:00:00-04:00,162.60544948539606,164.24399885307255,162.01401534633595,164.1179656982422,9251000,0.0,0.0
2021-05-20 00:00:00-04:00,164.05977814503547,166.66789044857927,163.83676798079782,166.1443328857422,7400700,0.0,0.0
2021-05-21 00:00:00-04:00,166.97818042228397,167.85078141032795,166.29948912109856,167.15269470214844,8105700,0.0,0.0
2021-05-24 00:00:00-04:00,167.2011591024084,169.78020058337069,166.52246786909183,169.00454711914062,7346700,0.0,0.0
2021-05-25 00:00:00-04:00,170.2552943220254,172.04897726515867,170.06136985737575,170.8079376220703,8089700,0.0,0.0
2021-05-26 00:00:00-04:00,171.24424447753057,172.48528416699168,170.8370297163974,171.09881591796875,8086200,0.0,0.0
2021-05-27 00:00:00-04:00,171.8065835644908,174.12383885189723,171.40905913080522,173.590576171875,13567800,0.0,0.0
2021-05-28 00:00:00-04:00,174.04627300784767,174.65710251698727,172.65980482632943,173.2124481201172,7124800,0.0,0.0
2021-06-01 00:00:00-04:00,174.6958785304806,175.5006177077039,173.29972004360243,173.39666748046875,7475600,0.0,0.0
2021-06-02 00:00:00-04:00,173.59058857290995,173.64877479209034,171.54480963202963,171.61268615722656,7851700,0.0,0.0
2021-06-03 00:00:00-04:00,170.90489442572198,171.58358564735912,170.0807598602175,170.8758087158203,5583900,0.0,0.0
2021-06-04 00:00:00-04:00,170.57524692594927,172.1168636599338,170.2649943945597,171.78720092773438,6343400,0.0,0.0
2021-06-07 00:00:00-04:00,172.55317996708234,172.650142213862,171.03095849993971,171.60301208496094,5178100,0.0,0.0
2021-06-08 00:00:00-04:00,170.6140151735554,171.7290067899855,169.85775716001248,170.9630584716797,5356200,0.0,0.0
2021-06-09 00:00:00-04:00,170.9436709498786,171.9326294725573,170.5267659104739,170.681884765625,5082400,0.0,0.0
2021-06-10 00:00:00-04:00,171.06973756917532,172.2041247656636,170.20682689179395,171.19578552246094,5253000,0.0,0.0
2021-06-11 00:00:00-04:00,172.0489866087549,173.05734062000033,171.42846675351166,171.9811248779297,5476300,0.0,0.0
2021-06-14 00:00:00-04:00,172.24287713028755,173.42574528438843,171.5157048123251,172.75674438476562,10170000,0.0,0.0
2021-06-15 00:00:00-04:00,172.75676418893022,173.26094119626813,170.27468475951326,170.50738525390625,7895000,0.0,0.0
2021-06-16 00:00:00-04:00,170.65280395804166,170.89519474447994,168.26768690433025,169.34390258789062,8336000,0.0,0.0
2021-06-17 00:00:00-04:00,169.2760418297712,170.89521065863656,168.5488694027404,169.33421325683594,8906000,0.0,0.0
2021-06-18 00:00:00-04:00,167.87017532502065,168.56826202699446,166.88121669816437,167.17208862304688,12357500,0.0,0.0
2021-06-21 00:00:00-04:00,166.89091875731796,168.95607831819078,166.09586983008552,168.67491149902344,9196900,0.0,0.0
2021-06-22 00:00:00-04:00,169.06272297618798,169.38268059336713,167.10421605070553,168.21920776367188,8097100,0.0,0.0
2021-06-23 00:00:00-04:00,168.33554034868158,170.1098425934302,167.676244543302,169.99349975585938,9174200,0.0,0.0
2021-06-24 00:00:00-04:00,170.7691567432303,172.81493551441227,170.42980373411572,172.5143585205078,7549400,0.0,0.0
2021-06-25 00:00:00-04:00,173.3869712293416,173.639052309781,172.08776022388201,172.9215850830078,7431800,0.0,0.0
2021-06-28 00:00:00-04:00,173.06703544304497,173.2221691094948,169.66387385358016,171.19578552246094,9881400,0.0,0.0
2021-06-29 00:00:00-04:00,171.2636464914482,171.6320852490337,168.5100904988636,168.63612365722656,13498300,0.0,0.0
2021-06-30 00:00:00-04:00,168.5973518655833,170.62373549439423,168.0640891226433,170.42013549804688,7481900,0.0,0.0
2021-07-01 00:00:00-04:00,170.0129069505572,172.1944240724496,169.2857345765931,171.86476135253906,5887100,0.0,0.0
2021-07-02 00:00:00-04:00,172.44651751881233,172.93129913617162,169.3051273123544,171.71934509277344,11099300,0.0,0.0
2021-07-06 00:00:00-04:00,171.37996279476738,171.61266325735653,166.97815296988733,168.40341186523438,11557900,0.0,0.0
2021-07-07 00:00:00-04:00,167.59869728357867,169.01426608148117,166.75518202401108,167.55992126464844,6757300,0.0,0.0
2021-07-08 00:00:00-04:00,165.00027667509048,168.4616247863836,164.64154298528078,167.54054260253906,6960100,0.0,0.0
2021-07-09 00:00:00-04:00,169.38268445149748,172.11685971820094,168.63611666107445,171.65145874023438,7873300,0.0,0.0
2021-07-12 00:00:00-04:00,172.3010816789558,179.35950054623981,171.97141894935146,178.76806640625,21835500,0.0,0.0
2021-07-13 00:00:00-04:00,178.48688238340006,180.01879398422054,176.3053652268375,178.06027221679688,12534600,0.0,0.0
2021-07-14 00:00:00-04:00,179.56308617809648,180.61990642420676,176.5380539894656,177.83726501464844,8787300,0.0,0.0
2021-07-15 00:00:00-04:00,177.8663527151855,179.77639325920245,177.4785333820727,178.5450439453125,7867000,0.0,0.0
2021-07-16 00:00:00-04:00,179.31101664641744,179.65035488236637,173.47424216787948,173.8523712158203,8348800,0.0,0.0
2021-07-19 00:00:00-04:00,170.36194736223354,171.10850033477016,166.91999522558496,167.68594360351562,14651800,0.0,0.0
2021-07-20 00:00:00-04:00,168.4131144976317,172.10714769477875,167.6083753159246,171.3702850341797,8372400,0.0,0.0
2021-07-21 00:00:00-04:00,171.12789818008164,172.48528068982847,169.98382074963217,171.5060272216797,6302200,0.0,0.0
2021-07-22 00:00:00-04:00,171.32179744400975,171.34119284850186,168.60701779510927,169.79959106445312,5713700,0.0,0.0
2021-07-23 00:00:00-04:00,170.3134681958483,171.12789769940878,168.73307551122804,170.7788543701172,5126300,0.0,0.0
2021-07-26 00:00:00-04:00,170.2746812070003,173.33850441129766,170.00320469971928,173.2997283935547,5641000,0.0,0.0
2021-07-27 00:00:00-04:00,172.8246366028002,174.0947619997961,171.19577756388148,174.03659057617188,6684100,0.0,0.0
2021-07-28 00:00:00-04:00,174.22079661558206,174.86071181520143,172.14593216371594,173.6487579345703,5926900,0.0,0.0
2021-07-29 00:00:00-04:00,174.33713892646114,175.8981361117655,172.84401825955902,172.9215850830078,6209100,0.0,0.0
2021-07-30 00:00:00-04:00,172.1265564919764,173.74572528679974,169.80930099833145,170.6625213623047,6813400,0.0,0.0
2021-08-02 00:00:00-04:00,171.8259863471907,173.37729333852585,169.97411713994487,170.20681762695312,5847200,0.0,0.0
2021-08-03 00:00:00-04:00,170.66249102417532,170.7691435507127,165.71771358559957,167.72471618652344,9931300,0.0,0.0
2021-08-04 00:00:00-04:00,167.24965789738698,167.9768303230278,166.1249609950826,167.3272247314453,5665800,0.0,0.0
2021-08-05 00:00:00-04:00,167.23995473390244,171.72902210291474,167.23995473390244,171.33151245117188,8864200,0.0,0.0
2021-08-06 00:00:00-04:00,172.02958086145028,173.36758272909842,171.2539421847911,171.7387237548828,5505200,0.0,0.0
2021-08-09 00:00:00-04:00,171.6126782818355,171.91324049251972,169.73172339571673,171.34120178222656,5339000,0.0,0.0
2021-08-10 00:00:00-04:00,170.88552354008718,172.0005153645901,170.23591793514464,171.68057250976562,5185000,0.0,0.0
2021-08-11 00:00:00-04:00,171.96174807744575,173.05735934444945,171.13761335183662,172.66952514648438,5359900,0.0,0.0
2021-08-12 00:00:00-04:00,172.66950442934564,174.24989715841645,171.0794213943741,173.83297729492188,11081300,0.0,0.0
2021-08-13 00:00:00-04:00,180.61991242289912,181.87065716929408,175.37458703327525,175.56849670410156,32504600,0.0,0.0
2021-08-16 00:00:00-04:00,175.01584656161643,175.09341339234385,171.13759379140788,173.63906860351562,8746700,0.0,0.0
2021-08-17 00:00:00-04:00,171.7581023803455,173.01853740688608,169.59598074514972,170.47828674316406,8534500,0.0,0.0
2021-08-18 00:00:00-04:00,170.54617569572073,171.4090864264931,169.18879301620075,169.42149353027344,7063500,0.0,0.0
2021-08-19 00:00:00-04:00,168.7039789637446,169.36327476874746,167.30780573625756,167.976806640625,8478600,0.0,0.0
2021-08-20 00:00:00-04:00,167.7344324971089,169.87717366453847,167.3950794615961,169.78990173339844,6239600,0.0,0.0
2021-08-23 00:00:00-04:00,171.69026079682666,172.88281944295565,170.5558735781633,172.2526092529297,7395900,0.0,0.0
2021-08-24 00:00:00-04:00,172.5046706681436,174.59893058388587,172.34953701637914,173.03793334960938,5886900,0.0,0.0
2021-08-25 00:00:00-04:00,172.73738393717625,173.15428901351126,171.4963442198789,172.8828125,4842100,0.0,0.0
2021-08-26 00:00:00-04:00,172.91188687990808,173.4936306817964,170.97276059942638,171.18606567382812,4563000,0.0,0.0
2021-08-27 00:00:00-04:00,170.91459015763476,175.0449238327627,170.91459015763476,174.6571044921875,8697000,0.0,0.0
2021-08-30 00:00:00-04:00,175.00614535493304,175.8690559507813,173.42575271531678,174.50196838378906,6421300,0.0,0.0
2021-08-31 00:00:00-04:00,173.79420701724177,177.41067368192992,173.09612031596674,175.7818145751953,8620000,0.0,0.0
2021-09-01 00:00:00-04:00,176.42170627445694,178.60322322582599,176.24717722528092,177.8954315185547,7302800,0.0,0.0
2021-09-02 00:00:00-04:00,178.55476643488828,179.66006791570308,176.0242058348174,176.32476806640625,6492600,0.0,0.0
2021-09-03 00:00:00-04:00,176.2859851913578,176.2859851913578,173.67785785966734,175.49093627929688,6847400,0.0,0.0
2021-09-07 00:00:00-04:00,175.51032141663828,179.9024411990171,174.5698439997673,178.72926330566406,10702900,0.0,0.0
2021-09-08 00:00:00-04:00,178.72927410657925,181.75432130621766,178.32205934389643,179.51461791992188,8634000,0.0,0.0
2021-09-09 00:00:00-04:00,179.51461787198062,181.8706641057394,178.9522842434451,180.25149536132812,7190700,0.0,0.0
2021-09-10 00:00:00-04:00,180.68778745403287,181.40526950396705,178.40930815613078,178.51596069335938,5572200,0.0,0.0
2021-09-13 00:00:00-04:00,179.48554600391884,180.14485671395903,177.9148582565039,179.3498077392578,6818200,0.0,0.0
2021-09-14 00:00:00-04:00,179.33042193843045,179.49524591258225,176.60593682866713,176.84832763671875,6185900,0.0,0.0
2021-09-15 00:00:00-04:00,176.51867026639175,179.03954045331668,175.58789789799738,178.79714965820312,5933400,0.0,0.0
2021-09-16 00:00:00-04:00,178.37053410929303,179.020139645272,176.57683636183444,177.75970458984375,5678200,0.0,0.0
2021-09-17 00:00:00-04:00,177.34280443372168,180.2417888674711,177.1682753686193,177.88575744628906,10035100,0.0,0.0
2021-09-20 00:00:00-04:00,174.2692866353839,175.37458803922948,171.17637780685857,173.17367553710938,8056600,0.0,0.0
2021-09-21 00:00:00-04:00,174.83165688778902,176.68351149973205,163.88527922578635,165.96014404296875,23216000,0.0,0.0
2021-09-22 00:00:00-04:00,167.676272909787,170.00321882101468,166.43523311788405,168.36465454101562,14214500,0.0,0.0
2021-09-23 00:00:00-04:00,169.615372740546,171.7968897368891,169.0627146668468,170.885498046875,8052900,0.0,0.0
2021-09-24 00:00:00-04:00,169.96443614340916,171.32181873940334,169.75113105055854,170.64312744140625,5712800,0.0,0.0
2021-09-27 00:00:00-04:00,171.2539422097941,173.9881025724436,170.6043366810995,172.83432006835938,7755000,0.0,0.0
2021-09-28 00:00:00-04:00,172.33984514585248,172.58223592664834,168.56824518844337,169.20816040039062,9133100,0.0,0.0
2021-09-29 00:00:00-04:00,168.94638512131922,169.63478149273803,167.33690668228604,167.42416381835938,6240800,0.0,0.0
2021-09-30 00:00:00-04:00,167.83141818782468,168.39375189967345,163.95316487135838,164.02102661132812,13978000,0.0,0.0
2021-10-01 00:00:00-04:00,167.0363351742343,171.92294164367746,166.73577297045347,170.65280151367188,12165000,0.0,0.0
2021-10-04 00:00:00-04:00,170.21649353209222,170.60432764429453,167.41445679674956,168.180419921875,7200600,0.0,0.0
2021-10-05 00:00:00-04:00,168.53916732728527,170.87581811362298,168.3258622467024,169.29542541503906,6798200,0.0,0.0
2021-10-06 00:00:00-04:00,167.73443393482424,170.36195672158775,166.32857025088998,170.13894653320312,6005200,0.0,0.0
2021-10-07 00:00:00-04:00,172.29138132518537,174.162646033831,171.93264766779325,172.30108642578125,7780000,0.0,0.0
2021-10-08 00:00:00-04:00,172.51436341928732,173.16398374596596,171.03093298986195,171.360595703125,4132200,0.0,0.0
2021-10-11 00:00:00-04:00,170.6625250346592,171.14730665291916,168.19982612905648,168.23861694335938,8046300,0.0,0.0
2021-10-12 00:00:00-04:00,168.33556541198848,169.17909549304545,167.29814043568393,167.86048889160156,5188400,0.0,0.0
2021-10-13 00:00:00-04:00,168.34525372566904,168.41311545280254,165.73712649658302,167.69564819335938,8914700,0.0,0.0
2021-10-14 00:00:00-04:00,168.7718687951277,170.66251402550702,168.70399227165666,169.1015167236328,7450200,0.0,0.0
2021-10-15 00:00:00-04:00,170.34255879006957,173.44515803139967,168.8009568724906,171.08912658691406,13943900,0.0,0.0
2021-10-18 00:00:00-04:00,167.11391382031718,168.06408161433149,164.63183439427797,165.93104553222656,20494800,0.0,0.0
2021-10-19 00:00:00-04:00,166.2219140105222,166.35765226400025,165.00025493485975,165.96981811523438,9669500,0.0,0.0
2021-10-20 00:00:00-04:00,165.7662082664718,165.81468938147717,164.7093880134075,165.35899353027344,9737600,0.0,0.0
2021-10-21 00:00:00-04:00,165.01966793075232,167.24966644218713,164.922720478997,166.12496948242188,7509000,0.0,0.0
2021-10-22 00:00:00-04:00,165.37838842223593,165.6013837973379,163.4683478929508,164.2633819580078,7854300,0.0,0.0
2021-10-25 00:00:00-04:00,164.72878763369832,167.31753448900636,163.88527235382816,166.77456665039062,9798700,0.0,0.0
2021-10-26 00:00:00-04:00,167.6859559834181,167.85077995553735,165.51414383844823,166.80364990234375,5850200,0.0,0.0
2021-10-27 00:00:00-04:00,166.5418816466106,166.80365306910824,164.27309242443786,164.3894500732422,7054700,0.0,0.0
2021-10-28 00:00:00-04:00,164.32156273600566,165.1650927583148,163.46835720227725,164.51547241210938,7884500,0.0,0.0
2021-10-29 00:00:00-04:00,163.87557588805805,165.27174926044336,163.03204584553174,163.92405700683594,7598800,0.0,0.0
2021-11-01 00:00:00-04:00,164.059781021217,166.03768326415968,163.9434233873787,165.00994873046875,8182900,0.0,0.0
2021-11-02 00:00:00-04:00,164.85482886958965,165.64987779081773,163.83678455592258,164.66091918945312,6777200,0.0,0.0
2021-11-03 00:00:00-04:00,164.53488154112117,165.00997286240644,163.24536063565645,164.9033203125,6829300,0.0,0.0
2021-11-04 00:00:00-04:00,164.85480771866622,165.23293672444447,163.53620135081113,165.09719848632812,7505500,0.0,0.0
2021-11-05 00:00:00-04:00,168.21918876727963,171.60296912954712,167.08480177685206,170.28436279296875,16859200,0.0,0.0
2021-11-08 00:00:00-05:00,173.2512453730903,173.79419838169008,170.74008031113655,171.48663330078125,10584600,0.0,0.0
2021-11-09 00:00:00-05:00,171.56420513821115,171.72902910675063,167.93804824162245,169.78021240234375,7293300,0.0,0.0
2021-11-10 00:00:00-05:00,169.37300506942103,171.48664583515543,168.577956109888,169.1403045654297,11045800,0.0,0.0
2021-11-11 00:00:00-05:00,157.9321614923139,158.9696012992982,153.5109553192715,157.1759033203125,62366500,0.0,0.0
2021-11-12 00:00:00-05:00,158.5429778005307,158.6302349374407,154.0926714914382,154.77137756347656,25638400,0.0,0.0
2021-11-15 00:00:00-05:00,155.21735798568457,155.82818749199456,152.8613266802478,153.60787963867188,21285300,0.0,0.0
2021-11-16 00:00:00-05:00,154.21872293656259,155.36281522574677,153.72425102183792,153.9957275390625,15516200,0.0,0.0
2021-11-17 00:00:00-05:00,153.89876441425162,154.0538980787334,151.97903339796147,152.5413818359375,14695500,0.0,0.0
2021-11-18 00:00:00-05:00,152.3086700243542,152.51228479315523,149.03155667320343,150.84463500976562,14487700,0.0,0.0
2021-11-19 00:00:00-05:00,150.30168746230524,150.48590683256873,148.12017031955114,149.31272888183594,16776500,0.0,0.0
2021-11-22 00:00:00-05:00,148.56616353004966,151.07734343702583,147.92626306806721,149.46786499023438,12790400,0.0,0.0
2021-11-23 00:00:00-05:00,149.15762188553128,149.55514640880463,145.6187215835542,146.4331512451172,17382900,0.0,0.0
2021-11-24 00:00:00-05:00,146.1034933974422,146.80158014434537,144.27101938541185,146.73370361328125,14123700,0.0,0.0
2021-11-26 00:00:00-05:00,142.33186446622497,144.31947175813536,141.4107824902739,143.60198974609375,12027700,0.0,0.0
2021-11-29 00:00:00-05:00,144.28068985813587,144.75578112718955,139.8594842651026,143.31112670898438,21231300,0.0,0.0
2021-11-30 00:00:00-05:00,142.25431242452754,142.79726544384587,138.75418871675032,140.4897003173828,26011100,0.0,0.0
2021-12-01 00:00:00-05:00,142.23489428501424,143.85406277824814,137.71672699097022,137.82337951660156,16469000,0.0,0.0
2021-12-02 00:00:00-05:00,138.49240002069814,143.15599651371096,138.4245382916847,142.71969604492188,18177700,0.0,0.0
2021-12-03 00:00:00-05:00,143.31113317607122,143.8056198728429,139.92736710122614,141.76953125,14975600,0.0,0.0
2021-12-06 00:00:00-05:00,142.79726616887208,146.15196133292196,142.2058320281774,145.793212890625,14333900,0.0,0.0
2021-12-07 00:00:00-05:00,147.21848235169298,148.110478778623,145.16301296765258,146.21983337402344,14661100,0.0,0.0
2021-12-08 00:00:00-05:00,146.3167895146301,148.98308837753484,145.97743646887974,148.67282104492188,12886300,0.0,0.0
2021-12-09 00:00:00-05:00,147.63538287745166,149.5938897604493,147.0827247885781,148.2849884033203,11862300,0.0,0.0
2021-12-10 00:00:00-05:00,148.90552701947047,149.95265711399995,146.8403525446183,148.06201171875,10247900,0.0,0.0
2021-12-13 00:00:00-05:00,147.4899435058151,147.8583822416616,144.7460779813516,145.85137939453125,10195800,0.0,0.0
2021-12-14 00:00:00-05:00,144.71697797778486,147.00514740646702,143.9995107769743,144.56185913085938,10872000,0.0,0.0
2021-12-15 00:00:00-05:00,144.2322282138641,146.326488449413,142.86515523271223,145.8223114013672,12231500,0.0,0.0
2021-12-16 00:00:00-05:00,146.7433735094088,147.43175498994708,144.05767971896137,144.22250366210938,11145600,0.0,0.0
2021-12-17 00:00:00-05:00,143.98980223234273,145.27932285523522,142.10886235562978,144.23219299316406,13785000,0.0,0.0
2021-12-20 00:00:00-05:00,142.50638899948964,143.2335613689034,140.66422491471872,142.0119171142578,11201900,0.0,0.0
2021-12-21 00:00:00-05:00,143.0687488841381,146.8209538771199,142.90392490917196,146.45252990722656,10781400,0.0,0.0
2021-12-22 00:00:00-05:00,145.84170951770722,147.5675310046914,145.30844674490606,147.2572784423828,7820400,0.0,0.0
2021-12-23 00:00:00-05:00,147.68386936358618,149.4969477598433,147.3057255241684,148.95399475097656,6572400,0.0,0.0
2021-12-27 00:00:00-05:00,148.22682830674717,149.33212977457967,146.79186410373893,148.14926147460938,7762000,0.0,0.0
2021-12-28 00:00:00-05:00,147.97473661900153,151.73664671586513,147.77113662390545,150.47621154785156,12198700,0.0,0.0
2021-12-29 00:00:00-05:00,149.8556725429479,151.17427896985208,149.48723382540794,150.15623474121094,8737000,0.0,0.0
2021-12-30 00:00:00-05:00,150.97070017431756,152.28930678615575,150.77677568881927,151.18399047851562,7228400,0.0,0.0
2021-12-31 00:00:00-05:00,151.12582707274962,151.80453321929875,150.0302306022052,150.1756591796875,6410200,0.0,0.0
2022-01-03 00:00:00-05:00,151.0870370692073,152.76437728319024,150.6313411761152,151.9887237548828,10222800,0.0,0.0
2022-01-04 00:00:00-05:00,153.76303329237805,155.4403883780052,150.8155675022388,150.99008178710938,16582000,0.0,0.0
2022-01-05 00:00:00-05:00,151.7560584963137,154.5290102473786,150.37928032541612,150.46653747558594,12272100,0.0,0.0
2022-01-06 00:00:00-05:00,151.484565449783,152.96799601859865,149.00247113621054,152.1244659423828,11095300,0.0,0.0
2022-01-07 00:00:00-05:00,152.12448248067383,154.45144337868206,151.53304825012918,153.02618408203125,9554600,0.0,0.0
2022-01-10 00:00:00-05:00,153.1716054531935,153.45278709404784,149.94295790021852,151.8336181640625,8672900,0.0,0.0
2022-01-11 00:00:00-05:00,151.85297076640768,153.404277672537,151.2033652528443,153.08432006835938,8042600,0.0,0.0
2022-01-12 00:00:00-05:00,153.6757615687582,154.15085284531884,151.5718112771779,152.9970703125,6995600,0.0,0.0
2022-01-13 00:00:00-05:00,152.9001156147963,153.70485485629678,150.44712187132308,150.7089080810547,9680600,0.0,0.0
2022-01-14 00:00:00-05:00,147.71296943584238,147.9747408656212,143.9025781088649,147.31544494628906,16832000,0.0,0.0
2022-01-18 00:00:00-05:00,146.5107095256965,148.46923151635102,145.2696696965036,147.63540649414062,10419500,0.0,0.0
2022-01-19 00:00:00-05:00,146.24893004693755,148.20745212801668,145.39572437145117,145.54115295410156,10413200,0.0,0.0
2022-01-20 00:00:00-05:00,146.3167783942959,148.0135139053713,142.67121148496665,143.1269073486328,11760400,0.0,0.0
2022-01-21 00:00:00-05:00,136.93140247063909,137.55192230818113,132.47142076154324,133.19859313964844,34491800,0.0,0.0
2022-01-24 00:00:00-05:00,130.71650750829335,133.48944384097052,125.32572411038241,133.27615356445312,31419500,0.0,0.0
2022-01-25 00:00:00-05:00,131.17218856758575,133.55732036271007,128.35077111978885,132.3550567626953,14694400,0.0,0.0
2022-01-26 00:00:00-05:00,133.51853512831173,133.9936115579924,128.23440463061888,129.53363037109375,14569900,0.0,0.0
2022-01-27 00:00:00-05:00,130.9589100436974,133.71246601297702,129.9408657130216,131.29824829101562,11913900,0.0,0.0
2022-01-28 00:00:00-05:00,131.09463368237908,134.46870913881634,129.49484568561567,134.41053771972656,10011700,0.0,0.0
2022-01-31 00:00:00-05:00,134.63353375543988,138.7929529788337,134.25540473513135,138.61843872070312,10185500,0.0,0.0
2022-02-01 00:00:00-05:00,138.6669193970587,140.28608800682338,137.92035166390914,140.09217834472656,8573300,0.0,0.0
2022-02-02 00:00:00-05:00,139.80131983230265,140.18913919360756,137.07684961408074,138.2790985107422,9529900,0.0,0.0
2022-02-03 00:00:00-05:00,135.7388433656903,137.71674571664343,135.01167099051693,135.76792907714844,9820600,0.0,0.0
2022-02-04 00:00:00-05:00,135.77761156586124,138.83174424237268,135.28313970518064,137.69735717773438,8061100,0.0,0.0
2022-02-07 00:00:00-05:00,139.02564453081476,139.70433570393152,137.29982349302153,138.17242431640625,10937500,0.0,0.0
2022-02-08 00:00:00-05:00,137.47435536882492,138.54088077360026,136.4563258757829,138.1433563232422,9231700,0.0,0.0
2022-02-09 00:00:00-05:00,139.9758280793016,142.86513693574443,138.8899220789181,142.748779296875,22877400,0.0,0.0
2022-02-10 00:00:00-05:00,151.27126229252562,152.70621175901462,146.51070318799478,147.52874755859375,42500300,0.0,0.0
2022-02-11 00:00:00-05:00,148.8667072636959,149.98171367085146,144.03828731734066,144.92059326171875,17975200,0.0,0.0
2022-02-14 00:00:00-05:00,144.82365696334242,149.05095329724222,144.6685380880797,146.2586212158203,14694700,0.0,0.0
2022-02-15 00:00:00-05:00,148.8667413624656,150.13688170240565,147.86809235513175,150.01083374023438,12726000,0.0,0.0
2022-02-16 00:00:00-05:00,150.26290535476213,151.95964100852436,149.070346723396,151.59121704101562,10656400,0.0,0.0
2022-02-17 00:00:00-05:00,149.98173833846408,150.63134392690583,147.9650450457806,148.29469299316406,8110300,0.0,0.0
2022-02-18 00:00:00-05:00,148.2559081505523,149.002461140899,145.4829568874305,146.75308227539062,10785500,0.0,0.0
2022-02-22 00:00:00-05:00,145.618684251476,146.20041323444275,143.11720967995015,143.5825958251953,12227200,0.0,0.0
2022-02-23 00:00:00-05:00,144.9496948451296,145.1823953333924,141.07144214024322,141.43017578125,9300700,0.0,0.0
2022-02-24 00:00:00-05:00,135.7388634836736,145.0175914673871,135.7388634836736,144.85275268554688,12475500,0.0,0.0
2022-02-25 00:00:00-05:00,145.00787599689227,145.70596271415386,142.73910156297262,144.97879028320312,10149500,0.0,0.0
2022-02-28 00:00:00-05:00,143.33051572391742,144.93028893094677,142.00221900299778,143.94134521484375,10834700,0.0,0.0
2022-03-01 00:00:00-05:00,143.359594846217,143.64076162449723,139.40377578049686,141.2653350830078,8944000,0.0,0.0
2022-03-02 00:00:00-05:00,141.85677416858366,143.95103400599808,141.47864515302484,142.8554229736328,7851000,0.0,0.0
2022-03-03 00:00:00-05:00,142.82632769044108,144.1255386009798,140.05337683076536,141.13929748535156,8048400,0.0,0.0
2022-03-04 00:00:00-05:00,139.62677624498778,139.86916701918915,135.30253311807627,136.43692016601562,12913000,0.0,0.0
2022-03-07 00:00:00-05:00,136.01032880405208,136.6017629664883,129.37851985744183,129.4366912841797,14549700,0.0,0.0
2022-03-08 00:00:00-05:00,128.97129379558348,131.36611594923681,125.35481260984295,127.73994445800781,16552000,0.0,0.0
2022-03-09 00:00:00-05:00,131.3661149625145,131.3758052679302,129.30094074329594,129.5821075439453,14673100,0.0,0.0
2022-03-10 00:00:00-05:00,128.33137856981583,130.1153712074409,127.61389651595466,129.57241821289062,8447200,0.0,0.0
2022-03-11 00:00:00-05:00,130.96859150881608,132.01572148159386,127.56543019305795,127.73994445800781,7058400,0.0,0.0
2022-03-14 00:00:00-04:00,126.99337494678234,129.01977313733033,124.47251967901003,125.10272979736328,9971500,0.0,0.0
2022-03-15 00:00:00-04:00,125.7911283421705,130.46441502969614,125.56811816584647,130.11537170410156,9834800,0.0,0.0
2022-03-16 00:00:00-04:00,131.52125269376742,134.74990018362334,130.83287105148736,133.9354705810547,10638700,0.0,0.0
2022-03-17 00:00:00-04:00,133.25676354774075,135.2249755859375,132.40354322973474,135.2249755859375,6816000,0.0,0.0
2022-03-18 00:00:00-04:00,135.30253652140965,136.44661390312547,134.0905826199179,136.0297088623047,11308800,0.0,0.0
2022-03-21 00:00:00-04:00,134.67232490584735,135.06015906921272,132.7138178597045,134.40084838867188,9090300,0.0,0.0
2022-03-22 00:00:00-04:00,134.82744526582994,137.8621825693551,134.67231161579306,135.84548950195312,8511600,0.0,0.0
2022-03-23 00:00:00-04:00,134.83716671827148,135.50615292576572,133.35372135212774,133.45068359375,8761300,0.0,0.0
2022-03-24 00:00:00-04:00,134.36204532633812,135.0310461784274,133.22765836623972,134.73048400878906,5858800,0.0,0.0
2022-03-25 00:00:00-04:00,135.0407522852377,136.10727765168667,133.916055497775,134.90501403808594,5949400,0.0,0.0
2022-03-28 00:00:00-04:00,134.6529211142273,135.38009340170586,132.13205126655834,134.49778747558594,8456100,0.0,0.0
2022-03-29 00:00:00-04:00,136.66963922689914,140.0631105273449,136.66963922689914,138.04641723632812,11280700,0.0,0.0
2022-03-30 00:00:00-04:00,137.00895489671268,138.90930502124039,135.81639646440732,136.66961669921875,7922400,0.0,0.0
2022-03-31 00:00:00-04:00,135.8745690972583,136.59205110062058,132.93679415580507,132.9852752685547,12306500,0.0,0.0
2022-04-01 00:00:00-04:00,133.15978704976177,133.89666444341904,131.4048802790497,132.83013916015625,10341000,0.0,0.0
2022-04-04 00:00:00-04:00,132.8010633132894,135.02135637504318,132.7234964874415,134.362060546875,8174600,0.0,0.0
2022-04-05 00:00:00-04:00,133.5476255375985,134.96317936622486,131.01706527722857,131.4921417236328,8694100,0.0,0.0
2022-04-06 00:00:00-04:00,129.67906577013085,129.85358002837967,126.82854786386194,128.5349884033203,11679700,0.0,0.0
2022-04-07 00:00:00-04:00,128.96160186127054,129.15552634571395,126.06261722779071,127.8563003540039,9858700,0.0,0.0
2022-04-08 00:00:00-04:00,127.98234831001992,129.06825440997,126.6540513988766,127.8563003540039,6702000,0.0,0.0
2022-04-11 00:00:00-04:00,126.08198963449838,128.39924504690885,126.08198963449838,126.67342376708984,9915300,0.0,0.0
2022-04-12 00:00:00-04:00,127.79812059712401,129.15551792795378,126.18864216505276,126.8576431274414,7885600,0.0,0.0
2022-04-13 00:00:00-04:00,127.0612507668982,128.84524337013804,126.77037886989275,128.32168579101562,7694500,0.0,0.0
2022-04-14 00:00:00-04:00,128.7676832820857,129.52394137725358,126.38256614943622,126.49890899658203,7283500,0.0,0.0
2022-04-18 00:00:00-04:00,126.11108623221398,126.2565147872128,122.95999859227646,123.8810806274414,10571000,0.0,0.0
2022-04-19 00:00:00-04:00,124.19133526355037,129.1361130444558,123.9004707687309,127.88536834716797,12767200,0.0,0.0
2022-04-20 00:00:00-04:00,122.21343723739803,123.47386488605633,120.33248237128947,120.77848052978516,36465700,0.0,0.0
2022-04-21 00:00:00-04:00,121.71896429842604,122.60126295869337,117.58862301955386,117.95706176757812,18688600,0.0,0.0
2022-04-22 00:00:00-04:00,116.35727994870724,118.1800560742375,114.55389183212537,114.67023468017578,19472800,0.0,0.0
2022-04-25 00:00:00-04:00,114.07881705033118,116.66754918665288,113.196510930547,116.29911041259766,16491000,0.0,0.0
2022-04-26 00:00:00-04:00,115.52345866549622,115.52345866549622,112.12028970613575,112.24633026123047,16116000,0.0,0.0
2022-04-27 00:00:00-04:00,111.91668186021441,113.34194096544358,109.9387720200168,111.70337677001953,15553000,0.0,0.0
2022-04-28 00:00:00-04:00,111.71307569452215,112.4693338246216,109.26008192482709,111.78094482421875,23192100,0.0,0.0
2022-04-29 00:00:00-04:00,111.69367042553048,112.45962619143577,107.97055153003,108.23233032226562,16907000,0.0,0.0
2022-05-02 00:00:00-04:00,108.3099063644442,110.20055908080813,107.6312150696553,110.04542541503906,14300700,0.0,0.0
2022-05-03 00:00:00-04:00,110.57869184325791,111.33494999622653,109.26008522883758,110.09391021728516,11149500,0.0,0.0
2022-05-04 00:00:00-04:00,109.91938874395969,112.89594763717533,108.42626044547768,112.65355682373047,11488300,0.0,0.0
2022-05-05 00:00:00-04:00,111.24768506169131,111.76155239984749,108.08691419755097,109.1825180053711,12720200,0.0,0.0
2022-05-06 00:00:00-04:00,108.36807777924669,108.67833771357226,105.00369962150839,106.9331283569336,12525200,0.0,0.0
2022-05-09 00:00:00-04:00,104.81948073320562,107.36942934921397,103.23909534114908,103.723876953125,17941600,0.0,0.0
2022-05-10 00:00:00-04:00,106.49682543691462,107.33065043627559,102.90944431663561,104.40257263183594,15657700,0.0,0.0
2022-05-11 00:00:00-04:00,104.61587122208086,106.71982160006195,101.60052906497164,102.00774383544922,26933300,0.0,0.0
2022-05-12 00:00:00-04:00,99.7680365610471,101.80411743021565,96.44243509577291,101.13511657714844,36298800,0.0,0.0
2022-05-13 00:00:00-04:00,102.15318401754242,104.4122681522245,102.10470289645221,104.06322479248047,16782600,0.0,0.0
2022-05-16 00:00:00-04:00,104.18926355906254,104.34439722613827,101.65870294303768,101.9786605834961,11993600,0.0,0.0
2022-05-17 00:00:00-04:00,104.45104485672982,105.4787794626025,103.06456921051479,105.33334350585938,11847600,0.0,0.0
2022-05-18 00:00:00-04:00,104.1116836189548,104.38316750216035,100.71821274926968,101.12543487548828,11794000,0.0,0.0
2022-05-19 00:00:00-04:00,100.28191424498578,102.09499995046116,99.82621839300356,100.00074005126953,11285000,0.0,0.0
2022-05-20 00:00:00-04:00,101.30965354676388,101.61022315950078,97.00479810269746,99.30265808105469,15650400,0.0,0.0
2022-05-23 00:00:00-04:00,100.60187600561474,102.80278113396177,98.4688326057061,102.60887145996094,14402400,0.0,0.0
2022-05-24 00:00:00-04:00,100.55339372290209,100.67943426982357,97.08235585939248,98.49791717529297,13970200,0.0,0.0
2022-05-25 00:00:00-04:00,98.3427860599663,100.65034358744317,98.08100727631157,100.1170883178711,11026600,0.0,0.0
2022-05-26 00:00:00-04:00,101.04788413746898,102.89974611747495,100.79579561866659,102.39557647705078,11297800,0.0,0.0
2022-05-27 00:00:00-04:00,103.63661392859926,106.04113401384353,103.28757057110928,105.9926528930664,13671300,0.0,0.0
2022-05-31 00:00:00-04:00,106.65194970955247,107.85420598052247,104.62556621571738,107.07855987548828,20274600,0.0,0.0
2022-06-01 00:00:00-04:00,108.6007755809806,109.41520511441774,104.97460390444807,105.86660766601562,11829700,0.0,0.0
2022-06-02 00:00:00-04:00,106.09930237937179,107.57303520399562,104.62556955474797,107.49547576904297,8829900,0.0,0.0
2022-06-03 00:00:00-04:00,105.8472236665138,106.50652700628167,104.63526954173321,105.36244201660156,6767600,0.0,0.0
2022-06-06 00:00:00-04:00,106.40956376392137,106.83617394929813,104.37348247429834,104.54800415039062,7575900,0.0,0.0
2022-06-07 00:00:00-04:00,103.53965312628618,104.63525685930891,102.77369732460161,104.50921630859375,7279100,0.0,0.0
2022-06-08 00:00:00-04:00,104.1601710254518,106.03142822823708,103.70447515473096,104.07290649414062,7019500,0.0,0.0
2022-06-09 00:00:00-04:00,103.2875609856749,103.80142827062973,100.10739504339006,100.15587615966797,8261200,0.0,0.0
2022-06-10 00:00:00-04:00,98.34279243088726,99.01179338393722,96.35518497751909,96.37458038330078,15369700,0.0,0.0
2022-06-13 00:00:00-04:00,94.63906176411844,94.63906176411844,91.94367733083375,92.79689025878906,15239700,0.0,0.0
2022-06-14 00:00:00-04:00,93.33983374730211,93.33983374730211,90.26632058238899,91.35223388671875,12443700,0.0,0.0
2022-06-15 00:00:00-04:00,91.7303737056218,94.33850104551563,91.22619670600615,92.96171569824219,11751600,0.0,0.0
2022-06-16 00:00:00-04:00,91.14862923739024,92.47692595216537,90.56689285596336,91.41040802001953,15298500,0.0,0.0
2022-06-17 00:00:00-04:00,91.14863954491518,93.04898255097189,90.62507452326992,91.46858978271484,15403800,0.0,0.0
2022-06-21 00:00:00-04:00,92.01155127368612,92.54480660763122,90.4311584871764,90.45055389404297,16649800,0.0,0.0
2022-06-22 00:00:00-04:00,89.36463870965491,91.73037529377923,89.20951244359671,90.65415954589844,11403500,0.0,0.0
2022-06-23 00:00:00-04:00,91.10015424713112,91.76915519919045,89.26768045401025,91.4298095703125,11348800,0.0,0.0
2022-06-24 00:00:00-04:00,92.54479498467165,95.569834521243,92.49632126795387,94.80387878417969,11681200,0.0,0.0
2022-06-27 00:00:00-04:00,95.23049961731573,95.24019732062087,92.88415842573087,93.66950225830078,10793700,0.0,0.0
2022-06-28 00:00:00-04:00,96.70422686121685,97.34414209318862,92.86475766092563,93.00049591064453,16812400,0.0,0.0
2022-06-29 00:00:00-04:00,93.02958063013722,93.27197141593453,91.65280274213161,92.73871612548828,8653200,0.0,0.0
2022-06-30 00:00:00-04:00,91.54615955549522,92.5351182049851,89.72338332309852,91.52677154541016,10983500,0.0,0.0
2022-07-01 00:00:00-04:00,91.37163457915042,93.37863012225141,91.11955347123762,93.21380615234375,10543400,0.0,0.0
2022-07-05 00:00:00-04:00,91.39102252196007,94.27062619584116,89.50036998393914,94.2221450805664,10660600,0.0,0.0
2022-07-06 00:00:00-04:00,94.56149566980245,95.20141091862595,92.49632876139755,93.15563201904297,8640200,0.0,0.0
2022-07-07 00:00:00-04:00,93.95067128514599,94.56149341037175,93.01019384038423,94.46453857421875,7813100,0.0,0.0
2022-07-08 00:00:00-04:00,93.63071839450565,94.16398111603401,92.44785010106473,92.94232940673828,7717300,0.0,0.0
2022-07-11 00:00:00-04:00,92.10850833929328,92.43815629217674,90.58629433946798,90.78990173339844,7643700,0.0,0.0
2022-07-12 00:00:00-04:00,90.73172588239267,92.35089464841165,90.46993967640148,90.75111389160156,8665300,0.0,0.0
2022-07-13 00:00:00-04:00,89.31616452763707,90.41176827918822,88.23994878530074,90.1112060546875,12006400,0.0,0.0
2022-07-14 00:00:00-04:00,88.6956417995518,89.23859480614337,87.48368784042421,89.044677734375,11146400,0.0,0.0
2022-07-15 00:00:00-04:00,90.08211326983799,92.41875654872977,89.87849850457752,92.30240631103516,14946700,0.0,0.0
2022-07-18 00:00:00-04:00,93.42710854731186,94.30940719392414,92.40906425019458,92.78719329833984,10430400,0.0,0.0
2022-07-19 00:00:00-04:00,93.73736570765467,96.8108791201191,93.73736570765467,96.57818603515625,13683400,0.0,0.0
2022-07-20 00:00:00-04:00,97.19871634973735,101.08666707493742,96.90784441425743,100.20436096191406,15112700,0.0,0.0
2022-07-21 00:00:00-04:00,99.58382763228644,101.07695573171628,98.51730967474502,101.00908660888672,8611300,0.0,0.0
2022-07-22 00:00:00-04:00,100.13648941978828,101.38722687675963,99.00210221364465,99.59353637695312,7803500,0.0,0.0
2022-07-25 00:00:00-04:00,99.65170263131182,100.24313676392165,98.71122516151652,99.56444549560547,6726700,0.0,0.0
2022-07-26 00:00:00-04:00,99.03117332722653,99.24447839037362,96.52969878206775,96.74300384521484,6346600,0.0,0.0
2022-07-27 00:00:00-04:00,97.89679873671724,100.49522844176056,97.74166507209125,100.34979248046875,9684800,0.0,0.0
2022-07-28 00:00:00-04:00,100.10740303632443,101.77505296779074,99.58383800687474,101.70718383789062,7970300,0.0,0.0
2022-07-29 00:00:00-04:00,101.9398790464355,103.10335198223565,100.2237553565532,102.87065887451172,10320000,0.0,0.0
2022-08-01 00:00:00-04:00,101.67809826428207,103.4039196245523,100.69883733393824,102.98700714111328,7769700,0.0,0.0
2022-08-02 00:00:00-04:00,102.52161341648238,103.12274527941408,101.4357073378708,101.52296447753906,9093000,0.0,0.0
2022-08-03 00:00:00-04:00,102.51192564459772,106.36108553223966,102.51192564459772,105.7017822265625,11243000,0.0,0.0
2022-08-04 00:00:00-04:00,105.60482399300548,106.11869131530693,104.38317966355763,104.82917785644531,7322400,0.0,0.0
2022-08-05 00:00:00-04:00,103.55904315648395,104.42195381380594,102.1628771767925,103.384521484375,10100000,0.0,0.0
2022-08-08 00:00:00-04:00,104.91643126666655,107.8445162251494,104.61586904668495,105.7890396118164,13025900,0.0,0.0
2022-08-09 00:00:00-04:00,105.89569493246181,105.89569493246181,103.7723491364123,104.8388671875,8776500,0.0,0.0
2022-08-10 00:00:00-04:00,109.05648435923376,109.24069635804337,106.56470694851984,109.00800323486328,26398700,0.0,0.0
2022-08-11 00:00:00-04:00,118.49031728835756,119.51805190895797,113.75885155514756,114.10789489746094,50375000,0.0,0.0
2022-08-12 00:00:00-04:00,115.37801964966036,117.90858016820462,115.30045281911048,117.86979675292969,21964800,0.0,0.0
2022-08-15 00:00:00-04:00,117.31714255418444,122.12617494808282,117.30744485135803,120.47792053222656,24628300,0.0,0.0
2022-08-16 00:00:00-04:00,120.93361320269345,122.63034869061845,119.69256617503737,121.15660858154297,14607300,0.0,0.0
2022-08-17 00:00:00-04:00,119.69257951574784,120.69123587072299,118.83936652399271,119.07205963134766,9140900,0.0,0.0
2022-08-18 00:00:00-04:00,119.26596513192918,119.38230797571384,118.00553007827688,118.93630981445312,7343900,0.0,0.0
2022-08-19 00:00:00-04:00,117.55953018640388,117.69526843360762,115.84340669122533,116.48331451416016,8702500,0.0,0.0
2022-08-22 00:00:00-04:00,114.11758154486337,114.61206083015111,112.1687649094692,112.4111557006836,11575800,0.0,0.0
2022-08-23 00:00:00-04:00,112.44994236972026,112.828071423185,111.1313358355735,111.36402893066406,7180700,0.0,0.0
2022-08-24 00:00:00-04:00,111.17981408566378,113.59403186034615,110.62716333907464,112.86685943603516,7840500,0.0,0.0
2022-08-25 00:00:00-04:00,113.45828513934401,114.1854575568417,112.5759864526473,113.88489532470703,6920900,0.0,0.0
2022-08-26 00:00:00-04:00,113.89459228391729,114.76720065864859,110.42355419175297,110.59807586669922,7807400,0.0,0.0
2022-08-29 00:00:00-04:00,109.11464317234308,110.98590044005749,108.988602619609,110.07450866699219,6882700,0.0,0.0
2022-08-30 00:00:00-04:00,110.80169387885593,111.2573898180868,108.05782793634133,109.00800323486328,8060000,0.0,0.0
2022-08-31 00:00:00-04:00,109.43461128281214,110.28782431563147,108.44565258389025,108.66865539550781,7353000,0.0,0.0
2022-09-01 00:00:00-04:00,108.38747522650847,109.16312137833417,106.6810418570032,109.10494995117188,7718700,0.0,0.0
2022-09-02 00:00:00-04:00,109.60911984888371,110.42354936491232,107.46637872347036,107.81542205810547,8465100,0.0,0.0
2022-09-06 00:00:00-04:00,108.3680785522561,108.37777625572991,105.21699806668036,106.73921203613281,9537300,0.0,0.0
2022-09-07 00:00:00-04:00,106.52591052570908,109.52185723715253,106.52591052570908,109.26007843017578,8193900,0.0,0.0
2022-09-08 00:00:00-04:00,107.6893894979079,109.5509491559517,107.00100048052234,108.91104125976562,8443300,0.0,0.0
2022-09-09 00:00:00-04:00,109.82242419163961,112.01363917031779,109.74486475482531,111.6742935180664,9563100,0.0,0.0
2022-09-12 00:00:00-04:00,112.60506709083387,113.91397590390278,111.76154446156812,112.84745788574219,7923400,0.0,0.0
2022-09-13 00:00:00-04:00,109.6091205698503,110.3556809644538,107.7863370553929,108.35838317871094,10504600,0.0,0.0
2022-09-14 00:00:00-04:00,108.44564151576255,109.30855216462942,106.53560084450214,109.07585906982422,8610400,0.0,0.0
2022-09-15 00:00:00-04:00,108.96920112020753,110.92772281275012,107.34033474303082,107.39850616455078,9739800,0.0,0.0
2022-09-16 00:00:00-04:00,105.88600292710606,106.24474399693538,103.70448558818813,104.9552230834961,15978800,0.0,0.0
2022-09-19 00:00:00-04:00,104.25713818900553,105.89570249732552,103.7820542535896,105.84722137451172,7979500,0.0,0.0
2022-09-20 00:00:00-04:00,104.98430268437761,105.11035063525959,103.60752470820053,104.29591369628906,6957400,0.0,0.0
2022-09-21 00:00:00-04:00,104.121388926975,104.75160647110219,101.30965423583984,101.30965423583984,9776400,0.0,0.0
2022-09-22 00:00:00-04:00,101.03817528159388,101.47448313873072,98.91482960952878,99.05057525634766,10953400,0.0,0.0
2022-09-23 00:00:00-04:00,97.5574481346669,98.10040113890845,95.0365779928485,96.4715347290039,11976900,0.0,0.0
2022-09-26 00:00:00-04:00,95.93827676511053,97.59623636536196,95.07536609913514,95.133544921875,9760500,0.0,0.0
2022-09-27 00:00:00-04:00,96.5006174421557,96.6072699785581,92.52541007636518,92.93262481689453,13360200,0.0,0.0
2022-09-28 00:00:00-04:00,92.87445675487697,96.83027625583163,92.54480143120745,96.37458038330078,12895500,0.0,0.0
2022-09-29 00:00:00-04:00,95.53106254432767,95.59893167359982,93.30107158454273,94.48393249511719,9435100,0.0,0.0
2022-09-30 00:00:00-04:00,93.56284306190979,94.51301819439603,91.41041170636684,91.45889282226562,12094900,0.0,0.0
2022-10-03 00:00:00-04:00,92.81627786992534,94.80387776632045,91.6237120143448,94.17366027832031,9468400,0.0,0.0
2022-10-04 00:00:00-04:00,95.67648936353066,98.43004508479476,95.24018891664207,98.35248565673828,10229000,0.0,0.0
2022-10-05 00:00:00-04:00,96.99509407904776,98.13917884080695,95.69587566957505,97.73196411132812,7562800,0.0,0.0
2022-10-06 00:00:00-04:00,97.37323097913973,98.37187987628147,96.83027796256096,96.99510192871094,6728200,0.0,0.0
2022-10-07 00:00:00-04:00,95.51166755635218,95.79284175627332,93.51436244608121,94.2027587890625,7051000,0.0,0.0
2022-10-10 00:00:00-04:00,94.61966510226048,94.76510105549436,91.54615166465493,92.26363372802734,9532300,0.0,0.0
2022-10-11 00:00:00-04:00,91.92427898694876,92.16666977208232,89.83002644992838,90.26632690429688,8900900,0.0,0.0
2022-10-12 00:00:00-04:00,90.32451136038226,91.20681002680325,89.39372417785654,90.56690216064453,6156200,0.0,0.0
2022-10-13 00:00:00-04:00,88.78290046324703,94.01854313629804,87.94907553323024,93.6985855102539,11025400,0.0,0.0
2022-10-14 00:00:00-04:00,94.50331821579897,95.10444261426022,91.45889061960509,91.57523345947266,8202100,0.0,0.0
2022-10-17 00:00:00-04:00,93.44649478732542,94.98810405973562,93.33015194220908,94.36758422851562,7083800,0.0,0.0
2022-10-18 00:00:00-04:00,96.83027427654815,97.31505585066232,94.66814520123987,95.48258209228516,8533500,0.0,0.0
2022-10-19 00:00:00-04:00,97.38292173775216,98.76939728951386,95.50196692562216,95.97705078125,11731000,0.0,0.0
2022-10-20 00:00:00-04:00,95.24018984643236,97.68348568778464,95.12383960744238,95.58922576904297,8212400,0.0,0.0
2022-10-21 00:00:00-04:00,95.3565291633421,99.18630783692144,94.91053102613654,98.93421936035156,10193400,0.0,0.0
2022-10-24 00:00:00-04:00,99.01179679174132,100.04922912137086,97.0726703889063,98.62397003173828,8221500,0.0,0.0
2022-10-25 00:00:00-04:00,99.05057307807265,101.54235003047722,98.92452513676564,101.18360900878906,7687500,0.0,0.0
2022-10-26 00:00:00-04:00,100.37888591650304,104.160184215124,100.37888591650304,101.44540405273438,9203700,0.0,0.0
2022-10-27 00:00:00-04:00,102.58948156471403,103.617223604226,101.13513674004986,101.26118469238281,8673500,0.0,0.0
2022-10-28 00:00:00-04:00,100.91214124771624,102.86095798496231,100.37887852030245,102.7252197265625,7250900,0.0,0.0
2022-10-31 00:00:00-04:00,102.44404358069116,103.64629978732732,101.62960670722953,103.29725646972656,8814800,0.0,0.0
2022-11-01 00:00:00-04:00,104.42195134364587,105.52725277512931,102.42465356345298,102.77369689941406,7955800,0.0,0.0
2022-11-02 00:00:00-04:00,102.24043611795472,102.85126566598028,98.69183866509356,98.7209243774414,9583200,0.0,0.0
2022-11-03 00:00:00-04:00,97.15022325555861,97.6350048234949,95.560140304502,96.22914123535156,8978400,0.0,0.0
2022-11-04 00:00:00-04:00,98.07130892303712,98.08100662523536,95.12383621502417,96.5490951538086,11035800,0.0,0.0
2022-11-07 00:00:00-05:00,97.80953045043337,98.46883370545146,95.97705664109397,97.37322998046875,11355200,0.0,0.0
2022-11-08 00:00:00-05:00,97.67379692655132,98.86636294453528,95.06567688909396,96.85936737060547,27130300,0.0,0.0
2022-11-09 00:00:00-05:00,87.7939468378373,88.32720213595601,83.65390801443168,84.10960388183594,62029800,0.0,0.0
2022-11-10 00:00:00-05:00,87.01829135971482,87.74546371091022,84.94342684274503,87.70668029785156,36968100,0.0,0.0
2022-11-11 00:00:00-05:00,88.79260011930864,92.6708529406227,88.32720652599166,92.11820220947266,22373300,0.0,0.0
2022-11-14 00:00:00-05:00,92.93262179338991,93.6791895239176,91.34253889880605,91.41040802001953,20598000,0.0,0.0
2022-11-15 00:00:00-05:00,93.078065455267,94.22215030570852,90.84806717819588,92.60298156738281,15801900,0.0,0.0
2022-11-16 00:00:00-05:00,92.32180343255953,92.32180343255953,90.86745872164254,91.0904541015625,11137700,0.0,0.0
2022-11-17 00:00:00-05:00,89.31617031912316,89.46159889061465,88.08482083450383,88.66655731201172,12306400,0.0,0.0
2022-11-18 00:00:00-05:00,90.03364749875321,90.32451944397158,88.14300204637625,89.00591278076172,10011700,0.0,0.0
2022-11-21 00:00:00-05:00,97.07266910895835,97.81922950944681,93.3883260332795,94.60997772216797,70273500,0.0,0.0
2022-11-22 00:00:00-05:00,94.04762539157049,94.69723092565303,91.79823918324692,93.28166961669922,25753700,0.0,0.0
2022-11-23 00:00:00-05:00,93.07806032823527,96.31639762650889,92.86475525643431,95.87039947509766,15503200,0.0,0.0
2022-11-25 00:00:00-05:00,95.80253895042856,96.77210216586755,95.09476194557907,95.8607177734375,6664300,0.0,0.0
2022-11-28 00:00:00-05:00,95.22079994998514,96.11279630897242,92.52541546681306,92.77750396728516,13660000,0.0,0.0
2022-11-29 00:00:00-05:00,93.07806298951722,93.49497544254496,91.06136984942118,91.80793762207031,13205300,0.0,0.0
2022-11-30 00:00:00-05:00,92.06002131066239,94.95902055517766,91.01289869438234,94.89115142822266,15368100,0.0,0.0
2022-12-01 00:00:00-05:00,94.89114652664209,95.83161655238735,93.64040919692353,95.58922576904297,13855700,0.0,0.0
2022-12-02 00:00:00-05:00,94.4936230593834,96.65575212372498,94.05732260376556,96.4036636352539,12608100,0.0,0.0
2022-12-05 00:00:00-05:00,95.24988918387142,96.14189297301957,92.75811199069551,93.01020050048828,10764500,0.0,0.0
2022-12-06 00:00:00-05:00,92.81628728416081,93.07806609028049,89.18042532750923,89.48098754882812,11492400,0.0,0.0
2022-12-07 00:00:00-05:00,89.83973230849591,89.96577286522303,88.48234230908369,89.34525299072266,10353400,0.0,0.0
2022-12-08 00:00:00-05:00,89.68458925830747,90.5862832624133,88.87985008747738,89.73307037353516,9351200,0.0,0.0
2022-12-09 00:00:00-05:00,89.55855020123033,92.0212414726436,89.1028543403732,90.53780364990234,10111900,0.0,0.0
2022-12-12 00:00:00-05:00,90.87716031485846,91.77885437011719,89.79124688789935,91.77885437011719,14140700,0.0,0.0
2022-12-13 00:00:00-05:00,93.5531458718581,94.42575418255907,90.7220232612992,91.817626953125,22882100,0.0,0.0
2022-12-14 00:00:00-05:00,91.6624994523387,92.5641934616292,89.80094001289366,91.28437042236328,11505400,0.0,0.0
2022-12-15 00:00:00-05:00,89.65550175792436,90.2857192574029,87.37702993412913,87.73576354980469,15957700,0.0,0.0
2022-12-16 00:00:00-05:00,87.44490938215984,88.30782005819121,86.1069074012543,87.3382568359375,26383900,0.0,0.0
2022-12-19 00:00:00-05:00,86.71773320831619,86.7371212171619,82.81039477547287,83.16912841796875,19225300,0.0,0.0
2022-12-20 00:00:00-05:00,83.45999931869662,85.16642516926444,83.14973940066794,84.37138366699219,14918400,0.0,0.0
2022-12-21 00:00:00-05:00,84.5362231738229,85.41852189563534,83.84783414552204,84.2744369506836,11004800,0.0,0.0
2022-12-22 00:00:00-05:00,83.41152358095398,84.09022228097503,82.11231240203608,84.03204345703125,15487400,0.0,0.0
2022-12-23 00:00:00-05:00,83.4406079723137,85.38943210699405,83.15943375211162,85.33126068115234,11171600,0.0,0.0
2022-12-27 00:00:00-05:00,84.75921739234394,85.26339442388867,83.34365593746621,83.74118041992188,11561400,0.0,0.0
2022-12-28 00:00:00-05:00,83.4600006404768,84.05143477439508,81.51117656974317,81.6081314086914,12399500,0.0,0.0
2022-12-29 00:00:00-05:00,82.65526251006729,85.55425439668795,82.38378599856838,84.52651977539062,13045100,0.0,0.0
2022-12-30 00:00:00-05:00,83.12064980557093,84.46834195502635,82.6358682439775,84.23564147949219,23231000,0.0,0.0
2023-01-03 00:00:00-05:00,86.27173688779168,87.2316023856608,85.15673772710157,86.26203918457031,14997100,0.0,0.0
2023-01-04 00:00:00-05:00,87.26068167036787,89.92698027696244,86.64016185915295,89.180419921875,14957200,0.0,0.0
2023-01-05 00:00:00-05:00,88.87015707976406,89.66519852393662,87.75515803804926,89.12223815917969,11622600,0.0,0.0
2023-01-06 00:00:00-05:00,89.8397265854233,91.80793863045857,88.54050809539092,91.06137084960938,9828100,0.0,0.0
2023-01-09 00:00:00-05:00,91.55585012086676,92.78719208772917,90.60567496280908,91.885498046875,11675800,0.0,0.0
2023-01-10 00:00:00-05:00,91.41041900480683,92.72902557299368,90.96442081221132,92.65145874023438,6914600,0.0,0.0
2023-01-11 00:00:00-05:00,93.00050104714875,93.61133060180028,92.15698579119031,93.39802551269531,8757300,0.0,0.0
2023-01-12 00:00:00-05:00,95.50196937907535,97.56713620621684,94.60027536214714,96.7720947265625,19764300,0.0,0.0
2023-01-13 00:00:00-05:00,96.35518497751909,96.5684900580382,95.02688817148994,96.37458038330078,12230200,0.0,0.0
2023-01-17 00:00:00-05:00,97.26657374184391,97.91617926920499,95.98675069512937,96.86905670166016,14914200,0.0,0.0
2023-01-18 00:00:00-05:00,97.227799547206,98.05192681349331,95.71528327509374,96.02554321289062,11384500,0.0,0.0
2023-01-19 00:00:00-05:00,95.13354364295085,96.42305707432828,94.16398044503028,96.06432342529297,10973600,0.0,0.0
2023-01-20 00:00:00-05:00,97.28595604880633,100.43703606373776,96.27761695354603,100.33039093017578,14549900,0.0,0.0
2023-01-23 00:00:00-05:00,100.1461837440826,102.72521800770556,99.78744269735415,102.47313690185547,11479100,0.0,0.0
2023-01-24 00:00:00-05:00,101.5132618087568,105.13943342155478,98.89544418622863,102.77369689941406,8606700,0.0,0.0
2023-01-25 00:00:00-05:00,101.76535453506868,104.86796127285037,101.00909640812088,104.82917785644531,10008000,0.0,0.0
2023-01-26 00:00:00-05:00,104.87764589449831,106.4192551750248,104.29590947431431,106.36107635498047,9204400,0.0,0.0
2023-01-27 00:00:00-05:00,105.9344789886008,107.21430213707525,105.8375241464943,106.2059555053711,10249700,0.0,0.0
2023-01-30 00:00:00-05:00,104.96491294649113,105.65330192324343,104.20865484237397,104.31529998779297,8548500,0.0,0.0
2023-01-31 00:00:00-05:00,104.30560573554791,105.41090713777479,104.17955779151058,105.18790435791016,8251700,0.0,0.0
2023-02-01 00:00:00-05:00,105.19760571339059,106.5937790687581,103.64630609474895,106.06051635742188,9975500,0.0,0.0
2023-02-02 00:00:00-05:00,107.30155277397209,110.07450399383886,106.35138502285065,109.76424407958984,13093200,0.0,0.0
2023-02-03 00:00:00-05:00,108.07720975476809,109.69637850347766,107.01069172735615,107.34033966064453,12472500,0.0,0.0
2023-02-06 00:00:00-05:00,106.81678159022215,107.06887010669949,105.22669845031379,106.52591705322266,11956500,0.0,0.0
2023-02-07 00:00:00-05:00,105.97325383487168,108.70742158537352,105.54664368748654,108.23233032226562,10844000,0.0,0.0
2023-02-08 00:00:00-05:00,108.78498422445492,109.88059533580835,106.93312242464128,108.37776947021484,27719900,0.0,0.0
2023-02-09 00:00:00-05:00,114.44723724804498,114.58297549980205,106.46772911997206,107.00099182128906,46137200,0.0,0.0
2023-02-10 00:00:00-05:00,105.64360444543073,106.39986255116065,103.94686886051046,104.77099609375,15566000,0.0,0.0
2023-02-13 00:00:00-05:00,104.80978915371428,104.99400854412664,103.30697050708858,104.38318634033203,12341500,0.0,0.0
2023-02-14 00:00:00-05:00,103.56874933809176,105.1394445156532,102.59918605748908,104.38318634033203,10768100,0.0,0.0
2023-02-15 00:00:00-05:00,103.83051494228981,105.94416292063663,103.45238590279848,105.91507720947266,8156000,0.0,0.0
2023-02-16 00:00:00-05:00,104.27652128621574,104.73220975983567,102.48282351439849,102.60887145996094,9479900,0.0,0.0
2023-02-17 00:00:00-05:00,101.83321380570979,102.57978155416416,100.71821473284677,102.0174331665039,9492200,0.0,0.0
2023-02-21 00:00:00-05:00,100.39826521455412,100.57278687409193,98.73061544501046,98.98269653320312,10648200,0.0,0.0
2023-02-22 00:00:00-05:00,98.24584416724953,99.43840280132183,98.01314366537848,98.58518981933594,9885100,0.0,0.0
2023-02-23 00:00:00-05:00,98.36217547580866,98.94391926502405,96.57818288727483,98.63365936279297,10974800,0.0,0.0
2023-02-24 00:00:00-05:00,96.50061700200634,97.37322529714606,95.94796631461445,97.24718475341797,8523000,0.0,0.0
2023-02-27 00:00:00-05:00,97.66409251920928,98.38156712878626,97.01447963231598,97.39260864257812,6641200,0.0,0.0
2023-02-28 00:00:00-05:00,97.39261553111612,97.68348743520453,96.53940262146581,96.57818603515625,8233700,0.0,0.0
2023-03-01 00:00:00-05:00,96.17098144897673,96.5975842502885,95.11415365648811,95.54076385498047,7898300,0.0,0.0
2023-03-02 00:00:00-05:00,94.76510247664,96.2679283539606,94.45484255710555,95.90918731689453,7776600,0.0,0.0
2023-03-03 00:00:00-05:00,96.63635599666434,98.10039840333869,95.87040023150834,98.06161499023438,7434300,0.0,0.0
2023-03-06 00:00:00-05:00,98.51731158046687,99.57413185599592,97.43139819700843,97.59622955322266,6773300,0.0,0.0
2023-03-07 00:00:00-05:00,97.34414032363732,97.86770530468402,95.8800979172204,96.044921875,6951300,0.0,0.0
2023-03-08 00:00:00-05:00,95.98674652048143,96.58787830308923,95.30805531203664,96.27761840820312,5668700,0.0,0.0
2023-03-09 00:00:00-05:00,96.4230580012127,97.00480184330128,93.00050106320197,93.21380615234375,8275600,0.0,0.0
2023-03-10 00:00:00-05:00,92.69023500733427,92.98110690915627,90.00454835552061,90.7220230102539,13978800,0.0,0.0
2023-03-13 00:00:00-04:00,89.09315858730604,91.15832546454808,87.70668296629005,89.78154754638672,11915300,0.0,0.0
2023-03-14 00:00:00-04:00,91.13893719004564,91.42980909739646,89.52945879114955,90.51841735839844,10323600,0.0,0.0
2023-03-15 00:00:00-04:00,88.84106790416287,90.5184153920461,88.62777022687631,90.26632690429688,9543800,0.0,0.0
2023-03-16 00:00:00-04:00,89.84941760421259,91.68189141221507,89.093159511663,91.42011260986328,9931700,0.0,0.0
2023-03-17 00:00:00-04:00,91.18741583273882,91.40071350887132,90.08211445028451,90.36328125,12943200,0.0,0.0
2023-03-20 00:00:00-04:00,90.5862781716798,92.03092507868786,90.16936575456185,91.35223388671875,6657200,0.0,0.0
2023-03-21 00:00:00-04:00,92.27331941135675,93.9021857321848,92.27331941135675,93.60162353515625,7285800,0.0,0.0
2023-03-22 00:00:00-04:00,94.48393267187097,94.9493262714508,91.93398407052695,92.01155090332031,8811100,0.0,0.0
2023-03-23 00:00:00-04:00,92.37998341913428,94.06702136900552,91.87581379403015,92.91324615478516,9527000,0.0,0.0
2023-03-24 00:00:00-04:00,91.9242762577691,92.10849561609874,90.1887574000779,91.21649932861328,9534600,0.0,0.0
2023-03-27 00:00:00-04:00,91.89519596512267,93.09745222335259,91.50736921812529,92.70963287353516,7487900,0.0,0.0
2023-03-28 00:00:00-04:00,92.60298382801011,93.07806772749205,91.71098005709801,91.9339828491211,5426100,0.0,0.0
2023-03-29 00:00:00-04:00,93.15563687337247,93.9603761292472,92.44785246101968,93.92159271240234,5889100,0.0,0.0
2023-03-30 00:00:00-04:00,95.72497288922399,95.90918485732415,94.69723092191362,95.11414337158203,7669500,0.0,0.0
2023-03-31 00:00:00-04:00,95.88010303251954,97.15022844121142,95.50197398111997,97.08235931396484,8920000,0.0,0.0
2023-04-03 00:00:00-04:00,97.15992565647436,97.37323074022983,96.24853389758462,96.72362518310547,7313200,0.0,0.0
2023-04-04 00:00:00-04:00,97.24718251568036,97.36352535423542,95.75405444439484,96.53939819335938,6794200,0.0,0.0
2023-04-05 00:00:00-04:00,96.66544193309174,97.13083549425144,95.62800967096086,96.86905670166016,7747200,0.0,0.0
2023-04-06 00:00:00-04:00,96.41336354081393,97.26657646343727,95.55045291532558,96.92723083496094,7042500,0.0,0.0
2023-04-10 00:00:00-04:00,96.27762600698507,97.74166107177734,95.8897992584731,97.74166107177734,8016600,0.0,0.0
2023-04-11 00:00:00-04:00,98.08101510110322,98.80818748804315,97.23749246926809,97.36353302001953,7504600,0.0,0.0
2023-04-12 00:00:00-04:00,98.16826647135915,99.10874388678165,94.72631441645447,94.95901489257812,9289200,0.0,0.0
2023-04-13 00:00:00-04:00,95.51166781005261,97.99374710259812,95.51166781005261,97.77074432373047,8745000,0.0,0.0
2023-04-14 00:00:00-04:00,97.4411038244497,97.7901471761923,95.9188898615868,96.85936737060547,7337300,0.0,0.0
2023-04-17 00:00:00-04:00,96.53940041481029,97.50896354337007,96.13218567613829,97.24718475341797,6705300,0.0,0.0
2023-04-18 00:00:00-04:00,97.54774942527375,98.07131441560992,96.56848856943131,97.8580093383789,8180100,0.0,0.0
2023-04-19 00:00:00-04:00,96.74301074689278,96.79149186367735,95.3662328374973,95.7443618774414,11523300,0.0,0.0
2023-04-20 00:00:00-04:00,94.77480020002753,95.57953940927422,94.42575686582848,95.0850601196289,7762700,0.0,0.0
2023-04-21 00:00:00-04:00,95.17231806008114,96.68483413873267,94.74570792623399,96.53939819335938,9468000,0.0,0.0
2023-04-24 00:00:00-04:00,97.10174533721073,97.67378401198738,95.66678870342528,96.64604949951172,8540600,0.0,0.0
2023-04-25 00:00:00-04:00,96.35517502577373,96.67513261350658,95.0268783569336,95.0268783569336,6511400,0.0,0.0
2023-04-26 00:00:00-04:00,94.86206086352323,95.48258812298741,93.5240662974448,93.66950225830078,8634500,0.0,0.0
2023-04-27 00:00:00-04:00,94.1736558794294,97.02417359826863,93.76644117593207,96.88843536376953,8166500,0.0,0.0
2023-04-28 00:00:00-04:00,96.3454960391817,99.43839755906474,96.06432182879597,99.3802261352539,11329700,0.0,0.0
2023-05-01 00:00:00-04:00,99.29296186053186,99.48687152407952,98.5173084119822,99.09904479980469,6909500,0.0,0.0
2023-05-02 00:00:00-04:00,98.24583980327486,98.60457344932576,96.58788763628536,97.53805541992188,6955900,0.0,0.0
2023-05-03 00:00:00-04:00,97.98405555699598,99.45779577743613,97.57684078444551,97.79014587402344,7772100,0.0,0.0
2023-05-04 00:00:00-04:00,96.51032346426601,96.51032346426601,93.66950294385147,94.48393249511719,13260700,0.0,0.0
2023-05-05 00:00:00-04:00,95.58922265400244,97.78043733523911,95.12383650756775,97.46047973632812,9300100,0.0,0.0
2023-05-08 00:00:00-04:00,98.60456531979989,100.74730630223686,98.59487501466994,99.8359146118164,10810100,0.0,0.0
2023-05-09 00:00:00-04:00,99.77775357590238,99.84562270477241,98.98270464173876,99.0699691772461,6829900,0.0,0.0
2023-05-10 00:00:00-04:00,99.8650030150969,100.10739379911413,96.99509701999452,98.06161499023438,19525200,0.0,0.0
2023-05-11 00:00:00-04:00,91.91459145918968,92.21515367474082,89.08346138141596,89.50037384033203,57127200,0.0,0.0
2023-05-12 00:00:00-04:00,89.52945486517166,90.05301983713623,88.46293691361993,89.19010925292969,21837500,0.0,0.0
2023-05-15 00:00:00-04:00,88.7538073705271,90.04332807333773,87.93937051715955,90.03363037109375,16792000,0.0,0.0
2023-05-16 00:00:00-04:00,89.23860352611719,89.60703490270858,88.01695174473218,88.21086883544922,17013300,0.0,0.0
2023-05-17 00:00:00-04:00,88.24964490571094,90.21786454238988,88.08482092639487,89.94638061523438,12461600,0.0,0.0
2023-05-18 00:00:00-04:00,90.02393635971549,91.37162853688478,89.64580732567114,90.90624237060547,15014800,0.0,0.0
2023-05-19 00:00:00-04:00,90.16937606919055,90.16937606919055,88.54050962495667,88.56959533691406,16429000,0.0,0.0
2023-05-22 00:00:00-04:00,88.55020755294025,89.14164168817624,87.15403419799888,89.0252914428711,14150600,0.0,0.0
2023-05-23 00:00:00-04:00,88.3272060950527,89.22890016749616,87.0764686786195,87.08616638183594,14778700,0.0,0.0
2023-05-24 00:00:00-04:00,86.7177269145181,86.76620063170427,85.71907809489326,86.3589859008789,15350800,0.0,0.0
2023-05-25 00:00:00-04:00,86.83408397438154,86.83408397438154,85.11796024360713,85.45730590820312,13605800,0.0,0.0
2023-05-26 00:00:00-04:00,85.79664711153524,86.52381952522107,85.41851804819304,85.60273742675781,12892700,0.0,0.0
2023-05-30 00:00:00-04:00,86.2620327691727,86.2620327691727,84.36168992402744,85.14703369140625,14800700,0.0,0.0
2023-05-31 00:00:00-04:00,84.91435213228553,85.4863909053498,84.49743963437164,85.28278350830078,11440600,0.0,0.0
2023-06-01 00:00:00-04:00,85.70938848567839,86.34929635208722,84.45865106817453,85.89360046386719,11993200,0.0,0.0
2023-06-02 00:00:00-04:00,86.9019314075125,88.55988329526718,86.87284570026435,88.00723266601562,14350200,0.0,0.0
2023-06-05 00:00:00-04:00,88.42415717054942,88.96711756984747,86.71773133612658,88.2302474975586,18506700,0.0,0.0
2023-06-06 00:00:00-04:00,88.3272003657251,89.69428794053906,88.24963353938537,89.35494232177734,12109100,0.0,0.0
2023-06-07 00:00:00-04:00,89.95607563353886,90.24694756250292,89.06407923391367,89.70398712158203,11082400,0.0,0.0
2023-06-08 00:00:00-04:00,89.70398637856466,89.85912004530864,88.52112545695347,89.71368408203125,9030200,0.0,0.0
2023-06-09 00:00:00-04:00,89.95606996626063,90.09180821864416,88.76351140643668,89.13194274902344,9625400,0.0,0.0
2023-06-12 00:00:00-04:00,89.44220410047603,90.39237927955469,88.9768105154379,90.30511474609375,12341600,0.0,0.0
2023-06-13 00:00:00-04:00,91.25529359899582,91.56555353578523,90.59599030867079,90.9935073852539,12964400,0.0,0.0
2023-06-14 00:00:00-04:00,91.39103047236496,91.64311158162008,89.122248708807,89.63611602783203,15877400,0.0,0.0
2023-06-15 00:00:00-04:00,89.2579857056323,90.67354708807915,88.82168522508736,90.1112060546875,13354600,0.0,0.0
2023-06-16 00:00:00-04:00,90.05302832620889,90.14029286168564,88.0945138958027,88.54051208496094,22683400,0.0,0.0
2023-06-20 00:00:00-04:00,87.5418602922441,88.0169441785954,87.00859758508855,87.01829528808594,14939200,0.0,0.0
2023-06-21 00:00:00-04:00,86.82439136787318,86.94073422283545,85.42821793088193,85.94208526611328,17873000,0.0,0.0
2023-06-22 00:00:00-04:00,85.74818002120516,86.47535249113483,85.43792006325573,85.7966537475586,10915300,0.0,0.0
2023-06-23 00:00:00-04:00,85.34095123360662,85.70938999081473,84.94343416057403,85.41851806640625,13538000,0.0,0.0
2023-06-26 00:00:00-04:00,85.3603514854467,86.76621527313038,85.09856525918403,86.00025939941406,13132700,0.0,0.0
2023-06-27 00:00:00-04:00,86.19417030373826,86.93104040989213,85.79664583950387,86.34929656982422,10032700,0.0,0.0
2023-06-28 00:00:00-04:00,86.66925767529233,86.6789553789301,85.83543269477555,86.12630462646484,12118300,0.0,0.0
2023-06-29 00:00:00-04:00,85.12765348095603,86.40747663255345,84.68164789125332,86.24264526367188,13402600,0.0,0.0
2023-06-30 00:00:00-04:00,86.46564434395103,86.87285910260614,85.91299362943907,86.5625991821289,12837500,0.0,0.0
2023-07-03 00:00:00-04:00,86.40747360890161,88.181768613515,86.20386622795188,87.74546813964844,7979500,0.0,0.0
2023-07-05 00:00:00-04:00,87.36733541037127,87.63881190687142,86.53351051558953,87.05707550048828,11028800,0.0,0.0
2023-07-06 00:00:00-04:00,85.97116285771233,86.12629651257974,85.1082522447568,86.03903198242188,12084600,0.0,0.0
2023-07-07 00:00:00-04:00,85.62212762060604,86.99891304749707,85.39913221714136,85.94208526611328,9705100,0.0,0.0
2023-07-10 00:00:00-04:00,85.56395402861048,85.98086650843314,85.18582496518765,85.41851806640625,13642600,0.0,0.0
2023-07-11 00:00:00-04:00,85.51545995458862,86.86315203231213,85.46698623931708,86.76619720458984,13735500,0.0,0.0
2023-07-12 00:00:00-04:00,87.36733688625496,87.9490733024653,86.84377189251171,87.40612030029297,14912100,0.0,0.0
2023-07-13 00:00:00-04:00,87.79395171990298,88.04603282880748,86.36869261610327,87.71638488769531,15325500,0.0,0.0
2023-07-14 00:00:00-04:00,87.65821031842363,87.7357697506695,85.72877427165018,85.92269134521484,17770000,0.0,0.0
2023-07-17 00:00:00-04:00,85.72877717553688,85.79664630428844,82.70374469726126,82.95582580566406,34503400,0.0,0.0
2023-07-18 00:00:00-04:00,82.90735108064959,84.6428700916523,82.71343400286204,83.33395385742188,21885100,0.0,0.0
2023-07-19 00:00:00-04:00,83.57634069415823,85.21490478716784,83.56665038861341,84.39077758789062,17177000,0.0,0.0
2023-07-20 00:00:00-04:00,84.19686647716034,84.52652181850588,83.41152263603,83.58604431152344,15277500,0.0,0.0
2023-07-21 00:00:00-04:00,83.67330682536833,85.22460646049075,83.26608466093982,84.52651977539062,19901000,0.0,0.0
2023-07-24 00:00:00-04:00,84.8270830269343,85.28277891840551,83.91569864117213,83.96417236328125,13911900,0.0,0.0
2023-07-25 00:00:00-04:00,83.12065914036569,83.68300019311081,82.56800839397137,83.02369689941406,15335400,0.0,0.0
2023-07-26 00:00:00-04:00,83.06247709811394,83.64421353538228,82.84917201177352,83.24669647216797,14983700,0.0,0.0
2023-07-27 00:00:00-04:00,83.96417343676661,84.23564995502535,82.59709314205506,82.76191711425781,16691400,0.0,0.0
2023-07-28 00:00:00-04:00,83.24669744650261,83.9447841382672,82.84917298145547,83.50847625732422,13638300,0.0,0.0
2023-07-31 00:00:00-04:00,84.35199729808369,86.64016701196704,84.23564705261875,86.1844711303711,20837800,0.0,0.0
2023-08-01 00:00:00-04:00,86.40747021813351,86.99890432885583,85.76755499124846,86.32020568847656,13717500,0.0,0.0
2023-08-02 00:00:00-04:00,85.57365236064126,85.64152149054443,83.63452590948715,83.67330932617188,15162700,0.0,0.0
2023-08-03 00:00:00-04:00,83.20791233866355,83.82843218601886,82.84917129680684,82.88795471191406,14145400,0.0,0.0
2023-08-04 00:00:00-04:00,83.32426597318971,84.45865317179157,82.84917466668709,83.67330932617188,11533900,0.0,0.0
2023-08-07 00:00:00-04:00,84.02234797224374,84.57499868397609,83.37273502564118,84.18717193603516,10818400,0.0,0.0
2023-08-08 00:00:00-04:00,83.86720849249548,85.6415107480644,83.4793817714758,85.44759368896484,16767900,0.0,0.0
2023-08-09 00:00:00-04:00,86.4850396864706,86.83408305125316,84.39078689495587,84.82708740234375,32517900,0.0,0.0
2023-08-10 00:00:00-04:00,87.23160585237903,89.7136853787147,85.07917427686836,88.96712493896484,56716800,0.0,0.0
2023-08-11 00:00:00-04:00,88.5405069414534,88.56959265252925,86.15538246989622,86.31050872802734,21998900,0.0,0.0
2023-08-14 00:00:00-04:00,86.28143238815647,86.58200202867198,85.31186912869623,86.1069107055664,13676400,0.0,0.0
2023-08-15 00:00:00-04:00,85.31186559866404,85.54456609727588,84.24534753682426,84.41017150878906,13677900,0.0,0.0
2023-08-16 00:00:00-04:00,83.90599824038976,84.41016783776159,83.46000006655085,83.7217788696289,12182700,0.0,0.0
2023-08-17 00:00:00-04:00,84.27443383150218,84.31321724820516,83.18852775254018,83.30487060546875,14206000,0.0,0.0
2023-08-18 00:00:00-04:00,82.77161208715104,84.08052091253667,82.77161208715104,83.3436508178711,12364400,0.0,0.0
2023-08-21 00:00:00-04:00,83.19821363734358,83.62482380122424,82.8103942852848,83.26608276367188,11215000,0.0,0.0
2023-08-22 00:00:00-04:00,83.10126617164742,83.46969754766062,82.77161821371678,83.1788330078125,9835300,0.0,0.0
2023-08-23 00:00:00-04:00,83.19821018571403,83.70238715796174,83.03338622820907,83.21760559082031,7576000,0.0,0.0
2023-08-24 00:00:00-04:00,82.90734998288225,83.33395275400594,79.95017931110415,79.95987701416016,27531000,0.0,0.0
2023-08-25 00:00:00-04:00,80.54161022389093,81.10395862376531,79.95017611319197,80.82278442382812,16050900,0.0,0.0
2023-08-28 00:00:00-04:00,81.27849204730187,82.11231706510404,80.98762010260593,81.59844970703125,12166400,0.0,0.0
2023-08-29 00:00:00-04:00,81.23969687075831,81.97656693274503,81.18152544911032,81.83113098144531,11210700,0.0,0.0
2023-08-30 00:00:00-04:00,81.83113295812998,82.10260946195127,81.27848224758525,81.71478271484375,11816600,0.0,0.0
2023-08-31 00:00:00-04:00,81.8893148254902,82.03475079885217,81.09427322124975,81.133056640625,10448000,0.0,0.0
2023-09-01 00:00:00-04:00,79.61083965229356,79.72718990615988,78.07892793036663,79.15514373779297,27701900,0.0,0.0
2023-09-05 00:00:00-04:00,78.94183695474855,79.8823144778721,78.7091438491571,78.71884155273438,12741700,0.0,0.0
2023-09-06 00:00:00-04:00,78.33101651472995,79.59144431203477,78.07892799639674,78.5152359008789,15518500,0.0,0.0
2023-09-07 00:00:00-04:00,78.36009709749611,78.38918280978744,77.32266477508438,78.11770629882812,14768000,0.0,0.0
2023-09-08 00:00:00-04:00,78.08861543154292,79.18421910621142,77.72987441021164,79.09696197509766,16220900,0.0,0.0
2023-09-11 00:00:00-04:00,79.44600556179101,81.29786730107482,78.69943780623989,80.00834655761719,26579100,0.0,0.0
2023-09-12 00:00:00-04:00,80.50283902084371,82.09292222932461,80.05684079379964,81.133056640625,16594600,0.0,0.0
2023-09-13 00:00:00-04:00,80.8130923678706,81.49179105564625,80.5900969711808,80.93914031982422,9772700,0.0,0.0
2023-09-14 00:00:00-04:00,81.44331304999393,82.1607877842238,80.51253321708424,81.90870666503906,22371900,0.0,0.0
2023-09-15 00:00:00-04:00,82.62616878845199,83.56664618153786,82.03473470408211,82.97521209716797,21631200,0.0,0.0
2023-09-18 00:00:00-04:00,82.645556040738,83.30485924038075,82.39347496233002,82.4322509765625,11894200,0.0,0.0
2023-09-19 00:00:00-04:00,81.36575329449003,82.20927605889015,79.22301921189096,79.4460220336914,21478900,0.0,0.0
2023-09-20 00:00:00-04:00,79.53326709354607,80.66765424769014,79.15513804216472,80.04713439941406,12715200,0.0,0.0
2023-09-21 00:00:00-04:00,79.56233936170526,81.12333642171465,79.42660113015476,80.21195220947266,14378000,0.0,0.0
2023-09-22 00:00:00-04:00,80.38649426485198,80.81309707356115,78.72853456366377,78.77701568603516,11495300,0.0,0.0
2023-09-25 00:00:00-04:00,79.07757448979712,79.28118187996711,78.10801126202745,78.54431915283203,11034400,0.0,0.0
2023-09-26 00:00:00-04:00,78.04984115038876,78.28253425776322,77.36145213473642,77.61354064941406,14867900,0.0,0.0
2023-09-27 00:00:00-04:00,77.68140658995544,78.1080093697564,76.80879822666675,77.46810150146484,14662500,0.0,0.0
2023-09-28 00:00:00-04:00,77.83653704211838,78.45705693445488,77.22571485355668,77.69110107421875,12229800,0.0,0.0
2023-09-29 00:00:00-04:00,78.20497031359754,78.85457587439107,77.96257951653905,78.58309936523438,11261400,0.0,0.0
2023-10-02 00:00:00-04:00,78.45706212868087,79.28118947176571,78.33102155998638,79.18423461914062,9128100,0.0,0.0
2023-10-03 00:00:00-04:00,78.77701665546493,79.39753656411506,77.04149749317823,77.11906433105469,12586200,0.0,0.0
2023-10-04 00:00:00-04:00,77.18692065270565,77.36144231036859,76.33370776923105,76.90574645996094,12010500,0.0,0.0
2023-10-05 00:00:00-04:00,76.6924505840598,78.47645078706435,76.47914548832422,78.35040283203125,15466600,0.0,0.0
2023-10-06 00:00:00-04:00,78.58309928793203,80.98761184996607,78.04013887297266,80.41557312011719,15391100,0.0,0.0
2023-10-09 00:00:00-04:00,81.73418227829409,82.29652332316616,80.59978769079382,82.12200164794922,13604400,0.0,0.0
2023-10-10 00:00:00-04:00,82.20925805894699,82.69403962028255,81.37543318167543,82.40316772460938,9450600,0.0,0.0
2023-10-11 00:00:00-04:00,82.77161783146246,83.11096349164174,81.69540202547915,82.26744079589844,9499200,0.0,0.0
2023-10-12 00:00:00-04:00,82.2480550685672,82.48074818526626,80.96823183095117,81.78266143798828,9554900,0.0,0.0
2023-10-13 00:00:00-04:00,81.38514433850992,82.00566424782795,80.84218386997104,81.78266143798828,10808000,0.0,0.0
2023-10-16 00:00:00-04:00,81.74387492934245,83.31457005135049,81.74387492934245,83.10126495361328,10275100,0.0,0.0
2023-10-17 00:00:00-04:00,82.75222008615468,83.66361188818685,82.71343666934689,83.57634735107422,9985700,0.0,0.0
2023-10-18 00:00:00-04:00,83.08186857843916,83.6345192773059,82.02504089983235,82.10260772705078,10047000,0.0,0.0
2023-10-19 00:00:00-04:00,82.66495714163725,82.67464744727346,80.6385662895068,80.71613311767578,14316800,0.0,0.0
2023-10-20 00:00:00-04:00,80.37679021241286,80.90035522451123,80.09561599866483,80.1343994140625,10437000,0.0,0.0
2023-10-23 00:00:00-04:00,79.58175037565987,81.47239568397411,78.44736319067131,80.5707015991211,10772500,0.0,0.0
2023-10-24 00:00:00-04:00,80.87126902660016,81.63721743526901,79.25209288148659,80.04713439941406,11499500,0.0,0.0
2023-10-25 00:00:00-04:00,79.63022854015131,80.03745073458037,78.06923108685183,78.13710021972656,9372500,0.0,0.0
2023-10-26 00:00:00-04:00,77.6426251624685,78.15649249034804,77.00270988060917,77.35175323486328,11651000,0.0,0.0
2023-10-27 00:00:00-04:00,77.32267349154284,78.56371333707446,76.81850382823849,76.91545867919922,10300600,0.0,0.0
2023-10-30 00:00:00-04:00,77.29357030186283,78.46674074677985,77.10935094865809,78.22434997558594,10291200,0.0,0.0
2023-10-31 00:00:00-04:00,78.23405796228025,79.18422576784887,77.8850146141015,79.10665893554688,8672200,0.0,0.0
2023-11-01 00:00:00-04:00,79.04849149860348,79.0969726205336,77.7395825754773,78.60249328613281,9093000,0.0,0.0
2023-11-02 00:00:00-04:00,79.35874006710985,80.76461103250973,79.32965435699461,80.75491333007812,11518500,0.0,0.0
2023-11-03 00:00:00-04:00,81.60812747596574,83.31456066850514,81.59843717056393,82.4807357788086,11331800,0.0,0.0
2023-11-06 00:00:00-05:00,82.49043422544037,83.18852087401127,81.04577981213343,81.46269226074219,14160900,0.0,0.0
2023-11-07 00:00:00-05:00,81.59844525283414,82.1026148793145,81.39483046435316,82.01535034179688,10540200,0.0,0.0
2023-11-08 00:00:00-05:00,81.57904960187676,82.33530773792675,81.39483022103059,81.92809295654297,26942600,0.0,0.0
2023-11-09 00:00:00-05:00,85.16642413934451,88.43385464061785,84.93373105293195,87.59033203125,51062700,0.0,0.0
2023-11-10 00:00:00-05:00,87.38672392472587,87.41581703281636,84.29382251061867,85.58333587646484,25175700,0.0,0.0
2023-11-13 00:00:00-05:00,85.72876913812286,87.16372580785472,84.74951571468499,86.71772766113281,12834400,0.0,0.0
2023-11-14 00:00:00-05:00,87.28977199548092,88.75381446989398,87.25098858058216,88.2981185913086,13152000,0.0,0.0
2023-11-15 00:00:00-05:00,90.1596760736081,91.6915876399713,89.91728528388657,91.0710678100586,20593100,0.0,0.0
2023-11-16 00:00:00-05:00,91.03229098654795,91.73037769503442,90.78020247577663,91.6334228515625,12923900,0.0,0.0
2023-11-17 00:00:00-05:00,91.86610682254239,92.47692893315352,91.06136764708513,91.28437042236328,12189300,0.0,0.0
2023-11-20 00:00:00-05:00,91.11955159267036,92.68054151873987,91.01289905029827,92.13758850097656,14105300,0.0,0.0
2023-11-21 00:00:00-05:00,91.84671734591593,92.06971272044848,91.10014960326113,91.57523345947266,7654800,0.0,0.0
2023-11-22 00:00:00-05:00,92.02124245534227,92.79688853988506,91.87580650287181,92.1763687133789,7328200,0.0,0.0
2023-11-24 00:00:00-05:00,92.01154110177531,93.57253830884963,92.01154110177531,93.13623046875,5440500,0.0,0.0
2023-11-27 00:00:00-05:00,92.82598143287899,92.82598143287899,91.64311311046457,92.27333068847656,11049500,0.0,0.0
2023-11-28 00:00:00-05:00,92.1085011250264,92.2442393770152,89.63611208332476,89.6845932006836,18660300,0.0,0.0
2023-11-29 00:00:00-05:00,89.78154803822132,90.40206787507869,88.65685860785983,89.6845932006836,13857000,0.0,0.0
2023-11-30 00:00:00-05:00,90.70263747870001,91.00319969419085,89.39372128194196,89.86881256103516,13396700,0.0,0.0
2023-12-01 00:00:00-05:00,89.91727987504514,90.0142347056656,88.97680248394988,89.76215362548828,11898200,0.0,0.0
2023-12-04 00:00:00-05:00,89.10285826100241,89.59733755700717,88.82168404943815,89.20951080322266,12602800,0.0,0.0
2023-12-05 00:00:00-05:00,88.8216833560236,88.98650732101173,87.19281692058898,88.02664184570312,12357000,0.0,0.0
2023-12-06 00:00:00-05:00,88.33689782458048,89.7330711061247,87.86181395962488,88.71502685546875,10462000,0.0,0.0
2023-12-07 00:00:00-05:00,89.00589876670333,90.54750060096396,88.86046281699315,89.53915405273438,10264700,0.0,0.0
2023-12-08 00:00:00-05:00,89.54888299464426,90.98851639630033,89.54888299464426,90.28815460205078,9498200,0.3,0.0
2023-12-11 00:00:00-05:00,90.20062336966639,90.54107499698529,89.46135167799616,89.68507385253906,10811000,0.0,0.0
2023-12-12 00:00:00-05:00,89.60724622175897,89.68505842226654,88.38161315299166,88.58588409423828,13218400,0.0,0.0
2023-12-13 00:00:00-05:00,88.68316575555879,90.33679952512837,88.3038043295262,90.29788970947266,10173200,0.0,0.0
2023-12-14 00:00:00-05:00,90.66751813338973,92.24333220746513,90.66751813338973,91.37760925292969,12439300,0.0,0.0
2023-12-15 00:00:00-05:00,90.51189293021261,91.38733783644359,90.39516347944706,90.91070556640625,17551600,0.0,0.0
2023-12-18 00:00:00-05:00,90.17142526136175,91.15387763610961,90.17142526136175,90.32706451416016,9083600,0.0,0.0
2023-12-19 00:00:00-05:00,90.11305302657185,91.42622751799847,90.08387252562925,91.36786651611328,8804000,0.0,0.0
2023-12-20 00:00:00-05:00,90.69670713426376,91.69861082125254,88.76099008596631,88.78044128417969,13060600,0.0,0.0
2023-12-21 00:00:00-05:00,89.42243772847655,89.5683476823823,88.57616593285408,89.50997924804688,13037200,0.0,0.0
2023-12-22 00:00:00-05:00,89.12089413736176,89.72397771679998,88.27462235878725,88.5372543334961,9419800,0.0,0.0
2023-12-26 00:00:00-05:00,88.36215423363093,88.78042542273491,88.12870279033426,88.46915435791016,8086900,0.0,0.0
2023-12-27 00:00:00-05:00,88.43026047478516,88.45944098034325,87.58398870715907,87.91471099853516,11123500,0.0,0.0
2023-12-28 00:00:00-05:00,87.63260915680964,88.4983394311687,87.51588714956502,87.93415832519531,8479600,0.0,0.0
2023-12-29 00:00:00-05:00,87.66180256149411,88.12870546224315,87.40889249450383,87.82716369628906,9211000,0.0,0.0
2024-01-02 00:00:00-05:00,87.6423484685286,88.98471107536552,87.2824456767265,88.23571014404297,10587600,0.0,0.0
2024-01-03 00:00:00-05:00,87.7688127335412,89.56834906947765,87.54508314458248,89.15007781982422,11929800,0.0,0.0
2024-01-04 00:00:00-05:00,89.43216054658811,89.43216054658811,87.5450754346295,88.08979797363281,12087400,0.0,0.0
2024-01-05 00:00:00-05:00,87.94389998038982,88.82907415185338,87.89526085635063,88.4205322265625,9092100,0.0,0.0
2024-01-08 00:00:00-05:00,89.05279541015625,89.43215679408557,88.51779478087764,89.05279541015625,11103700,0.0,0.0
2024-01-09 00:00:00-05:00,88.56644564136121,88.61507734601406,87.15599262323242,87.22408294677734,11255100,0.0,0.0
2024-01-10 00:00:00-05:00,87.36998079158086,87.36998079158086,86.4556187839128,86.85443878173828,15091600,0.0,0.0
2024-01-11 00:00:00-05:00,86.95171741891849,87.33107883466752,86.27081421662237,87.01007843017578,9642200,0.0,0.0
2024-01-12 00:00:00-05:00,87.20462537874484,88.35243890700177,87.20462537874484,87.88552856445312,11919400,0.0,0.0
2024-01-16 00:00:00-05:00,87.82716878724415,90.5507889895906,87.01980684051028,90.51188659667969,16780900,0.0,0.0
2024-01-17 00:00:00-05:00,90.054698350094,91.20251180260982,87.64234201180582,87.87579345703125,15735200,0.0,0.0
2024-01-18 00:00:00-05:00,88.18707739028379,89.98661359168601,87.94389662195137,89.69479370117188,12203200,0.0,0.0
2024-01-19 00:00:00-05:00,89.8017934520622,91.0274265972199,89.13061215949925,90.5216064453125,19790100,0.0,0.0
2024-01-22 00:00:00-05:00,90.33678668533797,92.63241353372248,90.33678668533797,92.48650360107422,15119400,0.0,0.0
2024-01-23 00:00:00-05:00,92.82696604007964,93.27441777702043,90.63833905776524,91.21224212646484,11559400,0.0,0.0
2024-01-24 00:00:00-05:00,91.84451130032414,92.65187323667148,90.71615638821771,90.9496078491211,10454900,0.0,0.0
2024-01-25 00:00:00-05:00,91.3581522496577,92.35033397277873,91.19279110290032,92.27251434326172,8661600,0.0,0.0
2024-01-26 00:00:00-05:00,92.40869968587953,92.92424177040508,92.11687977098757,92.75888061523438,7812800,0.0,0.0
2024-01-29 00:00:00-05:00,92.8172358912438,94.84050170880755,92.40869397268428,94.83077239990234,13422200,0.0,0.0
2024-01-30 00:00:00-05:00,93.88723463573892,94.87941639898679,93.39115117540362,94.29578399658203,9139600,0.0,0.0
2024-01-31 00:00:00-05:00,93.78994883792441,94.9085817597663,93.19658722080707,93.43004608154297,9592300,0.0,0.0
2024-02-01 00:00:00-05:00,93.74131702945175,95.25876251598821,93.28413603766514,94.41249084472656,8484800,0.0,0.0
2024-02-02 00:00:00-05:00,93.653777680168,94.75295951870353,93.2063259504579,94.4805908203125,9321300,0.0,0.0
2024-02-05 00:00:00-05:00,94.06231883499937,94.71404893855329,93.85804787882451,94.01368713378906,11679300,0.0,0.0
2024-02-06 00:00:00-05:00,94.27632381215513,96.6108608042939,94.1498724771421,96.58168029785156,16455500,0.0,0.0
2024-02-07 00:00:00-05:00,94.7334951973553,96.57194112839917,94.00395292563034,96.43576049804688,28886300,0.0,0.0
2024-02-08 00:00:00-05:00,104.15919719541115,109.69398689965745,103.88683589947775,107.52481842041016,60558400,0.0,0.0
2024-02-09 00:00:00-05:00,106.61045048363906,107.14545115819766,104.75255321808596,105.43345642089844,21509100,0.0,0.0
2024-02-12 00:00:00-05:00,104.93736344691376,108.03062314548087,104.88873174557165,106.30890655517578,13424000,0.0,0.0
2024-02-13 00:00:00-05:00,105.32645434685078,107.63181072756687,105.25836402782312,107.44699096679688,14594500,0.0,0.0
2024-02-14 00:00:00-05:00,107.56371858202652,108.63371247198675,106.67853702840986,108.51698303222656,11405500,0.0,0.0
2024-02-15 00:00:00-05:00,108.05007983907842,109.83988671642321,108.05007983907842,109.38270568847656,9961900,0.0,0.0
2024-02-16 00:00:00-05:00,108.96444251004375,109.48971389442735,108.12790744004977,108.55590057373047,8782200,0.0,0.0
2024-02-20 00:00:00-05:00,107.82636216890037,108.09872346974751,106.36727741040026,106.45482635498047,9770900,0.0,0.0
2024-02-21 00:00:00-05:00,105.52099632387164,106.24080927968039,104.31481443747163,104.73308563232422,10427500,0.0,0.0
2024-02-22 00:00:00-05:00,105.04437007262263,105.53073164383562,104.4801962901949,104.70391845703125,9266200,0.0,0.0
2024-02-23 00:00:00-05:00,104.63581684325565,105.0540880462171,102.9432808360272,104.80117797851562,11724000,0.0,0.0
2024-02-26 00:00:00-05:00,104.58718910399149,105.7933711450314,104.45100845763031,104.74282836914062,8694200,0.0,0.0
2024-02-27 00:00:00-05:00,104.84009090500734,106.59099539297279,104.84009090500734,106.43535614013672,7595000,0.0,0.0
2024-02-28 00:00:00-05:00,105.81282035128292,108.0111766917684,105.69609832590625,107.77772521972656,10773000,0.0,0.0
2024-02-29 00:00:00-05:00,108.10844507752843,109.6745298671167,107.94308393112179,108.53644561767578,11658300,0.0,0.0
2024-03-01 00:00:00-05:00,108.40026361292091,109.09089611683022,108.00144358347693,108.89634704589844,7242400,0.0,0.0
2024-03-04 00:00:00-05:00,109.59671593250704,111.01689084617605,108.75045153851909,110.58889770507812,11558900,0.0,0.0
2024-03-05 00:00:00-05:00,110.51106510747498,112.04796929094088,109.20761237552038,109.79125213623047,14929600,0.0,0.0
2024-03-06 00:00:00-05:00,109.99552732342976,110.20952758776644,106.26999615757452,107.05789947509766,14743900,0.0,0.0
2024-03-07 00:00:00-05:00,107.68044194747104,108.05008146735808,106.22135732801323,107.17462921142578,8609300,0.0,0.0
2024-03-08 00:00:00-05:00,107.17463326121641,108.27380771107856,106.3575419843749,107.3108139038086,10009200,0.0,0.0
2024-03-11 00:00:00-04:00,107.087082163212,109.83016842059192,107.02872115221695,109.24652862548828,8794300,0.0,0.0
2024-03-12 00:00:00-04:00,109.45080180807874,109.86907304504388,108.59480813718451,109.39244079589844,8085000,0.0,0.0
2024-03-13 00:00:00-04:00,109.66479453255371,111.01687897777754,109.37298207045016,109.43134307861328,7267900,0.0,0.0
2024-03-14 00:00:00-04:00,108.69207820592953,109.28543989658242,106.52290982710004,109.00334930419922,10520500,0.0,0.0
2024-03-15 00:00:00-04:00,108.55589544837811,109.87879944556131,108.36135379873456,108.89634704589844,15364200,0.0,0.0
2024-03-18 00:00:00-04:00,109.22706892726434,111.3086955986656,109.22706892726434,110.74451446533203,11820800,0.0,0.0
2024-03-19 00:00:00-04:00,110.31652649720651,112.02851375034838,110.15115793577772,111.38652038574219,10999700,0.0,0.0
2024-03-20 00:00:00-04:00,111.48378904210783,113.3319643161915,111.2406082802886,113.2833251953125,11699600,0.0,0.0
2024-03-21 00:00:00-04:00,113.79887526216159,114.15878548674314,112.69970081275234,113.51678466796875,10353500,0.0,0.0
2024-03-22 00:00:00-04:00,113.73077397099404,114.4505943507269,112.68023132594152,112.70941925048828,7144800,0.0,0.0
2024-03-25 00:00:00-04:00,113.77943258977919,116.15287954543966,113.68216175514978,116.10424041748047,12103600,0.0,0.0
2024-03-26 00:00:00-04:00,116.36686387309452,117.11586482947968,114.96614763039192,116.65868377685547,11870000,0.0,0.0
2024-03-27 00:00:00-04:00,117.66057220699537,118.70138551145321,116.74621021981815,117.6800308227539,10782800,0.0,0.0
2024-03-28 00:00:00-04:00,117.94267666045018,120.36475511761951,117.89403753661094,119.02239990234375,15367400,0.0,0.0
2024-04-01 00:00:00-04:00,118.73058419147668,119.06131391841943,117.48549975865633,118.21504211425781,8419700,0.0,0.0
2024-04-02 00:00:00-04:00,116.94077757179001,120.16048880396743,116.88241655795603,119.46985626220703,15517100,0.0,0.0
2024-04-03 00:00:00-04:00,118.93484084022735,120.31611317403441,115.15094887180753,115.73458862304688,22480400,0.0,0.0
2024-04-04 00:00:00-04:00,115.96804594730398,116.91158851549434,113.76968972442326,113.8961410522461,13815400,0.0,0.0
2024-04-05 00:00:00-04:00,113.41950931029182,115.61786554258939,113.12769683992263,115.15095520019531,9653900,0.0,0.0
2024-04-08 00:00:00-04:00,114.80077051063236,115.28713203315395,113.63350582509567,114.1490478515625,6266000,0.0,0.0
2024-04-09 00:00:00-04:00,114.17823337896796,115.27741521785134,113.70160114388717,114.75214385986328,7451100,0.0,0.0
2024-04-10 00:00:00-04:00,113.41950537783548,114.35331860895855,113.19578323377142,113.99341583251953,6746300,0.0,0.0
2024-04-11 00:00:00-04:00,114.38249901266174,115.05368028684173,113.19578313461776,113.95450592041016,6559400,0.0,0.0
2024-04-12 00:00:00-04:00,113.21524781799965,113.51678962230598,110.62780807559949,110.9001693725586,12155200,0.0,0.0
2024-04-15 00:00:00-04:00,111.74642009393692,112.39815017050977,109.69397388711224,109.86906433105469,9637100,0.0,0.0
2024-04-16 00:00:00-04:00,109.74262041229227,111.37679552558912,109.45080051226883,110.7737045288086,9291400,0.0,0.0
2024-04-17 00:00:00-04:00,110.89043624949943,111.09470721519389,109.81071298705123,109.8593521118164,7379000,0.0,0.0
2024-04-18 00:00:00-04:00,110.09280068636255,111.13361410586353,109.12980689592236,109.3632583618164,8235600,0.0,0.0
2024-04-19 00:00:00-04:00,108.67262239965663,109.64534546815155,108.05008022952295,109.53834533691406,9436000,0.0,0.0
2024-04-22 00:00:00-04:00,110.01498018346304,110.54025154351868,108.70180549396805,108.93525695800781,6901700,0.0,0.0
2024-04-23 00:00:00-04:00,109.75234378786062,111.12387943273063,109.72316328369351,110.60833740234375,6839300,0.0,0.0
2024-04-24 00:00:00-04:00,110.05388402857965,111.06551687960064,110.05388402857965,110.81260681152344,6157200,0.0,0.0
2024-04-25 00:00:00-04:00,108.18625352545999,109.81069915852603,107.37889165227594,109.6939697265625,8045900,0.0,0.0
2024-04-26 00:00:00-04:00,108.79907402102818,109.93715823313481,108.28353198073823,109.65507507324219,6304800,0.0,0.0
2024-04-29 00:00:00-04:00,109.9566175236963,110.77370134622532,107.33026076280697,109.0228042602539,7151200,0.0,0.0
2024-04-30 00:00:00-04:00,108.94498657096068,108.98389638529062,107.7777218262157,108.06953430175781,8156600,0.0,0.0
2024-05-01 00:00:00-04:00,108.25435690455518,108.93526011997187,107.20381415395076,107.4664535522461,6338400,0.0,0.0
2024-05-02 00:00:00-04:00,108.39053755674189,109.7912612243321,107.5442657706914,109.54808044433594,6799800,0.0,0.0
2024-05-03 00:00:00-04:00,110.44298582293722,110.99743771396183,109.72317277979566,110.5597152709961,7411100,0.0,0.0
2024-05-06 00:00:00-04:00,111.6686145117426,113.75024134576174,111.03634301439178,113.29306030273438,16303200,0.0,0.0
2024-05-07 00:00:00-04:00,104.32453938046044,104.93735218487801,101.36746063707052,102.51527404785156,55084600,0.0,0.0
2024-05-08 00:00:00-04:00,102.03864773853174,103.57555191317515,101.59119603350031,102.56391906738281,15238100,0.0,0.0
2024-05-09 00:00:00-04:00,101.76629470670596,103.2351012633297,101.54256512545244,102.91410827636719,15096000,0.0,0.0
2024-05-10 00:00:00-04:00,104.00355526341666,104.10082609214486,102.54447056862814,102.90438079833984,15884600,0.0,0.0
2024-05-13 00:00:00-04:00,102.70983181573679,103.73119407156021,102.70983181573679,102.94329071044922,9666400,0.0,0.0
2024-05-14 00:00:00-04:00,102.42774769121569,103.09892159876291,102.08728866156434,102.47637939453125,11278400,0.0,0.0
2024-05-15 00:00:00-04:00,102.73901790885026,102.9919205750063,98.62439587380622,99.96675109863281,20745600,0.0,0.0
2024-05-16 00:00:00-04:00,100.22939173836654,101.19238555461514,100.03484266050064,100.5503921508789,9476700,0.0,0.0
2024-05-17 00:00:00-04:00,100.80329452949738,100.98811429761491,100.22939144934699,100.43366241455078,7356000,0.0,0.0
2024-05-20 00:00:00-04:00,100.51147188088952,100.84219414692967,99.7235611847398,100.09320068359375,7667400,0.0,0.0
2024-05-21 00:00:00-04:00,100.18075195298653,100.87138447695733,99.91811997620998,100.20021057128906,7333300,0.0,0.0
2024-05-22 00:00:00-04:00,100.17102040025263,100.99783348741335,99.9472908390905,100.20992279052734,7190300,0.0,0.0
2024-05-23 00:00:00-04:00,100.17103164495518,100.20021215158074,97.53494542002156,97.91431427001953,10504000,0.0,0.0
2024-05-24 00:00:00-04:00,98.09911717674173,99.30529166932789,97.94348534928925,98.98429870605469,6451600,0.0,0.0
2024-05-28 00:00:00-04:00,98.59520927447022,100.05429385439476,98.19638926040597,99.645751953125,7813100,0.0,0.0
2024-05-29 00:00:00-04:00,98.98430460433556,99.29557569907641,98.0213033932691,98.12830352783203,7376300,0.0,0.0
2024-05-30 00:00:00-04:00,98.38121887765261,99.28585170474304,98.21585772312683,98.92594146728516,7300600,0.0,0.0
2024-05-31 00:00:00-04:00,98.75083821915449,101.24101420929026,98.64384551400381,101.07565307617188,14735800,0.0,0.0
2024-06-03 00:00:00-04:00,101.32856494164888,101.37720406583419,99.68466792648094,99.96675109863281,6908600,0.0,0.0
2024-06-04 00:00:00-04:00,99.3247513001216,100.66710643841641,98.85784097042155,100.511474609375,7269100,0.0,0.0
2024-06-05 00:00:00-04:00,100.19048425834167,100.2683038913021,98.27421846910119,98.73139953613281,10796900,0.0,0.0
2024-06-06 00:00:00-04:00,98.2936632212688,99.14965679920866,98.06020435532261,98.44929504394531,10294700,0.0,0.0
2024-06-07 00:00:00-04:00,98.10885741001555,99.48039319114967,97.8073156086128,98.77030944824219,6047800,0.0,0.0
2024-06-10 00:00:00-04:00,98.48821333150953,100.04456879866339,97.89485165008082,99.93756866455078,7621900,0.0,0.0
2024-06-11 00:00:00-04:00,99.84030809762695,100.07375958636437,97.99213254367383,98.11859130859375,9134200,0.0,0.0
2024-06-12 00:00:00-04:00,98.43956697584937,98.9162066005277,97.51548307235709,98.05048370361328,9041800,0.0,0.0
2024-06-13 00:00:00-04:00,97.86567584126014,98.31312759570974,96.89295269994659,97.35985565185547,10164600,0.0,0.0
2024-06-14 00:00:00-04:00,97.08748666303701,97.64193851277976,96.54276412189692,97.24312591552734,7087600,0.0,0.0
2024-06-17 00:00:00-04:00,98.22557532530848,99.13992993159913,97.87539443905665,98.75083923339844,10389000,0.0,0.0
2024-06-18 00:00:00-04:00,98.36176741150382,98.98430963260984,97.86567652799198,98.73139953613281,7044700,0.0,0.0
2024-06-20 00:00:00-04:00,97.826763438831,99.15939677886396,97.64194367205509,99.06211853027344,7886900,0.0,0.0
2024-06-21 00:00:00-04:00,99.02321121891454,99.7430242107505,98.81893284404958,99.48038482666016,14137300,0.0,0.0
2024-06-24 00:00:00-04:00,99.46093518957488,100.26829712919111,99.13021290373007,99.19830322265625,7393600,0.0,0.0
2024-06-25 00:00:00-04:00,99.85975161302727,100.85192585605554,98.99402127321545,99.41229248046875,10296100,0.0,0.0
2024-06-26 00:00:00-04:00,99.12049148581603,99.57767255841097,98.6633104132211,99.39285278320312,10122300,0.0,0.0
2024-06-27 00:00:00-04:00,99.2566663440253,99.4901178108395,99.0329367649158,99.38311767578125,8365200,0.0,0.0
2024-06-28 00:00:00-04:00,99.23721028214473,99.78194028045984,95.69649868889483,96.58168029785156,21439400,0.0,0.0
2024-07-01 00:00:00-04:00,96.68868010566565,97.01940240593488,95.21013679979903,95.36577606201172,15299000,0.0,0.0
2024-07-02 00:00:00-04:00,95.26849934201293,95.31713104248047,94.3054981645266,95.31713104248047,13340300,0.0,0.0
2024-07-03 00:00:00-04:00,95.17121852581117,96.37740043689348,95.16149663875329,95.92021942138672,5030000,0.0,0.0
2024-07-05 00:00:00-04:00,95.62840212636719,95.62840212636719,94.91831844497936,95.31713104248047,8550800,0.0,0.0
2024-07-08 00:00:00-04:00,95.46371573194293,96.05004066122575,94.68194418921519,95.15100860595703,8167600,0.45,0.0
2024-07-09 00:00:00-04:00,95.2487293221504,95.30735957912091,93.95881148011668,94.83830261230469,9044400,0.0,0.0
2024-07-10 00:00:00-04:00,94.74056818933182,95.06304948857655,94.05652372626012,94.76011657714844,7761100,0.0,0.0
2024-07-11 00:00:00-04:00,94.7992195675489,95.35622941223683,94.10540081051845,94.3985595703125,7422600,0.0,0.0
2024-07-12 00:00:00-04:00,94.88715063327643,95.60051767324211,94.7698901292728,94.91646575927734,6465700,0.0,0.0
2024-07-15 00:00:00-04:00,95.11192296642835,95.26827280771288,94.39855584690007,94.66240692138672,7417700,0.0,0.0
2024-07-16 00:00:00-04:00,94.80898444683477,96.47024720850717,94.3399274581583,96.22594451904297,10755500,0.0,0.0
2024-07-17 00:00:00-04:00,96.05981302274782,96.36274594839935,94.33014594051447,95.09236907958984,9456100,0.0,0.0
2024-07-18 00:00:00-04:00,95.14123833977143,95.82528287625782,94.47673473767338,94.584228515625,7529400,0.0,0.0
2024-07-19 00:00:00-04:00,94.61354831621982,94.61354831621982,93.26500011105502,93.55815887451172,9301000,0.0,0.0
2024-07-22 00:00:00-04:00,92.94251786713698,92.99138138833968,91.3594337198047,91.98484802246094,13377000,0.0,0.0
2024-07-23 00:00:00-04:00,88.63301013860276,89.60045412829722,87.7828415759046,88.86754608154297,22534700,0.0,0.0
2024-07-24 00:00:00-04:00,88.16395148933456,88.68187197298684,87.53853723109113,87.75352478027344,11768500,0.0,0.0
2024-07-25 00:00:00-04:00,88.02713978113714,88.43756647711912,87.17696380615234,87.17696380615234,10765300,0.0,0.0
2024-07-26 00:00:00-04:00,87.94897391727795,88.48644285120541,87.304011196565,87.88056945800781,11301900,0.0,0.0
2024-07-29 00:00:00-04:00,88.33008044124166,90.44085927203948,88.13464127047585,90.04019927978516,13024800,0.0,0.0
2024-07-30 00:00:00-04:00,89.58090608258351,91.89689820320899,89.58090608258351,91.65259552001953,9896100,0.0,0.0
2024-07-31 00:00:00-04:00,91.65259018194786,92.6786569182672,91.5060070894663,91.55487060546875,10241800,0.0,0.0
2024-08-01 00:00:00-04:00,91.72099689940406,91.8089422837525,90.48970932984386,90.92945861816406,9263600,0.0,0.0
2024-08-02 00:00:00-04:00,90.05974242797761,90.09882429543472,86.97175301204358,87.52876281738281,15433600,0.0,0.0
2024-08-05 00:00:00-04:00,84.90983932533445,87.51899017257328,84.45054909155678,85.77955627441406,19103200,0.0,0.0
2024-08-06 00:00:00-04:00,86.21930269901337,89.81543834643969,85.95545163688477,87.91964721679688,21717500,0.0,0.0
2024-08-07 00:00:00-04:00,85.99454066935068,87.20627983668973,83.7958166181457,84.00102996826172,30581900,0.0,0.0
2024-08-08 00:00:00-04:00,83.20949169559621,84.36260060733808,81.99775252825715,84.00102996826172,21890500,0.0,0.0
2024-08-09 00:00:00-04:00,84.16715979007954,84.28442776487235,82.77952230490015,84.2453384399414,16008400,0.0,0.0
2024-08-12 00:00:00-04:00,83.90331132948711,84.41145761324371,83.53197394733907,83.99125671386719,11754600,0.0,0.0
2024-08-13 00:00:00-04:00,84.48964042663748,84.48964042663748,83.36584657467752,83.64923858642578,14615200,0.0,0.0
2024-08-14 00:00:00-04:00,84.04989808997462,84.56781859086192,83.61014878232456,84.33329010009766,9475100,0.0,0.0
2024-08-15 00:00:00-04:00,85.26163512728216,86.90334943139243,85.22254580390738,86.76654052734375,12401000,0.0,0.0
2024-08-16 00:00:00-04:00,86.93266756330212,87.62648630224008,86.32679421335109,87.26492309570312,10277700,0.0,0.0
2024-08-19 00:00:00-04:00,87.37241146076963,88.87730936404351,87.37241146076963,88.75027465820312,9723600,0.0,0.0
2024-08-20 00:00:00-04:00,88.33006600900698,88.60368378558334,87.27467676604795,87.69487762451172,8863400,0.0,0.0
2024-08-21 00:00:00-04:00,88.16395201491106,88.71118763025483,87.39195465439333,88.65255737304688,7637600,0.0,0.0
2024-08-22 00:00:00-04:00,88.91640377520802,89.29751537006689,87.65580101701092,87.87078857421875,7613000,0.0,0.0
2024-08-23 00:00:00-04:00,88.09554804254466,88.6818729843941,87.63625781051266,88.49620056152344,7369200,0.0,0.0
2024-08-26 00:00:00-04:00,88.84800599601441,89.70795628945109,88.84800599601441,89.68840789794922,8043800,0.0,0.0
2024-08-27 00:00:00-04:00,89.34637353591695,89.62976553020745,88.68186996960412,88.82845306396484,7237400,0.0,0.0
2024-08-28 00:00:00-04:00,88.27144528546974,88.5548372862314,86.73722476791589,87.4505844116211,8569700,0.0,0.0
2024-08-29 00:00:00-04:00,88.38870465557746,88.63300733008765,87.58739218140506,87.76329040527344,6181800,0.0,0.0
2024-08-30 00:00:00-04:00,87.92942653516111,88.38870932486087,87.3626425110299,88.32030487060547,8403600,0.0,0.0
2024-09-03 00:00:00-04:00,87.56785747865182,88.42780027012645,86.52224225556984,87.09879302978516,8465500,0.0,0.0
2024-09-04 00:00:00-04:00,86.92288302155656,87.96849810303233,86.79584832296574,87.21604919433594,6317200,0.0,0.0
2024-09-05 00:00:00-04:00,87.62648186023179,87.62648186023179,86.3267898372275,86.62973022460938,6234100,0.0,0.0
2024-09-06 00:00:00-04:00,86.43428518506225,87.05969944929912,85.72092553469493,85.9359130859375,7791500,0.0,0.0
2024-09-09 00:00:00-04:00,86.20953696225786,86.86426640128649,85.80887696028334,86.32679748535156,8750200,0.0,0.0
2024-09-10 00:00:00-04:00,86.31702492995267,86.86426054892506,85.97500266809493,86.38542938232422,6858300,0.0,0.0
2024-09-11 00:00:00-04:00,86.04340736111321,86.41474475280788,84.61667314104295,86.3072509765625,10779000,0.0,0.0
2024-09-12 00:00:00-04:00,86.20953369470186,87.29423822536543,86.17044436997666,87.26492309570312,7173300,0.0,0.0
2024-09-13 00:00:00-04:00,87.41150470152874,88.65256661567744,87.35287443820819,88.48644256591797,7084200,0.0,0.0
2024-09-16 00:00:00-04:00,89.0238897942157,90.26495150973113,88.87730670384823,89.75679779052734,9028600,0.0,0.0
2024-09-17 00:00:00-04:00,90.26495849906529,91.12490126400154,90.06951187826643,90.74378967285156,8193100,0.0,0.0
2024-09-18 00:00:00-04:00,91.38874235353795,91.92621122645285,90.57766313012917,91.44738006591797,10289800,0.0,0.0
2024-09-19 00:00:00-04:00,92.65911670852859,93.11840692264424,91.19330068332162,91.3203353881836,10912400,0.0,0.0
2024-09-20 00:00:00-04:00,91.07603363888339,91.8675793702621,90.70469625939616,91.6135025024414,19251500,0.0,0.0
2024-09-23 00:00:00-04:00,91.56464753949649,91.56464753949649,90.05974949199887,90.85128784179688,7338700,0.0,0.0
2024-09-24 00:00:00-04:00,91.21284090450318,91.65259018194786,90.3528981937509,91.55487060546875,7860300,0.0,0.0
2024-09-25 00:00:00-04:00,91.506014749104,92.28778633742773,91.22262273472481,91.77963256835938,8408200,0.0,0.0
2024-09-26 00:00:00-04:00,92.30733027572603,93.60702241500603,92.03371244756742,93.03046417236328,10061600,0.0,0.0
2024-09-27 00:00:00-04:00,93.31385246032578,94.69172319692692,93.10863909742214,93.82200622558594,10155400,0.0,0.0
2024-09-30 00:00:00-04:00,94.64286479913872,95.34645777032942,93.26500144349592,93.99790954589844,7982300,0.0,0.0
2024-10-01 00:00:00-04:00,93.02069694375929,93.66565218452675,91.19331009311941,91.90667724609375,10099200,0.0,0.0
2024-10-02 00:00:00-04:00,91.45715143597444,92.42459545620778,91.45715143597444,92.00439453125,6144200,0.0,0.0
2024-10-03 00:00:00-04:00,91.47669777416903,91.94575475328124,91.00763333953056,91.4962387084961,6180300,0.0,0.0
2024-10-04 00:00:00-04:00,92.15097031164406,93.16726286024698,91.75031035329847,92.98159790039062,6308900,0.0,0.0
2024-10-07 00:00:00-04:00,92.92295829865274,92.9718218139776,89.66885245942134,90.28449249267578,11043600,0.0,0.0
2024-10-08 00:00:00-04:00,90.41153065503384,91.60372890154173,89.60045144048956,90.40176391601562,10209100,0.0,0.0
2024-10-09 00:00:00-04:00,89.76657443500326,91.86757890621845,89.37568866852878,91.4669189453125,8654500,0.0,0.0
2024-10-10 00:00:00-04:00,91.58419385827837,91.74054370341126,90.57766796574481,90.8708267211914,6698000,0.0,0.0
2024-10-11 00:00:00-04:00,90.73401941714847,92.45391247721639,90.68516335147235,91.98484802246094,8089100,0.0,0.0
2024-10-14 00:00:00-04:00,92.0337124207721,93.0206974053654,91.66237500488306,92.80570983886719,6262000,0.0,0.0
2024-10-15 00:00:00-04:00,93.0793255799943,93.47021137799722,91.54510497364222,92.07279968261719,6535800,0.0,0.0
2024-10-16 00:00:00-04:00,91.59396984720259,94.58423245337175,91.4962428046134,94.5451431274414,9936300,0.0,0.0
2024-10-17 00:00:00-04:00,94.72103927333116,95.11192506847074,93.43112136823905,94.33992767333984,9542500,0.0,0.0
2024-10-18 00:00:00-04:00,94.79921333378319,95.3171338186694,93.86109194418299,95.06305694580078,8609700,0.0,0.0
2024-10-21 00:00:00-04:00,94.98487497709174,95.22917764674014,93.76336162884968,94.41809844970703,8189900,0.0,0.0
2024-10-22 00:00:00-04:00,94.00766756421717,95.04351598926817,94.00766756421717,94.53536224365234,5344300,0.0,0.0
2024-10-23 00:00:00-04:00,94.72104604692242,94.92625942655226,93.80246548098482,94.04676818847656,5388500,0.0,0.0
2024-10-24 00:00:00-04:00,94.39854855608274,94.59399516200104,93.07931565211848,93.22589874267578,5015300,0.0,0.0
2024-10-25 00:00:00-04:00,93.6265495878871,94.64284955417736,92.84478554456612,92.86432647705078,6638100,0.0,0.0
2024-10-28 00:00:00-04:00,93.05000521853988,94.48650615851199,93.04023102386952,94.0076675415039,8146400,0.0,0.0
2024-10-29 00:00:00-04:00,94.06630455332672,94.41810100357807,93.49952055508554,93.93926239013672,6834400,0.0,0.0
2024-10-30 00:00:00-04:00,93.51906627500514,94.50605122514175,92.77639146915465,92.91320037841797,7718200,0.0,0.0
2024-10-31 00:00:00-04:00,93.09886128083947,94.42786844601598,92.83501766894867,94.0076675415039,8147700,0.0,0.0
2024-11-01 00:00:00-04:00,93.5190626211878,94.19334040158881,92.66889406905725,93.62655639648438,7944900,0.0,0.0
2024-11-04 00:00:00-05:00,93.64610684128527,93.83177181180574,92.86433526842917,93.60701751708984,6088000,0.0,0.0
2024-11-05 00:00:00-05:00,93.42134582858327,94.4669610286056,93.0793235585809,94.42787170410156,6561700,0.0,0.0
2024-11-06 00:00:00-05:00,95.97186420801236,97.28133045366292,95.97186420801236,96.63636779785156,11325100,0.0,0.0
2024-11-07 00:00:00-05:00,96.52887009245175,97.25200391046383,95.89368165727421,96.67545318603516,7805100,0.0,0.0
2024-11-08 00:00:00-05:00,96.48001268349475,96.99793314546349,95.38553404962772,96.76339721679688,7982100,0.0,0.0
2024-11-11 00:00:00-05:00,96.74386505457444,98.60056698612107,96.74386505457444,98.56147766113281,9137900,0.0,0.0
2024-11-12 00:00:00-05:00,98.25853943933225,98.98167327399551,97.23246521614742,98.68850708007812,9366200,0.0,0.0
2024-11-13 00:00:00-05:00,98.49307231120225,100.84814634001224,98.06309719576542,100.37908935546875,17701300,0.0,0.0
2024-11-14 00:00:00-05:00,107.8156638591757,112.19356384498845,105.92964681306368,106.63323974609375,47436100,0.0,0.0
2024-11-15 00:00:00-05:00,107.73748309937983,112.56490649658528,107.73748309937983,112.45741271972656,32048000,0.0,0.0
2024-11-18 00:00:00-05:00,110.7472936607017,112.80920889447374,110.31731855435267,110.95250701904297,14226200,0.0,0.0
2024-11-19 00:00:00-05:00,109.49646901565967,109.9362108769569,108.29449649630664,109.8580322265625,12166800,0.0,0.0
2024-11-20 00:00:00-05:00,109.70166850326153,111.76358354952681,108.92967120321441,111.65608978271484,9319300,0.0,0.0
2024-11-21 00:00:00-05:00,111.54861149417782,113.60075263124993,111.23590434429566,112.10562133789062,10261000,0.0,0.0
2024-11-22 00:00:00-05:00,111.25544481461525,113.68869754745644,111.01114212180515,113.0144271850586,10098000,0.0,0.0
2024-11-25 00:00:00-05:00,113.04373817537622,113.9232293283888,112.31083012378679,113.3564453125,10397800,0.0,0.0
2024-11-26 00:00:00-05:00,113.35644624709776,113.76687297004543,112.80921061650088,112.81897735595703,6808100,0.0,0.0
2024-11-27 00:00:00-05:00,112.81897081296,115.50630020175791,112.81897081296,114.91997528076172,8142400,0.0,0.0
2024-11-29 00:00:00-05:00,114.58773250279371,115.05678947898095,114.06981200780412,114.7929458618164,5095200,0.0,0.0
2024-12-02 00:00:00-05:00,115.09587900582909,115.92650663824996,113.8939139786448,114.4900131225586,8390500,0.0,0.0
2024-12-03 00:00:00-05:00,114.33364958140862,114.55841131828207,112.81897004491466,113.79618072509766,9194000,0.0,0.0
2024-12-04 00:00:00-05:00,113.32713137641684,114.61704926257332,113.20008920793371,114.32388305664062,7996200,0.0,0.0
2024-12-05 00:00:00-05:00,113.89391814714173,114.59750363841411,113.41507950219298,113.84505462646484,9823600,0.0,0.0
2024-12-06 00:00:00-05:00,113.89391835233884,114.58773710514706,113.57143700855394,114.06981658935547,6677900,0.0,0.0
2024-12-09 00:00:00-05:00,113.73755708799773,114.50955446492489,111.31407863522568,111.99812316894531,8666100,0.0,0.0
2024-12-10 00:00:00-05:00,112.03721594158908,112.33037469840966,111.128409629945,112.11539459228516,7526400,0.0,0.0
2024-12-11 00:00:00-05:00,112.02743829817241,112.42809827901266,111.38248308859765,111.99812316894531,6426800,0.0,0.0
2024-12-12 00:00:00-05:00,112.08607040486143,112.38901080809794,111.55838315902002,112.2815170288086,5285100,0.0,0.0
2024-12-13 00:00:00-05:00,111.71472695663736,112.34014120836804,110.71797532279346,110.7570571899414,6864500,0.0,0.0
2024-12-16 00:00:00-05:00,110.9141133385988,110.98282089687669,109.66755978453945,110.04054260253906,10528500,0.5,0.0
2024-12-17 00:00:00-05:00,108.9804745994282,111.93491452519767,108.75472440742044,110.9337387084961,12238600,0.0,0.0
2024-12-18 00:00:00-05:00,111.24782732988315,113.97651696216505,109.18659320962105,109.29456329345703,12292800,0.0,0.0
2024-12-19 00:00:00-05:00,109.59884908499103,110.82577508233209,109.1964137633534,109.31420135498047,9468500,0.0,0.0
2024-12-20 00:00:00-05:00,108.56822712339074,110.8846639813796,108.39154948206746,109.9620132446289,17955300,0.0,0.0
2024-12-23 00:00:00-05:00,109.54977349516133,109.7853411994127,108.27376741072199,109.3436508178711,6037200,0.0,0.0
2024-12-24 00:00:00-05:00,109.19640753520665,110.65890114382475,109.13751748703298,110.48222351074219,2475000,0.0,0.0
2024-12-26 00:00:00-05:00,110.05035689636043,111.22820285777271,109.79515419224836,110.47241973876953,4781400,0.0,0.0
2024-12-27 00:00:00-05:00,109.75589560337359,110.05036084858274,108.81361730269147,109.49088287353516,4523800,0.0,0.0
2024-12-30 00:00:00-05:00,108.39154980680617,109.48106068347026,107.80262683015147,108.75472259521484,5716300,0.0,0.0
2024-12-31 00:00:00-05:00,108.73508535383502,109.5301309815711,108.62711526999902,109.29456329345703,4757500,0.0,0.0
2025-01-02 00:00:00-05:00,109.63810625031772,110.12887665875883,108.13634999865789,108.77435302734375,5688100,0.0,0.0
2025-01-03 00:00:00-05:00,109.31420831437269,109.4810684633792,108.1461722942022,109.10808563232422,5393100,0.0,0.0
2025-01-06 00:00:00-05:00,109.41235980086341,110.76688347863949,108.82343678828957,109.00011444091797,6274400,0.0,0.0
2025-01-07 00:00:00-05:00,110.07981259160157,111.64045901616666,109.23568682496644,109.3338394165039,7878800,0.0,0.0
2025-01-08 00:00:00-05:00,108.95102569686517,109.05899578087494,106.63458887575679,107.73391723632812,7805300,0.0,0.0
2025-01-10 00:00:00-05:00,107.9694954832089,108.49952845057216,105.63343091318198,106.64441680908203,8835500,0.0,0.0
2025-01-13 00:00:00-05:00,105.9377054224606,106.60515350745278,104.75004187933204,106.0849380493164,6690200,0.0,0.0
2025-01-14 00:00:00-05:00,106.67385939072582,106.94868962930163,105.62361098556123,106.12419891357422,5501600,0.0,0.0
2025-01-15 00:00:00-05:00,107.15480586238077,107.57686870010812,105.99658743479607,106.1830825805664,6296900,0.0,0.0
2025-01-16 00:00:00-05:00,106.29105639949908,106.59533165765424,104.20037714675411,104.49483489990234,7872800,0.0,0.0
2025-01-17 00:00:00-05:00,104.85801458230137,105.75121289394373,104.57336682691391,105.04450225830078,7144300,0.0,0.0
2025-01-21 00:00:00-05:00,105.12301767066813,107.42963704172972,104.82855992523842,106.6934814453125,8643700,0.0,0.0
2025-01-22 00:00:00-05:00,107.52779822446232,107.52779822446232,106.23216466090732,106.80145263671875,8781700,0.0,0.0
2025-01-23 00:00:00-05:00,106.4971733313362,109.01973280563276,106.4873558268586,108.99028778076172,7608300,0.0,0.0
2025-01-24 00:00:00-05:00,109.10807411144461,111.29690580533445,108.58785121999148,110.08961486816406,8304500,0.0,0.0
2025-01-27 00:00:00-05:00,109.61847186264619,111.9741711733192,109.40253169828826,111.2478256225586,10176900,0.0,0.0
2025-01-28 00:00:00-05:00,110.76687750365468,110.87484759046805,109.50068897621233,110.06998443603516,6516800,0.0,0.0
2025-01-29 00:00:00-05:00,111.40488408631953,112.26863731991696,110.67854596969073,111.1006088256836,7607100,0.0,0.0
2025-01-30 00:00:00-05:00,111.98398704964504,113.05387042307437,111.03189875747226,111.33617401123047,6236200,0.0,0.0
2025-01-31 00:00:00-05:00,111.2085747546528,111.90546781850595,110.67854182822322,110.9729995727539,7793400,0.0,0.0
2025-02-03 00:00:00-05:00,109.2945681167649,112.48457576155207,108.81361521480977,111.8956527709961,8870700,0.0,0.0
2025-02-04 00:00:00-05:00,111.69935043642641,112.54347615677028,110.43316185591061,111.20858001708984,13521100,0.0,0.0
2025-02-05 00:00:00-05:00,113.56427389375604,116.4009263647638,108.19525170892099,108.49952697753906,23310000,0.0,0.0
2025-02-06 00:00:00-05:00,109.81478187189875,110.60001750634952,107.13517968481737,110.02090454101562,12470800,0.0,0.0
2025-02-07 00:00:00-05:00,109.54977717399477,110.47242798875979,108.76454148203783,108.8136215209961,8669300,0.0,0.0
2025-02-10 00:00:00-05:00,109.08844575373207,109.32401345290981,106.68367374857746,107.26277923583984,8239500,0.0,0.0
2025-02-11 00:00:00-05:00,106.37939805301862,107.03703613500498,105.70213993693025,107.00758361816406,7456700,0.0,0.0
2025-02-12 00:00:00-05:00,106.25179367248505,107.50816472282116,105.76102326291237,107.21370697021484,6521200,0.0,0.0
2025-02-13 00:00:00-05:00,106.90941661437748,107.73391473782515,106.55606134555157,107.56704711914062,6553200,0.0,0.0
2025-02-14 00:00:00-05:00,107.83207794613473,108.47008099377969,107.56705772410632,108.34247589111328,5964500,0.0,0.0
2025-02-18 00:00:00-05:00,107.75355309977807,107.89096821941884,106.70330469191663,107.53761291503906,8362900,0.0,0.0
2025-02-19 00:00:00-05:00,107.12535908935895,109.69699860385694,107.12535908935895,109.29456329345703,8452100,0.0,0.0
2025-02-20 00:00:00-05:00,109.18659643833132,109.46142666401825,107.36092995219728,108.50933837890625,5970100,0.0,0.0
2025-02-21 00:00:00-05:00,108.95103011567527,109.69700322948088,105.92788261791333,106.65422821044922,9082100,0.0,0.0
2025-02-24 00:00:00-05:00,106.83089440857859,109.50068651605021,106.64440675345969,109.14733123779297,7093300,0.0,0.0
2025-02-25 00:00:00-05:00,109.37308850978438,109.8344138707364,107.05665168906998,108.48970031738281,7289000,0.0,0.0
2025-02-26 00:00:00-05:00,108.0283850308983,111.15950278152587,108.0283850308983,109.76571655273438,7831600,0.0,0.0
2025-02-27 00:00:00-05:00,110.24666071927473,111.03189634303865,109.00991723284324,109.25530242919922,7854700,0.0,0.0
2025-02-28 00:00:00-05:00,109.40253903401128,111.88583611351562,108.95103115487979,111.69934844970703,14609400,0.0,0.0
2025-03-03 00:00:00-05:00,111.96435591829902,113.41703956044257,109.93256681334486,110.7079849243164,7884700,0.0,0.0
2025-03-04 00:00:00-05:00,109.63810424428327,110.17795467911577,106.27141900443462,106.99776458740234,12658000,0.0,0.0
2025-03-05 00:00:00-05:00,107.32166609478665,108.89213734540273,106.2223452056297,107.29222106933594,9956100,0.0,0.0
2025-03-06 00:00:00-05:00,106.37939882757935,106.82109672065754,103.0814208422715,103.48385620117188,11618800,0.0,0.0
2025-03-07 00:00:00-05:00,103.06178240325129,103.81756551257456,101.40297608061152,103.56237030029297,12715900,0.0,0.0
2025-03-10 00:00:00-04:00,102.50230946143265,102.86548226542479,100.22513502904384,101.17723083496094,10947100,0.0,0.0
2025-03-11 00:00:00-04:00,97.94796131991656,99.17488736988761,95.65115186031834,96.09284973144531,16906000,0.0,0.0
2025-03-12 00:00:00-04:00,96.85844088563384,97.65348649167287,94.60089417975105,96.93696594238281,11891800,0.0,0.0
2025-03-13 00:00:00-04:00,95.96524416416548,96.82900489183601,94.15921262187672,95.08186340332031,11059500,0.0,0.0
2025-03-14 00:00:00-04:00,95.64133739188703,97.270691216355,95.62170238240654,96.81918334960938,10199800,0.0,0.0
2025-03-17 00:00:00-04:00,96.9173361751663,98.27186726737311,96.8388186027327,97.52589416503906,8332100,0.0,0.0
2025-03-18 00:00:00-04:00,97.43755769776152,97.88907308246485,96.66214700972472,97.51608276367188,6727000,0.0,0.0
2025-03-19 00:00:00-04:00,97.82036790208946,99.09636655564917,97.63387273815519,98.43873596191406,8614600,0.0,0.0
2025-03-20 00:00:00-04:00,97.73201112942321,98.2031539793356,96.81917794217424,97.03511810302734,7836500,0.0,0.0
2025-03-21 00:00:00-04:00,96.56398801905374,98.04611682838991,95.9456199673208,97.62405395507812,15089900,0.0,0.0
2025-03-24 00:00:00-04:00,98.3700196715401,98.58595984460666,97.0351235912759,98.33075714111328,8224400,0.0,0.0
2025-03-25 00:00:00-04:00,98.79208904375653,99.88159999729865,98.55652133418492,99.73436737060547,7365200,0.0,0.0
2025-03-26 00:00:00-04:00,99.82270114576625,100.38217912902098,98.40928741829038,98.91968536376953,6314000,0.0,0.0
2025-03-27 00:00:00-04:00,98.8509744980365,99.16506725903352,97.74183607388879,98.59577178955078,6598800,0.0,0.0
2025-03-28 00:00:00-04:00,98.20315864121952,98.53687891397188,95.93579433318747,96.25970458984375,7679700,0.0,0.0
2025-03-31 00:00:00-04:00,95.0426056146115,97.02531490573358,93.93345962278225,96.87808227539062,10554000,0.0,0.0
2025-04-01 00:00:00-04:00,96.5050928727196,96.77010559846535,95.05240916791756,95.87690734863281,8762700,0.0,0.0
2025-04-02 00:00:00-04:00,94.83647564259265,96.49527451725038,94.66960801378868,96.07321166992188,7959900,0.0,0.0
2025-04-03 00:00:00-04:00,92.76542288574755,93.03043560615448,86.97433068170983,87.20008087158203,19353400,0.0,0.0
2025-04-04 00:00:00-04:00,84.4125128648418,85.92408666825831,81.54641538808121,81.98810577392578,22580900,0.0,0.0
2025-04-07 00:00:00-04:00,79.49499505752081,85.03088511098987,78.62142425930563,81.76235961914062,20456000,0.0,0.0
2025-04-08 00:00:00-04:00,84.36343082583369,85.34497164981575,79.35757412123759,80.21151733398438,14845600,0.0,0.0
2025-04-09 00:00:00-04:00,79.78945013545436,90.5471360818955,79.69129755611317,89.75209045410156,24970900,0.0,0.0
2025-04-10 00:00:00-04:00,87.27861132693226,87.36695389823595,81.53659880331665,83.65673065185547,16377000,0.0,0.0
2025-04-11 00:00:00-04:00,83.53894587055899,84.088606373432,81.81143180480603,83.32300567626953,10204400,0.0,0.0
2025-04-14 00:00:00-04:00,84.24565288845841,84.85420342231403,82.47887636438186,83.09725189208984,10841300,0.0,0.0
2025-04-15 00:00:00-04:00,83.18558555579119,84.39288407475414,82.95982786934495,83.44078826904297,7840500,0.0,0.0
2025-04-16 00:00:00-04:00,82.72426289706092,83.23466834041292,80.49616842866612,81.24213409423828,10144300,0.0,0.0
2025-04-17 00:00:00-04:00,81.83105509986571,84.19656441552459,81.82123759555928,83.24446868896484,14810900,0.0,0.0
2025-04-21 00:00:00-04:00,83.34263043955157,83.65672318665159,81.44825645244661,82.44942474365234,14166800,0.0,0.0
2025-04-22 00:00:00-04:00,83.44078845264964,84.9621722532609,83.03835311592236,84.50084686279297,9578500,0.0,0.0
2025-04-23 00:00:00-04:00,87.38657454098505,88.21107269114067,85.42349297883398,85.67869567871094,12089100,0.0,0.0
2025-04-24 00:00:00-04:00,85.83573836073252,88.57423804019103,85.16829032966132,88.3484878540039,10310000,0.0,0.0
2025-04-25 00:00:00-04:00,88.40737983242542,88.67239255428538,87.4258390293615,88.6135025024414,7749600,0.0,0.0
2025-04-28 00:00:00-04:00,88.78036779854989,89.6833910811283,87.98532209822741,88.4957275390625,8491800,0.0,0.0
2025-04-29 00:00:00-04:00,88.17180716877711,89.96802853443761,88.10309961597618,89.48706817626953,6359900,0.0,0.0
2025-04-30 00:00:00-04:00,88.23070256351937,89.50670860835332,86.92525149263822,89.27113342285156,8474800,0.0,0.0
2025-05-01 00:00:00-04:00,89.58522828123314,89.91895605756783,88.69203001976516,89.13372039794922,7790600,0.0,0.0
2025-05-02 00:00:00-04:00,90.144704191589,91.46979027293553,90.144704191589,90.78270721435547,7594000,0.0,0.0
2025-05-05 00:00:00-04:00,88.04420451250907,91.36181712432817,87.95586943727834,90.40972137451172,10231000,0.0,0.0
2025-05-06 00:00:00-04:00,89.51652445706902,91.02809829732855,89.32021927825612,90.46862030029297,11839400,0.0,0.0
2025-05-07 00:00:00-04:00,100.5294080063941,101.4029787285867,98.29149615679681,100.20549774169922,36155300,0.0,0.0
2025-05-08 00:00:00-04:00,102.05079207938884,104.22981372342102,101.94282199875218,103.1795654296875,19265400,0.0,0.0
2025-05-09 00:00:00-04:00,103.31698798335404,104.22982123819291,102.82621757728072,103.98443603515625,10438200,0.0,0.0
2025-05-12 00:00:00-04:00,107.84189654448018,108.89214496085648,106.65423300734902,108.45044708251953,18366600,0.0,0.0
2025-05-13 00:00:00-04:00,108.2148667845896,110.12886823569514,108.11671420812088,109.32400512695312,14076700,0.0,0.0
2025-05-14 00:00:00-04:00,109.3240082862844,111.31654234013291,108.78416535582485,110.85521697998047,15352200,0.0,0.0
2025-05-15 00:00:00-04:00,110.15833129910096,110.7668818246298,109.52032825810518,110.14851379394531,8322400,0.0,0.0
2025-05-16 00:00:00-04:00,109.8540513189915,111.34599762066989,109.3632808887009,111.32636260986328,10961000,0.0,0.0
2025-05-19 00:00:00-04:00,110.05035799567705,110.9042937052344,109.83441781992991,110.58039093017578,7209700,0.0,0.0
2025-05-20 00:00:00-04:00,110.36445188147798,111.30673016735544,109.74607637396686,110.28592681884766,6433300,0.0,0.0
2025-05-21 00:00:00-04:00,109.62829611808579,110.41352427762463,108.09708735314508,108.4209976196289,10150600,0.0,0.0
2025-05-22 00:00:00-04:00,107.94986258882716,109.73626658019961,107.94986258882716,109.07862854003906,7903700,0.0,0.0
2025-05-23 00:00:00-04:00,107.57686878172149,108.31302437213732,106.77200563574264,107.69465637207031,8086100,0.0,0.0
2025-05-27 00:00:00-04:00,108.98047573472655,110.8061422537898,108.11672251147942,110.28592681884766,10201100,0.0,0.0
2025-05-28 00:00:00-04:00,110.12888149497735,110.39390172076848,109.11789560736202,109.46143341064453,5787900,0.0,0.0
2025-05-29 00:00:00-04:00,109.94238419789122,110.18776939140317,108.47988305279549,109.95219421386719,9682100,0.0,0.0
2025-05-30 00:00:00-04:00,109.9423833493287,111.25764438189157,109.31419785787153,110.953369140625,12881100,0.0,0.0
2025-06-02 00:00:00-04:00,110.60001566505566,111.50303138764703,110.17795282906333,110.86502838134766,7546800,0.0,0.0
2025-06-03 00:00:00-04:00,110.64910077183389,112.5729198949811,110.44297060813757,111.50303649902344,9738800,0.0,0.0
2025-06-04 00:00:00-04:00,111.75823810606043,111.94473325776941,110.89448488233857,111.39506530761719,5614900,0.0,0.0
2025-06-05 00:00:00-04:00,111.63063509467446,112.2293680750457,109.77551614943883,110.4527816772461,8547200,0.0,0.0
2025-06-06 00:00:00-04:00,111.267467670277,112.11159337240737,111.12023504994038,111.79750061035156,5790700,0.0,0.0
2025-06-09 00:00:00-04:00,111.87602787921621,113.9667071658259,111.87602787921621,113.52501678466797,7960400,0.0,0.0
2025-06-10 00:00:00-04:00,113.39741020674964,118.27566930055232,113.39741020674964,116.53834533691406,18948400,0.0,0.0
2025-06-11 00:00:00-04:00,116.19480288253794,117.34321136592807,115.47828225714109,117.31375885009766,10439200,0.0,0.0
2025-06-12 00:00:00-04:00,116.6757578200425,117.18615574207331,115.48809434834747,116.4205551147461,7980300,0.0,0.0
2025-06-13 00:00:00-04:00,115.1445486984789,116.13590700195742,115.1347386822566,115.76292419433594,13204900,0.0,0.0
2025-06-16 00:00:00-04:00,115.84144936520907,118.11862386800185,115.69422422659773,117.27450561523438,9592100,0.0,0.0
2025-06-17 00:00:00-04:00,116.79353515357865,117.12726291236841,115.4782741047107,115.94940948486328,9241200,0.0,0.0
2025-06-18 00:00:00-04:00,115.70402998739235,116.55797320273902,114.68322662871563,115.68440246582031,8181200,0.0,0.0
2025-06-20 00:00:00-04:00,116.06720671080598,116.8524423943379,114.74212804733803,115.45864868164062,17180400,0.0,0.0
2025-06-23 00:00:00-04:00,114.50655537772124,115.81199897384477,112.89682154735202,115.57643127441406,8348000,0.0,0.0
2025-06-24 00:00:00-04:00,116.06929605670585,117.38031411432493,116.06929605670585,116.95645141601562,8350200,0.5,0.0
2025-06-25 00:00:00-04:00,117.07473797515513,118.01118270147997,116.93673686104356,117.71546173095703,6976300,0.0,0.0
2025-06-26 00:00:00-04:00,118.26746268481617,119.93333527003792,117.97174174185582,119.72633361816406,10439600,0.0,0.0
2025-06-27 00:00:00-04:00,120.1107690229888,121.18521478735649,119.74605504172781,120.5937728881836,13435600,0.0,0.0
2025-06-30 00:00:00-04:00,122.53565789350199,122.91023877382277,121.42178966419762,122.23994445800781,13456200,0.0,0.0
2025-07-01 00:00:00-04:00,121.73722295718154,121.9935139533567,120.70220712222152,121.72736358642578,9815700,0.0,0.0
2025-07-02 00:00:00-04:00,121.55979092004144,121.93436428032354,120.781066087445,121.22464752197266,7317100,0.0,0.0
2025-07-03 00:00:00-04:00,121.31336132485153,122.46665953701238,121.14578962301546,122.23008728027344,4252300,0.0,0.0
2025-07-07 00:00:00-04:00,121.45135853282652,122.83137710704507,120.83035355865147,121.4020767211914,7023500,0.0,0.0
2025-07-08 00:00:00-04:00,121.46122594093058,121.94422984169572,120.08120727539062,120.08120727539062,6622900,0.0,0.0
2025-07-09 00:00:00-04:00,120.10091289165454,120.60363551131145,118.88847351074219,118.88847351074219,6724900,0.0,0.0
2025-07-10 00:00:00-04:00,118.89833521266709,120.20934576497264,118.89833521266709,119.82491302490234,6888700,0.0,0.0
2025-07-11 00:00:00-04:00,118.91804080228853,119.49962333055525,118.02103362477034,118.1590347290039,6112400,0.0,0.0
2025-07-14 00:00:00-04:00,118.07031606938475,118.78004033524819,117.89288500291889,118.25760650634766,6853300,0.0,0.0
2025-07-15 00:00:00-04:00,118.51389636424958,118.51389636424958,117.18315961821314,117.28173828125,7943600,0.0,0.0
2025-07-16 00:00:00-04:00,117.65631555313269,118.84904371477589,117.18316352447022,118.10974884033203,6747500,0.0,0.0
2025-07-17 00:00:00-04:00,118.04075086827204,120.64306828159881,118.04075086827204,120.46563720703125,9933700,0.0,0.0
2025-07-18 00:00:00-04:00,120.22905746814843,120.41634790201164,118.57303671537335,119.68690490722656,9486800,0.0,0.0
2025-07-21 00:00:00-04:00,119.34190136244378,120.22905667423224,119.05603978861772,119.11518096923828,6392500,0.0,0.0
2025-07-22 00:00:00-04:00,119.02647370335582,119.6967680175776,118.83918326364058,119.33204650878906,5614500,0.0,0.0
2025-07-23 00:00:00-04:00,119.78548145974652,121.42179106626146,119.7657702386845,121.18521881103516,8258900,0.0,0.0
2025-07-24 00:00:00-04:00,121.09649830540047,121.6386508853957,120.07134184899806,120.20934295654297,6702200,0.0,0.0
2025-07-25 00:00:00-04:00,120.51492325798543,120.7022061779014,119.1447640330128,119.73619842529297,5656600,0.0,0.0
2025-07-28 00:00:00-04:00,119.30247682299367,119.66719833455083,118.17874921716457,118.65190124511719,6042200,0.0,0.0
2025-07-29 00:00:00-04:00,118.85889836328663,119.0856112376309,117.65631087869022,118.1984634399414,6283700,0.0,0.0
2025-07-30 00:00:00-04:00,118.23789182206016,118.78004441055589,117.4788857186626,117.83374786376953,5281500,0.0,0.0
2025-07-31 00:00:00-04:00,117.75489200738544,118.19847346434635,116.88745535631234,117.4098892211914,7235000,0.0,0.0
2025-08-01 00:00:00-04:00,115.91157642217914,116.20729738266621,113.9204121857883,114.92584991455078,8637800,0.0,0.0
2025-08-04 00:00:00-04:00,116.04958177329885,117.81402555406507,116.04958177329885,117.64645385742188,8845000,0.0,0.0
2025-08-05 00:00:00-04:00,117.54788284946022,117.8633150225341,115.65528981101693,116.63115692138672,15365700,0.0,0.0
2025-08-06 00:00:00-04:00,114.12741683388934,114.46256776590393,110.59851403939454,113.526123046875,22153700,0.0,0.0
2025-08-07 00:00:00-04:00,114.09784426680524,114.73856800652807,110.2239387567539,111.26880645751953,15484400,0.0,0.0
2025-08-08 00:00:00-04:00,111.68281824323698,112.65868539683322,110.42108197455606,110.82523345947266,9491000,0.0,0.0
2025-08-11 00:00:00-04:00,111.29838173075534,111.53495398290336,109.94793373043844,110.94351959228516,8532600,0.0,0.0
2025-08-12 00:00:00-04:00,111.69266554813285,112.76711132685739,110.88437013169167,112.09681701660156,7274000,0.0,0.0
2025-08-13 00:00:00-04:00,112.59953890167459,115.55671833595603,112.520678978508,114.97513580322266,9025700,0.0,0.0
2025-08-14 00:00:00-04:00,113.83169406841819,115.04413339377851,112.98396871744457,114.64984130859375,6800900,0.0,0.0
2025-08-15 00:00:00-04:00,114.9061385352515,115.1722813829264,113.54583866397552,113.74298095703125,6768600,0.0,0.0
2025-08-18 00:00:00-04:00,113.5458401651155,115.33986212942779,113.51626957281583,114.88642883300781,5798400,0.0,0.0
2025-08-19 00:00:00-04:00,114.83713299327069,115.32013685462793,114.06826755505004,114.61041259765625,5914000,0.0,0.0
2025-08-20 00:00:00-04:00,114.4231340037994,116.20729656347052,114.3442740788259,115.36943054199219,7046700,0.0,0.0
2025-08-21 00:00:00-04:00,114.90613930692514,114.99485860374352,113.88098283105856,114.55127716064453,6337100,0.0,0.0
2025-08-22 00:00:00-04:00,115.91157528455813,118.07031872163594,115.4581419979589,117.1634521484375,7161700,0.0,0.0
2025-08-25 00:00:00-04:00,116.79872689065964,117.35073882574632,116.02000207979303,116.02986145019531,5424900,0.0,0.0
2025-08-26 00:00:00-04:00,115.753864976568,116.69030215777553,115.48772212649209,115.9707260131836,5787400,0.0,0.0
2025-08-27 00:00:00-04:00,115.85242979233693,116.76915570215809,115.61585754736583,116.40443420410156,4378000,0.0,0.0
2025-08-28 00:00:00-04:00,116.41430213854098,116.68045251414705,114.94557170890717,115.96086883544922,5687700,0.0,0.0
2025-08-29 00:00:00-04:00,115.7144328616666,116.95645035341602,115.57643175374959,116.69029998779297,5212600,0.0,0.0
2025-09-02 00:00:00-04:00,115.34971289517222,116.59173040355418,114.34427516395587,116.58187103271484,6015900,0.0,0.0
2025-09-03 00:00:00-04:00,116.14815602502803,116.92688086734914,114.68927748690189,115.70457458496094,6288700,0.0,0.0
2025-09-04 00:00:00-04:00,115.40886357962901,117.97175104558646,115.0934313918265,117.11416625976562,6949300,0.0,0.0
2025-09-05 00:00:00-04:00,117.21274680640644,118.07032408546763,116.02001107166052,116.22702026367188,6669100,0.0,0.0
2025-09-08 00:00:00-04:00,116.2763011496704,117.18316775682275,115.07371357386128,117.14373779296875,6450700,0.0,0.0
2025-09-09 00:00:00-04:00,116.8381638958523,117.35074590072908,115.54686455365677,115.6947250366211,5444300,0.0,0.0
2025-09-10 00:00:00-04:00,115.18214340998583,115.83272652896665,112.86568757092638,114.13727569580078,7484900,0.0,0.0
2025-09-11 00:00:00-04:00,113.80212026112862,115.49757102719055,112.9938248401568,115.40885925292969,8399100,0.0,0.0
2025-09-12 00:00:00-04:00,114.60056103587094,115.33985588532559,113.45711472554292,114.30484008789062,7640900,0.0,0.0
2025-09-15 00:00:00-04:00,114.45269990472005,115.0835642376594,113.35854293216985,113.96969604492188,7150900,0.0,0.0
2025-09-16 00:00:00-04:00,113.80211962264548,114.1964117205285,113.07268412988444,113.58526611328125,6844900,0.0,0.0
2025-09-17 00:00:00-04:00,113.5951227912625,114.99486017426216,113.57541156975391,114.4428482055664,7333900,0.0,0.0
2025-09-18 00:00:00-04:00,113.68384321235185,114.12741714539436,112.42211444943419,113.22055053710938,9460500,0.0,0.0
2025-09-19 00:00:00-04:00,112.96425235541462,112.96425235541462,110.33236447617224,112.13624572753906,23398400,0.0,0.0
2025-09-22 00:00:00-04:00,110.16479247632579,112.00809616350351,109.92821270858948,110.953369140625,15479800,0.0,0.0
2025-09-23 00:00:00-04:00,111.11108927660204,111.9982446066948,110.00707291909815,110.64779663085938,13145000,0.0,0.0
2025-09-24 00:00:00-04:00,110.80552112633755,112.52068315616218,110.59851194021539,111.81095886230469,8755200,0.0,0.0
2025-09-25 00:00:00-04:00,111.10123319517494,112.42211061919328,111.04209201158332,111.37723541259766,6365500,0.0,0.0
2025-09-26 00:00:00-04:00,111.51523665134067,111.94895871950861,111.15052265810526,111.85038757324219,6145700,0.0,0.0
2025-09-29 00:00:00-04:00,111.85038618859359,113.36840588789269,111.7123850814297,113.14168548583984,9304100,0.0,0.0
2025-09-30 00:00:00-04:00,112.89525510106586,113.24025787275913,111.72223815681234,112.86568450927734,9303700,0.0,0.0
2025-10-01 00:00:00-04:00,112.45168247513328,114.40341676056116,111.18009437014412,111.33780670166016,9736300,0.0,0.0
2025-10-02 00:00:00-04:00,111.36738952225221,111.55467245381372,109.19878658838293,110.53937530517578,8695100,0.0,0.0
2025-10-03 00:00:00-04:00,110.44079946880906,111.94895983110008,109.96764743333713,110.86466217041016,7148400,0.0,0.0
2025-10-06 00:00:00-04:00,111.08152196338676,111.49552528948075,109.85921568563828,111.14066314697266,6141200,0.0,0.0
2025-10-07 00:00:00-04:00,111.02237638573415,111.7813900254436,110.20422908126997,110.9238052368164,5409800,0.0,0.0
2025-10-08 00:00:00-04:00,111.1998048136618,111.58423754963299,110.05636597655416,110.29293823242188,7074400,0.0,0.0
2025-10-09 00:00:00-04:00,110.22393942538118,111.38709702254263,109.2973540878383,109.4057846069336,6502400,0.0,0.0
2025-10-10 00:00:00-04:00,109.93807372213854,111.07166068453807,107.55261743219965,107.63147735595703,9635200,0.0,0.0
2025-10-13 00:00:00-04:00,108.81434243288619,109.37620620969729,107.81875661064336,108.69605255126953,7435100,0.0,0.0
2025-10-14 00:00:00-04:00,108.08491282688409,110.24364875988587,107.64133138713296,109.58321380615234,7898000,0.0,0.0
2025-10-15 00:00:00-04:00,109.87892916030833,111.07165726859614,109.55363762518547,110.1155014038086,7012600,0.0,0.0
2025-10-16 00:00:00-04:00,110.1943638011324,110.49007723202818,106.96118215882947,108.3116226196289,7531200,0.0,0.0
2025-10-17 00:00:00-04:00,108.17362893185447,109.86907979236612,107.87791548068175,109.0903549194336,10090500,0.0,0.0
2025-10-20 00:00:00-04:00,109.44521252709589,110.64780006515922,109.0213498295899,110.3619384765625,8047500,0.0,0.0
2025-10-21 00:00:00-04:00,110.6477986393913,112.90511320674356,110.44079697869476,112.66854095458984,8163200,0.0,0.0
2025-10-22 00:00:00-04:00,112.37282424285277,112.64882646753823,111.36738649285628,111.46595764160156,7569200,0.0,0.0
2025-10-23 00:00:00-04:00,111.55467286954057,112.2052560082749,110.30280344871413,111.41667175292969,6945400,0.0,0.0
2025-10-24 00:00:00-04:00,111.61381660650383,112.02781993789965,109.99721820298862,110.0859375,6235200,0.0,0.0
2025-10-27 00:00:00-04:00,110.34222664747004,110.992802225815,109.72121414030401,110.73651123046875,6029600,0.0,0.0
2025-10-28 00:00:00-04:00,110.31265696425376,110.87452077220003,109.86907552398264,110.05636596679688,6839400,0.0,0.0
2025-10-29 00:00:00-04:00,109.59306628145,109.93806903255158,108.43976814755506,108.6664810180664,7097100,0.0,0.0
2025-10-30 00:00:00-04:00,108.55806086709089,111.95882193375118,107.98634519092047,110.24365234375,8311300,0.0,0.0
2025-10-31 00:00:00-04:00,109.98736338598,111.48566433940304,108.95234756491078,111.01251983642578,8700600,0.0,0.0
2025-11-03 00:00:00-05:00,110.94352365727146,111.19980713961529,109.4452151242777,110.51966094970703,8542300,0.0,0.0
2025-11-04 00:00:00-05:00,109.38606591070129,110.19436130295243,109.06077437564393,109.8789291381836,7950100,0.0,0.0
2025-11-05 00:00:00-05:00,109.76064081267712,110.37179393080024,109.02134596097005,109.77050018310547,5746000,0.0,0.0
2025-11-06 00:00:00-05:00,109.58321240678778,110.11550561539397,107.6216187917271,108.91291809082031,10291800,0.0,0.0
2025-11-07 00:00:00-05:00,108.68620303853129,109.83950120723244,108.46934201115236,109.15934753417969,8782100,0.0,0.0
2025-11-10 00:00:00-05:00,109.56350118574332,111.18009203239778,109.44521129922117,110.637939453125,9158700,0.0,0.0
2025-11-11 00:00:00-05:00,111.04209794615758,113.32898325337655,110.81537752944548,113.210693359375,9713300,0.0,0.0
2025-11-12 00:00:00-05:00,112.93468014070267,115.41870750910988,112.75724907720958,114.98499298095703,15248700,0.0,0.0
2025-11-13 00:00:00-05:00,107.33576443711553,107.79905712325126,103.41257694270482,106.07403564453125,44045400,0.0,0.0
2025-11-14 00:00:00-05:00,105.98531455188389,107.17805028647318,103.79700794451774,104.28987121582031,16691400,0.0,0.0
2025-11-17 00:00:00-05:00,104.24057581390313,106.13316886064071,103.61957083558194,104.18143463134766,12296400,0.0,0.0
2025-11-18 00:00:00-05:00,103.59985058126385,105.55159230254684,103.501279438279,104.76300811767578,11796200,0.0,0.0
2025-11-19 00:00:00-05:00,104.5658729007312,106.05431455756745,102.59441982577245,103.17599487304688,12790000,0.0,0.0
2025-11-20 00:00:00-05:00,103.86600342693386,104.2898661203646,101.03696568050115,101.2341079711914,12609900,0.0,0.0
2025-11-21 00:00:00-05:00,102.00298063125011,103.28442055767384,101.22425580064441,102.79155731201172,10785400,0.0,0.0
2025-11-24 00:00:00-05:00,102.60426843562375,102.85070006221002,100.43567312986309,100.4849624633789,15024800,0.0,0.0
2025-11-25 00:00:00-05:00,101.02710043536432,102.43668954127516,100.54409658691114,101.83539581298828,10574500,0.0,0.0
2025-11-26 00:00:00-05:00,101.84526668262318,102.76199267347984,101.41154459475649,101.95369720458984,10130200,0.0,0.0
2025-11-28 00:00:00-05:00,101.82554554453716,103.24498652210353,101.76639684345389,102.97884368896484,6525500,0.0,0.0
2025-12-01 00:00:00-05:00,103.42242489426108,105.30516616131858,102.97885096751278,105.24601745605469,12628900,0.0,0.0
2025-12-02 00:00:00-05:00,105.00944174103365,105.04887170307993,103.32385034616124,103.33370971679688,8548200,0.0,0.0
2025-12-03 00:00:00-05:00,103.40270628108587,104.33914340194502,102.97884360606103,104.230712890625,10177800,0.0,0.0
2025-12-04 00:00:00-05:00,104.32929071855652,104.70387160730532,103.01828016942518,103.9645767211914,11471400,0.0,0.0
2025-12-05 00:00:00-05:00,103.67871481091348,104.65458195184677,103.06756166622483,103.79700469970703,10680100,0.0,0.0
2025-12-08 00:00:00-05:00,103.79700530041951,106.5077532235307,103.33371263391743,106.09374237060547,13727700,0.0,0.0
2025-12-09 00:00:00-05:00,106.05431070454455,106.21203055464959,105.0291617608474,105.49244689941406,8549400,0.0,0.0
2025-12-10 00:00:00-05:00,105.59102751107764,108.10462562433456,105.05873428791234,107.27661895751953,11237900,0.0,0.0
2025-12-11 00:00:00-05:00,107.64132802203332,109.96764310381356,107.55261624915427,109.86907196044922,13281400,0.0,0.0
2025-12-12 00:00:00-05:00,110.13522934111462,111.72224214759265,109.56350614445985,110.007080078125,13059100,0.0,0.0
2025-12-15 00:00:00-05:00,109.85821300229183,110.7017554968497,107.72456807053958,109.64981079101562,14318000,0.75,0.0
2025-12-16 00:00:00-05:00,110.3742651303662,111.99186760326596,110.01700202680637,110.77122497558594,15580200,0.0,0.0
2025-12-17 00:00:00-05:00,110.21548021137211,111.27734346351971,109.6200442181698,109.78874969482422,12142500,0.0,0.0
2025-12-18 00:00:00-05:00,109.6895108947102,111.9422536896534,109.58034674668848,111.01932525634766,12913900,0.0,0.0
2025-12-19 00:00:00-05:00,111.46590096259969,112.61708377659764,110.07654526588401,110.39411163330078,21138400,0.0,0.0
2025-12-22 00:00:00-05:00,110.56281884289479,111.94224838833786,110.30479381693752,111.52543640136719,8803300,0.0,0.0
2025-12-23 00:00:00-05:00,111.43612616136247,112.44836655386564,111.18802720942375,112.35905456542969,7634500,0.0,0.0
2025-12-24 00:00:00-05:00,112.0811837460467,113.6590894291559,111.9422489401646,113.6094741821289,4606700,0.0,0.0
2025-12-26 00:00:00-05:00,113.2819819972415,113.86749188452968,112.40866884822985,112.69646453857422,5428900,0.0,0.0
2025-12-29 00:00:00-05:00,112.45829109497764,113.61939235705125,112.44836501704958,113.3216781616211,7966000,0.0,0.0
2025-12-30 00:00:00-05:00,113.23235873617357,114.40338607755221,113.23235873617357,113.9171142578125,6883900,0.0,0.0
2025-12-31 00:00:00-05:00,113.89726489932262,114.01635512338707,112.68654835920721,112.90486907958984,6608000,0.0,0.0
2026-01-02 00:00:00-05:00,112.57738689992571,112.57738689992571,110.7712267677642,110.99947357177734,8906200,0.0,0.0
2026-01-05 00:00:00-05:00,110.5727405037633,115.1476858420111,110.53304376237752,113.20259094238281,12029000,0.0,0.0
2026-01-06 00:00:00-05:00,112.92472395728144,113.8873491370408,112.24989448074557,113.69879150390625,7388300,0.0,0.0
2026-01-07 00:00:00-05:00,113.58962345171003,114.09574743456305,111.65445465165313,112.0514144897461,8296300,0.0,0.0
2026-01-08 00:00:00-05:00,111.69415012945518,114.11559072881793,111.69415012945518,113.30182647705078,9778200,0.0,0.0
2026-01-09 00:00:00-05:00,113.44076393629469,115.09807071249863,113.03388558658445,114.99882507324219,8935200,0.0,0.0
2026-01-12 00:00:00-05:00,113.75833119630794,114.06597905195413,111.69415362544264,111.96209716796875,10833800,0.0,0.0
2026-01-13 00:00:00-05:00,111.9819377501375,112.35905299750453,110.76129516360488,112.12088012695312,8945700,0.0,0.0
2026-01-14 00:00:00-05:00,111.9521684493894,112.72623596663055,111.4063552989297,112.66669464111328,8950900,0.0,0.0
2026-01-15 00:00:00-05:00,112.8453292583326,113.24228910579605,111.31703876699491,112.54761505126953,7958500,0.0,0.0
2026-01-16 00:00:00-05:00,112.33919983417296,112.98425860870292,110.27502235560766,110.35440826416016,12049600,0.0,0.0
2026-01-20 00:00:00-05:00,108.8261317696502,110.24525055651173,107.97267073902252,109.5009536743164,9818200,0.0,0.0
2026-01-21 00:00:00-05:00,109.7292049082389,112.3888259939984,109.65973750407791,112.32928466796875,10041400,0.0,0.0
2026-01-22 00:00:00-05:00,112.30943198218553,113.4209180149001,111.31703617234797,112.34912872314453,12437700,0.0,0.0
2026-01-23 00:00:00-05:00,111.83308910954834,112.09110657534877,109.7093626275885,110.13609313964844,10819800,0.0,0.0
2026-01-26 00:00:00-05:00,110.83076645282586,111.55521873918869,110.28494571848542,110.46357727050781,8859800,0.0,0.0
2026-01-27 00:00:00-05:00,110.65213734096461,110.94985912469389,109.19331422917422,109.76890563964844,8956900,0.0,0.0
2026-01-28 00:00:00-05:00,109.44140913191045,110.58266583202987,108.17114370169651,108.72688293457031,9016600,0.0,0.0
2026-01-29 00:00:00-05:00,108.79635281215113,110.82084122684826,107.93297328021896,110.73152923583984,11079000,0.0,0.0
2026-01-30 00:00:00-05:00,110.51320068887615,112.09110643080152,110.14601150456994,111.94225311279297,17895200,0.0,0.0
2026-02-02 00:00:00-05:00,103.21908982479103,107.78410901469849,102.96106479543799,103.6557388305664,37778500,0.0,0.0
2026-02-03 00:00:00-05:00,103.98322945280078,104.19163165971047,101.56178130729583,103.427490234375,24827100,0.0,0.0
2026-02-04 00:00:00-05:00,103.40764298579708,107.77418617438326,102.84197766266205,106.23597717285156,19070400,0.0,0.0
2026-02-05 00:00:00-05:00,106.23597621206973,107.50624165805122,104.01300411022284,104.17179107666016,11859500,0.0,0.0
2026-02-06 00:00:00-05:00,105.32296380547531,108.1314457439972,104.56874844688343,107.87342071533203,12105600,0.0,0.0
2026-02-09 00:00:00-05:00,107.86350364416408,108.09175044183,105.95809792354419,106.31536102294922,10515400,0.0,0.0
2026-02-10 00:00:00-05:00,106.78178565822519,110.26509700660796,106.78178565822519,109.12384033203125,9815500,0.0,0.0
2026-02-11 00:00:00-05:00,108.10167447648739,109.03452894856412,106.98026995150724,107.29783630371094,9374900,0.0,0.0
2026-02-12 00:00:00-05:00,107.10927825717582,107.33753262100633,100.25181969227036,101.60147857666016,25319600,0.0,0.0
2026-02-13 00:00:00-05:00,100.62893394453575,104.71759972619711,100.43045024504119,104.64813232421875,12845300,0.0,0.0
2026-02-17 00:00:00-05:00,105.75961862394723,106.46421872352691,103.57635092303495,104.63821411132812,10467400,0.0,0.0
2026-02-18 00:00:00-05:00,105.15426049301625,106.9108053396402,105.00539960529535,106.28559112548828,8791600,0.0,0.0
2026-02-19 00:00:00-05:00,106.29551440800479,106.9504916968191,104.64813375094563,105.19395446777344,7492900,0.0,0.0
2026-02-20 00:00:00-05:00,104.80692367846447,105.39243358092172,103.85422459507994,104.77715301513672,9043600,0.0,0.0
2026-02-23 00:00:00-05:00,104.18171603213789,104.39011824480646,102.17707224505678,103.61605072021484,10626500,0.0,0.0
2026-02-24 00:00:00-05:00,103.65573673636953,106.41460337920466,103.18931707728036,105.24357604980469,13594800,0.0,0.0
2026-02-25 00:00:00-05:00,105.19395554427105,105.90848173674713,103.71528791179529,104.25118255615234,8556500,0.0,0.0
2026-02-26 00:00:00-05:00,104.66798963396843,105.95809967300593,104.51912874486197,104.74738311767578,9578500,0.0,0.0
2026-02-27 00:00:00-05:00,103.98322939537309,105.5313644009208,103.13969449033436,105.23365020751953,13954000,0.0,0.0
2026-03-02 00:00:00-05:00,103.81452886298935,103.81452886298935,102.07783615244315,103.53665924072266,14178600,0.0,0.0
2026-03-03 00:00:00-05:00,102.0579794936243,103.51680251754973,101.37323154649653,102.51448822021484,13608400,0.0,0.0
2026-03-04 00:00:00-05:00,102.38547846191342,103.05038186710433,101.85950987060183,102.2564697265625,9672300,0.0,0.0
2026-03-05 00:00:00-05:00,102.31600404748632,103.75498248036759,100.81748429027168,101.63125610351562,11751500,0.0,0.0
2026-03-06 00:00:00-05:00,100.61901477938359,101.03581921988877,99.18996233036073,100.76787567138672,10448600,0.0,0.0
2026-03-09 00:00:00-04:00,99.78540292258373,101.09536510466263,97.70136563944882,100.886962890625,11715100,0.0,0.0
2026-03-10 00:00:00-04:00,100.97627579824574,101.4625476354206,99.47775597353863,100.54954528808594,7833100,0.0,0.0
2026-03-11 00:00:00-04:00,100.62893433522194,101.11520615095836,99.63653854803313,100.12281036376953,8152800,0.0,0.0
2026-03-12 00:00:00-04:00,99.3388230801665,100.11289063181937,98.61437834957015,98.67391967773438,10309400,0.0,0.0
2026-03-13 00:00:00-04:00,99.07087541929553,100.00372233112067,98.4059720444657,98.53498077392578,9551500,0.0,0.0
2026-03-16 00:00:00-04:00,98.71361296789499,98.93194125870065,97.71129107436866,97.90977478027344,11578500,0.0,0.0
2026-03-17 00:00:00-04:00,98.41588802886785,99.94417844396594,98.26702714707265,99.53730010986328,11785600,0.0,0.0
2026-03-18 00:00:00-04:00,99.0807982763556,100.25182568512552,98.24718939454284,98.66399383544922,12615100,0.0,0.0
2026-03-19 00:00:00-04:00,98.2769579779315,100.01365068298418,97.69144807163296,98.44566345214844,14793800,0.0,0.0
2026-03-20 00:00:00-04:00,98.257113242257,99.269353657388,97.64182510199821,98.75331115722656,27544200,0.0,0.0
2026-03-23 00:00:00-04:00,99.45791247863863,99.83502017283372,97.11585768623267,97.20516967773438,11373000,0.0,0.0
2026-03-24 00:00:00-04:00,96.99676871718921,97.30441658068045,95.5181010136908,95.65703582763672,9155700,0.0,0.0
2026-03-25 00:00:00-04:00,96.08376214252051,96.4410252402814,94.33714339473161,95.22037506103516,8467500,0.0,0.0
2026-03-26 00:00:00-04:00,94.3966920435457,95.66695746718439,93.87071590500793,94.02950286865234,8548800,0.0,0.0
2026-03-27 00:00:00-04:00,93.47376126842354,93.47376126842354,91.48896970147202,91.71721649169922,12475900,0.0,0.0
2026-03-30 00:00:00-04:00,92.18364921591858,94.46616268251262,92.18364921591858,93.60277557373047,10592600,0.0,0.0
2026-03-31 00:00:00-04:00,94.61501738536155,96.15323399247868,93.47376820675542,95.64710998535156,11180200,0.0,0.0
2026-04-01 00:00:00-04:00,96.52041860940267,97.61205248622655,95.75626959566054,95.82573699951172,8518600,0.0,0.0
2026-04-02 00:00:00-04:00,95.26999653948798,96.431097805182,94.36691272969546,95.87535858154297,6379100,0.0,0.0
2026-04-06 00:00:00-04:00,95.76619510964362,96.4211799747073,95.389087429727,95.54786682128906,5882200,0.0,0.0
2026-04-07 00:00:00-04:00,95.07152604625539,96.05399582384246,94.60509878245135,95.05167388916016,7913000,0.0,0.0
2026-04-08 00:00:00-04:00,97.3540300760944,98.43574547532691,96.94715172012246,98.42581939697266,10821000,0.0,0.0
2026-04-09 00:00:00-04:00,97.9097767670043,99.46783792592092,96.93722551678441,99.03118133544922,8918300,0.0,0.0
2026-04-10 00:00:00-04:00,99.08079694980933,99.39837088687223,98.06855652524918,98.4158935546875,6359600,0.0,0.0
2026-04-13 00:00:00-04:00,97.78075602521236,100.4999183711592,97.78075602521236,100.41060638427734,6790300,0.0,0.0
2026-04-14 00:00:00-04:00,100.56938834781593,102.31600710376478,100.13273933736312,101.80988311767578,9997400,0.0,0.0
2026-04-15 00:00:00-04:00,101.8198131278678,102.59388068273239,101.01597490879759,102.2564697265625,7035300,0.0,0.0
2026-04-16 00:00:00-04:00,102.83205470603097,103.73513093975063,101.9984383035261,103.10992431640625,8145900,0.0,0.0
2026-04-17 00:00:00-04:00,103.89391872259145,105.52144722884589,103.89391872259145,105.48175048828125,10506200,0.0,0.0
2026-04-20 00:00:00-04:00,105.10464257514987,106.29551450391168,105.10464257514987,105.4916763305664,6423400,0.0,0.0
2026-04-21 00:00:00-04:00,105.3825171192469,106.06726510321214,103.1793971336853,103.49696350097656,7784500,0.0,0.0
2026-04-22 00:00:00-04:00,104.2313285377519,105.47182327436494,103.43741644914698,104.0229263305664,6886600,0.0,0.0
2026-04-23 00:00:00-04:00,104.14202322381671,104.40004069417164,101.7701977411496,102.86183166503906,6147000,0.0,0.0
2026-04-24 00:00:00-04:00,102.81220477355,102.85190151465905,101.19460232309635,101.81980895996094,5974500,0.0,0.0
2026-04-27 00:00:00-04:00,101.83965978533895,103.02060563953918,101.28391298845388,101.57170867919922,6524300,0.0,0.0
2026-04-28 00:00:00-04:00,101.87935582220716,102.50456244658284,99.84494141643668,100.69840240478516,6409300,0.0,0.0
2026-04-29 00:00:00-04:00,100.17243812617741,100.70833278627653,99.83501960476121,100.52970123291016,5533700,0.0,0.0
2026-04-30 00:00:00-04:00,100.14266668122531,103.32825638192301,99.65638727390106,102.96106719970703,9203500,0.0,0.0
2026-05-01 00:00:00-04:00,103.60612767816932,104.03285819415163,102.18700131770525,102.2961654663086,5956900,0.0,0.0
2026-05-04 00:00:00-04:00,101.95874579023288,102.26639364708471,100.49992270390443,100.53961944580078,8400100,0.0,0.0
2026-05-05 00:00:00-04:00,100.75794581561743,100.95642952130724,99.29912275715898,99.71593475341797,14314700,0.0,0.0
2026-05-06 00:00:00-04:00,105.70999842237963,108.31007817206148,104.50920040002059,107.23828887939453,23219500,0.0,0.0
2026-05-07 00:00:00-04:00,108.22076636608939,109.63989268061516,106.27566391105587,107.83373260498047,14309200,0.0,0.0
2026-05-08 00:00:00-04:00,108.20091503778465,108.37954658823092,106.72224738604457,107.19859313964844,8370000,0.0,0.0
2026-05-11 00:00:00-04:00,107.17874785259357,107.56578161412871,103.58627228220827,103.92369079589844,10562300,0.0,0.0
2026-05-12 00:00:00-04:00,104.19163617960176,105.4619016318964,103.42749472111741,105.35274505615234,8178500,0.0,0.0
2026-05-13 00:00:00-04:00,104.54890054022766,105.07486912556905,103.07023285422235,104.10232543945312,7605900,0.0,0.0
2026-05-14 00:00:00-04:00,104.73745264732493,105.48174949026665,104.05269712897726,104.61836242675781,6144600,0.0,0.0
2026-05-15 00:00:00-04:00,104.23132801819175,104.61836176837545,101.52209176690585,101.93889617919922,9258600,0.0,0.0
2026-05-18 00:00:00-04:00,101.90912608364066,103.90383616986786,101.77019127877047,103.1198501586914,9037200,0.0,0.0
2026-05-19 00:00:00-04:00,102.9213691252704,103.13969741611875,101.19460252614681,101.51216888427734,7032600,0.0,0.0
2026-05-20 00:00:00-04:00,102.12745766547482,104.06262648961834,100.8274139902545,103.28855895996094,7941400,0.0,0.0
2026-05-21 00:00:00-04:00,102.82212906090601,103.82445093516053,101.80988110870229,102.7923583984375,8611200,0.0,0.0
2026-05-22 00:00:00-04:00,103.24885888746034,103.7053600422387,102.19692177303108,102.21676635742188,5693300,0.0,0.0
2026-05-26 00:00:00-04:00,102.31600498962058,103.0106865892155,101.571708143084,102.49463653564453,6714400,0.0,0.0
2026-05-27 00:00:00-04:00,102.51448891845591,104.4496576951832,102.47479217798725,103.3877944946289,7360100,0.0,0.0
2026-05-28 00:00:00-04:00,103.02060905696617,103.61605261419375,102.31600892371814,102.94122314453125,6511100,0.0,0.0
2026-05-29 00:00:00-04:00,102.84197968736177,102.97099599414373,101.05567169189453,101.05567169189453,13340300,0.0,0.0
2026-06-01 00:00:00-04:00,100.88696335573167,102.2266962072239,99.53730442598828,102.06790924072266,8219000,0.0,0.0
2026-06-02 00:00:00-04:00,101.5717095216456,101.71064432917443,99.32889287365569,100.63886260986328,8397400,0.0,0.0
2026-06-03 00:00:00-04:00,99.67623490973834,100.49991765573053,98.495281504625,98.63421630859375,7471600,0.0,0.0
2026-06-04 00:00:00-04:00,99.77547422442305,100.69840261742887,98.25710986817649,98.5845947265625,9568000,0.0,0.0
2026-06-05 00:00:00-04:00,98.92201919170897,99.43806170522778,98.33650169977196,98.95178985595703,9501600,0.0,0.0
2026-06-08 00:00:00-04:00,98.76323055949389,99.08079692509821,97.66167814394407,98.11817932128906,7559200,0.0,0.0
2026-06-09 00:00:00-04:00,98.29680690142362,99.32889186938023,97.7609122614967,98.57467651367188,8616300,0.0,0.0
2026-06-10 00:00:00-04:00,98.7334588011272,99.00140991464168,97.20516831754395,97.86015319824219,7041400,0.0,0.0
2026-06-11 00:00:00-04:00,98.07848356908464,99.97395570346617,97.35403126794252,99.57699584960938,9264400,0.0,0.0
2026-06-12 00:00:00-04:00,100.29152205051567,100.99612219455338,98.78308369184245,99.27928161621094,8257200,0.0,0.0
2026-06-15 00:00:00-04:00,100.11288702989278,101.62133290773681,99.82509133515438,100.91673278808594,10265100,0.0,0.0
2026-06-16 00:00:00-04:00,100.65871043874095,101.15490835915841,99.28920690408536,100.50984954833984,10694600,0.0,0.0
2026-06-17 00:00:00-04:00,99.90448284246082,101.58163415846502,99.67623604963576,100.0930404663086,11168700,0.0,0.0
2026-06-18 00:00:00-04:00,101.02589489809478,103.42749090340284,100.03349910369847,103.0999984741211,22943600,0.0,0.0
2026-06-22 00:00:00-04:00,102.62365852244403,103.51680873068582,100.73810489243905,101.67095184326172,17396300,0.0,0.0
2026-06-23 00:00:00-04:00,101.24421702596689,103.24886079859846,101.02589630811102,102.74273681640625,14457400,0.0,0.0
2026-06-24 00:00:00-04:00,102.31600604449831,103.73513234938109,100.27167310777538,100.35106658935547,12215500,0.0,0.0
2026-06-25 00:00:00-04:00,100.34114161761468,100.80756886281634,97.24486394426569,97.30441284179688,12054400,0.0,0.0
2026-06-26 00:00:00-04:00,97.30440945370802,98.69375749140566,97.15554857213215,98.03878021240234,13921400,0.0,0.0
2026-06-29 00:00:00-04:00,98.95178655891404,99.27927899748993,97.75098852218167,97.87999725341797,10418100,0.0,0.0
2026-06-30 00:00:00-04:00,97.41000366210938,97.5999984741211,95.98999786376953,96.25,12717800,0.75,0.0
2026-07-01 00:00:00-04:00,96.55000305175781,97.76000213623047,95.6500015258789,95.70999908447266,11590400,0.0,0.0
2026-07-02 00:00:00-04:00,96.4000015258789,99.5199966430664,95.7699966430664,99.5,11297800,0.0,0.0
2026-07-06 00:00:00-04:00,98.8499984741211,99.44000244140625,97.0199966430664,97.41000366210938,10171900,0.0,0.0
2026-07-07 00:00:00-04:00,98.13999938964844,99.04000091552734,96.91999816894531,97.4800033569336,9936400,0.0,0.0
2026-07-08 00:00:00-04:00,97.30000305175781,97.66000366210938,96.63999938964844,96.69999694824219,8720800,0.0,0.0
2026-07-09 00:00:00-04:00,96.33999633789062,96.55000305175781,94.77999877929688,96.16999816894531,11448100,0.0,0.0
2026-07-10 00:00:00-04:00,96.88999938964844,97.05000305175781,95.5199966430664,95.62000274658203,10678900,0.0,0.0
2026-07-13 00:00:00-04:00,96.0999984741211,97.54000091552734,95.83000183105469,96.0,9304200,0.0,0.0
2026-07-14 00:00:00-04:00,95.51000213623047,96.69000244140625,95.12999725341797,95.87000274658203,7651600,0.0,0.0
2026-07-15 00:00:00-04:00,96.0999984741211,97.9000015258789,96.0999984741211,97.1500015258789,10219200,0.0,0.0
2026-07-16 00:00:00-04:00,97.27999877929688,99.8499984741211,97.27999877929688,99.70999908447266,7480000,0.0,0.0
2026-07-17 00:00:00-04:00,99.01000213623047,99.79000091552734,97.05000305175781,97.66999816894531,10496500,0.0,0.0
2026-07-20 00:00:00-04:00,97.8499984741211,98.38999938964844,96.0,96.41000366210938,9861700,0.0,0.0
2026-07-21 00:00:00-04:00,96.0,96.88999938964844,95.83999633789062,96.13999938964844,9745400,0.0,0.0
2026-07-22 00:00:00-04:00,97.12000274658203,97.30000305175781,95.6500015258789,95.87000274658203,9119200,0.0,0.0
2026-07-23 00:00:00-04:00,94.80999755859375,94.81999969482422,92.48999786376953,92.83000183105469,13562500,0.0,0.0
2026-07-24 00:00:00-04:00,93.26000213623047,96.29000091552734,93.0,94.8499984741211,12153100,0.0,0.0
2026-07-27 00:00:00-04:00,95.51000213623047,97.19000244140625,95.51000213623047,96.6500015258789,10593900,0.0,0.0
2026-07-28 00:00:00-04:00,97.0,99.2300033569336,96.97000122070312,98.88999938964844,11389300,0.0,0.0
2026-07-29 00:00:00-04:00,98.33999633789062,99.41000366210938,97.98999786376953,98.4800033569336,11070100,0.0,0.0
2026-07-30 00:00:00-04:00,97.41000366210938,97.4800033569336,94.45999908447266,96.16000366210938,21112400,0.0,0.0
2026-07-31 00:00:00-04:00,96.08000183105469,96.58999633789062,95.5999984741211,96.19000244140625,11193000,0.0,0.0
2026-08-03 00:00:00-04:00,97.62000274658203,99.05000305175781,97.20999908447266,98.13999938964844,11480300,0.0,0.0
2026-08-04 00:00:00-04:00,97.87000274658203,98.56999969482422,97.37999725341797,98.18000030517578,16796800,0.0,0.0
2026-08-05 00:00:00-04:00,101.98999786376953,103.20999908447266,99.69000244140625,101.76000213623047,20809000,0.0,0.0
2026-08-06 00:00:00-04:00,102.54000091552734,104.7300033569336,102.5199966430664,104.68000030517578,14047200,0.0,0.0
2026-08-07 00:00:00-04:00,104.41999816894531,105.25,103.69999694824219,104.91000366210938,10929700,0.0,0.0
2026-08-10 00:00:00-04:00,104.61000061035156,104.80000305175781,102.80000305175781,103.18000030517578,8631900,0.0,0.0
2026-08-11 00:00:00-04:00,102.94999694824219,104.08999633789062,102.79000091552734,103.52999877929688,6781600,0.0,0.0
2026-08-12 00:00:00-04:00,103.29000091552734,103.68000030517578,102.02999877929688,103.22000122070312,6717500,0.0,0.0
2026-08-13 00:00:00-04:00,103.80000305175781,104.94000244140625,103.45999908447266,104.80000305175781,7100000,0.0,0.0
2026-08-14 00:00:00-04:00,104.98999786376953,107.11000061035156,104.91000366210938,106.8499984741211,8176900,0.0,0.0
2026-08-17 00:00:00-04:00,106.33000183105469,106.63999938964844,103.45999908447266,103.5,7635000,0.0,0.0
2026-08-18 00:00:00-04:00,104.19000244140625,105.20999908447266,103.62999725341797,103.94999694824219,6149900,0.0,0.0
2026-08-19 00:00:00-04:00,104.05999755859375,107.05999755859375,103.95999908447266,106.93000030517578,8046100,0.0,0.0
2026-08-20 00:00:00-04:00,106.87999725341797,108.69000244140625,106.41999816894531,107.31999969482422,7971500,0.0,0.0
2026-08-21 00:00:00-04:00,107.56999969482422,108.41000366210938,106.97000122070312,107.77999877929688,6840800,0.0,0.0
2026-08-24 00:00:00-04:00,108.38999938964844,111.87000274658203,108.08000183105469,110.61000061035156,12658400,0.0,0.0
2026-08-25 00:00:00-04:00,110.5,111.5999984741211,109.76000213623047,111.25,6747100,0.0,0.0
2026-08-26 00:00:00-04:00,111.30000305175781,111.5199966430664,109.44999694824219,109.62999725341797,8524600,0.0,0.0
2026-08-27 00:00:00-04:00,108.77999877929688,108.87000274658203,106.73999786376953,106.81999969482422,8699500,0.0,0.0
2026-08-28 00:00:00-04:00,107.25,108.19999694824219,107.02999877929688,108.0999984741211,5465900,0.0,0.0
2026-08-31 00:00:00-04:00,107.77999877929688,108.08999633789062,106.97000122070312,107.55000305175781,8728700,0.0,0.0
2026-09-01 00:00:00-04:00,107.23999786376953,108.94999694824219,106.13999938964844,106.22000122070312,7033700,0.0,0.0
2026-09-02 00:00:00-04:00,106.70999908447266,108.98999786376953,106.33000183105469,107.9800033569336,7555300,0.0,0.0
2026-09-03 00:00:00-04:00,108.62000274658203,109.19999694824219,106.9000015258789,107.16000366210938,6241300,0.0,0.0
2026-09-04 00:00:00-04:00,106.48999786376953,106.87999725341797,105.16999816894531,105.30999755859375,6103700,0.0,0.0
