Date,Open,High,Low,Close,Volume,Dividends,Stock Splits
2021-01-04 00:00:00-05:00,86.49027807168432,86.6395118436749,84.50052417383233,84.84162902832031,986765,0.0,0.0
2021-01-05 00:00:00-05:00,85.15428978339236,85.6019846613445,84.09546021376894,84.97663116455078,958918,0.0,0.0
2021-01-06 00:00:00-05:00,85.99994148305666,86.83848158454623,85.48829378275099,86.49738311767578,752588,0.0,0.0
2021-01-07 00:00:00-05:00,86.63238890599385,86.8029381213773,84.30864629074577,84.3939208984375,1268530,0.0,0.0
2021-01-08 00:00:00-05:00,84.4081387466363,84.735024763753,83.19296595344457,83.9888687133789,1011558,0.0,0.0
2021-01-11 00:00:00-05:00,83.86094433289703,84.51471626998772,83.20716602537453,83.8396224975586,853050,0.0,0.0
2021-01-12 00:00:00-05:00,83.3564120107664,85.17561649608608,82.41838489709947,84.74923706054688,1453005,0.0,0.0
2021-01-13 00:00:00-05:00,84.83451332590427,86.7603079297932,84.55736764297069,86.57554626464844,1196150,0.0,0.0
2021-01-14 00:00:00-05:00,86.618207435742,87.22934871310312,86.18472483979775,86.48319244384766,1109200,0.0,0.0
2021-01-15 00:00:00-05:00,86.82424987870554,88.01099758695582,86.16336856060312,87.7764892578125,1962485,0.0,0.0
2021-01-19 00:00:00-05:00,88.5297870946372,88.5297870946372,85.75123313277646,85.90046691894531,1016845,0.0,0.0
2021-01-20 00:00:00-05:00,85.5096016910031,87.00902312469269,85.3603743101584,86.87400817871094,1207078,0.0,0.0
2021-01-21 00:00:00-05:00,86.71057770697283,87.30039704589326,86.37658224194794,87.072998046875,935183,0.0,0.0
2021-01-22 00:00:00-05:00,86.63949465613037,86.87400300261282,85.14717634357083,86.63238525390625,1133053,0.0,0.0
2021-01-25 00:00:00-05:00,85.82228061527847,88.27393515584342,85.82228061527847,87.72675323486328,791950,0.0,0.0
2021-01-26 00:00:00-05:00,87.96838096096359,88.04655255152016,86.87402328620661,87.25775909423828,1147270,0.0,0.0
2021-01-27 00:00:00-05:00,86.22734402761176,87.27907071439817,85.56646253549755,85.77965545654297,1513165,0.0,0.0
2021-01-28 00:00:00-05:00,85.87203915208772,87.43542004077975,85.78676452584274,86.05680084228516,787133,0.0,0.0
2021-01-29 00:00:00-05:00,85.67305184214642,86.00704726209943,84.0315059838556,84.3655014038086,1156435,0.0,0.0
2021-02-01 00:00:00-05:00,84.46499756444064,85.43144965454124,83.70462899683872,84.96243286132812,824028,0.0,0.0
2021-02-02 00:00:00-05:00,85.331963969552,86.59687725815827,84.94111875905715,85.07613372802734,683615,0.0,0.0
2021-02-03 00:00:00-05:00,84.78476978599481,85.11876519944441,83.78989294848434,84.15231323242188,901108,0.0,0.0
2021-02-04 00:00:00-05:00,84.15230909631936,85.31062569698767,84.00307534837623,85.06190490722656,976190,0.0,0.0
2021-02-05 00:00:00-05:00,85.77254250514304,87.1014148379754,85.16851078484342,86.49738311767578,1241623,0.0,0.0
2021-02-08 00:00:00-05:00,86.64662221566891,86.98061769481114,85.39592129777013,85.9857406616211,971138,0.0,0.0
2021-02-09 00:00:00-05:00,86.03547606172773,86.34814965746072,85.56645929769519,86.2202377319336,530278,0.0,0.0
2021-02-10 00:00:00-05:00,86.79586141361328,87.17959726460933,86.11365797474154,86.81007385253906,570463,0.0,0.0
2021-02-11 00:00:00-05:00,86.51870551365215,87.15116215682782,86.41211541943764,86.68925476074219,1166305,0.0,0.0
2021-02-12 00:00:00-05:00,86.52580860164791,86.83137279516315,85.64463118556965,85.9430923461914,873730,0.0,0.0
2021-02-16 00:00:00-05:00,85.8649232451296,86.16338439224015,85.17561693444362,85.70147705078125,1109553,0.0,0.0
2021-02-17 00:00:00-05:00,86.07097419180997,86.07097419180997,84.88423299696262,85.38166809082031,1368053,0.0,0.0
2021-02-18 00:00:00-05:00,85.7014814264726,85.83650275656142,85.16851187991821,85.27510833740234,1570270,0.0,0.0
2021-02-19 00:00:00-05:00,85.82229283453198,86.61818929077992,85.40302276611328,85.40302276611328,1699990,0.0,0.0
2021-02-22 00:00:00-05:00,85.25379357151405,86.9308739352094,84.90558566799818,86.8029556274414,1494130,0.0,0.0
2021-02-23 00:00:00-05:00,87.29328779734809,90.0007730603129,87.271972326369,89.26882934570312,2550103,0.0,0.0
2021-02-24 00:00:00-05:00,89.29013694198537,90.07182087779417,87.99679896866911,88.04653930664062,1791875,0.0,0.0
2021-02-25 00:00:00-05:00,87.50647472486669,88.23841838924898,85.92177850073195,86.15628051757812,794888,0.0,0.0
2021-02-26 00:00:00-05:00,86.30553558244883,86.30553558244883,83.61937168239616,83.65489959716797,2003493,0.0,0.0
2021-03-01 00:00:00-05:00,84.15943159999095,85.13298677681613,84.15943159999095,84.63555145263672,1159608,0.0,0.0
2021-03-02 00:00:00-05:00,84.78476665728374,84.91267856975928,83.71882768288849,83.83252716064453,1022955,0.0,0.0
2021-03-03 00:00:00-05:00,83.5127492295667,84.06704058748029,82.20519878610227,83.71172332763672,811808,0.0,0.0
2021-03-04 00:00:00-05:00,84.0243969488624,86.48316741601121,83.52696170345915,85.32484436035156,1740058,0.0,0.0
2021-03-05 00:00:00-05:00,85.70858816080603,87.98259063923273,85.59488230349505,87.52068328857422,1023425,0.0,0.0
2021-03-08 00:00:00-05:00,87.26485927628713,88.9632550379155,86.46185340790915,88.64347839355469,1216713,0.0,0.0
2021-03-09 00:00:00-05:00,88.64347156977763,89.36120276168397,88.25262640072015,88.56529998779297,802760,0.0,0.0
2021-03-10 00:00:00-05:00,88.27394167735325,90.02918704752918,88.2384137732068,89.70230102539062,650598,0.0,0.0
2021-03-11 00:00:00-05:00,89.25460978074865,90.4484608028175,89.04142323581371,89.4677963256836,860218,0.0,0.0
2021-03-12 00:00:00-05:00,90.08783937485175,91.39242037151053,89.75811173606604,91.29206848144531,757758,0.923404,0.0
2021-03-15 00:00:00-04:00,91.29206905234778,93.92273825146448,91.29206905234778,93.90123748779297,1391318,0.0,0.0
2021-03-16 00:00:00-04:00,93.11274676622429,93.9012322895433,92.58948015224524,93.10557556152344,990760,0.0,0.0
2021-03-17 00:00:00-04:00,93.36362070631576,93.77219298643317,92.60380722330612,92.84751892089844,1124123,0.0,0.0
2021-03-18 00:00:00-04:00,92.92638483678782,93.53566739071695,92.09489131028573,93.17726135253906,842005,0.0,0.0
2021-03-19 00:00:00-04:00,93.31344218853917,94.18794353517033,92.25257307189695,93.13423919677734,2551630,0.0,0.0
2021-03-22 00:00:00-04:00,92.41744106550023,92.68982473226313,90.70428152267093,91.5071029663086,1053153,0.0,0.0
2021-03-23 00:00:00-04:00,91.42108389465601,92.7830151284912,91.20604415009583,92.30992126464844,872320,0.0,0.0
2021-03-24 00:00:00-04:00,91.9586730852478,94.03023838754005,91.86549242240514,93.56431579589844,1343613,0.0,0.0
2021-03-25 00:00:00-04:00,93.98723255307472,95.72189270478323,93.54998191339375,95.11978149414062,1112373,0.0,0.0
2021-03-26 00:00:00-04:00,95.1413032700648,95.99429755314246,94.66821578576763,95.50687408447266,689960,0.0,0.0
2021-03-29 00:00:00-04:00,95.29897790941061,96.84727672902949,95.22729800348469,96.06595611572266,783725,0.0,0.0
2021-03-30 00:00:00-04:00,95.60004145777988,96.05162808518695,94.6466890551162,95.71472930908203,553778,0.0,0.0
2021-03-31 00:00:00-04:00,95.62154843454661,95.71473553269371,94.79722623680804,95.4351806640625,1616213,0.0,0.0
2021-04-01 00:00:00-04:00,95.22013463182209,95.38499520498124,94.34563334080345,95.3563232421875,865858,0.0,0.0
2021-04-05 00:00:00-04:00,95.54987019917944,97.11966993220558,95.44951832100432,96.35269165039062,825085,0.0,0.0
2021-04-06 00:00:00-04:00,96.08031137934086,97.09100140104267,95.41367852631254,96.86162567138672,513358,0.0,0.0
2021-04-07 00:00:00-04:00,97.06230483331741,97.54972813529349,96.53186716712287,97.27017974853516,928250,0.0,0.0
2021-04-08 00:00:00-04:00,97.59274860027898,97.59274860027898,96.66090981512976,96.73258972167969,718278,0.0,0.0
2021-04-09 00:00:00-04:00,96.9332992081029,97.4493945658666,96.7684322003567,97.09815979003906,719335,0.0,0.0
2021-04-12 00:00:00-04:00,97.53541573346511,98.30240045922358,97.06949307516003,97.22002410888672,654358,0.0,0.0
2021-04-13 00:00:00-04:00,96.78993385870078,98.89733596749943,96.64657404528721,98.65361785888672,735550,0.0,0.0
2021-04-14 00:00:00-04:00,98.8830120169428,99.51379527270788,98.25939353981529,99.43494415283203,1012498,0.0,0.0
2021-04-15 00:00:00-04:00,99.0263749513617,100.03706500347542,99.0263749513617,99.97972106933594,1241858,0.0,0.0
2021-04-16 00:00:00-04:00,100.50298308640043,101.42049241649549,100.26643615598437,100.83988189697266,915795,0.0,0.0
2021-04-19 00:00:00-04:00,100.17327145951279,100.60335101450126,99.5783248622064,100.1374282836914,1139280,0.0,0.0
2021-04-20 00:00:00-04:00,100.71800621605604,101.77171042260146,100.56748163355617,101.54949951171875,1029653,0.0,0.0
2021-04-21 00:00:00-04:00,101.44915731546747,101.67136824752524,100.28076515346524,100.45279693603516,1063140,0.0,0.0
2021-04-22 00:00:00-04:00,100.42412789772436,100.55315816422048,98.91884333057726,99.03353118896484,1301313,0.0,0.0
2021-04-23 00:00:00-04:00,98.84002149231878,99.47798253228454,98.45294985560665,98.7970199584961,1343025,0.0,0.0
2021-04-26 00:00:00-04:00,98.96902528549494,98.96902528549494,97.87948417413418,98.58194732666016,828258,0.0,0.0
2021-04-27 00:00:00-04:00,97.92966287885743,99.82202556300686,97.65011441195746,97.66444396972656,1045045,0.0,0.0
2021-04-28 00:00:00-04:00,97.22719452527132,98.08735349442296,96.82578058052357,97.90098571777344,755643,0.0,0.0
2021-04-29 00:00:00-04:00,98.37409060869695,100.04424243314631,98.26656751258975,100.03707122802734,1075243,0.0,0.0
2021-04-30 00:00:00-04:00,100.27359484851085,100.47429858377997,99.68581319798463,100.36677551269531,836013,0.0,0.0
2021-05-03 00:00:00-04:00,99.83636084151759,101.75022427461516,99.70733699021096,100.66785430908203,1487668,0.0,0.0
2021-05-04 00:00:00-04:00,100.58182686655637,101.24845323471794,99.94387246206175,100.80403137207031,983005,0.0,0.0
2021-05-05 00:00:00-04:00,101.07643639997804,101.07643639997804,98.54611916765955,99.54964447021484,836365,0.0,0.0
2021-05-06 00:00:00-04:00,100.11589326542007,101.46348183580102,99.80049527386007,101.2842788696289,873613,0.0,0.0
2021-05-07 00:00:00-04:00,100.77537250311998,102.38101552872573,100.77537250311998,101.56385803222656,768685,0.0,0.0
2021-05-10 00:00:00-04:00,102.0799432755313,104.24468944962848,102.0799432755313,103.32718658447266,1092633,0.0,0.0
2021-05-11 00:00:00-04:00,103.47056257322812,103.66409515117911,101.02626115010501,101.95093536376953,794183,0.0,0.0
2021-05-12 00:00:00-04:00,102.10861538452308,102.38100547381164,99.26290683576214,99.34892272949219,983593,0.0,0.0
2021-05-13 00:00:00-04:00,99.4492773203079,101.37030530107134,99.27723911345744,100.538818359375,1067488,0.0,0.0
2021-05-14 00:00:00-04:00,100.78253788293951,102.29499371419854,100.78253788293951,101.1552734375,839773,0.0,0.0
2021-05-17 00:00:00-04:00,101.59251433547183,102.2089615393647,100.73952022415708,100.90438079833984,563883,0.0,0.0
2021-05-18 00:00:00-04:00,100.86854770256909,101.06925145062415,98.6392864364326,98.80415344238281,1804683,0.0,0.0
2021-05-19 00:00:00-04:00,98.51743348320902,99.6213105197464,97.59992421211913,99.4922866821289,1588718,0.0,0.0
2021-05-20 00:00:00-04:00,99.81483990878539,101.19110698483055,99.54962746385822,100.6104965209961,1062318,0.0,0.0
2021-05-21 00:00:00-04:00,100.65352130961915,101.58536026334825,99.71450472522208,100.83271789550781,2332963,0.0,0.0
2021-05-24 00:00:00-04:00,101.39181783764856,102.42401500417724,101.30580194258869,101.90791320800781,1010265,0.0,0.0
2021-05-25 00:00:00-04:00,101.42049359420584,101.71438445955242,99.44211508224801,99.47078704833984,1267708,0.0,0.0
2021-05-26 00:00:00-04:00,99.57833443809879,100.05859320025873,98.78984875231765,98.7970199584961,1580610,0.0,0.0
2021-05-27 00:00:00-04:00,99.2199104779002,99.35610553845223,98.62496393053853,98.87584686279297,1644413,0.0,0.0
2021-05-28 00:00:00-04:00,99.3345891728924,99.58546563993075,98.75397227488041,98.91167449951172,874200,0.0,0.0
2021-06-01 00:00:00-04:00,99.4062753408275,99.49229123650998,98.30239825375881,98.96902465820312,735668,0.0,0.0
2021-06-02 00:00:00-04:00,99.43493600883436,99.43493600883436,98.32389419779487,98.5174331665039,858455,0.0,0.0
2021-06-03 00:00:00-04:00,98.23071846439129,99.08371912549816,97.87949007984153,98.67514038085938,1028360,0.0,0.0
2021-06-04 00:00:00-04:00,99.04786625585285,99.24140522799823,98.42424781872887,98.44575500488281,982770,0.0,0.0
2021-06-07 00:00:00-04:00,98.62494206425659,99.27006762536172,98.51742542127866,98.81130981445312,835073,0.0,0.0
2021-06-08 00:00:00-04:00,98.9403624636573,99.01204238380465,97.86515723563609,98.5461196899414,1131995,0.0,0.0
2021-06-09 00:00:00-04:00,98.61778147340341,100.29509772218907,98.30955466054999,99.62847137451172,1536313,0.0,0.0
2021-06-10 00:00:00-04:00,100.04422757972054,100.04422757972054,98.96902248152686,99.03353118896484,1354423,0.0,0.0
2021-06-11 00:00:00-04:00,98.9188585267846,99.40628842562234,97.91533318591866,99.37044525146484,979245,0.0,0.0
2021-06-14 00:00:00-04:00,99.54246556652659,99.69299659930131,98.58194829012002,99.19123077392578,985238,0.0,0.0
2021-06-15 00:00:00-04:00,99.18405559432655,99.36325214818868,98.12318654925654,98.65361785888672,1417285,0.0,0.0
2021-06-16 00:00:00-04:00,98.93317701195069,99.0980440174535,96.77560208749868,97.17700958251953,1836408,0.0,0.0
2021-06-17 00:00:00-04:00,96.95480840121446,97.53541894210304,96.25234521427173,96.41720581054688,1136225,0.0,0.0
2021-06-18 00:00:00-04:00,95.5681314010903,96.81105844239082,95.19958776249362,95.2718505859375,1940865,0.923404,0.0
2021-06-21 00:00:00-04:00,95.3946711061702,96.30518887788084,94.97554038182453,96.04503631591797,1130820,0.0,0.0
2021-06-22 00:00:00-04:00,96.04503559565258,96.07394071586904,95.10561918861735,95.206787109375,912270,0.0,0.0
2021-06-23 00:00:00-04:00,95.20679995250735,95.20679995250735,94.15175644422014,94.34686279296875,1194035,0.0,0.0
2021-06-24 00:00:00-04:00,94.34684717415615,94.56364204719871,93.46524103457465,94.10838317871094,972900,0.0,0.0
2021-06-25 00:00:00-04:00,93.94219101647514,94.89606658996273,93.63145769332777,94.85993194580078,1251493,0.0,0.0
2021-06-28 00:00:00-04:00,95.0622599947592,95.38022281180933,94.33240243214546,94.6648178100586,1317058,0.0,0.0
2021-06-29 00:00:00-04:00,94.26013878993795,94.65758744916963,93.30626330339477,93.57363891601562,1561693,0.0,0.0
2021-06-30 00:00:00-04:00,93.57366012473123,94.02891913008668,93.11840111937579,93.65315246582031,1538310,0.0,0.0
2021-07-01 00:00:00-04:00,94.50403680757445,95.25123618356102,93.87570343429267,94.99650573730469,2696000,0.0,1.175
2021-07-02 00:00:00-04:00,94.80123214147287,95.08992064407131,93.94364642117196,94.87764739990234,1481000,0.0,0.0
2021-07-06 00:00:00-04:00,95.69275847231327,96.10032587732431,94.44459746523229,95.3531265258789,2023900,0.0,0.0
2021-07-07 00:00:00-04:00,95.01349733714483,96.80508388441264,94.88613210581936,96.76262664794922,1875100,0.0,0.0
2021-07-08 00:00:00-04:00,96.28713368059844,97.50982302008578,95.94749523371574,96.99188232421875,1720800,0.0,0.0
2021-07-09 00:00:00-04:00,97.36545676299787,98.22304218983983,96.86449518765554,98.15511322021484,1127500,0.0,0.0
2021-07-12 00:00:00-04:00,97.83247487819031,98.63062419480211,97.5098154635273,98.49476623535156,1147700,0.0,0.0
2021-07-13 00:00:00-04:00,98.67308538571946,98.85139411781084,97.39944603243978,97.56077575683594,834400,0.0,0.0
2021-07-14 00:00:00-04:00,97.64568375144162,98.3249606644167,97.27208080149887,97.56077575683594,1363800,0.0,0.0
2021-07-15 00:00:00-04:00,97.45038890281575,98.61364850338497,97.45038890281575,98.31646728515625,1943300,0.0,0.0
2021-07-16 00:00:00-04:00,98.33344220910608,99.64953873554673,98.16362622804607,99.38632202148438,929300,0.0,0.0
2021-07-19 00:00:00-04:00,98.96179052808854,99.49671677942749,95.53145407277196,96.7116928100586,1376400,0.0,0.0
2021-07-20 00:00:00-04:00,96.92395047170464,98.80893764197438,96.82205699723501,98.59666442871094,1137600,0.0,0.0
2021-07-21 00:00:00-04:00,98.97876047162006,99.51368667396271,97.6456848591868,97.67964935302734,993300,0.0,0.0
2021-07-22 00:00:00-04:00,97.67115795875394,98.08721167743222,97.48435647908391,97.54379272460938,680800,0.0,0.0
2021-07-23 00:00:00-04:00,97.6201994630358,99.00421838374021,97.33999728656644,98.8004379272461,1134200,0.0,0.0
2021-07-26 00:00:00-04:00,98.57966184435732,98.86835673291222,97.43338798717961,98.39286041259766,1226600,0.0,0.0
2021-07-27 00:00:00-04:00,98.57968278959822,101.27130568404549,98.03626386068979,100.78732299804688,1724700,0.0,0.0
2021-07-28 00:00:00-04:00,100.67694797794212,100.80431321245668,98.46081492280952,99.92974853515625,977100,0.0,0.0
2021-07-29 00:00:00-04:00,100.24390848103678,100.94865716231678,99.70898227130522,100.3033447265625,983600,0.0,0.0
2021-07-30 00:00:00-04:00,100.11654587196087,100.75336554011342,99.30141099602871,99.6155776977539,643000,0.0,0.0
2021-08-02 00:00:00-04:00,100.04010343576863,100.77881643002179,99.58159259223875,99.85330200195312,924400,0.0,0.0
2021-08-03 00:00:00-04:00,100.00616349893386,100.53260344363667,99.52218079163438,100.3033447265625,787800,0.0,0.0
2021-08-04 00:00:00-04:00,99.85331872163438,100.13352091927538,98.83440988411273,100.0146484375,728400,0.0,0.0
2021-08-05 00:00:00-04:00,100.49863684055613,101.35622248920248,100.1250338890538,101.32225799560547,656400,0.0,0.0
2021-08-06 00:00:00-04:00,101.47508677078234,102.43455934455591,100.8467534071524,101.5345230102539,733200,0.0,0.0
2021-08-09 00:00:00-04:00,101.31376084843897,101.9505805000537,101.1524311303826,101.80623626708984,802600,0.0,0.0
2021-08-10 00:00:00-04:00,101.81472855044994,102.58739968899754,101.35621762598748,101.89114379882812,806200,0.0,0.0
2021-08-11 00:00:00-04:00,102.03549834550074,102.79968329685323,101.89115409859669,102.04399108886719,992700,0.0,0.0
2021-08-12 00:00:00-04:00,102.34965437549714,102.57890659791713,101.77227097014321,101.84868621826172,491700,0.0,0.0
2021-08-13 00:00:00-04:00,102.02699392033135,102.51097655703262,101.81472072040863,102.14586639404297,988100,0.0,0.0
2021-08-16 00:00:00-04:00,102.41758370722528,103.33459907808574,101.84020029990934,101.89114379882812,866200,0.0,0.0
2021-08-17 00:00:00-04:00,101.5854596729419,102.22227925789167,100.99109731821432,102.15435028076172,771300,0.0,0.0
2021-08-18 00:00:00-04:00,102.13737498285076,102.27322646397795,101.39866190539256,102.010009765625,812200,0.0,0.0
2021-08-19 00:00:00-04:00,102.01849767950698,102.98646291971082,101.78075274023779,102.03547668457031,937100,0.0,0.0
2021-08-20 00:00:00-04:00,101.83172279020998,103.46197978012272,101.13546679588899,103.14781951904297,1302600,0.0,0.0
2021-08-23 00:00:00-04:00,103.4789320228406,103.48741828582715,102.61285382152577,102.86758422851562,915600,0.0,0.0
2021-08-24 00:00:00-04:00,102.99496719707786,102.99496719707786,101.42414021313554,102.30719757080078,664500,0.0,0.0
2021-08-25 00:00:00-04:00,102.17134707724479,102.84213122503373,101.83170863205153,102.55343627929688,746000,0.0,0.0
2021-08-26 00:00:00-04:00,102.553435279213,102.62985700571689,101.91661562996,102.30719757080078,528300,0.0,0.0
2021-08-27 00:00:00-04:00,102.54494119580569,103.07138109774091,102.27323174146656,102.44305419921875,519000,0.0,0.0
2021-08-30 00:00:00-04:00,102.44306241523675,102.8336443822952,101.97605871654461,102.23078918457031,790100,0.0,0.0
2021-08-31 00:00:00-04:00,102.23078243557659,102.65532886888208,101.4665975600138,102.1798324584961,894700,0.0,0.0
2021-09-01 00:00:00-04:00,101.33922646409287,103.29214253539664,101.16941049183346,103.05439758300781,900100,0.0,0.0
2021-09-02 00:00:00-04:00,103.24968885900716,103.70819977357468,102.8591069269084,103.69970703125,954600,0.0,0.0
2021-09-03 00:00:00-04:00,103.39404128223954,103.66575075558332,102.50249760942322,102.52796936035156,630600,0.0,0.0
2021-09-07 00:00:00-04:00,101.96755591216035,102.00152040308345,100.87223185069598,101.27979278564453,898300,0.0,0.0
2021-09-08 00:00:00-04:00,101.19488069337615,103.41101343123364,100.82977052834045,103.02043151855469,1419000,0.0,0.0
2021-09-09 00:00:00-04:00,103.13081416941164,103.15628591777566,102.34115757980574,102.3751220703125,775800,0.0,0.0
2021-09-10 00:00:00-04:00,102.37512571839162,102.44305470182576,100.81279796779265,100.84675598144531,654800,0.0,0.0
2021-09-13 00:00:00-04:00,101.755283084266,101.755283084266,100.0995546334541,100.23541259765625,828000,0.0,0.0
2021-09-14 00:00:00-04:00,100.58352721533745,100.77882139979252,99.51366852767575,99.70046997070312,775200,0.0,0.0
2021-09-15 00:00:00-04:00,99.53066882589475,99.95521526758306,98.93629992069238,99.24197387695312,1175500,0.0,0.0
2021-09-16 00:00:00-04:00,99.42876927117408,100.58353604023758,98.84289962253372,99.81935119628906,1692600,0.0,0.0
2021-09-17 00:00:00-04:00,100.77277605852272,101.2858308964601,97.43790982616045,97.48066711425781,3477100,0.825,0.0
2021-09-20 00:00:00-04:00,96.2322424634365,97.92532427771627,96.18948517037161,97.42082214355469,1742500,0.0,0.0
2021-09-21 00:00:00-04:00,98.12198867528124,98.12198867528124,96.34339245644628,96.95050811767578,1661500,0.0,0.0
2021-09-22 00:00:00-04:00,97.39518410024677,97.94244360458217,96.6084993782456,97.43793487548828,776200,0.0,0.0
2021-09-23 00:00:00-04:00,98.03646929082359,98.30154618335591,97.09586776275658,97.26688385009766,542300,0.0,0.0
2021-09-24 00:00:00-04:00,97.13862808935377,97.71153921459954,96.79658935714043,97.2326889038086,763300,0.0,0.0
2021-09-27 00:00:00-04:00,97.45503485267163,98.30157583086198,96.06122787747559,96.28355407714844,681600,0.0,0.0
2021-09-28 00:00:00-04:00,96.08687882805106,96.36905478332257,94.53060859694631,95.28308868408203,1012100,0.0,0.0
2021-09-29 00:00:00-04:00,95.41134889875643,97.2326959839354,95.22322725614846,96.73674011230469,958300,0.0,0.0
2021-09-30 00:00:00-04:00,97.13009587311215,97.1814059342979,95.4797711994903,95.52252197265625,1602800,0.0,0.0
2021-10-01 00:00:00-04:00,96.40326176422819,96.4802235895113,95.30874287371378,95.48831176757812,718000,0.0,0.0
2021-10-04 00:00:00-04:00,95.14626478062549,97.04457367188844,95.1377185415453,96.6341323852539,1011100,0.0,0.0
2021-10-05 00:00:00-04:00,97.0103816808948,97.9937407814686,96.206598005758,97.30111694335938,1076300,0.0,0.0
2021-10-06 00:00:00-04:00,96.8821060338978,98.66924849959993,96.12961950194209,98.57518768310547,848100,0.0,0.0
2021-10-07 00:00:00-04:00,98.85737380207799,99.75522471145382,98.07923547743938,98.38706970214844,1118000,0.0,0.0
2021-10-08 00:00:00-04:00,98.28446530827301,98.59229954132945,97.45502343164021,97.59183502197266,657400,0.0,0.0
2021-10-11 00:00:00-04:00,97.65167276534125,97.65167276534125,95.40277926247263,95.89873504638672,753400,0.0,0.0
2021-10-12 00:00:00-04:00,95.8987547746896,96.69399213530487,95.64222406848589,96.4545669555664,814200,0.0,0.0
2021-10-13 00:00:00-04:00,96.54861997585319,97.62603319759228,95.84743697208378,97.45501708984375,738600,0.0,0.0
2021-10-14 00:00:00-04:00,97.69444595847636,98.41272146689977,97.4208162613846,98.38706970214844,698400,0.0,0.0
2021-10-15 00:00:00-04:00,98.52389698508249,98.88303477272952,98.06214560503037,98.36997985839844,869900,0.0,0.0
2021-10-18 00:00:00-04:00,97.66878845047675,98.04503170829604,97.11297632611085,97.2326889038086,559600,0.0,0.0
2021-10-19 00:00:00-04:00,97.8654628335101,98.23315335344614,97.27545266810323,97.882568359375,561100,0.0,0.0
2021-10-20 00:00:00-04:00,97.9424107901004,99.33621085387668,97.89965350533632,98.7376480102539,856000,0.0,0.0
2021-10-21 00:00:00-04:00,98.79752326065095,99.02839568069838,98.42983272217025,98.67781066894531,788600,0.0,0.0
2021-10-22 00:00:00-04:00,99.02839467995238,99.75522951005179,98.90013585002603,99.19086456298828,944100,0.0,0.0
2021-10-25 00:00:00-04:00,99.05403438432805,99.85782441450739,98.47257702920643,98.89157104492188,1026500,0.0,0.0
2021-10-26 00:00:00-04:00,98.95142058779689,100.29391711809826,98.85735978115162,99.50723266601562,769900,0.0,0.0
2021-10-27 00:00:00-04:00,98.49823227052649,99.2678112789397,97.32675170898438,97.32675170898438,1186100,0.0,0.0
2021-10-28 00:00:00-04:00,97.43791948781715,98.04504172453844,97.24980436353593,97.83126831054688,549200,0.0,0.0
2021-10-29 00:00:00-04:00,97.56617829219002,98.17329396431391,96.31774242113782,96.92485809326172,762100,0.0,0.0
2021-11-01 00:00:00-04:00,97.01891620511267,97.09587801923772,95.95860199913417,96.59992218017578,741400,0.0,0.0
2021-11-02 00:00:00-04:00,96.8136899275286,96.9761597848811,95.56525416410658,96.69397735595703,646100,0.0,0.0
2021-11-03 00:00:00-04:00,96.30064102306663,97.48922057359304,95.95004952493122,96.847900390625,891500,0.0,0.0
2021-11-04 00:00:00-04:00,96.899227040168,97.13009949063597,96.27500570929887,96.96763610839844,728300,0.0,0.0
2021-11-05 00:00:00-04:00,97.55763049342785,98.19895072498764,97.05312837604727,97.59183502197266,523400,0.0,0.0
2021-11-08 00:00:00-05:00,97.72008786005809,97.79704967039066,95.79612741174066,96.05265808105469,735100,0.0,0.0
2021-11-09 00:00:00-05:00,96.0099221603945,96.62559068467883,95.6422315986051,96.19804382324219,711800,0.0,0.0
2021-11-10 00:00:00-05:00,96.19803911681043,97.09589009143949,96.0355692297821,96.77095031738281,1041100,0.0,0.0
2021-11-11 00:00:00-05:00,96.61702280774249,96.78804543987386,95.49685229362902,96.1894760131836,754800,0.0,0.0
2021-11-12 00:00:00-05:00,96.16384449198013,96.16384449198013,95.50542516025342,95.73629760742188,471000,0.0,0.0
2021-11-15 00:00:00-05:00,96.30064338354042,96.92485805690919,95.68497494898473,96.79659271240234,1619200,0.0,0.0
2021-11-16 00:00:00-05:00,96.83935670385267,97.30966082497746,96.38615810923072,96.44601440429688,1271400,0.0,0.0
2021-11-17 00:00:00-05:00,96.32628852065122,96.73672976622001,95.71917289052315,96.41179656982422,1267300,0.0,0.0
2021-11-18 00:00:00-05:00,96.39471526635491,96.59993592681518,94.9410520681562,95.2403335571289,1278100,0.0,0.0
2021-11-19 00:00:00-05:00,95.34295040996501,95.34295040996501,94.21422695306103,95.06932067871094,1661600,0.0,0.0
2021-11-22 00:00:00-05:00,95.0436538465857,97.08732700506432,94.71016786834669,96.57427215576172,1718100,0.0,0.0
2021-11-23 00:00:00-05:00,96.82223980013283,96.98470312879132,95.9072900167988,95.98424530029297,1140700,0.0,0.0
2021-11-24 00:00:00-05:00,95.93296072234347,96.49731915095126,95.42845206570844,95.92440795898438,945200,0.0,0.0
2021-11-26 00:00:00-05:00,94.98380972416984,95.2146821525858,94.18857232253036,94.62467193603516,784200,0.0,0.0
2021-11-29 00:00:00-05:00,95.19755428666035,95.68495728674071,94.52202968587437,95.33436584472656,1401000,0.0,0.0
2021-11-30 00:00:00-05:00,94.59899598314553,94.89828394122715,92.5382239441121,92.64083099365234,1726200,0.0,0.0
2021-12-01 00:00:00-05:00,94.436544796967,95.53106362519017,93.28216315034877,93.3334732055664,1503000,0.0,0.0
2021-12-02 00:00:00-05:00,93.67550559818046,94.89828969549906,93.58999101991702,94.06029510498047,1472600,0.0,0.0
2021-12-03 00:00:00-05:00,94.59901744638337,95.69354290596473,93.88074184125081,95.67643737792969,2037800,0.0,0.0
2021-12-06 00:00:00-05:00,96.5999274384332,98.412721740259,96.38615403311626,97.64314270019531,1011500,0.0,0.0
2021-12-07 00:00:00-05:00,97.42082705751508,99.2165225514183,97.38662252610726,98.34432983398438,1289700,0.0,0.0
2021-12-08 00:00:00-05:00,98.34431641662867,99.33622159673826,97.83126156320326,97.9253158569336,664200,0.0,0.0
2021-12-09 00:00:00-05:00,97.95952250503274,99.24216292829561,97.4721194051467,98.53244018554688,627100,0.0,0.0
2021-12-10 00:00:00-05:00,99.03693618465427,99.63549906908857,98.57518487787088,99.37897491455078,559500,0.0,0.0
2021-12-13 00:00:00-05:00,99.13100801758107,100.71292997986734,98.83172654209667,100.19132232666016,905900,0.0,0.0
2021-12-14 00:00:00-05:00,100.73003577395716,100.90105189644626,99.93479840907365,100.43930053710938,987100,0.0,0.0
2021-12-15 00:00:00-05:00,100.58464507546466,102.38889286477641,100.5760988377169,102.26918029785156,1506400,0.0,0.0
2021-12-16 00:00:00-05:00,102.4744243837269,103.32097183156456,102.28630925249897,102.89342498779297,995400,0.0,0.0
2021-12-17 00:00:00-05:00,102.53592319431996,103.18199513571626,100.21867639474645,100.4426498413086,1796700,0.885,0.0
2021-12-20 00:00:00-05:00,99.75350459139229,101.02841613467024,98.61641830341152,100.89920043945312,885300,0.0,0.0
2021-12-21 00:00:00-05:00,101.35575051139452,101.94151598692505,99.92577505849607,100.33926391601562,992700,0.0,0.0
2021-12-22 00:00:00-05:00,100.08948433066273,101.04567149274524,100.02056840117206,100.52880859375,420300,0.0,0.0
2021-12-23 00:00:00-05:00,100.44264851627263,101.45051915423099,100.210065512199,100.63216400146484,643800,0.0,0.0
2021-12-27 00:00:00-05:00,101.06288322877938,101.57973948419429,100.3565114795361,101.51943969726562,415500,0.0,0.0
2021-12-28 00:00:00-05:00,101.81233135531993,102.33780375556672,101.45052605344652,102.27750396728516,500500,0.0,0.0
2021-12-29 00:00:00-05:00,102.25163029997293,102.97523415272454,101.91567348082546,102.83740234375,452000,0.0,0.0
2021-12-30 00:00:00-05:00,103.13893288068451,103.13893288068451,102.32918723637134,102.7857437133789,387400,0.0,0.0
2021-12-31 00:00:00-05:00,102.91494283641018,103.47487310506254,102.1913389241962,102.9752426147461,565400,0.0,0.0
2022-01-03 00:00:00-05:00,103.15616031996598,103.15616031996598,101.45052738700637,102.66514587402344,713600,0.0,0.0
2022-01-04 00:00:00-05:00,102.95800189051154,104.0864784668979,102.7598768803386,102.83740234375,762000,0.0,0.0
2022-01-05 00:00:00-05:00,102.83742441869717,103.91421101176849,102.6995991523196,102.7254409790039,695000,0.0,0.0
2022-01-06 00:00:00-05:00,103.67300473975622,104.01757774028908,102.54453457088985,103.00109100341797,874600,0.0,0.0
2022-01-07 00:00:00-05:00,102.28610756641305,103.84529898198596,101.4160687536599,103.1044692993164,1023100,0.0,0.0
2022-01-10 00:00:00-05:00,103.31983305629188,103.54379994386106,101.94154090905734,103.500732421875,941600,0.0,0.0
2022-01-11 00:00:00-05:00,103.75914952622823,103.80222361718347,101.55389277073785,102.32056427001953,954800,0.0,0.0
2022-01-12 00:00:00-05:00,102.1741000008945,102.90631337791623,101.36435459194838,102.69095611572266,1246700,0.0,0.0
2022-01-13 00:00:00-05:00,102.98387561521454,104.23294547341911,102.6306864469786,103.2250747680664,608000,0.0,0.0
2022-01-14 00:00:00-05:00,103.08721756837957,103.14751734176035,101.82091575520104,102.83740234375,690300,0.0,0.0
2022-01-18 00:00:00-05:00,102.19995609017955,102.63067067470398,100.9078123366063,101.97598266601562,868200,0.0,0.0
2022-01-19 00:00:00-05:00,102.13104944697284,103.01832052005717,101.55389342866137,102.2258071899414,543600,0.0,0.0
2022-01-20 00:00:00-05:00,102.49285927491998,103.56964588173581,101.72618116445793,101.95877075195312,714300,0.0,0.0
2022-01-21 00:00:00-05:00,102.46702042399309,103.44904937514367,101.91570615570451,102.044921875,746500,0.0,0.0
2022-01-24 00:00:00-05:00,101.64864861865722,102.38947827843228,98.0478741928378,100.68384552001953,1227000,0.0,0.0
2022-01-25 00:00:00-05:00,99.46063303418349,102.04492111203328,99.46063303418349,101.3299331665039,1450100,0.0,0.0
2022-01-26 00:00:00-05:00,101.2351720539736,102.7512895162452,100.81307352213437,101.80371856689453,1400700,0.0,0.0
2022-01-27 00:00:00-05:00,102.51868532801309,104.17262772427613,102.32916986282366,103.20782470703125,1373400,0.0,0.0
2022-01-28 00:00:00-05:00,102.86327339276923,103.59548696571545,102.17412734047642,103.57825469970703,879500,0.0,0.0
2022-01-31 00:00:00-05:00,102.83740960503654,103.83667057411208,102.69958435851262,103.74191284179688,1117400,0.0,0.0
2022-02-01 00:00:00-05:00,103.03554641222199,103.57824443841447,100.95088934022563,102.0621337890625,986400,0.0,0.0
2022-02-02 00:00:00-05:00,101.74341624108327,104.00897295841985,101.48498481943517,103.56964874267578,1004900,0.0,0.0
2022-02-03 00:00:00-05:00,103.6471606872195,104.5688896648293,103.00108878967478,103.42318725585938,871800,0.0,0.0
2022-02-04 00:00:00-05:00,102.87188280810273,103.81084413871916,102.4411681690748,103.37151336669922,949000,0.0,0.0
2022-02-07 00:00:00-05:00,103.36288862738957,103.36288862738957,102.03628686097855,103.02693176269531,976700,0.0,0.0
2022-02-08 00:00:00-05:00,103.72470722568387,103.98313207750097,102.89772929775363,103.31121826171875,617300,0.0,0.0
2022-02-09 00:00:00-05:00,103.90560619694011,104.39662064292062,103.44904313998973,103.8194580078125,871400,0.0,0.0
2022-02-10 00:00:00-05:00,102.47562185599773,103.33705109813509,99.55537725092678,99.82241821289062,1847800,0.0,0.0
2022-02-11 00:00:00-05:00,100.3134531570259,101.64867138459583,99.91719641317187,100.06364440917969,821300,0.0,0.0
2022-02-14 00:00:00-05:00,100.5977194510951,101.40746515132108,99.598464812602,99.96887969970703,1640100,0.0,0.0
2022-02-15 00:00:00-05:00,101.99321571203781,102.49284621124188,99.78795255327547,100.19282531738281,1597000,0.0,0.0
2022-02-16 00:00:00-05:00,100.14116680617977,100.88199660897232,99.1332959950032,100.34790802001953,1581400,0.0,0.0
2022-02-17 00:00:00-05:00,99.99470530133082,102.62206047551064,99.6501322993545,102.1224365234375,1821000,0.0,0.0
2022-02-18 00:00:00-05:00,101.64004011218991,103.49211440058772,101.64004011218991,102.81158447265625,1840300,0.0,0.0
2022-02-22 00:00:00-05:00,103.13030074819171,103.45764146510531,101.51080971080778,101.93291473388672,977100,0.0,0.0
2022-02-23 00:00:00-05:00,101.97600424789047,102.5014766779942,100.83891776698398,101.0112075805664,989000,0.0,0.0
2022-02-24 00:00:00-05:00,100.37374538370342,101.82094696055219,98.98685017090008,101.42469024658203,1850100,0.0,0.0
2022-02-25 00:00:00-05:00,102.77711976827075,105.08575037744315,102.55315289948386,105.0512924194336,1390300,0.0,0.0
2022-02-28 00:00:00-05:00,103.81084181530342,105.30972688536218,103.43181083834322,104.74118041992188,1642800,0.0,0.0
2022-03-01 00:00:00-05:00,104.56028340443008,105.52508656183879,102.66514162158079,103.37151336669922,1438800,0.0,0.0
2022-03-02 00:00:00-05:00,103.29397104759754,105.75765233480492,103.04415580902354,105.4130859375,977000,0.0,0.0
2022-03-03 00:00:00-05:00,105.53369424052147,108.58315442920876,105.53369424052147,107.85955047607422,1161900,0.0,0.0
2022-03-04 00:00:00-05:00,107.12734075519467,110.29739404741235,107.12734075519467,110.1595687866211,860600,0.0,0.0
2022-03-07 00:00:00-05:00,110.13374803327413,110.51277250210785,108.64347884415095,109.49629211425781,1212300,0.0,0.0
2022-03-08 00:00:00-05:00,109.92699133760591,110.46969599213406,108.6520731069099,108.68653106689453,1039400,0.0,0.0
2022-03-09 00:00:00-05:00,109.35845637010176,109.71164556799242,107.1704315442709,107.70451354980469,1369000,0.0,0.0
2022-03-10 00:00:00-05:00,107.25655430808968,109.9528254078852,106.9636649549742,109.65994262695312,1283700,0.0,0.0
2022-03-11 00:00:00-05:00,109.14307419889462,110.35769249424615,108.89326552085255,109.37566375732422,1302700,0.0,0.0
2022-03-14 00:00:00-04:00,110.08205605063793,110.84011150318621,108.43672285803366,108.988037109375,916200,0.0,0.0
2022-03-15 00:00:00-04:00,110.2973983221984,110.71089383714856,108.8415873200348,110.05620574951172,1200200,0.0,0.0
2022-03-16 00:00:00-04:00,109.82361510054287,110.39215499762729,107.92847334734985,110.08204650878906,1403700,0.0,0.0
2022-03-17 00:00:00-04:00,110.38354033967023,110.788413126874,109.4015115491767,110.07342529296875,1227100,0.0,0.0
2022-03-18 00:00:00-04:00,110.34667348697127,110.68497342895206,109.03684160354669,109.35779571533203,2349100,0.885,0.0
2022-03-21 00:00:00-04:00,109.21032937496712,111.11869491617607,109.21032937496712,110.25125122070312,1409000,0.0,0.0
2022-03-22 00:00:00-04:00,110.41606144781895,110.45942932894134,108.85467213098606,109.0455093383789,1603800,0.0,0.0
2022-03-23 00:00:00-04:00,109.04552532007861,110.60691486574856,108.54241017558269,110.12982177734375,1052600,0.0,0.0
2022-03-24 00:00:00-04:00,110.3206401117484,111.2574670606258,110.11245708066667,110.84977722167969,736200,0.0,0.0
2022-03-25 00:00:00-04:00,111.11001337534613,112.63671112060547,110.79774211238464,112.63671112060547,515700,0.0,0.0
2022-03-28 00:00:00-04:00,112.54994340306769,112.71475854007515,111.40492028451312,112.5065689086914,823000,0.0,0.0
2022-03-29 00:00:00-04:00,112.76681791084398,113.54750597119572,112.19430627403185,113.27860260009766,899800,0.0,0.0
2022-03-30 00:00:00-04:00,113.46076525055791,115.1349123515749,112.96631979417141,114.9874496459961,1096400,0.0,0.0
2022-03-31 00:00:00-04:00,114.70118472915371,116.51413802252588,114.46698628150473,114.68384552001953,1149100,0.0,0.0
2022-04-01 00:00:00-04:00,114.58844563112692,117.07798586013898,114.1287050293102,117.05196380615234,901200,0.0,0.0
2022-04-04 00:00:00-04:00,116.36667663903259,116.36667663903259,114.41494324842313,115.91561889648438,713600,0.0,0.0
2022-04-05 00:00:00-04:00,116.11512183221882,118.08420760432867,116.08909978009726,116.48811340332031,877100,0.0,0.0
2022-04-06 00:00:00-04:00,116.8871559551136,119.69765708591058,116.69631872324241,119.36802673339844,1543300,0.0,0.0
2022-04-07 00:00:00-04:00,119.18584884687417,119.51547917100713,117.433635484789,118.25769805908203,1319400,0.0,0.0
2022-04-08 00:00:00-04:00,118.76948175032263,119.50680855246438,117.52037025476163,119.14248657226562,1007300,0.0,0.0
2022-04-11 00:00:00-04:00,119.43741209944035,120.14870361298851,118.04950749519331,118.71743774414062,912200,0.0,0.0
2022-04-12 00:00:00-04:00,118.50924529331024,120.00992091669188,117.60711658701076,119.57620239257812,924400,0.0,0.0
2022-04-13 00:00:00-04:00,119.70632131303087,119.86245363970524,117.4943540328647,118.51793670654297,1073900,0.0,0.0
2022-04-14 00:00:00-04:00,118.39650011074902,119.72367787726718,118.39650011074902,118.9863510131836,817200,0.0,0.0
2022-04-18 00:00:00-04:00,119.15983579413256,119.7323474837005,118.23168493623336,118.9863510131836,648600,0.0,0.0
2022-04-19 00:00:00-04:00,119.29860053189861,119.706296949959,118.3964719439582,119.50679016113281,548000,0.0,0.0
2022-04-20 00:00:00-04:00,120.31351920471256,121.2503528305288,120.07930748924868,120.67784118652344,785200,0.0,0.0
2022-04-21 00:00:00-04:00,120.5997583166984,121.64068001136458,119.76702625538043,119.94918060302734,1017400,0.0,0.0
2022-04-22 00:00:00-04:00,119.74100853709372,119.95786780679987,118.5959984757857,118.67406463623047,664200,0.0,0.0
2022-04-25 00:00:00-04:00,118.97768386314908,119.13381619841455,116.43608610543389,117.71121978759766,889500,0.0,0.0
2022-04-26 00:00:00-04:00,117.1386720949005,118.97764730680764,116.6095350612348,116.68761444091797,699100,0.0,0.0
2022-04-27 00:00:00-04:00,117.2081265133404,117.97147559093317,115.87227886359615,116.55754852294922,764400,0.0,0.0
2022-04-28 00:00:00-04:00,116.23656853354508,118.33576467545304,115.8028499942408,117.5550765991211,989100,0.0,0.0
2022-04-29 00:00:00-04:00,116.93051709455932,117.25146456782151,113.5214826021893,113.6689453125,1343000,0.0,0.0
2022-05-02 00:00:00-04:00,114.6578390249433,115.49058453379985,110.38138012090641,111.67386627197266,1238200,0.0,0.0
2022-05-03 00:00:00-04:00,112.18562365386843,114.22409256876817,111.84732376882326,112.42850494384766,1378000,0.0,0.0
2022-05-04 00:00:00-04:00,113.1918726784212,113.68630494588866,112.33310517887477,113.42607116699219,1404600,0.0,0.0
2022-05-05 00:00:00-04:00,113.2005409686577,113.98991190225343,110.8411110098914,111.75192260742188,1516000,0.0,0.0
2022-05-06 00:00:00-04:00,111.22278419133106,112.76682114504933,111.01460114380112,112.4892349243164,1204300,0.0,0.0
2022-05-09 00:00:00-04:00,112.05552517550227,113.50415687007582,110.87581673490325,112.3504638671875,849300,0.0,0.0
2022-05-10 00:00:00-04:00,112.64536950551157,114.18073670372952,110.59821765323372,111.38758850097656,917200,0.0,0.0
2022-05-11 00:00:00-04:00,111.58710249019433,114.30218471431094,111.53505838453724,112.86223602294922,925700,0.0,0.0
2022-05-12 00:00:00-04:00,112.76681510524013,113.31330467551332,110.71098693968068,111.6478271484375,873700,0.0,0.0
2022-05-13 00:00:00-04:00,112.3070947937638,112.97502514058954,110.9538948861468,112.60202026367188,764100,0.0,0.0
2022-05-16 00:00:00-04:00,112.94898106042267,113.53016227993535,112.09888324438444,113.08776092529297,871900,0.0,0.0
2022-05-17 00:00:00-04:00,113.72099077955235,113.72099077955235,111.57842042892038,112.42850494384766,1895100,0.0,0.0
2022-05-18 00:00:00-04:00,113.35667156411355,113.35667156411355,111.03194653679829,111.30084991455078,2063900,0.0,0.0
2022-05-19 00:00:00-04:00,110.93652464045194,112.22032777814427,109.99102142539607,111.74324798583984,1566300,0.0,0.0
2022-05-20 00:00:00-04:00,112.20299136484375,112.23768302411604,110.23390549114644,111.65650177001953,1698000,0.0,0.0
2022-05-23 00:00:00-04:00,113.86848203642822,113.86848203642822,111.87337388027073,113.45210266113281,1438500,0.0,0.0
2022-05-24 00:00:00-04:00,113.68629409043497,116.75702856332946,113.43474317767985,116.35800170898438,1075100,0.0,0.0
2022-05-25 00:00:00-04:00,116.51416077586445,116.84377788227035,114.77928652895312,115.38648986816406,1282100,0.0,0.0
2022-05-26 00:00:00-04:00,116.08911769271108,116.93920241060756,115.39516531163528,115.5339584350586,701400,0.0,0.0
2022-05-27 00:00:00-04:00,115.16092767540435,116.53147967993706,114.99612576894219,116.49678802490234,932200,0.0,0.0
2022-05-31 00:00:00-04:00,115.42117162465425,116.02837491175951,114.32820570786478,115.1175765991211,1166600,0.0,0.0
2022-06-01 00:00:00-04:00,115.37779365912101,115.64671025451142,113.98121952271163,114.9874496459961,904200,0.0,0.0
2022-06-02 00:00:00-04:00,115.21297833901455,115.37778023593158,113.2699148686655,115.18694305419922,553300,0.0,0.0
2022-06-03 00:00:00-04:00,114.97011702967082,115.36914395291481,114.34557444257202,114.57977294921875,421100,0.0,0.0
2022-06-06 00:00:00-04:00,114.77927264234553,115.65537926606527,114.2848271884972,114.99613189697266,604400,0.0,0.0
2022-06-07 00:00:00-04:00,114.68385676876937,116.47944455705233,114.27616030148971,116.27993774414062,891300,0.0,0.0
2022-06-08 00:00:00-04:00,115.66406181139537,115.77683287195025,113.89449591952166,113.98123168945312,653300,0.0,0.0
2022-06-09 00:00:00-04:00,113.98122632411359,114.44096691483334,111.35289304658774,111.41361999511719,744600,0.0,0.0
2022-06-10 00:00:00-04:00,110.24257607271383,111.630480704599,109.75681342236588,110.59822845458984,725700,0.0,0.0
2022-06-13 00:00:00-04:00,109.28839436020861,109.6960908411112,105.3849275536395,105.83599853515625,916400,0.0,0.0
2022-06-14 00:00:00-04:00,105.97479783117241,106.29575196765185,101.81977297857178,103.32044219970703,1342700,0.0,0.0
2022-06-15 00:00:00-04:00,104.07508805478146,104.82975396489277,102.28816343955727,103.40715789794922,1258700,0.0,0.0
2022-06-16 00:00:00-04:00,102.13561622470931,102.15309179084274,100.45767517260138,101.90839385986328,1534200,0.885,0.0
2022-06-17 00:00:00-04:00,102.66871755611662,102.67745200598154,99.84593671782555,101.13060760498047,2224700,0.0,0.0
2022-06-21 00:00:00-04:00,101.41024311576992,102.92212941303643,101.16554521800546,102.3715591430664,1129500,0.0,0.0
2022-06-22 00:00:00-04:00,101.55880854650788,103.52513950795587,101.55880854650788,103.0357437133789,1077600,0.0,0.0
2022-06-23 00:00:00-04:00,103.50768324203528,105.22931662717338,103.30667755034877,105.1943588256836,1135400,0.0,0.0
2022-06-24 00:00:00-04:00,105.42156896069385,107.90351939510217,105.42156896069385,107.41412353515625,1057900,0.0,0.0
2022-06-27 00:00:00-04:00,107.10823525045247,108.92600067049067,106.88101957358616,108.67256164550781,712600,0.0,0.0
2022-06-28 00:00:00-04:00,109.33675410518319,110.27185356130082,108.89105050123375,109.4416275024414,852600,0.0,0.0
2022-06-29 00:00:00-04:00,109.73876196771856,110.46412131782003,109.39793175116844,110.15824890136719,799100,0.0,0.0
2022-06-30 00:00:00-04:00,109.61640832969768,111.23316817706417,109.29305369321705,110.76998901367188,1222100,0.0,0.0
2022-07-01 00:00:00-04:00,111.26813415146046,113.05967645598554,110.52529921214428,112.87615966796875,1005700,0.0,0.0
2022-07-05 00:00:00-04:00,112.47415012557562,112.47415012557562,107.05581753761804,108.53275299072266,827800,0.0,0.0
2022-07-06 00:00:00-04:00,109.03961740958559,110.70881733080628,108.35795698830832,110.25437927246094,915800,0.0,0.0
2022-07-07 00:00:00-04:00,110.51656398547483,111.04965881366682,109.13576076925558,109.53776550292969,907000,0.0,0.0
2022-07-08 00:00:00-04:00,109.607679866184,109.70381215657248,108.59393025961342,109.10954284667969,582100,0.0,0.0
2022-07-11 00:00:00-04:00,108.2006573821381,110.11455535888672,108.12200732871942,110.11455535888672,632000,0.0,0.0
2022-07-12 00:00:00-04:00,109.53775640937748,111.22443192776872,109.12701725968144,109.42414855957031,798900,0.0,0.0
2022-07-13 00:00:00-04:00,108.6987786821533,109.92227489839885,108.19190729804531,108.81239318847656,663900,0.0,0.0
2022-07-14 00:00:00-04:00,107.02084444316867,108.98717550471822,107.01210332710119,108.81239318847656,791900,0.0,0.0
2022-07-15 00:00:00-04:00,109.75623975003474,109.77372198419566,107.80739069477374,109.39793395996094,869500,0.0,0.0
2022-07-18 00:00:00-04:00,109.10953991945418,109.25810557606182,107.90352576446197,108.07830810546875,611400,0.0,0.0
2022-07-19 00:00:00-04:00,108.63760757191393,109.17944343708592,108.08703725792174,108.44534301757812,548200,0.0,0.0
2022-07-20 00:00:00-04:00,108.42787939602549,108.42787939602549,105.89349544769212,106.14693450927734,1226600,0.0,0.0
2022-07-21 00:00:00-04:00,105.78861695684103,106.24305499323391,105.01955874022786,106.19935607910156,1048600,0.0,0.0
2022-07-22 00:00:00-04:00,106.9334761464658,108.18318931057324,106.61886257595486,108.14823150634766,657800,0.0,0.0
2022-07-25 00:00:00-04:00,108.15696454828894,109.2930630969518,107.76369428075576,109.16197967529297,597900,0.0,0.0
2022-07-26 00:00:00-04:00,108.99591898720823,110.81368445266628,108.98717787095097,110.33302307128906,551000,0.0,0.0
2022-07-27 00:00:00-04:00,109.86984926329818,110.92729768621345,109.32801337681728,110.67385864257812,706700,0.0,0.0
2022-07-28 00:00:00-04:00,110.97973200889199,113.3305856852786,109.52902000050099,112.91985321044922,1275600,0.0,0.0
2022-07-29 00:00:00-04:00,113.04221039410122,114.48418139057803,113.04221039410122,113.8724365234375,754700,0.0,0.0
2022-08-01 00:00:00-04:00,113.54033242945788,114.08216165284325,112.36927615018891,113.977294921875,1170900,0.0,0.0
2022-08-02 00:00:00-04:00,114.5540961501971,114.92987751758534,113.41799092814688,113.52285766601562,785500,0.0,0.0
2022-08-03 00:00:00-04:00,113.190767769539,114.32687291683088,111.01468975668845,113.977294921875,997500,0.0,0.0
2022-08-04 00:00:00-04:00,114.07342462537832,114.79004949756334,112.63145376700734,112.73632049560547,788100,0.0,0.0
2022-08-05 00:00:00-04:00,112.89362510452601,112.9198551227615,111.2681307385662,112.82372283935547,731700,0.0,0.0
2022-08-08 00:00:00-04:00,113.70637529384729,114.25695227721512,112.84993258030342,113.39176177978516,543100,0.0,0.0
2022-08-09 00:00:00-04:00,113.8811710934188,116.10094818729011,113.5316064075521,115.8387680053711,997300,0.0,0.0
2022-08-10 00:00:00-04:00,116.14465400306295,116.53793101196568,114.78133282165177,115.58534240722656,928800,0.0,0.0
2022-08-11 00:00:00-04:00,115.79504178056206,117.12341127668468,115.4629460727727,116.52040100097656,1765800,0.0,0.0
2022-08-12 00:00:00-04:00,117.07974576683121,117.99736978141698,116.9923479235226,117.90123748779297,1080300,0.0,0.0
2022-08-15 00:00:00-04:00,117.7963311282065,119.08100179500613,117.27198419045372,118.90621948242188,709100,0.0,0.0
2022-08-16 00:00:00-04:00,118.80138116758772,119.52674060653156,118.56541765490988,118.93246459960938,649700,0.0,0.0
2022-08-17 00:00:00-04:00,118.95864439671499,119.21209006674803,117.71767272992845,117.9536361694336,1169100,0.0,0.0
2022-08-18 00:00:00-04:00,118.18087265569251,118.77514858307057,118.02357255832122,118.3644027709961,751200,0.0,0.0
2022-08-19 00:00:00-04:00,118.65281013436501,119.32572283503352,118.23331650078669,118.97615814208984,1010100,0.0,0.0
2022-08-22 00:00:00-04:00,118.52169538782236,118.89749004399714,117.42055477061102,117.66525268554688,827300,0.0,0.0
2022-08-23 00:00:00-04:00,117.63029510055064,117.63029510055064,116.45049116932378,117.00106811523438,693400,0.0,0.0
2022-08-24 00:00:00-04:00,117.35064263341151,117.56912387354447,116.61654886697357,117.33316040039062,662100,0.0,0.0
2022-08-25 00:00:00-04:00,117.47300057886251,117.83131304049321,116.65150891952874,117.79634857177734,581800,0.0,0.0
2022-08-26 00:00:00-04:00,117.98860572183476,118.1459191510842,116.38058697304498,116.42428588867188,750800,0.0,0.0
2022-08-29 00:00:00-04:00,116.13587350546634,117.5691097349797,115.01725075731127,116.6689682006836,814000,0.0,0.0
2022-08-30 00:00:00-04:00,116.07471233567951,116.66024042209136,114.38803033404422,114.87742614746094,581300,0.0,0.0
2022-08-31 00:00:00-04:00,114.72015168693919,115.15711423722915,113.6976609194653,113.90739440917969,1007600,0.0,0.0
2022-09-01 00:00:00-04:00,113.81124628673741,116.28445557762872,113.33933266547136,116.00480651855469,1147100,0.0,0.0
2022-09-02 00:00:00-04:00,116.07471478329607,117.03602419848228,114.24820155787374,114.60651397705078,765700,0.0,0.0
2022-09-06 00:00:00-04:00,114.97357197148406,116.08346046596239,114.4841761003861,114.6589584350586,796900,0.0,0.0
2022-09-07 00:00:00-04:00,115.34060239508281,118.30320721686358,115.34060239508281,118.23329162597656,947100,0.0,0.0
2022-09-08 00:00:00-04:00,117.84005704620574,118.62659763564454,117.18461322252611,117.70022583007812,922200,0.0,0.0
2022-09-09 00:00:00-04:00,117.62156463509969,118.67027198668652,117.10595207636646,118.41683959960938,781800,0.0,0.0
2022-09-12 00:00:00-04:00,118.63531874619149,119.4043770133787,118.16340511362301,118.82758331298828,824100,0.0,0.0
2022-09-13 00:00:00-04:00,118.09347750471973,118.42555990311493,115.41926941034667,116.21453094482422,1145000,0.0,0.0
2022-09-14 00:00:00-04:00,116.59907354873232,118.16340678847588,116.36311006158492,117.14965057373047,1042400,0.0,0.0
2022-09-15 00:00:00-04:00,116.56410794425229,116.56410794425229,114.02971772203261,114.13459777832031,1991900,0.0,0.0
2022-09-16 00:00:00-04:00,113.74305855607751,114.91331051824575,113.74305855607751,114.29737854003906,2116800,0.885,0.0
2022-09-19 00:00:00-04:00,113.7430388759493,115.37962984632321,113.48786403175357,115.17724609375,1187300,0.0,0.0
2022-09-20 00:00:00-04:00,114.47336446354598,114.64053180389057,112.35283245256653,113.21511840820312,2130400,0.0,0.0
2022-09-21 00:00:00-04:00,113.92782291610237,114.61413405090889,111.36735393524663,111.38494873046875,1766100,0.0,0.0
2022-09-22 00:00:00-04:00,111.1649818378127,112.22965160407529,110.7602343995268,111.37615966796875,1288000,0.0,0.0
2022-09-23 00:00:00-04:00,110.28509520702097,110.92741603096476,109.1764417986379,110.56666564941406,938900,0.0,0.0
2022-09-26 00:00:00-04:00,110.10031189253428,110.2850874475977,107.17908588832543,108.23495483398438,1326800,0.0,0.0
2022-09-27 00:00:00-04:00,108.70130239660018,109.07085353493763,106.48398214055774,107.08230590820312,1333500,0.0,0.0
2022-09-28 00:00:00-04:00,108.37574503066821,109.00926512384595,106.65116628424498,108.36695098876953,986100,0.0,0.0
2022-09-29 00:00:00-04:00,107.88299159976843,108.05896638958805,103.89710286458326,104.0202865600586,1259700,0.0,0.0
2022-09-30 00:00:00-04:00,104.57461669364466,105.00575964225446,101.22224783029614,101.23104858398438,2392400,0.0,0.0
2022-10-03 00:00:00-04:00,103.21080707054274,103.82672563913061,101.2926520402147,102.88524627685547,2087600,0.0,0.0
2022-10-04 00:00:00-04:00,102.90283134263025,105.03216400627248,102.24291577597035,104.38104248046875,1209100,0.0,0.0
2022-10-05 00:00:00-04:00,103.27240223743095,103.27240223743095,100.99349003459552,102.16374206542969,1415400,0.0,0.0
2022-10-06 00:00:00-04:00,101.61821508859677,101.70620250430143,97.36836316427744,97.412353515625,1981400,0.0,0.0
2022-10-07 00:00:00-04:00,97.41233241082476,97.55311761585808,93.86638729339639,94.57909393310547,2693700,0.0,0.0
2022-10-10 00:00:00-04:00,94.76387721768317,95.3886032247691,93.51443862952856,93.58483123779297,3428400,0.0,0.0
2022-10-11 00:00:00-04:00,93.40005899010423,94.60550056261586,92.79293447004524,93.53204345703125,2613800,0.0,0.0
2022-10-12 00:00:00-04:00,93.4616449067555,93.56722710318026,90.60201072810561,90.63720703125,2153000,0.0,0.0
2022-10-13 00:00:00-04:00,89.63412769490571,93.9807666843396,88.55186328940832,93.71680450439453,3531000,0.0,0.0
2022-10-14 00:00:00-04:00,94.60549943862064,95.19502915548935,91.23553547277405,91.9482421875,2768600,0.0,0.0
2022-10-17 00:00:00-04:00,93.18889030463836,94.85187717752801,93.16248804015633,94.14796447753906,1947400,0.0,0.0
2022-10-18 00:00:00-04:00,95.45019619700591,96.90200515966879,95.19502802381442,96.69083404541016,2536400,0.0,0.0
2022-10-19 00:00:00-04:00,95.45020607345337,96.32129288378616,94.82547999440659,95.58218383789062,1606500,0.0,0.0
2022-10-20 00:00:00-04:00,95.49417437778511,95.49417437778511,92.73132859658323,93.17127227783203,2015200,0.0,0.0
2022-10-21 00:00:00-04:00,93.47922903192462,94.9046489380345,92.44976245623798,94.54389190673828,2774800,0.0,0.0
2022-10-24 00:00:00-04:00,94.98384491072123,95.6173649312506,93.47923821846814,94.58789825439453,2037100,0.0,0.0
2022-10-25 00:00:00-04:00,94.62309223518427,96.23328779568516,94.33272778073169,96.02210998535156,2279900,0.0,0.0
2022-10-26 00:00:00-04:00,96.67323484290095,96.80521258766612,95.43259033804141,96.110107421875,1845000,0.0,0.0
2022-10-27 00:00:00-04:00,96.59405755999434,98.65299799012654,95.85495521426091,96.15411376953125,2611000,0.0,0.0
2022-10-28 00:00:00-04:00,96.47086003100682,100.20158096063588,96.19809706811432,99.99040985107422,1584800,0.0,0.0
2022-10-31 00:00:00-04:00,99.70003481741409,99.73523111744704,97.96665564058652,98.64417266845703,2481300,0.0,0.0
2022-11-01 00:00:00-04:00,99.13693189293738,99.8936357477512,98.36263324027162,99.01374816894531,1221600,0.0,0.0
2022-11-02 00:00:00-04:00,98.7497741206728,100.03440902663047,97.55312661947768,97.68510437011719,1854400,0.0,0.0
2022-11-03 00:00:00-04:00,96.99878952496422,99.20730887943934,96.01331988829651,98.42420959472656,978300,0.0,0.0
2022-11-04 00:00:00-04:00,98.60018424013934,99.48887243293701,97.60591385101493,98.89054870605469,2148900,0.0,0.0
2022-11-07 00:00:00-05:00,98.96093622401989,99.19850286654852,96.15409329050739,97.37713623046875,939500,0.0,0.0
2022-11-08 00:00:00-05:00,98.00185700632224,98.67937406921351,97.31554590272403,97.8874740600586,1471800,0.0,0.0
2022-11-09 00:00:00-05:00,97.88749793802468,98.16906170851703,97.23638297745046,97.46514892578125,1252900,0.0,0.0
2022-11-10 00:00:00-05:00,99.95521705690395,101.86457129020901,98.0018657640998,101.66220092773438,1872300,0.0,0.0
2022-11-11 00:00:00-05:00,102.15492401373005,102.63006400699487,99.58565446171254,100.53593444824219,1434000,0.0,0.0
2022-11-14 00:00:00-05:00,100.80870898373152,101.74138757055508,99.32169698450556,99.47128295898438,1886300,0.0,0.0
2022-11-15 00:00:00-05:00,100.48314095847091,101.38062988865352,99.47127579306121,100.7295150756836,1260100,0.0,0.0
2022-11-16 00:00:00-05:00,100.72951757042614,102.05814277786386,100.68552051301072,101.3454360961914,1618500,0.0,0.0
2022-11-17 00:00:00-05:00,100.32476174338821,100.66792401681136,99.25130471848013,99.6384506225586,1464000,0.0,0.0
2022-11-18 00:00:00-05:00,100.74711086608875,102.5068857283785,100.65032271162214,100.83509826660156,2300300,0.0,0.0
2022-11-21 00:00:00-05:00,101.09025551016603,101.09025551016603,98.54738164581029,99.4272689819336,2967300,0.0,0.0
2022-11-22 00:00:00-05:00,100.02560831053458,101.09907210287122,99.51527196450425,100.01680755615234,1425500,0.0,0.0
2022-11-23 00:00:00-05:00,99.27770209863962,100.7735080709633,99.12812284400894,100.73831176757812,966000,0.0,0.0
2022-11-25 00:00:00-05:00,101.10785889042262,101.55659660679832,100.83508924632284,100.99346923828125,387000,0.0,0.0
2022-11-28 00:00:00-05:00,100.22799142043816,101.82058569610749,100.20158915570116,101.45103454589844,1965700,0.0,0.0
2022-11-29 00:00:00-05:00,100.97588029651715,101.44221954625027,99.8320239868634,100.42154693603516,1209200,0.0,0.0
2022-11-30 00:00:00-05:00,100.04319258355952,102.50687993677093,99.78803115039139,102.07573699951172,3527500,0.0,0.0
2022-12-01 00:00:00-05:00,103.01722225797664,104.04668894337685,102.1285340710801,102.17253112792969,1971100,0.0,0.0
2022-12-02 00:00:00-05:00,101.1870618037995,101.45103073718685,100.46555432728407,101.23985290527344,1320400,0.0,0.0
2022-12-05 00:00:00-05:00,100.48315381063126,101.36304134562107,100.13120416704267,100.35997009277344,1798000,0.0,0.0
2022-12-06 00:00:00-05:00,100.29836773583865,102.04934858056369,100.10479142432064,101.95256042480469,1325300,0.0,0.0
2022-12-07 00:00:00-05:00,101.81178030824383,102.70046854969549,100.43915797678054,100.66793060302734,982100,0.0,0.0
2022-12-08 00:00:00-05:00,101.93495657317698,103.7475292287132,101.32783881638355,103.52755737304688,1692100,0.0,0.0
2022-12-09 00:00:00-05:00,103.21080182959669,104.02029668235224,102.84124399420084,103.114013671875,1456400,0.0,0.0
2022-12-12 00:00:00-05:00,103.94989973982095,105.75367164431974,103.36917753071454,105.71847534179688,1056700,0.0,0.0
2022-12-13 00:00:00-05:00,107.10870998604844,107.70703376382683,104.77700673236752,105.99124908447266,1587400,0.0,0.0
2022-12-14 00:00:00-05:00,106.39598937607037,107.50464944826868,105.37532341971983,106.11442565917969,2148200,0.0,0.0
2022-12-15 00:00:00-05:00,105.75367822050875,106.18482120545944,104.14348252325308,104.80339813232422,1419600,0.0,0.0
2022-12-16 00:00:00-05:00,103.61751415794025,103.91909236360675,101.68388795458499,102.73052978515625,3118400,0.953,0.0
2022-12-19 00:00:00-05:00,102.59746216590138,103.29818050535756,101.70161298423614,102.162841796875,885400,0.0,0.0
2022-12-20 00:00:00-05:00,102.09188024275487,102.93451929450049,101.33794502488423,102.4200668334961,1339000,0.0,0.0
2022-12-21 00:00:00-05:00,102.97000682402248,104.17630604485265,102.75713248127401,104.1585693359375,1013100,0.0,0.0
2022-12-22 00:00:00-05:00,104.06985711979,104.06985711979,101.7814362748532,103.55540466308594,1518600,0.0,0.0
2022-12-23 00:00:00-05:00,103.19173531467455,105.16971299563636,103.19173531467455,105.14310455322266,710800,0.0,0.0
2022-12-27 00:00:00-05:00,105.46242054907103,106.08330676935014,104.93909636299097,105.755126953125,579500,0.0,0.0
2022-12-28 00:00:00-05:00,105.89703802869526,106.58001961961504,104.71734747503534,104.85926818847656,603400,0.0,0.0
2022-12-29 00:00:00-05:00,105.25842863916515,106.22524507615162,105.19634000685618,105.7107925415039,530500,0.0,0.0
2022-12-30 00:00:00-05:00,105.61320991735028,105.69304201539885,103.34253249871735,104.24725341796875,550500,0.0,0.0
2023-01-03 00:00:00-05:00,104.44239396106173,104.96571141293057,103.07643742331308,104.53996276855469,810900,0.0,0.0
2023-01-04 00:00:00-05:00,105.0189305223242,106.7840271836541,104.88588153903447,106.0478286743164,971100,0.0,0.0
2023-01-05 00:00:00-05:00,105.32050738985217,105.91479197722647,103.25383924138374,103.40462493896484,838900,0.0,0.0
2023-01-06 00:00:00-05:00,104.45124979901857,106.29617158907408,103.91018895515346,105.9413833618164,817500,0.0,0.0
2023-01-09 00:00:00-05:00,105.7019197862787,107.52024034907114,105.7019197862787,106.84613037109375,899800,0.0,0.0
2023-01-10 00:00:00-05:00,106.52681669376847,106.60664880239887,105.56887199312396,106.45585632324219,661700,0.0,0.0
2023-01-11 00:00:00-05:00,106.29618600321902,107.60892563040024,106.29618600321902,107.07673645019531,669400,0.0,0.0
2023-01-12 00:00:00-05:00,107.28073448410834,107.54683244650701,105.63981509505601,105.89704132080078,947500,0.0,0.0
2023-01-13 00:00:00-05:00,105.31164855507016,105.49791444537243,103.8924682662189,104.60205841064453,870700,0.0,0.0
2023-01-17 00:00:00-05:00,104.85040354325882,105.46242481884973,103.75054500831284,104.05211639404297,1192400,0.0,0.0
2023-01-18 00:00:00-05:00,104.47787993016468,104.47787993016468,100.91219930844429,101.02751159667969,1313100,0.0,0.0
2023-01-19 00:00:00-05:00,101.00974696505078,101.06297061276301,99.57283705270166,99.83892822265625,823700,0.0,0.0
2023-01-20 00:00:00-05:00,99.75025144998312,101.16942494644817,97.96741114999885,101.089599609375,1566900,0.0,0.0
2023-01-23 00:00:00-05:00,101.16941953819114,101.87013789492688,100.32678722297175,100.91219329833984,1032300,0.0,0.0
2023-01-24 00:00:00-05:00,101.4000493704875,101.4000493704875,99.60834398313673,100.61063385009766,743900,0.0,0.0
2023-01-25 00:00:00-05:00,100.08729276419241,100.61948869198248,99.61719222617656,100.59288024902344,884200,0.0,0.0
2023-01-26 00:00:00-05:00,100.20262124099845,100.92107638566414,99.79460925963562,100.5396728515625,723400,0.0,0.0
2023-01-27 00:00:00-05:00,100.35340037133416,101.12507912706072,99.7591225309687,100.7525405883789,891100,0.0,0.0
2023-01-30 00:00:00-05:00,100.54852170942155,102.23379291305741,100.36225585382549,101.40889739990234,888700,0.0,0.0
2023-01-31 00:00:00-05:00,102.09187200740864,103.2272106110403,101.11619081785966,103.21834564208984,1168500,0.0,0.0
2023-02-01 00:00:00-05:00,102.58859999911856,103.66185011277848,102.02979559937846,103.05870056152344,1491200,0.0,0.0
2023-02-02 00:00:00-05:00,103.21834569627863,103.945672412559,101.58629137733739,101.7459487915039,1707800,0.0,0.0
2023-02-03 00:00:00-05:00,100.86785389335019,101.18716877707045,98.21577277809578,100.01634979248047,1423700,0.0,0.0
2023-02-06 00:00:00-05:00,99.80345324141179,101.00975222268605,99.45752996545907,100.95653533935547,850500,0.0,0.0
2023-02-07 00:00:00-05:00,100.35338992843977,101.0541082451043,99.30674832175953,100.85897064208984,1030800,0.0,0.0
2023-02-08 00:00:00-05:00,99.75912060521556,100.38887861649637,98.8366561646041,99.59059143066406,1045200,0.0,0.0
2023-02-09 00:00:00-05:00,99.81233230013459,100.39774512832602,99.07613378000991,99.34223175048828,1636000,0.0,0.0
2023-02-10 00:00:00-05:00,99.61720365668933,100.85011128104433,99.35997739998282,100.8323745727539,888900,0.0,0.0
2023-02-13 00:00:00-05:00,100.83235753079686,101.30245804330112,100.54852287604983,101.15167236328125,592400,0.0,0.0
2023-02-14 00:00:00-05:00,101.09845890883437,101.48872734287686,100.53965454945978,100.85009765625,1231900,0.0,0.0
2023-02-15 00:00:00-05:00,100.31792187205376,101.48874086447674,100.14939945857337,101.30247497558594,996700,0.0,0.0
2023-02-16 00:00:00-05:00,100.37115579474603,101.06300252913009,99.27129029003693,100.58403015136719,1167600,0.0,0.0
2023-02-17 00:00:00-05:00,100.82350596709747,102.69504342249685,100.39775728337015,102.26929473876953,1025800,0.0,0.0
2023-02-21 00:00:00-05:00,101.79917769256889,101.8346578740339,100.15825821094049,100.44209289550781,1283700,0.0,0.0
2023-02-22 00:00:00-05:00,100.74366581929488,101.0097570157261,99.5639752237081,100.06068420410156,1389300,0.0,0.0
2023-02-23 00:00:00-05:00,101.92336858761963,101.92336858761963,98.88101218505557,99.6260757446289,1248900,0.0,0.0
2023-02-24 00:00:00-05:00,98.810029078515,100.31789932616644,98.13591927463658,100.22920227050781,1745000,0.0,0.0
2023-02-27 00:00:00-05:00,100.71707504677698,101.19604063781624,98.65927163777485,98.93423461914062,1374300,0.0,0.0
2023-02-28 00:00:00-05:00,98.45523785998924,98.7922893912632,97.04493634968715,97.31102752685547,2037900,0.0,0.0
2023-03-01 00:00:00-05:00,96.3531013108814,96.60146259732606,94.11790387010434,94.78314208984375,1910000,0.0,0.0
2023-03-02 00:00:00-05:00,94.62348308504554,96.11361694335938,94.43721719865044,96.11361694335938,1891500,0.0,0.0
2023-03-03 00:00:00-05:00,96.0692501587208,97.17798033511507,95.35079516990595,96.99171447753906,1399900,0.0,0.0
2023-03-06 00:00:00-05:00,96.86753963487074,97.81661241865048,96.3797024054833,96.61031341552734,1384300,0.0,0.0
2023-03-07 00:00:00-05:00,96.61032480917231,96.78772572299563,93.63005712846983,94.28643035888672,2667900,0.0,0.0
2023-03-08 00:00:00-05:00,94.27756297282117,95.3330764655405,94.00260000264517,95.20002746582031,1253500,0.0,0.0
2023-03-09 00:00:00-05:00,95.63463329214383,96.48613728643241,94.26867685323751,94.6678237915039,1271800,0.0,0.0
2023-03-10 00:00:00-05:00,94.95166843482318,95.0758456907598,92.07783453903919,92.672119140625,1153500,0.0,0.0
2023-03-13 00:00:00-04:00,92.76968517663956,96.7699862854799,92.46811376128711,94.7920150756836,1337200,0.0,0.0
2023-03-14 00:00:00-04:00,95.55481490708617,96.11361254067458,94.21546681332673,95.33306884765625,1349200,0.0,0.0
2023-03-15 00:00:00-04:00,95.19113789745829,97.48843034533272,94.53477152684502,96.6546630859375,1701800,0.0,0.0
2023-03-16 00:00:00-04:00,96.33535814356573,97.63035431244104,95.8386491382855,96.87641906738281,1380900,0.0,0.0
2023-03-17 00:00:00-04:00,96.70014547017601,97.04911371130473,95.24163735537444,95.77851104736328,2379600,0.953,0.0
2023-03-20 00:00:00-04:00,96.03799551026336,97.3891260720265,96.03799551026336,96.99542236328125,1742100,0.0,0.0
2023-03-21 00:00:00-04:00,97.04016084154857,97.04016084154857,93.73838398457927,95.10741424560547,1285600,0.0,0.0
2023-03-22 00:00:00-04:00,94.69581445542819,95.28637347247381,93.03150122064235,93.04045104980469,1055100,0.0,0.0
2023-03-23 00:00:00-04:00,92.88834975927276,93.72050654238643,91.5103693427877,91.85934448242188,912800,0.0,0.0
2023-03-24 00:00:00-04:00,92.11880867253767,95.55481257006053,92.0382806912154,95.5190200805664,1022900,0.0,0.0
2023-03-27 00:00:00-04:00,96.13641917437168,96.52117986540044,94.14998057541943,94.5705337524414,1495900,0.0,0.0
2023-03-28 00:00:00-04:00,94.5257936490601,96.11852176605669,94.22156775108046,95.07161712646484,919600,0.0,0.0
2023-03-29 00:00:00-04:00,95.54586999315424,97.13859834957793,95.54586999315424,96.58383178710938,935300,0.0,0.0
2023-03-30 00:00:00-04:00,96.9327953718504,97.5412540566125,96.7985752392212,97.25492095947266,840100,0.0,0.0
2023-03-31 00:00:00-04:00,97.38913693972982,98.0781304536773,96.86121305073603,98.01549530029297,1693500,0.0,0.0
2023-04-03 00:00:00-04:00,97.63968851492318,98.25709024536665,96.61067652855736,97.52336120605469,1603400,0.0,0.0
2023-04-04 00:00:00-04:00,97.56810246287036,97.82759291410777,96.90595841675554,97.27281951904297,1462400,0.0,0.0
2023-04-05 00:00:00-04:00,97.6486248337594,100.78934590397576,97.6486248337594,100.33300018310547,1212200,0.0,0.0
2023-04-06 00:00:00-04:00,100.90565550547811,102.01520211222447,100.61932243880264,101.87203216552734,1754000,0.0,0.0
2023-04-10 00:00:00-04:00,101.23674309061539,101.8720444455481,100.41353627803099,101.63939666748047,1179000,0.0,0.0
2023-04-11 00:00:00-04:00,101.684137868797,102.30154638480013,101.21884914450216,101.92573547363281,997400,0.0,0.0
2023-04-12 00:00:00-04:00,102.03309766222564,102.5699713232144,101.31726838981363,101.7557144165039,1499400,0.0,0.0
2023-04-13 00:00:00-04:00,101.2277872842766,101.88098825949584,99.56347409852158,101.27252960205078,1504000,0.0,0.0
2023-04-14 00:00:00-04:00,100.61037856867765,101.4246354466526,100.24351070347225,101.09356689453125,1418100,0.0,0.0
2023-04-17 00:00:00-04:00,101.3709558779418,101.87203706202874,100.01086862582137,100.84302520751953,1022200,0.0,0.0
2023-04-18 00:00:00-04:00,100.61038234480141,100.9146082502467,99.85875375635709,100.2524642944336,1121100,0.0,0.0
2023-04-19 00:00:00-04:00,100.7803892432553,101.56781032812191,100.35984286814227,100.94145202636719,826300,0.0,0.0
2023-04-20 00:00:00-04:00,101.1114600205806,101.60359817614703,100.43141643108481,101.44253540039062,1079200,0.0,0.0
2023-04-21 00:00:00-04:00,102.28364838234278,102.30154804128985,101.04883815706174,101.7288818359375,534600,0.0,0.0
2023-04-24 00:00:00-04:00,101.75571932165765,102.41786330790525,101.07567567737347,102.31048583984375,589500,0.0,0.0
2023-04-25 00:00:00-04:00,102.31942996066775,103.46476224921733,101.96151191381627,102.73103332519531,791800,0.0,0.0
2023-04-26 00:00:00-04:00,102.07786004301107,102.99054476341865,101.03989817791977,101.08464050292969,1027700,0.0,0.0
2023-04-27 00:00:00-04:00,100.61933781523108,103.81374435184597,100.61933781523108,101.51412963867188,1126500,0.0,0.0
2023-04-28 00:00:00-04:00,101.46937607672173,102.14941965293528,99.56346546304302,100.58353424072266,1088400,0.0,0.0
2023-05-01 00:00:00-04:00,100.21668426213806,101.93468292536195,99.99298630619579,101.07568359375,1092000,0.0,0.0
2023-05-02 00:00:00-04:00,101.25463677841314,101.25463677841314,99.32188333930947,99.85875701904297,936700,0.0,0.0
2023-05-03 00:00:00-04:00,100.58354050492929,101.21884180681502,99.56347166372113,99.8855972290039,856900,0.0,0.0
2023-05-04 00:00:00-04:00,100.11826313015125,101.04884750663126,99.28610640682818,100.82514953613281,751400,0.0,0.0
2023-05-05 00:00:00-04:00,100.41353169687498,101.43359375,100.41353169687498,101.43359375,823200,0.0,0.0
2023-05-08 00:00:00-04:00,100.8698594685133,101.79149371872664,100.37772136076923,101.1114501953125,791800,0.0,0.0
2023-05-09 00:00:00-04:00,100.95935060302791,101.73781502413617,100.40457728342147,101.39779663085938,859900,0.0,0.0
2023-05-10 00:00:00-04:00,102.00626618493325,102.748945024517,100.85198393258159,101.97942352294922,1067400,0.0,0.0
2023-05-11 00:00:00-04:00,101.76465381757615,102.05992986349658,100.57457932606975,101.1651382446289,872300,0.0,0.0
2023-05-12 00:00:00-04:00,101.71993476182,102.29260098268453,100.84303577109127,101.51412963867188,733600,0.0,0.0
2023-05-15 00:00:00-04:00,101.76467823650236,101.90784137998037,99.84981743206463,100.88777923583984,671500,0.0,0.0
2023-05-16 00:00:00-04:00,100.95040124439606,100.95040124439606,98.44498170597133,98.65973663330078,759700,0.0,0.0
2023-05-17 00:00:00-04:00,98.96396804574867,98.96396804574867,97.17438451209419,97.62178039550781,858700,0.0,0.0
2023-05-18 00:00:00-04:00,96.98648719593366,97.7291660631122,96.48540594902765,97.44283294677734,1257200,0.0,0.0
2023-05-19 00:00:00-04:00,97.9081170748564,98.12287202200083,97.10280308986394,97.13859558105469,1202400,0.0,0.0
2023-05-22 00:00:00-04:00,97.38913261984251,98.12286842225525,97.12069918583924,97.45177459716797,784200,0.0,0.0
2023-05-23 00:00:00-04:00,97.26385824184345,98.84764342562842,97.25491523978845,97.67546844482422,1917300,0.0,0.0
2023-05-24 00:00:00-04:00,97.56810548931986,97.80969628839618,96.85226926875569,97.06702423095703,1265900,0.0,0.0
2023-05-25 00:00:00-04:00,96.6375139026625,97.22807976444864,95.40270368263644,95.73377227783203,1105900,0.0,0.0
2023-05-26 00:00:00-04:00,95.56375830096569,95.7874562306714,94.54369628764519,95.30426788330078,785800,0.0,0.0
2023-05-30 00:00:00-04:00,95.38479367603729,96.00220213243118,94.91950499666491,95.24163055419922,993900,0.0,0.0
2023-05-31 00:00:00-04:00,95.42058000683339,96.83435243738474,95.16108961185485,96.27957916259766,1546400,0.0,0.0
2023-06-01 00:00:00-04:00,96.5211958695951,96.73594399444318,94.64212759033525,95.97537231445312,1515600,0.0,0.0
2023-06-02 00:00:00-04:00,95.21478933459676,97.81862966618128,95.05372655339532,97.42491912841797,1596800,0.0,0.0
2023-06-05 00:00:00-04:00,97.60388999408185,99.12503330487402,97.38019204680539,97.8633804321289,1259400,0.0,0.0
2023-06-06 00:00:00-04:00,98.82975559523108,98.919240240243,97.73811528931711,98.06023406982422,1378000,0.0,0.0
2023-06-07 00:00:00-04:00,98.19444060574568,99.78716876151752,97.3443912096667,99.54557800292969,1525900,0.0,0.0
2023-06-08 00:00:00-04:00,99.38450550815483,100.56563017999665,98.74025444592868,100.1898193359375,1651900,0.0,0.0
2023-06-09 00:00:00-04:00,100.24353116127593,100.95936738123329,99.50085227774618,99.70665740966797,1605600,0.0,0.0
2023-06-12 00:00:00-04:00,100.03772356513873,100.21667919014763,98.87449152242243,99.46505737304688,1429400,0.0,0.0
2023-06-13 00:00:00-04:00,98.62394232685436,100.72670145780219,98.41813723197163,100.52984619140625,1897100,0.0,0.0
2023-06-14 00:00:00-04:00,100.81618608373985,102.56997711627241,100.7267082729746,101.06672668457031,2699300,0.0,0.0
2023-06-15 00:00:00-04:00,101.72819840463454,103.01863884135669,101.1687043876246,102.79303741455078,1854900,0.953,0.0
2023-06-16 00:00:00-04:00,103.37959012433255,103.93005812727993,102.77497998496699,102.98253631591797,4874900,0.0,0.0
2023-06-20 00:00:00-04:00,103.12691411839499,103.19910822102553,102.00793306685581,102.14329528808594,1789200,0.0,0.0
2023-06-21 00:00:00-04:00,101.72818586430647,102.82009580926704,100.62724993563975,102.53132629394531,1591600,0.0,0.0
2023-06-22 00:00:00-04:00,102.87424185680031,103.34348975525239,101.3221030710757,101.91769409179688,1180100,0.0,0.0
2023-06-23 00:00:00-04:00,102.21549697207097,102.21549697207097,98.84952735704984,99.26463317871094,2196200,0.0,0.0
2023-06-26 00:00:00-04:00,99.58046571252292,100.13093372977421,98.59684682305327,99.71582794189453,1240200,0.0,0.0
2023-06-27 00:00:00-04:00,99.74288069734372,100.500904911761,99.63459644157534,99.86921691894531,931400,0.0,0.0
2023-06-28 00:00:00-04:00,99.81508874706059,99.81508874706059,97.79370203400005,98.33514404296875,1976700,0.0,0.0
2023-06-29 00:00:00-04:00,97.61322215965308,99.32779435331835,97.3334785979614,98.58782196044922,1641800,0.0,0.0
2023-06-30 00:00:00-04:00,98.91267111980143,99.46313904625525,97.9741685383852,99.28265380859375,1578700,0.0,0.0
2023-07-03 00:00:00-04:00,99.28267706417049,100.41068424574529,98.7953840203625,100.39263916015625,676500,0.0,0.0
2023-07-05 00:00:00-04:00,100.10385336784026,102.04402678256234,100.05873033396901,101.5206298828125,1325600,0.0,0.0
2023-07-06 00:00:00-04:00,100.97918604537155,100.98821202894166,100.10385152889287,100.32042694091797,1233300,0.0,0.0
2023-07-07 00:00:00-04:00,99.39095456633058,100.13995288426666,99.06608799191996,99.2555923461914,1172000,0.0,0.0
2023-07-10 00:00:00-04:00,98.95779609090975,99.3097337052411,97.68540095847492,98.81340789794922,986700,0.0,0.0
2023-07-11 00:00:00-04:00,98.9668230761899,100.14897912463631,98.60585944983075,100.03166198730469,766300,0.0,0.0
2023-07-12 00:00:00-04:00,100.54603361748345,102.11622437035892,100.50993656611531,101.80037689208984,1177400,0.0,0.0
2023-07-13 00:00:00-04:00,101.84552274998217,102.36891978489494,101.4304168934407,102.35989379882812,908300,0.0,0.0
2023-07-14 00:00:00-04:00,102.08915296469573,102.34183234047578,101.45747173726815,101.92671966552734,859000,0.0,0.0
2023-07-17 00:00:00-04:00,101.91770583543666,101.91770583543666,99.84216989261364,99.86022186279297,831800,0.0,0.0
2023-07-18 00:00:00-04:00,99.67070204203502,100.87090321796201,98.05540197495588,98.64196014404297,892300,0.0,0.0
2023-07-19 00:00:00-04:00,98.97584777638494,100.41969537828528,98.97584777638494,100.38359832763672,1015700,0.0,0.0
2023-07-20 00:00:00-04:00,100.79870911048326,102.2064666167591,99.78801918114642,102.08914947509766,777800,0.0,0.0
2023-07-21 00:00:00-04:00,102.42304898883684,104.1556663149722,101.98989121489838,103.88494873046875,1082900,0.0,0.0
2023-07-24 00:00:00-04:00,103.96615342371273,104.20078081890965,103.14496786773651,103.78567504882812,829800,0.0,0.0
2023-07-25 00:00:00-04:00,103.80372405134891,104.6249165231367,103.53300647880147,104.17371368408203,768100,0.0,0.0
2023-07-26 00:00:00-04:00,104.22785212236029,105.31073614373406,103.80372036713281,104.5617446899414,1011100,0.0,0.0
2023-07-27 00:00:00-04:00,104.56174724651724,105.33781667190684,102.8562010845075,103.18106079101562,1363400,0.0,0.0
2023-07-28 00:00:00-04:00,104.1466282236661,104.5346560022164,102.00792458355536,102.48619842529297,816800,0.0,0.0
2023-07-31 00:00:00-04:00,102.88326005692265,103.73151660357898,102.55839350380046,103.14495849609375,1191800,0.0,0.0
2023-08-01 00:00:00-04:00,102.82912869464242,103.3525256628384,102.00794307230184,102.10720825195312,1504200,0.0,0.0
2023-08-02 00:00:00-04:00,101.73721419926534,102.72985906799907,101.70111714597206,102.05305480957031,921800,0.0,0.0
2023-08-03 00:00:00-04:00,101.52064183917183,101.91770255261508,98.75928258428529,98.79537963867188,1126600,0.0,0.0
2023-08-04 00:00:00-04:00,98.9036632572505,99.49022833870355,96.68374606335311,97.35152435302734,1211800,0.0,0.0
2023-08-07 00:00:00-04:00,97.97418519364764,98.39831696824322,97.24323879008189,97.26128387451172,1198600,0.0,0.0
2023-08-08 00:00:00-04:00,97.20713437583808,97.70345333538046,96.51227819374687,97.59516906738281,1065000,0.0,0.0
2023-08-09 00:00:00-04:00,97.05372443478795,98.81341259000165,97.05372443478795,97.73954772949219,945400,0.0,0.0
2023-08-10 00:00:00-04:00,97.88393874392712,98.56074295921032,96.38594210939223,96.81007385253906,925600,0.0,0.0
2023-08-11 00:00:00-04:00,97.08079875684713,97.54102066837851,96.66569299566528,97.36054229736328,815600,0.0,0.0
2023-08-14 00:00:00-04:00,97.17103769616146,97.27932884938136,95.66402195909608,96.14229583740234,946900,0.0,0.0
2023-08-15 00:00:00-04:00,95.42940551675609,95.50159962718448,94.16603612349675,94.20213317871094,1045700,0.0,0.0
2023-08-16 00:00:00-04:00,94.47284303641565,95.12257616014524,94.3284548378943,94.52698516845703,1089800,0.0,0.0
2023-08-17 00:00:00-04:00,94.64430393413276,95.56476157052693,94.47285153896826,94.62625885009766,872400,0.0,0.0
2023-08-18 00:00:00-04:00,94.7886847147507,95.59182514512398,94.45479216540123,95.28500366210938,664400,0.0,0.0
2023-08-21 00:00:00-04:00,94.98720347610546,95.16768181955727,93.88626768054996,94.57209777832031,1319300,0.0,0.0
2023-08-22 00:00:00-04:00,94.6262521058089,95.10452597395312,94.22017233827735,94.72551727294922,697400,0.0,0.0
2023-08-23 00:00:00-04:00,95.30306020624508,95.30306020624508,94.27431832726721,94.9962387084961,1170000,0.0,0.0
2023-08-24 00:00:00-04:00,94.60820902985725,96.30473612965832,94.12091601694526,94.25627136230469,953400,0.0,0.0
2023-08-25 00:00:00-04:00,94.71649408506326,95.36622724013962,94.20212315142925,94.6803970336914,963600,0.0,0.0
2023-08-28 00:00:00-04:00,94.75258833947687,95.49256065873568,94.49088988836226,94.72551727294922,750200,0.0,0.0
2023-08-29 00:00:00-04:00,94.95112365310374,95.46549459852848,94.43675270767899,94.86990356445312,586000,0.0,0.0
2023-08-30 00:00:00-04:00,94.82477342135,95.14061397548046,94.01260707872328,94.51795196533203,700800,0.0,0.0
2023-08-31 00:00:00-04:00,95.06844322723393,95.13161135357191,93.26363174922356,93.29070281982422,801300,0.0,0.0
2023-09-01 00:00:00-04:00,93.85921343751461,93.96749770906774,91.42271405543839,92.20780944824219,1110300,0.0,0.0
2023-09-05 00:00:00-04:00,92.06342585912326,92.18074300560393,90.30373751000378,90.91737365722656,1386900,0.0,0.0
2023-09-06 00:00:00-04:00,90.96248034933518,91.39563114905904,90.60151675969341,91.04369354248047,1203600,0.0,0.0
2023-09-07 00:00:00-04:00,91.65734706972238,92.64999196705045,91.55808189150865,92.2348861694336,980300,0.0,0.0
2023-09-08 00:00:00-04:00,92.31610173450089,92.75827857997518,92.06342236656393,92.6409683227539,1082900,0.0,0.0
2023-09-11 00:00:00-04:00,92.44243789223601,93.37191461924695,92.44243789223601,92.96582794189453,1763700,0.0,0.0
2023-09-12 00:00:00-04:00,92.99290374975327,94.03969070973199,92.60486905002122,93.77799224853516,1220600,0.0,0.0
2023-09-13 00:00:00-04:00,93.93140542823953,95.80841092500269,93.48020258102584,95.70012664794922,1702600,0.0,0.0
2023-09-14 00:00:00-04:00,96.2325299844845,96.69275875556337,95.85352129527044,96.32276916503906,1718300,0.0,0.0
2023-09-15 00:00:00-04:00,96.81720592352447,97.74594873677083,96.74436144296303,97.22694396972656,3064600,0.953,0.0
2023-09-18 00:00:00-04:00,97.22694250742391,97.7459472666623,96.64420056536089,97.42726135253906,1453400,0.0,0.0
2023-09-19 00:00:00-04:00,97.4272662576284,98.00090093193053,96.8263096920271,96.86273193359375,1207800,0.0,0.0
2023-09-20 00:00:00-04:00,97.1540871610155,98.21031115463322,96.49850775964683,97.13587951660156,806700,0.0,0.0
2023-09-21 00:00:00-04:00,96.99020135277999,97.7459471963226,96.21624786279999,96.59867095947266,1562100,0.0,0.0
2023-09-22 00:00:00-04:00,96.2071565646314,96.99931777557917,95.92488591705492,96.70794677734375,1982300,0.0,0.0
2023-09-25 00:00:00-04:00,95.9795119071861,96.41656488172549,95.39676302974726,96.20714569091797,1066600,0.0,0.0
2023-09-26 00:00:00-04:00,95.8793510256299,95.89755867144504,92.94742682434568,93.02027130126953,1678000,0.0,0.0
2023-09-27 00:00:00-04:00,92.71979533135158,93.03848124221538,91.04440705493178,91.54520416259766,1164100,0.0,0.0
2023-09-28 00:00:00-04:00,92.05511454022641,92.10064408252512,89.76056871312787,89.80609130859375,1739600,0.0,0.0
2023-09-29 00:00:00-04:00,90.77124906725398,91.34488369661713,89.5966579193689,90.3979263305664,1268400,0.0,0.0
2023-10-02 00:00:00-04:00,89.8425085034888,90.14298679337315,85.69047012265919,86.94700622558594,2346400,0.0,0.0
2023-10-03 00:00:00-04:00,86.08198769062426,89.07764895114846,85.45371625956403,88.64969635009766,2240200,0.0,0.0
2023-10-04 00:00:00-04:00,89.14138931064663,89.26886367123288,87.03804846731023,88.42206573486328,1444200,0.0,0.0
2023-10-05 00:00:00-04:00,88.62238696998001,88.85002075530505,84.79813520842043,85.77240753173828,3500500,0.0,0.0
2023-10-06 00:00:00-04:00,84.38838501100318,86.90146358390432,82.07562525181,86.64651489257812,2534100,0.0,0.0
2023-10-09 00:00:00-04:00,86.65564231797869,87.957708067102,86.52816793248407,87.94860076904297,1059900,0.0,0.0
2023-10-10 00:00:00-04:00,88.06695445197826,88.91375235812541,87.60257961394107,88.64969635009766,869700,0.0,0.0
2023-10-11 00:00:00-04:00,88.9683867790939,89.31438762786942,87.62989902559193,89.08675384521484,1494000,0.0,0.0
2023-10-12 00:00:00-04:00,88.70433126804409,89.0867543578648,86.78310157563722,87.42958068847656,1774000,0.0,0.0
2023-10-13 00:00:00-04:00,88.24905461948046,89.11406707763672,87.96679097939497,89.11406707763672,1241000,0.0,0.0
2023-10-16 00:00:00-04:00,89.53292773062728,89.87892860517788,88.60417793798429,89.63308715820312,1564200,0.0,0.0
2023-10-17 00:00:00-04:00,88.96839587925935,90.30688376966904,88.96839587925935,89.71503448486328,939000,0.0,0.0
2023-10-18 00:00:00-04:00,89.3781303860918,89.91534277044362,88.25816913599073,88.42206573486328,1385800,0.0,0.0
2023-10-19 00:00:00-04:00,88.09428185778994,89.16871368700373,87.72095908598024,88.08517456054688,1144500,0.0,0.0
2023-10-20 00:00:00-04:00,88.17620890682723,89.28706275411524,88.00321197509766,88.00321197509766,1427800,0.0,0.0
2023-10-23 00:00:00-04:00,86.81042210224115,88.6497070852108,86.1366280034778,87.38406372070312,1740000,0.0,0.0
2023-10-24 00:00:00-04:00,88.30371001787852,89.2506605476822,88.13981339794469,88.95928955078125,1007400,0.0,0.0
2023-10-25 00:00:00-04:00,88.64970622346581,89.46008198288224,88.47670231522,89.17781829833984,1646700,0.0,0.0
2023-10-26 00:00:00-04:00,89.52380963158944,90.96245673878984,89.22333138511758,89.5511245727539,1275100,0.0,0.0
2023-10-27 00:00:00-04:00,89.18692552842155,89.99730135035098,88.10339329784703,88.23997497558594,1227700,0.0,0.0
2023-10-30 00:00:00-04:00,88.30368247024704,89.30526952545723,86.93788004582487,87.69361877441406,1305000,0.0,0.0
2023-10-31 00:00:00-04:00,88.19442989752163,88.40384907924117,86.97430925731484,87.75736999511719,1871100,0.0,0.0
2023-11-01 00:00:00-04:00,85.77241138090525,89.30529233366548,84.29734883177578,87.96680450439453,3470300,0.0,0.0
2023-11-02 00:00:00-04:00,87.82111476583285,91.00798787527795,87.82111476583285,89.96997833251953,1846400,0.0,0.0
2023-11-03 00:00:00-04:00,91.4359337069606,92.473943172391,90.96245850829278,91.2174072265625,1728700,0.0,0.0
2023-11-06 00:00:00-05:00,91.19008607201293,91.39040489324313,89.84249114990234,89.84249114990234,1528200,0.0,0.0
2023-11-07 00:00:00-05:00,89.90624604823147,90.01551277594147,89.35992630334631,89.71503448486328,1375200,0.0,0.0
2023-11-08 00:00:00-05:00,89.32348346469088,90.11565142755845,88.60415997016695,89.72412109375,2276500,0.0,0.0
2023-11-09 00:00:00-05:00,89.87892517380104,91.00798683165841,89.56934655262724,89.68771362304688,2056000,0.0,0.0
2023-11-10 00:00:00-05:00,90.26135471943692,90.26135471943692,89.27798195204161,89.75145721435547,1315000,0.0,0.0
2023-11-13 00:00:00-05:00,89.73323485684328,89.86070921221739,88.71343306701917,88.92285919189453,1599900,0.0,0.0
2023-11-14 00:00:00-05:00,90.51630834560082,92.73800952887821,90.4252492673512,92.64695739746094,1392100,0.0,0.0
2023-11-15 00:00:00-05:00,92.36468932176003,93.82154419578123,92.20079271425564,92.93832397460938,1238200,0.0,0.0
2023-11-16 00:00:00-05:00,93.63944215998377,94.52266246760331,92.8199659890853,94.08560943603516,1813700,0.0,0.0
2023-11-17 00:00:00-05:00,94.70476654699006,94.70476654699006,93.47554543647635,94.3314437866211,1502500,0.0,0.0
2023-11-20 00:00:00-05:00,93.82154498832234,94.20396809345236,92.36469010199461,93.66675567626953,1392700,0.0,0.0
2023-11-21 00:00:00-05:00,93.81243208161831,94.2312774022141,92.94742649838402,94.02185821533203,1062400,0.0,0.0
2023-11-22 00:00:00-05:00,94.11291708378755,95.68813906037182,93.7031790301131,95.29661560058594,1687600,0.0,0.0
2023-11-24 00:00:00-05:00,95.38767292786265,96.45299748293878,95.28751349651371,95.94309997558594,1220300,0.0,0.0
2023-11-27 00:00:00-05:00,96.06146359085025,96.15251572147513,95.13272074354492,95.47872161865234,1382700,0.0,0.0
2023-11-28 00:00:00-05:00,95.59707470792944,96.59866189193538,95.26928152817023,95.6243896484375,1186600,0.0,0.0
2023-11-29 00:00:00-05:00,95.67904838706175,96.37105019450716,94.38608996349323,94.8231430053711,1193700,0.0,0.0
2023-11-30 00:00:00-05:00,94.95971111815498,94.9688184147191,94.1220204518845,94.79581451416016,1568900,0.0,0.0
2023-12-01 00:00:00-05:00,94.81402878113963,98.56543634184597,94.45892060549296,98.49259185791016,2802700,0.0,0.0
2023-12-04 00:00:00-05:00,98.11927135865245,99.48507410661375,97.70952636616485,98.71112060546875,1365900,0.0,0.0
2023-12-05 00:00:00-05:00,98.78395747231777,98.78395747231777,96.90825726743132,97.11768341064453,1403200,0.0,0.0
2023-12-06 00:00:00-05:00,97.36352958539611,98.0828532297608,97.09947354276864,97.72774505615234,1152700,0.0,0.0
2023-12-07 00:00:00-05:00,97.9735642745164,98.31046472421967,97.07213657272153,97.6275634765625,1401800,0.0,0.0
2023-12-08 00:00:00-05:00,97.86433191926392,98.96607874031292,97.33621980598443,98.89323425292969,2139000,0.0,0.0
2023-12-11 00:00:00-05:00,98.86591109470174,100.32276598719147,98.19211006262418,100.24081420898438,1419100,0.0,0.0
2023-12-12 00:00:00-05:00,100.55039629218089,100.55039629218089,98.8659076641021,100.08602142333984,1211900,0.0,0.0
2023-12-13 00:00:00-05:00,100.15886268429595,103.3184206459209,99.33937969114903,103.18183898925781,1227000,0.0,0.0
2023-12-14 00:00:00-05:00,104.06506353166226,104.36554179957,102.12562615548238,102.37146759033203,1710300,0.0,0.0
2023-12-15 00:00:00-05:00,101.41584133193741,102.31633139931812,100.13861061667006,100.98397064208984,2690000,1.02,0.0
2023-12-18 00:00:00-05:00,101.28720208180647,102.04986005032762,100.54291144709227,100.91046142578125,1026700,0.0,0.0
2023-12-19 00:00:00-05:00,101.11260429929091,101.90283422193856,100.73586368039588,101.8017578125,886700,0.0,0.0
2023-12-20 00:00:00-05:00,101.64555981427256,102.22444628973057,100.45102415457904,100.46939849853516,1165100,0.0,0.0
2023-12-21 00:00:00-05:00,100.73586816613866,101.87527373955956,100.13860736977388,100.83694458007812,897700,0.0,0.0
2023-12-22 00:00:00-05:00,101.50773154040971,102.35309160304242,100.662371477777,100.72669219970703,950000,0.0,0.0
2023-12-26 00:00:00-05:00,100.53372605739106,101.70988036069443,100.53372605739106,101.23206329345703,522200,0.0,0.0
2023-12-27 00:00:00-05:00,101.07585589159791,101.14936728747743,100.4326487037335,100.79100799560547,693100,0.0,0.0
2023-12-28 00:00:00-05:00,100.56127703282323,101.5536527061072,100.56127703282323,101.45258331298828,518200,0.0,0.0
2023-12-29 00:00:00-05:00,101.03910169674299,101.58123948637875,100.79100949499961,101.31476593017578,691600,0.0,0.0
2024-01-02 00:00:00-05:00,100.92883104498104,102.96872667129493,100.86451032750414,102.69306945800781,954200,0.0,0.0
2024-01-03 00:00:00-05:00,102.95954097352113,102.95954097352113,101.54447820651471,101.97634887695312,1308000,0.0,0.0
2024-01-04 00:00:00-05:00,102.26120283501366,102.58280643515388,101.34233140008006,101.56285858154297,1016300,0.0,0.0
2024-01-05 00:00:00-05:00,101.23205724869017,102.11417292349482,100.95640004368184,101.6731185913086,985600,0.0,0.0
2024-01-08 00:00:00-05:00,101.0391045793742,102.58280890768758,100.80019603761194,102.47254180908203,787500,0.0,0.0
2024-01-09 00:00:00-05:00,102.0957837493205,102.50927300198195,101.6271574553213,101.94876098632812,652900,0.0,0.0
2024-01-10 00:00:00-05:00,101.77419551947995,102.28876124645286,101.48934062596373,101.83851623535156,676100,0.0,0.0
2024-01-11 00:00:00-05:00,101.49854123381489,101.49854123381489,98.8797589593313,99.2564926147461,519600,0.0,0.0
2024-01-12 00:00:00-05:00,99.99159238742953,100.16618020885014,99.21974372302186,100.01915740966797,827300,0.0,0.0
2024-01-16 00:00:00-05:00,98.82462032936039,99.32080470842357,98.16303181003306,98.87055969238281,1332400,0.0,0.0
2024-01-17 00:00:00-05:00,98.2641185106643,99.50459360905357,96.82149056460229,97.13390350341797,760900,0.0,0.0
2024-01-18 00:00:00-05:00,96.49986489231932,96.77552909806393,95.56261921156519,96.34365844726562,786000,0.0,0.0
2024-01-19 00:00:00-05:00,96.73878001901,96.99606288973624,95.52587004956315,96.04043579101562,1016900,0.0,0.0
2024-01-22 00:00:00-05:00,95.77397817458107,96.87662115480761,94.89185537788013,95.47074890136719,849000,0.0,0.0
2024-01-23 00:00:00-05:00,95.46155968282689,96.0128811813678,94.85510813756184,95.9945068359375,765600,0.0,0.0
2024-01-24 00:00:00-05:00,96.76635506141903,96.76635506141903,93.88109912299493,94.0556869506836,1491900,0.0,0.0
2024-01-25 00:00:00-05:00,95.17671524373037,95.6085859866951,94.18433230378162,95.37886810302734,1458200,0.0,0.0
2024-01-26 00:00:00-05:00,95.83828741514078,95.87503610103651,94.85509532227202,95.18588256835938,1165300,0.0,0.0
2024-01-29 00:00:00-05:00,95.17670211913676,95.77396993639812,94.57943430187541,95.41560363769531,1566400,0.0,0.0
2024-01-30 00:00:00-05:00,95.08482595070961,97.12471479293514,94.70808527051895,96.07720184326172,1614800,0.0,0.0
2024-01-31 00:00:00-05:00,97.20740896248272,97.83224181235306,96.06801035757773,96.86742401123047,1533700,0.0,0.0
2024-02-01 00:00:00-05:00,96.31611063665193,98.78787722235762,95.77397981504404,98.7511215209961,1316700,0.0,0.0
2024-02-02 00:00:00-05:00,97.80466586531405,97.89655159552942,95.81070976643801,96.55500030517578,1437400,0.0,0.0
2024-02-05 00:00:00-05:00,95.61776192702133,96.61014478676901,94.88266896495233,95.48912048339844,1395700,0.0,0.0
2024-02-06 00:00:00-05:00,95.22264522612188,95.94855450819601,94.75402583715334,95.7555923461914,1068000,0.0,0.0
2024-02-07 00:00:00-05:00,96.02205106720162,97.22577022958629,95.54424107471074,96.68363952636719,1692900,0.0,0.0
2024-02-08 00:00:00-05:00,96.48150715489031,97.84144005461651,94.44161131051762,95.77397918701172,1847800,0.0,0.0
2024-02-09 00:00:00-05:00,95.74638480442259,96.17825542874077,94.77238348859454,95.9393539428711,1118600,0.0,0.0
2024-02-12 00:00:00-05:00,96.0312571131033,98.06196217446262,95.71883717496881,97.74954223632812,1459800,0.0,0.0
2024-02-13 00:00:00-05:00,97.09713382257824,97.4646837644776,94.75401608753002,95.91178894042969,1697600,0.0,0.0
2024-02-14 00:00:00-05:00,95.97612522782832,97.35443247577471,95.77397938689339,96.78473663330078,1273600,0.0,0.0
2024-02-15 00:00:00-05:00,97.29929576996948,99.06352724409179,97.29929576996948,99.02677154541016,1231900,0.0,0.0
2024-02-16 00:00:00-05:00,98.48464135987894,99.78024644669911,98.27329784378753,99.0543441772461,1273300,0.0,0.0
2024-02-20 00:00:00-05:00,99.04515786899181,100.52454151559193,98.63166149590312,98.9073257446289,1023100,0.0,0.0
2024-02-21 00:00:00-05:00,99.54132837308258,100.59803175702217,98.999190667403,100.30399322509766,1135600,0.0,0.0
2024-02-22 00:00:00-05:00,99.44027358844396,99.44027358844396,98.12628707971868,98.3376235961914,1486800,0.0,0.0
2024-02-23 00:00:00-05:00,98.59490716343124,100.00996299530603,98.51220508937314,99.65160369873047,1127000,0.0,0.0
2024-02-26 00:00:00-05:00,99.07271669929953,99.07271669929953,97.36361528906524,97.57495880126953,897300,0.0,0.0
2024-02-27 00:00:00-05:00,98.20897071315623,98.75110847356771,97.63927494340619,98.62246704101562,780600,0.0,0.0
2024-02-28 00:00:00-05:00,98.46625231349525,99.47700934593053,98.1905881180894,99.32998657226562,906700,0.0,0.0
2024-02-29 00:00:00-05:00,99.80782212444879,100.39589930753279,98.93489001705974,99.55972290039062,1387800,0.0,0.0
2024-03-01 00:00:00-05:00,99.26567622756117,99.52295909791073,97.5106354988582,99.33918762207031,1322000,0.0,0.0
2024-03-04 00:00:00-05:00,98.81542342145184,100.91963960312265,98.81542342145184,100.89207458496094,760700,0.0,0.0
2024-03-05 00:00:00-05:00,101.07584869645838,103.01466780956137,100.83694018207304,101.06665802001953,1269300,0.0,0.0
2024-03-06 00:00:00-05:00,101.99472523223538,103.06061941948974,101.88445814066108,102.69306945800781,1101100,0.0,0.0
2024-03-07 00:00:00-05:00,103.0881945861518,103.7038368012295,102.87685105910784,103.52006530761719,927100,0.0,0.0
2024-03-08 00:00:00-05:00,103.85083995268788,103.91516066866599,102.67468571169807,103.66706848144531,1128100,0.0,0.0
2024-03-11 00:00:00-04:00,103.84166659620841,104.79729376449885,103.17088733975436,103.78652954101562,1170400,0.0,0.0
2024-03-12 00:00:00-04:00,103.31789689369998,103.65787480670893,101.71905569631672,101.88445281982422,862100,0.0,0.0
2024-03-13 00:00:00-04:00,102.40820207537004,103.0881718748849,101.82931568863539,102.04984283447266,1137900,0.0,0.0
2024-03-14 00:00:00-04:00,101.69149699241285,101.89364982374575,99.44026484805828,100.51534271240234,1543200,0.0,0.0
2024-03-15 00:00:00-04:00,100.32056449474412,102.05502232949718,100.18143508237598,100.61737060546875,2305400,1.02,0.0
2024-03-18 00:00:00-04:00,100.6266414746662,101.84169747040119,100.34838972423205,101.54489135742188,1113900,0.0,0.0
2024-03-19 00:00:00-04:00,101.89733909199398,103.04746181269208,101.58197863910304,102.44457244873047,1378000,0.0,0.0
2024-03-20 00:00:00-04:00,102.17561312112107,103.1495049374595,101.66547425797967,102.0643081665039,1770100,0.0,0.0
2024-03-21 00:00:00-04:00,102.10140154647887,102.69501377018037,101.19242884845202,101.23880767822266,1200300,0.0,0.0
2024-03-22 00:00:00-04:00,102.017912838738,102.017912838738,100.89561459769634,100.98836517333984,1076500,0.0,0.0
2024-03-25 00:00:00-04:00,101.37794397205967,101.37794397205967,100.07013730905314,100.56172180175781,1045100,0.0,0.0
2024-03-26 00:00:00-04:00,100.60809192195255,101.08112908637432,99.30956255326646,99.3652114868164,1110800,0.0,0.0
2024-03-27 00:00:00-04:00,100.12578855972016,103.33501422383927,100.12578855972016,103.23298645019531,1668700,0.0,0.0
2024-03-28 00:00:00-04:00,103.25152647078224,104.16976929253254,102.92689588495294,104.01209259033203,990500,0.0,0.0
2024-04-01 00:00:00-04:00,104.01209181232646,104.01209181232646,102.28690405320535,102.70429229736328,847500,0.0,0.0
2024-04-02 00:00:00-04:00,102.908348135741,104.34600706362869,102.51879140771007,103.03820037841797,1268900,0.0,0.0
2024-04-03 00:00:00-04:00,103.23297796431778,103.33500572957492,102.05502361140925,102.26835632324219,1256900,0.0,0.0
2024-04-04 00:00:00-04:00,102.95472599080462,103.1587815349049,100.93273199009072,101.61909484863281,1210600,0.0,0.0
2024-04-05 00:00:00-04:00,100.88635290288173,101.78604848519579,100.49679617953433,101.19243621826172,1106100,0.0,0.0
2024-04-08 00:00:00-04:00,101.45213346975403,102.26835558592654,100.96054900964971,101.56343841552734,1163600,0.0,0.0
2024-04-09 00:00:00-04:00,102.49097423275701,102.60227919572351,101.34085125443777,101.9066390991211,1068900,0.0,0.0
2024-04-10 00:00:00-04:00,100.40405165280417,100.40405165280417,98.1223530371622,98.9107437133789,1444200,0.0,0.0
2024-04-11 00:00:00-04:00,99.50433239129664,99.55071121623422,97.77914483456306,98.43768310546875,1014900,0.0,0.0
2024-04-12 00:00:00-04:00,98.90145866644349,99.39305022859617,97.76061298754887,98.54900360107422,1506300,0.0,0.0
2024-04-15 00:00:00-04:00,98.882910603966,99.30029178537806,97.1113439564439,97.87191009521484,1331800,0.0,0.0
2024-04-16 00:00:00-04:00,97.64002839459441,97.64002839459441,95.59021002049883,95.72006225585938,1299000,0.0,0.0
2024-04-17 00:00:00-04:00,96.499184239397,98.00176922723908,95.84064587089046,97.64002990722656,1529200,0.0,0.0
2024-04-18 00:00:00-04:00,98.01104068843384,99.25392121872655,97.42670561217473,98.76233673095703,1168800,0.0,0.0
2024-04-19 00:00:00-04:00,99.328118654238,100.86780533231223,99.05914406726492,100.70085144042969,999400,0.0,0.0
2024-04-22 00:00:00-04:00,100.4411407452558,102.58370966152074,100.06085415199847,102.13850402832031,1128800,0.0,0.0
2024-04-23 00:00:00-04:00,101.78604190258604,103.09384848749619,101.59126355350885,102.13850402832031,950400,0.0,0.0
2024-04-24 00:00:00-04:00,101.18315357761263,103.69673900918849,100.74722512105119,103.46485900878906,1473800,0.0,0.0
2024-04-25 00:00:00-04:00,102.76921083021361,103.76165686989727,101.92516429924106,103.08456420898438,1408500,0.0,0.0
2024-04-26 00:00:00-04:00,103.27007156045205,103.60397932060671,101.4985120718021,101.58198547363281,1247700,0.0,0.0
2024-04-29 00:00:00-04:00,101.91589460470159,102.87124614469352,101.91589460470159,102.79704284667969,797900,0.0,0.0
2024-04-30 00:00:00-04:00,102.2312545431337,102.8990700688991,101.53561454986405,102.32400512695312,1360000,0.0,0.0
2024-05-01 00:00:00-04:00,102.31472130106259,103.88223224855173,101.95298909416748,103.26079559326172,1112900,0.0,0.0
2024-05-02 00:00:00-04:00,103.84513884421446,103.87296331212009,102.80631389176908,103.79876708984375,738000,0.0,0.0
2024-05-03 00:00:00-04:00,104.39237968841704,104.67063144485398,103.37210201890004,104.577880859375,1021100,0.0,0.0
2024-05-06 00:00:00-04:00,104.76338168054836,104.76338168054836,103.57615720698274,104.33672332763672,981500,0.0,0.0
2024-05-07 00:00:00-04:00,105.08801224109553,105.59814396325845,104.31816899102816,105.12510681152344,843800,0.0,0.0
2024-05-08 00:00:00-04:00,104.97670891327611,106.44219214223743,104.20686565138199,106.41436767578125,963700,0.0,0.0
2024-05-09 00:00:00-04:00,106.30307139572419,108.05608368946574,105.87641303032629,107.89840698242188,1461300,0.0,0.0
2024-05-10 00:00:00-04:00,108.38999056380446,108.38999056380446,107.08218393336853,107.1192855834961,1025200,0.0,0.0
2024-05-13 00:00:00-04:00,107.19348108364711,107.97260152679965,106.74826839092914,106.95232391357422,796200,0.0,0.0
2024-05-14 00:00:00-04:00,107.49030225664302,107.52740390927242,105.89496657566201,106.46075439453125,723600,0.0,0.0
2024-05-15 00:00:00-04:00,107.5923154795813,108.17665050752109,107.30478655611476,107.67578887939453,599100,0.0,0.0
2024-05-16 00:00:00-04:00,107.60159337851248,108.67751286075072,107.46246396814642,108.31578063964844,757800,0.0,0.0
2024-05-17 00:00:00-04:00,108.46419471887722,108.46419471887722,107.74073022672849,108.14883422851562,791500,0.0,0.0
2024-05-20 00:00:00-04:00,108.5198434751168,108.79810231459385,107.48101849434087,107.91695404052734,734900,0.0,0.0
2024-05-21 00:00:00-04:00,108.21376089597194,108.93722539178651,107.7871025286048,108.68679809570312,596900,0.0,0.0
2024-05-22 00:00:00-04:00,107.97261676341134,108.51985021825931,106.48857896254111,106.720458984375,901100,0.0,0.0
2024-05-23 00:00:00-04:00,105.932066293316,106.18250067488583,103.90079507656392,103.93789672851562,733800,0.0,0.0
2024-05-24 00:00:00-04:00,104.25325036149673,104.80976095126447,103.6781854087676,104.77265930175781,661300,0.0,0.0
2024-05-28 00:00:00-04:00,104.67062401142285,105.78365218737451,104.66134683060896,104.80975341796875,879100,0.0,0.0
2024-05-29 00:00:00-04:00,104.15122125389838,104.21614737059535,102.88051631121117,102.92689514160156,788800,0.0,0.0
2024-05-30 00:00:00-04:00,103.43702813637692,104.63352979537918,103.39993356331819,104.577880859375,760400,0.0,0.0
2024-05-31 00:00:00-04:00,104.96743280134662,108.1581037472428,104.46657117078739,108.08390045166016,1519700,0.0,0.0
2024-06-03 00:00:00-04:00,108.04679850881715,108.54766013800862,107.42536183194494,107.8149185180664,1035000,0.0,0.0
2024-06-04 00:00:00-04:00,107.51811270657007,108.38998373862675,106.79464826567866,108.08390045166016,753700,0.0,0.0
2024-06-05 00:00:00-04:00,107.54595119244021,107.85203451930623,106.09902212204325,106.23815155029297,822500,0.0,0.0
2024-06-06 00:00:00-04:00,105.79292279794657,106.56276605162378,105.20858777935666,105.31061553955078,746000,0.0,0.0
2024-06-07 00:00:00-04:00,104.02136247330006,104.94888241140097,103.95643636068962,104.18831634521484,748000,0.0,0.0
2024-06-10 00:00:00-04:00,104.06774189899443,105.18077015264686,103.7338341305403,104.4758529663086,1093600,0.0,0.0
2024-06-11 00:00:00-04:00,103.59471997919808,105.60743685406065,103.29791383671333,105.49613189697266,1390300,0.0,0.0
2024-06-12 00:00:00-04:00,106.85030175250981,106.94305941414879,104.17904668544269,104.4665756225586,999400,0.0,0.0
2024-06-13 00:00:00-04:00,104.3552626942924,104.99524659348386,103.36281671512522,104.38308715820312,1521200,0.0,0.0
2024-06-14 00:00:00-04:00,103.91934200529738,104.76338152845354,103.58543423803981,104.01209259033203,766200,0.0,0.0
2024-06-17 00:00:00-04:00,103.26326788762658,104.33970838768565,102.8046132392331,103.67512512207031,1178400,1.02,0.0
2024-06-18 00:00:00-04:00,103.33815224436854,103.7032049232243,102.56124233136887,103.49727630615234,946000,0.0,0.0
2024-06-20 00:00:00-04:00,103.52535094888405,104.68603101935119,103.08541386035796,104.01209259033203,902000,0.0,0.0
2024-06-21 00:00:00-04:00,104.48948267302747,105.25703033953607,103.67513758694265,103.81554412841797,1884700,0.0,0.0
2024-06-24 00:00:00-04:00,103.8623341895103,105.93096852047555,103.75000753601356,105.58464050292969,839700,0.0,0.0
2024-06-25 00:00:00-04:00,104.9668469443278,105.36934182987322,102.91693030150665,102.98245239257812,1208000,0.0,0.0
2024-06-26 00:00:00-04:00,102.374037474218,103.72192152967648,101.98089778089404,103.38494873046875,957200,0.0,0.0
2024-06-27 00:00:00-04:00,103.47856049636756,104.29290549754573,103.09478313244064,104.13378143310547,669400,0.0,0.0
2024-06-28 00:00:00-04:00,104.55497714627334,104.57370182225476,103.36621731082609,103.90911865234375,1566100,0.0,0.0
2024-07-01 00:00:00-04:00,104.31163623484159,104.60180450348213,101.84050692794837,102.1400375366211,890900,0.0,0.0
2024-07-02 00:00:00-04:00,102.52379670995,102.80460974960646,102.02769986241287,102.40211486816406,727900,0.0,0.0
2024-07-03 00:00:00-04:00,102.39275637862247,103.61895860571904,102.21490763739563,102.25234985351562,350300,0.0,0.0
2024-07-05 00:00:00-04:00,102.32723118234227,103.12285861198767,101.99025838885467,102.74844360351562,937900,0.0,0.0
2024-07-08 00:00:00-04:00,102.72973440805076,102.96374291467501,101.75625816352908,102.03707122802734,972100,0.0,0.0
2024-07-09 00:00:00-04:00,101.79369546759055,102.83269375815577,101.62520906529964,101.71881103515625,968200,0.0,0.0
2024-07-10 00:00:00-04:00,102.2242590428181,102.4489051741373,101.46607388625847,102.10257720947266,1025600,0.0,0.0
2024-07-11 00:00:00-04:00,102.84205278293364,106.2398534546873,102.71100860108345,105.94032287597656,1904000,0.0,0.0
2024-07-12 00:00:00-04:00,106.35218336274767,107.87791617902766,106.00584821930484,107.15717315673828,1039200,0.0,0.0
2024-07-15 00:00:00-04:00,106.55810745497058,107.48478625956639,105.4442318477294,105.89352416992188,1133600,0.0,0.0
2024-07-16 00:00:00-04:00,106.31474462328174,107.5222293537547,105.90288737343501,107.36309814453125,1118300,0.0,0.0
2024-07-17 00:00:00-04:00,107.79366623175665,110.94809587150041,107.42860644448787,109.83421325683594,1274900,0.0,0.0
2024-07-18 00:00:00-04:00,108.91691533257313,110.99491192698034,108.89819065365865,109.21644592285156,1018900,0.0,0.0
2024-07-19 00:00:00-04:00,110.06823558243462,110.06823558243462,108.09321039544577,108.6641845703125,671500,0.0,0.0
2024-07-22 00:00:00-04:00,109.18836294011702,109.88102607142658,108.55185956120835,109.71253967285156,760900,0.0,0.0
2024-07-23 00:00:00-04:00,109.55342158581216,109.66574823810983,108.39274141089406,108.48634338378906,647200,0.0,0.0
2024-07-24 00:00:00-04:00,109.66574186600376,110.77961741906647,108.94499171970848,110.36776733398438,954000,0.0,0.0
2024-07-25 00:00:00-04:00,110.75153413473319,112.82953059862777,109.71253590278592,110.62985229492188,1063500,0.0,0.0
2024-07-26 00:00:00-04:00,111.68756806323546,111.68756806323546,109.51596963476509,110.62985229492188,1712700,0.0,0.0
2024-07-29 00:00:00-04:00,110.64858052787638,111.91222502523868,109.92783747545789,111.49101257324219,882100,0.0,0.0
2024-07-30 00:00:00-04:00,111.3974021576366,113.11033885513473,110.91066050547941,112.91377258300781,807500,0.0,0.0
2024-07-31 00:00:00-04:00,112.96994403649197,113.14778563766858,111.91222106201224,112.82017517089844,1046700,0.0,0.0
2024-08-01 00:00:00-04:00,113.32562557916805,115.63763048726302,112.76400665955367,115.48786163330078,1101900,0.0,0.0
2024-08-02 00:00:00-04:00,117.00424860212887,118.65167042203117,113.90597838438373,115.35682678222656,1256200,0.0,0.0
2024-08-05 00:00:00-04:00,116.32094499519029,116.46135152703458,111.0604383519234,111.19148254394531,1099800,0.0,0.0
2024-08-06 00:00:00-04:00,111.19147912888859,112.83890095975995,110.57369326429708,111.45356750488281,1430700,0.0,0.0
2024-08-07 00:00:00-04:00,111.80924773361758,113.60643826891396,111.18210672761876,112.41767120361328,1012200,0.0,0.0
2024-08-08 00:00:00-04:00,111.62206151535851,112.83890864838546,111.52845953775024,112.22112274169922,804200,0.0,0.0
2024-08-09 00:00:00-04:00,112.37088183199725,112.60489032632347,110.36776969187466,112.23983764648438,634200,0.0,0.0
2024-08-12 00:00:00-04:00,111.9683871111089,112.93250096662021,111.74373381441639,112.88569641113281,639800,0.0,0.0
2024-08-13 00:00:00-04:00,113.2507486837591,113.82172998006138,112.73593428211397,113.54092407226562,743900,0.0,0.0
2024-08-14 00:00:00-04:00,113.21330190922502,114.93560806812116,112.82953170827831,114.2242202758789,767600,0.0,0.0
2024-08-15 00:00:00-04:00,113.47540370698428,114.37399548007969,113.04482178733925,114.17742919921875,987600,0.0,0.0
2024-08-16 00:00:00-04:00,114.60800698918761,115.07602399630926,113.67197297494432,114.09318542480469,2423800,0.0,0.0
2024-08-19 00:00:00-04:00,114.11191843069538,115.46916499383363,114.11191843069538,115.38491821289062,744300,0.0,0.0
2024-08-20 00:00:00-04:00,115.61892230912207,116.08693933248398,114.82329479768143,115.06666564941406,580700,0.0,0.0
2024-08-21 00:00:00-04:00,115.22579590439446,115.87166171651893,114.91690293847635,115.43172454833984,579200,0.0,0.0
2024-08-22 00:00:00-04:00,115.58147551765862,115.90908597253454,114.5424772597862,115.45042419433594,757800,0.0,0.0
2024-08-23 00:00:00-04:00,115.93716908375963,116.20861979433818,115.37555012524687,115.89972686767578,489200,0.0,0.0
2024-08-26 00:00:00-04:00,116.28350056576085,117.48162287723572,115.78739657429715,116.69535064697266,442200,0.0,0.0
2024-08-27 00:00:00-04:00,116.53623047916085,117.01360980841882,115.39426788124344,115.95588684082031,549300,0.0,0.0
2024-08-28 00:00:00-04:00,116.31158276902097,117.32249402619881,116.08692947509485,116.442626953125,701800,0.0,0.0
2024-08-29 00:00:00-04:00,116.44262654263274,116.6579103551708,115.33810617952653,116.62046813964844,580500,0.0,0.0
2024-08-30 00:00:00-04:00,116.79831832299811,117.17273334148136,115.96524865609346,117.02296447753906,656100,0.0,0.0
2024-09-03 00:00:00-04:00,117.00424539278224,118.48318076847639,116.80767911748706,117.50970458984375,793800,0.0,0.0
2024-09-04 00:00:00-04:00,118.01516098267433,119.4285670916462,117.3131355269989,118.23980712890625,709500,0.0,0.0
2024-09-05 00:00:00-04:00,119.16648006239323,119.16648006239323,114.87944999260772,115.74996185302734,2609800,0.0,0.0
2024-09-06 00:00:00-04:00,116.10565552948104,116.97616741498632,115.08537477958356,115.31002807617188,1709100,0.0,0.0
2024-09-09 00:00:00-04:00,115.2725959880426,116.95745301225308,114.73905685916998,116.64856719970703,1030700,0.0,0.0
2024-09-10 00:00:00-04:00,116.71407608466538,118.01516271025352,116.49878513290291,117.5190658569336,1278700,0.0,0.0
2024-09-11 00:00:00-04:00,117.26633643325339,117.26633643325339,115.32874637103109,116.42390441894531,1162400,0.0,0.0
2024-09-12 00:00:00-04:00,116.41454359591226,116.85447354860898,115.6844311245415,116.52686309814453,933100,0.0,0.0
2024-09-13 00:00:00-04:00,116.81704501623898,117.93092061018596,115.75932203517998,117.89347839355469,806500,0.0,0.0
2024-09-16 00:00:00-04:00,119.25237395936331,119.62983871118954,118.61067380170863,119.24293518066406,1018500,1.02,0.0
2024-09-17 00:00:00-04:00,119.07307257316137,119.5732198465666,118.13883507756145,118.60123443603516,832400,0.0,0.0
2024-09-18 00:00:00-04:00,118.67673088566934,118.94095909189134,115.92119067870605,117.41220092773438,1301400,0.0,0.0
2024-09-19 00:00:00-04:00,116.80825336880582,117.27065274823559,115.9589432435519,116.57233428955078,2089800,0.0,0.0
2024-09-20 00:00:00-04:00,116.63839598828295,118.41251214272046,116.10993953360584,118.04447174072266,1834200,0.0,0.0
2024-09-23 00:00:00-04:00,118.38417984246269,119.62983217459099,117.73304814136537,119.29011535644531,969400,0.0,0.0
2024-09-24 00:00:00-04:00,118.51629863285709,119.85632440054364,117.95953309250615,118.23320007324219,744200,0.0,0.0
2024-09-25 00:00:00-04:00,119.02588940277566,119.02588940277566,117.20459385157045,118.46912384033203,964800,0.0,0.0
2024-09-26 00:00:00-04:00,118.20489033987455,119.37504688632858,118.00671918924206,118.50686645507812,639300,0.0,0.0
2024-09-27 00:00:00-04:00,119.10138295837967,120.68675940373576,118.94095971799737,120.20548248291016,990800,0.0,0.0
2024-09-30 00:00:00-04:00,120.79056424364724,121.24352482774086,119.58265975315935,121.17747497558594,1117700,0.0,0.0
2024-10-01 00:00:00-04:00,121.3378971828073,122.23438676429951,120.76225407901002,121.45113372802734,780400,0.0,0.0
2024-10-02 00:00:00-04:00,120.25266802648397,121.73423949043467,119.61096787141547,121.45113372802734,763500,0.0,0.0
2024-10-03 00:00:00-04:00,121.50774593396335,121.66816916480117,120.12998670471788,120.36590576171875,868500,0.0,0.0
2024-10-04 00:00:00-04:00,119.04475756218211,120.10167032939331,118.6200989399177,119.82801055908203,721400,0.0,0.0
2024-10-07 00:00:00-04:00,119.56377986269281,119.56377986269281,117.98784222849979,118.23320007324219,962900,0.0,0.0
2024-10-08 00:00:00-04:00,118.9975731386403,119.42223176899738,118.33700264654495,118.4124984741211,844400,0.0,0.0
2024-10-09 00:00:00-04:00,118.32756987599014,119.00701795931616,117.10078781446497,117.5065689086914,1871500,0.0,0.0
2024-10-10 00:00:00-04:00,117.72361577658606,118.45968212207826,116.62894783736685,116.71388244628906,789400,0.0,0.0
2024-10-11 00:00:00-04:00,117.13852743577338,118.15769948859644,116.94035629211528,117.83685302734375,880700,0.0,0.0
2024-10-14 00:00:00-04:00,117.8840366676516,118.84659048464195,117.72361343137938,118.50686645507812,830700,0.0,0.0
2024-10-15 00:00:00-04:00,119.3089916843011,120.84718141999721,119.28068254801201,120.21492004394531,1901500,0.0,0.0
2024-10-16 00:00:00-04:00,120.4130993355342,121.6115651173999,120.20548938914507,121.23410034179688,780700,0.0,0.0
2024-10-17 00:00:00-04:00,121.28126822318227,121.68704207403643,120.8282932835027,121.20577239990234,1137300,0.0,0.0
2024-10-18 00:00:00-04:00,121.52663314138238,121.99847129285517,120.6678914495349,121.6398696899414,777000,0.0,0.0
2024-10-21 00:00:00-04:00,121.75311699354491,122.06453189211861,120.14886300674866,120.75281524658203,892700,0.0,0.0
2024-10-22 00:00:00-04:00,120.41308544425236,121.2907046256744,119.80913323334669,121.00759887695312,747800,0.0,0.0
2024-10-23 00:00:00-04:00,120.82830724242099,122.7156598443913,120.64901364101542,122.66848754882812,1389100,0.0,0.0
2024-10-24 00:00:00-04:00,122.67792562313579,124.25386340129461,121.90410410366707,122.46088409423828,1575100,0.0,0.0
2024-10-25 00:00:00-04:00,122.73452128691798,122.81944868700967,119.33728848937136,119.44109344482422,1276000,0.0,0.0
2024-10-28 00:00:00-04:00,120.29985704955646,120.45084151266634,119.38448989301698,119.49772644042969,939700,0.0,0.0
2024-10-29 00:00:00-04:00,118.7994109300982,118.7994109300982,116.7988145468652,116.9498062133789,823400,0.0,0.0
2024-10-30 00:00:00-04:00,117.75191667773888,117.95952659649721,116.54401227733923,117.14796447753906,1002800,0.0,0.0
2024-10-31 00:00:00-04:00,116.75163443934917,118.29926301461425,116.75163443934917,117.22347259521484,900600,0.0,0.0
2024-11-01 00:00:00-04:00,117.19515872724155,117.52544398307981,114.26975651921485,114.45849609375,992500,0.0,0.0
2024-11-04 00:00:00-05:00,114.22256951298897,115.13793659016513,113.48650321990904,114.77933502197266,911300,0.0,0.0
2024-11-05 00:00:00-05:00,114.77933856604439,116.57232486333486,114.57173584081734,116.47795867919922,749700,0.0,0.0
2024-11-06 00:00:00-05:00,115.83626321141342,116.70444365990197,114.16595936595878,114.72272491455078,1570300,0.0,0.0
2024-11-07 00:00:00-05:00,115.27005452498081,116.232601125004,109.07953347498014,110.44786834716797,3753800,0.0,0.0
2024-11-08 00:00:00-05:00,111.02352431665531,112.63721001554286,110.55168614038367,111.16507720947266,3021500,0.0,0.0
2024-11-11 00:00:00-05:00,111.15562444507917,113.16565223122181,111.136746888583,112.98635864257812,1321000,0.0,0.0
2024-11-12 00:00:00-05:00,112.75986366366517,113.93945887748616,112.75986366366517,113.30719757080078,1578400,0.0,0.0
2024-11-13 00:00:00-05:00,113.94890876892177,114.0149658193514,111.25943285903199,111.93888092041016,1458700,0.0,0.0
2024-11-14 00:00:00-05:00,112.26917494432435,113.75074650515646,112.25973616504592,112.68439483642578,1625100,0.0,0.0
2024-11-15 00:00:00-05:00,112.41072038394546,113.56199939083527,112.25028994556236,113.32608032226562,3097600,0.0,0.0
2024-11-18 00:00:00-05:00,112.92972920327621,114.26974768026952,112.59944397298604,113.71298217773438,1552000,0.0,0.0
2024-11-19 00:00:00-05:00,113.3638218051363,114.90201865273009,113.13734152806956,114.82652282714844,2337900,0.0,0.0
2024-11-20 00:00:00-05:00,114.84539497107224,115.53428179078927,114.43961390185333,115.2983627319336,1575800,0.0,0.0
2024-11-21 00:00:00-05:00,115.49653738543162,117.1007841545053,114.98695133886412,116.99698638916016,1550600,0.0,0.0
2024-11-22 00:00:00-05:00,117.08190689963126,118.00671275181192,116.99697949671246,117.5820541381836,1178600,0.0,0.0
2024-11-25 00:00:00-05:00,117.96897129495048,118.5257368325824,117.66699517969553,118.12939453125,1567900,0.0,0.0
2024-11-26 00:00:00-05:00,118.29925838213136,118.5540478084628,117.6103715336849,118.38418579101562,1148500,0.0,0.0
2024-11-27 00:00:00-05:00,118.88432492570745,120.34701864308663,118.78995155066299,118.97869110107422,1127700,0.0,0.0
2024-11-29 00:00:00-05:00,119.19574969795453,119.24293639225158,118.19545513602984,118.69560241699219,608700,0.0,0.0
2024-12-02 00:00:00-05:00,118.68616543657751,118.76166126872525,116.46852756490937,116.63838958740234,1095200,0.0,0.0
2024-12-03 00:00:00-05:00,118.25206673597984,118.37474925435718,115.98724953110909,116.05330657958984,1207400,0.0,0.0
2024-12-04 00:00:00-05:00,115.9683802449171,116.44965717512984,114.91146019417197,115.40217590332031,1047600,0.0,0.0
2024-12-05 00:00:00-05:00,115.43991390450394,116.23259847472174,115.20399484912794,115.52484130859375,1094800,0.0,0.0
2024-12-06 00:00:00-05:00,115.60034414173641,115.74189702347836,114.32638260541627,114.72272491455078,1382000,0.0,0.0
2024-12-09 00:00:00-05:00,114.55287043339203,115.36443266245192,114.32639012751088,114.93978118896484,1454300,0.0,0.0
2024-12-10 00:00:00-05:00,114.7132861083556,115.37386382310008,112.7881856362912,115.1001968383789,1381300,0.0,0.0
2024-12-11 00:00:00-05:00,115.062456627043,115.39274190668948,113.9961049528475,114.1848373413086,1448200,0.0,0.0
2024-12-12 00:00:00-05:00,114.63779633609512,114.83596748864119,113.82623416870922,113.97721862792969,1302900,0.0,0.0
2024-12-13 00:00:00-05:00,114.06213979303352,115.06243421647362,113.64691997967603,114.44904327392578,1439500,0.0,0.0
2024-12-16 00:00:00-05:00,114.56332519528088,117.19149433075648,114.11577383810155,115.55364990234375,2428700,1.09,0.0
2024-12-17 00:00:00-05:00,115.04897076637252,117.06771050012699,114.48715590458062,114.93470001220703,1857200,0.0,0.0
2024-12-18 00:00:00-05:00,114.55380832702014,115.03944267034414,111.87802455697111,111.9161148071289,1409800,0.0,0.0
2024-12-19 00:00:00-05:00,111.33524540525077,113.58251919266878,111.07814531129631,112.4684066772461,1358500,0.0,0.0
2024-12-20 00:00:00-05:00,111.35430687323215,114.73473505355892,111.12576535810396,114.43954467773438,3035900,0.0,0.0
2024-12-23 00:00:00-05:00,114.31574346355826,114.65854843126769,113.23971393409236,114.50618743896484,899000,0.0,0.0
2024-12-24 00:00:00-05:00,114.33479243923772,115.0394439123335,114.33479243923772,114.99183654785156,309900,0.0,0.0
2024-12-26 00:00:00-05:00,114.50620252971551,115.55365906243973,114.30623414969322,115.30607604980469,533400,0.0,0.0
2024-12-27 00:00:00-05:00,114.63950569543319,116.24878425253189,114.36335683111035,115.55364990234375,1074800,0.0,0.0
2024-12-30 00:00:00-05:00,115.2203727296144,115.2203727296144,113.72536487818442,114.7918701171875,735000,0.0,0.0
2024-12-31 00:00:00-05:00,114.84899519506638,115.62982713714614,114.28717310352427,114.98230743408203,646000,0.0,0.0
2025-01-02 00:00:00-05:00,116.96297561126308,116.96297561126308,114.88710392905364,115.28704071044922,693200,0.0,0.0
2025-01-03 00:00:00-05:00,115.44889583019241,116.4582692274522,114.98230301158391,115.77265930175781,906100,0.0,0.0
2025-01-06 00:00:00-05:00,115.76314248765343,115.80123273767771,113.7539272049494,113.95389556884766,893400,0.0,0.0
2025-01-07 00:00:00-05:00,114.02055251975084,115.62983108636733,113.98246226944941,114.6299819946289,844700,0.0,0.0
2025-01-08 00:00:00-05:00,113.85868410699636,115.30607741692613,113.26829607447378,115.22990417480469,814900,0.0,0.0
2025-01-10 00:00:00-05:00,114.40144322054078,115.02992142812982,112.70646710669948,113.3349380493164,1082800,0.0,0.0
2025-01-13 00:00:00-05:00,113.39208047543337,113.39208047543337,111.18289683373575,112.57315826416016,710500,0.0,0.0
2025-01-14 00:00:00-05:00,112.63981039821012,114.41096700036594,112.31604691766886,113.72535705566406,823200,0.0,0.0
2025-01-15 00:00:00-05:00,115.56318254665283,115.91551193632799,114.37288939028484,114.84900665283203,843000,0.0,0.0
2025-01-16 00:00:00-05:00,114.53475623197295,117.12483504745032,114.53475623197295,117.11531066894531,903600,0.0,0.0
2025-01-17 00:00:00-05:00,116.88677435304389,118.16276498099441,116.5534937610398,117.75331115722656,697200,0.0,0.0
2025-01-21 00:00:00-05:00,118.37224961026966,119.60063279238905,117.54381037614536,117.9723129272461,1209300,0.0,0.0
2025-01-22 00:00:00-05:00,117.42954526262169,117.52476724909634,114.17290537637376,114.48714447021484,1103700,0.0,0.0
2025-01-23 00:00:00-05:00,115.04896902743819,115.45843014245983,110.74487239521027,113.80154418945312,2738800,0.0,0.0
2025-01-24 00:00:00-05:00,113.74440579831108,114.50619628875752,113.18259094196054,113.41112518310547,1107900,0.0,0.0
2025-01-27 00:00:00-05:00,114.64903087533094,116.29639242904474,112.46841308179711,115.9155044555664,1342700,0.0,0.0
2025-01-28 00:00:00-05:00,115.45842795294399,115.4679523317097,112.42079770922591,112.93500518798828,1214900,0.0,0.0
2025-01-29 00:00:00-05:00,113.19212239078765,113.95390566384152,111.94469020314433,111.98278045654297,1263000,0.0,0.0
2025-01-30 00:00:00-05:00,113.20163233704397,114.01103745680774,112.60172723019289,113.63014221191406,1106200,0.0,0.0
2025-01-31 00:00:00-05:00,113.33494737495155,114.96327476860925,113.14450338029951,114.15386962890625,1394000,0.0,0.0
2025-02-03 00:00:00-05:00,113.3730223022506,115.60125451634767,112.55410015898958,115.12513732910156,1478700,0.0,0.0
2025-02-04 00:00:00-05:00,114.43000164078468,115.34414575732961,113.31588917983662,114.88707733154297,848300,0.0,0.0
2025-02-05 00:00:00-05:00,116.0202457575224,117.35337548483236,115.40129915642542,116.82965087890625,1253600,0.0,0.0
2025-02-06 00:00:00-05:00,116.91534907263656,117.12484182203093,115.77267059499603,116.70585632324219,1056700,0.0,0.0
2025-02-07 00:00:00-05:00,116.37257948401037,117.01057486698912,115.64887921669128,116.83917236328125,1177400,0.0,0.0
2025-02-10 00:00:00-05:00,116.78203560930505,117.90567258210221,116.28687687814458,117.8009262084961,1095300,0.0,0.0
2025-02-11 00:00:00-05:00,117.3343382774179,118.97218280808038,116.3821037609837,118.92456817626953,924500,0.0,0.0
2025-02-12 00:00:00-05:00,117.65809085862534,118.6008082312928,116.98200524482618,118.25800323486328,1340100,0.0,0.0
2025-02-13 00:00:00-05:00,117.80092586536054,122.59067137047482,117.58191600480207,121.70508575439453,2582900,0.0,0.0
2025-02-14 00:00:00-05:00,122.52401302387375,123.99997942476902,122.2097738910422,122.87633514404297,1891700,0.0,0.0
2025-02-18 00:00:00-05:00,123.60001994918986,124.13326885355302,122.42877578211056,123.3619613647461,1427600,0.0,0.0
2025-02-19 00:00:00-05:00,122.85728154731112,124.29515020424802,122.80966692318616,124.1523208618164,1038200,0.0,0.0
2025-02-20 00:00:00-05:00,123.41911528232887,125.54259416883589,122.14312452756289,124.91411590576172,1506000,0.0,0.0
2025-02-21 00:00:00-05:00,124.51417357900661,126.53292052786672,123.60003662815417,125.68543243408203,1079800,0.0,0.0
2025-02-24 00:00:00-05:00,126.07583506968,127.07568414580291,124.59988329962833,126.05680084228516,782800,0.0,0.0
2025-02-25 00:00:00-05:00,126.06629750603719,127.11376104062121,126.06629750603719,127.0185317993164,993600,0.0,0.0
2025-02-26 00:00:00-05:00,126.52337364014542,127.04710543948356,125.54257342044995,126.31388092041016,877400,0.0,0.0
2025-02-27 00:00:00-05:00,125.52354542446243,126.64717504067583,124.9236331036351,125.5425796508789,697600,0.0,0.0
2025-02-28 00:00:00-05:00,126.71383817221766,127.70415555183685,125.42831592440119,127.31373596191406,1161900,0.0,0.0
2025-03-03 00:00:00-05:00,126.95190867365707,128.7801971435547,126.59957203340286,128.7801971435547,1082200,0.0,0.0
2025-03-04 00:00:00-05:00,129.49437772783716,129.7705193457218,125.34263463551966,125.63782501220703,1298300,0.0,0.0
2025-03-05 00:00:00-05:00,124.76176102459527,126.73287876973666,124.47608778516977,125.74256134033203,1703300,0.0,0.0
2025-03-06 00:00:00-05:00,125.70446568757251,125.70446568757251,123.495289298514,124.30467987060547,845000,0.0,0.0
2025-03-07 00:00:00-05:00,124.62845231800499,126.21868214230788,124.33326195653999,125.39022827148438,2408000,0.0,0.0
2025-03-10 00:00:00-04:00,125.94253403595378,127.54229560610385,123.93331859120832,125.70447540283203,2422600,0.0,0.0
2025-03-11 00:00:00-04:00,125.97108646342748,126.48530119285307,124.8474568094026,125.7235107421875,1499200,0.0,0.0
2025-03-12 00:00:00-04:00,125.12360086810996,126.094884075107,124.69509827176981,125.08551788330078,993600,0.0,0.0
2025-03-13 00:00:00-04:00,125.31406708835613,126.65670670213017,124.67605718152404,126.37104797363281,1214100,0.0,0.0
2025-03-14 00:00:00-04:00,126.17106303540713,129.04681510656084,125.99966781093991,128.79922485351562,1086300,0.0,0.0
2025-03-17 00:00:00-04:00,128.60725564656877,130.85358321615178,127.9928750810079,130.17201232910156,1740500,1.09,0.0
2025-03-18 00:00:00-04:00,129.0104169284108,130.4887648472534,129.0104169284108,129.94158935546875,1541600,0.0,0.0
2025-03-19 00:00:00-04:00,129.60560798449134,131.2855563083273,129.47121270450396,130.71917724609375,1809500,0.0,0.0
2025-03-20 00:00:00-04:00,130.9783583256265,131.54473732278484,130.3063820028975,131.45834350585938,1954900,0.0,0.0
2025-03-21 00:00:00-04:00,131.18955252376193,132.68710393723975,130.11437576312298,131.6215362548828,3749100,0.0,0.0
2025-03-24 00:00:00-04:00,131.79431673370016,132.5622959073283,130.5271635480005,130.699951171875,1125000,0.0,0.0
2025-03-25 00:00:00-04:00,130.31599091597207,131.01676525555717,127.67607213130228,129.11602783203125,1585900,0.0,0.0
2025-03-26 00:00:00-04:00,129.23121235508825,130.6999659156438,129.2120234933716,130.2871856689453,1773800,0.0,0.0
2025-03-27 00:00:00-04:00,130.57517713915513,130.93036149770438,129.54800178618137,129.78799438476562,1204800,0.0,0.0
2025-03-28 00:00:00-04:00,130.7287621544601,131.6983416340128,130.06639488219318,131.10316467285156,1597800,0.0,0.0
2025-03-31 00:00:00-04:00,131.69833766248175,133.48388314010592,131.1607565979042,132.735107421875,1190300,0.0,0.0
2025-04-01 00:00:00-04:00,131.95754593658006,132.83110792310643,131.3335563485049,132.3991241455078,893300,0.0,0.0
2025-04-02 00:00:00-04:00,132.149535194532,133.37829619434163,131.08396741288607,132.47592163085938,1055900,0.0,0.0
2025-04-03 00:00:00-04:00,133.7238837922499,134.77024804514878,132.16872173544192,133.90628051757812,1946800,0.0,0.0
2025-04-04 00:00:00-04:00,134.1078534479226,134.70304501881762,125.41052451901372,126.52409362792969,1732000,0.0,0.0
2025-04-07 00:00:00-04:00,124.31617368473589,126.0153254882724,121.0426709239299,122.82821655273438,2373000,0.0,0.0
2025-04-08 00:00:00-04:00,125.14173973572734,125.95772042061455,120.68747774374627,122.2906265258789,1528100,0.0,0.0
2025-04-09 00:00:00-04:00,121.11946053972605,126.10170913309814,118.7387381095161,125.28572845458984,1870200,0.0,0.0
2025-04-10 00:00:00-04:00,124.63296890958546,125.66012970403524,121.63785838175393,123.59619903564453,1848800,0.0,0.0
2025-04-11 00:00:00-04:00,123.15459908664933,124.69055762220844,121.67625108076227,124.62336730957031,2031600,0.0,0.0
2025-04-14 00:00:00-04:00,125.13216946184592,128.59766380001378,124.73857801324786,127.85848236083984,1398600,0.0,0.0
2025-04-15 00:00:00-04:00,127.85845452134403,128.8952242673287,127.25366850752333,127.59925842285156,1459900,0.0,0.0
2025-04-16 00:00:00-04:00,128.74163280646616,128.87602807850567,126.21690593031009,126.73529815673828,781200,0.0,0.0
2025-04-17 00:00:00-04:00,127.39768412831008,129.87439498476755,127.37848061798482,128.2040557861328,1389400,0.0,0.0
2025-04-21 00:00:00-04:00,127.51286992033747,127.94485367050513,124.97854865163664,126.50489807128906,2357600,0.0,0.0
2025-04-22 00:00:00-04:00,127.76245692708491,130.95916011450632,127.47446287769827,130.36398315429688,2345100,0.0,0.0
2025-04-23 00:00:00-04:00,130.08558988896266,131.28555294669124,128.67443216123496,130.70957946777344,2383800,0.0,0.0
2025-04-24 00:00:00-04:00,130.2583944261729,132.2359312356378,129.50961863711316,131.4967498779297,1833000,0.0,0.0
2025-04-25 00:00:00-04:00,131.18955306078166,131.31433924709216,128.94322593136968,129.3656005859375,1294700,0.0,0.0
2025-04-28 00:00:00-04:00,129.44241159460876,130.67117259527768,127.73366537030392,130.25839233398438,1118300,0.0,0.0
2025-04-29 00:00:00-04:00,129.69199809635722,132.23591362449474,129.35600261996856,131.28553771972656,1781000,0.0,0.0
2025-04-30 00:00:00-04:00,131.71754566465683,131.97672712735758,128.61683071114592,131.5159454345703,2719100,0.0,0.0
2025-05-01 00:00:00-04:00,132.47591382558207,132.85989612240397,129.78799380387167,130.40237426757812,1626600,0.0,0.0
2025-05-02 00:00:00-04:00,130.65197851870306,131.20874846567241,129.6536010905121,130.9015655517578,709900,0.0,0.0
2025-05-05 00:00:00-04:00,131.05516006503365,131.48714380540153,129.65359686847808,131.21835327148438,1407400,0.0,0.0
2025-05-06 00:00:00-04:00,131.2663499166151,132.8407006925143,130.58476452827534,132.14952087402344,1206100,0.0,0.0
2025-05-07 00:00:00-04:00,131.92872027191748,133.9446638982381,131.92872027191748,133.06149291992188,1197600,0.0,0.0
2025-05-08 00:00:00-04:00,132.45671012634128,132.81190913077697,130.0183917842499,130.277587890625,1404400,0.0,0.0
2025-05-09 00:00:00-04:00,130.6039827810898,131.03596655441913,129.5384149946179,130.67117309570312,913000,0.0,0.0
2025-05-12 00:00:00-04:00,129.5960175594147,129.71120933211157,126.5145058078875,127.77207946777344,1376600,0.0,0.0
2025-05-13 00:00:00-04:00,127.66647292036836,128.5688328214006,126.60090515580184,127.52246856689453,1837800,0.0,0.0
2025-05-14 00:00:00-04:00,127.46487282729541,127.78166482770864,124.4505662558321,127.37847900390625,2181300,0.0,0.0
2025-05-15 00:00:00-04:00,128.37683275502079,131.13195766202057,127.82004818580106,130.84396362304688,2464400,0.0,0.0
2025-05-16 00:00:00-04:00,130.53677205157663,132.6775166091665,130.45037823032482,132.54312133789062,1722400,0.0,0.0
2025-05-19 00:00:00-04:00,132.11113338678396,133.16710677890683,131.03597113152222,133.0231170654297,1101900,0.0,0.0
2025-05-20 00:00:00-04:00,132.76391745347493,133.67588646023106,132.40871842289576,132.85031127929688,762900,0.0,0.0
2025-05-21 00:00:00-04:00,132.52392028819335,132.71591144386753,129.82640573380775,130.6615753173828,1459500,0.0,0.0
2025-05-22 00:00:00-04:00,129.82640806632958,130.01839922545315,128.05045688646692,129.23121643066406,2046300,0.0,0.0
2025-05-23 00:00:00-04:00,130.36397051899937,131.21834350564677,128.66481897549272,130.8631591796875,1069000,0.0,0.0
2025-05-27 00:00:00-04:00,131.98633303501333,132.11111922398695,130.74796303991914,131.63113403320312,746400,0.0,0.0
2025-05-28 00:00:00-04:00,131.25676110300682,131.25676110300682,128.9624322159605,129.57681274414062,1055000,0.0,0.0
2025-05-29 00:00:00-04:00,129.32722441366548,130.81518158929043,129.1928291322018,130.80557250976562,1022900,0.0,0.0
2025-05-30 00:00:00-04:00,130.50797056131248,131.53514590154214,130.31597941442428,131.17994689941406,1520100,0.0,0.0
2025-06-02 00:00:00-04:00,130.45997429024024,131.22795355625797,129.79760700438592,130.53677368164062,1073300,0.0,0.0
2025-06-03 00:00:00-04:00,130.99757288433216,131.14156259135393,128.7128385463438,130.1335906982422,1097500,0.0,0.0
2025-06-04 00:00:00-04:00,130.09520455232098,130.09520455232098,127.94486538729545,127.97366333007812,1159000,0.0,0.0
2025-06-05 00:00:00-04:00,127.92565789475533,127.92565789475533,126.81210329651147,127.38807678222656,1479900,0.0,0.0
2025-06-06 00:00:00-04:00,127.9256564747835,128.92403394238642,127.10969038374765,128.49205017089844,1419900,0.0,0.0
2025-06-09 00:00:00-04:00,128.15605673671578,129.28881485136995,127.66647707414292,128.5400390625,1077400,0.0,0.0
2025-06-10 00:00:00-04:00,128.79921905528363,129.76878382763155,127.90645366806994,129.48080444335938,1250700,0.0,0.0
2025-06-11 00:00:00-04:00,129.71120467652332,129.83600552445714,129.02002476917525,129.5672149658203,1290400,0.0,0.0
2025-06-12 00:00:00-04:00,129.69201235351832,130.58477783203125,129.48081768479747,130.58477783203125,1038000,0.0,0.0
2025-06-13 00:00:00-04:00,130.58477891969574,130.8055680213842,129.4712096840718,129.8072052001953,1182800,0.0,0.0
2025-06-16 00:00:00-04:00,130.19431159905395,130.7652932964793,127.97812114220547,128.86846923828125,1532600,1.09,0.0
2025-06-17 00:00:00-04:00,128.64586454861183,128.98459049659166,126.97162390844653,127.71681213378906,2067100,0.0,0.0
2025-06-18 00:00:00-04:00,128.0264981313759,128.43297519729182,126.86517516782041,127.55229949951172,1566000,0.0,0.0
2025-06-20 00:00:00-04:00,127.74586322166157,129.00396937346153,127.59101620700407,128.05555725097656,1615400,0.0,0.0
2025-06-23 00:00:00-04:00,128.9942641069708,130.08785068989434,128.9652321416739,129.7200927734375,835000,0.0,0.0
2025-06-24 00:00:00-04:00,128.86846499955067,129.84590896301128,128.5007070798029,128.92652893066406,1346300,0.0,0.0
2025-06-25 00:00:00-04:00,128.09424477282283,128.4426431264651,126.13934207921764,126.65225982666016,1156300,0.0,0.0
2025-06-26 00:00:00-04:00,126.85549637440248,127.63938896611833,126.39097016579714,127.32002258300781,1196300,0.0,0.0
2025-06-27 00:00:00-04:00,127.3587374773162,128.4619964154376,127.00065197463913,127.37808227539062,1870400,0.0,0.0
2025-06-30 00:00:00-04:00,126.97160807444,128.3071373671,126.71999281993277,128.19100952148438,2277800,0.0,0.0
2025-07-01 00:00:00-04:00,128.60716874305737,129.5362359867314,127.38778182981915,128.1619873046875,2222700,0.0,0.0
2025-07-02 00:00:00-04:00,127.74584166448317,128.0458484753657,125.66513878660516,126.46837615966797,2022600,0.0,0.0
2025-07-03 00:00:00-04:00,126.5361317657821,128.31682789625924,125.92643095610984,127.68778228759766,1384000,0.0,0.0
2025-07-07 00:00:00-04:00,127.62002636580374,128.0168162354172,126.17805624343627,126.90388488769531,1292700,0.0,0.0
2025-07-08 00:00:00-04:00,126.10064693032363,126.46839010986243,124.93932392231383,126.06192779541016,1548700,0.0,0.0
2025-07-09 00:00:00-04:00,126.29417655773,127.28130758972863,125.21994963770756,127.18452453613281,2170100,0.0,0.0
2025-07-10 00:00:00-04:00,126.42966666817813,129.6136283678846,126.42966666817813,129.3523406982422,1487000,0.0,0.0
2025-07-11 00:00:00-04:00,128.2297474572485,130.23304192078982,128.12329198188604,129.56527709960938,1156400,0.0,0.0
2025-07-14 00:00:00-04:00,129.69106591233466,131.47177686708568,129.15880334959536,129.82655334472656,1073200,0.0,0.0
2025-07-15 00:00:00-04:00,129.09105727302463,129.68139855863666,128.4426520522742,129.05235290527344,1419800,0.0,0.0
2025-07-16 00:00:00-04:00,128.6652299861195,130.12657453847075,128.27812725678103,129.9039764404297,1267800,0.0,0.0
2025-07-17 00:00:00-04:00,129.46848309522173,130.8233574245258,129.46848309522173,130.3878631591797,895900,0.0,0.0
2025-07-18 00:00:00-04:00,130.75561602315796,132.96213399793598,130.69755209229888,132.83631896972656,1690900,0.0,0.0
2025-07-21 00:00:00-04:00,132.6621218352201,134.278298502815,132.41050655595518,133.44601440429688,1318800,0.0,0.0
2025-07-22 00:00:00-04:00,133.7750703511938,135.27511935432167,133.59119137592333,135.0525360107422,918500,0.0,0.0
2025-07-23 00:00:00-04:00,135.12026105379422,135.69125749954836,133.3008605548667,133.7169952392578,1062300,0.0,0.0
2025-07-24 00:00:00-04:00,133.82345551707843,134.85897821609205,133.4653847509259,134.53961181640625,1082800,0.0,0.0
2025-07-25 00:00:00-04:00,134.69444321017608,135.265439672918,134.23960414717885,134.93638610839844,1244300,0.0,0.0
2025-07-28 00:00:00-04:00,134.6847679796729,134.72348711210736,132.681488503347,132.92343139648438,1628900,0.0,0.0
2025-07-29 00:00:00-04:00,132.48792190966182,133.98797079524692,130.2620591142374,132.68148803710938,2818100,0.0,0.0
2025-07-30 00:00:00-04:00,133.06857753556477,134.31699623822746,130.6007573260465,131.01690673828125,2005300,0.0,0.0
2025-07-31 00:00:00-04:00,130.36851272480848,133.9492645263672,130.36851272480848,133.9492645263672,1757700,0.0,0.0
2025-08-01 00:00:00-04:00,134.52024915529142,135.09123084143354,133.1460152884815,134.04603576660156,1412000,0.0,0.0
2025-08-04 00:00:00-04:00,134.43314990523805,136.57191676678448,134.43314990523805,136.26223754882812,1401700,0.0,0.0
2025-08-05 00:00:00-04:00,136.42677166341105,136.9783938290276,134.48155594904426,135.0622100830078,870700,0.0,0.0
2025-08-06 00:00:00-04:00,135.29447543713016,136.06869568657896,134.61703825649607,134.63638305664062,860300,0.0,0.0
2025-08-07 00:00:00-04:00,134.75252924334723,136.44612962307025,134.6847781399871,135.69126892089844,1093600,0.0,0.0
2025-08-08 00:00:00-04:00,136.146101582131,136.4364360154978,135.120266048988,135.73963928222656,1348600,0.0,0.0
2025-08-11 00:00:00-04:00,136.24286755826256,136.24286755826256,134.77185077621564,135.41058349609375,1195900,0.0,0.0
2025-08-12 00:00:00-04:00,135.64286373206212,135.7009276622273,133.86216762756092,135.38156127929688,1308900,0.0,0.0
2025-08-13 00:00:00-04:00,135.67190191095605,136.93968033436687,135.1589841483093,136.9300079345703,967800,0.0,0.0
2025-08-14 00:00:00-04:00,136.46545255007138,136.90096153438384,135.16864229697393,135.42025756835938,1243400,0.0,0.0
2025-08-15 00:00:00-04:00,135.63318021889637,135.63318021889637,134.08475456037178,134.4428253173828,1296500,0.0,0.0
2025-08-18 00:00:00-04:00,134.5492740705471,134.60733799938026,132.9718017578125,132.9718017578125,980800,0.0,0.0
2025-08-19 00:00:00-04:00,133.11699520934792,135.34287298782476,132.9718205996725,135.2267303466797,726600,0.0,0.0
2025-08-20 00:00:00-04:00,135.7976998603005,137.47194036988893,135.42025481037786,135.96221923828125,965200,0.0,0.0
2025-08-21 00:00:00-04:00,135.6525476223019,136.37837634489418,135.52673258493851,135.68157958984375,1069200,0.0,0.0
2025-08-22 00:00:00-04:00,136.36868644150601,136.94934048483773,133.72665959812332,135.42994689941406,1257200,0.0,0.0
2025-08-25 00:00:00-04:00,134.52024787981426,134.8589738352414,133.67829134155318,133.9589385986328,988000,0.0,0.0
2025-08-26 00:00:00-04:00,134.01700463445167,134.30733906265948,133.19440764938903,133.64926147460938,1015600,0.0,0.0
2025-08-27 00:00:00-04:00,133.62022574161801,134.20087981464206,133.37828285276916,133.9492645263672,700500,0.0,0.0
2025-08-28 00:00:00-04:00,133.7847580633812,133.91055833616537,132.01373417380748,132.100830078125,889300,0.0,0.0
2025-08-29 00:00:00-04:00,132.21693971558565,132.82664049576718,132.03306076492638,132.2459716796875,951600,0.0,0.0
2025-09-02 00:00:00-04:00,131.60726707259548,132.03307417835467,130.7749828940731,131.27821350097656,900300,0.0,0.0
2025-09-03 00:00:00-04:00,130.80401616060004,131.51048531090356,130.41689865103282,131.12338256835938,868900,0.0,0.0
2025-09-04 00:00:00-04:00,132.10082881364008,132.43955479433055,131.05563367076408,132.01373291015625,1089800,0.0,0.0
2025-09-05 00:00:00-04:00,132.5846887330045,132.7782400697216,131.47175747161592,132.1975860595703,976000,0.0,0.0
2025-09-08 00:00:00-04:00,131.7427544420205,131.98469734534189,129.7975240484217,130.39755249023438,1035500,0.0,0.0
2025-09-09 00:00:00-04:00,130.03945896838152,131.49111629919005,130.03945896838152,130.755615234375,634400,0.0,0.0
2025-09-10 00:00:00-04:00,130.74594926142305,131.74275282954497,130.27173586058902,131.26853942871094,933000,0.0,0.0
2025-09-11 00:00:00-04:00,131.3265967676842,132.55567077456374,130.9878855844016,132.35243225097656,869700,0.0,0.0
2025-09-12 00:00:00-04:00,132.07178459865708,132.86534959073836,131.59757122306942,132.4298553466797,940300,0.0,0.0
2025-09-15 00:00:00-04:00,132.51766577905212,133.37614778794742,132.4396206068258,133.1127471923828,943200,1.09,0.0
2025-09-16 00:00:00-04:00,132.44936913901034,133.0639506050209,130.70314025878906,130.70314025878906,998400,0.0,0.0
2025-09-17 00:00:00-04:00,131.473830688489,132.82006884556384,131.20068005455533,131.80551147460938,1130500,0.0,0.0
2025-09-18 00:00:00-04:00,130.72265900237494,132.82983379465705,130.72265900237494,131.80551147460938,2156300,0.0,0.0
2025-09-19 00:00:00-04:00,132.56642711247716,133.09321334346456,131.40552952898383,132.351806640625,1712400,0.0,0.0
2025-09-22 00:00:00-04:00,132.66399261356634,133.25907396658548,132.21523664014492,132.81031799316406,898900,0.0,0.0
2025-09-23 00:00:00-04:00,132.4883909575235,134.62483087263197,132.44937581707663,134.59556579589844,924300,0.0,0.0
2025-09-24 00:00:00-04:00,134.62483468086685,135.52233179246804,134.41996425234336,135.36624145507812,710200,0.0,0.0
2025-09-25 00:00:00-04:00,135.93205571659703,136.41982684939862,133.746850568426,134.29315185546875,963000,0.0,0.0
2025-09-26 00:00:00-04:00,134.89797894457692,136.03936157223723,134.86871386840048,135.9027862548828,964100,0.0,0.0
2025-09-29 00:00:00-04:00,136.00033834087543,137.86362746974436,135.47353722985662,137.42462158203125,961300,0.0,0.0
2025-09-30 00:00:00-04:00,137.54170592467162,138.33189275822843,137.06368486774278,137.97093200683594,805900,0.0,0.0
2025-10-01 00:00:00-04:00,137.82461248070487,138.4879889733135,136.67347973244034,136.7320098876953,902600,0.0,0.0
2025-10-02 00:00:00-04:00,136.23446575729542,136.24423070632426,135.2491734689292,135.87351989746094,906500,0.0,0.0
2025-10-03 00:00:00-04:00,135.1028493635456,137.49292486004668,135.1028493635456,136.58566284179688,1722100,0.0,0.0
2025-10-06 00:00:00-04:00,136.85881366151867,138.92697332287452,136.85881366151867,138.29286193847656,930200,0.0,0.0
2025-10-07 00:00:00-04:00,138.87819134731845,140.27320957997483,138.08800452903415,138.92697143554688,1058300,0.0,0.0
2025-10-08 00:00:00-04:00,139.43425221143113,139.46353217484545,137.72705320580667,138.11727905273438,1182100,0.0,0.0
2025-10-09 00:00:00-04:00,138.9367261835332,138.94647624727045,136.45885540526777,136.6442108154297,901300,0.0,0.0
2025-10-10 00:00:00-04:00,137.34658863373272,139.01477245282786,136.82955242528197,137.01490783691406,1016900,0.0,0.0
2025-10-13 00:00:00-04:00,136.48812048207296,137.58072304438295,136.1954548284275,136.6442108154297,726900,0.0,0.0
2025-10-14 00:00:00-04:00,136.73199852168355,138.98549862523785,136.73199852168355,138.185546875,1071400,0.0,0.0
2025-10-15 00:00:00-04:00,138.47821771598765,139.6196003482507,137.97093158422857,138.9757537841797,832900,0.0,0.0
2025-10-16 00:00:00-04:00,139.20012802245628,140.0878750551788,137.85387493483722,138.0392303466797,784000,0.0,0.0
2025-10-17 00:00:00-04:00,138.46846038616331,138.73186094458438,137.4441381128303,138.47821044921875,699600,0.0,0.0
2025-10-20 00:00:00-04:00,139.31719168982067,140.21468880800845,138.8684505735238,139.81472778320312,931200,0.0,0.0
2025-10-21 00:00:00-04:00,140.1561431114086,140.1561431114086,138.4099291601515,138.79039001464844,838700,0.0,0.0
2025-10-22 00:00:00-04:00,138.88793836920365,139.7561703325213,137.99044133070842,139.2001190185547,797500,0.0,0.0
2025-10-23 00:00:00-04:00,139.9122558494574,139.9122558494574,137.86362622945984,138.07823181152344,647500,0.0,0.0
2025-10-24 00:00:00-04:00,138.4392057478451,138.94647700563286,137.8148592966041,138.37091064453125,666600,0.0,0.0
2025-10-27 00:00:00-04:00,138.90746819425038,138.90746819425038,136.917368441988,138.1660614013672,934100,0.0,0.0
2025-10-28 00:00:00-04:00,138.2538458079883,138.51724637763817,136.05887579395667,136.22471618652344,939300,0.0,0.0
2025-10-29 00:00:00-04:00,135.785721606791,136.5759084094652,134.87845961756275,135.4637908935547,1176300,0.0,0.0
2025-10-30 00:00:00-04:00,136.41007887266701,138.0099676173111,134.45899431160865,134.68336486816406,1975600,0.0,0.0
2025-10-31 00:00:00-04:00,133.24931319077035,133.24931319077035,131.53236417881433,132.22499084472656,2402100,0.0,0.0
2025-11-03 00:00:00-05:00,131.59089774914517,131.84453338350795,129.16179210952495,130.59584045410156,1639100,0.0,0.0
2025-11-04 00:00:00-05:00,131.47381866047604,131.72745425861225,129.57151446047487,130.1763458251953,2353900,0.0,0.0
2025-11-05 00:00:00-05:00,130.7421865232494,131.6396836756951,129.9910147652697,130.72267150878906,2942700,0.0,0.0
2025-11-06 00:00:00-05:00,130.88850048769697,131.86404272719884,130.5568196988087,130.81045532226562,2006100,0.0,0.0
2025-11-07 00:00:00-05:00,131.22019063544985,133.4151608308784,131.1226453358985,133.40541076660156,1704600,0.0,0.0
2025-11-10 00:00:00-05:00,133.8931791032794,136.3515498383879,133.72733870049743,135.72720336914062,2210100,0.0,0.0
2025-11-11 00:00:00-05:00,135.63939096723226,136.41982776205464,134.92724927654393,136.36129760742188,1691200,0.0,0.0
2025-11-12 00:00:00-05:00,136.4393493296774,137.15149105457527,135.70769259043323,136.8490753173828,1387700,0.0,0.0
2025-11-13 00:00:00-05:00,136.43934446306804,136.57591978743173,134.26388933727742,134.3516845703125,2018700,0.0,0.0
2025-11-14 00:00:00-05:00,134.57605872180864,135.40527563975851,133.2298204558684,133.74685668945312,1664300,0.0,0.0
2025-11-17 00:00:00-05:00,134.2736495440677,134.89799605769122,133.67856811033315,134.23463439941406,1338400,0.0,0.0
2025-11-18 00:00:00-05:00,134.37120219084537,135.05407882591194,133.6492955277211,133.7273406982422,1493700,0.0,0.0
2025-11-19 00:00:00-05:00,133.5712379335366,133.5712379335366,131.3177378046212,131.74697875976562,1318600,0.0,0.0
2025-11-20 00:00:00-05:00,132.6347394601503,133.74685710184008,132.07867319650825,132.39085388183594,966100,0.0,0.0
2025-11-21 00:00:00-05:00,133.29810366221315,133.8248899718835,132.32256133011688,132.4493865966797,1245300,0.0,0.0
2025-11-24 00:00:00-05:00,132.60544471330962,133.0639507402745,131.31773674387097,132.74203491210938,1232600,0.0,0.0
2025-11-25 00:00:00-05:00,133.41514652932008,133.77610726719007,131.82502285817964,132.74203491210938,1406300,0.0,0.0
2025-11-26 00:00:00-05:00,132.9956708492601,133.854152754698,132.5859449086446,133.43466186523438,1048600,0.0,0.0
2025-11-28 00:00:00-05:00,133.3273625309895,133.863913765769,133.01519673976847,133.67855834960938,539300,0.0,0.0
2025-12-01 00:00:00-05:00,132.61522476076317,133.42492666896055,129.8934533643801,130.01052856445312,1374600,0.0,0.0
2025-12-02 00:00:00-05:00,130.6250958261173,130.6250958261173,128.11796008958663,128.33258056640625,951500,0.0,0.0
2025-12-03 00:00:00-05:00,129.14229231470142,129.9519941966638,128.1569850811165,129.92271423339844,1575500,0.0,0.0
2025-12-04 00:00:00-05:00,129.70811015332637,130.79096269670492,126.51808267922297,128.92767333984375,2210300,0.0,0.0
2025-12-05 00:00:00-05:00,128.70329291611017,129.2203440476225,127.93262102229163,128.02041625976562,1580000,0.0,0.0
2025-12-08 00:00:00-05:00,128.42038433922167,128.47891449395996,126.5766100369967,126.82049560546875,1572500,0.0,0.0
2025-12-09 00:00:00-05:00,127.63995084438774,128.2642973204011,126.93755919817342,127.06438446044922,1084700,0.0,0.0
2025-12-10 00:00:00-05:00,126.90828289979463,127.33752385515255,126.36198164228195,126.81073760986328,1935600,0.0,0.0
2025-12-11 00:00:00-05:00,128.19600835767525,128.53743920772715,127.25948126472436,127.5521469116211,1853000,0.0,0.0
2025-12-12 00:00:00-05:00,127.96188495002069,128.87889711697247,126.51808647737032,126.62539672851562,1780100,0.0,0.0
2025-12-15 00:00:00-05:00,127.62451894785332,127.62451894785332,126.10858441967628,126.79764556884766,2868700,1.165,0.0
2025-12-16 00:00:00-05:00,127.24061129629519,127.6343712499088,126.47279816225665,126.64999389648438,1717600,0.0,0.0
2025-12-17 00:00:00-05:00,126.9453098035695,126.98467828863369,125.36045415731982,126.87639617919922,2174000,0.0,0.0
2025-12-18 00:00:00-05:00,127.53592840053136,128.83531372595638,126.98467948201402,127.87061309814453,3205400,0.0,0.0
2025-12-19 00:00:00-05:00,127.40795631985775,127.85093815452773,125.52779944063411,125.64592742919922,2828100,0.0,0.0
2025-12-22 00:00:00-05:00,124.79936189286089,126.37437169461236,124.25795884493672,126.30545806884766,1957700,0.0,0.0
2025-12-23 00:00:00-05:00,126.30545828582382,127.05359470212397,125.88217571516155,126.5121841430664,1368400,0.0,0.0
2025-12-24 00:00:00-05:00,126.38420916412207,127.1323305534215,125.94124235439995,126.7779541015625,887800,0.0,0.0
2025-12-26 00:00:00-05:00,126.81734080212735,127.2012473829448,126.46296434134146,127.03390502929688,735300,0.0,0.0
2025-12-29 00:00:00-05:00,127.39811321332265,128.1363962164275,127.10279700799948,127.61467742919922,1015500,0.0,0.0
2025-12-30 00:00:00-05:00,127.87061529074614,128.25452186703976,127.48670871445252,127.75249481201172,760200,0.0,0.0
2025-12-31 00:00:00-05:00,127.71312512117487,127.95921946315465,126.92562022275824,126.9649887084961,971100,0.0,0.0
2026-01-02 00:00:00-05:00,127.3193713817145,128.89438125549194,126.04953112404205,128.3234405517578,1084600,0.0,0.0
2026-01-05 00:00:00-05:00,127.86077133929017,128.00842193125874,124.64186076092365,126.78780364990234,1276700,0.0,0.0
2026-01-06 00:00:00-05:00,127.14218100510901,128.09702822778675,126.77795117495779,128.0084228515625,1292500,0.0,0.0
2026-01-07 00:00:00-05:00,128.5892177433807,128.5892177433807,125.71483018019029,126.25623321533203,1088300,0.0,0.0
2026-01-08 00:00:00-05:00,125.95108887976855,128.64828843921958,125.95108887976855,127.60485076904297,1344300,0.0,0.0
2026-01-09 00:00:00-05:00,128.40218171641624,129.50467952281736,127.57530836161538,127.86077117919922,1174300,0.0,0.0
2026-01-12 00:00:00-05:00,127.37842866557709,128.69750578790877,127.37842866557709,128.2742156982422,1048000,0.0,0.0
2026-01-13 00:00:00-05:00,128.25452489136038,130.25282483298156,127.73280607077191,130.1346893310547,1381100,0.0,0.0
2026-01-14 00:00:00-05:00,130.36108777437474,132.16250016219718,130.36108777437474,131.8573455810547,2428900,0.0,0.0
2026-01-15 00:00:00-05:00,132.42828231213073,133.06812157479223,131.48328847741823,132.5070343017578,1279100,0.0,0.0
2026-01-16 00:00:00-05:00,131.7982882865487,133.9146936691383,131.25687771739115,133.39297485351562,2221900,0.0,0.0
2026-01-20 00:00:00-05:00,132.87124678206817,133.70797351433498,131.7392188693834,133.4914093017578,2199300,0.0,0.0
2026-01-21 00:00:00-05:00,134.46596079842277,135.3518944631093,134.13126106205897,134.92861938476562,2782600,0.0,0.0
2026-01-22 00:00:00-05:00,135.09596441415187,135.48970937948576,132.97954391936116,133.07798767089844,1792700,0.0,0.0
2026-01-23 00:00:00-05:00,132.92047595442818,132.92047595442818,131.0304731938937,132.23141479492188,1709400,0.0,0.0
2026-01-26 00:00:00-05:00,133.4224970573865,134.8104727013099,132.88110154075798,133.41265869140625,1332700,0.0,0.0
2026-01-27 00:00:00-05:00,133.33391302233684,135.04673506966827,132.87125445243248,134.54469299316406,1018700,0.0,0.0
2026-01-28 00:00:00-05:00,134.70219917609936,135.83424219300701,133.78673540821038,134.42657470703125,991100,0.0,0.0
2026-01-29 00:00:00-05:00,134.9679768409617,136.306730615774,131.92625448435345,132.33969116210938,2344200,0.0,0.0
2026-01-30 00:00:00-05:00,131.90657143038823,132.3396998890964,130.43984369892766,132.2806396484375,3240700,0.0,0.0
2026-02-02 00:00:00-05:00,132.18218689024397,132.18218689024397,130.14453362437177,130.853271484375,1630000,0.0,0.0
2026-02-03 00:00:00-05:00,131.10922440071,134.58407531748708,131.10922440071,133.55047607421875,1598700,0.0,0.0
2026-02-04 00:00:00-05:00,134.4364203294303,135.39125252900652,133.3240691303896,133.5800018310547,1459300,0.0,0.0
2026-02-05 00:00:00-05:00,134.19033355891318,135.67673801649602,133.13704253754537,134.0131378173828,2522400,0.0,0.0
2026-02-06 00:00:00-05:00,135.10579010575896,135.5684486578447,131.99515410206948,132.71376037597656,1603600,0.0,0.0
2026-02-09 00:00:00-05:00,132.42828606022712,133.36344155535616,131.93609737643223,132.93031311035156,1024400,0.0,0.0
2026-02-10 00:00:00-05:00,133.86549519744108,136.84815767743197,133.2453325957215,135.68658447265625,1285700,0.0,0.0
2026-02-11 00:00:00-05:00,135.7259618086606,137.72424674507795,134.94829524498653,137.52737426757812,2332400,0.0,0.0
2026-02-12 00:00:00-05:00,137.81283115664672,140.30330468948787,137.03517964695595,138.7086181640625,1700500,0.0,0.0
2026-02-13 00:00:00-05:00,138.8759619102015,143.14815611411908,138.84643179057497,142.6756591796875,2008300,0.0,0.0
2026-02-17 00:00:00-05:00,147.70582878412617,152.21427898425978,141.56330852927903,142.4295654296875,2264900,0.0,0.0
2026-02-18 00:00:00-05:00,142.38033791278806,142.60674049536337,139.87017269071947,140.3918914794922,1115800,0.0,0.0
2026-02-19 00:00:00-05:00,140.9431324646776,144.21127226086165,140.1851727698755,142.7642364501953,1579800,0.0,0.0
2026-02-20 00:00:00-05:00,143.79785536858574,143.83722385642085,141.68143490256804,142.73472595214844,1307600,0.0,0.0
2026-02-23 00:00:00-05:00,143.31549392785527,144.2211192820116,142.59690267234978,143.57144165039062,1549900,0.0,0.0
2026-02-24 00:00:00-05:00,143.38441840123383,144.01441934833497,141.55347580178244,143.8076934814453,1066100,0.0,0.0
2026-02-25 00:00:00-05:00,143.91596550316675,144.28019533638425,141.89798893246538,143.73878479003906,1406100,0.0,0.0
2026-02-26 00:00:00-05:00,143.92581256014577,145.1070623236004,143.7486168344045,144.29986572265625,1060900,0.0,0.0
2026-02-27 00:00:00-05:00,144.4770819943468,146.081607017885,143.7191071550069,145.9241180419922,1666500,0.0,0.0
2026-03-02 00:00:00-05:00,145.5008114736044,146.2587862272187,144.53612589108096,145.3433074951172,1277900,0.0,0.0
2026-03-03 00:00:00-05:00,143.17769499470012,147.09551298242118,141.80941096012072,145.796142578125,1950300,0.0,0.0
2026-03-04 00:00:00-05:00,145.0283245991772,147.81411445236077,144.58535777186972,147.764892578125,2161100,0.0,0.0
2026-03-05 00:00:00-05:00,146.16035184638642,147.39082359386165,145.8355055026041,146.31785583496094,1986800,0.0,0.0
2026-03-06 00:00:00-05:00,145.58941914215822,147.9617724063683,144.4180225914247,147.7845916748047,1866500,0.0,0.0
2026-03-09 00:00:00-04:00,148.0897325646634,148.38504877698998,144.88065275533788,146.6328582763672,989700,0.0,0.0
2026-03-10 00:00:00-04:00,146.09145344291764,147.17425956996198,145.30394851935358,145.45159912109375,890900,0.0,0.0
2026-03-11 00:00:00-04:00,145.2744098688201,145.48112069911872,143.8175356090356,144.23097229003906,1198800,0.0,0.0
2026-03-12 00:00:00-04:00,144.56566765350016,147.17426179302626,143.26628225693122,145.33348083496094,1119200,0.0,0.0
2026-03-13 00:00:00-04:00,146.92815255891054,147.71565741461308,146.30800506463467,147.2333221435547,1114500,0.0,0.0
2026-03-16 00:00:00-04:00,147.82363165940205,148.54786400531262,147.17876952292713,148.08157348632812,1042000,1.165,0.0
2026-03-17 00:00:00-04:00,148.37919872598718,149.50028204910294,148.1311725138514,148.1609344482422,1015700,0.0,0.0
2026-03-18 00:00:00-04:00,147.80378256501763,147.81371330246154,145.82950351854763,145.84933471679688,1210800,0.0,0.0
2026-03-19 00:00:00-04:00,146.15690401819194,147.27797228325437,144.3909433340942,145.9783172607422,1050200,0.0,0.0
2026-03-20 00:00:00-04:00,146.24619013467142,146.25610573409287,140.30347620415023,140.45230102539062,2498600,0.0,0.0
2026-03-23 00:00:00-04:00,141.99997505589587,142.44641922026196,140.90865364227307,141.16659545898438,1448500,0.0,0.0
2026-03-24 00:00:00-04:00,140.7003192645363,143.6270255895345,140.7003192645363,142.1884765625,781600,0.0,0.0
2026-03-25 00:00:00-04:00,143.48813549311228,144.10323568239974,142.23807363963218,142.31744384765625,1020900,0.0,0.0
2026-03-26 00:00:00-04:00,141.33527526532353,143.81553759517863,141.33527526532353,143.25003051757812,996100,0.0,0.0
2026-03-27 00:00:00-04:00,143.3095451434045,144.638962033221,142.70436056844042,143.3293914794922,1014000,0.0,0.0
2026-03-30 00:00:00-04:00,145.42274390022652,146.01799778114622,144.17269712580716,144.90684509277344,943900,0.0,0.0
2026-03-31 00:00:00-04:00,145.56163473423456,145.59139667069962,143.23018212234012,145.06558227539062,978600,0.0,0.0
2026-04-01 00:00:00-04:00,144.06355675432985,146.1668142625101,144.06355675432985,145.95846557617188,692100,0.0,0.0
2026-04-02 00:00:00-04:00,146.44460272723018,147.59544802739492,145.95846588362977,146.87120056152344,879200,0.0,0.0
2026-04-06 00:00:00-04:00,146.0874376569394,147.3771769763112,145.97830551903135,146.50411987304688,1427500,0.0,0.0
2026-04-07 00:00:00-04:00,146.62317450686962,148.28000298895392,146.19657667209142,147.09939575195312,708900,0.0,0.0
2026-04-08 00:00:00-04:00,146.07752709342017,147.813710622871,145.6211521905327,147.60536193847656,740500,0.0,0.0
2026-04-09 00:00:00-04:00,147.5259964114255,150.20467662845255,147.45655693997077,149.78799438476562,983000,0.0,0.0
2026-04-10 00:00:00-04:00,149.29193213921255,149.84750842768528,148.4684833051124,148.4982452392578,538500,0.0,0.0
2026-04-13 00:00:00-04:00,148.32959241370574,148.32959241370574,145.35327782879168,146.3453826904297,1357700,0.0,0.0
2026-04-14 00:00:00-04:00,146.0874410482893,147.17876245270423,144.6091993529125,146.57357788085938,916300,0.0,0.0
2026-04-15 00:00:00-04:00,145.5020990855262,146.16680750998253,144.71832778652595,145.5913848876953,957100,0.0,0.0
2026-04-16 00:00:00-04:00,145.22432359337594,146.13705830669412,144.63897018319776,145.80966186523438,1370500,0.0,0.0
2026-04-17 00:00:00-04:00,145.1747027301012,146.186653903374,143.92465608428307,145.81956481933594,975900,0.0,0.0
2026-04-20 00:00:00-04:00,146.08744762930692,147.0100979268881,144.638967803497,144.7183380126953,725200,0.0,0.0
2026-04-21 00:00:00-04:00,145.25408644884587,145.80966278756958,142.32737993272073,142.33729553222656,720700,0.0,0.0
2026-04-22 00:00:00-04:00,143.3591584720338,144.1429146844806,141.98013326250688,142.43650817871094,927500,0.0,0.0
2026-04-23 00:00:00-04:00,143.7163121212813,146.49420878586415,143.56750244605965,146.2362518310547,1384700,0.0,0.0
2026-04-24 00:00:00-04:00,146.16681159327644,146.98032971074093,145.22431499908555,145.72036743164062,1274700,0.0,0.0
2026-04-27 00:00:00-04:00,146.37515097024212,148.06174141879166,145.333452931022,145.34336853027344,1996100,0.0,0.0
2026-04-28 00:00:00-04:00,146.56365666082422,147.60536986207873,145.22432409205683,147.40695190429688,1224400,0.0,0.0
2026-04-29 00:00:00-04:00,146.92081520326636,147.89308893262051,145.76005425371804,145.8691864013672,1132900,0.0,0.0
2026-04-30 00:00:00-04:00,145.34335931354462,150.62136433794473,145.34335931354462,150.4923858642578,1625300,0.0,0.0
2026-05-01 00:00:00-04:00,150.44278514758372,152.50636513858512,147.58551821568653,147.6152801513672,1621500,0.0,0.0
2026-05-04 00:00:00-04:00,146.55373776759154,147.2779701094623,144.49015774873507,145.57154846191406,2137600,0.0,0.0
2026-05-05 00:00:00-04:00,145.83941724823742,145.85926358455157,141.87099773127858,142.36705017089844,4657200,0.0,0.0
2026-05-06 00:00:00-04:00,142.48610624709025,143.81553836816113,141.25590581339472,141.3154296875,2512000,0.0,0.0
2026-05-07 00:00:00-04:00,141.16659474152985,141.16659474152985,139.54947410378617,140.87889099121094,2118000,0.0,0.0
2026-05-08 00:00:00-04:00,141.6328948682084,141.97022205074902,139.26176468248295,139.48995971679688,1782100,0.0,0.0
2026-05-11 00:00:00-04:00,140.46221611844365,142.14879145151664,139.82726957640486,141.3054962158203,1598200,0.0,0.0
2026-05-12 00:00:00-04:00,140.80943793247678,142.09917730029792,140.22409968821734,141.45431518554688,1221700,0.0,0.0
2026-05-13 00:00:00-04:00,140.55149456878803,141.06739333790765,139.55938970265274,140.87889099121094,1463200,0.0,0.0
2026-05-14 00:00:00-04:00,141.29557849964908,142.7440583192073,140.97811280254558,142.66468811035156,1063500,0.0,0.0
2026-05-15 00:00:00-04:00,142.42657744111398,142.535709585968,138.64666018311857,138.67642211914062,1425600,0.0,0.0
2026-05-18 00:00:00-04:00,139.97608233374837,141.4741704814842,139.390744052419,140.23403930664062,2140300,0.0,0.0
2026-05-19 00:00:00-04:00,139.83717822458667,142.70436068978114,139.52962813740092,142.01980590820312,1553700,0.0,0.0
2026-05-20 00:00:00-04:00,142.5257950301555,143.04167868386085,141.36503410183917,141.642822265625,1354500,0.0,0.0
2026-05-21 00:00:00-04:00,141.54360666038875,142.72421393348796,141.05746980137152,142.61508178710938,1404700,0.0,0.0
2026-05-22 00:00:00-04:00,143.0813721644017,144.3413496461678,142.43651002447461,144.15284729003906,1070400,0.0,0.0
2026-05-26 00:00:00-04:00,144.84732009990486,144.84732009990486,143.02185065786998,143.47821044921875,1589800,0.0,0.0
2026-05-27 00:00:00-04:00,142.85318438159553,144.3115797382944,142.44641775539924,144.12307739257812,1086500,0.0,0.0
2026-05-28 00:00:00-04:00,144.35125857867865,145.3929717197968,141.771779861464,142.2480010986328,1240100,0.0,0.0
2026-05-29 00:00:00-04:00,142.3769661722955,142.6349231301511,141.17652774248134,141.7420196533203,1309200,0.0,0.0
2026-06-01 00:00:00-04:00,140.61102167611318,141.0277039128856,138.67642017027006,138.7260284423828,1666700,0.0,0.0
2026-06-02 00:00:00-04:00,139.20223610168662,142.18848153931438,139.20223610168662,141.5237579345703,1789400,0.0,0.0
2026-06-03 00:00:00-04:00,141.87100647107815,143.48814236812277,140.41261099768747,140.69039916992188,2540100,0.0,0.0
2026-06-04 00:00:00-04:00,141.04754261087538,142.62498566572626,138.8946769349814,141.60311889648438,1359800,0.0,0.0
2026-06-05 00:00:00-04:00,142.40673572018648,145.4921826738108,142.40673572018648,144.619140625,1325100,0.0,0.0
2026-06-08 00:00:00-04:00,144.09332134105978,145.482262147807,141.8908472487039,141.98013305664062,2021500,0.0,0.0
2026-06-09 00:00:00-04:00,142.53570114103505,145.02587885003246,142.0495643176116,144.79769897460938,1982000,0.0,0.0
2026-06-10 00:00:00-04:00,145.83941355358974,146.48427565343118,144.84730869948368,144.91676330566406,1246100,0.0,0.0
2026-06-11 00:00:00-04:00,146.1271190913905,147.07954642386574,144.62904619312434,144.6389617919922,1097200,0.0,0.0
2026-06-12 00:00:00-04:00,145.43265462654162,147.00018219558137,145.2342366728838,146.256103515625,1211600,0.0,0.0
2026-06-15 00:00:00-04:00,145.87909567620608,147.6252099628889,144.46039295659543,146.87120056152344,954100,0.0,0.0
2026-06-16 00:00:00-04:00,147.23829136955922,148.81573452229895,146.80176279282938,147.67481994628906,1027300,0.0,0.0
2026-06-17 00:00:00-04:00,146.67278571776728,148.091503605737,145.00605674153604,146.02792358398438,1351700,0.0,0.0
2026-06-18 00:00:00-04:00,146.752147364643,147.74425221308297,145.33344469776677,146.39498901367188,2920500,0.0,0.0
2026-06-22 00:00:00-04:00,146.0,148.11000061035156,145.97999572753906,146.8300018310547,1643900,1.165,0.0
2026-06-23 00:00:00-04:00,147.75,149.52000427246094,146.67999267578125,149.19000244140625,1171100,0.0,0.0
2026-06-24 00:00:00-04:00,150.0,151.36000061035156,149.1999969482422,151.10000610351562,1335200,0.0,0.0
2026-06-25 00:00:00-04:00,151.5,153.57000732421875,151.3699951171875,152.80999755859375,918700,0.0,0.0
2026-06-26 00:00:00-04:00,153.6999969482422,154.89999389648438,153.16000366210938,154.42999267578125,1874700,0.0,0.0
2026-06-29 00:00:00-04:00,153.9199981689453,155.05999755859375,153.39999389648438,154.02000427246094,1231400,0.0,0.0
2026-06-30 00:00:00-04:00,153.38999938964844,153.67999267578125,151.74000549316406,152.3699951171875,999700,0.0,0.0
2026-07-01 00:00:00-04:00,152.55999755859375,152.88999938964844,150.57000732421875,150.57000732421875,1626000,0.0,0.0
2026-07-02 00:00:00-04:00,151.58999633789062,154.2899932861328,151.27999877929688,154.05999755859375,1492800,0.0,0.0
2026-07-06 00:00:00-04:00,153.86000061035156,154.41000366210938,151.11000061035156,151.36000061035156,859800,0.0,0.0
2026-07-07 00:00:00-04:00,152.35000610351562,155.75,152.1699981689453,153.83999633789062,1178700,0.0,0.0
2026-07-08 00:00:00-04:00,153.32000732421875,153.7100067138672,151.22999572753906,151.38999938964844,1322000,0.0,0.0
2026-07-09 00:00:00-04:00,150.86000061035156,151.6699981689453,148.52999877929688,149.27000427246094,1738200,0.0,0.0
2026-07-10 00:00:00-04:00,149.1300048828125,150.8800048828125,149.1300048828125,150.27000427246094,1222000,0.0,0.0
2026-07-13 00:00:00-04:00,150.42999267578125,151.88999938964844,149.8000030517578,150.63999938964844,985300,0.0,0.0
2026-07-14 00:00:00-04:00,151.16000366210938,151.69000244140625,148.75,149.07000732421875,1072500,0.0,0.0
2026-07-15 00:00:00-04:00,148.57000732421875,149.60000610351562,146.72000122070312,146.9499969482422,1102100,0.0,0.0
2026-07-16 00:00:00-04:00,146.92999267578125,148.9600067138672,146.92999267578125,148.91000366210938,1000900,0.0,0.0
2026-07-17 00:00:00-04:00,150.61000061035156,151.9199981689453,147.49000549316406,148.19000244140625,1162600,0.0,0.0
2026-07-20 00:00:00-04:00,148.38999938964844,149.3699951171875,145.60000610351562,145.9499969482422,981600,0.0,0.0
2026-07-21 00:00:00-04:00,145.44000244140625,146.02999877929688,143.8699951171875,145.02999877929688,1083300,0.0,0.0
2026-07-22 00:00:00-04:00,146.33999633789062,148.60000610351562,145.85000610351562,148.5500030517578,1663100,0.0,0.0
2026-07-23 00:00:00-04:00,147.24000549316406,149.1699981689453,146.9199981689453,148.1300048828125,1601900,0.0,0.0
2026-07-24 00:00:00-04:00,148.38999938964844,150.80999755859375,148.38999938964844,149.4600067138672,1153500,0.0,0.0
2026-07-27 00:00:00-04:00,148.6999969482422,149.75,146.83999633789062,147.22999572753906,1580900,0.0,0.0
2026-07-28 00:00:00-04:00,146.83999633789062,150.55999755859375,146.0800018310547,146.0800018310547,1685600,0.0,0.0
2026-07-29 00:00:00-04:00,147.02000427246094,148.52000427246094,142.5,143.52000427246094,1449600,0.0,0.0
2026-07-30 00:00:00-04:00,143.3699951171875,144.07000732421875,141.17999267578125,141.6999969482422,1059100,0.0,0.0
2026-07-31 00:00:00-04:00,141.58999633789062,142.39999389648438,140.5,141.8699951171875,1596700,0.0,0.0
2026-08-03 00:00:00-04:00,141.5800018310547,143.33999633789062,140.39999389648438,141.72000122070312,1381300,0.0,0.0
2026-08-04 00:00:00-04:00,140.72999572753906,142.27000427246094,139.27999877929688,141.72000122070312,1500900,0.0,0.0
2026-08-05 00:00:00-04:00,141.25999450683594,141.6199951171875,138.5,139.66000366210938,1823200,0.0,0.0
2026-08-06 00:00:00-04:00,141.10000610351562,141.4199981689453,138.66000366210938,139.97000122070312,1297800,0.0,0.0
2026-08-07 00:00:00-04:00,139.4499969482422,141.35000610351562,138.5500030517578,139.8699951171875,1242300,0.0,0.0
2026-08-10 00:00:00-04:00,139.1699981689453,139.3300018310547,136.47000122070312,136.77999877929688,1638000,0.0,0.0
2026-08-11 00:00:00-04:00,136.77999877929688,138.0800018310547,135.75999450683594,137.63999938964844,1264300,0.0,0.0
2026-08-12 00:00:00-04:00,137.9199981689453,138.92999267578125,137.5,138.67999267578125,1287000,0.0,0.0
2026-08-13 00:00:00-04:00,139.27999877929688,139.94000244140625,138.72999572753906,139.52999877929688,1891500,0.0,0.0
2026-08-14 00:00:00-04:00,139.33999633789062,141.2100067138672,139.24000549316406,140.83999633789062,870500,0.0,0.0
2026-08-17 00:00:00-04:00,140.32000732421875,141.17999267578125,139.6199951171875,141.14999389648438,1300200,0.0,0.0
2026-08-18 00:00:00-04:00,142.39999389648438,143.24000549316406,140.13999938964844,140.2100067138672,976600,0.0,0.0
2026-08-19 00:00:00-04:00,141.35000610351562,141.36000061035156,138.92999267578125,139.17999267578125,1069000,0.0,0.0
2026-08-20 00:00:00-04:00,138.3000030517578,139.8800048828125,138.0500030517578,138.14999389648438,1004700,0.0,0.0
2026-08-21 00:00:00-04:00,138.47999572753906,138.47999572753906,135.07000732421875,135.22000122070312,1135800,0.0,0.0
2026-08-24 00:00:00-04:00,135.50999450683594,136.10000610351562,134.6699981689453,135.66000366210938,1445600,0.0,0.0
2026-08-25 00:00:00-04:00,135.89999389648438,136.86000061035156,135.33999633789062,136.13999938964844,1268800,0.0,0.0
2026-08-26 00:00:00-04:00,136.07000732421875,137.8699951171875,136.07000732421875,137.7100067138672,1166300,0.0,0.0
2026-08-27 00:00:00-04:00,136.0,136.97999572753906,135.82000732421875,136.24000549316406,1243000,0.0,0.0
2026-08-28 00:00:00-04:00,137.22999572753906,137.22999572753906,135.3000030517578,135.86000061035156,877200,0.0,0.0
2026-08-31 00:00:00-04:00,135.50999450683594,136.3800048828125,134.36000061035156,135.6300048828125,1430000,0.0,0.0
2026-09-01 00:00:00-04:00,136.58999633789062,137.02000427246094,135.0,136.05999755859375,1050300,0.0,0.0
2026-09-02 00:00:00-04:00,136.1699981689453,136.38999938964844,134.35000610351562,136.0500030517578,1169200,0.0,0.0
2026-09-03 00:00:00-04:00,136.72999572753906,137.2100067138672,136.07000732421875,137.07000732421875,967100,0.0,0.0
2026-09-04 00:00:00-04:00,136.2899932861328,137.6699981689453,135.58999633789062,136.0800018310547,1170200,0.0,0.0
