Date,Open,High,Low,Close,Volume,Dividends,Stock Splits
2022-12-07 00:00:00-05:00,95.86202777090084,96.39696199179919,94.1334055100061,94.25723266601562,26647900,0.0,0.0
2022-12-08 00:00:00-05:00,94.79216078768113,94.97047218317412,92.91989491390945,93.0684814453125,25593200,0.0,0.0
2022-12-09 00:00:00-05:00,93.01896865204583,93.60342924807621,92.14722056602025,92.1967544555664,21885300,0.0,0.0
2022-12-12 00:00:00-05:00,92.216545273932,92.99418335100695,91.03771602509083,92.68213653564453,27380900,0.0,0.0
2022-12-13 00:00:00-05:00,97.14983218212974,98.86360332849071,94.48506939467835,94.9506607055664,34788500,0.0,0.0
2022-12-14 00:00:00-05:00,94.64357099618772,96.30780824375802,93.05858494083735,94.41572570800781,26452900,0.0,0.0
2022-12-15 00:00:00-05:00,92.66232437052166,93.14772463296636,89.58150458723811,90.34427642822266,28298800,0.0,0.0
2022-12-16 00:00:00-05:00,90.344290675144,90.88913318877286,89.16546128045319,90.00748443603516,48485500,0.0,0.0
2022-12-19 00:00:00-05:00,90.02727803551136,90.34427520065086,88.0906273767323,88.31351470947266,23020500,0.0,0.0
2022-12-20 00:00:00-05:00,87.89746729180382,88.93761081487412,87.21393900677946,88.78901672363281,21976800,0.0,0.0
2022-12-21 00:00:00-05:00,88.88808823243967,90.06196724283612,88.07578239830113,89.40320587158203,20336400,0.0,0.0
2022-12-22 00:00:00-05:00,88.09559654086367,88.3432508651596,86.12427023565485,87.431884765625,23656100,0.0,0.0
2022-12-23 00:00:00-05:00,86.79789178341471,89.25461849004179,86.79789178341471,88.96733856201172,17815000,0.0,0.0
2022-12-27 00:00:00-05:00,88.47203738641082,88.66025711050804,86.71369755141767,87.10498809814453,15470900,0.0,0.0
2022-12-28 00:00:00-05:00,86.6789929569728,87.68941903514983,85.55959839731092,85.64875030517578,17879600,0.0,0.0
2022-12-29 00:00:00-05:00,86.213426361762,88.52651695635653,86.17380076100835,88.11540985107422,18280700,0.0,0.0
2022-12-30 00:00:00-05:00,86.54527814259862,87.99653641454879,86.21342225463293,87.89747619628906,19190300,0.0,0.0
2023-01-03 00:00:00-05:00,88.98714536421187,90.69100816654367,88.1847402886243,88.85836029052734,20738500,0.0,0.0
2023-01-04 00:00:00-05:00,90.15606989214707,90.38390760668607,86.97618971391954,87.87764739990234,27046500,0.0,0.0
2023-01-05 00:00:00-05:00,87.24364629694449,87.38233208409788,85.74781238372303,85.95584106445312,23136100,0.0,0.0
2023-01-06 00:00:00-05:00,86.54032784471222,87.63991365122003,84.76712197257632,87.33282470703125,26612600,0.0,0.0
2023-01-09 00:00:00-05:00,88.35811027347144,89.97777168436549,87.74888274669506,87.9668197631836,22996700,0.0,0.0
2023-01-10 00:00:00-05:00,85.90631993653236,88.6354674474285,85.8865033612794,88.40267181396484,22855600,0.0,0.0
2023-01-11 00:00:00-05:00,89.21498569458034,91.58256027972082,88.89798848194506,91.39434814453125,25998800,0.0,0.0
2023-01-12 00:00:00-05:00,91.53303062096728,91.75096761381062,89.72019933447167,91.0476303100586,22754200,0.0,0.0
2023-01-13 00:00:00-05:00,90.6692073405569,92.10758690388832,90.07681870184632,91.92927551269531,18630700,0.0,0.0
2023-01-17 00:00:00-05:00,91.90946593518143,92.09768562849669,89.9876660790859,91.2952880859375,22935800,0.0,0.0
2023-01-18 00:00:00-05:00,92.06798117090972,92.70989627142744,90.5424295077995,90.91886138916016,19641600,0.0,0.0
2023-01-19 00:00:00-05:00,90.53251734975836,93.51427763470218,90.5226090602533,93.02887725830078,28707700,0.0,0.0
2023-01-20 00:00:00-05:00,95.04973031308835,98.48717367634175,95.01011227054366,98.3484878540039,53704800,0.0,0.0
2023-01-23 00:00:00-05:00,98.19986776190477,100.44857275081705,97.82343599483696,100.2603530883789,31791800,0.0,0.0
2023-01-24 00:00:00-05:00,98.61594279789314,100.14148659657545,97.77391215286569,98.27912902832031,27391400,0.0,0.0
2023-01-25 00:00:00-05:00,96.28799434566967,96.80311955162112,94.36818215282118,95.8224105834961,31000900,0.0,0.0
2023-01-26 00:00:00-05:00,97.35785108087683,98.27912532122151,95.9115509668169,98.22959899902344,24542100,0.0,0.0
2023-01-27 00:00:00-05:00,98.12064725508286,100.62690783186912,98.04139605666971,99.76506805419922,29020400,0.0,0.0
2023-01-30 00:00:00-05:00,97.81848349489195,98.4762471105383,96.60497156026362,97.03093719482422,24365100,0.0,0.0
2023-01-31 00:00:00-05:00,96.94180250759602,98.97257084751011,96.87245960396923,98.93294525146484,22306800,0.0,0.0
2023-02-01 00:00:00-05:00,98.8041640326644,101.23118086998409,97.49654954335375,100.47830963134766,26392600,0.0,0.0
2023-02-02 00:00:00-05:00,105.78801676233323,107.79896856541116,105.54036245047024,107.77915954589844,46622600,0.0,0.0
2023-02-03 00:00:00-05:00,102.53878781561836,107.00646591669134,102.33075911191999,104.23274230957031,36823400,0.0,0.0
2023-02-06 00:00:00-05:00,101.7215150814754,103.71760794485915,101.25097346782424,102.49915313720703,25573000,0.0,0.0
2023-02-07 00:00:00-05:00,102.65765778158605,107.6503693797524,102.5764264455838,107.02628326416016,33738800,0.0,0.0
2023-02-08 00:00:00-05:00,101.7264923713496,102.60814115866204,97.53122752531549,99.06172943115234,73546000,0.0,0.0
2023-02-09 00:00:00-05:00,99.59663685062459,99.66597974023645,92.9793148046895,94.56430053710938,97798600,0.0,0.0
2023-02-10 00:00:00-05:00,94.84168052641832,96.10966922507087,93.64303472354179,93.96994018554688,49325300,0.0,0.0
2023-02-13 00:00:00-05:00,94.11852034642361,94.45532648815578,93.16752896306448,94.10861206054688,43116600,0.0,0.0
2023-02-14 00:00:00-05:00,93.77184017373116,94.28200749453609,91.7806972223718,94.05911254882812,42513100,0.0,0.0
2023-02-15 00:00:00-05:00,93.85106954661521,96.42667270386573,93.47463773890783,96.18892669677734,36964500,0.0,0.0
2023-02-16 00:00:00-05:00,94.64356350923454,96.96160401472227,94.07891203550221,94.88130950927734,35642100,0.0,0.0
2023-02-17 00:00:00-05:00,94.17798374685643,94.85160379412974,92.57318104540263,93.70248413085938,31095100,0.0,0.0
2023-02-21 00:00:00-05:00,92.36515451556777,92.53851556540309,91.13679118534347,91.18632507324219,28367200,0.0,0.0
2023-02-22 00:00:00-05:00,91.07141275299035,91.49341821921743,90.01740049731708,90.93867492675781,29891100,0.0,0.0
2023-02-23 00:00:00-05:00,91.26556703210306,91.26556703210306,89.16546324133444,90.21551513671875,32423700,0.0,0.0
2023-02-24 00:00:00-05:00,88.78902170716957,89.28433033390158,88.0262497474386,88.51165008544922,31295600,0.0,0.0
2023-02-27 00:00:00-05:00,89.24470749466381,89.601330321556,88.76921543068096,89.2546157836914,22724300,0.0,0.0
2023-02-28 00:00:00-05:00,88.69986471506775,90.5919396310369,88.68004813875699,89.4527359008789,30546900,0.0,0.0
2023-03-01 00:00:00-05:00,89.31405208649883,90.34428734331384,89.00695560931993,89.6607666015625,26323900,0.0,0.0
2023-03-02 00:00:00-05:00,89.01686144796916,91.61228121095239,88.9277019706581,91.4438705444336,23328600,0.0,0.0
2023-03-03 00:00:00-05:00,91.86982869090728,93.22697685279799,91.79058506601977,93.1378173828125,30242500,0.0,0.0
2023-03-06 00:00:00-05:00,93.47463525497449,95.39643495221098,93.41520064423409,94.68318939208984,28288200,0.0,0.0
2023-03-07 00:00:00-05:00,94.52470199758218,95.18841378204847,92.9634926828014,93.28643035888672,24101500,0.0,0.0
2023-03-08 00:00:00-05:00,93.51922079524584,95.33700255213206,93.51922079524584,93.76192474365234,25395200,0.0,0.0
2023-03-09 00:00:00-05:00,93.60342757235006,95.02001062897094,91.48846505561781,91.79060363769531,24438900,0.0,0.0
2023-03-10 00:00:00-05:00,91.63208429839457,92.30570424744107,89.94803820468277,90.15606689453125,32850100,0.0,0.0
2023-03-13 00:00:00-04:00,89.7152530727326,92.20665483541744,89.09611729556816,90.79998016357422,31508600,0.0,0.0
2023-03-14 00:00:00-04:00,92.1967482092069,93.9402367053257,91.90946829648546,93.36567687988281,32303900,0.0,0.0
2023-03-15 00:00:00-04:00,92.6623364024195,96.33752541090077,92.1670277884817,95.64409637451172,38367300,0.0,0.0
2023-03-16 00:00:00-04:00,95.6639037638824,101.01323821484011,94.97047473930677,100.1216812133789,54499500,0.0,0.0
2023-03-17 00:00:00-04:00,99.89382429328947,102.51896110821049,99.80467238243297,101.49862670898438,76140300,0.0,0.0
2023-03-20 00:00:00-04:00,100.11177025293952,101.61751260584101,99.84430693854495,100.9736099243164,26033900,0.0,0.0
2023-03-21 00:00:00-04:00,101.0231482796123,104.96580061634677,100.90427149139053,104.846923828125,33122800,0.0,0.0
2023-03-22 00:00:00-04:00,104.15349248089795,106.50125798098166,103.23221817659265,103.24212646484375,32336900,0.0,0.0
2023-03-23 00:00:00-04:00,104.89646174945477,106.09609780813702,104.42096969388842,105.26299285888672,31385800,0.0,0.0
2023-03-24 00:00:00-04:00,104.74786028221999,105.163925248846,103.757243085337,105.06485748291016,25236200,0.0,0.0
2023-03-27 00:00:00-04:00,104.33179922212746,104.41105040897882,101.66703663727131,102.09300231933594,25393400,0.0,0.0
2023-03-28 00:00:00-04:00,102.03357776600551,102.03357776600551,99.33909760992549,100.40896606445312,24913500,0.0,0.0
2023-03-29 00:00:00-04:00,101.75619922819752,101.85525943589084,100.08205375428551,100.94389343261719,26148300,0.0,0.0
2023-03-30 00:00:00-04:00,100.4882157795027,100.65661889732561,99.349004435871,100.36933898925781,25009800,0.0,0.0
2023-03-31 00:00:00-04:00,100.75567842682301,103.21241250388378,100.48821509784857,103.0241928100586,28108000,0.0,0.0
2023-04-03 00:00:00-04:00,101.7066711011724,103.96527721875935,101.4193911921376,103.9256591796875,20719900,0.0,0.0
2023-04-04 00:00:00-04:00,103.8563030878386,105.10448286962652,103.61855707724403,104.13368225097656,20377200,0.0,0.0
2023-04-05 00:00:00-04:00,105.12430656598292,105.54036400215539,103.12523561053581,103.96527862548828,21864200,0.0,0.0
2023-04-06 00:00:00-04:00,104.77757537730204,108.60135828118527,103.83154171818221,107.87821197509766,34684200,0.0,0.0
2023-04-10 00:00:00-04:00,106.38237665628344,106.95693642537998,104.6091710254705,105.94650268554688,19741500,0.0,0.0
2023-04-11 00:00:00-04:00,105.91678730677624,106.21397548455947,104.29217573259564,105.12429809570312,18721300,0.0,0.0
2023-04-12 00:00:00-04:00,106.38237980559623,106.57753000207927,103.98508801119472,104.23274230957031,22761600,0.0,0.0
2023-04-13 00:00:00-04:00,105.47101062135101,107.24916661619966,105.44129331569145,107.17487335205078,21650700,0.0,0.0
2023-04-14 00:00:00-04:00,106.67956384192118,108.55182966027229,106.58049608017252,108.43295288085938,20758700,0.0,0.0
2023-04-17 00:00:00-04:00,104.44078449826728,105.70877346041875,104.33181598828766,105.42149353027344,29043400,0.0,0.0
2023-04-18 00:00:00-04:00,105.99603985661791,106.04557373948775,103.79686847464231,104.13368225097656,17641400,0.0,0.0
2023-04-19 00:00:00-04:00,103.23717498908161,104.73300918041511,102.82607547360611,104.03462219238281,16732000,0.0,0.0
2023-04-20 00:00:00-04:00,103.66808538447006,105.8850855196044,103.65817709686712,104.90635681152344,22515300,0.0,0.0
2023-04-21 00:00:00-04:00,105.094578871281,105.63942137385126,104.49525967626343,104.91627502441406,22379000,0.0,0.0
2023-04-24 00:00:00-04:00,105.05496792062098,106.31304856896875,104.371439563609,105.77811431884766,21410900,0.0,0.0
2023-04-25 00:00:00-04:00,105.60970587924142,106.43192001257862,103.57893748876954,103.62847137451172,31408100,0.0,0.0
2023-04-26 00:00:00-04:00,104.56954876564586,106.01584896451445,102.30103448042442,103.46996307373047,37068200,0.0,0.0
2023-04-27 00:00:00-04:00,104.24265759855544,108.1258754440047,103.44025247861914,107.35319519042969,38235200,0.0,0.0
2023-04-28 00:00:00-04:00,106.78854005184202,107.27394037669495,105.04505161681911,107.20459747314453,23957900,0.0,0.0
2023-05-01 00:00:00-04:00,106.70928725558902,107.66027887190182,106.49135025976138,106.69937896728516,20926300,0.0,0.0
2023-05-02 00:00:00-04:00,106.6498558595265,106.71919876412683,103.51950174828887,104.9856185913086,20343100,0.0,0.0
2023-05-03 00:00:00-04:00,105.22335830236109,107.11543319029916,104.62898950460394,105.12429809570312,17116300,0.0,0.0
2023-05-04 00:00:00-04:00,105.16393027214575,105.30261608170913,103.71762244473942,104.22283935546875,19780600,0.0,0.0
2023-05-05 00:00:00-04:00,104.33180000644055,105.44129395727278,103.75625016115525,105.21839904785156,20710600,0.0,0.0
2023-05-08 00:00:00-04:00,104.80235209192246,107.40272242135879,104.79740172639227,107.22441101074219,17266000,0.0,0.0
2023-05-09 00:00:00-04:00,107.75935340505666,109.55732630181458,106.71425180546446,106.92723846435547,24782400,0.0,0.0
2023-05-10 00:00:00-04:00,107.53150342633751,112.44496398416257,107.46216052249397,111.22650146484375,47533500,0.0,0.0
2023-05-11 00:00:00-04:00,114.77291118074716,117.32870541035075,113.85163686811376,115.80315399169922,57115100,0.0,0.0
2023-05-12 00:00:00-04:00,115.90221732516994,117.15039716639697,115.4564425893509,116.81358337402344,31293800,0.0,0.0
2023-05-15 00:00:00-04:00,115.39698808242889,117.68036088373523,115.38708735268912,115.86257934570312,22107900,0.0,0.0
2023-05-16 00:00:00-04:00,115.73381198342743,120.06280441118102,115.73381198342743,118.96321868896484,32370100,0.0,0.0
2023-05-17 00:00:00-04:00,119.05237407455486,121.13266865986192,118.33912848923602,120.34017944335938,26659600,0.0,0.0
2023-05-18 00:00:00-04:00,120.4194293237731,122.7374775963557,120.35008641925792,122.36103820800781,27014500,0.0,0.0
2023-05-19 00:00:00-04:00,123.03465018824166,125.2922660663807,121.56854100070485,122.09356689453125,30268900,0.0,0.0
2023-05-22 00:00:00-04:00,122.3511230855772,125.85790861102,122.29168091883487,124.68898010253906,29760200,0.0,0.0
2023-05-23 00:00:00-04:00,123.75781328369399,124.24321361976752,121.89545557542526,122.1332015991211,24477900,0.0,0.0
2023-05-24 00:00:00-04:00,120.73641084656553,121.59825045450845,119.61701623121706,120.49866485595703,23087900,0.0,0.0
2023-05-25 00:00:00-04:00,124.03517416328125,124.79795361172393,121.74685093357154,123.18324279785156,33812700,0.0,0.0
2023-05-26 00:00:00-04:00,122.90093000914023,124.81777194551871,122.13320013838957,124.25312042236328,25154700,0.0,0.0
2023-05-30 00:00:00-04:00,125.10504754638592,125.1941994669591,121.73694754267005,123.47052764892578,27230700,0.0,0.0
2023-05-31 00:00:00-04:00,122.5393537058231,123.72809896867997,121.94498485329967,122.21245574951172,41548800,0.0,0.0
2023-06-01 00:00:00-04:00,122.3412242794725,123.86677567540063,122.14310386246758,123.20306396484375,25017700,0.0,0.0
2023-06-02 00:00:00-04:00,123.32193052155571,125.55577709763398,123.18324472109343,124.05499267578125,19367500,0.0,0.0
2023-06-05 00:00:00-04:00,123.44081291675552,126.78909641386399,123.21296762974485,125.44185638427734,22672500,0.0,0.0
2023-06-06 00:00:00-04:00,125.41213285787238,127.67074636569211,124.78804675836189,126.70984649658203,19450100,0.0,0.0
2023-06-07 00:00:00-04:00,126.37797331570059,128.3344481314492,121.4793720660201,121.78646850585938,34179300,0.0,0.0
2023-06-08 00:00:00-04:00,121.43480327037882,122.56906414739055,120.86520142829093,121.51900482177734,24815000,0.0,0.0
2023-06-09 00:00:00-04:00,121.41004372111246,123.11886446702421,121.27135791532972,121.7171401977539,20304500,0.0,0.0
2023-06-12 00:00:00-04:00,122.23720159261838,123.57949117490408,121.2020084703982,123.18324279785156,22255700,0.0,0.0
2023-06-13 00:00:00-04:00,124.4710511262937,124.67907982874053,122.68298680046688,123.26249694824219,19287700,0.0,0.0
2023-06-14 00:00:00-04:00,122.63842226995591,123.61913126083181,121.01381053560814,123.21297454833984,24659600,0.0,0.0
2023-06-15 00:00:00-04:00,122.71766620349834,124.97627995557372,121.98461153082506,124.60974884033203,24517100,0.0,0.0
2023-06-16 00:00:00-04:00,125.51120213219693,125.51120213219693,122.62850987439707,122.8959732055664,56699200,0.0,0.0
2023-06-20 00:00:00-04:00,122.37591082652777,124.00052258120192,121.67752382161324,122.68795013427734,22698000,0.0,0.0
2023-06-21 00:00:00-04:00,122.07872103325005,122.25208208027158,119.726004994641,120.12225341796875,22612000,0.0,0.0
2023-06-22 00:00:00-04:00,119.52787571778317,122.7721410215676,118.47781633998908,122.70775604248047,20781900,0.0,0.0
2023-06-23 00:00:00-04:00,120.89491447963775,122.28177996204334,120.71660309535976,121.86571502685547,29573100,0.0,0.0
2023-06-26 00:00:00-04:00,120.32632418897589,121.56855610488792,117.87355025532553,117.97261047363281,23185000,0.0,0.0
2023-06-27 00:00:00-04:00,116.73432844316498,118.77004711280364,115.81306169301082,117.89335632324219,27221700,0.0,0.0
2023-06-28 00:00:00-04:00,116.85321064845739,120.13215134837428,116.49658783155775,119.94393920898438,19753100,0.0,0.0
2023-06-29 00:00:00-04:00,118.96322343443344,119.7755368452394,118.0914829641823,118.88397979736328,18517500,0.0,0.0
2023-06-30 00:00:00-04:00,119.96373844951228,120.88501272510128,119.74580146163822,119.8349609375,23871800,0.0,0.0
2023-07-03 00:00:00-04:00,119.19105648782359,119.88448547727552,118.58182905010446,119.42880249023438,13888300,0.0,0.0
2023-07-05 00:00:00-04:00,118.93349198674646,122.21243987535996,118.93349198674646,121.47937774658203,17830300,0.0,0.0
2023-07-06 00:00:00-04:00,119.50805397800549,120.01327084748401,118.13109672561882,119.79533386230469,17732500,0.0,0.0
2023-07-07 00:00:00-04:00,119.75571928851035,120.60765073198117,118.9632224618087,119.01275634765625,20997700,0.0,0.0
2023-07-10 00:00:00-04:00,117.95280791213055,117.95280791213055,115.54560744217643,115.77345275878906,32960100,0.0,0.0
2023-07-11 00:00:00-04:00,115.66447690032798,117.11572760247606,114.74320251828578,116.60556030273438,18286600,0.0,0.0
2023-07-12 00:00:00-04:00,118.1806376787771,119.82505833822478,117.88344948887458,118.49763488769531,22059600,0.0,0.0
2023-07-13 00:00:00-04:00,120.39962080015377,124.15901142905346,119.92412119737055,123.65875244140625,31535900,0.0,0.0
2023-07-14 00:00:00-04:00,123.95593258167851,125.89754146610137,123.72809484873932,124.52058410644531,20499800,0.0,0.0
2023-07-17 00:00:00-04:00,124.8772139761707,126.0857682871298,123.33185341215618,123.8865966796875,20675300,0.0,0.0
2023-07-18 00:00:00-04:00,123.73305060846836,123.81725217064373,122.14311410053988,122.9157943725586,21045800,0.0,0.0
2023-07-19 00:00:00-04:00,123.61912585489597,124.29274587805628,121.3208941684331,121.62798309326172,22313800,0.0,0.0
2023-07-20 00:00:00-04:00,120.97417257655177,123.52995915351264,117.57139742860676,118.4084701538086,27541700,0.0,0.0
2023-07-21 00:00:00-04:00,119.73591077731537,120.16187650085963,117.9527966885696,119.18115997314453,56514600,0.0,0.0
2023-07-24 00:00:00-04:00,120.78200090025031,122.19263586902922,120.24111868377832,120.7364273071289,22276100,0.0,0.0
2023-07-25 00:00:00-04:00,120.73642834674882,122.52945071802773,120.38971381897993,121.63789367675781,31820800,0.0,0.0
2023-07-26 00:00:00-04:00,129.1368647176156,130.13738269386707,127.50235230891994,128.4434356689453,46216900,0.0,0.0
2023-07-27 00:00:00-04:00,130.56335791246926,132.3464720038847,127.96793041222345,128.65145874023438,35931600,0.0,0.0
2023-07-28 00:00:00-04:00,129.7411408931961,132.81206037779035,129.69160700816337,131.76199340820312,26971000,0.0,0.0
2023-07-31 00:00:00-04:00,131.76198570252512,132.57429904582148,130.89025286253175,131.86105346679688,18381900,0.0,0.0
2023-08-01 00:00:00-04:00,129.6272039518171,131.6728308011773,129.523193382621,130.65249633789062,22154300,0.0,0.0
2023-08-02 00:00:00-04:00,128.62172089773065,129.19628063077278,126.65039498090951,127.4329833984375,22705800,0.0,0.0
2023-08-03 00:00:00-04:00,127.1655268820738,128.55240005058604,126.57611598849901,127.56178283691406,15018100,0.0,0.0
2023-08-04 00:00:00-04:00,128.3839902285779,130.6921149140624,127.11104354778709,127.33392333984375,20521900,0.0,0.0
2023-08-07 00:00:00-04:00,128.294848840066,130.82092613095577,128.21559763739882,130.70205688476562,17621000,0.0,0.0
2023-08-08 00:00:00-04:00,129.7510046046242,130.70200353281598,128.90898926178193,130.60293579101562,16836000,0.0,0.0
2023-08-09 00:00:00-04:00,130.9496852267728,131.22705682322965,128.28988056198088,128.92881774902344,17745200,0.0,0.0
2023-08-10 00:00:00-04:00,130.731793131924,131.40244311652035,128.81495068135976,128.98831176757812,17855700,0.0,0.0
2023-08-11 00:00:00-04:00,127.98974946092082,129.2161403728653,127.54199449267544,128.94866943359375,15205500,0.0,0.0
2023-08-14 00:00:00-04:00,128.6316455899722,130.67231454197824,128.37407545173792,130.5930633544922,17526200,0.0,0.0
2023-08-15 00:00:00-04:00,130.35529032501864,130.7515462032728,128.6009114482804,129.0476837158203,14769200,0.0,0.0
2023-08-16 00:00:00-04:00,128.0669779228114,129.6697926474959,127.25467975811586,127.89857482910156,17548400,0.0,0.0
2023-08-17 00:00:00-04:00,129.2259850348808,131.24783470103915,128.63162390237375,129.23590087890625,23665600,0.0,0.0
2023-08-18 00:00:00-04:00,127.849065276759,128.61184482391147,125.80839607390205,126.9079818725586,23627200,0.0,0.0
2023-08-21 00:00:00-04:00,126.6503998527229,128.0471660902308,125.96687916535052,127.72026062011719,21851100,0.0,0.0
2023-08-22 00:00:00-04:00,127.91838613588044,129.72130132976704,127.71530782416494,128.47312927246094,15557900,0.0,0.0
2023-08-23 00:00:00-04:00,129.62225651190874,132.81204485527684,129.28543520242425,131.96011352539062,26497000,0.0,0.0
2023-08-24 00:00:00-04:00,133.462899733818,133.703615985074,129.07743508424812,129.19630432128906,18680400,0.0,0.0
2023-08-25 00:00:00-04:00,128.91891790931004,130.16709010198554,126.83861580589912,129.46376037597656,20678100,0.0,0.0
2023-08-28 00:00:00-04:00,130.84069315202424,131.989812482015,129.62223849322515,130.55340576171875,16715500,0.0,0.0
2023-08-29 00:00:00-04:00,131.75009725777056,136.0067761345469,131.73226082885307,134.21871948242188,30803300,0.0,0.0
2023-08-30 00:00:00-04:00,134.297977788526,135.96220738849482,133.7541178338768,135.64520263671875,21773400,0.0,0.0
2023-08-31 00:00:00-04:00,135.76407588647646,137.1013998952931,135.53623818701004,136.06126403808594,28147900,0.0,0.0
2023-09-01 00:00:00-04:00,137.13114488678374,137.279746550401,134.66451749631293,135.51644897460938,16671600,0.0,0.0
2023-09-05 00:00:00-04:00,135.1598362069772,136.08110310439068,134.28808808550266,135.42730712890625,17730200,0.0,0.0
2023-09-06 00:00:00-04:00,135.72943858328787,136.19007203339427,133.42625621713438,134.09986877441406,15814300,0.0,0.0
2023-09-07 00:00:00-04:00,133.3371098316722,135.2985280769736,132.70311529199788,134.92208862304688,16976000,0.0,0.0
2023-09-08 00:00:00-04:00,134.59515128811034,136.22472078011262,134.59515128811034,135.9126739501953,17810700,0.0,0.0
2023-09-11 00:00:00-04:00,136.09100900463957,136.9667173549305,135.26879483482438,136.4476318359375,17180800,0.0,0.0
2023-09-12 00:00:00-04:00,135.84335637202796,136.34856575781552,134.6546035091528,134.79330444335938,15212900,0.0,0.0
2023-09-13 00:00:00-04:00,134.62489084872672,136.40800508900293,133.66399081690068,136.2098846435547,16394900,0.0,0.0
2023-09-14 00:00:00-04:00,137.0915366203308,138.24065639217233,135.77401371021233,137.6859130859375,19064600,0.0,0.0
2023-09-15 00:00:00-04:00,137.49768903829536,138.05243232706184,135.89287867793988,137.00238037109375,48958800,0.0,0.0
2023-09-18 00:00:00-04:00,136.33865100715312,138.61705849026902,136.33865100715312,137.6561737060547,16233600,0.0,0.0
2023-09-19 00:00:00-04:00,136.95281453377933,137.86913837747238,136.20985170629046,137.52737426757812,15479100,0.0,0.0
2023-09-20 00:00:00-04:00,137.52738601475198,137.53728674500857,133.2578283532554,133.32716369628906,21473500,0.0,0.0
2023-09-21 00:00:00-04:00,131.14782177707747,131.9403186283257,129.8600162832516,130.1274871826172,22058400,0.0,0.0
2023-09-22 00:00:00-04:00,130.4444517474799,131.76197429703106,129.28543156079593,130.01849365234375,17348700,0.0,0.0
2023-09-25 00:00:00-04:00,129.54301260248351,130.97940448749364,128.80995044912356,130.92987060546875,14650000,0.0,0.0
2023-09-26 00:00:00-04:00,129.6856654371149,130.1720558364626,126.98722507128885,128.2353973388672,20378800,0.0,0.0
2023-09-27 00:00:00-04:00,128.22549621138975,130.48410227846742,128.1660615963013,130.22654724121094,18764200,0.0,0.0
2023-09-28 00:00:00-04:00,129.46375123222626,132.92099523762442,129.46375123222626,131.880859375,18201400,0.0,0.0
2023-09-29 00:00:00-04:00,132.82197217305605,133.62436978432208,130.08787380955317,130.61289978027344,23237300,0.0,0.0
2023-10-02 00:00:00-04:00,130.91502296018945,134.08995309658704,130.82587103441963,133.9017333984375,19210400,0.0,0.0
2023-10-03 00:00:00-04:00,133.66396632424824,133.97107034138332,131.56882070200768,132.0492706298828,19628700,0.0,0.0
2023-10-04 00:00:00-04:00,132.4058828534343,135.28858219079444,132.17803004125156,134.99139404296875,22848000,0.0,0.0
2023-10-05 00:00:00-04:00,134.85270555952047,135.21922903566005,133.1934189566555,134.71401977539062,15922900,0.0,0.0
2023-10-06 00:00:00-04:00,133.6739115118383,137.88007507881179,133.6739115118383,137.4283447265625,20826700,0.0,0.0
2023-10-09 00:00:00-04:00,136.69527452571924,138.656692373109,135.41736985749054,138.19110107421875,16599100,0.0,0.0
2023-10-10 00:00:00-04:00,138.20099454072897,139.41946453069258,137.13112619412635,137.89390563964844,19554900,0.0,0.0
2023-10-11 00:00:00-04:00,138.53782014767333,140.8855780523298,138.5279043017716,140.37045288085938,20146300,0.0,0.0
2023-10-12 00:00:00-04:00,140.82617393254984,141.04411097091509,138.1415941139355,138.9737091064453,18173100,0.0,0.0
2023-10-13 00:00:00-04:00,139.33029372652263,140.01382196687155,136.67544706526826,137.27972412109375,19438700,0.0,0.0
2023-10-16 00:00:00-04:00,138.41895040539544,139.5829287502069,138.01280880229513,139.1718292236328,17345600,0.0,0.0
2023-10-17 00:00:00-04:00,138.71613031936417,139.9246845562857,137.22922195040533,139.66712951660156,17424000,0.0,0.0
2023-10-18 00:00:00-04:00,139.42938367550576,140.6577545576806,137.40357312976096,137.97317504882812,18304900,0.0,0.0
2023-10-19 00:00:00-04:00,138.48827765674187,139.681973111056,137.29954012507045,137.67596435546875,21831200,0.0,0.0
2023-10-20 00:00:00-04:00,137.28963347442968,137.73540818920895,134.96663494210776,135.45700073242188,24970300,0.0,0.0
2023-10-23 00:00:00-04:00,134.95175051516927,137.7155804270671,133.8422643052806,136.6060791015625,20780700,0.0,0.0
2023-10-24 00:00:00-04:00,137.8542682002622,139.38972760515745,137.4481115941101,138.8052520751953,26535200,0.0,0.0
2023-10-25 00:00:00-04:00,128.5523951209474,128.87930060279749,124.9069160543069,125.48147583007812,58796100,0.0,0.0
2023-10-26 00:00:00-04:00,123.3021339043443,124.28284289419223,121.1723052433129,122.28179931640625,33907400,0.0,0.0
2023-10-27 00:00:00-04:00,122.86624306182652,123.27239971828679,120.3203573061153,122.24215698242188,37367700,0.0,0.0
2023-10-30 00:00:00-04:00,123.29222457925697,125.36261860465919,122.71766474849366,124.57012176513672,24165600,0.0,0.0
2023-10-31 00:00:00-04:00,125.08523625155061,125.37251615965454,122.76224515964172,124.12434387207031,21123400,0.0,0.0
2023-11-01 00:00:00-04:00,124.16395950571554,126.54144236018726,123.75286000770987,126.37303924560547,26536600,0.0,0.0
2023-11-02 00:00:00-04:00,128.34435864256244,128.8693845355232,126.90796676341274,127.3735580444336,24091700,0.0,0.0
2023-11-03 00:00:00-04:00,127.87877023130085,129.5033818284643,127.7995190417296,129.14675903320312,19529400,0.0,0.0
2023-11-06 00:00:00-05:00,128.99815897828321,130.32558225431717,128.71087155674888,130.21661376953125,15360400,0.0,0.0
2023-11-07 00:00:00-05:00,130.7416726325579,132.02947820094968,129.90955769259563,131.15773010253906,19223800,0.0,0.0
2023-11-08 00:00:00-05:00,131.11809411469258,132.2870151633801,130.91997369642914,132.0096435546875,15093600,0.0,0.0
2023-11-09 00:00:00-05:00,132.1087050640518,132.70308140630735,130.27605727177917,130.45437622070312,17976500,0.0,0.0
2023-11-10 00:00:00-05:00,130.29589394877658,133.01019082758538,129.64208289455235,132.80215454101562,20872900,0.0,0.0
2023-11-13 00:00:00-05:00,132.10870628274628,132.85166915961034,131.52424578069497,132.38607788085938,16409900,0.0,0.0
2023-11-14 00:00:00-05:00,134.37722350260213,135.95231641312452,133.83239610927498,134.15928649902344,22317300,0.0,0.0
2023-11-15 00:00:00-05:00,135.35794262077744,135.55606305085223,134.06023642082465,135.1003875732422,15840900,0.0,0.0
2023-11-16 00:00:00-05:00,135.67492599106274,137.57690902775207,134.8031780975569,137.39859008789062,17615100,0.0,0.0
2023-11-17 00:00:00-05:00,136.526884173432,136.70518803275948,134.20882819283102,135.65513610839844,25565300,0.0,0.0
2023-11-20 00:00:00-05:00,134.22863882903837,137.12619733980026,134.21873809805422,136.6259307861328,19569400,0.0,0.0
2023-11-21 00:00:00-05:00,136.6457539408558,137.66113063572993,136.41295826875415,137.31936645507812,17648100,0.0,0.0
2023-11-22 00:00:00-05:00,137.79482622040905,139.7760601553359,137.69575847741658,138.70619201660156,17306400,0.0,0.0
2023-11-24 00:00:00-05:00,138.23071780931295,138.36644095174992,136.18014805991362,136.92311096191406,8828600,0.0,0.0
2023-11-27 00:00:00-05:00,136.2792229161765,138.3198920413351,136.24949049218026,136.7547149658203,17886400,0.0,0.0
2023-11-28 00:00:00-05:00,136.33866499374736,137.3589996121621,135.75418929391265,137.31936645507812,17046900,0.0,0.0
2023-11-29 00:00:00-05:00,137.68094584917378,138.35951628020874,135.01618289746708,135.1201934814453,21014700,0.0,0.0
2023-11-30 00:00:00-05:00,135.1201940863547,135.67495247316987,131.54406501780983,132.66346740722656,29913500,0.0,0.0
2023-12-01 00:00:00-05:00,132.069091796875,132.24739563661834,130.91203652213494,132.069091796875,24268000,0.0,0.0
2023-12-04 00:00:00-05:00,130.06211398923656,130.21664097671334,128.1858724899174,129.4043426513672,24117100,0.0,0.0
2023-12-05 00:00:00-05:00,129.14677591809414,132.2870310267758,128.51278143425338,131.1478271484375,19235100,0.0,0.0
2023-12-06 00:00:00-05:00,131.6530008862106,132.05915750750495,130.0779233926448,130.19679260253906,16360600,0.0,0.0
2023-12-07 00:00:00-05:00,135.31830730269195,138.6863995307633,134.9517686824547,137.15093994140625,38419400,0.0,0.0
2023-12-08 00:00:00-05:00,134.3871551488429,136.69529541947813,134.29800321388456,135.3579559326172,23016100,0.0,0.0
2023-12-11 00:00:00-05:00,132.56439389804078,133.52527862448687,131.64311209099392,133.43612670898438,24502900,0.0,0.0
2023-12-12 00:00:00-05:00,132.019554365271,133.27762728684888,131.58368039234514,132.38607788085938,26584000,0.0,0.0
2023-12-13 00:00:00-05:00,133.28261467035554,133.51541036118795,131.70257872705886,132.7130126953125,25414500,0.0,0.0
2023-12-14 00:00:00-05:00,133.5055022995366,133.76801528835094,129.83030534051488,131.95022583007812,29619100,0.0,0.0
2023-12-15 00:00:00-05:00,131.672847172221,133.56492980661625,131.3855748116135,132.58421325683594,58594000,0.0,0.0
2023-12-18 00:00:00-05:00,132.60399914136477,137.08159244729237,132.51484723446234,135.9027557373047,25699800,0.0,0.0
2023-12-19 00:00:00-05:00,136.70519247398107,137.46797205566628,136.16034991563447,136.80426025390625,20661000,0.0,0.0
2023-12-20 00:00:00-05:00,139.01329045758115,141.73550716047765,138.10192459845425,138.34957885742188,33507300,0.0,0.0
2023-12-21 00:00:00-05:00,139.44920879429984,140.69738121548806,139.154998343122,140.46954345703125,18101500,0.0,0.0
2023-12-22 00:00:00-05:00,140.79645975589514,141.90594643728875,140.72215135636202,141.38092041015625,18513500,0.0,0.0
2023-12-26 00:00:00-05:00,141.6384524846771,142.5944096344027,141.16296042928883,141.47996520996094,11170100,0.0,0.0
2023-12-27 00:00:00-05:00,141.489857089484,141.97526496116387,139.72754219049338,140.11289978027344,17288400,0.0,0.0
2023-12-28 00:00:00-05:00,140.51905051749594,140.93510791178474,139.50663663358398,139.9543914794922,12192500,0.0,0.0
2023-12-29 00:00:00-05:00,139.36002696282335,140.10794782082556,138.58734671990993,139.60768127441406,14881000,0.0,0.0
2024-01-02 00:00:00-05:00,138.29015194721302,139.29562768993418,136.44760355336342,138.25051879882812,20071900,0.0,0.0
2024-01-03 00:00:00-05:00,137.29953390000512,139.76616076537422,137.13111569396813,139.0430145263672,18974300,0.0,0.0
2024-01-04 00:00:00-05:00,138.53782664912916,139.31544969235068,136.71507944506743,136.7447967529297,18253300,0.0,0.0
2024-01-05 00:00:00-05:00,137.05387038448754,137.50756566769752,135.56596449733863,136.10089111328125,15439500,0.0,0.0
2024-01-08 00:00:00-05:00,136.70519558894713,139.3204248129804,136.58632634282512,139.21145629882812,17645300,0.0,0.0
2024-01-09 00:00:00-05:00,138.74586864473073,141.46016572360466,138.47839771817507,141.222412109375,19579700,0.0,0.0
2024-01-10 00:00:00-05:00,141.1827559267829,143.1689329702741,141.12332131818613,142.45074462890625,16641900,0.0,0.0
2024-01-11 00:00:00-05:00,143.53548786175404,145.28392666915767,140.8806258235945,142.3219757080078,17471100,0.0,0.0
2024-01-12 00:00:00-05:00,142.98569511506196,143.38195109795163,142.0148944093176,142.8866424560547,13998700,0.0,0.0
2024-01-16 00:00:00-05:00,142.08420868813738,144.4715996157822,141.71372489258854,142.72811889648438,19198900,0.0,0.0
2024-01-17 00:00:00-05:00,141.56911772524037,142.0644263603866,139.19162720716656,141.54930114746094,17884500,0.0,0.0
2024-01-18 00:00:00-05:00,142.09413321638348,144.21901133722204,142.00498129636424,143.6295928955078,18876800,0.0,0.0
2024-01-19 00:00:00-05:00,144.93223326156357,146.65095460230188,144.43198188500375,146.5816192626953,27181000,0.0,0.0
2024-01-22 00:00:00-05:00,147.31469867612847,148.60744693870615,146.19529634072023,146.32408142089844,21829200,0.0,0.0
2024-01-23 00:00:00-05:00,146.333973839488,147.46327684167665,145.8089479332892,147.2849578857422,14113600,0.0,0.0
2024-01-24 00:00:00-05:00,148.87988131399678,150.14788548316102,148.43410651035828,148.9393310546875,19245000,0.0,0.0
2024-01-25 00:00:00-05:00,150.31625866800155,153.30791171479203,149.80113349403268,152.19842529296875,21495100,0.0,0.0
2024-01-26 00:00:00-05:00,151.43564935372194,152.6640201462737,151.36631400854955,152.34701538085938,19494500,0.0,0.0
2024-01-29 00:00:00-05:00,152.19842365633798,153.7437840460081,151.48517807408737,153.3871612548828,20909300,0.0,0.0
2024-01-30 00:00:00-05:00,152.56493660339433,153.58527102369084,151.34152386043058,151.61395263671875,26578900,0.0,0.0
2024-01-31 00:00:00-05:00,144.02585612094455,144.2239765681079,140.22188911917175,140.46954345703125,43908600,0.0,0.0
2024-02-01 00:00:00-05:00,142.34178755987563,143.2630542982646,140.92519710700438,141.37098693847656,25526900,0.0,0.0
2024-02-02 00:00:00-05:00,139.5680618968834,142.53001287672424,136.8735818033688,142.1931915283203,42136100,0.0,0.0
2024-02-05 00:00:00-05:00,142.6884656129384,145.2937931523363,142.55969568193277,143.5701141357422,29254400,0.0,0.0
2024-02-06 00:00:00-05:00,144.5904967936803,145.36317701983353,143.1640055713607,144.045654296875,21517700,0.0,0.0
2024-02-07 00:00:00-05:00,144.74898297303056,145.620730961362,143.84753279304508,145.30372619628906,21436100,0.0,0.0
2024-02-08 00:00:00-05:00,145.5910297502951,146.2250242349148,145.0461871973514,145.83868408203125,18241300,0.0,0.0
2024-02-09 00:00:00-05:00,146.5618110906567,149.2810655716589,146.0466859164844,148.81051635742188,21877700,0.0,0.0
2024-02-12 00:00:00-05:00,148.13690074859878,149.17705191114663,147.16610005084343,147.33450317382812,17236100,0.0,0.0
2024-02-13 00:00:00-05:00,144.6994699818096,146.65097207167983,143.7484707642411,144.99664306640625,18138500,0.0,0.0
2024-02-14 00:00:00-05:00,145.9872523972121,146.44294296155215,144.189279754922,145.75941467285156,16651800,0.0,0.0
2024-02-15 00:00:00-05:00,143.10458752923842,143.40176063862108,140.54879297920039,142.58946228027344,26724300,0.0,0.0
2024-02-16 00:00:00-05:00,142.85691004549003,143.1243658005953,140.19214741527534,140.4298858642578,21865100,0.0,0.0
2024-02-20 00:00:00-05:00,139.61758102889527,141.98415773941795,139.47889523501385,140.86575317382812,18625600,0.0,0.0
2024-02-21 00:00:00-05:00,141.3016189783937,142.62904223119276,140.57847274599075,142.4903564453125,16440800,0.0,0.0
2024-02-22 00:00:00-05:00,144.74899419404954,144.82824539146137,142.65879109862598,143.95651245117188,23024700,0.0,0.0
2024-02-23 00:00:00-05:00,143.60976818739678,144.5855266762284,143.4314492418366,143.9267578125,14519400,0.0,0.0
2024-02-26 00:00:00-05:00,142.10403315477777,142.4903732549936,137.43823464568032,137.44813537597656,33513000,0.0,0.0
2024-02-27 00:00:00-05:00,138.10197876082538,139.17184739303246,137.20051327688853,138.78550720214844,22364000,0.0,0.0
2024-02-28 00:00:00-05:00,137.7948622585504,137.97316610383112,135.3579372303791,136.14051818847656,30628700,0.0,0.0
2024-02-29 00:00:00-05:00,137.05186975157122,138.6368479025017,136.2791896909242,138.46844482421875,35485000,0.0,0.0
2024-03-01 00:00:00-05:00,138.3000977799477,138.68643796680175,136.68044374960223,136.78445434570312,28551500,0.0,0.0
2024-03-04 00:00:00-05:00,135.25886705717605,135.3480340938507,131.61340298379068,132.94082641601562,43571500,0.0,0.0
2024-03-05 00:00:00-05:00,131.4945297992263,132.76251857926212,130.31569293756363,132.52476501464844,28447600,0.0,0.0
2024-03-06 00:00:00-05:00,132.98045256927287,133.47576114766846,130.71193081547483,131.3162078857422,23175200,0.0,0.0
2024-03-07 00:00:00-05:00,132.63374523838772,134.54564442330667,131.4152902326785,133.97108459472656,24107300,0.0,0.0
2024-03-08 00:00:00-05:00,133.7680159870441,137.68095145260222,133.53522030777614,135.01123046875,26495200,0.0,0.0
2024-03-11 00:00:00-04:00,135.7838882077306,138.6665723758843,135.7838882077306,137.63633728027344,22536400,0.0,0.0
2024-03-12 00:00:00-04:00,136.95282632957588,138.963778013267,136.91320829290248,138.30996704101562,19019700,0.0,0.0
2024-03-13 00:00:00-04:00,138.74584336573625,140.85586285017413,138.6963094823439,139.44918823242188,19637000,0.0,0.0
2024-03-14 00:00:00-04:00,140.964819715736,143.37201207066147,140.15746434147835,142.9856719970703,36117900,0.0,0.0
2024-03-15 00:00:00-04:00,142.06443046256814,142.98569729504456,139.8058242303326,140.8360595703125,41039500,0.0,0.0
2024-03-18 00:00:00-04:00,147.96850182304996,151.49509700587473,146.75004677182014,147.08685302734375,47676700,0.0,0.0
2024-03-19 00:00:00-04:00,147.58217174607057,148.21616625908703,145.63065431533113,146.53211975097656,17748400,0.0,0.0
2024-03-20 00:00:00-04:00,147.39392503607218,148.35482491953593,146.27948069742166,148.27557373046875,17730000,0.0,0.0
2024-03-21 00:00:00-04:00,148.90959852124163,149.88534204242256,146.6212598806409,147.34442138671875,19843900,0.0,0.0
2024-03-22 00:00:00-04:00,148.83034977025932,151.1285740643062,148.68174810471223,150.3459930419922,19252900,0.0,0.0
2024-03-25 00:00:00-04:00,149.53367583119172,150.03492491136706,147.4038547191968,149.73179626464844,15114700,0.0,0.0
2024-03-26 00:00:00-04:00,149.8209511385386,151.76255239057298,149.61291487515402,150.27662658691406,19312700,0.0,0.0
2024-03-27 00:00:00-04:00,150.71745211106605,151.25733664964437,148.72135913735718,150.51437377929688,16622000,0.0,0.0
2024-03-28 00:00:00-04:00,150.57383531470776,151.23754711702307,149.91012351239246,150.83139038085938,21105600,0.0,0.0
2024-04-01 00:00:00-04:00,150.40542016892036,155.5269095813885,150.22710120227163,155.03160095214844,24469800,0.0,0.0
2024-04-02 00:00:00-04:00,153.29802992061946,154.52640083624334,152.02014023160498,154.4075164794922,17598100,0.0,0.0
2024-04-03 00:00:00-04:00,153.46640964513813,155.08112046379227,152.68580888035737,154.90280151367188,17266200,0.0,0.0
2024-04-04 00:00:00-04:00,153.62491105852698,154.71458086566568,150.454939168168,150.51437377929688,24184800,0.0,0.0
2024-04-05 00:00:00-04:00,150.2568010507401,153.38715485153506,149.66342234926154,152.49560546875,16297300,0.0,0.0
2024-04-08 00:00:00-04:00,152.56991093612692,155.18513979920064,152.54515155180928,154.6749725341797,16641500,0.0,0.0
2024-04-09 00:00:00-04:00,155.8736080998442,158.38976890506487,155.17026330179706,156.65618896484375,21521500,0.0,0.0
2024-04-10 00:00:00-04:00,156.39866211004795,156.67603374116098,154.73441720774957,156.18072509765625,16339200,0.0,0.0
2024-04-11 00:00:00-04:00,156.85433230458003,159.60824706029112,156.44817560286228,159.28134155273438,17841700,0.0,0.0
2024-04-12 00:00:00-04:00,157.90934444137733,160.18280925821207,157.1119047959072,157.6963653564453,16989800,0.0,0.0
2024-04-15 00:00:00-04:00,158.77612463959565,159.32096712626364,154.68487073998384,154.86318969726562,21140900,0.0,0.0
2024-04-16 00:00:00-04:00,154.17966259868803,155.7547403413665,153.59520207011462,154.53628540039062,15413200,0.0,0.0
2024-04-17 00:00:00-04:00,155.71513948887417,157.19214725776297,154.67003035252995,155.40805053710938,16237800,0.0,0.0
2024-04-18 00:00:00-04:00,155.45260589614836,156.99796629735252,154.74431823153293,155.9825897216797,14016100,0.0,0.0
2024-04-19 00:00:00-04:00,156.2698782912665,156.50763188369746,152.46591150609328,154.25892639160156,21479900,0.0,0.0
2024-04-22 00:00:00-04:00,154.54617216160483,157.69138455521903,154.1994652373781,156.4679718017578,17243900,0.0,0.0
2024-04-23 00:00:00-04:00,157.1019871223259,158.97425313298353,156.4828513368489,158.4195098876953,16115400,0.0,0.0
2024-04-24 00:00:00-04:00,157.59728965828975,159.87571228388947,157.32983389254926,159.58843994140625,19485700,0.0,0.0
2024-04-25 00:00:00-04:00,151.9210428277574,156.79487726673804,151.33460220608825,156.4679718017578,36197800,0.0,0.0
2024-04-26 00:00:00-04:00,174.3387098413964,174.76466794127194,169.79176583920835,172.06028747558594,56500800,0.0,0.0
2024-04-29 00:00:00-04:00,169.16769701250277,169.7719740860382,165.49250069005913,166.32461547851562,35914600,0.0,0.0
2024-04-30 00:00:00-04:00,165.80951140738776,168.27613855595277,162.95652904068055,163.09521484375,29420800,0.0,0.0
2024-05-01 00:00:00-04:00,164.62075672347748,167.22608475980573,163.35276793457385,164.01649475097656,25223200,0.0,0.0
2024-05-02 00:00:00-04:00,165.10615093252213,166.94869935084034,164.13535040284145,166.87936401367188,17041100,0.0,0.0
2024-05-03 00:00:00-04:00,167.9492310462724,168.25633507102046,163.43201909707656,167.40440368652344,22767100,0.0,0.0
2024-05-06 00:00:00-04:00,167.63223416853893,168.305846570366,166.31471155431106,168.23651123046875,15147900,0.0,0.0
2024-05-07 00:00:00-04:00,168.52382824359424,171.84240259938917,168.40495899189312,171.35699462890625,21102400,0.0,0.0
2024-05-08 00:00:00-04:00,169.14787472156453,170.29599658780256,168.92201716027472,169.5540313720703,14569900,0.0,0.0
2024-05-09 00:00:00-04:00,169.54413475845544,170.8220394641493,168.33558051513202,169.97010803222656,11937700,0.0,0.0
2024-05-10 00:00:00-04:00,168.09783844452926,169.73235081093375,166.334541002554,168.69219970703125,18740500,0.0,0.0
2024-05-13 00:00:00-04:00,164.29088077638684,169.34599689277005,164.20469152274447,169.2964630126953,19648600,0.0,0.0
2024-05-14 00:00:00-04:00,169.97999676807663,171.15883362023158,168.82097649171763,170.31680297851562,18729500,0.0,0.0
2024-05-15 00:00:00-04:00,170.68332782084883,172.41294743857043,170.41585697387714,172.24850463867188,20958200,0.0,0.0
2024-05-16 00:00:00-04:00,172.96181265981195,174.68547734725442,172.4169700396802,173.7840118408203,17247300,0.0,0.0
2024-05-17 00:00:00-04:00,173.9028615351815,175.82960422935122,173.3382024462926,175.62652587890625,16546400,0.0,0.0
2024-05-20 00:00:00-04:00,175.64634928434856,178.26157832551652,175.56215527943968,176.7855682373047,17495100,0.0,0.0
2024-05-21 00:00:00-04:00,176.72613502081106,178.13282500593942,175.64636570145768,177.85543823242188,14706000,0.0,0.0
2024-05-22 00:00:00-04:00,176.72612063530468,177.1738906599924,175.12132544302005,176.3298797607422,16189400,0.0,0.0
2024-05-23 00:00:00-04:00,177.1025005087374,178.22190252070536,172.90227911855192,173.4174041748047,14928400,0.0,0.0
2024-05-24 00:00:00-04:00,174.8637415254052,175.64038197611305,173.5561196470511,174.67552185058594,11403600,0.0,0.0
2024-05-28 00:00:00-04:00,174.09106450287192,176.83506314278407,174.03161477637013,176.34967041015625,15655300,0.0,0.0
2024-05-29 00:00:00-04:00,175.15102835918483,176.55770299858983,174.60618586472043,175.73548889160156,15023800,0.0,0.0
2024-05-30 00:00:00-04:00,175.03217075698623,175.03217075698623,171.6046282950818,171.93153381347656,18826300,0.0,0.0
2024-05-31 00:00:00-04:00,171.77300051136558,172.7834341940774,169.36580819399578,172.3277587890625,28085200,0.0,0.0
2024-06-03 00:00:00-04:00,172.2485206376133,174.2099384278144,170.8319302056324,172.783447265625,20742800,0.0,0.0
2024-06-04 00:00:00-04:00,172.81315836821165,173.5462204990264,171.59470350908947,173.48678588867188,14066600,0.0,0.0
2024-06-05 00:00:00-04:00,174.87861600867805,176.30014931265117,173.64528728094336,175.40859985351562,15233900,0.0,0.0
2024-06-06 00:00:00-04:00,175.7651936275025,177.03319748557178,175.54727176092263,176.67657470703125,14255800,0.0,0.0
2024-06-07 00:00:00-04:00,176.78557724070373,177.73656142285856,174.14061563975937,174.2991180419922,14716300,0.0,0.0
2024-06-10 00:00:00-04:00,174.99330735134745,176.99663540244106,172.94040418339307,175.1718292236328,17099800,0.2,0.0
2024-06-11 00:00:00-04:00,176.2528272558085,176.91729423038487,173.99165108975717,176.7189483642578,14402400,0.0,0.0
2024-06-12 00:00:00-04:00,178.26607059153048,180.57683704990706,176.3123327518906,178.07763671875,18600400,0.0,0.0
2024-06-13 00:00:00-04:00,176.37182408937264,177.03629103509226,175.20157293707155,175.28091430664062,15956900,0.0,0.0
2024-06-14 00:00:00-04:00,174.40025810223733,177.2544895614303,174.40025810223733,176.8974609375,12361600,0.0,0.0
2024-06-17 00:00:00-04:00,175.51893405561157,178.43466525175728,175.0329889448005,177.3040771484375,15272900,0.0,0.0
2024-06-18 00:00:00-04:00,177.31401064482665,177.43303028732612,174.17018207399104,174.9933319091797,15640300,0.0,0.0
2024-06-20 00:00:00-04:00,175.2511754321815,177.26441553563373,175.00323930975813,176.242919921875,16753200,0.0,0.0
2024-06-21 00:00:00-04:00,177.01645868160543,181.00524256680563,176.59000073191623,178.77183532714844,58903200,0.0,0.0
2024-06-24 00:00:00-04:00,179.78344561482618,180.57684425844877,178.74211084087284,179.2974853515625,18198300,0.0,0.0
2024-06-25 00:00:00-04:00,179.6495587509355,184.21653786153806,179.6098804972053,184.04794311523438,18797000,0.0,0.0
2024-06-26 00:00:00-04:00,182.67932147422675,184.39503510558444,182.47106361774135,183.83966064453125,13375700,0.0,0.0
2024-06-27 00:00:00-04:00,184.11243200434814,185.95211401514788,183.91903454201793,185.31739807128906,13025700,0.0,0.0
2024-06-28 00:00:00-04:00,184.18679238674952,185.03969327426924,181.811560038065,181.90577697753906,23032400,0.0,0.0
2024-07-01 00:00:00-04:00,182.9570070748589,183.8099078846836,181.2214543331195,182.96693420410156,11815900,0.0,0.0
2024-07-02 00:00:00-04:00,181.95533560345834,185.40660167578622,181.54871679143784,185.0694122314453,12555500,0.0,0.0
2024-07-03 00:00:00-04:00,184.76201961002377,186.0711145959763,183.8545648384142,185.843017578125,7409100,0.0,0.0
2024-07-05 00:00:00-04:00,185.77359582382786,190.67280117486118,185.77359582382786,190.3752899169922,14303400,0.0,0.0
2024-07-08 00:00:00-04:00,189.78520484906355,190.09660804327737,187.75708902188265,188.90750122070312,12097600,0.0,0.0
2024-07-09 00:00:00-04:00,190.16701126605642,191.26784828599935,188.65955536198584,188.86782836914062,10198500,0.0,0.0
2024-07-10 00:00:00-04:00,189.17525300237617,191.71411636191715,189.04632138194316,191.06948852539062,12052900,0.0,0.0
2024-07-11 00:00:00-04:00,189.760379320545,190.82155314517993,185.27770530478713,185.7537384033203,16452000,0.0,0.0
2024-07-12 00:00:00-04:00,185.3768960047456,187.1322881573144,184.60333643910266,185.23805236816406,14449100,0.0,0.0
2024-07-15 00:00:00-04:00,184.95042058514304,188.33225752442968,184.95042058514304,186.63638305664062,12186000,0.0,0.0
2024-07-16 00:00:00-04:00,187.4000243602805,188.7686213118594,183.59171444710816,183.9685821533203,12760100,0.0,0.0
2024-07-17 00:00:00-04:00,183.15537228923426,183.70083480656157,180.120636452785,181.1123809814453,17376600,0.0,0.0
2024-07-18 00:00:00-04:00,182.02477630865724,182.53057568154048,176.7387915149654,177.74044799804688,17877200,0.0,0.0
2024-07-19 00:00:00-04:00,178.8809477154139,180.4677449427541,177.38341899256622,177.90904235839844,14485900,0.0,0.0
2024-07-22 00:00:00-04:00,180.84462022090713,182.77851901845693,180.39832307831674,181.83636474609375,16303900,0.0,0.0
2024-07-23 00:00:00-04:00,182.32231381574988,183.69092613256566,181.81652954479748,182.0843048095703,23772600,0.0,0.0
2024-07-24 00:00:00-04:00,173.94207991667653,176.48094360031305,172.13711266429982,172.9304962158203,31250700,0.0,0.0
2024-07-25 00:00:00-04:00,172.81147992480655,173.753634177603,167.65441152750262,167.7635040283203,28967900,0.0,0.0
2024-07-26 00:00:00-04:00,167.3766983020734,168.43785688823968,164.49568217396276,167.2874298095703,25150100,0.0,0.0
2024-07-29 00:00:00-04:00,169.0924203061994,170.73871964310982,168.31886088433905,169.71722412109375,13768900,0.0,0.0
2024-07-30 00:00:00-04:00,170.41145676180236,171.52220574307563,168.71556703313274,170.4412078857422,13681400,0.0,0.0
2024-07-31 00:00:00-04:00,173.4759270878841,174.4577594829591,170.3023480626971,171.7205352783203,15650200,0.0,0.0
2024-08-01 00:00:00-04:00,170.56021554246618,174.2296671803092,169.10234991111668,171.02633666992188,17177800,0.0,0.0
2024-08-02 00:00:00-04:00,166.8015077570252,168.8048358587624,165.01636465314155,167.009765625,18907800,0.0,0.0
2024-08-05 00:00:00-04:00,156.0708189326366,164.5700761153893,155.30718660333892,159.31382751464844,34907800,0.0,0.0
2024-08-06 00:00:00-04:00,159.61631580524426,161.00971552972572,156.8245527915902,159.2146453857422,36146500,0.0,0.0
2024-08-07 00:00:00-04:00,161.89239259637475,163.4295846072473,158.91715882128483,159.42294311523438,19334200,0.0,0.0
2024-08-08 00:00:00-04:00,161.0037595821299,164.13371096291493,160.69235641669226,162.48741149902344,15733600,0.0,0.0
2024-08-09 00:00:00-04:00,160.31054925246286,164.15355931732216,159.60144041051933,164.02462768554688,13549200,0.0,0.0
2024-08-12 00:00:00-04:00,164.62464302754404,165.32382479919448,162.19983530552577,162.59652709960938,12435000,0.0,0.0
2024-08-13 00:00:00-04:00,163.82130537004713,165.16511486931805,163.40973807968246,164.56015014648438,12717600,0.0,0.0
2024-08-14 00:00:00-04:00,162.85436306864815,163.59817140740742,158.2129911657244,160.69235229492188,22515900,0.0,0.0
2024-08-15 00:00:00-04:00,160.87088600122738,162.17006890726202,160.1568287328568,161.8229522705078,18392500,0.0,0.0
2024-08-16 00:00:00-04:00,162.06098279706367,165.57175189435802,161.733705275082,163.3800048828125,16853100,0.0,0.0
2024-08-19 00:00:00-04:00,165.62132939576824,167.07919500287156,164.71883828035763,167.009765625,13100800,0.0,0.0
2024-08-20 00:00:00-04:00,167.34697003173005,169.00318150757275,167.26762865690395,167.56515502929688,12622500,0.0,0.0
2024-08-21 00:00:00-04:00,165.61145403690412,167.24782675000029,165.1949230759855,166.2461700439453,15269600,0.0,0.0
2024-08-22 00:00:00-04:00,167.64449083467883,168.0213586033965,163.6676006663833,164.12380981445312,19123800,0.0,0.0
2024-08-23 00:00:00-04:00,165.17505039415624,166.56348664853118,164.29239838969926,166.0477752685547,14281600,0.0,0.0
2024-08-26 00:00:00-04:00,166.76681925212634,167.9817124930693,164.94697630639354,166.54367065429688,11990300,0.0,0.0
2024-08-27 00:00:00-04:00,166.2262959634789,166.85604827207698,164.78826946752432,165.00645446777344,13718200,0.0,0.0
2024-08-28 00:00:00-04:00,165.4031439884863,166.0081087296155,161.93203829117914,163.1419677734375,15208700,0.0,0.0
2024-08-29 00:00:00-04:00,164.68908457644847,166.24613066102805,160.64474771468656,162.05104064941406,17133800,0.0,0.0
2024-08-30 00:00:00-04:00,162.86429617112208,163.915543004883,162.06098548241124,163.7469482421875,18498800,0.0,0.0
2024-09-03 00:00:00-04:00,161.9667579039917,162.0312237187241,156.551826193132,157.30059814453125,26533100,0.0,0.0
2024-09-04 00:00:00-04:00,156.7700138440623,159.07581685402644,156.14026151415925,156.5072021484375,17410700,0.0,0.0
2024-09-05 00:00:00-04:00,156.47745737754192,159.68575167364398,156.21960923660788,157.2906951904297,14139500,0.0,0.0
2024-09-06 00:00:00-04:00,157.37990957363368,157.9055328559868,150.68067180647176,150.8740692138672,24999100,0.0,0.0
2024-09-09 00:00:00-04:00,152.56228823686743,153.5652633600349,147.17001843726482,148.50070190429688,28057700,0.2,0.0
2024-09-10 00:00:00-04:00,150.3974322904828,151.24153092353643,148.50368808226207,148.96743774414062,20401800,0.0,0.0
2024-09-11 00:00:00-04:00,150.0399291805409,151.42026815094792,147.66654015508587,151.09255981445312,18991500,0.0,0.0
2024-09-12 00:00:00-04:00,153.73406214572904,154.52850514563386,152.43316912034558,154.458984375,20980800,0.0,0.0
2024-09-13 00:00:00-04:00,155.27530779796513,158.16805732227857,155.02506024998843,157.26934814453125,16733900,0.0,0.0
2024-09-16 00:00:00-04:00,157.22959319202178,158.13327224174085,156.514596048589,157.885009765625,14157600,0.0,0.0
2024-09-17 00:00:00-04:00,158.97737946671782,160.46695454732912,158.30211270348985,159.1660614013672,12064800,0.0,0.0
2024-09-18 00:00:00-04:00,159.73209803911575,160.50667582436532,158.55036611853902,159.69236755371094,16756500,0.0,0.0
2024-09-19 00:00:00-04:00,163.67452020024118,163.84333689421396,161.39248701240453,162.10549926757812,17548200,0.0,0.0
2024-09-20 00:00:00-04:00,163.37659690066155,163.60499416720182,162.04589833035038,163.49575805664062,46362700,0.0,0.0
2024-09-23 00:00:00-04:00,164.19088868852813,165.4520664721991,161.81749971766186,161.93667602539062,15648400,0.0,0.0
2024-09-24 00:00:00-04:00,163.10846190958097,163.40637993905065,160.9038897053418,162.50270080566406,18774100,0.0,0.0
2024-09-25 00:00:00-04:00,161.83734301123582,163.075670293571,161.64369100790452,161.85720825195312,13607900,0.0,0.0
2024-09-26 00:00:00-04:00,163.8830326463097,164.3497673367662,162.36366742937327,162.69137573242188,18234500,0.0,0.0
2024-09-27 00:00:00-04:00,162.77085172404753,165.80958272128777,162.69140589469416,164.14125061035156,13604300,0.0,0.0
2024-09-30 00:00:00-04:00,163.63477628088927,166.19684707562433,163.49574988827916,166.0280303955078,14070100,0.0,0.0
2024-10-01 00:00:00-04:00,167.68641033223324,169.2554310263601,164.74697589770992,167.2494659423828,18629500,0.0,0.0
2024-10-02 00:00:00-04:00,166.59404043064046,167.70626658686254,165.09454058467676,166.1471710205078,12745000,0.0,0.0
2024-10-03 00:00:00-04:00,164.6675584435498,166.74302930903772,164.22067382089543,166.0478973388672,11004300,0.0,0.0
2024-10-04 00:00:00-04:00,168.16306647954337,168.37161362581077,165.7996180207003,167.38848876953125,11422100,0.0,0.0
2024-10-07 00:00:00-04:00,167.9644539095833,168.7191663535683,162.98927953056406,163.24746704101562,14034700,0.0,0.0
2024-10-08 00:00:00-04:00,164.28025787140118,164.94561472057438,163.16804669560264,164.5483856201172,11723900,0.0,0.0
2024-10-09 00:00:00-04:00,163.7092347637181,165.10446864175475,160.00019283226675,161.9267120361328,19666400,0.0,0.0
2024-10-10 00:00:00-04:00,160.98332761418612,163.16903454921285,160.5165929265873,162.04588317871094,12900500,0.0,0.0
2024-10-11 00:00:00-04:00,162.1948398652816,164.12135907053835,161.3706066407265,163.37657165527344,10946000,0.0,0.0
2024-10-14 00:00:00-04:00,163.76388370945972,166.4550407990706,163.63478235697784,165.19387817382812,9981800,0.0,0.0
2024-10-15 00:00:00-04:00,165.9783887422495,167.91483335576783,164.8959677983779,165.74005126953125,14829300,0.0,0.0
2024-10-16 00:00:00-04:00,164.87608933588828,166.1174018287217,164.06775124698822,165.58116149902344,9968500,0.0,0.0
2024-10-17 00:00:00-04:00,166.21668625553417,166.76285154267384,163.22759655399383,163.3666229248047,15113400,0.0,0.0
2024-10-18 00:00:00-04:00,163.72415144272233,165.21372646812054,163.60499028956752,163.9029083251953,13091300,0.0,0.0
2024-10-21 00:00:00-04:00,163.43618277725645,165.0647842903146,163.16308491562907,164.647705078125,11384000,0.0,0.0
2024-10-22 00:00:00-04:00,163.5553376368578,166.3060904749423,163.52554734804474,165.66061401367188,11958600,0.0,0.0
2024-10-23 00:00:00-04:00,165.27329741700927,166.43517920354844,162.49573959077782,163.33685302734375,12754300,0.0,0.0
2024-10-24 00:00:00-04:00,163.44610096316273,163.90291064462184,161.63875778619533,163.3865203857422,12764400,0.0,0.0
2024-10-25 00:00:00-04:00,164.2157006655502,166.23654567747343,164.08162923252434,165.82940673828125,14566400,0.0,0.0
2024-10-28 00:00:00-04:00,169.40440658674908,169.4203018125172,164.6377632544694,167.1700439453125,20858300,0.0,0.0
2024-10-29 00:00:00-04:00,168.20776917936732,170.66557399607956,167.4878170193665,169.95057678222656,28916100,0.0,0.0
2024-10-30 00:00:00-04:00,181.14226048035124,182.51265922447976,174.5235735130268,174.91583251953125,49698300,0.0,0.0
2024-10-31 00:00:00-04:00,173.50568198093197,177.17996362783515,171.36069053257347,171.4897918701172,32801900,0.0,0.0
2024-11-01 00:00:00-04:00,170.3477871566302,172.61195505493563,169.12633992217164,171.4500732421875,21752900,0.0,0.0
2024-11-04 00:00:00-05:00,170.0498798587331,170.72514655525302,168.30707233770866,169.49375915527344,16194000,0.0,0.0
2024-11-05 00:00:00-05:00,169.6427486121674,170.9009413784906,169.18593890377872,170.21871948242188,12518300,0.0,0.0
2024-11-06 00:00:00-05:00,174.13133696324593,177.3984650474971,173.82347871124938,177.0906219482422,27061500,0.0,0.0
2024-11-07 00:00:00-05:00,177.8651863894854,181.3110711071946,177.64671417691807,181.01315307617188,16730400,0.0,0.0
2024-11-08 00:00:00-05:00,180.73511188520192,181.08268546915465,178.3220074998308,178.6099853515625,15021500,0.0,0.0
2024-11-11 00:00:00-05:00,178.81850299671146,180.81949794168005,178.7390571862804,180.70529174804688,12503400,0.0,0.0
2024-11-12 00:00:00-05:00,180.11942467364923,182.7460311715292,179.73213575648364,182.0459442138672,14065800,0.0,0.0
2024-11-13 00:00:00-05:00,180.88404714793734,181.34582690306567,178.86815690797792,179.235595703125,13969700,0.0,0.0
2024-11-14 00:00:00-05:00,178.5007302235862,179.19090721876722,174.8065831619554,176.11741638183594,17925800,0.0,0.0
2024-11-15 00:00:00-05:00,174.41927954302977,174.65761696815795,171.54439591042149,172.6814422607422,21708900,0.0,0.0
2024-11-18 00:00:00-05:00,173.73907992080197,175.68049466068416,173.20779448719716,175.57125854492188,18662800,0.0,0.0
2024-11-19 00:00:00-05:00,174.01712088866657,178.91782031371255,173.89894466327564,178.33192443847656,15392900,0.0,0.0
2024-11-20 00:00:00-05:00,177.5871243633636,177.86517713712337,174.11144953862714,176.09754943847656,15729800,0.0,0.0
2024-11-21 00:00:00-05:00,174.23561527996347,174.3597465482813,164.1611173005207,168.06381225585938,38839400,0.0,0.0
2024-11-22 00:00:00-05:00,165.9982494063908,167.09556546498456,164.55832986954186,165.412353515625,24497000,0.0,0.0
2024-11-25 00:00:00-05:00,166.82247737261747,169.27531212038377,166.23656634804354,168.25245666503906,21395700,0.0,0.0
2024-11-26 00:00:00-05:00,168.3120526288106,170.30310760657719,168.25245689956185,169.43418884277344,14937500,0.0,0.0
2024-11-27 00:00:00-05:00,169.4937861961867,169.9505959158656,168.490811035963,169.63282775878906,12433400,0.0,0.0
2024-11-29 00:00:00-05:00,168.87809532936274,169.68246347519678,167.5772021401505,169.30511474609375,9250700,0.0,0.0
2024-12-02 00:00:00-05:00,169.13628474793555,172.39348756411434,169.08662921695452,171.7777862548828,16593400,0.0,0.0
2024-12-03 00:00:00-05:00,171.9167855175737,173.10845746208255,171.3110245017857,171.81748962402344,15721500,0.0,0.0
2024-12-04 00:00:00-05:00,171.5791871647235,175.2038138017161,171.54939687531467,174.86618041992188,18239800,0.0,0.0
2024-12-05 00:00:00-05:00,176.0876314261641,176.47492031599185,172.80062323234267,173.09854125976562,16145500,0.0,0.0
2024-12-06 00:00:00-05:00,172.67153615118065,175.60997069160686,172.34382783797165,175.26339721679688,13319500,0.0,0.0
2024-12-09 00:00:00-05:00,174.69172038692363,177.0031777198069,174.37855236164296,176.06866455078125,19887800,0.2,0.0
2024-12-10 00:00:00-05:00,183.46037868240086,186.93502097230706,181.60623390102847,185.44375610351562,34317400,0.0,0.0
2024-12-11 00:00:00-05:00,185.61276627052226,195.74342814716454,185.1753261438476,195.56448364257812,41664500,0.0,0.0
2024-12-12 00:00:00-05:00,195.15686046585068,195.5595007563821,192.15444302701073,192.50241088867188,25197800,0.0,0.0
2024-12-13 00:00:00-05:00,191.58779022130224,193.20828785645608,190.14622193288685,190.26553344726562,18883200,0.0,0.0
2024-12-16 00:00:00-05:00,193.2331290648332,199.4715807984867,192.97960919222217,197.0060272216797,32248600,0.0,0.0
2024-12-17 00:00:00-05:00,197.37388435833452,201.69855874967328,195.54460300716545,195.9720916748047,24129500,0.0,0.0
2024-12-18 00:00:00-05:00,195.68378656433057,197.53295569027495,188.17775002520415,189.0426788330078,27638400,0.0,0.0
2024-12-19 00:00:00-05:00,192.15442951009456,193.4667497498315,188.41633139344898,188.59527587890625,26981200,0.0,0.0
2024-12-20 00:00:00-05:00,185.92095620072337,193.00446431173899,185.28468379825043,191.83631896972656,45319700,0.0,0.0
2024-12-23 00:00:00-05:00,192.90008576515993,195.3457668921676,190.51406797729044,194.8486785888672,15235900,0.0,0.0
2024-12-24 00:00:00-05:00,195.02762301946706,196.51888792877932,194.06128323687327,196.4194793701172,6809800,0.0,0.0
2024-12-26 00:00:00-05:00,195.59432052891566,197.00604955835706,194.72937652367543,195.9522247314453,7907900,0.0,0.0
2024-12-27 00:00:00-05:00,195.325875923865,195.6539560190793,190.85406852813938,192.91001892089844,14693000,0.0,0.0
2024-12-30 00:00:00-05:00,189.75351714009952,192.6515351767442,189.25145311616282,191.56788635253906,12209500,0.0,0.0
2024-12-31 00:00:00-05:00,191.32432258468026,192.1246274640893,188.4760011717089,189.33099365234375,14355200,0.0,0.0
2025-01-02 00:00:00-05:00,190.36991423931588,192.0749235336435,187.61108013531558,189.5198974609375,17545200,0.0,0.0
2025-01-03 00:00:00-05:00,191.60268502117808,193.36734236035045,190.23569224099563,192.0053253173828,12875000,0.0,0.0
2025-01-06 00:00:00-05:00,194.01357127083,198.39789403056898,193.92409901122687,196.80722045898438,19483300,0.0,0.0
2025-01-07 00:00:00-05:00,197.115396695384,200.96285524330096,194.79896342089748,195.56448364257812,16966800,0.0,0.0
2025-01-08 00:00:00-05:00,192.82055000594426,196.48906411509944,192.6217177184147,194.25216674804688,14335300,0.0,0.0
2025-01-10 00:00:00-05:00,194.2819870451236,196.46917250517149,190.48424036657397,192.0450897216797,20753800,0.0,0.0
2025-01-13 00:00:00-05:00,190.23571371467457,191.36907452265254,187.56137601928774,191.17022705078125,13169100,0.0,0.0
2025-01-14 00:00:00-05:00,191.37899197430036,192.1445121897782,188.53564634388496,189.93743896484375,13651200,0.0,0.0
2025-01-15 00:00:00-05:00,193.21825698760236,196.6481637332541,192.20419245734536,195.8329315185547,12894900,0.0,0.0
2025-01-16 00:00:00-05:00,194.68463103175222,195.83290379924253,193.16851777404997,193.2778778076172,13449600,0.0,0.0
2025-01-17 00:00:00-05:00,196.8966548903714,197.65222355396767,194.17260587410223,196.39956665039062,22109100,0.0,0.0
2025-01-21 00:00:00-05:00,199.34233330457158,202.65294301529255,198.27857229123785,198.46746826171875,19005200,0.0,0.0
2025-01-22 00:00:00-05:00,199.3821341970215,200.94298368051403,198.03998962458544,198.8651580810547,15477400,0.0,0.0
2025-01-23 00:00:00-05:00,198.81541967388551,200.7640123616864,195.67383334528745,198.41775512695312,15170800,0.0,0.0
2025-01-24 00:00:00-05:00,198.68619333405513,201.39035481466857,198.6205682144805,200.7242431640625,12732400,0.0,0.0
2025-01-27 00:00:00-05:00,193.05916920062347,197.5130764167893,191.57784050708574,192.64161682128906,24970200,0.0,0.0
2025-01-28 00:00:00-05:00,193.51647302871834,196.08145052889157,191.48835939854465,195.92239379882812,15939200,0.0,0.0
2025-01-29 00:00:00-05:00,196.22061899239122,197.30428295094978,194.05332141513438,196.03172302246094,12287800,0.0,0.0
2025-01-30 00:00:00-05:00,198.59671500847887,202.0544732875491,198.31039772609935,201.45001220703125,14571500,0.0,0.0
2025-01-31 00:00:00-05:00,202.52869252652928,205.87410241351043,202.39448414001268,204.40272521972656,17060300,0.0,0.0
2025-02-03 00:00:00-05:00,201.03741758959575,204.02492312788578,200.48565685799417,201.45994567871094,16719500,0.0,0.0
2025-02-04 00:00:00-05:00,203.30909867802956,207.484637034986,203.07049085165812,206.5004119873047,28285400,0.0,0.0
2025-02-05 00:00:00-05:00,191.97549938745655,193.41705236234282,188.8040737407485,192.17433166503906,43666400,0.0,0.0
2025-02-06 00:00:00-05:00,189.87779852054558,192.70125648659283,189.38071020948382,192.1842803955078,20816600,0.0,0.0
2025-02-07 00:00:00-05:00,191.61759623747585,191.89098872436244,184.0220879020144,186.05020141601562,29565700,0.0,0.0
2025-02-10 00:00:00-05:00,187.95902691273864,188.88361904571371,186.5174738664176,187.10403442382812,16606000,0.0,0.0
2025-02-11 00:00:00-05:00,185.74698923324107,187.7005425851378,184.99638105597592,185.98062133789062,13028100,0.0,0.0
2025-02-12 00:00:00-05:00,184.1513264064333,185.74201502607886,182.56065295671868,184.35015869140625,17632300,0.0,0.0
2025-02-13 00:00:00-05:00,184.84726253065554,186.89527923087283,183.80338915429653,186.78591918945312,12729300,0.0,0.0
2025-02-14 00:00:00-05:00,185.74203892226876,187.05434430786647,185.02623046833077,185.78179931640625,12714200,0.0,0.0
2025-02-18 00:00:00-05:00,186.34846661531262,186.68648302267232,182.51094428547782,184.718017578125,19796000,0.0,0.0
2025-02-19 00:00:00-05:00,185.1007789780448,186.26893958729852,184.41977039326954,186.040283203125,13120500,0.0,0.0
2025-02-20 00:00:00-05:00,185.4139317306536,186.0303163544152,183.52500230110178,185.55311584472656,12063800,0.0,0.0
2025-02-21 00:00:00-05:00,186.1993227149874,186.37828238556153,180.075206586273,180.5225830078125,19520800,0.0,0.0
2025-02-24 00:00:00-05:00,182.72965866150562,184.01213977650488,179.8266648647463,180.13485717773438,18734000,0.0,0.0
2025-02-25 00:00:00-05:00,179.1059136126459,179.70738630697497,175.740630729414,176.33712768554688,20832500,0.0,0.0
2025-02-26 00:00:00-05:00,175.9145690162958,177.04295388866498,172.57909591858115,173.68263244628906,23637200,0.0,0.0
2025-02-27 00:00:00-05:00,174.91542311066885,175.56163179456826,168.7634551534289,169.2187957763672,25930500,0.0,0.0
2025-02-28 00:00:00-05:00,169.30828472352817,171.49547029621826,167.40940370149372,171.21710205078125,30049800,0.0,0.0
2025-03-03 00:00:00-05:00,172.7182775916385,173.98088598321118,166.6637464002058,167.6778106689453,24122000,0.0,0.0
2025-03-04 00:00:00-05:00,166.96201001565393,174.1449263920016,166.56433029898,171.6048126220703,30711400,0.0,0.0
2025-03-05 00:00:00-05:00,171.3165279429297,174.72654657749794,169.93460783360612,173.97097778320312,18848000,0.0,0.0
2025-03-06 00:00:00-05:00,171.54518919322038,175.7008404346642,171.5034263697273,173.19552612304688,19082400,0.0,0.0
2025-03-07 00:00:00-05:00,172.2331565576281,175.86984432730586,171.2469289462224,174.72654724121094,16395300,0.0,0.0
2025-03-10 00:00:00-04:00,169.36180974146336,169.65044271452004,164.78836295165348,167.0228271484375,28990700,0.2,0.0
2025-03-11 00:00:00-04:00,165.89812941502797,167.86387115101326,162.47427853978863,165.201416015625,23705900,0.0,0.0
2025-03-12 00:00:00-04:00,167.67977787596422,168.7348034228639,164.70379726630745,168.20729064941406,19880100,0.0,0.0
2025-03-13 00:00:00-04:00,167.19203019448523,167.33137287085532,163.30038288043042,163.957275390625,15206200,0.0,0.0
2025-03-14 00:00:00-04:00,164.53952948667705,167.46075932186233,163.7382977482921,166.83370971679688,18611100,0.0,0.0
2025-03-17 00:00:00-04:00,166.54012924096332,167.6698150410797,165.03223622585048,165.78868103027344,17839100,0.0,0.0
2025-03-18 00:00:00-04:00,165.1815278017784,165.6592719835434,158.05511001359008,161.90695190429688,24616800,0.0,0.0
2025-03-19 00:00:00-04:00,163.14611853678477,167.34433550634267,162.285185705191,165.50003051757812,24955700,0.0,0.0
2025-03-20 00:00:00-04:00,163.05654264781444,166.24651076920435,162.37475820888795,164.2758026123047,19981500,0.0,0.0
2025-03-21 00:00:00-04:00,162.61362127643778,165.68912304665585,162.26525698300816,165.47015380859375,29882100,0.0,0.0
2025-03-24 00:00:00-04:00,168.47101484373093,169.70022234031205,166.65457855113803,169.1328887939453,18742800,0.0,0.0
2025-03-25 00:00:00-04:00,170.37704356114168,172.09893963422513,169.75000901149895,171.9794921875,13841600,0.0,0.0
2025-03-26 00:00:00-04:00,170.49647767653005,171.13347498946774,166.07828934252277,166.35598754882812,22498000,0.0,0.0
2025-03-27 00:00:00-04:00,165.92800127409646,166.65457272830486,163.08141639132555,163.31033325195312,21571200,0.0,0.0
2025-03-28 00:00:00-04:00,161.59840838616628,163.04160374290367,154.61034611854916,155.3279571533203,34866500,0.0,0.0
2025-03-31 00:00:00-04:00,154.08383965471086,156.39296466071943,151.49604442998103,155.49717712402344,33591600,0.0,0.0
2025-04-01 00:00:00-04:00,154.57154116136496,159.32911851839256,154.52675406421983,158.13475036621094,20111400,0.0,0.0
2025-04-02 00:00:00-04:00,156.22374095545243,159.52317824352485,155.79575009596192,158.1148223876953,17113300,0.0,0.0
2025-04-03 00:00:00-04:00,152.11810272786587,153.9614053357211,151.46616116764272,151.9140625,28416100,0.0,0.0
2025-04-04 00:00:00-04:00,149.19685355200627,152.3718925544074,146.84792306646924,147.0469970703125,39832200,0.0,0.0
2025-04-07 00:00:00-04:00,142.7173827311291,154.2032439874377,141.99081128205492,148.53994750976562,47823000,0.0,0.0
2025-04-08 00:00:00-04:00,152.85460858744764,153.71555651979986,144.5288567820015,145.89242553710938,35304400,0.0,0.0
2025-04-09 00:00:00-04:00,145.64360348412563,161.11070245214586,145.1260384248715,160.30450439453125,46479500,0.0,0.0
2025-04-10 00:00:00-04:00,158.0152716519422,159.27931849658606,151.48604620394914,154.64117431640625,35270500,0.0,0.0
2025-04-11 00:00:00-04:00,154.85519081882308,159.11013163588308,154.85519081882308,158.65228271484375,22582000,0.0,0.0
2025-04-14 00:00:00-04:00,161.54864157239768,163.2605746935053,159.169853077763,160.71258544921875,18255900,0.0,0.0
2025-04-15 00:00:00-04:00,160.81211180180208,161.28985595667177,156.90552022558768,157.93565368652344,15690800,0.0,0.0
2025-04-16 00:00:00-04:00,154.7407260447459,157.43800553301546,153.18804608752285,154.7705841064453,16921500,0.0,0.0
2025-04-17 00:00:00-04:00,155.8753800161428,156.3332289469555,150.1921575977148,152.640625,19513400,0.0,0.0
2025-04-21 00:00:00-04:00,150.25687128716692,150.35142688970782,147.7039003929934,149.1570587158203,16147800,0.0,0.0
2025-04-22 00:00:00-04:00,150.3613735543542,153.88476156699772,150.16229955740712,153.17808532714844,15910300,0.0,0.0
2025-04-23 00:00:00-04:00,157.16929002372433,159.26939318494132,155.61660999689363,156.9801788330078,18575700,0.0,0.0
2025-04-24 00:00:00-04:00,157.78139242473145,160.95146513607583,157.3484353319143,160.71258544921875,30787500,0.0,0.0
2025-04-25 00:00:00-04:00,166.3161758461125,167.45082774334685,162.23540199108334,163.0814208984375,35148100,0.0,0.0
2025-04-28 00:00:00-04:00,163.48949220916532,164.1762580227603,159.62770264005619,161.6581268310547,20871200,0.0,0.0
2025-04-29 00:00:00-04:00,161.28487565715832,161.91689152457334,158.6423309761904,161.2998046875,15955200,0.0,0.0
2025-04-30 00:00:00-04:00,159.11013240173494,160.61702290537067,156.41781914111445,160.1352996826172,20639500,0.0,0.0
2025-05-01 00:00:00-04:00,161.75764465620227,163.17098180354589,160.17509159138834,162.0263671875,21904300,0.0,0.0
2025-05-02 00:00:00-04:00,164.18124139456805,165.91805119958826,162.89231772071128,165.0322265625,16844900,0.0,0.0
2025-05-05 00:00:00-04:00,163.74329957171147,166.31618064829416,163.6985124782238,165.27110290527344,15309300,0.0,0.0
2025-05-06 00:00:00-04:00,163.19092078268739,165.9578794432827,162.36481223478089,164.4250946044922,10691900,0.0,0.0
2025-05-07 00:00:00-04:00,165.29100956360173,166.2066922241363,148.78878086271982,152.083251953125,78729800,0.0,0.0
2025-05-08 00:00:00-04:00,155.18860992261867,156.67162611025773,153.3771550610159,155.0194091796875,38387500,0.0,0.0
2025-05-09 00:00:00-04:00,154.8203479455657,155.69620970774426,153.10841491932555,153.6558380126953,22871000,0.0,0.0
2025-05-12 00:00:00-04:00,158.35372244289658,159.687433316715,157.1493914562774,158.8314666748047,31884900,0.0,0.0
2025-05-13 00:00:00-04:00,159.16984852493763,161.29980964671026,156.84082859675152,160.1352996826172,24944300,0.0,0.0
2025-05-14 00:00:00-04:00,160.5533557129755,167.55037952896217,160.17513328382506,166.02755737304688,31769200,0.0,0.0
2025-05-15 00:00:00-04:00,166.35597366807417,166.72423320018453,163.07145037749441,164.62413024902344,22717600,0.0,0.0
2025-05-16 00:00:00-04:00,168.13757130343112,169.8495042959519,166.1668633933294,166.6446075439453,36271400,0.0,0.0
2025-05-19 00:00:00-04:00,164.9376750070703,167.16219187311862,164.63907918324355,167.0825653076172,21374700,0.0,0.0
2025-05-20 00:00:00-04:00,166.9730668506949,168.88405870282836,163.48948463137373,164.54452514648438,33563300,0.0,0.0
2025-05-21 00:00:00-04:00,164.17626740974742,173.71133240823067,164.11655128118812,169.26229858398438,45567600,0.0,0.0
2025-05-22 00:00:00-04:00,172.53686279442678,177.2944397456995,171.07375699694188,171.17327880859375,45024100,0.0,0.0
2025-05-23 00:00:00-04:00,169.481260451802,170.40192455949247,168.4660407489468,168.79449462890625,24963600,0.0,0.0
2025-05-27 00:00:00-04:00,170.49647322110334,173.47243808300968,170.4068990358155,173.1638946533203,24341300,0.0,0.0
2025-05-28 00:00:00-04:00,173.16390313629066,175.6521763198277,172.20343333237676,172.5667266845703,25999200,0.0,0.0
2025-05-29 00:00:00-04:00,174.17912111460438,174.57723874512357,170.97422407111853,172.14869689941406,21174700,0.0,0.0
2025-05-30 00:00:00-04:00,171.60126135487872,172.62642860716718,167.73447542600755,172.03919982910156,36258300,0.0,0.0
2025-06-02 00:00:00-04:00,168.2171949804526,170.2595713124342,167.85888307682055,169.57081604003906,24742900,0.0,0.0
2025-06-03 00:00:00-04:00,168.07289021454937,169.00350186826327,165.89812689813073,166.92330932617188,25386700,0.0,0.0
2025-06-04 00:00:00-04:00,167.49063462315237,168.78453964888584,167.0079090431092,168.59542846679688,18508700,0.0,0.0
2025-06-05 00:00:00-04:00,170.81496553187617,171.55149983093557,168.55562451008362,169.01345825195312,25375400,0.0,0.0
2025-06-06 00:00:00-04:00,171.49179703297156,175.00523767988767,171.49179703297156,174.09950256347656,22258100,0.0,0.0
2025-06-09 00:00:00-04:00,175.25543303476854,177.29328513918813,175.04617537618503,177.00929260253906,18817600,0.21,0.0
2025-06-10 00:00:00-04:00,177.13882860396632,181.80747007624,175.85833047408428,179.38096618652344,32908000,0.0,0.0
2025-06-11 00:00:00-04:00,180.59671363135325,181.1149008238415,177.3780046582877,178.1652374267578,18994400,0.0,0.0
2025-06-12 00:00:00-04:00,176.85980538741683,177.50754313515816,175.49459761391958,176.35159301757812,17345900,0.0,0.0
2025-06-13 00:00:00-04:00,172.97344543515567,177.71980213740534,172.96348585303443,175.26541137695312,20873200,0.0,0.0
2025-06-16 00:00:00-04:00,175.2903142659251,177.62213369286818,175.20561980599533,177.31820678710938,18132500,0.0,0.0
2025-06-17 00:00:00-04:00,176.38149522016678,178.09049871380665,175.32520169296626,176.61068725585938,17656100,0.0,0.0
2025-06-18 00:00:00-04:00,176.66052685976126,177.20263227861145,172.2360391794903,173.37205505371094,32531800,0.0,0.0
2025-06-20 00:00:00-04:00,174.25396800865116,174.75222083950547,165.68900062982777,167.14389038085938,55402600,0.0,0.0
2025-06-23 00:00:00-04:00,166.73533632586918,167.89127134915032,162.75927322090135,165.42990112304688,36975600,0.0,0.0
2025-06-24 00:00:00-04:00,167.0990386554203,168.65857234811688,166.32675289967696,167.1538543701172,27310300,0.0,0.0
2025-06-25 00:00:00-04:00,168.06067467831176,172.75422306087353,167.97199637858841,170.89076232910156,23627400,0.0,0.0
2025-06-26 00:00:00-04:00,172.77911855708103,174.0396975370578,170.26294799089413,173.82046508789062,25909100,0.0,0.0
2025-06-27 00:00:00-04:00,174.0197842976357,178.2150645153693,172.10649529878393,177.64706420898438,74053100,0.0,0.0
2025-06-30 00:00:00-04:00,180.15326708487888,180.9454872058004,174.88673138226017,176.77012634277344,43964600,0.0,0.0
2025-07-01 00:00:00-04:00,176.1871802959817,176.60073867022177,174.04968655010248,176.2918243408203,25778500,0.0,0.0
2025-07-02 00:00:00-04:00,175.92808916249717,179.30624272713206,175.4746772644932,179.13185119628906,19325900,0.0,0.0
2025-07-03 00:00:00-04:00,179.19165303442563,180.13833035952575,177.56734396141616,179.91909790039062,13287400,0.0,0.0
2025-07-07 00:00:00-04:00,179.50554374189957,179.70982922930475,176.02276128420107,176.93954467773438,20991400,0.0,0.0
2025-07-08 00:00:00-04:00,178.15525775698654,178.16521733833608,173.31224026426824,174.54791259765625,24108600,0.0,0.0
2025-07-09 00:00:00-04:00,175.49461300956185,179.65003980175632,173.2724096374585,177.03919982910156,31288000,0.0,0.0
2025-07-10 00:00:00-04:00,176.05264112915165,178.9624356333861,175.12589822713676,178.07554626464844,24693700,0.0,0.0
2025-07-11 00:00:00-04:00,177.2883092697916,181.9718823987629,176.92059543078196,180.67642211914062,23975700,0.0,0.0
2025-07-14 00:00:00-04:00,181.433768736665,184.08446188433334,180.07950896609893,182.17117309570312,20990400,0.0,0.0
2025-07-15 00:00:00-04:00,183.29725091245476,184.7621154281474,181.75266412044562,182.46018981933594,23911600,0.0,0.0
2025-07-16 00:00:00-04:00,183.67590395069982,184.687356440907,182.4402316372753,183.12782287597656,21152600,0.0,0.0
2025-07-17 00:00:00-04:00,182.4751429604525,184.53989372656676,180.86578081422454,184.05459594726562,21654400,0.0,0.0
2025-07-18 00:00:00-04:00,185.96786919122337,186.70528880516724,184.08447422572183,185.29025268554688,21033400,0.0,0.0
2025-07-21 00:00:00-04:00,186.44621980294906,190.59167189766498,186.39639147758976,190.4820556640625,24665000,0.0,0.0
2025-07-22 00:00:00-04:00,191.74760448667308,192.68432217748722,187.83631699088667,191.43869018554688,26212900,0.0,0.0
2025-07-23 00:00:00-04:00,191.6878103452721,192.68431590639216,189.51542031518696,190.8407745361328,34068100,0.0,0.0
2025-07-24 00:00:00-04:00,197.41771779224547,198.27471318507006,191.2792398718029,192.52487182617188,45252100,0.0,0.0
2025-07-25 00:00:00-04:00,192.25583429143327,194.59264133655842,191.45864190870907,193.40182495117188,31101800,0.0,0.0
2025-07-28 00:00:00-04:00,193.73065611914654,194.1392270618731,191.18457642041753,192.74411010742188,25553500,0.0,0.0
2025-07-29 00:00:00-04:00,192.62452404731144,195.97278327208934,192.3156097625871,195.7435760498047,31891600,0.0,0.0
2025-07-30 00:00:00-04:00,195.61403012946238,197.78640479239016,194.87661059515094,196.7500457763672,21150500,0.0,0.0
2025-07-31 00:00:00-04:00,195.91301755048985,196.1422095932519,191.40880773936362,192.1860809326172,27852000,0.0,0.0
2025-08-01 00:00:00-04:00,189.11683549314895,190.948410269604,188.04060759806188,189.28623962402344,21236700,0.0,0.0
2025-08-04 00:00:00-04:00,190.5069538404437,195.39481240520576,190.25284005640523,195.0659637451172,23386000,0.0,0.0
2025-08-05 00:00:00-04:00,194.86170160322746,198.00567581093762,193.99474652634441,194.6374969482422,19010200,0.0,0.0
2025-08-06 00:00:00-04:00,194.56774036099296,196.69030239431797,193.78747164401724,196.23190307617188,15383700,0.0,0.0
2025-08-07 00:00:00-04:00,197.01912725959122,197.67680939407114,194.53782286185907,196.5906219482422,14660600,0.0,0.0
2025-08-08 00:00:00-04:00,197.2881658746856,202.71911811806808,197.20844360548665,201.38380432128906,24379900,0.0,0.0
2025-08-11 00:00:00-04:00,200.85066495987905,201.45356175394411,199.10180809305953,200.9254150390625,16690200,0.0,0.0
2025-08-12 00:00:00-04:00,201.38880766764058,204.41320592136896,200.69622895218865,203.44659423828125,19854000,0.0,0.0
2025-08-13 00:00:00-04:00,204.26370895749864,204.71213342614624,197.94586724734532,202.32052612304688,19573000,0.0,0.0
2025-08-14 00:00:00-04:00,201.8521660758963,204.70217261783878,201.617986658438,203.10777282714844,17777100,0.0,0.0
2025-08-15 00:00:00-04:00,204.0046312263668,206.60551149620102,201.37884439828326,204.1939697265625,21111400,0.0,0.0
2025-08-18 00:00:00-04:00,204.3533991529899,205.41965217794632,202.69919630107242,203.57611083984375,13000200,0.0,0.0
2025-08-19 00:00:00-04:00,203.19248902932392,203.5761382413341,200.2278785554774,201.78244018554688,13476600,0.0,0.0
2025-08-20 00:00:00-04:00,200.97524690476376,201.4635401343835,196.7700071614555,199.49046325683594,13971700,0.0,0.0
2025-08-21 00:00:00-04:00,200.01860195304562,202.64937608548374,199.69971286767444,199.9189453125,11768900,0.0,0.0
2025-08-22 00:00:00-04:00,203.24728495854538,208.49885842163522,201.42367792095183,205.9976348876953,25723700,0.0,0.0
2025-08-25 00:00:00-04:00,206.27666709708765,210.35237150780927,205.2303331359361,208.4291229248047,22788800,0.0,0.0
2025-08-26 00:00:00-04:00,207.64187343581122,207.7315704987449,205.72858444922312,207.2233428955078,23051000,0.0,0.0
2025-08-27 00:00:00-04:00,205.7385523382657,208.83768535452884,205.66878964781978,207.48243713378906,15249000,0.0,0.0
2025-08-28 00:00:00-04:00,207.11371487678497,212.1560306489815,206.87456327049478,211.6278839111328,20915700,0.0,0.0
2025-08-29 00:00:00-04:00,210.53173166779874,214.58750134679244,210.23277696190144,212.78382873535156,24682200,0.0,0.0
2025-09-02 00:00:00-04:00,208.25972012691918,211.6269105102409,206.23681488493534,211.24923706054688,28900100,0.0,0.0
2025-09-03 00:00:00-04:00,225.68859869901559,230.99001613420427,224.333350386713,230.29246520996094,72250300,0.0,0.0
2025-09-04 00:00:00-04:00,229.35074868981005,231.95661634798014,225.9676078680863,231.8470001220703,32196000,0.0,0.0
2025-09-05 00:00:00-04:00,231.84699723571583,235.3048728944503,231.56797688332244,234.3482208251953,26127700,0.0,0.0
2025-09-08 00:00:00-04:00,235.176069121861,237.77927409843213,233.1214351593297,233.55032348632812,23128800,0.21,0.0
2025-09-09 00:00:00-04:00,233.5802333270953,239.96356332431338,232.77234478890696,239.3152618408203,22854800,0.0,0.0
2025-09-10 00:00:00-04:00,238.62704313060215,241.44967622986556,237.49001206049766,238.9362335205078,19990100,0.0,0.0
2025-09-11 00:00:00-04:00,239.51472794030667,241.93840867163294,235.96399982803078,240.15306091308594,21308600,0.0,0.0
2025-09-12 00:00:00-04:00,240.1730341935375,241.79180949842942,237.87901963957447,240.75152587890625,14536600,0.0,0.0
2025-09-15 00:00:00-04:00,244.5017334154348,252.09192002372458,244.3421463515694,251.1044921875,29935200,0.0,0.0
2025-09-16 00:00:00-04:00,251.67299984881066,252.57065039424796,249.0648031527778,250.76536560058594,24493500,0.0,0.0
2025-09-17 00:00:00-04:00,250.80527148599066,251.29398591562855,245.9379728428333,249.199462890625,20491300,0.0,0.0
2025-09-18 00:00:00-04:00,251.20421145277663,253.47827360666602,249.45876807559475,251.67298889160156,21166400,0.0,0.0
2025-09-19 00:00:00-04:00,252.74018838003164,256.031614068881,251.41165592484867,254.57540893554688,41616800,0.0,0.0
2025-09-22 00:00:00-04:00,254.11661969570483,255.64263476673196,250.1569552980815,252.22157287597656,20079000,0.0,0.0
2025-09-23 00:00:00-04:00,252.9945619925268,254.10666436669587,250.43623800011076,251.6829833984375,17521100,0.0,0.0
2025-09-24 00:00:00-04:00,251.4934514087715,252.3013551329833,246.5762953371311,247.18470764160156,16958500,0.0,0.0
2025-09-25 00:00:00-04:00,244.20250250428535,246.67106439463024,241.02080592350646,245.92800903320312,17379800,0.0,0.0
2025-09-26 00:00:00-04:00,247.1398431834199,249.4687549961362,245.99782017089643,246.53640747070312,16594600,0.0,0.0
2025-09-29 00:00:00-04:00,247.62853910804674,250.99275763588014,242.56675636243932,243.72373962402344,23157200,0.0,0.0
2025-09-30 00:00:00-04:00,242.4271333890971,243.04053757005605,238.9472194082717,242.91586303710938,22541200,0.0,0.0
2025-10-01 00:00:00-04:00,240.55203206991087,246.506489192026,238.5771916593734,244.9006805419922,23967700,0.0,0.0
2025-10-02 00:00:00-04:00,245.00042422248876,246.99022495220382,242.47202097315815,245.78836059570312,20657500,0.0,0.0
2025-10-03 00:00:00-04:00,244.5914791852144,246.4745638003778,241.8386710021563,245.8083038330078,19941400,0.0,0.0
2025-10-06 00:00:00-04:00,245.14004171894078,251.54332362465843,245.05027971172038,250.85511779785156,18309000,0.0,0.0
2025-10-07 00:00:00-04:00,248.2818428345659,250.8950313756526,246.16736764080673,246.48654174804688,13811200,0.0,0.0
2025-10-08 00:00:00-04:00,245.55895582515546,246.6161934242291,244.45184536933968,244.82089233398438,14136500,0.0,0.0
2025-10-09 00:00:00-04:00,244.42191580528555,244.91562206523236,239.05591925913603,241.579345703125,19375700,0.0,0.0
2025-10-10 00:00:00-04:00,241.52949732922676,244.20251217081324,236.06874637094003,236.8716583251953,22449100,0.0,0.0
2025-10-13 00:00:00-04:00,240.4024201210286,244.3521160200063,240.12315038483473,244.00302124023438,12465000,0.0,0.0
2025-10-14 00:00:00-04:00,241.12553086042945,247.3791942753546,240.5500221552741,245.54898071289062,17705400,0.0,0.0
2025-10-15 00:00:00-04:00,247.4390649191735,252.1018803924799,246.1474233328444,251.05462646484375,16048100,0.0,0.0
2025-10-16 00:00:00-04:00,251.80765043526415,256.9093227130063,250.01732592289974,251.22418212890625,18946000,0.0,0.0
2025-10-17 00:00:00-04:00,250.69556201855156,254.21636968280987,247.94273853508966,253.1291961669922,17653800,0.0,0.0
2025-10-20 00:00:00-04:00,254.56546678596743,257.2085762515156,253.93711743285675,256.3507995605469,13726800,0.0,0.0
2025-10-21 00:00:00-04:00,254.58540050041836,254.71506688693287,244.03294603047038,250.68557739257812,27836400,0.0,0.0
2025-10-22 00:00:00-04:00,254.34602082199066,256.5103689312859,249.79890066139356,251.8724822998047,19650200,0.0,0.0
2025-10-23 00:00:00-04:00,253.03944578271413,255.19382550728423,252.1098808044224,253.06936645507812,13241300,0.0,0.0
2025-10-24 00:00:00-04:00,256.63006195911686,261.8265187219791,255.43320463333282,259.83172607421875,18406000,0.0,0.0
2025-10-27 00:00:00-04:00,264.66903450703154,270.0948721365271,264.2501451586875,269.2271423339844,22987700,0.0,0.0
2025-10-28 00:00:00-04:00,269.49649001711833,270.6734103354094,266.47438047275983,267.7310791015625,20101200,0.0,0.0
2025-10-29 00:00:00-04:00,267.9105747492433,275.251426501587,267.7310507410197,274.4535217285156,26287900,0.0,0.0
2025-10-30 00:00:00-04:00,290.96045476135833,291.1698994652177,279.7198092284775,281.166015625,48570000,0.0,0.0
2025-10-31 00:00:00-04:00,282.4675852354643,285.53958266171765,276.80040349040513,281.0862121582031,29932800,0.0,0.0
2025-11-03 00:00:00-05:00,281.6846631387882,285.1954869912986,279.63998255745787,283.3802185058594,19691800,0.0,0.0
2025-11-04 00:00:00-05:00,276.34362454597147,281.1002201991536,276.1441330989918,277.3360290527344,18123700,0.0,0.0
2025-11-05 00:00:00-05:00,278.65259251636934,285.95354098255586,277.1564980161567,284.00860595703125,20063200,0.0,0.0
2025-11-06 00:00:00-05:00,284.9910064644152,288.05801214694986,280.886730584292,284.5970458984375,23103800,0.0,0.0
2025-11-07 00:00:00-05:00,283.4700080803281,283.75926154447086,275.02205977921216,278.9717712402344,21991100,0.0,0.0
2025-11-10 00:00:00-05:00,284.5222272712623,290.7010732860512,282.80171282530523,289.8333435058594,19508200,0.0,0.0
2025-11-11 00:00:00-05:00,287.44964647477326,291.57885162543727,287.13047233070716,290.98040771484375,14156700,0.0,0.0
2025-11-12 00:00:00-05:00,291.32448864864017,291.5987665424673,283.63956357930414,286.6816101074219,16998800,0.0,0.0
2025-11-13 00:00:00-05:00,282.2481455187589,282.7718028677067,277.27614013420214,278.3932189941406,18060200,0.0,0.0
2025-11-14 00:00:00-05:00,271.18706777703,278.4231831170557,270.7033451608753,276.25885009765625,18330500,0.0,0.0
2025-11-17 00:00:00-05:00,285.65428912783767,293.753142069015,283.4899562408604,284.85638427734375,34286100,0.0,0.0
2025-11-18 00:00:00-05:00,287.733833156719,288.6813717384641,278.28352834766366,284.218017578125,29702200,0.0,0.0
2025-11-19 00:00:00-05:00,286.9359321190704,303.45780311135775,286.92098700343485,292.22711181640625,43123600,0.0,0.0
2025-11-20 00:00:00-05:00,303.94649146980345,306.0909175319232,288.4170566260046,289.2249450683594,34801400,0.0,0.0
2025-11-21 00:00:00-05:00,296.09705135934144,303.1685878713734,293.5935767653821,298.86981201171875,43670600,0.0,0.0
2025-11-24 00:00:00-05:00,310.2001804554149,318.9672705318274,308.5943568566186,317.6407470703125,55311800,0.0,0.0
2025-11-25 00:00:00-05:00,325.9490780871528,327.8142346184234,316.9884919655877,322.7973327636719,50899300,0.0,0.0
2025-11-26 00:00:00-05:00,319.94480413858264,324.1438343045713,316.37413855144814,319.44610595703125,29839600,0.0,0.0
2025-11-28 00:00:00-05:00,322.5878475117523,326.0288765967423,316.1147558768091,319.2864685058594,19695800,0.0,0.0
2025-12-01 00:00:00-05:00,316.64840936950344,318.7977972663103,313.1625140286565,314.2995300292969,28520600,0.0,0.0
2025-12-02 00:00:00-05:00,316.07488770391916,317.7704736230789,313.40187287160717,315.1971740722656,24668200,0.0,0.0
2025-12-03 00:00:00-05:00,315.2071415472906,321.2015028617585,313.4616980772452,319.7851867675781,32285100,0.0,0.0
2025-12-04 00:00:00-05:00,322.20388293552287,322.2577279658905,314.76827689346993,317.5610046386719,20831600,0.0,0.0
2025-12-05 00:00:00-05:00,319.1667883396681,322.98680244483705,319.1468513731189,321.2513427734375,15719900,0.0,0.0
2025-12-08 00:00:00-05:00,320.403043168378,320.60266476152293,311.30085894777966,313.8359069824219,22006900,0.21,0.0
2025-12-09 00:00:00-05:00,312.48854279605473,318.0865975672351,312.0094692389811,317.12945556640625,14151300,0.0,0.0
2025-12-10 00:00:00-05:00,316.0016568915634,321.24140398355195,314.7840382537726,320.37310791015625,22764500,0.0,0.0
2025-12-11 00:00:00-05:00,320.4729139059438,321.3611599424593,309.2748247845509,313.0873718261719,25912100,0.0,0.0
2025-12-12 00:00:00-05:00,314.1802189956657,315.52259342996393,306.36049881521853,309.9135437011719,21264800,0.0,0.0
2025-12-15 00:00:00-05:00,312.0144499599341,312.089315669705,305.1428864733599,308.7159118652344,22028900,0.0,0.0
2025-12-16 00:00:00-05:00,305.4023959664794,311.23598216657655,303.2366204759254,307.1290283203125,21285200,0.0,0.0
2025-12-17 00:00:00-05:00,308.4065011618836,308.5911374130286,296.8690807294844,297.4778747558594,29120400,0.0,0.0
2025-12-18 00:00:00-05:00,302.4681139491161,304.66382947833944,300.0428671086399,303.1567687988281,21040500,0.0,0.0
2025-12-19 00:00:00-05:00,302.67772596688684,308.38655646357074,301.7495494955294,308.0072937011719,45234400,0.0,0.0
2025-12-22 00:00:00-05:00,310.6171789054146,311.09125731474336,305.9912213847692,310.7219543457031,14091400,0.0,0.0
2025-12-23 00:00:00-05:00,310.52736990444623,315.6822608427996,310.14311205446296,315.0634765625,13961400,0.0,0.0
2025-12-24 00:00:00-05:00,315.5325709262046,315.67231213399117,312.7081111568776,315.05352783203125,6138200,0.0,0.0
2025-12-26 00:00:00-05:00,315.30299560343127,315.9417297925357,313.107280201565,314.3448486328125,6730900,0.0,0.0
2025-12-29 00:00:00-05:00,312.20909029163147,314.35488539053074,311.29087359000175,313.7760314941406,12317700,0.0,0.0
2025-12-30 00:00:00-05:00,312.79794162030095,317.0795721576331,312.6382504312045,313.9356994628906,11052500,0.0,0.0
2025-12-31 00:00:00-05:00,312.7579808925778,314.7740553087677,311.5902829688425,313.1871337890625,10821500,0.0,0.0
2026-01-02 00:00:00-05:00,316.9697181445929,322.2833250716048,310.04327007273696,314.70416259765625,22043700,0.0,0.0
2026-01-05 00:00:00-05:00,317.0745544967522,318.6265102988649,314.6333171160729,316.7002868652344,19934000,0.0,0.0
2026-01-06 00:00:00-05:00,316.6903191733393,320.9320192989023,311.73002392583226,313.9356994628906,18989900,0.0,0.0
2026-01-07 00:00:00-05:00,313.95562824700045,325.8273854451667,313.8857576523943,321.8002624511719,24681800,0.0,0.0
2026-01-08 00:00:00-05:00,328.62196948450037,329.89447335434147,321.36115298521435,325.3733215332031,21789600,0.0,0.0
2026-01-09 00:00:00-05:00,326.8504208902603,330.8326493583836,325.6128522863612,328.4972229003906,17917700,0.0,0.0
2026-01-12 00:00:00-05:00,325.86232626979785,333.7868214187856,324.87426954465906,332.0801696777344,23893800,0.0,0.0
2026-01-13 00:00:00-05:00,334.62523165884545,340.53368391335374,333.6970551624622,335.7729797363281,24616700,0.0,0.0
2026-01-14 00:00:00-05:00,334.3307737284099,336.37179333071197,330.49331209176444,335.6531982421875,17839300,0.0,0.0
2026-01-15 00:00:00-05:00,337.39476742326053,337.4696331305968,330.6429953834895,332.50933837890625,16424900,0.0,0.0
2026-01-16 00:00:00-05:00,334.28088209228713,334.58527912883153,327.5291097212664,329.6948547363281,21868600,0.0,0.0
2026-01-20 00:00:00-05:00,320.61263654973726,327.44926518874206,320.2633444355967,321.5308532714844,27169900,0.0,0.0
2026-01-21 00:00:00-05:00,320.46790194530246,332.075193401848,318.9159461737911,327.7386779785156,22791700,0.0,0.0
2026-01-22 00:00:00-05:00,333.6122075514552,334.55533885366424,328.237714508904,330.1938781738281,19902100,0.0,0.0
2026-01-23 00:00:00-05:00,332.0053289537661,333.3776436010331,327.3294811195345,327.78857421875,19110600,0.0,0.0
2026-01-26 00:00:00-05:00,327.5590493942548,335.6931266459564,326.8504140689593,332.9385070800781,18502500,0.0,0.0
2026-01-27 00:00:00-05:00,334.9745386794654,337.5544817940791,333.09820533866315,334.34576416015625,16080900,0.0,0.0
2026-01-28 00:00:00-05:00,335.9526026227834,336.9706301061084,331.4813713353221,335.6232604980469,17538500,0.0,0.0
2026-01-29 00:00:00-05:00,339.6852980356703,341.6215116266246,326.08191273284285,337.99859619140625,24548300,0.0,0.0
2026-01-30 00:00:00-05:00,333.8067770205355,339.62540784172523,331.99035470516736,337.86883544921875,21740200,0.0,0.0
2026-02-02 00:00:00-05:00,335.8927410111772,344.49093753234837,335.3538175042125,344.2264404296875,22775200,0.0,0.0
2026-02-03 00:00:00-05:00,347.83437747650777,349.4661636694357,337.9287423664266,340.0346374511719,25786500,0.0,0.0
2026-02-04 00:00:00-05:00,343.0836322995467,343.57766066382646,328.7267172555388,332.68896484375,36991100,0.0,0.0
2026-02-05 00:00:00-05:00,312.58832571781494,331.9943514032643,306.3205919137922,330.6828918457031,51842000,0.0,0.0
2026-02-06 00:00:00-05:00,326.7106939215237,329.99427710367667,319.52474328598663,322.468994140625,33877000,0.0,0.0
2026-02-09 00:00:00-05:00,320.6126167191304,327.0999223847603,317.07955217867004,323.7664489746094,26103300,0.0,0.0
2026-02-10 00:00:00-05:00,320.2832668922667,321.0018619516342,314.0454731331654,318.0077209472656,25281900,0.0,0.0
2026-02-11 00:00:00-05:00,318.3370577122542,320.4180076051008,309.52431623884706,310.7219543457031,24008100,0.0,0.0
2026-02-12 00:00:00-05:00,311.73999925160183,315.8619384029345,307.5481894975059,308.76580810546875,28194000,0.0,0.0
2026-02-13 00:00:00-05:00,307.38349146877795,308.28675324576824,303.3064779914855,305.4223327636719,20236000,0.0,0.0
2026-02-17 00:00:00-05:00,300.05287197489616,304.2945718277402,296.32015539296833,302.2286071777344,23750800,0.0,0.0
2026-02-18 00:00:00-05:00,301.8413545520827,305.312558820846,301.3902414542153,303.3464050292969,15847700,0.0,0.0
2026-02-19 00:00:00-05:00,301.9291552023174,305.43230977647397,300.08279269375015,302.9671325683594,13448600,0.0,0.0
2026-02-20 00:00:00-05:00,304.2047225672987,316.1413869760977,303.8254902805923,314.2850036621094,33663100,0.0,0.0
2026-02-23 00:00:00-05:00,318.5167618057492,318.83111861665543,309.3846065978814,311.081298828125,17641200,0.0,0.0
2026-02-24 00:00:00-05:00,310.0333532174093,311.7599551374298,305.4922208213915,310.31280517578125,15040700,0.0,0.0
2026-02-25 00:00:00-05:00,311.51041374389916,313.0474145977459,308.7557943748189,312.41864013671875,20209100,0.0,0.0
2026-02-26 00:00:00-05:00,312.1940640599869,312.3886905221432,301.8193771399453,306.55010986328125,22380000,0.0,0.0
2026-02-27 00:00:00-05:00,303.3464148812802,311.47050181769043,302.9980974445939,310.82177734375,33389200,0.0,0.0
2026-03-02 00:00:00-05:00,302.37332936708367,307.5382412711325,300.472050901588,305.7616882324219,21854400,0.0,0.0
2026-03-03 00:00:00-05:00,297.8371870350295,303.3463952862195,296.1195399332786,302.9671325683594,20361100,0.0,0.0
2026-03-04 00:00:00-05:00,302.0938707396737,304.8634452287617,300.2125422923677,302.8573913574219,20015600,0.0,0.0
2026-03-05 00:00:00-05:00,302.60786282017983,302.7775137538454,297.48787683289373,300.32232666015625,22643900,0.0,0.0
2026-03-06 00:00:00-05:00,295.49376168334754,299.7434414135461,294.6733760668109,297.7174072265625,17598000,0.0,0.0
2026-03-09 00:00:00-04:00,293.767375323397,306.116910762739,293.562614480994,305.6275329589844,19632700,0.21,0.0
2026-03-10 00:00:00-04:00,305.49271258949307,308.763613346832,304.9284162970701,306.54638671875,14386400,0.0,0.0
2026-03-11 00:00:00-04:00,305.91713959275074,310.68019119538684,305.4577230867673,308.0345153808594,13376700,0.0,0.0
2026-03-12 00:00:00-04:00,305.82727461717786,308.2542606438264,300.46399119329936,302.8310241699219,15610200,0.0,0.0
2026-03-13 00:00:00-04:00,306.27170490441284,306.8759596760821,299.4052980967636,301.08319091796875,16857500,0.0,0.0
2026-03-16 00:00:00-04:00,303.22053786280765,305.18807678811424,301.4327666412709,304.0395202636719,14822000,0.0,0.0
2026-03-17 00:00:00-04:00,304.2892189952314,309.6624691533072,303.96961163491477,309.0232849121094,14423600,0.0,0.0
2026-03-18 00:00:00-04:00,307.5201496654937,310.361594931591,305.1631140493195,305.9171447753906,13848400,0.0,0.0
2026-03-19 00:00:00-04:00,302.8310001898149,306.2966641518849,300.62377106936094,305.3478698730469,15399700,0.0,0.0
2026-03-20 00:00:00-04:00,303.68996449812437,303.98957735043507,296.37910610738646,298.41656494140625,34763500,0.0,0.0
2026-03-23 00:00:00-04:00,300.1543626201346,302.99080921150824,297.65748740102737,298.646240234375,22204100,0.0,0.0
2026-03-24 00:00:00-04:00,295.8397799933016,296.72868227674974,288.4939919831088,288.83856201171875,27411200,0.0,0.0
2026-03-25 00:00:00-04:00,291.78482506894824,294.29169748272534,287.01080098274167,289.22802734375,22343000,0.0,0.0
2026-03-26 00:00:00-04:00,285.8322994704729,286.15690545146185,278.701208978821,280.38909912109375,29281200,0.0,0.0
2026-03-27 00:00:00-04:00,277.0532813213646,278.74117148767596,273.13819786109696,273.4178466796875,25703300,0.0,0.0
2026-03-30 00:00:00-04:00,275.09572751961497,275.91470990934744,271.19560963320737,272.7986145019531,22752300,0.0,0.0
2026-03-31 00:00:00-04:00,277.19310671220813,286.6911992803939,276.41408286624596,286.5014343261719,31625100,0.0,0.0
2026-04-01 00:00:00-04:00,289.61756909440663,297.6125381560208,289.1081967827348,294.5314025878906,24403600,0.0,0.0
2026-04-02 00:00:00-04:00,288.62878513074605,295.53015206261153,287.2105770401045,294.0919494628906,13433400,0.0,0.0
2026-04-06 00:00:00-04:00,294.33167205129627,298.0519918583719,293.42280578612184,297.2879638671875,10121700,0.0,0.0
2026-04-07 00:00:00-04:00,299.7648990754124,303.7199413254817,295.0557650696618,303.5501403808594,17317700,0.0,0.0
2026-04-08 00:00:00-04:00,317.4327530191293,318.9908313249149,312.3141583995082,314.34661865234375,20887500,0.0,0.0
2026-04-09 00:00:00-04:00,312.79856070776304,317.03325157397484,309.08320894494693,315.9745788574219,14606800,0.0,0.0
2026-04-10 00:00:00-04:00,317.8272830201926,319.1006834073864,314.1468910348974,315.3254089355469,11997600,0.0,0.0
2026-04-13 00:00:00-04:00,315.02579393429113,319.03076141415403,313.2979451571623,318.81103515625,12212800,0.0,0.0
2026-04-14 00:00:00-04:00,321.66246745802493,330.2267621317319,320.7486025423289,330.16680908203125,18557500,0.0,0.0
2026-04-15 00:00:00-04:00,330.1468244424791,334.5812772418905,328.2492053838596,334.05194091796875,15104100,0.0,0.0
2026-04-16 00:00:00-04:00,335.4302323654359,336.9583188228773,331.23546968882624,332.35406494140625,13949600,0.0,0.0
2026-04-17 00:00:00-04:00,334.0119799556709,339.5600293020575,332.87342072053815,338.97576904296875,19683800,0.0,0.0
2026-04-20 00:00:00-04:00,338.13682786616505,338.73608401575785,334.21174732945474,334.98077392578125,12897300,0.0,0.0
2026-04-21 00:00:00-04:00,335.16554279392,336.74858364298234,329.21799937676724,330.05694580078125,14623800,0.0,0.0
2026-04-22 00:00:00-04:00,334.4664465111555,337.6075046924567,332.5438342262756,337.3078918457031,12954200,0.0,0.0
2026-04-23 00:00:00-04:00,339.1506121705233,339.7348725046827,334.64124037657376,337.327880859375,13442100,0.0,0.0
2026-04-24 00:00:00-04:00,337.29789419762056,343.26043367654364,333.63246781962283,341.89215087890625,18260900,0.0,0.0
2026-04-27 00:00:00-04:00,343.450196392644,350.46141126755776,340.3840262069447,348.0843811035156,17443000,0.0,0.0
2026-04-28 00:00:00-04:00,346.4864121575793,349.4626680694681,343.84969715649703,347.065673828125,18502300,0.0,0.0
2026-04-29 00:00:00-04:00,345.04818578926296,352.95826928969313,342.00197978251407,346.8758850097656,22232200,0.0,0.0
2026-04-30 00:00:00-04:00,370.7909735772954,382.1517559747558,362.6361704694042,381.4626159667969,44570500,0.0,0.0
2026-05-01 00:00:00-04:00,377.5075868797166,382.9108287658787,374.790985294204,382.74102783203125,28047900,0.0,0.0
2026-05-04 00:00:00-04:00,381.8421704714008,383.69983114852914,376.29908876692156,379.16552734375,18275000,0.0,0.0
2026-05-05 00:00:00-04:00,381.3927091412445,388.4738439402218,379.87461990877847,383.7897033691406,15432500,0.0,0.0
2026-05-06 00:00:00-04:00,389.1030369756247,395.884558500187,386.61615904923497,394.6461181640625,23097300,0.0,0.0
2026-05-07 00:00:00-04:00,396.56371815865646,396.8583628534845,389.8221548835096,394.805908203125,15153600,0.0,0.0
2026-05-08 00:00:00-04:00,393.7772172111193,397.87209899004927,393.17799149471085,396.5537414550781,13762500,0.0,0.0
2026-05-11 00:00:00-04:00,390.2016738093907,393.8371082756565,385.74725695697055,386.28656005859375,16314900,0.0,0.0
2026-05-12 00:00:00-04:00,384.5187887999489,385.9569913834255,379.2453894870127,383.34027099609375,17103900,0.0,0.0
2026-05-13 00:00:00-04:00,381.4276665623016,399.4301315305828,381.10306057880194,398.541259765625,18160100,0.0,0.0
2026-05-14 00:00:00-04:00,393.29780382620385,398.6051571358411,392.23711953366563,396.673583984375,13805400,0.0,0.0
2026-05-15 00:00:00-04:00,392.7235199243029,395.38519749544696,389.27285171330357,392.8283996582031,15801900,0.0,0.0
2026-05-18 00:00:00-04:00,391.634898087386,403.9644697672297,390.4114230717487,392.61865234375,18592800,0.0,0.0
2026-05-19 00:00:00-04:00,392.8084097005491,392.87134973339226,382.5212956642759,384.4189147949219,25559400,0.0,0.0
2026-05-20 00:00:00-04:00,384.5587544417425,390.2116837741044,379.5250453065923,384.4189147949219,16488100,0.0,0.0
2026-05-21 00:00:00-04:00,381.5325559660987,388.1942024227542,379.0057192964301,382.99072265625,16837600,0.0,0.0
2026-05-22 00:00:00-04:00,382.78097806913,384.3889511209622,377.7872275040344,378.90582275390625,13382800,0.0,0.0
2026-05-26 00:00:00-04:00,380.51878298329893,384.90830910477644,378.66612108623275,384.3589782714844,16150900,0.0,0.0
2026-05-27 00:00:00-04:00,382.2866080465696,389.2379004154365,381.5225495671766,384.3489990234375,16893100,0.0,0.0
2026-05-28 00:00:00-04:00,383.38020511983143,389.5125454657543,380.7734819456893,385.63739013671875,20795400,0.0,0.0
2026-05-29 00:00:00-04:00,380.7485234460665,381.1729800584733,373.8321605255771,375.9595031738281,48018600,0.0,0.0
2026-06-01 00:00:00-04:00,372.10935069961397,374.13181366493154,369.2479107833004,372.11431884765625,19091900,0.0,0.0
2026-06-02 00:00:00-04:00,362.7061048363406,369.3278231473919,354.5563000288495,357.94207763671875,34648600,0.0,0.0
2026-06-03 00:00:00-04:00,357.8870927771189,362.04689529453736,353.93704971664897,355.23541259765625,43031000,0.0,0.0
2026-06-04 00:00:00-04:00,354.9957405886508,369.3977000679035,354.3565258898294,368.8084411621094,37746200,0.0,0.0
2026-06-05 00:00:00-04:00,362.9258262647788,368.73855932280804,361.1780135413787,365.3028564453125,23411500,0.0,0.0
2026-06-08 00:00:00-04:00,362.24981828077506,363.1442571559153,357.65782862747085,360.9356994628906,18739000,0.22,0.0
2026-06-09 00:00:00-04:00,364.6482797949098,369.4521374448322,354.48986610072376,362.0549621582031,19873600,0.0,0.0
2026-06-10 00:00:00-04:00,360.8157242279003,366.07232109037716,352.5810804263011,353.09075927734375,19878600,0.0,0.0
2026-06-11 00:00:00-04:00,352.8209417182837,357.7777458079135,343.4070701526502,356.32867431640625,28771800,0.0,0.0
2026-06-12 00:00:00-04:00,360.86573789984163,364.536359142257,353.11076253886233,357.9276428222656,17637100,0.0,0.0
2026-06-15 00:00:00-04:00,365.75252721660206,370.4095073574076,364.41340030023304,366.8717956542969,17268600,0.0,0.0
2026-06-16 00:00:00-04:00,367.2266013966779,373.35763104091177,365.0830039564481,370.8592529296875,16492800,0.0,0.0
2026-06-17 00:00:00-04:00,366.8118520127541,369.9098468851114,359.9962998909028,361.8650817871094,16003500,0.0,0.0
2026-06-18 00:00:00-04:00,363.6539274832002,368.76059754193386,356.3766390201627,367.2215881347656,29339100,0.0,0.0
2026-06-22 00:00:00-04:00,356.9033012075861,357.96761267730585,340.7188011752651,348.5537109375,32211200,0.0,0.0
2026-06-23 00:00:00-04:00,339.88433941168455,348.49373995052684,339.4945778178738,345.8554382324219,21820900,0.0,0.0
2026-06-24 00:00:00-04:00,348.49376737145667,352.6010863494152,341.27845016274597,344.816162109375,23898400,0.0,0.0
2026-06-25 00:00:00-04:00,336.70141725436105,342.96733825321974,335.68205951925677,341.9679870605469,27687600,0.0,0.0
2026-06-26 00:00:00-04:00,340.75879772927055,343.8967447726341,333.47351863030514,334.4728698730469,82484600,0.0,0.0
2026-06-29 00:00:00-04:00,339.7294576614939,351.74164828387563,338.5901826377179,351.0520935058594,25565700,0.0,0.0
2026-06-30 00:00:00-04:00,350.73228111168817,355.1594300113185,347.8841241530446,353.1007385253906,21278400,0.0,0.0
2026-07-01 00:00:00-04:00,354.3849069025458,359.3267057787508,353.00082626467815,357.6578063964844,19546800,0.0,0.0
2026-07-02 00:00:00-04:00,355.9189342572474,360.75579054789137,350.09273000877016,355.94891357421875,15532900,0.0,0.0
2026-07-06 00:00:00-04:00,357.9626023000986,365.4427312238338,353.9601959550584,364.6632385253906,22652700,0.0,0.0
2026-07-07 00:00:00-04:00,366.99673922381135,370.6493972962346,362.18489104489277,363.38409423828125,16443900,0.0,0.0
2026-07-08 00:00:00-04:00,361.9749936432444,364.7432160166469,354.4698867861636,358.4772644042969,14710400,0.0,0.0
2026-07-09 00:00:00-04:00,350.8571960498755,356.4985529081466,348.43378166816143,356.00885009765625,17217400,0.0,0.0
2026-07-10 00:00:00-04:00,354.72371263228024,355.4492242741649,350.47247486186035,354.7996520996094,11618500,0.0,0.0
2026-07-13 00:00:00-04:00,353.7603277468189,355.5191956490239,349.5930502483258,350.4425048828125,10583500,0.0,0.0
2026-07-14 00:00:00-04:00,348.61366275331056,357.64780598014937,348.61366275331056,357.09814453125,11252600,0.0,0.0
2026-07-15 00:00:00-04:00,355.7790193018334,371.89855853141523,355.4392435642338,369.96978759765625,20258200,0.0,0.0
2026-07-16 00:00:00-04:00,371.92854815951733,374.1071264480638,351.44184863462243,353.5804443359375,23603700,0.0,0.0
2026-07-17 00:00:00-04:00,345.54566774331437,347.9441351207845,340.90369220643186,345.89544677734375,22023900,0.0,0.0
2026-07-20 00:00:00-04:00,349.9428256585718,359.25675573174533,349.77792416999904,351.14202880859375,13203300,0.0,0.0
2026-07-21 00:00:00-04:00,350.3325529143338,350.5124288101904,345.78551717054967,345.96539306640625,17419500,0.0,0.0
2026-07-22 00:00:00-04:00,346.95474121510307,349.2232879506103,341.41835754275996,341.68817138671875,23273800,0.0,0.0
2026-07-23 00:00:00-04:00,321.4213273153947,324.2395049836125,314.685710070931,318.1334533691406,46751900,0.0,0.0
2026-07-24 00:00:00-04:00,318.0934691145268,323.7698070080797,317.29400036782914,318.8829650878906,21630800,0.0,0.0
2026-07-27 00:00:00-04:00,324.5292940321348,329.8868386688282,324.199521560133,326.3581237792969,21419600,0.0,0.0
2026-07-28 00:00:00-04:00,327.58731223420995,334.99250831020606,324.329448050025,332.38421630859375,20986900,0.0,0.0
2026-07-29 00:00:00-04:00,333.283631777109,341.75814109954746,330.1936273144943,335.54217529296875,20242900,0.0,0.0
2026-07-30 00:00:00-04:00,332.86388415722257,335.23237211850426,329.6060199848839,333.4635009765625,17309500,0.0,0.0
2026-07-31 00:00:00-04:00,339.84937966618537,358.6471738383599,338.9399663883276,356.4186096191406,30514500,0.0,0.0
2026-08-03 00:00:00-04:00,365.0629711921722,375.8559821561161,363.0243167582418,372.22833251953125,27165400,0.0,0.0
2026-08-04 00:00:00-04:00,366.28218773035394,377.423971487155,365.9224359403464,375.1064758300781,19983300,0.0,0.0
2026-08-05 00:00:00-04:00,379.75346630804506,381.5622895893216,354.92958548595794,359.8963623046875,29436300,0.0,0.0
2026-08-06 00:00:00-04:00,358.5591986622751,361.7251424499833,355.5991148729006,356.38861083984375,16513400,0.0,0.0
2026-08-07 00:00:00-04:00,355.04948481096045,357.31800100269635,352.59108945584387,353.24066162109375,14516700,0.0,0.0
2026-08-10 00:00:00-04:00,354.0101628240319,355.6990688085296,351.2419709519004,355.609130859375,12789500,0.0,0.0
2026-08-11 00:00:00-04:00,353.7703291556578,354.7696803679619,342.3477521184886,342.7774658203125,18390200,0.0,0.0
2026-08-12 00:00:00-04:00,345.1059286112164,345.2758317303664,339.59952436320935,342.1478576660156,15608800,0.0,0.0
2026-08-13 00:00:00-04:00,344.3464540526557,345.605615839876,342.17784850602186,343.71685791015625,14997800,0.0,0.0
2026-08-14 00:00:00-04:00,344.03664221382707,347.8341644460391,341.84806072016346,343.3171081542969,10946800,0.0,0.0
2026-08-17 00:00:00-04:00,343.8367771438159,344.82612508896136,339.349699940568,341.2284851074219,12606100,0.0,0.0
2026-08-18 00:00:00-04:00,339.67445211423,342.16785888071183,337.30099310528044,341.0585632324219,14254300,0.0,0.0
2026-08-19 00:00:00-04:00,339.5895440280784,343.337111195774,337.83067607808385,341.47833251953125,13360500,0.0,0.0
2026-08-20 00:00:00-04:00,339.4696143612764,340.5788795634708,335.9519090875298,337.9805908203125,14187700,0.0,0.0
2026-08-21 00:00:00-04:00,340.0592118507386,343.06726860468655,337.5908132631171,341.52825927734375,15363900,0.0,0.0
2026-08-24 00:00:00-04:00,340.5189163609649,347.8541504711519,339.39964790241993,344.3664245605469,16450600,0.0,0.0
2026-08-25 00:00:00-04:00,345.74554715649305,346.47508453547886,341.9230164927531,343.11724853515625,14031000,0.0,0.0
2026-08-26 00:00:00-04:00,342.95734444236746,342.96835414056403,336.7913644922452,338.8800048828125,16176400,0.0,0.0
2026-08-27 00:00:00-04:00,336.08178643402755,338.59016763122645,335.1823764801491,337.4908752441406,17936100,0.0,0.0
2026-08-28 00:00:00-04:00,337.3909315893229,345.20586500548376,337.06115912446904,342.65753173828125,17841900,0.0,0.0
2026-08-31 00:00:00-04:00,339.7993771115657,340.40899718997184,333.2136564976735,335.1923828125,23202000,0.0,0.0
2026-09-01 00:00:00-04:00,332.03443367755335,333.73334290375817,329.0763626874036,331.8145751953125,16313400,0.0,0.0
2026-09-02 00:00:00-04:00,330.5553891400064,336.2916858306205,329.30620012604203,333.5634460449219,12995900,0.0,0.0
2026-09-03 00:00:00-04:00,336.29167599230016,340.6288564621656,336.09179355680203,338.8599853515625,12858300,0.0,0.0
2026-09-04 00:00:00-04:00,339.17999267578125,340.17999267578125,333.75,335.30999755859375,12676800,0.22,0.0
