Date,Open,High,Low,Close,Volume,Dividends,Stock Splits
2021-01-04 00:00:00-05:00,230.5025945879293,230.87519119626262,226.21331743641187,228.6915740966797,5002000,0.0,0.0
2021-01-05 00:00:00-05:00,227.59977767240412,230.95320040896303,227.25317552270158,230.53726196289062,3822600,0.0,0.0
2021-01-06 00:00:00-05:00,228.81286654700654,233.76067963825457,226.91518896995544,231.85435485839844,3949200,0.0,0.0
2021-01-07 00:00:00-05:00,231.31710760141462,232.90282470757313,230.64122427753728,230.71920776367188,3833200,0.0,0.0
2021-01-08 00:00:00-05:00,231.66365346464252,234.59248930531757,231.36036679613966,233.17138671875,3757700,0.0,0.0
2021-01-11 00:00:00-05:00,231.76769991004753,236.88015367544446,231.5857384327899,235.02581787109375,3764400,0.0,0.0
2021-01-12 00:00:00-05:00,234.9217804170412,240.84011563787138,234.52318937487263,239.44500732421875,4030900,0.0,0.0
2021-01-13 00:00:00-05:00,241.16073725065075,243.0410938410246,237.37405601933492,237.4693603515625,3921400,0.0,0.0
2021-01-14 00:00:00-05:00,237.8592863442536,238.2058883943805,231.94097766731394,232.5215301513672,4641400,0.0,0.0
2021-01-15 00:00:00-05:00,232.77284183542747,239.49703307610142,232.22693101282061,238.80380249023438,5131700,0.0,0.0
2021-01-19 00:00:00-05:00,240.89216489478758,240.89216489478758,236.57689285271417,236.72421264648438,3615800,0.0,0.0
2021-01-20 00:00:00-05:00,236.7762164281593,240.20762280993878,235.25980882065966,237.68605041503906,3498400,0.0,0.0
2021-01-21 00:00:00-05:00,239.3496904586853,243.23170203674033,238.87311596219203,241.8019256591797,4397900,0.0,0.0
2021-01-22 00:00:00-05:00,241.9839134258415,247.02702992827417,240.77944027327501,246.09120178222656,4501900,0.0,0.0
2021-01-25 00:00:00-05:00,245.96122273930118,247.62492305308018,243.85558963403102,247.0270233154297,4025900,0.0,0.0
2021-01-26 00:00:00-05:00,247.32171651507153,247.52099884153878,244.09826670756388,244.8781280517578,2472200,0.0,0.0
2021-01-27 00:00:00-05:00,242.61648183697955,243.32703328175074,236.628836433734,237.4693603515625,4337000,0.0,0.0
2021-01-28 00:00:00-05:00,239.30640762009787,245.19004874889194,238.2319067796874,240.93544006347656,3463000,0.0,0.0
2021-01-29 00:00:00-05:00,238.99446635610707,240.07761448557858,233.98599046319262,234.67054748535156,4079500,0.0,0.0
2021-02-01 00:00:00-05:00,235.02585569418295,236.2562973304789,231.57710205393343,234.02069091796875,3707800,0.0,0.0
2021-02-02 00:00:00-05:00,233.95999714738693,238.8904895731648,233.9513235002126,235.83168029785156,4111800,0.0,0.0
2021-02-03 00:00:00-05:00,235.59773360329794,238.9164879066643,234.57522165002052,237.57339477539062,2802700,0.0,0.0
2021-02-04 00:00:00-05:00,237.64266578841892,242.13989829753172,237.64266578841892,241.6026611328125,2976000,0.0,0.0
2021-02-05 00:00:00-05:00,242.8764706175495,244.1502538328033,240.72749528097202,241.6373291015625,2389900,0.0,0.0
2021-02-08 00:00:00-05:00,242.35660143420492,242.98916956360446,239.93035981084432,242.65121459960938,3475600,0.0,0.0
2021-02-09 00:00:00-05:00,242.33057571227172,242.79850312365292,239.69635197196448,239.82632446289062,2507800,0.0,0.0
2021-02-10 00:00:00-05:00,240.91811542107328,241.69797671080266,239.37571369017076,241.49002075195312,2410600,0.0,0.0
2021-02-11 00:00:00-05:00,240.8315036556291,242.8418331166724,239.16780278335423,240.07763671875,2595300,0.0,0.0
2021-02-12 00:00:00-05:00,240.12958966556943,241.50735083370878,239.66166229622476,240.46754455566406,2392200,0.0,0.0
2021-02-16 00:00:00-05:00,240.03431000753295,241.43806581584718,238.1886212802875,238.63055419921875,2873500,0.0,0.0
2021-02-17 00:00:00-05:00,238.7605049727144,244.176245372665,238.63917969461394,243.42237854003906,3536400,0.0,0.0
2021-02-18 00:00:00-05:00,243.31836938258053,246.68046518857625,242.47784543108162,245.26803588867188,3532000,0.0,0.0
2021-02-19 00:00:00-05:00,245.1120237903618,246.01321021382628,242.13987241036634,242.3131866455078,4079900,0.0,0.0
2021-02-22 00:00:00-05:00,241.07414612480213,241.31677028895217,237.1055023446226,239.0291748046875,3995500,0.0,0.0
2021-02-23 00:00:00-05:00,233.42276751197278,233.67406529180332,223.19783291841213,231.5684051513672,12111000,0.0,0.0
2021-02-24 00:00:00-05:00,228.09364194098725,231.35173305717873,220.12166229345272,225.26878356933594,14512700,0.0,0.0
2021-02-25 00:00:00-05:00,225.07816600892966,226.0746569315174,220.7109188653682,221.1788330078125,6545400,0.0,0.0
2021-02-26 00:00:00-05:00,223.36249284007457,225.50279486703013,221.92406877251278,223.85641479492188,7871200,0.0,0.0
2021-03-01 00:00:00-05:00,224.26364778607166,227.44378227272819,223.96903467340783,226.6985626220703,4528900,0.0,0.0
2021-03-02 00:00:00-05:00,226.75054370728554,227.98965875546034,225.0954902794799,225.5460968017578,3740300,0.0,0.0
2021-03-03 00:00:00-05:00,224.67089866063603,225.7280522085877,221.83739289940902,223.00717163085938,4257500,0.0,0.0
2021-03-04 00:00:00-05:00,221.82872551497275,222.5739186966081,214.11671651830022,217.4354705810547,7154900,0.0,0.0
2021-03-05 00:00:00-05:00,218.58794207169146,220.26899000047652,213.6747839876163,219.6797637939453,6351800,0.0,0.0
2021-03-08 00:00:00-05:00,220.29499324819642,228.09367292403385,218.8132540263045,224.45428466796875,5037400,0.0,0.0
2021-03-09 00:00:00-05:00,227.6604235170321,231.8543700401889,226.84589398112487,229.59274291992188,6625300,0.0,0.0
2021-03-10 00:00:00-05:00,231.86853396237439,234.33613626573677,230.26412546400883,232.1475372314453,3798400,1.65,0.0
2021-03-11 00:00:00-05:00,234.20535273707173,236.10619392096513,232.98463026162435,234.42333984375,4371300,0.0,0.0
2021-03-12 00:00:00-05:00,233.20258671407439,238.74816520632695,232.60094024994785,238.12908935546875,4190500,0.0,0.0
2021-03-15 00:00:00-04:00,239.34986393415986,243.84039340004435,239.21034898059028,242.87254333496094,4355200,0.0,0.0
2021-03-16 00:00:00-04:00,242.87250469059256,246.3428421480895,242.09645787417097,245.9591827392578,4458900,0.0,0.0
2021-03-17 00:00:00-04:00,245.1395990248092,247.52872925312803,243.49160368822095,244.17172241210938,5908400,0.0,0.0
2021-03-18 00:00:00-04:00,243.2997583138428,248.91510807691262,242.19239343752352,246.90090942382812,4808100,0.0,0.0
2021-03-19 00:00:00-04:00,247.31953571254076,252.0803680419922,246.26445865350786,252.0803680419922,13729200,0.0,0.0
2021-03-22 00:00:00-04:00,249.81325460874152,253.1528057805581,247.80778362751323,251.94081115722656,5564700,0.0,0.0
2021-03-23 00:00:00-04:00,252.5248910119204,255.85573933209167,251.94070065273206,252.8475341796875,4801200,0.0,0.0
2021-03-24 00:00:00-04:00,252.21983243469035,258.77687559622467,251.9843893086905,255.26292419433594,4842000,0.0,0.0
2021-03-25 00:00:00-04:00,255.5069396618009,259.73589308640805,255.0099228798924,259.1255187988281,5373500,0.0,0.0
2021-03-26 00:00:00-04:00,259.26513939999097,265.07231905670636,258.12288910125716,264.9066467285156,5865900,0.0,0.0
2021-03-29 00:00:00-04:00,264.46196016344015,266.42384421987447,261.52349807869723,263.5028381347656,4642900,0.0,0.0
2021-03-30 00:00:00-04:00,263.0232952068044,266.53724707173905,261.6194707049946,265.7873840332031,5045400,0.0,0.0
2021-03-31 00:00:00-04:00,266.38031015856944,268.577611157123,265.1944727780119,266.1623229980469,4744100,0.0,0.0
2021-04-01 00:00:00-04:00,267.5835721139788,269.0397112737769,264.9764544954637,268.3421630859375,3923900,0.0,0.0
2021-04-05 00:00:00-04:00,270.16448136985986,275.40489961975936,270.0772812103922,275.01251220703125,4697200,0.0,0.0
2021-04-06 00:00:00-04:00,273.45176314651786,275.4834181037573,273.0332448863022,273.6000061035156,3988600,0.0,0.0
2021-04-07 00:00:00-04:00,272.7803498231395,274.78584722339184,271.11492509096763,272.4577331542969,3799300,0.0,0.0
2021-04-08 00:00:00-04:00,272.65829424046325,274.8817521708215,270.8184691517476,274.166748046875,4035600,0.0,0.0
2021-04-09 00:00:00-04:00,274.98643727708725,278.4306450356881,274.4458333799371,278.3521728515625,4607800,0.0,0.0
2021-04-12 00:00:00-04:00,277.0354834964012,280.1657754748623,276.67798141176263,279.7123718261719,3556800,0.0,0.0
2021-04-13 00:00:00-04:00,279.48561096403165,279.80822760451673,276.4076342713933,279.37225341796875,3635100,0.0,0.0
2021-04-14 00:00:00-04:00,278.7705917025551,281.37773529050276,278.4043883072957,279.0408935546875,3440600,0.0,0.0
2021-04-15 00:00:00-04:00,279.20666026394923,281.9881784915709,279.06714529152583,281.4126892089844,3508200,0.0,0.0
2021-04-16 00:00:00-04:00,283.24371285976656,286.58329010725333,282.458964627821,286.0688171386719,6213100,0.0,0.0
2021-04-19 00:00:00-04:00,284.6825140836163,286.7228707877803,283.76697861974225,284.9964294433594,4494300,0.0,0.0
2021-04-20 00:00:00-04:00,284.25513076560253,285.7287254434434,280.9068526638647,282.4763488769531,4462900,0.0,0.0
2021-04-21 00:00:00-04:00,283.34839224853926,285.9206511048773,282.415427527106,284.2116394042969,3740100,0.0,0.0
2021-04-22 00:00:00-04:00,284.42959302508376,284.63012413692434,278.01203864133595,280.2965393066406,4875000,0.0,0.0
2021-04-23 00:00:00-04:00,280.93314293193714,283.8454482842903,278.65734307575366,282.41546630859375,3405700,0.0,0.0
2021-04-26 00:00:00-04:00,282.23223148425956,282.5112613385886,278.43054950559383,279.0147399902344,2848500,0.0,0.0
2021-04-27 00:00:00-04:00,279.459430678053,281.1771698966888,279.3548011394154,279.53790283203125,3335800,0.0,0.0
2021-04-28 00:00:00-04:00,280.72384322552074,281.604493156689,278.41315830565594,278.7706604003906,2713400,0.0,0.0
2021-04-29 00:00:00-04:00,280.51448039303233,284.0720443616728,279.9651487059812,283.6796569824219,3261900,0.0,0.0
2021-04-30 00:00:00-04:00,283.4267770131843,284.106895605378,280.42727280921474,282.2235107421875,3118700,0.0,0.0
2021-05-03 00:00:00-04:00,284.4992977437085,289.15549859502545,283.9761234279957,287.9783630371094,3683700,0.0,0.0
2021-05-04 00:00:00-04:00,286.9756275880202,290.55934902987116,286.7663685057811,290.1582336425781,3954400,0.0,0.0
2021-05-05 00:00:00-04:00,291.44875367327614,291.44875367327614,288.75443630144906,289.53045654296875,3227200,0.0,0.0
2021-05-06 00:00:00-04:00,290.94309098339687,294.55294422516954,290.5594314839174,294.3523864746094,3539600,0.0,0.0
2021-05-07 00:00:00-04:00,293.5675580797383,296.29676061690776,292.5648228197236,295.8084716796875,2998100,0.0,0.0
2021-05-10 00:00:00-04:00,296.8548353682212,301.4238363451122,296.0613591525832,297.43902587890625,4840600,0.0,0.0
2021-05-11 00:00:00-04:00,294.326130200453,294.71851756892687,286.1821364880201,288.31842041015625,5500900,0.0,0.0
2021-05-12 00:00:00-04:00,284.70859332768725,286.69663469447556,275.7711218717311,276.40765380859375,5822000,0.0,0.0
2021-05-13 00:00:00-04:00,278.1515603473313,285.4933781312492,277.88125845194975,283.7494812011719,5159800,0.0,0.0
2021-05-14 00:00:00-04:00,284.50807633013875,285.4061821980658,280.6453243492823,282.1886901855469,3998000,0.0,0.0
2021-05-17 00:00:00-04:00,279.895477608046,281.49113170667715,274.93408835281747,279.0322570800781,4388000,0.0,0.0
2021-05-18 00:00:00-04:00,279.0234375,282.9995193555951,274.4718666113913,276.1896057128906,7010300,0.0,0.0
2021-05-19 00:00:00-04:00,272.04785916941336,274.4457169024771,269.4930571347071,274.18414306640625,5242100,0.0,0.0
2021-05-20 00:00:00-04:00,274.5678669840554,278.7706383935886,274.5678669840554,275.4485168457031,3854700,0.0,0.0
2021-05-21 00:00:00-04:00,276.4076195466752,278.3956606670373,274.1841619576292,275.3351135253906,3920600,0.0,0.0
2021-05-24 00:00:00-04:00,276.2680970449202,277.9247934981638,274.30621336376976,274.5242004394531,2930600,0.0,0.0
2021-05-25 00:00:00-04:00,275.12582779303193,276.49479291960597,274.0097351074219,276.1896057128906,3523300,0.0,0.0
2021-05-26 00:00:00-04:00,277.113918345868,280.2267805142625,276.1286123981896,276.69537353515625,2881600,0.0,0.0
2021-05-27 00:00:00-04:00,276.66922352540934,279.3809969536146,276.66922352540934,277.95098876953125,3734800,0.0,0.0
2021-05-28 00:00:00-04:00,279.34612691433955,280.34016094224575,278.02077482022014,278.0730895996094,3194000,0.0,0.0
2021-06-01 00:00:00-04:00,279.59894972841045,280.12212403907495,274.81196199679437,275.80596923828125,3549800,0.0,0.0
2021-06-02 00:00:00-04:00,276.5247840507483,277.8395652147888,273.83385884851543,274.5526123046875,3380100,1.65,0.0
2021-06-03 00:00:00-04:00,272.59795600913986,274.28963465393275,271.44971595496105,272.974853515625,2652500,0.0,0.0
2021-06-04 00:00:00-04:00,273.5708407458363,274.7454019283619,271.1516619987073,272.606689453125,2638700,0.0,0.0
2021-06-07 00:00:00-04:00,272.70316878627204,273.7637515491376,269.863249727332,271.6864013671875,3974800,0.0,0.0
2021-06-08 00:00:00-04:00,272.8345622539768,273.72863040099264,270.8273493047255,272.51025390625,2913500,0.0,0.0
2021-06-09 00:00:00-04:00,272.9924068836986,274.3334826034572,269.0042212960371,269.389892578125,3603700,0.0,0.0
2021-06-10 00:00:00-04:00,269.66160539546524,271.4146469085179,268.3380772426281,270.2401123046875,3286300,0.0,0.0
2021-06-11 00:00:00-04:00,271.08148997976616,272.80823646387637,270.27510608575676,272.3962707519531,2785100,0.0,0.0
2021-06-14 00:00:00-04:00,270.78344936924816,271.77392173265247,268.4080864994559,271.12530517578125,3393500,0.0,0.0
2021-06-15 00:00:00-04:00,270.6257893292347,270.80110418398226,266.015281492144,268.60980224609375,5270600,0.0,0.0
2021-06-16 00:00:00-04:00,268.8201435843525,269.3986504734003,263.98175880680236,265.3929443359375,4492500,0.0,0.0
2021-06-17 00:00:00-04:00,265.6295245968588,267.5228120708895,262.9824423388076,265.6908874511719,4481100,0.0,0.0
2021-06-18 00:00:00-04:00,262.29886034826404,266.3133140101375,261.5538122873076,265.24395751953125,8792700,0.0,0.0
2021-06-21 00:00:00-04:00,267.55793837989165,270.5994662186698,267.22485624059726,269.6177673339844,3774200,0.0,0.0
2021-06-22 00:00:00-04:00,270.95883901115695,276.0251274140504,270.23131187541765,274.0967712402344,4418400,0.0,0.0
2021-06-23 00:00:00-04:00,273.4920025710192,274.92950948160154,272.2736526034663,273.18524169921875,2564500,0.0,0.0
2021-06-24 00:00:00-04:00,274.45620465278756,275.9638215868504,273.18526546810085,273.3342590332031,2649200,0.0,0.0
2021-06-25 00:00:00-04:00,273.68482159929664,276.5072193933017,273.08002016134634,274.9031982421875,11733500,0.0,0.0
2021-06-28 00:00:00-04:00,274.92949234149893,276.3406778615347,272.9222524021942,275.4729309082031,2635400,0.0,0.0
2021-06-29 00:00:00-04:00,276.7965098246497,280.7496004274621,276.5949004117037,278.9439697265625,3150100,0.0,0.0
2021-06-30 00:00:00-04:00,278.6809970173465,280.7408260382174,278.46186683957916,279.5137023925781,3061500,0.0,0.0
2021-07-01 00:00:00-04:00,280.4077537273441,281.96795957782206,279.17185627145517,281.83648681640625,2578000,0.0,0.0
2021-07-02 00:00:00-04:00,282.704159674911,283.2213035670944,281.66987189054413,282.8531799316406,2201600,0.0,0.0
2021-07-06 00:00:00-04:00,282.96723304348814,283.8437539517469,277.68181303665955,279.83807373046875,3109500,0.0,0.0
2021-07-07 00:00:00-04:00,279.16315991813747,284.3609496880069,278.9528034415389,283.5370178222656,2939900,0.0,0.0
2021-07-08 00:00:00-04:00,279.6714335088872,280.77583127239956,275.9286734374207,279.2068786621094,3663000,0.0,0.0
2021-07-09 00:00:00-04:00,280.9599764975326,283.38792941271635,280.64441510913787,282.3185729980469,2587400,0.0,0.0
2021-07-12 00:00:00-04:00,281.4244649495363,283.9926637917755,280.95113635341687,282.01171875,2521800,0.0,0.0
2021-07-13 00:00:00-04:00,282.6253073109232,283.3703551784436,277.708012784717,277.9008483886719,3213800,0.0,0.0
2021-07-14 00:00:00-04:00,279.3909821857152,280.53922220000976,278.74236540645285,279.8029479980469,3381600,0.0,0.0
2021-07-15 00:00:00-04:00,278.19009572670774,283.08106861350154,278.17254819621064,282.8619384765625,2603900,0.0,0.0
2021-07-16 00:00:00-04:00,283.992720351496,285.99118657288676,281.7137610728914,281.83648681640625,3623700,0.0,0.0
2021-07-19 00:00:00-04:00,278.724873146446,279.6101678174921,276.0252005372083,279.4962158203125,3752600,0.0,0.0
2021-07-20 00:00:00-04:00,279.17185302899736,285.85971049133667,278.9702436309746,285.176025390625,4251700,0.0,0.0
2021-07-21 00:00:00-04:00,287.1481831410343,287.91075186077666,284.8429294484778,286.061279296875,2832600,0.0,0.0
2021-07-22 00:00:00-04:00,287.4462253080221,287.4725198613201,285.15849217393287,286.32427978515625,2208100,0.0,0.0
2021-07-23 00:00:00-04:00,288.7873095981605,292.2758720185761,287.4462338415679,291.7411804199219,2786400,0.0,0.0
2021-07-26 00:00:00-04:00,289.31320762888527,290.619214974228,286.5171043229564,290.2861328125,2752000,0.0,0.0
2021-07-27 00:00:00-04:00,290.8207652565539,290.8996488973556,285.79829279790306,286.8501281738281,2910300,0.0,0.0
2021-07-28 00:00:00-04:00,286.1139328482963,288.6645848506715,284.6150630127248,285.3250427246094,2376200,0.0,0.0
2021-07-29 00:00:00-04:00,286.17527482972713,287.9896793524587,285.25493866565364,286.99920654296875,2172400,0.0,0.0
2021-07-30 00:00:00-04:00,286.4907792618336,289.348218385927,286.043745171405,287.6653137207031,2381200,0.0,0.0
2021-08-02 00:00:00-04:00,289.25182038070966,289.25182038070966,286.1138881595995,286.8150939941406,2016400,0.0,0.0
2021-08-03 00:00:00-04:00,287.8055343555304,291.8901234194615,287.52504135345197,290.9522399902344,2405900,0.0,0.0
2021-08-04 00:00:00-04:00,289.8566111742031,290.93474118591183,288.7171450474504,289.5235290527344,1783700,0.0,0.0
2021-08-05 00:00:00-04:00,290.9698506219136,294.51100230611064,290.20728177082935,291.97784423828125,2284000,0.0,0.0
2021-08-06 00:00:00-04:00,293.3627337972215,294.2567753380838,288.4805067692737,289.1116027832031,2656600,0.0,0.0
2021-08-09 00:00:00-04:00,288.57691329961335,290.18970814198,286.90275558977635,288.1649475097656,1995300,0.0,0.0
2021-08-10 00:00:00-04:00,288.0861421762649,292.09182244605796,286.75381326002605,290.5491638183594,1868100,0.0,0.0
2021-08-11 00:00:00-04:00,292.58260469476335,296.7460781013654,292.23200175774946,295.3874816894531,3258600,0.0,0.0
2021-08-12 00:00:00-04:00,295.69424991917293,296.4130032800034,291.2502837543715,292.7754211425781,2554200,0.0,0.0
2021-08-13 00:00:00-04:00,292.6352180584384,294.3356705306837,290.110860653086,290.40887451171875,2217000,0.0,0.0
2021-08-16 00:00:00-04:00,289.8741866247731,294.18668073561764,287.47252818967513,293.67828369140625,3496300,0.0,0.0
2021-08-17 00:00:00-04:00,281.36314262455545,283.633328010895,277.5152039402807,281.1440124511719,9322800,0.0,0.0
2021-08-18 00:00:00-04:00,279.9081116246375,287.37605821206154,279.6100978024116,281.84521484375,4880600,0.0,0.0
2021-08-19 00:00:00-04:00,279.42598637303377,285.03571239760123,278.5582128615396,283.0284729003906,2974700,0.0,0.0
2021-08-20 00:00:00-04:00,282.8006776045547,288.9713646429352,282.65165730210543,288.585693359375,2929900,0.0,0.0
2021-08-23 00:00:00-04:00,289.2519421970571,289.7164972766744,286.95546136010773,287.27099609375,2792700,0.0,0.0
2021-08-24 00:00:00-04:00,288.1650005706305,288.23511046830026,284.439786992196,284.7816162109375,2359500,0.0,0.0
2021-08-25 00:00:00-04:00,284.1241631526254,286.23658112758994,283.21257418745057,283.88751220703125,2586900,0.0,0.0
2021-08-26 00:00:00-04:00,283.3002688324869,284.86047472348076,281.3631654325502,281.7839050292969,2952300,0.0,0.0
2021-08-27 00:00:00-04:00,281.2579173826449,284.036472536852,280.1797874801639,283.44921875,2985400,0.0,0.0
2021-08-30 00:00:00-04:00,285.6668990386166,288.81360552163835,285.05332377481733,286.7099609375,2926900,0.0,0.0
2021-08-31 00:00:00-04:00,286.6222873757072,287.73545910671834,283.65964293884855,285.9035339355469,4183100,0.0,0.0
2021-09-01 00:00:00-04:00,286.81093750086677,287.0047535619135,282.15937892103534,285.1194763183594,3339100,1.65,0.0
2021-09-02 00:00:00-04:00,286.34406527141033,289.1191385301465,285.17237723249326,288.73150634765625,3109000,0.0,0.0
2021-09-03 00:00:00-04:00,286.6083288813031,291.51537882118424,286.4585777983133,291.02203369140625,2774800,0.0,0.0
2021-09-07 00:00:00-04:00,291.6298755434023,292.97776955673424,287.99143547933045,289.7974548339844,2555200,0.0,0.0
2021-09-08 00:00:00-04:00,289.7974023791103,292.4226967002447,288.63450625664643,292.1143493652344,2219500,0.0,0.0
2021-09-09 00:00:00-04:00,292.8809454123547,294.00859540135116,291.4889860739597,292.2818603515625,3011900,0.0,0.0
2021-09-10 00:00:00-04:00,294.24636101222563,295.32997255932776,291.9998800879542,292.44036865234375,3178600,0.0,0.0
2021-09-13 00:00:00-04:00,295.0833455961198,297.0214794474862,293.14518485946087,295.5238342285156,3908700,0.0,0.0
2021-09-14 00:00:00-04:00,296.03474655084636,297.3209656442027,292.85443198820525,293.4710998535156,2857200,0.0,0.0
2021-09-15 00:00:00-04:00,293.68255735680253,294.8366622659854,290.81058986050317,293.6913757324219,2875500,0.0,0.0
2021-09-16 00:00:00-04:00,294.88062424761364,297.62926820211436,294.3960976488812,296.35186767578125,3043800,0.0,0.0
2021-09-17 00:00:00-04:00,295.08331620672243,299.2238928076794,295.08331620672243,295.7176208496094,7098400,0.0,0.0
2021-09-20 00:00:00-04:00,292.3346537131577,295.47095729321455,289.3393365972371,291.7884521484375,4036600,0.0,0.0
2021-09-21 00:00:00-04:00,293.3917901736534,296.8628419522015,292.4843848743042,294.4401550292969,3171100,0.0,0.0
2021-09-22 00:00:00-04:00,295.8762194394367,298.6512924434903,293.7706708739065,295.9466857910156,2872800,0.0,0.0
2021-09-23 00:00:00-04:00,297.6292954363832,299.10933048803815,295.6559153675099,295.92901611328125,2426600,0.0,0.0
2021-09-24 00:00:00-04:00,296.69552806173715,297.6293618301648,295.6119163257875,297.3210144042969,2004900,0.0,0.0
2021-09-27 00:00:00-04:00,296.7747702462952,302.8270790064958,296.7747702462952,300.7744140625,2966100,0.0,0.0
2021-09-28 00:00:00-04:00,300.73913213497246,300.73913213497246,292.88962337031865,294.07012939453125,3304100,0.0,0.0
2021-09-29 00:00:00-04:00,293.682511519179,298.5455222907411,293.682511519179,296.8276062011719,2424000,0.0,0.0
2021-09-30 00:00:00-04:00,297.98171016867093,298.3957705150819,288.63455527509257,289.1895751953125,4255000,0.0,0.0
2021-10-01 00:00:00-04:00,289.09265763655344,293.1275481962084,285.94756263628983,290.59912109375,2814200,0.0,0.0
2021-10-04 00:00:00-04:00,289.40102310117186,291.2598721710978,285.5775851089621,287.6126403808594,2919900,0.0,0.0
2021-10-05 00:00:00-04:00,287.99146785554916,292.651845201114,287.4893043527803,290.264404296875,2514300,0.0,0.0
2021-10-06 00:00:00-04:00,289.10144781367813,291.29507218522383,286.66994241899977,291.0395812988281,2226800,0.0,0.0
2021-10-07 00:00:00-04:00,293.80589589317583,298.84508654732497,293.2420575808252,297.31219482421875,2789500,0.0,0.0
2021-10-08 00:00:00-04:00,293.3653922773932,295.4885504447346,291.49772501258883,294.5458984375,2912200,0.0,0.0
2021-10-11 00:00:00-04:00,295.6559500739213,300.28987180713705,294.77497288471733,296.8628845214844,2589100,0.0,0.0
2021-10-12 00:00:00-04:00,298.7745575163435,300.4571999545028,297.2416392295617,297.5940246582031,2960300,0.0,0.0
2021-10-13 00:00:00-04:00,297.17117632273806,299.7436141782234,296.4928068073683,298.01690673828125,2477400,0.0,0.0
2021-10-14 00:00:00-04:00,299.9991894073258,303.3821389061184,299.62037563277465,303.1002197265625,2824300,0.0,0.0
2021-10-15 00:00:00-04:00,305.2938089907489,309.1789211927185,304.5978295601858,308.70318603515625,3473500,0.0,0.0
2021-10-18 00:00:00-04:00,307.46099550862687,313.58379686097913,307.46099550862687,312.75567626953125,3487500,0.0,0.0
2021-10-19 00:00:00-04:00,314.45602710637564,315.46914558402347,312.23597407737657,315.38104248046875,2375600,0.0,0.0
2021-10-20 00:00:00-04:00,315.1607711568822,316.77297446937064,313.8128771324083,315.59246826171875,2574800,0.0,0.0
2021-10-21 00:00:00-04:00,315.56600492144247,321.424497202712,315.49551169836343,321.22186279296875,2885400,0.0,0.0
2021-10-22 00:00:00-04:00,321.5565524533135,323.34493439565637,319.0457630365535,322.4287109375,2734700,0.0,0.0
2021-10-25 00:00:00-04:00,323.4948592463385,327.4240102812979,322.4288574088747,327.0716247558594,2923400,0.0,0.0
2021-10-26 00:00:00-04:00,328.94804045192774,329.52946165797914,325.1510045529243,325.2567443847656,2989500,0.0,0.0
2021-10-27 00:00:00-04:00,325.84705758726597,330.49861648366453,325.35371246835194,328.0054626464844,2840300,0.0,0.0
2021-10-28 00:00:00-04:00,328.604456320285,329.4325769401189,326.7456075554218,327.34466552734375,2553500,0.0,0.0
2021-10-29 00:00:00-04:00,326.2522647601877,330.49858118798306,325.9879823623123,327.49444580078125,3820200,0.0,0.0
2021-11-01 00:00:00-04:00,328.6044652857979,329.1066286959424,321.2923659544651,322.8605041503906,3380500,0.0,0.0
2021-11-02 00:00:00-04:00,322.6138348369699,324.9836654607118,321.5037950530539,323.5740966796875,2367100,0.0,0.0
2021-11-03 00:00:00-04:00,322.9926548910514,325.3977052897064,321.77690212961363,325.05413818359375,2378800,0.0,0.0
2021-11-04 00:00:00-04:00,326.6486870016104,328.8070916437148,325.44175268017665,327.8820495605469,3210000,0.0,0.0
2021-11-05 00:00:00-04:00,329.3181228976886,329.8467146556069,323.8208331400433,324.5520324707031,3090200,0.0,0.0
2021-11-08 00:00:00-05:00,326.15541869446764,328.52524979401153,324.0675067847885,324.71942138671875,2357200,0.0,0.0
2021-11-09 00:00:00-05:00,325.67090014918875,329.37980716624037,324.82514255825265,326.53424072265625,2183300,0.0,0.0
2021-11-10 00:00:00-05:00,324.4198301462977,327.02751493948426,323.95291333989655,324.7105407714844,2161400,0.0,0.0
2021-11-11 00:00:00-05:00,326.8425461337318,327.72352334703027,322.2878821114507,323.8736572265625,2387300,0.0,0.0
2021-11-12 00:00:00-05:00,325.18629540171975,329.0449797876226,323.0543456620711,328.2785339355469,2793300,0.0,0.0
2021-11-15 00:00:00-05:00,329.8290535338307,330.2519053662205,325.33606461766294,326.9129943847656,3650600,0.0,0.0
2021-11-16 00:00:00-05:00,336.533216852163,347.4397165062425,333.8902858297638,345.6336975097656,8648200,0.0,0.0
2021-11-17 00:00:00-05:00,346.07422981388555,351.8886841761188,344.29466571227795,347.85382080078125,4647000,0.0,0.0
2021-11-18 00:00:00-05:00,350.6288801631835,358.1524320041131,348.94621070300013,357.5445556640625,4503700,0.0,0.0
2021-11-19 00:00:00-05:00,359.1127665923476,361.28878151084746,356.0117094150437,360.0466003417969,3542000,0.0,0.0
2021-11-22 00:00:00-05:00,361.02444275474835,366.97985717971017,360.05538935117056,360.1346740722656,4006400,0.0,0.0
2021-11-23 00:00:00-05:00,357.385995855345,360.9186957825921,355.04259351774243,359.7646179199219,3557000,0.0,0.0
2021-11-24 00:00:00-05:00,355.61520811485275,363.62328647321317,354.92804707409437,363.0594482421875,2676300,0.0,0.0
2021-11-26 00:00:00-05:00,358.7867234281652,364.84784985816907,354.3730197866361,354.76947021484375,3007800,0.0,0.0
2021-11-29 00:00:00-05:00,358.469636272076,361.91426053259005,357.7120087449241,358.399169921875,3725500,0.0,0.0
2021-11-30 00:00:00-05:00,355.55354408945874,359.81747002154816,352.6110838056102,352.92822265625,7773500,0.0,0.0
2021-12-01 00:00:00-05:00,355.68832594857963,362.9156898963895,354.04294418853215,354.2198791503906,3516200,1.65,0.0
2021-12-02 00:00:00-05:00,355.44949959779046,363.31379186877444,354.73295887300276,360.7218322753906,3705000,0.0,0.0
2021-12-03 00:00:00-05:00,362.5618054485064,367.94028751735027,357.78485898671767,360.7571716308594,5237500,0.0,0.0
2021-12-06 00:00:00-05:00,365.8082621494952,372.080218301352,363.7736457830222,367.73675537109375,4624500,0.0,0.0
2021-12-07 00:00:00-05:00,368.8868640221814,370.26687027463197,365.36606361086143,368.1614685058594,4204500,0.0,0.0
2021-12-08 00:00:00-05:00,368.16143601793556,371.4080058616051,361.1729378953734,363.8002624511719,4079400,0.0,0.0
2021-12-09 00:00:00-05:00,363.4021191108542,367.3386914432743,361.1817398392652,363.87982177734375,3822900,0.0,0.0
2021-12-10 00:00:00-05:00,364.63181064215075,367.6571983359553,362.924499160242,367.471435546875,2625200,0.0,0.0
2021-12-13 00:00:00-05:00,367.47145366087886,368.44454188387834,357.83794774439104,358.48370361328125,3766400,0.0,0.0
2021-12-14 00:00:00-05:00,356.90024001048505,358.8729269368326,352.14980407066207,355.7944641113281,4662800,0.0,0.0
2021-12-15 00:00:00-05:00,354.3967465301775,360.86332179722416,353.30868032845643,360.7571716308594,4421400,0.0,0.0
2021-12-16 00:00:00-05:00,361.2790449435946,361.69481770234984,352.1851463233438,353.4324645996094,4632800,0.0,0.0
2021-12-17 00:00:00-05:00,351.1678491556857,352.0613246221696,342.7197330199393,343.2151184082031,11097500,0.0,0.0
2021-12-20 00:00:00-05:00,339.95088430067756,345.1524581515646,336.9520072757656,344.4712829589844,4294800,0.0,0.0
2021-12-21 00:00:00-05:00,346.44397932561293,348.3282255743276,339.0219993313205,345.4178161621094,3038200,0.0,0.0
2021-12-22 00:00:00-05:00,345.88665000248375,350.10628048966436,343.9935489853372,349.9913024902344,3267800,0.0,0.0
2021-12-23 00:00:00-05:00,352.3355553782374,353.70670654484655,349.08898581444043,351.2563171386719,2743900,0.0,0.0
2021-12-27 00:00:00-05:00,352.99904596491393,357.78484711391405,352.2647956777866,357.46636962890625,2228300,0.0,0.0
2021-12-28 00:00:00-05:00,358.26252329163145,360.0583022058929,356.50213676385505,359.3506164550781,2521400,0.0,0.0
2021-12-29 00:00:00-05:00,359.49216031682374,364.7910296109789,359.43023038936917,363.43756103515625,2209300,0.0,0.0
2021-12-30 00:00:00-05:00,364.3310779238436,365.737621740995,361.27912539838417,362.6414489746094,1804400,0.0,0.0
2021-12-31 00:00:00-05:00,362.6855911192865,368.4710174017287,362.5971506564779,367.12640380859375,2386100,0.0,0.0
2022-01-03 00:00:00-05:00,368.50646040227446,369.629918999748,356.7321607598548,361.4914245605469,3715700,0.0,0.0
2022-01-04 00:00:00-05:00,361.4913965650248,365.8879352933859,361.0933064726216,365.206787109375,3266500,0.0,0.0
2022-01-05 00:00:00-05:00,366.2329743323811,366.4275919686489,359.87254926094806,360.2529296875,4443200,0.0,0.0
2022-01-06 00:00:00-05:00,361.42059144085647,361.8717565873081,356.5197857406951,358.94366455078125,3315100,0.0,0.0
2022-01-07 00:00:00-05:00,356.8205775852639,357.4663603878345,347.5497703169564,348.1955261230469,4520700,0.0,0.0
2022-01-10 00:00:00-05:00,342.70205187113925,342.8701319629212,336.96087219900363,342.755126953125,6440000,0.0,0.0
2022-01-11 00:00:00-05:00,343.2947685376316,346.6297789259934,339.9774408448976,342.0563049316406,4385400,0.0,0.0
2022-01-12 00:00:00-05:00,343.48936697513346,348.05401286475916,341.7997382585031,344.4712829589844,3623300,0.0,0.0
2022-01-13 00:00:00-05:00,347.22242548225995,348.8147316955111,341.3396771468843,342.3304748535156,3466300,0.0,0.0
2022-01-14 00:00:00-05:00,337.33235559650564,337.9339181112666,328.63654712964126,329.078857421875,6336200,0.0,0.0
2022-01-18 00:00:00-05:00,323.8596510452114,325.6200376394303,318.48999679476185,324.4081115722656,6435200,0.0,0.0
2022-01-19 00:00:00-05:00,324.8150402758878,326.1596810926849,317.94154677198776,318.1892395019531,5175100,0.0,0.0
2022-01-20 00:00:00-05:00,319.6399588575669,320.0999788607521,308.7502811131522,309.24566650390625,5440600,0.0,0.0
2022-01-21 00:00:00-05:00,311.13877723146067,318.54304777950057,307.1225919068138,308.8210754394531,7718400,0.0,0.0
2022-01-24 00:00:00-05:00,304.11488150786636,322.3380720293542,303.9644841211255,321.8338317871094,8584300,0.0,0.0
2022-01-25 00:00:00-05:00,316.81804861179717,319.8080436945935,311.55454501112166,317.5611267089844,5536700,0.0,0.0
2022-01-26 00:00:00-05:00,318.4634201195471,323.68267632776616,313.55378652462883,316.0572509765625,6103300,0.0,0.0
2022-01-27 00:00:00-05:00,318.84384179069286,322.1080944293276,313.0761243759486,315.30535888671875,3941000,0.0,0.0
2022-01-28 00:00:00-05:00,318.61384145059515,324.4080960924825,312.1295567632964,324.2488708496094,4551300,0.0,0.0
2022-01-31 00:00:00-05:00,322.71851404886684,325.0185335435622,320.41849455417145,324.6381530761719,4084600,0.0,0.0
2022-02-01 00:00:00-05:00,326.8408161996261,327.9200545502952,320.5600037325019,326.15966796875,3406800,0.0,0.0
2022-02-02 00:00:00-05:00,325.8765575961792,331.4408290134668,325.32809711559537,330.6092834472656,3839300,0.0,0.0
2022-02-03 00:00:00-05:00,327.4777390262681,329.1850504977662,321.2942489733969,322.7184753417969,4009700,0.0,0.0
2022-02-04 00:00:00-05:00,321.55956302685286,322.59458092659924,313.3768231148903,318.1714782714844,3728100,0.0,0.0
2022-02-07 00:00:00-05:00,318.69345104810134,320.05574744173026,314.42957294175324,316.11920166015625,2809300,0.0,0.0
2022-02-08 00:00:00-05:00,316.11914895670384,321.0995668153262,313.86335042757054,319.73724365234375,3225100,0.0,0.0
2022-02-09 00:00:00-05:00,323.1607692079469,325.0626982162512,321.1172976553133,322.3292236328125,2777500,0.0,0.0
2022-02-10 00:00:00-05:00,317.4372305815899,321.1172552588442,312.15604489044904,314.1199035644531,4291800,0.0,0.0
2022-02-11 00:00:00-05:00,313.76607391004575,316.110313034527,308.34334546579754,309.8737487792969,3308700,0.0,0.0
2022-02-14 00:00:00-05:00,307.847945445445,312.1914355015082,306.8129275435151,310.9971923828125,3654300,0.0,0.0
2022-02-15 00:00:00-05:00,314.53574604011925,316.1811546436284,310.83803785093403,312.5011291503906,3552500,0.0,0.0
2022-02-16 00:00:00-05:00,310.94409544699766,312.1471663288263,305.83099020627725,309.69677734375,3594900,0.0,0.0
2022-02-17 00:00:00-05:00,308.72373218168974,311.66067903026556,307.3083608297536,307.7948913574219,3927000,0.0,0.0
2022-02-18 00:00:00-05:00,308.192998809563,310.14800287181015,304.39796869162944,306.8483581542969,5526100,0.0,0.0
2022-02-22 00:00:00-05:00,296.42756107131436,297.84295965720975,276.3112940456518,279.6905517578125,19752800,0.0,0.0
2022-02-23 00:00:00-05:00,282.4770898279068,283.43246831027375,271.667023739524,272.86126708984375,11026000,0.0,0.0
2022-02-24 00:00:00-05:00,265.3861442163128,277.2754456369216,264.75807123401376,277.0985107421875,8416700,0.0,0.0
2022-02-25 00:00:00-05:00,277.04547769117033,280.8139701494623,272.0827689999638,280.1151123046875,6510600,0.0,0.0
2022-02-28 00:00:00-05:00,276.8597982635226,279.6109562456862,274.6571009082541,279.3898010253906,5735100,0.0,0.0
2022-03-01 00:00:00-05:00,278.2928178568024,285.228240782696,277.5585945672258,283.2997741699219,5640900,0.0,0.0
2022-03-02 00:00:00-05:00,284.01625243278744,292.97746231823004,282.79547183683724,289.59820556640625,5645600,0.0,0.0
2022-03-03 00:00:00-05:00,291.20824884687295,292.5263248629528,285.5820479593766,286.9355163574219,3858400,0.0,0.0
2022-03-04 00:00:00-05:00,285.03358803857213,288.97016039766487,282.64512868289586,286.8470764160156,3630900,0.0,0.0
2022-03-07 00:00:00-05:00,286.8471254570888,291.57099689773446,283.17592784437363,285.5290222167969,4670000,0.0,0.0
2022-03-08 00:00:00-05:00,282.8574802368952,290.5890568279519,279.4959322398659,280.19476318359375,5092500,0.0,0.0
2022-03-09 00:00:00-05:00,284.78691861947414,286.97621045173014,282.04585647789634,282.2950439453125,4443600,1.9,0.0
2022-03-10 00:00:00-05:00,279.7675141527768,283.23837617816207,274.77485691465887,282.9535827636719,3895200,0.0,0.0
2022-03-11 00:00:00-05:00,284.14613468741317,286.3799406748124,281.4317703503758,281.9301452636719,2973300,0.0,0.0
2022-03-14 00:00:00-04:00,287.3767231580544,288.3467754087895,281.4139857657798,283.327392578125,3604200,0.0,0.0
2022-03-15 00:00:00-04:00,285.09843891430853,293.84672601562346,285.08062234805783,292.38720703125,3775300,0.0,0.0
2022-03-16 00:00:00-04:00,295.09265637402785,297.2018824689662,288.5514780527426,294.49639892578125,3942400,0.0,0.0
2022-03-17 00:00:00-04:00,292.92119998853246,299.3466796875,291.764236670234,299.3466796875,3123200,0.0,0.0
2022-03-18 00:00:00-04:00,296.91712292950444,303.2447204589844,295.7423701458315,303.2447204589844,9409600,0.0,0.0
2022-03-21 00:00:00-04:00,300.8417813099804,303.2001674895056,291.08781003408546,293.1258239746094,4521200,0.0,0.0
2022-03-22 00:00:00-04:00,293.08131105235407,294.843412530349,288.35563082781397,293.4461975097656,4852800,0.0,0.0
2022-03-23 00:00:00-04:00,290.92763234866237,292.0756872238255,281.09359488732184,282.1615295410156,5207700,0.0,0.0
2022-03-24 00:00:00-04:00,282.25055077606225,284.2529589471733,279.7141616607751,281.03131103515625,4599900,0.0,0.0
2022-03-25 00:00:00-04:00,283.43422138596924,283.71898769444454,274.374415910062,276.4925231933594,5176500,0.0,0.0
2022-03-28 00:00:00-04:00,276.7773154804659,279.75868427845376,275.20209744948835,279.6963806152344,3936600,0.0,0.0
2022-03-29 00:00:00-04:00,282.0369753833449,285.6769052787026,278.4860468405147,282.7489318847656,5306100,0.0,0.0
2022-03-30 00:00:00-04:00,278.65508917600886,280.5507064617336,272.41649416507937,274.51678466796875,7223800,0.0,0.0
2022-03-31 00:00:00-04:00,272.51443444708895,274.0718632495138,265.999952897521,266.3915100097656,11044600,0.0,0.0
2022-04-01 00:00:00-04:00,267.43274346231,269.98692205769396,266.00880328986534,268.6697998046875,5554600,0.0,0.0
2022-04-04 00:00:00-04:00,268.31383539150346,272.754751010622,266.6051286509921,271.9537658691406,4659500,0.0,0.0
2022-04-05 00:00:00-04:00,272.5588610974763,275.0863414824239,268.9545107319443,271.3128967285156,4376100,0.0,0.0
2022-04-06 00:00:00-04:00,265.28786209798454,267.5750631345645,262.52898390081026,265.6883544921875,6499900,0.0,0.0
2022-04-07 00:00:00-04:00,264.1310307897264,271.0727025326695,261.2831501385995,269.4351806640625,5241000,0.0,0.0
2022-04-08 00:00:00-04:00,268.28705301422355,277.92532492919116,268.1268669002506,276.8751525878906,5741900,0.0,0.0
2022-04-11 00:00:00-04:00,273.9383445241271,279.5984992694515,272.2652168499784,272.9682922363281,4100600,0.0,0.0
2022-04-12 00:00:00-04:00,275.38902942335767,278.8153784272229,271.5266090195221,272.5856628417969,4122600,0.0,0.0
2022-04-13 00:00:00-04:00,272.42535979317296,277.4002549296566,272.07828987632274,276.2611083984375,3185300,0.0,0.0
2022-04-14 00:00:00-04:00,276.62598541660657,277.88973933585885,270.8412510509281,271.0103454589844,4569200,0.0,0.0
2022-04-18 00:00:00-04:00,269.6576151479255,272.5855882767702,265.84859117544624,267.17462158203125,3192400,0.0,0.0
2022-04-19 00:00:00-04:00,267.53060444278464,274.2231145677029,266.81864799346886,273.9294128417969,3389700,0.0,0.0
2022-04-20 00:00:00-04:00,276.7772871526367,281.31608411017027,275.6648382492901,280.46173095703125,4720800,0.0,0.0
2022-04-21 00:00:00-04:00,282.117106639255,283.3630442650871,275.65599323467814,276.207763671875,3014200,0.0,0.0
2022-04-22 00:00:00-04:00,275.7271238775726,275.7271238775726,266.7919272654939,267.0856018066406,4043200,0.0,0.0
2022-04-25 00:00:00-04:00,266.98781478570345,271.58000845914614,263.66825651114874,271.38421630859375,4396900,0.0,0.0
2022-04-26 00:00:00-04:00,268.99016256745665,273.7158436477509,266.7385669249801,266.9521484375,3415200,0.0,0.0
2022-04-27 00:00:00-04:00,268.14473906563626,272.7013537137157,266.2046342169961,268.4117431640625,3446200,0.0,0.0
2022-04-28 00:00:00-04:00,271.2150519609325,279.92775967613824,269.66653172523917,277.45367431640625,4149500,0.0,0.0
2022-04-29 00:00:00-04:00,274.24090279828687,277.4180634375278,266.7296455047737,267.3437194824219,4878200,0.0,0.0
2022-05-02 00:00:00-04:00,268.75872894878785,274.8104668774281,266.90762604647375,273.19073486328125,4233900,0.0,0.0
2022-05-03 00:00:00-04:00,272.05168818893446,274.99745159802495,269.6754846667356,271.4020080566406,3336600,0.0,0.0
2022-05-04 00:00:00-04:00,270.61875594534587,281.00459077544707,269.59530839419506,280.6130065917969,4021300,0.0,0.0
2022-05-05 00:00:00-04:00,276.77730645400237,277.0976787239971,261.3899045452237,266.1956787109375,4959600,0.0,0.0
2022-05-06 00:00:00-04:00,263.69483782376193,264.095330232944,257.5630345066969,261.923828125,4325300,0.0,0.0
2022-05-09 00:00:00-04:00,258.3373196895061,267.64628402684764,256.75319361940865,264.34454345703125,5243600,0.0,0.0
2022-05-10 00:00:00-04:00,265.6172049611562,267.9400125062664,256.0056568364061,259.1205139160156,4392900,0.0,0.0
2022-05-11 00:00:00-04:00,259.3785546038408,261.05165466602364,251.47571454582487,251.82278442382812,3880500,0.0,0.0
2022-05-12 00:00:00-04:00,250.5858219187769,260.91823533678803,249.74925808648558,257.8122863769531,4447700,0.0,0.0
2022-05-13 00:00:00-04:00,258.04359071392776,266.4715024786311,256.7086523805073,263.45452880859375,3949100,0.0,0.0
2022-05-16 00:00:00-04:00,261.71924171312617,266.6051371626535,257.90133553947203,263.4190673828125,4267900,0.0,0.0
2022-05-17 00:00:00-04:00,272.7725150154185,276.7239363290139,258.88914503462945,267.833251953125,12425900,0.0,0.0
2022-05-18 00:00:00-04:00,260.7580878325841,262.9295908050344,250.23876186661,253.79859924316406,7799500,0.0,0.0
2022-05-19 00:00:00-04:00,254.08331878650847,260.31303238197455,253.60273327594166,256.0946350097656,5211500,0.0,0.0
2022-05-20 00:00:00-04:00,257.92795335015035,258.53311902099773,248.82366196318137,255.5873565673828,5621800,0.0,0.0
2022-05-23 00:00:00-04:00,257.278311533698,258.39076057548783,249.47337883388442,254.55503845214844,4305600,0.0,0.0
2022-05-24 00:00:00-04:00,252.7484386929209,257.48302864021383,249.7670696356134,256.2370910644531,4241900,0.0,0.0
2022-05-25 00:00:00-04:00,254.35919826921634,262.9739955026785,254.2257098413064,261.2652893066406,4612900,0.0,0.0
2022-05-26 00:00:00-04:00,264.6026883604331,271.99824748900113,264.3178948847254,269.4885559082031,4170800,0.0,0.0
2022-05-27 00:00:00-04:00,270.1382009730582,274.55239063767453,268.4116780941894,274.51678466796875,3899300,0.0,0.0
2022-05-31 00:00:00-04:00,272.86152943386753,273.9917679783434,267.72644684150583,269.4351806640625,5966600,0.0,0.0
2022-06-01 00:00:00-04:00,270.2322255712687,271.34276304856684,266.0140525928087,266.1573486328125,3080800,1.9,0.0
2022-06-02 00:00:00-04:00,267.60811886775235,274.07420420854277,264.9930419289037,273.930908203125,4086400,0.0,0.0
2022-06-03 00:00:00-04:00,271.6562155352234,276.25054439762897,270.37554294846194,273.2234802246094,2956600,0.0,0.0
2022-06-06 00:00:00-04:00,273.6532561937342,275.48918314485854,271.58446983832283,272.15765380859375,2562000,0.0,0.0
2022-06-07 00:00:00-04:00,264.2497318645086,270.80538152449657,262.0466135571403,270.2590637207031,3547800,0.0,0.0
2022-06-08 00:00:00-04:00,268.47684605208804,269.1932987854625,264.8049642989742,266.4617919921875,3003100,0.0,0.0
2022-06-09 00:00:00-04:00,266.66779708949423,274.83547887215417,266.3006061646303,268.5484924316406,4168400,0.0,0.0
2022-06-10 00:00:00-04:00,261.0615253028757,265.5394245362012,258.5001800602589,259.0375061035156,4623900,0.0,0.0
2022-06-13 00:00:00-04:00,254.66702541191606,256.8701711092608,251.90865201525904,253.59234619140625,4704600,0.0,0.0
2022-06-14 00:00:00-04:00,253.63718705138393,256.4761874856366,247.7084522239488,249.57127380371094,3987000,0.0,0.0
2022-06-15 00:00:00-04:00,251.65791479625184,253.9774631155525,246.70535977268005,250.52053833007812,4050400,0.0,0.0
2022-06-16 00:00:00-04:00,246.21276307722087,247.27847768888938,241.56470262667804,244.9051971435547,6181000,0.0,0.0
2022-06-17 00:00:00-04:00,242.70215440137676,247.73530909756357,242.15586377784356,242.46035766601562,10775600,0.0,0.0
2022-06-21 00:00:00-04:00,245.11120133338736,245.31719449600146,239.49592665846652,241.09005737304688,5498400,0.0,0.0
2022-06-22 00:00:00-04:00,238.5734726494698,243.39166813916557,236.88977855874924,240.8930206298828,4678400,0.0,0.0
2022-06-23 00:00:00-04:00,241.80654424843627,246.81283201446124,241.70804358999447,246.6605987548828,3747500,0.0,0.0
2022-06-24 00:00:00-04:00,248.4965412194311,253.86105575661304,245.31724369521962,253.4490966796875,10310700,0.0,0.0
2022-06-27 00:00:00-04:00,254.75656804710684,255.24018868885932,252.09669551384928,253.17140197753906,2538600,0.0,0.0
2022-06-28 00:00:00-04:00,254.14762897135088,255.77759073099,241.64534289047836,241.9408721923828,4052100,0.0,0.0
2022-06-29 00:00:00-04:00,243.22149967374713,247.3232696133622,240.7407539807805,245.2723846435547,2460500,0.0,0.0
2022-06-30 00:00:00-04:00,242.46029808488498,248.11140371369095,240.05118654451215,245.63063049316406,4058000,0.0,0.0
2022-07-01 00:00:00-04:00,246.93822978276773,251.43403057039595,245.88142484003257,249.9384002685547,2818300,0.0,0.0
2022-07-05 00:00:00-04:00,246.73213920975684,254.10276794433594,246.31121577376672,254.10276794433594,3241300,0.0,0.0
2022-07-06 00:00:00-04:00,255.23126131348306,256.06417124304477,251.22801878312399,253.96849060058594,2206100,0.0,0.0
2022-07-07 00:00:00-04:00,253.30570603761967,257.0044537972182,252.06086472731292,256.7536926269531,3133900,0.0,0.0
2022-07-08 00:00:00-04:00,256.12687452487313,257.91803423864474,254.26408044815912,256.5567626953125,1891000,0.0,0.0
2022-07-11 00:00:00-04:00,255.40146659376222,259.35097719027556,255.36566307641405,256.4851379394531,2453200,0.0,0.0
2022-07-12 00:00:00-04:00,258.7956587094878,262.9780278000759,253.8162379235203,255.34767150878906,2696100,0.0,0.0
2022-07-13 00:00:00-04:00,252.22213955462226,259.5300738895564,250.54740972741516,257.1925964355469,2941600,0.0,0.0
2022-07-14 00:00:00-04:00,252.41913368164944,259.97782822979974,252.24000681653933,259.2524108886719,2822200,0.0,0.0
2022-07-15 00:00:00-04:00,264.0258199017152,264.59900396501763,260.5688957617788,261.8764343261719,2647200,0.0,0.0
2022-07-18 00:00:00-04:00,266.2110920388534,267.32160223031,261.5092981508669,262.44964599609375,2664000,0.0,0.0
2022-07-19 00:00:00-04:00,264.5900865451942,268.6828926088112,262.6824972829824,268.52166748046875,2614900,0.0,0.0
2022-07-20 00:00:00-04:00,269.50679430686165,271.9786030407642,267.13351355267736,270.7337341308594,2533400,0.0,0.0
2022-07-21 00:00:00-04:00,271.22627334147995,273.37565880447136,267.66185687813356,273.1517639160156,1965000,0.0,0.0
2022-07-22 00:00:00-04:00,275.5340213545498,278.2297246801923,272.57859229381546,274.57574462890625,2391500,0.0,0.0
2022-07-25 00:00:00-04:00,274.7638535430652,275.32807315271305,272.10398061967163,274.1817321777344,1910500,0.0,0.0
2022-07-26 00:00:00-04:00,265.98716783808675,269.24709102740337,265.0109892560348,267.0439453125,2690200,0.0,0.0
2022-07-27 00:00:00-04:00,267.0708371311893,268.95156012544555,261.32123027926184,267.69775390625,3233700,0.0,0.0
2022-07-28 00:00:00-04:00,264.1959912310471,269.7843993844124,262.5570925313887,268.342529296875,3992100,0.0,0.0
2022-07-29 00:00:00-04:00,268.6738695749261,269.9635063353593,266.37222353281356,269.5157165527344,3236000,0.0,0.0
2022-08-01 00:00:00-04:00,269.24707350237264,276.2415482371182,268.6828539616444,273.88616943359375,3303900,0.0,0.0
2022-08-02 00:00:00-04:00,273.51008622051154,273.6981503401312,268.6829249440833,269.309814453125,3091000,0.0,0.0
2022-08-03 00:00:00-04:00,271.6741429713004,275.9012808010601,268.9784389760535,274.3787841796875,3329400,0.0,0.0
2022-08-04 00:00:00-04:00,272.73989648908054,277.6028885386476,272.6503330374623,275.09527587890625,2718400,0.0,0.0
2022-08-05 00:00:00-04:00,273.4921650458427,277.4327107190926,272.7040504450074,277.35211181640625,2029100,0.0,0.0
2022-08-08 00:00:00-04:00,279.295514974553,282.82410172040636,278.0238069107561,279.39404296875,2505100,0.0,0.0
2022-08-09 00:00:00-04:00,276.6355974698361,277.59384687624953,271.6382479656843,273.33984375,2607000,0.0,0.0
2022-08-10 00:00:00-04:00,277.18188420538473,280.29851103008866,276.77886245591674,279.044677734375,3863400,0.0,0.0
2022-08-11 00:00:00-04:00,281.0687514707037,281.7673025974046,277.25357290822336,278.2476806640625,2444100,0.0,0.0
2022-08-12 00:00:00-04:00,279.9671160648355,282.04486722521625,277.7908642706644,282.0090637207031,2273800,0.0,0.0
2022-08-15 00:00:00-04:00,279.4566818505059,282.7882392442683,277.7640231918802,281.75830078125,3917300,0.0,0.0
2022-08-16 00:00:00-04:00,280.2985722727392,298.2101680573648,280.20900882763084,293.1949157714844,10089800,0.0,0.0
2022-08-17 00:00:00-04:00,293.8307069921673,295.09347750490326,290.230486847779,291.7440185546875,3162600,0.0,0.0
2022-08-18 00:00:00-04:00,291.02756992008807,293.69640724927086,288.5736903026486,291.25146484375,2899600,0.0,0.0
2022-08-19 00:00:00-04:00,291.0365609116588,292.2455990754925,286.3795351439012,287.7677001953125,3489100,0.0,0.0
2022-08-22 00:00:00-04:00,284.8749299957695,286.3526309645706,279.16112740754465,279.6089172363281,3144200,0.0,0.0
2022-08-23 00:00:00-04:00,278.71327782969666,278.9909052775524,273.7249209779268,274.85333251953125,3317500,0.0,0.0
2022-08-24 00:00:00-04:00,273.19654038601607,277.6117684940162,271.8531710138555,275.93701171875,2495600,0.0,0.0
2022-08-25 00:00:00-04:00,276.4117619825629,277.59390654445724,273.89515760564865,277.4327087402344,2529700,0.0,0.0
2022-08-26 00:00:00-04:00,277.8983767649414,278.9820479066736,266.90065887357326,266.9723205566406,3315500,0.0,0.0
2022-08-29 00:00:00-04:00,265.6020687451646,268.41417469110235,263.5601481950003,265.378173828125,2711800,0.0,0.0
2022-08-30 00:00:00-04:00,267.3842417017594,268.58431507937155,261.2137125041718,262.494384765625,2892400,0.0,0.0
2022-08-31 00:00:00-04:00,263.2245391076999,263.6391859852285,259.8622214134163,259.9884338378906,4376200,1.9,0.0
2022-09-01 00:00:00-04:00,259.97042641077616,264.6397916438798,258.4560421474859,264.45050048828125,3742500,0.0,0.0
2022-09-02 00:00:00-04:00,266.92038026741193,267.54236440559265,261.52086471490804,263.1253967285156,2753600,0.0,0.0
2022-09-06 00:00:00-04:00,264.315308120119,265.469128699666,258.942833625596,260.9980773925781,4110000,0.0,0.0
2022-09-07 00:00:00-04:00,261.80929867141316,268.3536384631378,261.68308624680566,268.14630126953125,3016000,0.0,0.0
2022-09-08 00:00:00-04:00,266.82118703510685,270.59815130907987,265.50511726110324,270.33673095703125,2703200,0.0,0.0
2022-09-09 00:00:00-04:00,269.95818110046395,272.671445736313,268.9215226002223,270.2195739746094,2769200,0.0,0.0
2022-09-12 00:00:00-04:00,271.1480627960356,272.97795062456674,267.13674642788635,268.2094421386719,3632900,0.0,0.0
2022-09-13 00:00:00-04:00,263.2245531463972,265.09047794941586,249.98264636565975,250.53250122070312,4797200,0.0,0.0
2022-09-14 00:00:00-04:00,251.85759550549324,251.98380793735208,246.24174749124137,249.0992431640625,4194400,0.0,0.0
2022-09-15 00:00:00-04:00,250.49645685419446,250.60462321538344,243.87099213889468,244.7724151611328,3896100,0.0,0.0
2022-09-16 00:00:00-04:00,242.52785703434358,249.29755284330813,242.39264908068043,248.76571655273438,9535100,0.0,0.0
2022-09-19 00:00:00-04:00,246.6113110922162,253.50721957688557,246.5482323844207,252.77706909179688,3047200,0.0,0.0
2022-09-20 00:00:00-04:00,249.58606824406837,251.2987668786699,244.61921744539544,247.14321899414062,2940700,0.0,0.0
2022-09-21 00:00:00-04:00,248.7927665801457,252.51564824965453,244.74538581084138,244.79946899414062,3173500,0.0,0.0
2022-09-22 00:00:00-04:00,244.48398735079243,244.48398735079243,241.44619574289308,242.60903930664062,3515800,0.0,0.0
2022-09-23 00:00:00-04:00,241.48225312583386,244.5560817607706,240.06701222342863,244.23158264160156,3527900,0.0,0.0
2022-09-26 00:00:00-04:00,244.67323760607465,246.59327299220456,239.42694915847258,240.30133056640625,4181800,0.0,0.0
2022-09-27 00:00:00-04:00,242.80732249482196,246.71050007544727,240.66195854080095,242.20338439941406,3701000,0.0,0.0
2022-09-28 00:00:00-04:00,248.0896391828118,255.5534205231171,245.82705864964814,254.37255859375,5816600,0.0,0.0
2022-09-29 00:00:00-04:00,251.05538926890324,251.28074507342188,247.6480106049516,250.8931121826172,4518600,0.0,0.0
2022-09-30 00:00:00-04:00,250.43334234689166,254.01199272703386,247.6749901909303,248.73866271972656,4789100,0.0,0.0
2022-10-03 00:00:00-04:00,253.29991108273177,257.861110127823,251.99283648091722,255.7337646484375,3580000,0.0,0.0
2022-10-04 00:00:00-04:00,259.15918359259643,262.59360396398756,258.3118435394142,261.01611328125,3641300,0.0,0.0
2022-10-05 00:00:00-04:00,258.0323073331154,263.3146323678819,257.2390507728481,261.2774353027344,2728000,0.0,0.0
2022-10-06 00:00:00-04:00,261.0160856054708,264.08994185387746,259.4025304613376,261.7642822265625,2641500,0.0,0.0
2022-10-07 00:00:00-04:00,259.18613190118293,260.17770261814576,254.57987396995466,256.2925720214844,2406000,0.0,0.0
2022-10-10 00:00:00-04:00,255.60755304903216,256.77939217167034,252.59680294862514,254.61598205566406,2115400,0.0,0.0
2022-10-11 00:00:00-04:00,253.39006113987267,257.98732485500636,253.20976550035672,255.0036163330078,2771900,0.0,0.0
2022-10-12 00:00:00-04:00,256.3827439789797,256.58105814106284,252.8401306513472,252.86717224121094,2258200,0.0,0.0
2022-10-13 00:00:00-04:00,247.58491142952496,256.75237041328154,242.23947819630763,254.94952392578125,3881600,0.0,0.0
2022-10-14 00:00:00-04:00,258.3839393749286,258.3839393749286,248.74772390750377,249.18038940429688,2783100,0.0,0.0
2022-10-17 00:00:00-04:00,252.03789041653587,255.88695693876338,251.80351162045116,253.5342559814453,3426700,0.0,0.0
2022-10-18 00:00:00-04:00,259.56481244138644,261.28650648553145,255.31009398457988,256.9596862792969,3166500,0.0,0.0
2022-10-19 00:00:00-04:00,254.62499704875125,254.89541298874218,246.10653731877116,248.3330535888672,4323000,0.0,0.0
2022-10-20 00:00:00-04:00,247.8372694311502,250.5956219177058,241.46420150893678,242.8974609375,3959500,0.0,0.0
2022-10-21 00:00:00-04:00,241.88786084056403,248.53134439736158,241.58138030099352,248.3690948486328,3429100,0.0,0.0
2022-10-24 00:00:00-04:00,249.66716842688982,256.4278419834082,249.66716842688982,255.33712768554688,2937100,0.0,0.0
2022-10-25 00:00:00-04:00,257.36530470654304,263.3327209168868,257.36530470654304,261.6470642089844,2791600,0.0,0.0
2022-10-26 00:00:00-04:00,261.9535945700049,263.09839216191295,257.96029628725705,261.5479431152344,2615000,0.0,0.0
2022-10-27 00:00:00-04:00,263.08032650261157,265.2617549104247,260.9169166527333,262.3681945800781,3041500,0.0,0.0
2022-10-28 00:00:00-04:00,261.4126874853811,269.66972601878786,261.4126874853811,269.2099914550781,3243100,0.0,0.0
2022-10-31 00:00:00-04:00,265.387966761636,269.7778926684092,263.71130556291484,266.93841552734375,4210900,0.0,0.0
2022-11-01 00:00:00-04:00,270.76040534695227,272.41902026316524,264.4324261820181,266.8752746582031,3309100,0.0,0.0
2022-11-02 00:00:00-04:00,266.10012265027876,270.58019676854684,260.07859515178734,260.2679138183594,4426400,0.0,0.0
2022-11-03 00:00:00-04:00,255.61656282741583,257.76195427201037,252.8582102584373,253.7506103515625,4823900,0.0,0.0
2022-11-04 00:00:00-04:00,257.70785015033914,260.3670316544805,250.14489752172938,256.03118896484375,4401600,0.0,0.0
2022-11-07 00:00:00-05:00,258.2577419157117,262.94515347076236,254.9585297649975,261.6560974121094,3260200,0.0,0.0
2022-11-08 00:00:00-05:00,263.60312349024537,264.4234217282088,259.2763040577926,262.4403076171875,3371800,0.0,0.0
2022-11-09 00:00:00-05:00,260.5112338743734,263.6662142154125,258.04134378177554,258.4830322265625,3071400,0.0,0.0
2022-11-10 00:00:00-05:00,268.3896863678617,283.7138780045379,267.79474386203395,280.97357177734375,7794000,0.0,0.0
2022-11-11 00:00:00-05:00,281.2439791882793,286.364055284103,279.6574658873351,283.8941650390625,4945400,0.0,0.0
2022-11-14 00:00:00-05:00,283.37135759774,284.831686153721,276.1419541093107,276.664794921875,6394800,0.0,0.0
2022-11-15 00:00:00-05:00,274.08668287776567,285.4175769082454,273.3565324279971,281.1808776855469,9290400,0.0,0.0
2022-11-16 00:00:00-05:00,275.70923163014794,285.2192609945367,274.49233256082226,283.86712646484375,5249500,0.0,0.0
2022-11-17 00:00:00-05:00,281.2439914843964,282.7583756055543,275.9706611422143,280.73919677734375,3642100,0.0,0.0
2022-11-18 00:00:00-05:00,283.17306420030997,284.84969795217086,279.67553819106286,282.30767822265625,3559300,0.0,0.0
2022-11-21 00:00:00-05:00,285.7150449584887,287.4097247101793,283.22713602297887,285.55279541015625,4069000,0.0,0.0
2022-11-22 00:00:00-05:00,288.4553904931095,294.60310260521385,287.89651257550906,292.8543395996094,6054700,0.0,0.0
2022-11-23 00:00:00-05:00,294.54903026236695,295.5045365778069,288.85202948820574,289.8165588378906,4243400,0.0,0.0
2022-11-25 00:00:00-05:00,291.0605240517476,296.6403078489538,290.16809645779017,294.20648193359375,3393500,0.0,0.0
2022-11-28 00:00:00-05:00,293.0166584020266,296.38797277218447,286.5174040516252,287.48193359375,4733700,0.0,0.0
2022-11-29 00:00:00-05:00,284.84975481912807,288.45544791810437,284.5072095732445,284.8136901855469,3505600,0.0,0.0
2022-11-30 00:00:00-05:00,283.7888568047883,294.00029506186905,282.49203005057035,293.81890869140625,15106500,1.9,0.0
2022-12-01 00:00:00-05:00,295.9228865437918,298.97000616092976,294.22703181350096,296.61212158203125,3830100,0.0,0.0
2022-12-02 00:00:00-05:00,291.1798912651168,297.8907994324216,290.4997338975392,297.4464111328125,3644100,0.0,0.0
2022-12-05 00:00:00-05:00,294.87081862733726,295.20635842478816,289.78325595117354,290.27294921875,5057300,0.0,0.0
2022-12-06 00:00:00-05:00,289.8740010880592,291.69680392886164,285.2489256686828,287.887939453125,3341500,0.0,0.0
2022-12-07 00:00:00-05:00,286.5366723176329,292.81226946157784,285.15823009166894,290.33648681640625,4038200,0.0,0.0
2022-12-08 00:00:00-05:00,288.8855632744341,294.29961830969205,288.8855632744341,293.90966796875,3483600,0.0,0.0
2022-12-09 00:00:00-05:00,291.54267976178323,294.2270265684099,290.137004520731,290.63580322265625,3738800,0.0,0.0
2022-12-12 00:00:00-05:00,292.92109273731353,297.7638096491035,291.37034176024554,297.4373474121094,4900200,0.0,0.0
2022-12-13 00:00:00-05:00,312.28296541188814,314.9129020392111,299.2329977421222,301.8901672363281,5787700,0.0,0.0
2022-12-14 00:00:00-05:00,299.7498854883579,307.4855408502101,298.3714431851649,302.37982177734375,4546000,0.0,0.0
2022-12-15 00:00:00-05:00,298.76133095832313,299.2873070358605,293.25658516646104,297.0926818847656,5056900,0.0,0.0
2022-12-16 00:00:00-05:00,293.3110772387065,297.4010993537508,289.5112622631249,293.2294616699219,9615000,0.0,0.0
2022-12-19 00:00:00-05:00,289.7470787205063,291.93265468545746,286.5911381345787,287.7791442871094,3000600,0.0,0.0
2022-12-20 00:00:00-05:00,284.14252339634476,287.3800788218981,281.88438231620273,285.5209655761719,2632200,0.0,0.0
2022-12-21 00:00:00-05:00,288.4320197983934,289.82861716411236,285.43026121327944,289.6200256347656,2610400,0.0,0.0
2022-12-22 00:00:00-05:00,286.93565643528325,286.93565643528325,281.79368330100186,286.6817321777344,3064400,0.0,0.0
2022-12-23 00:00:00-05:00,284.89525707372377,289.38430697867113,283.9067649746436,289.04876708984375,2064900,0.0,0.0
2022-12-27 00:00:00-05:00,288.75856404595453,291.606142006213,287.9423806905009,289.7923889160156,1610200,0.0,0.0
2022-12-28 00:00:00-05:00,290.69927964471304,291.49733547144626,286.11956393878467,286.3281555175781,1568200,0.0,0.0
2022-12-29 00:00:00-05:00,288.976215032251,291.8600758980261,288.01492807699265,290.57232666015625,1559100,0.0,0.0
2022-12-30 00:00:00-05:00,287.92428896216035,288.5409861823821,283.87054880430264,286.4460754394531,2581600,0.0,0.0
2023-01-03 00:00:00-05:00,287.86078658438095,289.4931534169916,282.7459892043592,286.49139404296875,2822400,0.0,0.0
2023-01-04 00:00:00-05:00,291.1708386057373,292.4767429533681,286.9175856927418,289.95562744140625,3560900,0.0,0.0
2023-01-05 00:00:00-05:00,288.23250007225226,288.45921916126963,284.0608909748689,286.09228515625,2935100,0.0,0.0
2023-01-06 00:00:00-05:00,286.835961788003,289.1575632994522,280.2248246798624,287.9604797363281,4022500,0.0,0.0
2023-01-09 00:00:00-05:00,290.20044751304926,292.51297125890034,287.5342286874694,288.2143859863281,3466300,0.0,0.0
2023-01-10 00:00:00-05:00,286.84499917300764,290.8624827274721,284.72291168166566,290.77178955078125,2111300,0.0,0.0
2023-01-11 00:00:00-05:00,292.512971362552,298.3986180102181,292.1230211532293,298.3623352050781,2864800,0.0,0.0
2023-01-12 00:00:00-05:00,301.2734550222697,301.2734550222697,296.28563392945784,299.1513671875,2481800,0.0,0.0
2023-01-13 00:00:00-05:00,296.0861186859055,301.43671252082765,295.6417580285207,300.3665771484375,2798600,0.0,0.0
2023-01-17 00:00:00-05:00,299.5685403290462,303.9487698818734,296.6393465723568,297.029296875,3988900,0.0,0.0
2023-01-18 00:00:00-05:00,299.2692638616026,303.368335936706,292.8576399603448,293.546875,2952200,0.0,0.0
2023-01-19 00:00:00-05:00,290.50872890759456,291.41560513981244,281.70296844194553,281.9296875,5359300,0.0,0.0
2023-01-20 00:00:00-05:00,281.140772111501,285.8837181480631,278.76476028294314,285.66607666015625,3725100,0.0,0.0
2023-01-23 00:00:00-05:00,284.34203694750965,287.96046496219253,282.1201786758125,286.10137939453125,3237900,0.0,0.0
2023-01-24 00:00:00-05:00,285.77491162717945,288.477413497774,283.5167980507419,288.1055908203125,2127900,0.0,0.0
2023-01-25 00:00:00-05:00,285.96531425766403,288.4955070851936,282.5373226779051,287.7156066894531,2060400,0.0,0.0
2023-01-26 00:00:00-05:00,284.8952487533818,289.52940208923144,283.42611324213783,284.5869140625,3555300,0.0,0.0
2023-01-27 00:00:00-05:00,282.963574829254,288.6043473528867,282.33782787605907,287.1986999511719,2761200,0.0,0.0
2023-01-30 00:00:00-05:00,286.4188286878611,288.5137391268413,284.4781271261647,284.9768981933594,2643100,0.0,0.0
2023-01-31 00:00:00-05:00,286.5638174220779,294.14531726450383,285.75671195080974,293.9820861816406,3526800,0.0,0.0
2023-02-01 00:00:00-05:00,292.3679598863297,299.76804857578685,288.0602960432839,297.5371398925781,3076500,0.0,0.0
2023-02-02 00:00:00-05:00,302.39795919676425,309.67109826328516,301.708724247953,308.1475524902344,4776600,0.0,0.0
2023-02-03 00:00:00-05:00,301.5636593802673,303.54064362573115,299.5685198912917,300.62957763671875,3389700,0.0,0.0
2023-02-06 00:00:00-05:00,298.3533449281357,300.1852535024338,296.96582473880113,298.6072692871094,2229700,0.0,0.0
2023-02-07 00:00:00-05:00,293.82796645018453,296.5485957691678,290.85341283512315,294.9162292480469,3865500,0.0,0.0
2023-02-08 00:00:00-05:00,292.86671016571944,293.8189194563499,289.8105406736036,290.91693115234375,2777200,0.0,0.0
2023-02-09 00:00:00-05:00,293.01185233272906,293.72829263831073,285.51196469452503,286.1649169921875,3063300,0.0,0.0
2023-02-10 00:00:00-05:00,284.6232739827053,287.6613166352525,283.62570402095645,287.0627746582031,2768800,0.0,0.0
2023-02-13 00:00:00-05:00,287.7881959569221,293.54686748252584,286.2192895899764,293.4017639160156,2432500,0.0,0.0
2023-02-14 00:00:00-05:00,290.75368718414865,292.8848526834177,286.27374233818813,288.7767028808594,3380800,0.0,0.0
2023-02-15 00:00:00-05:00,286.46418913039815,291.5880364620725,286.382573556256,290.8262634277344,2585500,0.0,0.0
2023-02-16 00:00:00-05:00,285.6660815025699,293.5921728124894,285.6025935089634,291.3249816894531,3169200,0.0,0.0
2023-02-17 00:00:00-05:00,289.00343288024465,290.74464815746455,283.80704759134994,288.3414306640625,4985500,0.0,0.0
2023-02-21 00:00:00-05:00,277.09612356089116,279.3270598388515,267.55579205360675,267.9820251464844,10891800,0.0,0.0
2023-02-22 00:00:00-05:00,269.8411152560286,272.42571904365917,267.61020661885385,268.70751953125,5922100,0.0,0.0
2023-02-23 00:00:00-05:00,269.1518760763041,271.9541210558088,267.18394195328904,271.43719482421875,4354500,0.0,0.0
2023-02-24 00:00:00-05:00,265.170663601797,270.5484342099161,264.80791856355677,269.0339660644531,3713300,0.0,0.0
2023-02-27 00:00:00-05:00,271.4825640111996,272.5073389909646,267.56487815696494,268.4445495605469,3238300,0.0,0.0
2023-02-28 00:00:00-05:00,267.52857330892397,270.88402750205165,266.90282629628297,268.9251708984375,3949500,0.0,0.0
2023-03-01 00:00:00-05:00,264.7354072250727,266.36777389899964,261.7789808988109,263.71063232421875,5905100,0.0,0.0
2023-03-02 00:00:00-05:00,261.59758606955893,266.7214327325657,260.5184008261619,265.7329406738281,4103700,0.0,0.0
2023-03-03 00:00:00-05:00,267.2020905368924,270.8023634750774,266.4040348327113,270.65728759765625,4036700,0.0,0.0
2023-03-06 00:00:00-05:00,270.24919991260515,272.1626960639041,269.32419583587875,270.43963623046875,3763200,0.0,0.0
2023-03-07 00:00:00-05:00,271.21050311376683,271.21050311376683,263.37510398932784,263.6290283203125,4512400,0.0,0.0
2023-03-08 00:00:00-05:00,264.3871560891911,267.1457461251587,263.3184146569923,266.25970458984375,4680300,2.09,0.0
2023-03-09 00:00:00-05:00,267.68465673354353,268.89040906996365,262.84341642591687,263.07177734375,3248000,0.0,0.0
2023-03-10 00:00:00-05:00,263.5833553537295,267.78520264258,259.5094035845147,261.5281066894531,4730900,0.0,0.0
2023-03-13 00:00:00-04:00,259.4088677021226,267.03612817996964,258.1391954534192,261.7198791503906,3892100,0.0,0.0
2023-03-14 00:00:00-04:00,264.25923881627614,264.7159606447703,257.03392402045637,260.85211181640625,5116000,0.0,0.0
2023-03-15 00:00:00-04:00,259.37230897982533,264.1313421031749,258.2031023427236,263.0443420410156,4835500,0.0,0.0
2023-03-16 00:00:00-04:00,262.15839349378416,263.0992395749027,260.3315057342456,261.9117736816406,4400200,0.0,0.0
2023-03-17 00:00:00-04:00,262.9074308709265,266.67995865076733,261.48246061223006,263.4281005859375,8342000,0.0,0.0
2023-03-20 00:00:00-04:00,262.5510998066511,264.74335897621523,261.80206932858965,264.22271728515625,3677800,0.0,0.0
2023-03-21 00:00:00-04:00,266.204878035049,267.5385258438792,262.70640109729567,264.37799072265625,4788200,0.0,0.0
2023-03-22 00:00:00-04:00,264.98088446688587,266.0039369695487,258.00218896595567,258.1483154296875,3723400,0.0,0.0
2023-03-23 00:00:00-04:00,260.5689393905547,261.3453441769023,255.96517567986623,259.3357849121094,6005800,0.0,0.0
2023-03-24 00:00:00-04:00,258.1026508497762,260.26750796873296,256.5223832059887,258.5228271484375,3851000,0.0,0.0
2023-03-27 00:00:00-04:00,259.1896361803713,260.2766363560254,256.59545955456883,256.9242858886719,4269700,0.0,0.0
2023-03-28 00:00:00-04:00,256.4949579157699,258.76945149036544,255.70026642477717,256.51324462890625,3633300,0.0,0.0
2023-03-29 00:00:00-04:00,256.90608192229735,259.40890914227475,256.90608192229735,258.83343505859375,3607500,0.0,0.0
2023-03-30 00:00:00-04:00,260.6603088378906,261.33627620420833,259.2810276585417,260.6603088378906,3432800,0.0,0.0
2023-03-31 00:00:00-04:00,262.14919874147455,269.9682745893177,261.9391245310125,269.57550048828125,5800600,0.0,0.0
2023-04-03 00:00:00-04:00,269.34716155132367,272.1788428298541,269.2284094003649,271.9596252441406,4007600,0.0,0.0
2023-04-04 00:00:00-04:00,271.74953744078397,273.85044708400653,268.9178560132412,269.42938232421875,2965700,0.0,0.0
2023-04-05 00:00:00-04:00,269.4658314038942,270.1143684809528,263.5101898435099,263.6837463378906,4002400,0.0,0.0
2023-04-06 00:00:00-04:00,262.38669726002655,264.70685201412334,259.6372228609917,263.62896728515625,3193400,0.0,0.0
2023-04-10 00:00:00-04:00,261.3636732866645,267.3102012160673,260.9343535949303,265.9674377441406,2799900,0.0,0.0
2023-04-11 00:00:00-04:00,267.3558392591291,269.55724192517954,266.50634330687797,268.34234619140625,2497000,0.0,0.0
2023-04-12 00:00:00-04:00,270.5619806837113,272.6080852399159,264.51496118977826,265.300537109375,3341400,0.0,0.0
2023-04-13 00:00:00-04:00,265.71165920508867,267.1548880286901,261.5828757171461,266.8625793457031,3505800,0.0,0.0
2023-04-14 00:00:00-04:00,266.86253282111596,270.5619959972384,266.15919130913323,266.8990783691406,2653200,0.0,0.0
2023-04-17 00:00:00-04:00,266.4515432847543,269.9226182574256,266.3145044263912,269.8312683105469,2621900,0.0,0.0
2023-04-18 00:00:00-04:00,270.6716437369971,273.33888372903436,270.3062718324003,273.0740051269531,2847800,0.0,0.0
2023-04-19 00:00:00-04:00,270.79039499395253,272.4711280504817,269.51155151790505,271.2105712890625,2889300,0.0,0.0
2023-04-20 00:00:00-04:00,270.3519389459437,275.2297250660189,269.9226192824644,272.7268981933594,3371800,0.0,0.0
2023-04-21 00:00:00-04:00,275.51286981776184,276.95612639833047,273.43936276340185,274.06964111328125,3506700,0.0,0.0
2023-04-24 00:00:00-04:00,274.03309746725563,275.7686348426639,273.3206125288843,275.5311584472656,2515400,0.0,0.0
2023-04-25 00:00:00-04:00,275.4033338444828,276.4903343076548,270.4981445973782,270.6808166503906,4529500,0.0,0.0
2023-04-26 00:00:00-04:00,269.85870596206854,270.35197343914894,262.23144435108173,263.1357727050781,4037400,0.0,0.0
2023-04-27 00:00:00-04:00,263.0717805267675,269.20097983026335,262.889080639855,268.4884948730469,3133600,0.0,0.0
2023-04-28 00:00:00-04:00,268.3423655580594,274.78216084494875,267.9861369842821,274.5263977050781,4063400,0.0,0.0
2023-05-01 00:00:00-04:00,273.10139671636085,273.63118177603735,271.6307379216566,271.93218994140625,2970000,0.0,0.0
2023-05-02 00:00:00-04:00,272.6081259621293,272.81822803765755,265.85776398765245,268.8081970214844,3413200,0.0,0.0
2023-05-03 00:00:00-04:00,269.0639733583483,272.9004480390374,267.1822815712159,267.7120666503906,2743400,0.0,0.0
2023-05-04 00:00:00-04:00,267.38321304875683,269.0913481291543,260.63285143036245,261.0165100097656,4422500,0.0,0.0
2023-05-05 00:00:00-04:00,262.313654242714,265.6933793957924,261.33626273887256,264.55157470703125,3806600,0.0,0.0
2023-05-08 00:00:00-04:00,263.98523448604067,264.75252386398347,259.81993336229965,263.0078430175781,3736500,0.0,0.0
2023-05-09 00:00:00-04:00,261.4002044785504,265.86692982266584,261.025689204121,265.428466796875,2570000,0.0,0.0
2023-05-10 00:00:00-04:00,266.4606567288723,268.1596765243381,261.17183772093875,264.01263427734375,3571000,0.0,0.0
2023-05-11 00:00:00-04:00,263.74774004310973,264.3963051778423,260.34972817048464,262.78863525390625,3859700,0.0,0.0
2023-05-12 00:00:00-04:00,263.07188656248434,265.78481650770397,262.5695034851141,265.3280944824219,3438300,0.0,0.0
2023-05-15 00:00:00-04:00,264.82565095636244,265.73909479842536,262.1035782716212,263.5650939941406,5353600,0.0,0.0
2023-05-16 00:00:00-04:00,257.3627929816809,261.3271357644664,253.106141489985,257.892578125,12362100,0.0,0.0
2023-05-17 00:00:00-04:00,257.7281351550747,268.59810964255564,256.86949584440464,267.0818176269531,7956900,0.0,0.0
2023-05-18 00:00:00-04:00,267.31930781443623,270.31540219885636,266.36020302754434,269.612060546875,4547000,0.0,0.0
2023-05-19 00:00:00-04:00,270.1600624184325,270.1600624184325,264.8529578361583,265.70245361328125,4470600,0.0,0.0
2023-05-22 00:00:00-04:00,265.5655041474823,267.6298680097966,263.1448559758811,265.5015563964844,3736200,0.0,0.0
2023-05-23 00:00:00-04:00,264.24097738441543,271.99610503576395,264.24097738441543,269.41107177734375,5352200,0.0,0.0
2023-05-24 00:00:00-04:00,271.63072382383353,271.76773479111404,265.0630619900138,265.9034423828125,4978200,0.0,0.0
2023-05-25 00:00:00-04:00,266.53369482681353,266.53369482681353,261.29965337625043,261.929931640625,5355900,0.0,0.0
2023-05-26 00:00:00-04:00,262.1583391633516,267.91302326284324,260.9617301589301,267.48370361328125,4626100,0.0,0.0
2023-05-30 00:00:00-04:00,267.89477732931755,268.9635187641233,263.93957822455707,267.0909423828125,5193300,0.0,0.0
2023-05-31 00:00:00-04:00,266.4285397359892,266.8057512362606,259.40878392669566,260.7796325683594,18288800,2.09,0.0
2023-06-01 00:00:00-04:00,261.3316433396125,266.08815861234837,257.5871836566615,265.3245544433594,4305100,0.0,0.0
2023-06-02 00:00:00-04:00,267.4037777950191,272.5190861828409,266.54816602812474,272.27069091796875,4515600,0.0,0.0
2023-06-05 00:00:00-04:00,271.9762461625006,272.0682537569691,268.0661620501847,269.6578063964844,3028800,0.0,0.0
2023-06-06 00:00:00-04:00,268.4802206769598,273.17232789976737,268.32380493626164,272.3258972167969,2855400,0.0,0.0
2023-06-07 00:00:00-04:00,273.53110659893787,278.03001726139723,273.34709139335513,277.57000732421875,4842700,0.0,0.0
2023-06-08 00:00:00-04:00,277.9931864705285,281.020059477655,276.7327638353014,277.0087585449219,3757300,0.0,0.0
2023-06-09 00:00:00-04:00,276.90754719083145,277.3215392213949,272.41784643645053,273.56787109375,3485800,0.0,0.0
2023-06-12 00:00:00-04:00,274.5338482256656,278.4071229535489,273.84383351259333,276.7970886230469,4456600,0.0,0.0
2023-06-13 00:00:00-04:00,278.21395072624176,279.7963857279752,274.7822952259513,276.0794982910156,4043400,0.0,0.0
2023-06-14 00:00:00-04:00,276.91676000302994,278.35198869353235,271.9854671847451,275.7391357421875,4176000,0.0,0.0
2023-06-15 00:00:00-04:00,276.7787024214986,279.1615498965819,275.6194687018691,277.86431884765625,4109700,0.0,0.0
2023-06-16 00:00:00-04:00,279.9988309584796,281.50767695257446,276.13476452868224,276.3555603027344,10809300,0.0,0.0
2023-06-20 00:00:00-04:00,275.79431572483594,278.5359847409074,274.3775054975013,277.30316162109375,3371100,0.0,0.0
2023-06-21 00:00:00-04:00,278.6464213473648,279.29044650513345,276.17156558153204,276.6499938964844,2713300,0.0,0.0
2023-06-22 00:00:00-04:00,277.3859352546634,278.60954908293553,275.6379034670864,277.0915222167969,3052000,0.0,0.0
2023-06-23 00:00:00-04:00,276.3003284730976,278.14036790926343,275.1779032939654,276.7511291503906,8525900,0.0,0.0
2023-06-26 00:00:00-04:00,278.46238838932067,284.4792973023757,277.8275725195473,283.264892578125,4440100,0.0,0.0
2023-06-27 00:00:00-04:00,283.50409585914554,290.22943835348246,283.26490980326514,288.6470031738281,5342500,0.0,0.0
2023-06-28 00:00:00-04:00,287.04616934761225,287.9109901808913,281.581249646583,281.9952697753906,4025600,0.0,0.0
2023-06-29 00:00:00-04:00,282.24364162398297,283.48567383073373,279.71358745632403,283.2004699707031,3279700,0.0,0.0
2023-06-30 00:00:00-04:00,284.8197056140612,286.5217477894023,283.6420814415742,285.7949523925781,3230700,0.0,0.0
2023-07-03 00:00:00-04:00,285.0036915689818,286.4941189385394,284.1940697690315,285.2244873046875,1483300,0.0,0.0
2023-07-05 00:00:00-04:00,285.6661439663859,287.32216835287204,285.19692489027864,285.942138671875,2496000,0.0,0.0
2023-07-06 00:00:00-04:00,282.29882020751205,283.3476560637046,277.4227273939086,277.86431884765625,4828300,0.0,0.0
2023-07-07 00:00:00-04:00,277.8367331326741,281.1856182321175,276.8247339499019,278.5911560058594,2951900,0.0,0.0
2023-07-10 00:00:00-04:00,278.9500470466719,285.6937806115268,278.9500470466719,285.4637756347656,3246700,0.0,0.0
2023-07-11 00:00:00-04:00,287.88344086018344,289.41067731953484,285.88698525001524,288.5734558105469,2913800,0.0,0.0
2023-07-12 00:00:00-04:00,291.01150906026885,295.56561905790835,290.7355143051068,292.1247253417969,5300500,0.0,0.0
2023-07-13 00:00:00-04:00,292.65833255367545,292.95274565683127,288.3986359717196,289.4382629394531,3235600,0.0,0.0
2023-07-14 00:00:00-04:00,289.6589822785584,291.55422050514704,289.08857458972886,291.18621826171875,2942100,0.0,0.0
2023-07-17 00:00:00-04:00,290.46865313344614,292.4007003338191,289.02421530526857,290.7722473144531,2002500,0.0,0.0
2023-07-18 00:00:00-04:00,289.37379154334604,292.86067402476965,287.1657499059762,291.4254455566406,2315600,0.0,0.0
2023-07-19 00:00:00-04:00,291.64628869180865,294.3511492620957,291.36108478812605,293.9279479980469,2361400,0.0,0.0
2023-07-20 00:00:00-04:00,294.71914709462357,295.74038369933885,292.4559061887457,293.5691223144531,2101900,0.0,0.0
2023-07-21 00:00:00-04:00,295.3907626100865,296.145185581156,293.9371156095599,294.8387451171875,3673400,0.0,0.0
2023-07-24 00:00:00-04:00,295.29870771781924,299.61360211565545,295.280317432486,299.1075744628906,2621900,0.0,0.0
2023-07-25 00:00:00-04:00,299.0708386566229,300.7544625116899,297.9299950294582,299.12603759765625,2890800,0.0,0.0
2023-07-26 00:00:00-04:00,298.72121787706067,304.4897316599199,298.30719775468816,303.22930908203125,3448100,0.0,0.0
2023-07-27 00:00:00-04:00,305.1797612874712,306.7714056558436,302.6221073557229,303.3397216796875,2608600,0.0,0.0
2023-07-28 00:00:00-04:00,305.44659087602037,306.36661072805657,303.1465412459299,304.8669738769531,2268200,0.0,0.0
2023-07-31 00:00:00-04:00,305.1245587042534,307.35101895688433,304.96817106245265,307.139404296875,2690000,0.0,0.0
2023-08-01 00:00:00-04:00,305.22581292105843,308.1790689570648,304.4161909117008,305.5110168457031,2547200,0.0,0.0
2023-08-02 00:00:00-04:00,303.6340999628532,305.9341492090272,301.6928718759334,302.2264709472656,2752600,0.0,0.0
2023-08-03 00:00:00-04:00,301.47202042531853,305.538519473628,301.43523985602735,303.4684753417969,2451300,0.0,0.0
2023-08-04 00:00:00-04:00,301.91363498072343,303.164848158529,299.3099637925306,300.3219909667969,3591600,0.0,0.0
2023-08-07 00:00:00-04:00,301.03969736116386,303.0637523298107,300.469289527303,302.84295654296875,2111000,0.0,0.0
2023-08-08 00:00:00-04:00,300.46004039403,302.2540901539157,297.5252031948829,301.5916748046875,3272600,0.0,0.0
2023-08-09 00:00:00-04:00,301.1684827397235,304.45296011610293,300.6256744348771,301.9596862792969,2698900,0.0,0.0
2023-08-10 00:00:00-04:00,304.2137382807764,306.2745735658567,302.63130316493977,303.05450439453125,3075100,0.0,0.0
2023-08-11 00:00:00-04:00,302.24489863732305,305.06936619958674,302.08851099222267,304.62774658203125,3108400,0.0,0.0
2023-08-14 00:00:00-04:00,304.9497883500862,307.09345044119027,302.1621291747168,303.5605773925781,3974800,0.0,0.0
2023-08-15 00:00:00-04:00,305.2257968974254,311.12312755299456,302.24491346702723,305.5754089355469,5860900,0.0,0.0
2023-08-16 00:00:00-04:00,306.01698406612104,310.7918891161178,305.1521632003983,306.3941955566406,3753900,0.0,0.0
2023-08-17 00:00:00-04:00,307.0749530568954,308.8045945169991,300.90162897473573,301.1040344238281,3885100,0.0,0.0
2023-08-18 00:00:00-04:00,299.0615854659115,302.58527645173865,298.48196859357944,301.18682861328125,3472000,0.0,0.0
2023-08-21 00:00:00-04:00,300.48770223823846,301.6469363592126,297.62645367206346,298.14166259765625,3109700,0.0,0.0
2023-08-22 00:00:00-04:00,299.2548105155395,300.21163890597563,296.27395554456535,298.52801513671875,2582200,0.0,0.0
2023-08-23 00:00:00-04:00,298.56480903249485,300.782060072507,298.15999808297045,300.0092468261719,2728000,0.0,0.0
2023-08-24 00:00:00-04:00,299.11683354639825,302.68651487059094,296.53158014881285,296.7891845703125,2490000,0.0,0.0
2023-08-25 00:00:00-04:00,297.5619851418902,300.2392460208324,295.51035903999656,297.0375671386719,2418100,0.0,0.0
2023-08-28 00:00:00-04:00,297.3503823698135,301.2512569670214,297.046760141635,299.8436279296875,2099900,0.0,0.0
2023-08-29 00:00:00-04:00,300.65331512545634,303.4593646284116,300.63489675806386,303.0361633300781,2628200,0.0,0.0
2023-08-30 00:00:00-04:00,303.69349323856085,307.04522788077185,303.5731223940505,306.12860107421875,2256200,2.09,0.0
2023-08-31 00:00:00-04:00,306.65635645504653,307.9526034705413,305.2489783330244,305.8230285644531,2914700,0.0,0.0
2023-09-01 00:00:00-04:00,307.3971101387941,308.7396690608043,306.60085407905916,308.3970642089844,2317400,0.0,0.0
2023-09-05 00:00:00-04:00,307.24890699356297,307.67481066207444,303.11015637736995,303.4897766113281,3141400,0.0,0.0
2023-09-06 00:00:00-04:00,303.25835389927875,304.25830795343944,301.4343398254639,301.84173583984375,3199700,0.0,0.0
2023-09-07 00:00:00-04:00,300.94360037313027,305.47123972858986,300.26768696402155,304.0823974609375,2454000,0.0,0.0
2023-09-08 00:00:00-04:00,303.2305662458736,305.073087972876,302.471325680229,304.35089111328125,2210300,0.0,0.0
2023-09-11 00:00:00-04:00,304.88790742831713,305.43418197106655,303.29536723776715,304.03607177734375,2087800,0.0,0.0
2023-09-12 00:00:00-04:00,302.6102441205684,304.4064826436778,301.7399288342652,302.10101318359375,2190500,0.0,0.0
2023-09-13 00:00:00-04:00,301.8787984387023,303.65650092536185,300.91585977572,301.73065185546875,2564300,0.0,0.0
2023-09-14 00:00:00-04:00,303.1287328198999,305.82306200641744,301.1658119748573,305.2027282714844,2707600,0.0,0.0
2023-09-15 00:00:00-04:00,303.06385908928786,304.7767699304355,296.59183594130235,297.5825500488281,7117800,0.0,0.0
2023-09-18 00:00:00-04:00,296.43444808740645,297.8140221370392,293.4252903373308,293.7493591308594,2740400,0.0,0.0
2023-09-19 00:00:00-04:00,292.5365003791112,293.4438592830259,289.1940051492663,291.2957763671875,2776500,0.0,0.0
2023-09-20 00:00:00-04:00,291.6568878076939,292.90685154951217,287.76811800116354,287.82366943359375,2320000,0.0,0.0
2023-09-21 00:00:00-04:00,286.471874683592,287.24038326936306,283.6571462928433,284.02752685546875,2766500,0.0,0.0
2023-09-22 00:00:00-04:00,283.47198055699664,284.85155488968775,282.8238428369559,283.0738525390625,2289200,0.0,0.0
2023-09-25 00:00:00-04:00,281.9442426652662,284.5182291527465,281.9442426652662,283.7774963378906,1882300,0.0,0.0
2023-09-26 00:00:00-04:00,281.95346228205636,283.14787443474376,279.277641117491,280.1202087402344,2655500,0.0,0.0
2023-09-27 00:00:00-04:00,280.5461625122168,281.6757554519148,277.6758825910757,279.45361328125,2513900,0.0,0.0
2023-09-28 00:00:00-04:00,279.3147400892463,282.2775869553438,278.46290430839963,280.9998474121094,2369600,0.0,0.0
2023-09-29 00:00:00-04:00,282.35165674283445,283.01830219089027,277.60181145744525,279.7684020996094,3502600,0.0,0.0
2023-10-02 00:00:00-04:00,278.24989261594595,280.9627858301054,276.3425516056222,277.61102294921875,2806800,0.0,0.0
2023-10-03 00:00:00-04:00,275.83331808012167,276.1944023521877,268.5743063751333,270.30572509765625,3609200,0.0,0.0
2023-10-04 00:00:00-04:00,271.620502999179,272.40751928264586,268.8428184147562,270.722412109375,2956300,0.0,0.0
2023-10-05 00:00:00-04:00,270.36128375111133,270.98164570471664,268.73169984820424,270.0835266113281,2469300,0.0,0.0
2023-10-06 00:00:00-04:00,269.2131426433123,272.7130233572478,266.0928821338909,271.1204833984375,2922500,0.0,0.0
2023-10-09 00:00:00-04:00,268.78726434645347,273.629704596639,268.21321405894247,273.4722900390625,1929900,0.0,0.0
2023-10-10 00:00:00-04:00,274.7037517532106,278.3888235148695,273.2964017203702,277.0462646484375,3116300,0.0,0.0
2023-10-11 00:00:00-04:00,277.5277162336992,278.55547422122993,273.9722833628058,275.96295166015625,2292800,0.0,0.0
2023-10-12 00:00:00-04:00,275.6389038856931,275.6389038856931,269.2224311997881,271.3056945800781,2546400,0.0,0.0
2023-10-13 00:00:00-04:00,271.23160337635466,272.88896284809033,269.33353048991063,270.2872009277344,2092700,0.0,0.0
2023-10-16 00:00:00-04:00,272.61120583173766,276.25923369320117,271.82418958132837,275.2962951660156,2567000,0.0,0.0
2023-10-17 00:00:00-04:00,274.7037901473359,276.25001897583104,272.6760778343636,274.0093688964844,2139700,0.0,0.0
2023-10-18 00:00:00-04:00,271.28716806454787,271.5927009064908,268.12059551317316,268.731689453125,2720100,0.0,0.0
2023-10-19 00:00:00-04:00,269.43546724396475,269.7502681792252,265.1948802265439,265.5189208984375,3028600,0.0,0.0
2023-10-20 00:00:00-04:00,264.67628775482723,265.8984757359598,262.5930243462884,265.185546875,2885300,0.0,0.0
2023-10-23 00:00:00-04:00,264.6392452840251,266.8891627540607,263.2596428868874,263.94482421875,2590900,0.0,0.0
2023-10-24 00:00:00-04:00,265.49108976753723,266.57439921355467,261.130132779353,262.3152770996094,2705200,0.0,0.0
2023-10-25 00:00:00-04:00,260.8708738588633,262.2412084083722,258.5098532949549,260.11163330078125,2962800,0.0,0.0
2023-10-26 00:00:00-04:00,259.7412244875299,262.2503910720509,257.16723849619035,257.3987121582031,3108200,0.0,0.0
2023-10-27 00:00:00-04:00,258.3061736612346,258.94504341332333,253.93594853046014,255.972900390625,2907300,0.0,0.0
2023-10-30 00:00:00-04:00,256.90806299631436,261.39865898180045,256.43584754808757,260.62091064453125,3074400,0.0,0.0
2023-10-31 00:00:00-04:00,261.6486326646713,264.25039503603995,260.7505134942511,263.593017578125,3036000,0.0,0.0
2023-11-01 00:00:00-04:00,264.4263131303083,265.57441372976155,261.12086165547976,265.3892517089844,2747300,0.0,0.0
2023-11-02 00:00:00-04:00,268.74102789105433,272.82422829470147,268.5095541374875,272.703857421875,3628000,0.0,0.0
2023-11-03 00:00:00-04:00,272.37974300143827,275.74074586258166,272.3705032669695,273.7037658691406,3071900,0.0,0.0
2023-11-06 00:00:00-05:00,272.9075295494314,274.47229423549305,271.4909114423184,272.7408752441406,2890300,0.0,0.0
2023-11-07 00:00:00-05:00,272.77787881812765,274.06488627265924,271.80570049019633,272.926025390625,2629000,0.0,0.0
2023-11-08 00:00:00-05:00,273.1667542362956,275.92593103896616,272.31491854857626,273.9908142089844,2454900,0.0,0.0
2023-11-09 00:00:00-05:00,270.31498948416515,271.04642600831477,266.36140073120936,266.5373229980469,4059100,0.0,0.0
2023-11-10 00:00:00-05:00,267.79659106051366,269.981689453125,265.5374052527905,269.981689453125,3653500,0.0,0.0
2023-11-13 00:00:00-05:00,266.4633152418299,268.4447157392161,265.95405606631846,266.7225646972656,4586700,0.0,0.0
2023-11-14 00:00:00-05:00,278.59248249755905,285.39778624675546,277.89806144102346,281.1294250488281,7952800,0.0,0.0
2023-11-15 00:00:00-05:00,281.56465560363415,286.03671571049,281.4813284501479,285.3515625,3985900,0.0,0.0
2023-11-16 00:00:00-05:00,283.212763274559,285.1293726799864,281.77760909040654,283.73126220703125,3114000,0.0,0.0
2023-11-17 00:00:00-05:00,285.63855563963415,285.8329856426331,282.8145877047813,284.49969482421875,2770300,0.0,0.0
2023-11-20 00:00:00-05:00,284.4256675642801,286.721897177051,283.0831086050578,285.3515625,3459000,0.0,0.0
2023-11-21 00:00:00-05:00,282.9257040307668,283.38865146875037,279.9350534092077,282.7127380371094,2977200,0.0,0.0
2023-11-22 00:00:00-05:00,284.61081480919773,286.89774782872104,283.76824715439443,286.28668212890625,2873500,0.0,0.0
2023-11-24 00:00:00-05:00,286.2681285052122,288.3051082326032,285.4626046035828,287.6755065917969,1259900,0.0,0.0
2023-11-27 00:00:00-05:00,287.66627595364133,289.7032559455179,286.7959325258457,287.8792419433594,2992600,0.0,0.0
2023-11-28 00:00:00-05:00,287.68479546496616,291.2680041945106,286.46263567583753,290.1199035644531,3116900,0.0,0.0
2023-11-29 00:00:00-05:00,292.73914654664367,292.73914654664367,289.80299889316245,289.905517578125,3083800,2.09,0.0
2023-11-30 00:00:00-05:00,291.32236566951957,292.4595437331845,287.64051096575474,292.2078552246094,4493700,0.0,0.0
2023-12-01 00:00:00-05:00,292.5246944513121,298.36905485681564,291.7510540127341,297.921630859375,3613600,0.0,0.0
2023-12-04 00:00:00-05:00,297.9216015047947,303.0109245238473,297.30640423610515,302.02288818359375,3827900,0.0,0.0
2023-12-05 00:00:00-05:00,300.1400401190591,301.9297075328148,298.28514648930184,301.5382080078125,3269800,0.0,0.0
2023-12-06 00:00:00-05:00,302.9364689520055,306.02175809859057,302.2000923395731,303.9710998535156,3030800,0.0,0.0
2023-12-07 00:00:00-05:00,303.97102465003314,305.18278729353125,302.63811134340546,304.0269775390625,2742300,0.0,0.0
2023-12-08 00:00:00-05:00,303.868577270644,305.0616797490891,302.99238952677575,304.3066711425781,2889300,0.0,0.0
2023-12-11 00:00:00-05:00,307.4198698605323,309.54508417544736,306.48775781985375,308.836669921875,3520700,0.0,0.0
2023-12-12 00:00:00-05:00,308.0071041041726,311.81010870295836,307.8952552109439,310.5797424316406,2893400,0.0,0.0
2023-12-13 00:00:00-05:00,312.1642978884084,320.49738130466204,309.3772921576906,320.0872497558594,5822700,0.0,0.0
2023-12-14 00:00:00-05:00,325.99688217787343,329.10083145219176,324.37501619953315,327.9263610839844,7594800,0.0,0.0
2023-12-15 00:00:00-05:00,324.58007510933805,330.3218890324677,323.209869190798,329.9676818847656,11212800,0.0,0.0
2023-12-18 00:00:00-05:00,329.6974130244753,330.82528931783753,326.53756731714725,326.9942932128906,4420500,0.0,0.0
2023-12-19 00:00:00-05:00,327.6001284857671,328.99829671167015,326.61209188179333,328.1687316894531,4654700,0.0,0.0
2023-12-20 00:00:00-05:00,327.171342728784,330.6853950583447,324.66395893761995,324.9902038574219,3259500,0.0,0.0
2023-12-21 00:00:00-05:00,327.98229432294795,328.33650148766304,323.44291275008965,325.2791748046875,2794200,0.0,0.0
2023-12-22 00:00:00-05:00,325.34441910355304,327.4882655799732,323.1539499541126,324.9249572753906,2029900,0.0,0.0
2023-12-26 00:00:00-05:00,324.7757757111275,326.3230850368966,324.5241157128725,325.5960388183594,1585500,0.0,0.0
2023-12-27 00:00:00-05:00,326.1553684007728,326.23925508143986,323.6106919706475,324.8690490722656,2764300,0.0,0.0
2023-12-28 00:00:00-05:00,324.8410944386245,325.3444429801988,322.32438017655943,323.7784729003906,2859400,0.0,0.0
2023-12-29 00:00:00-05:00,322.35234610304684,323.9555802074379,319.7331131252054,323.0234680175781,10325700,0.0,0.0
2024-01-02 00:00:00-05:00,320.8422957896208,323.7225187454955,319.91951391956684,321.6532287597656,2833600,0.0,0.0
2024-01-03 00:00:00-05:00,319.22974815705845,319.4348139478386,313.73959447641886,315.2962341308594,3309600,0.0,0.0
2024-01-04 00:00:00-05:00,316.8528475548833,319.6398819734912,315.55722657583374,315.60382080078125,3652400,0.0,0.0
2024-01-05 00:00:00-05:00,314.9327234526379,320.4881038291972,314.8861292240691,319.6585388183594,2664300,0.0,0.0
2024-01-08 00:00:00-05:00,320.11524900299355,324.80377168901146,319.94747565338736,324.30975341796875,2736200,0.0,0.0
2024-01-09 00:00:00-05:00,322.333689571993,325.40964818614475,321.81170906105575,322.6878967285156,2338100,0.0,0.0
2024-01-10 00:00:00-05:00,326.8171598985652,332.633530654921,326.52820740559275,332.5776062011719,4109300,0.0,0.0
2024-01-11 00:00:00-05:00,332.84793880314265,336.4925008827098,329.2779616284921,332.3259582519531,3530400,0.0,0.0
2024-01-12 00:00:00-05:00,334.19014740061255,334.19014740061255,329.4363700394967,331.56158447265625,1956100,0.0,0.0
2024-01-16 00:00:00-05:00,333.75201642602724,335.2340710746875,332.0276035576287,334.0968933105469,3669400,0.0,0.0
2024-01-17 00:00:00-05:00,332.4191646118596,335.33668022784786,330.0142993062272,331.55230712890625,2646100,0.0,0.0
2024-01-18 00:00:00-05:00,331.9437165553507,334.3578831903392,329.9956059142782,333.6028747558594,2510700,0.0,0.0
2024-01-19 00:00:00-05:00,334.4511835302471,338.319443555794,332.0929407504379,337.8067932128906,3234600,0.0,0.0
2024-01-22 00:00:00-05:00,334.9638212613938,336.92126253972,331.5429854709334,332.47509765625,4003700,0.0,0.0
2024-01-23 00:00:00-05:00,331.6921241622314,331.72008638973335,325.36307451008753,326.96630859375,3878400,0.0,0.0
2024-01-24 00:00:00-05:00,328.0475254604386,328.9143828618991,323.50814421330756,323.6945495605469,3474400,0.0,0.0
2024-01-25 00:00:00-05:00,328.6533579129061,328.9236783505304,324.6173255765571,327.1433410644531,3064200,0.0,0.0
2024-01-26 00:00:00-05:00,327.60940587926575,332.8105783247238,327.1899441008156,331.17938232421875,3177700,0.0,0.0
2024-01-29 00:00:00-05:00,331.0396283727447,332.1768063472812,329.044923139525,331.55230712890625,2732000,0.0,0.0
2024-01-30 00:00:00-05:00,330.43374160456824,334.5629914074998,330.00497800059765,332.85723876953125,2336500,0.0,0.0
2024-01-31 00:00:00-05:00,333.62152579068476,334.6095621942536,328.42965533791295,328.99822998046875,3377900,0.0,0.0
2024-02-01 00:00:00-05:00,329.4083801821176,335.69083450198116,328.4017117227721,335.6255798339844,2439100,0.0,0.0
2024-02-02 00:00:00-05:00,330.1354347714817,335.14087186390464,326.2578452801447,332.9783935546875,3697600,0.0,0.0
2024-02-05 00:00:00-05:00,329.65079820070895,331.8971919762404,326.9476785579613,331.03033447265625,2653800,0.0,0.0
2024-02-06 00:00:00-05:00,330.7599293373917,333.69607627467104,330.2472507002165,332.06488037109375,2045300,0.0,0.0
2024-02-07 00:00:00-05:00,334.14353477714644,339.03712299355306,333.4351205231623,338.0677185058594,3272200,0.0,0.0
2024-02-08 00:00:00-05:00,338.2262007911514,340.82680165214055,337.0983530554902,339.02783203125,2521900,0.0,0.0
2024-02-09 00:00:00-05:00,339.4100011419989,339.68962340819166,336.30605175823285,338.49652099609375,2389900,0.0,0.0
2024-02-12 00:00:00-05:00,339.4938727273499,343.68837720857783,339.3354011530164,340.640380859375,3119700,0.0,0.0
2024-02-13 00:00:00-05:00,334.1341974563499,335.029017032089,329.85580669152716,333.3139343261719,3106500,0.0,0.0
2024-02-14 00:00:00-05:00,332.9224554991925,334.60957594323975,329.94901594403717,333.9104919433594,2998900,0.0,0.0
2024-02-15 00:00:00-05:00,334.53498876522406,337.088994970461,332.6241705569422,336.5669860839844,2662800,0.0,0.0
2024-02-16 00:00:00-05:00,336.19415387982633,339.2794423658889,334.76802363837083,337.75079345703125,3899600,0.0,0.0
2024-02-20 00:00:00-05:00,331.18872902067255,340.45392504006924,330.4896449856827,337.95587158203125,4830000,0.0,0.0
2024-02-21 00:00:00-05:00,336.11034888839987,340.32348596870145,334.58169960807413,339.4100341796875,3277800,0.0,0.0
2024-02-22 00:00:00-05:00,342.49520138079714,347.6404488669056,342.22488096294603,346.13043212890625,3387500,0.0,0.0
2024-02-23 00:00:00-05:00,346.82022291290565,348.8429184834578,345.1144704569145,346.7083740234375,3398200,0.0,0.0
2024-02-26 00:00:00-05:00,348.1531092795599,349.4300979740421,345.55250923020486,346.3727722167969,2461000,0.0,0.0
2024-02-27 00:00:00-05:00,347.36090641723035,350.2877236852836,345.4500595017424,350.06402587890625,2802900,0.0,0.0
2024-02-28 00:00:00-05:00,350.06400464427225,354.0534431422302,349.59794861205376,351.9748229980469,2282500,0.0,0.0
2024-02-29 00:00:00-05:00,353.0747567650813,355.8617628922683,352.4781913562121,354.77117919921875,4382800,0.0,0.0
2024-03-01 00:00:00-05:00,354.5381310106817,358.95636153720784,354.04411275459154,358.3504943847656,2750900,0.0,0.0
2024-03-04 00:00:00-05:00,356.90575861664047,358.4251060664247,354.3051575924956,354.5475158691406,2619000,0.0,0.0
2024-03-05 00:00:00-05:00,354.29585297628626,355.1161162637708,351.4249314700905,352.75787353515625,3011600,0.0,0.0
2024-03-06 00:00:00-05:00,354.94260747437926,356.1522315413631,352.46712903378,353.9205322265625,2496300,2.25,0.0
2024-03-07 00:00:00-05:00,354.3237827628345,356.60235530919874,352.1764715164248,353.0860290527344,2368500,0.0,0.0
2024-03-08 00:00:00-05:00,351.63259640215455,353.15164464006244,348.913310046498,350.0854187011719,2162900,0.0,0.0
2024-03-11 00:00:00-04:00,348.4069612912902,349.7384893529776,345.8845811033403,348.36944580078125,2833700,0.0,0.0
2024-03-12 00:00:00-04:00,349.29772979211845,352.47647326181874,349.2039553860418,351.20123291015625,2843800,0.0,0.0
2024-03-13 00:00:00-04:00,352.5984473659366,358.8621897629327,352.3640256120136,355.3739929199219,3761200,0.0,0.0
2024-03-14 00:00:00-04:00,354.4456376500415,356.50856021501255,348.9789357767667,351.8857421875,3877500,0.0,0.0
2024-03-15 00:00:00-04:00,350.8073962810257,354.8394668657887,349.3258636636582,349.9728698730469,9234900,0.0,0.0
2024-03-18 00:00:00-04:00,353.0297622380071,354.0706096669631,348.01315978356496,348.73516845703125,3455600,0.0,0.0
2024-03-19 00:00:00-04:00,351.52951755093073,355.81472569008014,349.87917915934867,355.7678527832031,3493800,0.0,0.0
2024-03-20 00:00:00-04:00,355.77715902719507,360.896921241769,352.78593567120964,360.4562072753906,2750400,0.0,0.0
2024-03-21 00:00:00-04:00,364.20695084993326,372.13977354507404,364.09443300709785,370.5738525390625,4212200,0.0,0.0
2024-03-22 00:00:00-04:00,370.09562109869955,371.71782963332726,365.78225591233115,365.9604187011719,2910900,0.0,0.0
2024-03-25 00:00:00-04:00,364.8539709154351,365.5665934857608,359.03094340015565,359.6123046875,2683900,0.0,0.0
2024-03-26 00:00:00-04:00,358.5808448686116,360.3155713277993,355.7583981896951,356.25537109375,2720200,0.0,0.0
2024-03-27 00:00:00-04:00,357.11807449888704,362.2472231719558,357.0149140558723,361.8440246582031,2536500,0.0,0.0
2024-03-28 00:00:00-04:00,363.0067500658502,363.4568214833545,356.0584863987841,359.69671630859375,4108200,0.0,0.0
2024-04-01 00:00:00-04:00,357.69947023927716,359.2654201605855,344.9187915218436,345.0969543457031,4333200,0.0,0.0
2024-04-02 00:00:00-04:00,341.78687090913127,343.9997982306729,340.34282508816506,340.3803405761719,4650500,0.0,0.0
2024-04-03 00:00:00-04:00,339.442689657763,339.8177587297778,336.62962869374843,337.4735412597656,4723000,0.0,0.0
2024-04-04 00:00:00-04:00,340.01463528233404,342.2557207235417,334.66983708717027,335.391845703125,4381600,0.0,0.0
2024-04-05 00:00:00-04:00,335.3918750247889,336.93905283191594,333.8353111906816,335.5700378417969,3243400,0.0,0.0
2024-04-08 00:00:00-04:00,335.75752672131875,339.9771174140345,334.9980026859044,339.489501953125,4339600,0.0,0.0
2024-04-09 00:00:00-04:00,340.9710529926725,341.73996303047505,336.37639343183577,338.8987731933594,3022600,0.0,0.0
2024-04-10 00:00:00-04:00,329.9439133096993,331.9318051301694,327.0183345085595,328.7155456542969,4805200,0.0,0.0
2024-04-11 00:00:00-04:00,329.1656586623127,329.98144178905386,324.2428018200391,325.7243347167969,4104700,0.0,0.0
2024-04-12 00:00:00-04:00,324.5522437161788,324.5522437161788,320.2295200641062,321.5047607421875,3550300,0.0,0.0
2024-04-15 00:00:00-04:00,324.3646346464239,324.51463935434737,316.17861847470806,316.87249755859375,4209200,0.0,0.0
2024-04-16 00:00:00-04:00,315.8316839693579,317.04127937283783,312.212197936494,313.9656677246094,4525500,0.0,0.0
2024-04-17 00:00:00-04:00,315.794206895158,316.23492090213495,311.25580553391427,312.09033203125,4273800,0.0,0.0
2024-04-18 00:00:00-04:00,314.7346028351927,315.9536129769734,310.683788551989,312.1466064453125,3717300,0.0,0.0
2024-04-19 00:00:00-04:00,313.8531862169713,314.9409064962306,311.85590846549997,314.4626770019531,3076600,0.0,0.0
2024-04-22 00:00:00-04:00,317.14442756377593,318.2977926183211,312.9154509797068,315.1658935546875,3112800,0.0,0.0
2024-04-23 00:00:00-04:00,316.9382284608914,318.9917654256971,315.3347915897206,317.87591552734375,3697400,0.0,0.0
2024-04-24 00:00:00-04:00,316.06616218278225,316.51623362605545,311.14330546042925,312.2591552734375,4029200,0.0,0.0
2024-04-25 00:00:00-04:00,309.1741229121417,312.1653463843544,306.52983901112486,311.2933044433594,3787800,0.0,0.0
2024-04-26 00:00:00-04:00,310.37439729171405,314.9034129149588,310.3650112646056,314.20953369140625,2465300,0.0,0.0
2024-04-29 00:00:00-04:00,314.12513267626304,316.3193167362686,313.3280930343452,315.8129577636719,2427400,0.0,0.0
2024-04-30 00:00:00-04:00,314.80023758236246,316.41306014566084,312.118438250118,313.3937072753906,3089900,0.0,0.0
2024-05-01 00:00:00-04:00,312.2591379798516,314.4908374822717,308.90220269969427,311.283935546875,3267500,0.0,0.0
2024-05-02 00:00:00-04:00,314.593940851398,315.06278428038667,310.3556065550759,314.6220703125,3213600,0.0,0.0
2024-05-03 00:00:00-04:00,320.0138169795013,325.2648698824095,319.1605183788843,321.4859924316406,4165100,0.0,0.0
2024-05-06 00:00:00-04:00,324.43968706221085,324.7960126843548,319.22614987152645,320.96087646484375,3366100,0.0,0.0
2024-05-07 00:00:00-04:00,322.1892745428383,324.00838970030344,319.1699211118234,319.4606018066406,2930700,0.0,0.0
2024-05-08 00:00:00-04:00,317.6695577667742,319.2261214102408,316.5912235857511,317.7164306640625,3123200,0.0,0.0
2024-05-09 00:00:00-04:00,318.1102893047765,326.3244359248373,317.76334972107753,325.7899475097656,3801400,0.0,0.0
2024-05-10 00:00:00-04:00,325.80871195820697,328.01228209724366,323.220715337152,324.8428955078125,3413700,0.0,0.0
2024-05-13 00:00:00-04:00,326.3712972542416,327.0558189869571,319.1886122295024,319.7137145996094,4055600,0.0,0.0
2024-05-14 00:00:00-04:00,314.17200429298845,322.7987357656336,312.24975747263903,319.28240966796875,5854300,0.0,0.0
2024-05-15 00:00:00-04:00,323.67078186891655,328.60302449480105,323.21132441010246,326.9433288574219,4151100,0.0,0.0
2024-05-16 00:00:00-04:00,326.3150742833605,326.5494960321273,321.3172151906646,321.37347412109375,3101600,0.0,0.0
2024-05-17 00:00:00-04:00,323.2769143495724,323.4363050826357,319.3667477538854,322.76116943359375,2739000,0.0,0.0
2024-05-20 00:00:00-04:00,319.8731506641747,321.2046500950647,316.5068579809251,316.7694091796875,3237400,0.0,0.0
2024-05-21 00:00:00-04:00,317.87587420856516,317.87587420856516,311.62148969728514,315.2034606933594,4275100,0.0,0.0
2024-05-22 00:00:00-04:00,313.8062911074374,314.3595229264012,308.4333350447225,309.9898986816406,4024400,0.0,0.0
2024-05-23 00:00:00-04:00,310.35567499097175,310.37441843052886,305.6859831068049,306.5205383300781,4021100,0.0,0.0
2024-05-24 00:00:00-04:00,306.0516958633986,307.13003026842233,304.2044511947816,304.8420715332031,2736900,0.0,0.0
2024-05-28 00:00:00-04:00,305.1139406719073,310.3649641876041,304.26064219662356,308.2176818847656,3807500,0.0,0.0
2024-05-29 00:00:00-04:00,306.1828932646934,306.42670100858754,303.5948683400706,305.6015319824219,3506200,0.0,0.0
2024-05-30 00:00:00-04:00,308.05650411579785,311.79554993038033,307.5371737876082,310.8135681152344,2921800,2.25,0.0
2024-05-31 00:00:00-04:00,311.6350186936287,316.46937513482,309.70886018977006,316.18609619140625,5557800,0.0,0.0
2024-06-03 00:00:00-04:00,315.03416646181694,315.03416646181694,308.60412916607464,309.7088623046875,3712800,0.0,0.0
2024-06-04 00:00:00-04:00,308.6324562567275,311.3895490764009,306.96122284589967,309.9449157714844,4296800,0.0,0.0
2024-06-05 00:00:00-04:00,310.1715021123715,312.0221367965389,307.7354646373354,311.83331298828125,2422400,0.0,0.0
2024-06-06 00:00:00-04:00,311.3989499362805,313.32513714750775,309.7560416526577,312.6264343261719,2979400,0.0,0.0
2024-06-07 00:00:00-04:00,307.55605273719556,310.4736441306822,305.85646563200334,308.78350830078125,2583800,0.0,0.0
2024-06-10 00:00:00-04:00,308.7552241715078,314.23160500089637,308.2831213822547,314.0050048828125,2691000,0.0,0.0
2024-06-11 00:00:00-04:00,314.42037727369456,317.5456946344995,311.8899138856769,316.9886169433594,3250900,0.0,0.0
2024-06-12 00:00:00-04:00,327.6676735710409,330.9346169322751,323.91917612517807,324.9389343261719,4793000,0.0,0.0
2024-06-13 00:00:00-04:00,326.600647231431,329.2349884070062,323.9285585859631,328.4701843261719,3380800,0.0,0.0
2024-06-14 00:00:00-04:00,325.5714842723644,328.11139927989285,322.6255678302153,327.48822021484375,2589000,0.0,0.0
2024-06-17 00:00:00-04:00,325.6470434413064,331.1234237264858,325.1843631597068,329.99981689453125,2680200,0.0,0.0
2024-06-18 00:00:00-04:00,333.2573236885117,336.5242664634792,332.46416575679933,334.1259765625,3655000,0.0,0.0
2024-06-20 00:00:00-04:00,332.36031257377056,335.11740511797905,330.08477402137675,333.719970703125,3661200,0.0,0.0
2024-06-21 00:00:00-04:00,335.04187401662324,336.3732072208812,332.4075326203312,335.94830322265625,6596400,0.0,0.0
2024-06-24 00:00:00-04:00,336.98693258678867,337.73286298976814,331.1517495920129,331.3028259277344,4278900,0.0,0.0
2024-06-25 00:00:00-04:00,326.9878272854591,327.6298801548283,315.8650868695809,319.4436340332031,4879600,0.0,0.0
2024-06-26 00:00:00-04:00,320.5200119411973,323.4753799600168,318.69770212248727,322.74835205078125,3365300,0.0,0.0
2024-06-27 00:00:00-04:00,323.7019996496696,325.52433839345093,319.5664032433681,322.436767578125,2912600,0.0,0.0
2024-06-28 00:00:00-04:00,322.3046162675674,326.01533769324067,321.70031079816096,325.0333557128906,6344000,0.0,0.0
2024-07-01 00:00:00-04:00,324.7311526193222,325.42040415965624,316.67708124430897,317.43243408203125,2643600,0.0,0.0
2024-07-02 00:00:00-04:00,316.3088731108497,318.0367566645253,313.9766841475571,316.2805480957031,2995900,0.0,0.0
2024-07-03 00:00:00-04:00,318.1972357097724,320.6899519215413,314.93029293058754,315.02471923828125,1733000,0.0,0.0
2024-07-05 00:00:00-04:00,314.146632643937,317.1775533235739,313.13635456559246,315.91229248046875,3437500,0.0,0.0
2024-07-08 00:00:00-04:00,317.13977575910053,321.7475036135122,316.3088702358633,320.6522216796875,3534500,0.0,0.0
2024-07-09 00:00:00-04:00,320.0384023933939,320.331103735259,316.8469838248161,318.28216552734375,2254300,0.0,0.0
2024-07-10 00:00:00-04:00,319.7457761366325,325.08053164529304,318.7826680496197,324.9766540527344,3263100,0.0,0.0
2024-07-11 00:00:00-04:00,331.20834774718475,334.371441396622,325.75084203895267,334.0504150390625,4146900,0.0,0.0
2024-07-12 00:00:00-04:00,335.1929579267624,343.6436088145242,334.33372745006767,339.6968078613281,4019900,0.0,0.0
2024-07-15 00:00:00-04:00,339.1020121255372,341.02817079777907,335.2213121359864,338.4599304199219,2884000,0.0,0.0
2024-07-16 00:00:00-04:00,339.9706167753746,348.8083948946759,339.4418640211705,348.5251159667969,3210400,0.0,0.0
2024-07-17 00:00:00-04:00,346.1835457329142,354.256491870507,345.0316137792062,351.140625,3991100,0.0,0.0
2024-07-18 00:00:00-04:00,349.26159591476045,354.77575237532756,345.3714740073981,345.65472412109375,2395000,0.0,0.0
2024-07-19 00:00:00-04:00,345.9852045339,347.0899376157803,341.7551824566412,343.08648681640625,2474500,0.0,0.0
2024-07-22 00:00:00-04:00,344.16292295304976,346.7878132292877,340.93372729371436,342.982666015625,4049300,0.0,0.0
2024-07-23 00:00:00-04:00,345.0409763959119,345.0409763959119,339.3285451858077,339.5551452636719,2535700,0.0,0.0
2024-07-24 00:00:00-04:00,338.90372704791474,341.2831437274944,330.47197750875995,330.7646789550781,3508100,0.0,0.0
2024-07-25 00:00:00-04:00,330.66077760360594,338.8092468635687,329.8392946141748,333.578369140625,3297600,0.0,0.0
2024-07-26 00:00:00-04:00,335.20242989933416,341.4908424771974,335.20242989933416,339.45135498046875,2439000,0.0,0.0
2024-07-29 00:00:00-04:00,339.1680479435355,342.64274606599776,338.92257410883315,341.4908142089844,2142100,0.0,0.0
2024-07-30 00:00:00-04:00,342.57664762913305,344.34230730995785,339.2152783425128,343.3981018066406,2788800,0.0,0.0
2024-07-31 00:00:00-04:00,344.6350204291874,351.7071106687443,342.784385647922,347.61871337890625,3526100,0.0,0.0
2024-08-01 00:00:00-04:00,349.346568908221,350.7534546376623,334.0126814592983,338.57318115234375,3759000,0.0,0.0
2024-08-02 00:00:00-04:00,335.12683526073454,335.73114058312893,327.39379027833047,335.59893798828125,3764600,0.0,0.0
2024-08-05 00:00:00-04:00,331.30283847185433,334.1921050666198,325.97750549178255,330.48138427734375,3827900,0.0,0.0
2024-08-06 00:00:00-04:00,329.29168377249727,338.6487641799169,327.90370046894753,334.1637878417969,2831100,0.0,0.0
2024-08-07 00:00:00-04:00,335.362904686041,336.39208522973746,323.18265942232125,323.29595947265625,3429100,0.0,0.0
2024-08-08 00:00:00-04:00,323.1448816920853,329.28221745334486,322.2951025034993,328.904541015625,3591100,0.0,0.0
2024-08-09 00:00:00-04:00,328.47968153320375,331.91657474009526,326.1285901273777,329.1878356933594,2314800,0.0,0.0
2024-08-12 00:00:00-04:00,331.1989989336216,331.8882794178565,323.04107726253056,326.5157470703125,3830200,0.0,0.0
2024-08-13 00:00:00-04:00,322.7954985064128,333.67276325764897,320.43498498433723,330.5379943847656,6388600,0.0,0.0
2024-08-14 00:00:00-04:00,330.0470509963033,339.62130946762187,329.90542592140434,335.816162109375,4814800,0.0,0.0
2024-08-15 00:00:00-04:00,342.2367081211641,345.0221257960877,338.15776237178835,339.9800720214844,3575800,0.0,0.0
2024-08-16 00:00:00-04:00,339.88568362075756,343.407580805806,339.88568362075756,341.85906982421875,3308300,0.0,0.0
2024-08-19 00:00:00-04:00,342.2745095476385,344.3423219932674,341.8968330931799,342.8127136230469,3634900,0.0,0.0
2024-08-20 00:00:00-04:00,340.52771490034525,347.1277310768374,340.3860898353703,346.7783508300781,3459400,0.0,0.0
2024-08-21 00:00:00-04:00,348.83674675872436,352.0659135551266,347.95861371105286,349.7903747558594,4587600,0.0,0.0
2024-08-22 00:00:00-04:00,350.77231923746814,351.67874838725527,344.26672995668065,344.9748840332031,4097300,0.0,0.0
2024-08-23 00:00:00-04:00,346.20240671769415,355.32343569091677,344.8144234214458,354.6341552734375,3426200,0.0,0.0
2024-08-26 00:00:00-04:00,356.04101649258064,357.4573248190808,352.5380219665329,353.2367248535156,2452100,0.0,0.0
2024-08-27 00:00:00-04:00,352.6512829261396,353.3972132968959,350.30022058555346,352.35858154296875,1780300,0.0,0.0
2024-08-28 00:00:00-04:00,352.18866698885535,354.46420580171474,349.54490299853165,351.8959655761719,2218300,0.0,0.0
2024-08-29 00:00:00-04:00,353.9573082126696,354.6317868259471,348.56165324574675,348.6851501464844,2698400,2.25,0.0
2024-08-30 00:00:00-04:00,350.75601675319945,351.86745988047113,346.61429013781947,350.0530700683594,3216700,0.0,0.0
2024-09-03 00:00:00-04:00,349.48310821832206,350.88903061103827,344.7334056630584,346.4812927246094,3598100,0.0,0.0
2024-09-04 00:00:00-04:00,345.9397942235187,347.61166954674,341.9880388406588,346.4147644042969,3221300,0.0,0.0
2024-09-05 00:00:00-04:00,346.6332379519086,346.87072304628373,339.6796674310348,343.7359313964844,2789200,0.0,0.0
2024-09-06 00:00:00-04:00,344.7523848101412,347.1462241962729,341.4275933900181,342.0260314941406,2228800,0.0,0.0
2024-09-09 00:00:00-04:00,344.6004433156861,347.8302353888425,342.0070951769175,347.2222595214844,2747600,0.0,0.0
2024-09-10 00:00:00-04:00,347.3932369107562,352.95987407667576,344.33442747794874,352.3044128417969,2787400,0.0,0.0
2024-09-11 00:00:00-04:00,351.05044364718424,352.62734810203136,344.0114111868213,351.9433898925781,2937700,0.0,0.0
2024-09-12 00:00:00-04:00,353.32084535354886,356.2181520649975,352.0099229236224,355.6861877441406,2367700,0.0,0.0
2024-09-13 00:00:00-04:00,356.75963572316124,362.87725458562784,356.71215029626256,360.9678649902344,2514700,0.0,0.0
2024-09-16 00:00:00-04:00,362.87724058661234,364.77712142737994,360.53088658866915,362.8867492675781,2877800,0.0,0.0
2024-09-17 00:00:00-04:00,364.2356973221191,368.5199384698924,362.5733013633014,364.0552062988281,2947600,0.0,0.0
2024-09-18 00:00:00-04:00,364.8626340938901,373.0131396155622,361.99382429158123,364.7866516113281,3549400,0.0,0.0
2024-09-19 00:00:00-04:00,371.27471386694015,372.25315134941354,367.63645477867937,370.79974365234375,3753500,0.0,0.0
2024-09-20 00:00:00-04:00,368.8903727470907,372.2151644172146,367.62696466799196,370.3437805175781,6584200,0.0,0.0
2024-09-23 00:00:00-04:00,371.26524663880974,372.9941453705491,367.87398096025566,372.33868408203125,2502300,0.0,0.0
2024-09-24 00:00:00-04:00,374.9414823076919,381.030574676664,373.92503913613143,380.6031188964844,4057700,0.0,0.0
2024-09-25 00:00:00-04:00,380.6031331832235,380.6031331832235,375.81542533633495,377.0598449707031,2787300,0.0,0.0
2024-09-26 00:00:00-04:00,379.5011911625035,379.9761613642088,375.6919208680656,376.84136962890625,2849500,0.0,0.0
2024-09-27 00:00:00-04:00,379.64371234190617,383.3389947759145,378.3707955596952,379.52972412109375,2452300,0.0,0.0
2024-09-30 00:00:00-04:00,380.16616102031327,385.02034256633624,379.0452093120402,384.9158630371094,3442000,0.0,0.0
2024-10-01 00:00:00-04:00,383.7949209283728,390.0075394388996,381.31559032873446,388.5731201171875,3476200,0.0,0.0
2024-10-02 00:00:00-04:00,387.29073021121485,390.86248656381366,384.6878736842473,390.6725158691406,3431300,0.0,0.0
2024-10-03 00:00:00-04:00,388.5256677101428,392.2969326858977,386.43578699692205,390.97650146484375,3320700,0.0,0.0
2024-10-04 00:00:00-04:00,389.5420519514953,391.2044475881899,379.45368992604915,387.9176330566406,3989000,0.0,0.0
2024-10-07 00:00:00-04:00,384.6213954940609,389.29508618597464,381.1540897247569,387.6326904296875,3267800,0.0,0.0
2024-10-08 00:00:00-04:00,389.28557586633156,394.5007685300802,387.9936707991693,393.4463195800781,3693900,0.0,0.0
2024-10-09 00:00:00-04:00,398.97498874486917,399.00348579875566,390.1880395879881,395.2417297363281,3627800,0.0,0.0
2024-10-10 00:00:00-04:00,389.20961511401055,393.73134108125197,387.224242987103,389.4375915527344,3040800,0.0,0.0
2024-10-11 00:00:00-04:00,390.0075702663773,392.45843299640273,388.37367144298815,391.2804870605469,2717400,0.0,0.0
2024-10-14 00:00:00-04:00,390.88153017967016,395.57423860251583,390.7105188561323,394.6242980957031,2088700,0.0,0.0
2024-10-15 00:00:00-04:00,397.0276283674768,400.45689952601487,394.24428077674884,394.7762451171875,3693000,0.0,0.0
2024-10-16 00:00:00-04:00,393.15183275011157,397.77803790727506,393.15183275011157,397.654541015625,2429000,0.0,0.0
2024-10-17 00:00:00-04:00,397.6545278765729,398.0250185392816,393.80728094010453,394.79522705078125,2013800,0.0,0.0
2024-10-18 00:00:00-04:00,395.79267668243364,395.8021853635514,392.5533763183528,394.22528076171875,2436600,0.0,0.0
2024-10-21 00:00:00-04:00,395.241754118232,395.70721569038585,384.1274385787601,386.0558166503906,3699500,0.0,0.0
2024-10-22 00:00:00-04:00,378.55124492503353,382.77849125101415,376.3758733175828,381.7335510253906,4486700,0.0,0.0
2024-10-23 00:00:00-04:00,380.5081758782898,384.041955804848,376.8319106703955,379.6342468261719,3159000,0.0,0.0
2024-10-24 00:00:00-04:00,382.15154148301735,383.9659311725684,378.1617801042302,382.5220031738281,2550300,0.0,0.0
2024-10-25 00:00:00-04:00,383.3200080068431,383.3200080068431,377.9148438494737,378.9407958984375,1941400,0.0,0.0
2024-10-28 00:00:00-04:00,383.25352199975936,385.52386481289915,381.8286111914666,382.7215576171875,2586500,0.0,0.0
2024-10-29 00:00:00-04:00,374.2195618671285,379.1307380043805,369.57433891967145,375.2929992675781,3822700,0.0,0.0
2024-10-30 00:00:00-04:00,375.22646816090224,377.78181022528975,372.3196527773779,372.87060546875,2795600,0.0,0.0
2024-10-31 00:00:00-04:00,370.951786218068,375.8629916362228,370.951786218068,374.0390930175781,2518600,0.0,0.0
2024-11-01 00:00:00-04:00,375.0364941564769,378.75076495413833,372.3861810599697,372.9371337890625,3277800,0.0,0.0
2024-11-04 00:00:00-05:00,372.3291343658432,380.4321244480574,371.49318221365337,375.7679138183594,2690500,0.0,0.0
2024-11-05 00:00:00-05:00,375.1980156245721,380.194712133494,374.1435665521712,380.06170654296875,2496500,0.0,0.0
2024-11-06 00:00:00-05:00,374.314581421119,374.314581421119,362.6113069193768,368.92840576171875,7133400,0.0,0.0
2024-11-07 00:00:00-05:00,371.42671418803025,379.7482017673171,371.2367145029788,379.4442138671875,4323100,0.0,0.0
2024-11-08 00:00:00-05:00,383.77592954747445,386.055780756711,382.16101923807975,385.580810546875,3448700,0.0,0.0
2024-11-11 00:00:00-05:00,387.3572086991928,390.9954968743001,385.51432189825283,387.8511962890625,4071500,0.0,0.0
2024-11-12 00:00:00-05:00,393.5128249467657,395.19420907928173,382.0565456271922,382.9019775390625,5647100,0.0,0.0
2024-11-13 00:00:00-05:00,388.6491627976876,392.07843409984633,386.35980270568837,389.6560974121094,3083100,0.0,0.0
2024-11-14 00:00:00-05:00,387.57568351078214,390.90047491344814,384.1464125791749,385.4098205566406,3348100,0.0,0.0
2024-11-15 00:00:00-05:00,382.73101945001514,388.44017109893076,382.73101945001514,387.7467041015625,3239500,0.0,0.0
2024-11-18 00:00:00-05:00,385.2008466166784,391.88843540013727,383.7284505375241,389.8935546875,3394300,0.0,0.0
2024-11-19 00:00:00-05:00,387.9366826318607,388.67763501757844,379.36820128510175,386.4357604980469,3239400,0.0,0.0
2024-11-20 00:00:00-05:00,385.67580825805663,386.34077814410904,379.9001832938776,379.9761657714844,4732200,0.0,0.0
2024-11-21 00:00:00-05:00,381.2395649241592,390.79599194233816,380.33713894531246,389.9030456542969,3722200,0.0,0.0
2024-11-22 00:00:00-05:00,391.46097334311344,399.1080116873607,390.37805625842884,398.9750061035156,4932500,0.0,0.0
2024-11-25 00:00:00-05:00,403.7247042161414,408.71189173881135,403.21172823949956,407.21099853515625,4544200,0.0,0.0
2024-11-26 00:00:00-05:00,407.1444426881811,417.37528989369935,403.43968109494875,408.01837158203125,2758600,0.0,0.0
2024-11-27 00:00:00-05:00,409.288520063449,410.7209343689843,406.767456897286,407.9420471191406,2293500,2.25,0.0
2024-11-29 00:00:00-05:00,409.2503227750627,411.58038575902316,408.27629151817865,409.7946472167969,2028700,0.0,0.0
2024-12-02 00:00:00-05:00,409.6705037837838,411.0074180142429,404.09364074919375,407.722412109375,2617100,0.0,0.0
2024-12-03 00:00:00-05:00,410.3676131808146,411.2747914287838,404.24642583980807,410.0047302246094,2714000,0.0,0.0
2024-12-04 00:00:00-05:00,407.19721752657597,409.5081630930837,406.328215964775,408.6391906738281,1968800,0.0,0.0
2024-12-05 00:00:00-05:00,407.3786138180122,410.39623663355803,406.6910538202607,407.3213195800781,2523500,0.0,0.0
2024-12-06 00:00:00-05:00,409.3840042578643,416.116339575039,407.77014853832134,411.9336853027344,3161400,0.0,0.0
2024-12-09 00:00:00-05:00,412.869527706977,416.69882853936673,408.74416779380095,409.84234619140625,3426000,0.0,0.0
2024-12-10 00:00:00-05:00,407.66505631407455,408.05658634076116,402.422429914312,403.54925537109375,3354900,0.0,0.0
2024-12-11 00:00:00-05:00,406.07033441014903,408.71551545577927,402.2792103557571,402.393798828125,4211200,0.0,0.0
2024-12-12 00:00:00-05:00,402.4415351832216,403.70206666708395,394.56325712289413,395.7474060058594,3673600,0.0,0.0
2024-12-13 00:00:00-05:00,397.0365758126904,399.29981483301486,395.5182201876285,398.19207763671875,2649500,0.0,0.0
2024-12-16 00:00:00-05:00,399.0228650821426,399.6244837244391,392.18547096099536,392.2045593261719,2879600,0.0,0.0
2024-12-17 00:00:00-05:00,391.52658268797796,391.9085540133111,387.92645850433365,390.0655212402344,3726500,0.0,0.0
2024-12-18 00:00:00-05:00,388.661731537377,392.2045612742801,375.655414864707,376.0755920410156,4225500,0.0,0.0
2024-12-19 00:00:00-05:00,376.9541656546788,377.33616614354463,367.5480010385439,367.672119140625,4576100,0.0,0.0
2024-12-20 00:00:00-05:00,366.096450152328,375.56949641993396,365.7908614340888,374.91058349609375,8046400,0.0,0.0
2024-12-23 00:00:00-05:00,373.4780944802614,375.52165669692835,369.5914707107706,374.76727294921875,2433800,0.0,0.0
2024-12-24 00:00:00-05:00,374.4617464850608,378.29107666015625,372.90518496822517,378.29107666015625,1392600,0.0,0.0
2024-12-26 00:00:00-05:00,374.8341459325444,377.94726885731666,373.9747032214078,377.33612060546875,1319500,0.0,0.0
2024-12-27 00:00:00-05:00,374.47128263913055,377.651229332419,373.73595803375235,375.1588134765625,1942700,0.0,0.0
2024-12-30 00:00:00-05:00,372.9338047085502,373.5831588082243,368.30232637219336,371.88336181640625,2444700,0.0,0.0
2024-12-31 00:00:00-05:00,372.43731731725245,373.82196713919825,369.8494008840987,371.4632568359375,2179700,0.0,0.0
2025-01-02 00:00:00-05:00,374.4617761820958,374.9774535247296,368.97085432904726,370.9571228027344,2415700,0.0,0.0
2025-01-03 00:00:00-05:00,372.2558307359425,373.3922150648131,368.42650056172073,371.6446533203125,2231600,0.0,0.0
2025-01-06 00:00:00-05:00,372.9052009753837,376.23794235759044,370.5464908560092,371.82611083984375,3274500,0.0,0.0
2025-01-07 00:00:00-05:00,373.28717749593005,374.24212040543233,365.83863445883026,366.917724609375,2274300,0.0,0.0
2025-01-08 00:00:00-05:00,365.7431041861572,370.2217883938872,362.97377580542326,369.7538757324219,2848500,0.0,0.0
2025-01-10 00:00:00-05:00,371.386807918017,375.20657911876685,367.29009514530105,372.3226623535156,5323400,0.0,0.0
2025-01-13 00:00:00-05:00,372.41815470147077,378.02366459759867,370.2313565461188,371.6446533203125,3512900,0.0,0.0
2025-01-14 00:00:00-05:00,372.99113128394447,376.43849019126,372.07439429065306,375.08245849609375,3405200,0.0,0.0
2025-01-15 00:00:00-05:00,388.32755137419605,389.61673020706695,383.6578954236326,387.79278564453125,4584800,0.0,0.0
2025-01-16 00:00:00-05:00,387.9646264383623,391.63160353497545,385.72053402447045,390.8867492675781,2305900,0.0,0.0
2025-01-17 00:00:00-05:00,394.8593104092654,395.7760765294946,390.1228020249201,390.93450927734375,3229000,0.0,0.0
2025-01-21 00:00:00-05:00,394.3913886209392,401.2860770162854,394.3913886209392,399.57672119140625,3568100,0.0,0.0
2025-01-22 00:00:00-05:00,398.7363460183702,398.7363460183702,390.88671520330524,391.6220397949219,3581400,0.0,0.0
2025-01-23 00:00:00-05:00,393.0258043838335,396.0052211751068,390.33285876766695,395.71875,3840300,0.0,0.0
2025-01-24 00:00:00-05:00,395.43232243269034,396.3108827688869,392.25237523380605,395.8238525390625,2369800,0.0,0.0
2025-01-27 00:00:00-05:00,396.2058109568415,406.98712466388986,395.3463681589181,405.7265930175781,3699200,0.0,0.0
2025-01-28 00:00:00-05:00,404.1699804348256,404.1699804348256,397.9246755195411,399.95867919921875,2818300,0.0,0.0
2025-01-29 00:00:00-05:00,401.28611112243226,402.3842896412895,393.23594937899315,394.7925109863281,2384900,0.0,0.0
2025-01-30 00:00:00-05:00,397.6477970695808,398.51679865066836,392.97811205844215,395.8238525390625,3081300,0.0,0.0
2025-01-31 00:00:00-05:00,394.5537426998625,397.61910103051287,391.83214980029396,393.4173583984375,2761000,0.0,0.0
2025-02-03 00:00:00-05:00,387.82140502290275,393.3409738069286,382.9416608031739,390.34246826171875,2896200,0.0,0.0
2025-02-04 00:00:00-05:00,391.05869451182167,393.9903472029819,387.792776819045,392.949462890625,2150800,0.0,0.0
2025-02-05 00:00:00-05:00,396.44456081554694,396.44456081554694,389.7504305369108,395.17449951171875,2212100,0.0,0.0
2025-02-06 00:00:00-05:00,396.21532209285135,398.9655620297072,394.3913778410818,395.4991149902344,2023700,0.0,0.0
2025-02-07 00:00:00-05:00,394.5824089840981,395.62329322437546,388.1842800422513,389.01507568359375,2530200,0.0,0.0
2025-02-10 00:00:00-05:00,392.13775667095445,396.2535581359705,390.37110652147675,395.3367919921875,2617600,0.0,0.0
2025-02-11 00:00:00-05:00,395.3463548805405,397.80056509224625,394.14311751833344,397.6000061035156,1441800,0.0,0.0
2025-02-12 00:00:00-05:00,390.1705315480723,391.1923273779493,384.00160898050046,388.7954406738281,3387000,0.0,0.0
2025-02-13 00:00:00-05:00,390.29468781417677,394.3723124740888,389.1296563602795,393.8470764160156,3067900,0.0,0.0
2025-02-14 00:00:00-05:00,396.3012885348701,399.1661171266884,390.1514541596966,391.0491027832031,3004400,0.0,0.0
2025-02-18 00:00:00-05:00,389.9127147629048,390.4474804302592,382.18723056366906,385.13800048828125,3994000,0.0,0.0
2025-02-19 00:00:00-05:00,379.3223929387743,380.6784245830976,375.23523878302007,377.613037109375,3780000,0.0,0.0
2025-02-20 00:00:00-05:00,375.2925527801587,376.9732615787832,373.4781671321222,376.8586730957031,2703500,0.0,0.0
2025-02-21 00:00:00-05:00,378.53935554382383,379.895387269542,366.6025694258769,367.9394836425781,5287000,0.0,0.0
2025-02-24 00:00:00-05:00,368.69386326871734,369.13312879813276,361.15937970807727,365.1892395019531,5722000,0.0,0.0
2025-02-25 00:00:00-05:00,367.65300399376844,382.94164862831803,366.87950260248374,375.5694885253906,6823900,0.0,0.0
2025-02-26 00:00:00-05:00,377.4316167162081,380.8980640531671,371.05260523567074,372.8861083984375,3871500,0.0,0.0
2025-02-27 00:00:00-05:00,372.34178142700046,377.6512615025376,370.8329553584409,372.685546875,2825100,0.0,0.0
2025-02-28 00:00:00-05:00,376.6485782249429,378.98817076232496,372.6951007692404,378.7303466796875,4263500,0.0,0.0
2025-03-03 00:00:00-05:00,379.0645777997893,379.1791662795372,369.0567661920202,372.1316833496094,3397600,0.0,0.0
2025-03-04 00:00:00-05:00,368.75117010331786,370.4796143041859,361.8278345458771,364.4825744628906,4384800,0.0,0.0
2025-03-05 00:00:00-05:00,361.9233036045971,369.67743410081266,360.9779196041715,368.942138671875,2780300,0.0,0.0
2025-03-06 00:00:00-05:00,366.2205727787816,370.28863853213335,363.57539164924356,364.53033447265625,4222000,0.0,0.0
2025-03-07 00:00:00-05:00,362.40080604312857,363.49898447535685,352.27840615913345,359.82244873046875,4573900,0.0,0.0
2025-03-10 00:00:00-04:00,360.43361622444854,365.85768438632294,355.8212261363351,357.7693176269531,3710500,0.0,0.0
2025-03-11 00:00:00-04:00,357.3586978970234,358.03669912912505,349.251242802646,351.5717468261719,4013300,0.0,0.0
2025-03-12 00:00:00-04:00,355.210071657431,355.2387187755016,345.4505551533271,348.2962951660156,3368000,0.0,0.0
2025-03-13 00:00:00-04:00,347.79658957825313,347.8830763265501,331.795895938675,333.7082824707031,7062400,2.3,0.0
2025-03-14 00:00:00-04:00,336.97565888712217,337.6868209713091,331.94963252151473,337.60992431640625,5510700,0.0,0.0
2025-03-17 00:00:00-04:00,338.04240452473243,341.6845845619482,337.2735845740471,340.3199768066406,3681300,0.0,0.0
2025-03-18 00:00:00-04:00,339.7433686110332,340.08934492013736,334.0350087944141,335.93780517578125,3008200,0.0,0.0
2025-03-19 00:00:00-04:00,338.27302774481393,340.6082578011612,335.3803995716337,339.6376647949219,2990200,0.0,0.0
2025-03-20 00:00:00-04:00,340.85817261252123,347.66206127172387,338.46528441361494,341.6557922363281,3391200,0.0,0.0
2025-03-21 00:00:00-04:00,338.35949126898834,339.6088125753934,332.77606703471025,337.4561462402344,8205400,0.0,0.0
2025-03-24 00:00:00-04:00,340.7908739600204,350.21831089976223,340.46413646431137,349.58404541015625,4023200,0.0,0.0
2025-03-25 00:00:00-04:00,347.4313948723554,349.4687164312136,344.55800544052073,346.9124450683594,2799500,0.0,0.0
2025-03-26 00:00:00-04:00,346.3358902636221,350.50663982473435,346.0764006802737,348.0080261230469,3140900,0.0,0.0
2025-03-27 00:00:00-04:00,347.786976338767,350.96789389059563,347.0662240960115,348.5846252441406,3036600,0.0,0.0
2025-03-28 00:00:00-04:00,348.9978311346433,349.0362794639301,342.2804299702823,344.1831970214844,2980200,0.0,0.0
2025-03-31 00:00:00-04:00,339.71454838912746,354.3602242022121,338.89769000275174,352.1979675292969,4498800,0.0,0.0
2025-04-01 00:00:00-04:00,349.93964859261445,352.96680219524404,347.8062207467402,351.26580810546875,2801600,0.0,0.0
2025-04-02 00:00:00-04:00,348.42122075293054,357.7909993418993,348.13293160426275,356.4263916015625,3189500,0.0,0.0
2025-04-03 00:00:00-04:00,341.9056435318467,345.9995256650902,337.99435431339464,342.03057861328125,5407100,0.0,0.0
2025-04-04 00:00:00-04:00,337.0333664754429,351.18895175074385,335.4285078290404,340.0989685058594,7531100,0.0,0.0
2025-04-07 00:00:00-04:00,330.8733158832542,340.40647839505345,320.4944953800511,328.192138671875,6950500,0.0,0.0
2025-04-08 00:00:00-04:00,336.71622500594077,340.1950510616884,316.88110964650804,322.1666259765625,4868000,0.0,0.0
2025-04-09 00:00:00-04:00,315.7855759694516,342.1554993249397,313.58487099714154,341.5308532714844,6793000,0.0,0.0
2025-04-10 00:00:00-04:00,339.08990277524873,341.43475236095367,326.414271294178,339.8298645019531,5574800,0.0,0.0
2025-04-11 00:00:00-04:00,336.64896734958444,340.646743452978,330.77725294388705,340.0605163574219,3576400,0.0,0.0
2025-04-14 00:00:00-04:00,343.84687254570434,345.0192974158903,339.81067741452034,343.2702941894531,2841800,0.0,0.0
2025-04-15 00:00:00-04:00,342.65521976138353,347.3449189901423,339.54157949498756,340.3007507324219,2883100,0.0,0.0
2025-04-16 00:00:00-04:00,338.11931024223435,340.0028680121567,330.8925778502465,332.4974365234375,2637200,0.0,0.0
2025-04-17 00:00:00-04:00,334.9575458777484,343.55853348192454,334.78457239598924,341.21368408203125,3232400,0.0,0.0
2025-04-21 00:00:00-04:00,340.4737436073095,340.54099152497014,328.4707968106564,333.3719177246094,4015200,0.0,0.0
2025-04-22 00:00:00-04:00,337.46580720627406,342.32847989896396,336.7546743917056,340.6082763671875,2802400,0.0,0.0
2025-04-23 00:00:00-04:00,347.8062072444272,350.61231948890185,341.011909218911,342.52069091796875,3283300,0.0,0.0
2025-04-24 00:00:00-04:00,342.5975792392906,346.3454851803384,340.78126944046454,345.6151428222656,2749500,0.0,0.0
2025-04-25 00:00:00-04:00,343.7507514780358,345.0000435258276,340.906161758248,343.6354064941406,2811300,0.0,0.0
2025-04-28 00:00:00-04:00,344.02947167531676,346.05720335633873,340.6851998387756,343.001220703125,2413000,0.0,0.0
2025-04-29 00:00:00-04:00,342.01135592065066,346.5184328008007,340.89658897293833,345.00006103515625,2836900,0.0,0.0
2025-04-30 00:00:00-04:00,342.5975533958161,347.18152693244696,338.6382259143262,346.43194580078125,3741500,0.0,0.0
2025-05-01 00:00:00-04:00,346.2589567803463,348.72874130209584,343.76996275825536,344.32733154296875,3210100,0.0,0.0
2025-05-02 00:00:00-04:00,347.9599295468465,351.9481151861726,347.07582327068155,350.3047790527344,2283300,0.0,0.0
2025-05-05 00:00:00-04:00,348.00802204455033,350.05496313260704,345.7016207036705,347.6236267089844,2563500,0.0,0.0
2025-05-06 00:00:00-04:00,344.6925205994366,348.1425175658657,343.2029778031656,345.365234375,2299700,0.0,0.0
2025-05-07 00:00:00-04:00,346.4223849844755,349.59368327236655,345.7304616254375,348.6038513183594,2657200,0.0,0.0
2025-05-08 00:00:00-04:00,349.8147016963988,354.90800572390526,348.1329464931206,350.63153076171875,3035800,0.0,0.0
2025-05-09 00:00:00-04:00,348.0079998504418,351.3138523149506,347.40256330498204,348.56536865234375,1970700,0.0,0.0
2025-05-12 00:00:00-04:00,360.3760921405749,363.95102414770867,358.9153782716584,361.9040832519531,3831400,0.0,0.0
2025-05-13 00:00:00-04:00,366.1421165034665,366.1421165034665,358.4060546442942,359.03070068359375,2726800,0.0,0.0
2025-05-14 00:00:00-04:00,357.39696822751023,361.1352835395001,356.36868809862307,358.271484375,2587400,0.0,0.0
2025-05-15 00:00:00-04:00,357.5892147023516,364.53724747775135,357.0318165505938,363.86456298828125,2830500,0.0,0.0
2025-05-16 00:00:00-04:00,365.40215469947304,366.3054998000389,363.4032521813129,365.9306945800781,3129100,0.0,0.0
2025-05-19 00:00:00-04:00,359.5977191731944,366.2959113355884,359.56889025595245,364.5853271484375,4428200,0.0,0.0
2025-05-20 00:00:00-04:00,371.3027156764133,374.55091043234194,359.4631519565435,362.3461608886719,6287400,0.0,0.0
2025-05-21 00:00:00-04:00,363.23990147837094,363.57622904506957,354.22568921722916,356.3783264160156,3966000,0.0,0.0
2025-05-22 00:00:00-04:00,353.6490911158033,354.83113532063317,350.3528579844883,351.8520202636719,2957300,0.0,0.0
2025-05-23 00:00:00-04:00,348.24825058578415,350.4969939492903,347.0662064100063,348.56536865234375,3115000,0.0,0.0
2025-05-27 00:00:00-04:00,351.62143192933445,356.099680485548,350.9198891212218,355.9555358886719,3998500,0.0,0.0
2025-05-28 00:00:00-04:00,354.4371588263616,356.67628307227443,353.1013504837136,353.706787109375,2986100,0.0,0.0
2025-05-29 00:00:00-04:00,355.5711022928413,355.90745920104746,349.86274225037374,353.92779541015625,3034800,0.0,0.0
2025-05-30 00:00:00-04:00,352.73613177329685,355.22515529753224,350.8814030620951,353.92779541015625,4110400,0.0,0.0
2025-06-02 00:00:00-04:00,350.91024064630886,353.687553401905,347.7293230528826,353.61065673828125,2506900,0.0,0.0
2025-06-03 00:00:00-04:00,353.61064482507294,358.9730578240293,352.688090185058,358.5309753417969,3359500,0.0,0.0
2025-06-04 00:00:00-04:00,358.5309468532691,360.7316516926156,357.1663391669354,357.8774719238281,2428800,0.0,0.0
2025-06-05 00:00:00-04:00,358.73811402828727,359.2892969654424,355.3730592745836,357.0845947265625,2324100,2.3,0.0
2025-06-06 00:00:00-04:00,359.2409532291427,360.34328957290467,353.8839025487831,355.198974609375,2349700,0.0,0.0
2025-06-09 00:00:00-04:00,355.1893258969253,355.2183339715843,352.3270581517876,353.13934326171875,2619700,0.0,0.0
2025-06-10 00:00:00-04:00,353.8548844573851,356.37867540358127,350.57682457399267,355.75982666015625,3014900,0.0,0.0
2025-06-11 00:00:00-04:00,356.94924497793147,356.94924497793147,347.4438620904067,348.5558776855469,3793500,0.0,0.0
2025-06-12 00:00:00-04:00,348.89431990504414,353.01364370433885,346.6702887466852,351.1667175292969,2921900,0.0,0.0
2025-06-13 00:00:00-04:00,348.1110930698355,350.80896230385474,341.14885940454155,342.94744873046875,3364400,0.0,0.0
2025-06-16 00:00:00-04:00,344.1270867159277,345.3164471453449,340.2785153799981,341.8836975097656,3688600,0.0,0.0
2025-06-17 00:00:00-04:00,340.31721094647503,342.58960827928115,335.9368150282306,337.2615661621094,4230100,0.0,0.0
2025-06-18 00:00:00-04:00,338.51865948039523,339.31158621373004,334.38000687265406,335.56939697265625,4453900,0.0,0.0
2025-06-20 00:00:00-04:00,336.01419071560736,339.6113395105771,335.36633388037137,338.0738525390625,8056500,0.0,0.0
2025-06-23 00:00:00-04:00,338.41230077177585,345.27783036746575,337.01017497408736,345.17144775390625,3862400,0.0,0.0
2025-06-24 00:00:00-04:00,344.8910549416785,349.7645886655491,344.03043285555697,348.5172119140625,4089600,0.0,0.0
2025-06-25 00:00:00-04:00,347.2601045162967,351.59216372909214,346.50586509408674,349.90960693359375,4159600,0.0,0.0
2025-06-26 00:00:00-04:00,351.224701030144,353.16833044654925,348.6912309606489,351.4954528808594,3187900,0.0,0.0
2025-06-27 00:00:00-04:00,351.60185128420045,357.92587758833434,351.01201055510643,356.56243896484375,5503700,0.0,0.0
2025-06-30 00:00:00-04:00,357.0845984836706,358.69946004204405,352.6751939595168,354.53179931640625,4600700,0.0,0.0
2025-07-01 00:00:00-04:00,352.3077282567881,367.15080294914793,350.9636481218092,360.8364562988281,5152600,0.0,0.0
2025-07-02 00:00:00-04:00,361.31024555025317,361.6196846691613,357.17159324150737,359.5697021484375,3011400,0.0,0.0
2025-07-03 00:00:00-04:00,359.53104596994166,360.85579726950436,356.16596165774735,359.40533447265625,2573600,0.0,0.0
2025-07-07 00:00:00-04:00,358.74780182799987,360.478695711407,352.68487790309285,355.498779296875,3433100,0.0,0.0
2025-07-08 00:00:00-04:00,353.9322693310526,358.1676256350413,353.0523183149951,355.3634033203125,2531700,0.0,0.0
2025-07-09 00:00:00-04:00,355.3730474011631,358.8154765800173,352.7428738084694,358.7864685058594,3384200,0.0,0.0
2025-07-10 00:00:00-04:00,356.81385069717913,365.4586113919226,356.3400422897771,360.9718322753906,3701700,0.0,0.0
2025-07-11 00:00:00-04:00,358.1289428379228,359.5213895719708,354.9862732454764,357.8485412597656,3068900,0.0,0.0
2025-07-14 00:00:00-04:00,358.24495157717223,359.028199060305,354.3480430403212,357.88714599609375,2481100,0.0,0.0
2025-07-15 00:00:00-04:00,357.76148490395576,358.5060451631887,346.67992818136577,346.7959899902344,3868700,0.0,0.0
2025-07-16 00:00:00-04:00,347.97567451093755,349.02970342692333,340.82006407264356,345.596923828125,4259800,0.0,0.0
2025-07-17 00:00:00-04:00,344.76533187492925,348.42049680003726,342.94741385222386,347.1827697753906,3128900,0.0,0.0
2025-07-18 00:00:00-04:00,348.09177650188303,348.69129646181904,345.18117142763566,347.5309143066406,3361600,0.0,0.0
2025-07-21 00:00:00-04:00,348.8072746045206,353.7001664650935,347.95633175750976,352.01763916015625,3503900,0.0,0.0
2025-07-22 00:00:00-04:00,352.44312995898844,359.90817965032494,351.7082193671252,358.7574768066406,3095400,0.0,0.0
2025-07-23 00:00:00-04:00,359.42471355103356,365.4006135356775,359.2796436552057,363.921142578125,3238000,0.0,0.0
2025-07-24 00:00:00-04:00,363.0798224548116,365.4005568010666,359.96616144141683,360.76873779296875,3088000,0.0,0.0
2025-07-25 00:00:00-04:00,362.28692197230157,363.5729859685138,360.7300765982126,362.9444580078125,2221000,0.0,0.0
2025-07-28 00:00:00-04:00,361.3973309398731,368.4949259388953,360.6624497952527,364.7720947265625,4062800,0.0,0.0
2025-07-29 00:00:00-04:00,364.54961945225097,367.1894721476525,362.39325431580465,364.8783874511719,2931600,0.0,0.0
2025-07-30 00:00:00-04:00,365.2071812018907,366.02911601201936,357.4230427577251,359.7921142578125,3110700,0.0,0.0
2025-07-31 00:00:00-04:00,356.9782598208417,360.4980343245854,354.7251910020546,355.3730773925781,3091600,0.0,0.0
2025-08-01 00:00:00-04:00,355.6727847854757,362.4222520293286,353.67113926627957,361.3199157714844,3008200,0.0,0.0
2025-08-04 00:00:00-04:00,362.460977483312,369.2878199790924,361.34896191429084,368.2434997558594,2844300,0.0,0.0
2025-08-05 00:00:00-04:00,369.2491053817069,374.1613555197297,368.37883367512865,372.681884765625,2931400,0.0,0.0
2025-08-06 00:00:00-04:00,373.32977764208306,376.0856629039701,371.8212986690011,374.0260009765625,2812800,0.0,0.0
2025-08-07 00:00:00-04:00,375.78591122024596,378.52246766159715,370.69961203945695,373.4168395996094,2433000,0.0,0.0
2025-08-08 00:00:00-04:00,374.29676150013864,376.43379801947555,373.4458480803386,375.0413513183594,2326700,0.0,0.0
2025-08-11 00:00:00-04:00,377.1010041516825,378.59012473254023,370.64158730208237,374.7319030761719,2605800,0.0,0.0
2025-08-12 00:00:00-04:00,378.4934165681585,383.28960492741317,376.1533237804066,382.9221496582031,2911300,0.0,0.0
2025-08-13 00:00:00-04:00,386.2968992928492,394.3518189442157,385.5813471137362,393.7329406738281,5187500,0.0,0.0
2025-08-14 00:00:00-04:00,387.9504913015771,390.2808757407531,386.17123083082004,387.09954833984375,3600200,0.0,0.0
2025-08-15 00:00:00-04:00,388.92707853043134,389.48794065977467,382.3709879963991,386.1905517578125,3841400,0.0,0.0
2025-08-18 00:00:00-04:00,383.47333889043625,384.9914969447048,379.54742217730444,381.66510009765625,4407100,0.0,0.0
2025-08-19 00:00:00-04:00,387.77639008007606,400.6758359064842,387.77639008007606,393.7523193359375,7629300,0.0,0.0
2025-08-20 00:00:00-04:00,396.15038042269873,397.5911934921109,388.4049293803704,388.47259521484375,4195300,0.0,0.0
2025-08-21 00:00:00-04:00,386.7030776065693,391.07379513383484,383.08659959749883,384.5660705566406,2942600,0.0,0.0
2025-08-22 00:00:00-04:00,387.63135707774444,400.8112342300775,385.15590284110766,399.15771484375,5284700,0.0,0.0
2025-08-25 00:00:00-04:00,396.8079241941444,397.4944978250031,394.0907262751978,395.3961486816406,3579500,0.0,0.0
2025-08-26 00:00:00-04:00,394.52588553879133,395.531548019559,391.34452883630235,394.0810852050781,3180900,0.0,0.0
2025-08-27 00:00:00-04:00,395.28978862048206,398.09401071588593,393.75230163896487,394.7579345703125,2487800,0.0,0.0
2025-08-28 00:00:00-04:00,393.5588984371735,395.4445118429186,391.4412204312409,393.9940490722656,4051600,0.0,0.0
2025-08-29 00:00:00-04:00,394.2648348340151,395.39617936692184,392.0117659444688,393.3365173339844,2210300,0.0,0.0
2025-09-02 00:00:00-04:00,390.3485436049629,395.0963954018657,389.4492637468054,392.8916931152344,3328600,0.0,0.0
2025-09-03 00:00:00-04:00,391.56694218438946,395.5121880396359,390.24219087404623,394.2454528808594,3025100,0.0,0.0
2025-09-04 00:00:00-04:00,397.26011968287133,401.8404034566353,395.9861979319458,400.3525390625,3873100,2.3,0.0
2025-09-05 00:00:00-04:00,405.1175739833985,408.82264847243704,402.61834178517114,407.41259765625,5855600,0.0,0.0
2025-09-08 00:00:00-04:00,406.9749892700853,408.99769539417065,404.30072112075976,408.3753356933594,3742600,0.0,0.0
2025-09-09 00:00:00-04:00,406.6054488503357,407.1889314722671,401.3833372545098,403.9020080566406,3516000,0.0,0.0
2025-09-10 00:00:00-04:00,404.07701213354625,405.9344163339586,400.4011104850302,401.85009765625,2897800,0.0,0.0
2025-09-11 00:00:00-04:00,404.2520901069122,413.50990907145683,402.84200964465566,411.7594909667969,5316400,0.0,0.0
2025-09-12 00:00:00-04:00,408.6961917653987,411.846985724472,407.34448634805545,411.049560546875,5004200,0.0,0.0
2025-09-15 00:00:00-04:00,410.83568009040863,411.6428098200874,406.2456620869242,411.0690612792969,4884700,0.0,0.0
2025-09-16 00:00:00-04:00,412.08039870025317,412.8389171851107,408.52118744756547,409.84375,3726700,0.0,0.0
2025-09-17 00:00:00-04:00,412.7513785983885,414.9977612941385,404.35903482258374,405.5162658691406,4771700,0.0,0.0
2025-09-18 00:00:00-04:00,406.0511429878587,409.7854199351742,404.4076812634016,405.98309326171875,3677200,0.0,0.0
2025-09-19 00:00:00-04:00,405.87606754488917,407.0527371169607,403.66859162420025,404.2423400878906,6718400,0.0,0.0
2025-09-22 00:00:00-04:00,402.70587046992364,403.4546845448791,399.80795525150035,400.65399169921875,2656300,0.0,0.0
2025-09-23 00:00:00-04:00,400.6539731783087,402.3363415649943,396.2389914749436,399.593994140625,2597000,0.0,0.0
2025-09-24 00:00:00-04:00,395.5874669386123,399.3411526132105,393.85648733374296,398.4853820800781,3220700,0.0,0.0
2025-09-25 00:00:00-04:00,395.45135281016604,399.5454062743687,394.43998482247054,396.2293395996094,2554300,0.0,0.0
2025-09-26 00:00:00-04:00,396.91972701956456,400.08022560159,394.66361014003166,398.79656982421875,2316600,0.0,0.0
2025-09-29 00:00:00-04:00,398.75766657857974,399.63290531995125,392.72842549843006,395.59716796875,3008400,0.0,0.0
2025-09-30 00:00:00-04:00,395.4318404229484,395.7916462621145,392.36859405929937,394.031494140625,3211600,0.0,0.0
2025-10-01 00:00:00-04:00,393.2535809799684,393.97319273846136,384.4236170674206,386.0865173339844,3787800,0.0,0.0
2025-10-02 00:00:00-04:00,384.60839345015114,386.43662520149616,382.94549315596385,384.13189697265625,2964700,0.0,0.0
2025-10-03 00:00:00-04:00,383.27609925380614,386.37825254638744,381.81740759938197,384.18048095703125,2951300,0.0,0.0
2025-10-06 00:00:00-04:00,383.6358825136301,383.6358825136301,375.09767571980467,378.6082458496094,3653700,0.0,0.0
2025-10-07 00:00:00-04:00,378.7250266598306,379.01675314931214,374.8935271531156,376.15771484375,2505700,0.0,0.0
2025-10-08 00:00:00-04:00,375.8173102434433,375.8173102434433,372.43316459219193,373.2208557128906,2517600,0.0,0.0
2025-10-09 00:00:00-04:00,372.3553630865562,373.77514803569323,367.0651721318674,367.2888488769531,3321400,0.0,0.0
2025-10-10 00:00:00-04:00,369.78806118140676,369.78806118140676,364.4589637589981,365.4022521972656,2992400,0.0,0.0
2025-10-13 00:00:00-04:00,368.6308504339742,371.78161502209394,366.80261874752887,368.9225769042969,2925900,0.0,0.0
2025-10-14 00:00:00-04:00,368.43634606259553,378.1804256443732,367.60004373018455,377.0426330566406,4399900,0.0,0.0
2025-10-15 00:00:00-04:00,378.51103978401335,383.50947434180813,376.07988706518233,377.60662841796875,3690100,0.0,0.0
2025-10-16 00:00:00-04:00,378.92918616223017,379.259819366573,373.3958802696069,376.7217102050781,2783700,0.0,0.0
2025-10-17 00:00:00-04:00,377.80115149933664,382.28418309319864,376.5369638928536,381.1075134277344,2657700,0.0,0.0
2025-10-20 00:00:00-04:00,380.63101126516386,382.3522567670641,377.40243321809885,378.180419921875,2761100,0.0,0.0
2025-10-21 00:00:00-04:00,376.8870540082442,382.78990051625465,375.2338581249689,380.13507080078125,2306900,0.0,0.0
2025-10-22 00:00:00-04:00,380.47538873488134,382.22580676746367,377.48022173582456,378.2581787109375,2857000,0.0,0.0
2025-10-23 00:00:00-04:00,376.4688710262192,378.0150806165678,370.79940618445,374.42669677734375,2767300,0.0,0.0
2025-10-24 00:00:00-04:00,378.9681015073717,378.9681015073717,375.04908447214564,376.03125,2426800,0.0,0.0
2025-10-27 00:00:00-04:00,377.0231676453325,378.5693771810079,372.3553367162181,374.6600646972656,3065800,0.0,0.0
2025-10-28 00:00:00-04:00,373.83353180630456,379.2695861239365,372.28729244757125,375.12689208984375,2372800,0.0,0.0
2025-10-29 00:00:00-04:00,372.45257937060524,374.39750145609145,364.86739510807143,367.6291809082031,3852300,0.0,0.0
2025-10-30 00:00:00-04:00,367.30827036867885,374.10579357517423,365.7523266876615,369.09759521484375,2384300,0.0,0.0
2025-10-31 00:00:00-04:00,366.5789276874148,370.4493335464572,364.682646350049,369.1365051269531,2643500,0.0,0.0
2025-11-03 00:00:00-05:00,366.6275697464224,368.0570887541689,363.3892576559226,367.9306640625,2897600,0.0,0.0
2025-11-04 00:00:00-05:00,366.95818218185974,373.1138475541215,366.3746996179726,372.5303649902344,2590000,0.0,0.0
2025-11-05 00:00:00-05:00,372.24839971795575,372.8610549707219,360.3260169130116,363.54486083984375,4763000,0.0,0.0
2025-11-06 00:00:00-05:00,361.5805182090473,362.3973820280062,357.4280900328899,358.90625,3622100,0.0,0.0
2025-11-07 00:00:00-05:00,358.8284019214945,363.36007408409415,357.4475238166886,360.8900146484375,2766400,0.0,0.0
2025-11-10 00:00:00-05:00,359.6064000909565,360.4524365034046,353.44100025057185,360.228759765625,3257900,0.0,0.0
2025-11-11 00:00:00-05:00,361.7457700495194,365.6453482872514,360.69552519217467,363.9338073730469,2407300,0.0,0.0
2025-11-12 00:00:00-05:00,361.81389713794727,363.27258887924756,358.84790246816715,360.9095153808594,3375800,0.0,0.0
2025-11-13 00:00:00-05:00,361.42490876665056,363.2336722315698,356.5236963397476,357.93377685546875,3034800,0.0,0.0
2025-11-14 00:00:00-05:00,355.8332360732777,357.2141141827383,349.89148346357575,352.3809814453125,3413300,0.0,0.0
2025-11-17 00:00:00-05:00,351.1848930100947,353.7619090719871,346.29341470792065,348.1702575683594,5127200,0.0,0.0
2025-11-18 00:00:00-05:00,330.6173592116862,339.1944441751817,326.75668718026844,327.2137451171875,10168500,0.0,0.0
2025-11-19 00:00:00-05:00,331.5800630406063,332.3385815128617,322.2444305286613,325.2882385253906,7595000,0.0,0.0
2025-11-20 00:00:00-05:00,327.0970305832446,329.56709030759504,322.9835387560075,323.2266540527344,4025300,0.0,0.0
2025-11-21 00:00:00-05:00,325.356351446162,337.36625322520536,323.8295802366419,333.8653869628906,7441300,0.0,0.0
2025-11-24 00:00:00-05:00,332.7762309351845,334.24462715093733,327.2818014724936,327.31097412109375,6132900,0.0,0.0
2025-11-25 00:00:00-05:00,329.6643042136632,343.27875925493544,329.51844098793805,341.40191650390625,6316600,0.0,0.0
2025-11-26 00:00:00-05:00,340.61427155844075,347.48954973119123,339.38896094201596,345.6807861328125,4517300,0.0,0.0
2025-11-28 00:00:00-05:00,345.15563293817144,347.97576437116714,343.7650205997065,347.0908508300781,2119600,0.0,0.0
2025-12-01 00:00:00-05:00,344.29983082264397,352.312930239926,343.16206798710976,347.489501953125,5107100,0.0,0.0
2025-12-02 00:00:00-05:00,347.0033054241789,347.6548674645102,341.62559635370235,344.2804260253906,3965300,0.0,0.0
2025-12-03 00:00:00-05:00,344.7374926404726,350.5430871450869,344.00814674631084,348.0535888671875,4166700,0.0,0.0
2025-12-04 00:00:00-05:00,348.71911535336596,349.9131924709116,342.56276473239785,343.7079162597656,4022800,2.3,0.0
2025-12-05 00:00:00-05:00,343.19898404843383,348.06337703105095,342.10278786121404,347.0748291015625,5959200,0.0,0.0
2025-12-08 00:00:00-05:00,344.4713302562425,344.60833982606607,338.3541382135411,342.47467041015625,7273000,0.0,0.0
2025-12-09 00:00:00-05:00,340.3703677160696,349.09104041465736,337.6298477160418,337.9332580566406,5063100,0.0,0.0
2025-12-10 00:00:00-05:00,336.7881454975472,344.53983485927705,336.6902644468525,343.66876220703125,6316100,0.0,0.0
2025-12-11 00:00:00-05:00,348.4352899865784,355.0124966552466,346.4190656980946,349.8642578125,6609800,0.0,0.0
2025-12-12 00:00:00-05:00,351.62602366535515,353.09414987244986,348.48421207641735,352.0077209472656,3861200,0.0,0.0
2025-12-15 00:00:00-05:00,351.7532309142689,354.9635320383587,348.06332163277614,349.4042053222656,4387400,0.0,0.0
2025-12-16 00:00:00-05:00,349.31615106277945,351.1170489325283,344.3343131247511,345.1858215332031,3497200,0.0,0.0
2025-12-17 00:00:00-05:00,344.49091449028276,349.90340512869824,343.5219607726549,349.1693420410156,3875200,0.0,0.0
2025-12-18 00:00:00-05:00,355.8150843258923,358.5164162998122,347.02589113877445,347.4467468261719,4805200,0.0,0.0
2025-12-19 00:00:00-05:00,346.58541127955135,346.58541127955135,337.5907194306183,337.66900634765625,12825600,0.0,0.0
2025-12-22 00:00:00-05:00,337.97241246450307,340.50737327299396,336.39663812507706,339.02947998046875,3523700,0.0,0.0
2025-12-23 00:00:00-05:00,336.69028944414873,340.11591738907464,334.6740651003779,337.6396789550781,3873400,0.0,0.0
2025-12-24 00:00:00-05:00,337.02300698088413,340.85972280498515,336.5923542903493,339.9592590332031,1368600,0.0,0.0
2025-12-26 00:00:00-05:00,339.616749893519,342.6117251227173,339.2056912607851,342.34747314453125,1786900,0.0,0.0
2025-12-29 00:00:00-05:00,342.56275799846856,342.87596540293737,337.4243166284915,340.06695556640625,3790000,0.0,0.0
2025-12-30 00:00:00-05:00,338.67714901066444,339.60697424818056,336.41623697955146,338.9903564453125,2392600,0.0,0.0
2025-12-31 00:00:00-05:00,338.1583920810744,339.34267215308904,336.6609045931061,336.78814697265625,2317500,0.0,0.0
2026-01-02 00:00:00-05:00,336.1323595285862,341.0848358843269,333.6757154817447,338.4715881347656,3763000,0.0,0.0
2026-01-05 00:00:00-05:00,335.4179027837736,339.9690879170088,333.9987022113515,336.7783508300781,4725300,0.0,0.0
2026-01-06 00:00:00-05:00,334.2433821573216,343.22830690148726,330.5339084400161,341.86785888671875,4680300,0.0,0.0
2026-01-07 00:00:00-05:00,345.83181357461933,350.882171425454,341.61339990042745,341.64276123046875,4442700,0.0,0.0
2026-01-08 00:00:00-05:00,337.9724185347548,355.5214122846852,336.78813849255954,351.91961669921875,5196500,0.0,0.0
2026-01-09 00:00:00-05:00,355.77590141056635,367.51111346981986,353.632434855731,366.67919921875,7093500,0.0,0.0
2026-01-12 00:00:00-05:00,366.67922605349804,368.42140133976915,361.40374473161967,366.97283935546875,5859800,0.0,0.0
2026-01-13 00:00:00-05:00,367.88304619367426,372.1014596119851,362.94036676554117,371.6708068847656,4785800,0.0,0.0
2026-01-14 00:00:00-05:00,368.6856307593888,372.0133774109565,366.023427464314,367.96136474609375,4959900,0.0,0.0
2026-01-15 00:00:00-05:00,368.0298576269892,372.10146445701383,366.5030087993679,371.1031494140625,2990100,0.0,0.0
2026-01-16 00:00:00-05:00,371.19124144254374,374.63643351070186,369.4882246061678,372.0917053222656,3709000,0.0,0.0
2026-01-20 00:00:00-05:00,364.33018071485697,369.3218156656606,363.41015259231614,367.1391906738281,5353700,0.0,0.0
2026-01-21 00:00:00-05:00,367.8145223498818,377.7195050958379,366.71832628164384,376.4667053222656,5169800,0.0,0.0
2026-01-22 00:00:00-05:00,378.2382530449191,382.3000628313615,372.44403525172845,372.93341064453125,4828100,0.0,0.0
2026-01-23 00:00:00-05:00,373.3934198383746,376.20242977736825,371.1520722052226,375.61517333984375,3138300,0.0,0.0
2026-01-26 00:00:00-05:00,376.8190408591946,379.1876308298576,373.83386300262646,378.3165283203125,3984800,0.0,0.0
2026-01-27 00:00:00-05:00,376.77011060504714,378.2871623096181,370.2320329388677,372.2776184082031,3466100,0.0,0.0
2026-01-28 00:00:00-05:00,372.1308039100364,372.9040253443087,365.7102015587281,367.32513427734375,3371500,0.0,0.0
2026-01-29 00:00:00-05:00,366.9336686607455,369.07713530060647,362.284602364362,363.9093322753906,4744500,0.0,0.0
2026-01-30 00:00:00-05:00,364.49654916370775,367.1489551783843,360.71855595680273,366.6302185058594,3755600,0.0,0.0
2026-02-02 00:00:00-05:00,366.28767783702625,371.58272307589243,360.41517322936585,370.0852355957031,4757200,0.0,0.0
2026-02-03 00:00:00-05:00,369.27288458137934,383.45497361161824,368.9890384961104,373.0019226074219,5684400,0.0,0.0
2026-02-04 00:00:00-05:00,376.41776544446515,382.23154756833605,376.19264200827143,378.9723205566406,5574700,0.0,0.0
2026-02-05 00:00:00-05:00,378.46334758938633,378.77655501017597,372.73764950494666,374.24493408203125,3759700,0.0,0.0
2026-02-06 00:00:00-05:00,373.2368128082787,378.1599279570784,371.0444206547449,376.9658508300781,4685400,0.0,0.0
2026-02-09 00:00:00-05:00,376.19264106698864,377.58248033769564,370.163562457197,372.904052734375,3639300,0.0,0.0
2026-02-10 00:00:00-05:00,375.65433486260844,383.4158213872818,373.8240756812119,381.39959716796875,3160800,0.0,0.0
2026-02-11 00:00:00-05:00,376.81905953552473,383.10265283953595,373.96109404547286,382.37835693359375,3229900,0.0,0.0
2026-02-12 00:00:00-05:00,385.187358063094,389.18067797780816,380.7340539554721,381.9281311035156,3702200,0.0,0.0
2026-02-13 00:00:00-05:00,381.908594703622,385.62783599655563,378.87446108617314,382.7405090332031,2875900,0.0,0.0
2026-02-17 00:00:00-05:00,383.89544883635097,385.6278270527202,372.41469084659906,374.9007263183594,3485300,0.0,0.0
2026-02-18 00:00:00-05:00,374.6168560607417,376.93649059942254,371.4750744620919,375.3704833984375,2982600,0.0,0.0
2026-02-19 00:00:00-05:00,375.58578815962284,375.58578815962284,369.3707450420628,370.5354309082031,2930900,0.0,0.0
2026-02-20 00:00:00-05:00,369.42951043425745,376.6428992274523,367.96138419838536,374.12750244140625,3984100,0.0,0.0
2026-02-23 00:00:00-05:00,372.89425117804547,375.977340039125,361.7267011620893,368.979248046875,5495700,0.0,0.0
2026-02-24 00:00:00-05:00,380.8417107584177,385.9703852790173,374.0883361890514,376.31011962890625,5675800,0.0,0.0
2026-02-25 00:00:00-05:00,372.97257644926333,373.3347094680754,363.47868169262966,367.5894470214844,5036900,0.0,0.0
2026-02-26 00:00:00-05:00,370.35929161988014,373.37386076885247,366.97282226210285,367.11962890625,2889400,0.0,0.0
2026-02-27 00:00:00-05:00,365.915758878878,374.0687697501482,364.42806841930053,372.6300048828125,4819500,0.0,0.0
2026-03-02 00:00:00-05:00,367.0315715092017,367.13921976634026,361.15906636505446,362.93060302734375,4537600,0.0,0.0
2026-03-03 00:00:00-05:00,356.0010127710523,360.94369199596207,352.46770711379116,359.12322998046875,3964700,0.0,0.0
2026-03-04 00:00:00-05:00,358.41855457469165,361.716939988571,353.8282109374275,361.2666931152344,4324400,0.0,0.0
2026-03-05 00:00:00-05:00,358.3402236370215,359.18196482294223,351.5672851014027,353.99456787109375,4752200,0.0,0.0
2026-03-06 00:00:00-05:00,349.94255357633443,351.81197110412063,345.71434314288405,350.3144836425781,4167400,0.0,0.0
2026-03-09 00:00:00-04:00,348.0437483770095,348.9148209517669,338.2953999508869,346.0470886230469,4224500,0.0,0.0
2026-03-10 00:00:00-04:00,345.5382004871225,353.9554635770335,343.56110469944167,349.56085205078125,3986000,0.0,0.0
2026-03-11 00:00:00-04:00,347.90677293241225,348.7485142053993,341.69169898686965,343.38494873046875,3197100,0.0,0.0
2026-03-12 00:00:00-04:00,340.9512279608855,343.5425566286561,333.7191718320135,333.9457702636719,3893600,2.33,0.0
2026-03-13 00:00:00-04:00,336.6651978613972,338.36976775473033,333.05901726415016,334.0443115234375,2531900,0.0,0.0
2026-03-16 00:00:00-04:00,337.40418868905533,340.1630007521627,335.6405034404279,337.5421142578125,3194400,0.0,0.0
2026-03-17 00:00:00-04:00,339.81816704201003,341.68035764135743,335.92624251251857,336.4090270996094,3075900,0.0,0.0
2026-03-18 00:00:00-04:00,333.62066680099906,334.8030019580219,325.28508517224077,326.0634460449219,3592200,0.0,0.0
2026-03-19 00:00:00-04:00,324.12242413889567,325.37376721971134,319.8561127917808,323.3834533691406,3845400,0.0,0.0
2026-03-20 00:00:00-04:00,322.93020208868677,325.37374274161465,315.55035751193924,316.03314208984375,9672200,0.0,0.0
2026-03-23 00:00:00-04:00,327.10784167944627,329.7977059156196,323.38343046640387,326.03387451171875,5806300,0.0,0.0
2026-03-24 00:00:00-04:00,321.10742781217783,327.6300717030042,318.26977522756266,326.04376220703125,4566400,0.0,0.0
2026-03-25 00:00:00-04:00,330.07358186100777,332.2313787270356,322.18136510255556,327.6202087402344,4397800,0.0,0.0
2026-03-26 00:00:00-04:00,326.56593457755275,329.2065159991698,321.7872513641968,323.6001892089844,3448400,0.0,0.0
2026-03-27 00:00:00-04:00,322.68389984010173,322.72332003339125,316.0233004076466,316.919921875,3977400,0.0,0.0
2026-03-30 00:00:00-04:00,320.93006084928754,323.16666808726706,317.83622231185035,318.7427062988281,4066000,0.0,0.0
2026-03-31 00:00:00-04:00,323.65932500963066,326.56595531217556,318.6540430408731,324.053466796875,5749100,0.0,0.0
2026-04-01 00:00:00-04:00,324.5264147036482,328.1917111081323,322.9893578310064,324.713623046875,3386200,0.0,0.0
2026-04-02 00:00:00-04:00,318.84123847490497,321.5015150184395,313.9738822734865,316.90020751953125,3732300,0.0,0.0
2026-04-06 00:00:00-04:00,314.9985972226668,321.87593213773096,314.2300688775543,321.84637451171875,2448300,0.0,0.0
2026-04-07 00:00:00-04:00,318.2500813990391,319.60979244017267,310.673165290877,314.082275390625,4661600,0.0,0.0
2026-04-08 00:00:00-04:00,328.3591748751156,333.7979883682909,327.36401804999974,331.2165222167969,4610600,0.0,0.0
2026-04-09 00:00:00-04:00,326.388616523007,335.5617045306175,323.6199418005998,334.58624267578125,3002000,0.0,0.0
2026-04-10 00:00:00-04:00,336.0248127567512,336.2120210994593,330.8717121868362,332.37921142578125,3208300,0.0,0.0
2026-04-13 00:00:00-04:00,330.60565624287267,336.4188865710081,327.0487282012957,336.14300537109375,3741200,0.0,0.0
2026-04-14 00:00:00-04:00,335.9853517224209,337.71947928880917,333.36446531187323,337.6701965332031,2882500,0.0,0.0
2026-04-15 00:00:00-04:00,336.8228540004552,337.2366607575258,331.6697541162465,333.92608642578125,3365200,0.0,0.0
2026-04-16 00:00:00-04:00,334.9902184465357,336.9509746615948,331.7387590995254,332.1919860839844,2856700,0.0,0.0
2026-04-17 00:00:00-04:00,337.7983122720913,346.8433072133841,337.7983122720913,344.2618408203125,4930400,0.0,0.0
2026-04-20 00:00:00-04:00,343.2174366312315,346.00583653193246,338.5668460102951,345.8284606933594,3260900,0.0,0.0
2026-04-21 00:00:00-04:00,347.7399078982703,348.35078554942595,337.92638515117363,338.8624267578125,3081000,0.0,0.0
2026-04-22 00:00:00-04:00,338.8919874460811,340.1629954470494,332.95066400346604,334.5074157714844,2855800,0.0,0.0
2026-04-23 00:00:00-04:00,334.50744745169345,335.81787576813997,331.9259809451064,335.1577453613281,2712400,0.0,0.0
2026-04-24 00:00:00-04:00,332.91125712465214,335.26609496653134,329.75830320236696,330.9505310058594,3255900,0.0,0.0
2026-04-27 00:00:00-04:00,329.56126408981737,332.41861168305576,327.25567892552993,327.4132995605469,3282900,0.0,0.0
2026-04-28 00:00:00-04:00,329.5316980954363,330.9899144482985,322.5459348903251,324.220947265625,4279300,0.0,0.0
2026-04-29 00:00:00-04:00,320.8709611177203,321.0483068839262,314.35814983882847,318.0628662109375,4150000,0.0,0.0
2026-04-30 00:00:00-04:00,317.5012539357068,325.26537852338674,317.5012539357068,323.96478271484375,4317900,0.0,0.0
2026-05-01 00:00:00-04:00,325.24565828599395,325.6594650583568,318.60475417876165,319.11712646484375,3865300,0.0,0.0
2026-05-04 00:00:00-04:00,317.34356938789824,317.34356938789824,307.6680023826615,307.8256530761719,6396100,0.0,0.0
2026-05-05 00:00:00-04:00,308.8011039225745,312.959047256485,305.8353583254913,310.78155517578125,6391400,0.0,0.0
2026-05-06 00:00:00-04:00,317.2253492112466,320.4571133614208,314.6537454823368,318.29931640625,5455900,0.0,0.0
2026-05-07 00:00:00-04:00,320.2304978152761,322.6740083417755,317.6884217799922,317.8953552246094,4411700,0.0,0.0
2026-05-08 00:00:00-04:00,317.93474702110166,319.2353426707153,312.14121191718147,312.78167724609375,4995500,0.0,0.0
2026-05-11 00:00:00-04:00,311.8456552875821,312.45653296086624,305.15549837099616,306.8206481933594,4335700,0.0,0.0
2026-05-12 00:00:00-04:00,308.6237547613812,310.150948950067,304.56431685148686,305.89447021484375,4225700,0.0,0.0
2026-05-13 00:00:00-04:00,303.08638666631595,303.1652270544281,294.86903523029974,298.1007995605469,6307800,0.0,0.0
2026-05-14 00:00:00-04:00,300.57390974137434,301.48039382713375,296.98745373152394,299.8743591308594,5072600,0.0,0.0
2026-05-15 00:00:00-04:00,295.8937302385283,298.47519650583126,292.51417798992316,293.1349182128906,6121500,0.0,0.0
2026-05-18 00:00:00-04:00,294.84933010653106,299.31271224674526,292.92799412343095,295.4010925292969,6366100,0.0,0.0
2026-05-19 00:00:00-04:00,287.57783348316474,298.7313718247998,284.84857918279005,297.9924011230469,8692500,0.0,0.0
2026-05-20 00:00:00-04:00,296.6327042526405,306.4363947204983,292.30727784287797,306.0126953125,5810900,0.0,0.0
2026-05-21 00:00:00-04:00,301.85475235570635,309.3725528012548,299.9038888531578,309.1656494140625,4516600,0.0,0.0
2026-05-22 00:00:00-04:00,309.8750586089163,310.32828556949477,306.8797555054846,308.4660949707031,2963800,0.0,0.0
2026-05-26 00:00:00-04:00,310.42684744524456,312.1314175610734,304.41654566531474,305.97332763671875,6978200,0.0,0.0
2026-05-27 00:00:00-04:00,310.12136308197864,316.27945210266927,309.88490208559824,313.17578125,5990100,0.0,0.0
2026-05-28 00:00:00-04:00,312.7817028577755,317.1465496037087,310.52537038117634,316.48638916015625,6818900,0.0,0.0
2026-05-29 00:00:00-04:00,315.7671367684214,317.36330876728886,312.3383016854047,312.47625732421875,6963300,0.0,0.0
2026-06-01 00:00:00-04:00,310.4958029229232,311.24463622584767,303.1652107990409,306.12109375,4544200,0.0,0.0
2026-06-02 00:00:00-04:00,305.4215416998635,307.6088962755514,304.03227311149993,306.9388732910156,4310000,0.0,0.0
2026-06-03 00:00:00-04:00,303.4115246580221,308.9094535404009,302.60357612746606,308.3675537109375,4328300,0.0,0.0
2026-06-04 00:00:00-04:00,315.5049467263879,318.403599213189,305.85605078553533,307.6826171875,4558600,2.33,0.0
2026-06-05 00:00:00-04:00,308.5561528759146,311.7525986238699,306.3722648476684,308.50653076171875,3946300,0.0,0.0
2026-06-08 00:00:00-04:00,306.62045149296284,311.4746638676563,304.8236946299612,307.4443664550781,4381800,0.0,0.0
2026-06-09 00:00:00-04:00,309.0723663566284,320.52795549693786,308.00024998881105,318.9793395996094,4875300,0.0,0.0
2026-06-10 00:00:00-04:00,320.9051596578416,321.6298303667879,316.4678580086006,316.5870056152344,4823800,0.0,0.0
2026-06-11 00:00:00-04:00,319.93233407887243,324.6376494749074,316.2196730066971,323.6251220703125,4656600,0.0,0.0
2026-06-12 00:00:00-04:00,326.0969127055492,328.59846715733096,322.9104034108394,325.98773193359375,3649000,0.0,0.0
2026-06-15 00:00:00-04:00,331.3184370072605,335.52741021038827,327.12930659108537,327.4072570800781,4695000,0.0,0.0
2026-06-16 00:00:00-04:00,329.48195490895256,335.7954145326594,327.33775250061905,334.6240539550781,5131500,0.0,0.0
2026-06-17 00:00:00-04:00,333.55197998269495,338.6543633465824,323.78396663149965,325.0843811035156,6085400,0.0,0.0
2026-06-18 00:00:00-04:00,329.27351216388143,335.5472561594589,328.4793462633244,331.8346252441406,10604400,0.0,0.0
2026-06-22 00:00:00-04:00,327.585930781475,329.30328611244005,323.9527013683971,324.23065185546875,4713600,0.0,0.0
2026-06-23 00:00:00-04:00,321.5007640397083,326.6130837898613,319.3466553723836,322.0765380859375,4788000,0.0,0.0
2026-06-24 00:00:00-04:00,326.7123600579221,340.4511116799111,325.3126710965327,340.3518371582031,6385000,0.0,0.0
2026-06-25 00:00:00-04:00,339.74631356501925,346.08958287234753,339.3194664460809,342.4761962890625,6974100,0.0,0.0
2026-06-26 00:00:00-04:00,345.35498409810776,347.93597025012764,343.31999268085383,346.3079528808594,7771700,0.0,0.0
2026-06-29 00:00:00-04:00,346.30796611732103,348.779771593463,343.0122759730193,348.24371337890625,5786500,0.0,0.0
2026-06-30 00:00:00-04:00,348.1245733949154,350.91401476625776,344.7593579765289,350.1000061035156,4579000,0.0,0.0
2026-07-01 00:00:00-04:00,351.39054305253717,354.50755727558504,348.27349853515625,348.27349853515625,4041300,0.0,0.0
2026-07-02 00:00:00-04:00,350.2588479333682,355.5697168646199,345.1068121812833,355.2818298339844,3110500,0.0,0.0
2026-07-06 00:00:00-04:00,355.2024317145021,356.2248957008094,343.2703427329958,348.0848693847656,4460800,0.0,0.0
2026-07-07 00:00:00-04:00,352.46261179283084,352.81999402230383,341.96002145419817,342.6846618652344,3592800,0.0,0.0
2026-07-08 00:00:00-04:00,335.51746569664226,335.51746569664226,328.24110074686496,333.75048828125,4192300,0.0,0.0
2026-07-09 00:00:00-04:00,335.2891698936722,338.2374444527704,333.1548737064404,336.2520751953125,2780800,0.0,0.0
2026-07-10 00:00:00-04:00,337.06606773965154,341.8805944502874,335.4281440922459,340.78863525390625,2748000,0.0,0.0
2026-07-13 00:00:00-04:00,341.4835329455154,342.5853984087983,332.9762178919015,334.6439208984375,3650400,0.0,0.0
2026-07-14 00:00:00-04:00,337.0362951640151,339.24999292947075,334.1078935040618,335.2693176269531,2807300,0.0,0.0
2026-07-15 00:00:00-04:00,336.5101711499915,343.7170716460562,334.79284603598825,338.9422607421875,3953100,0.0,0.0
2026-07-16 00:00:00-04:00,339.05141987244593,348.24368914862276,338.148103527179,345.4740905761719,3810300,0.0,0.0
2026-07-17 00:00:00-04:00,346.3774576909258,351.39053349528973,335.61675940843014,336.39105224609375,4434000,0.0,0.0
2026-07-20 00:00:00-04:00,337.4829959680537,337.7113243396537,328.98561793122497,330.60369873046875,4125300,0.0,0.0
2026-07-21 00:00:00-04:00,328.87640129200065,330.5639772575944,324.60786955925937,329.1742248535156,3112600,0.0,0.0
2026-07-22 00:00:00-04:00,331.0901002710247,334.097933459434,328.2907223705125,329.02532958984375,2907700,0.0,0.0
2026-07-23 00:00:00-04:00,322.92030555418336,325.8288946116248,320.6867650845805,322.3346252441406,4523100,0.0,0.0
2026-07-24 00:00:00-04:00,322.69201940343424,331.02062819830684,320.8654832094117,330.5441589355469,3874500,0.0,0.0
2026-07-27 00:00:00-04:00,336.90725567373363,339.3889672822994,332.8968012318786,333.6313781738281,3622400,0.0,0.0
2026-07-28 00:00:00-04:00,340.13347371189195,346.87378048907175,340.0937578445657,341.9500732421875,4308000,0.0,0.0
2026-07-29 00:00:00-04:00,337.89002113209693,342.74423353473367,334.495026147691,335.7954406738281,4028500,0.0,0.0
2026-07-30 00:00:00-04:00,332.5394250801792,333.23431646100056,327.8341094785939,330.91143798828125,6275400,0.0,0.0
2026-07-31 00:00:00-04:00,330.0080852280822,331.55667084801746,326.39469858534585,329.5315856933594,4961900,0.0,0.0
2026-08-03 00:00:00-04:00,337.3142314565633,341.126167165973,331.27872212293863,337.5326232910156,2908100,0.0,0.0
2026-08-04 00:00:00-04:00,337.741121159039,348.29333390946084,336.8675537894677,345.6925048828125,4275000,0.0,0.0
2026-08-05 00:00:00-04:00,347.59845998552333,351.95632983727285,345.6031541488199,350.5566711425781,3140400,0.0,0.0
2026-08-06 00:00:00-04:00,350.9140306560572,350.9636527717977,344.967859180145,346.963134765625,2622400,0.0,0.0
2026-08-07 00:00:00-04:00,348.9386046403958,354.21966416090896,346.1888486641563,353.0185241699219,3584800,0.0,0.0
2026-08-10 00:00:00-04:00,349.52427926105196,351.41037408001614,344.52114002902516,348.21392822265625,3124800,0.0,0.0
2026-08-11 00:00:00-04:00,349.71288949562955,355.7384623950411,348.0352499864083,351.8868713378906,2549700,0.0,0.0
2026-08-12 00:00:00-04:00,349.4250091127092,351.28132462652724,340.5206262766717,340.9176940917969,3965800,0.0,0.0
2026-08-13 00:00:00-04:00,344.4615642861647,345.206077753642,338.0190507751135,339.2003479003906,2439900,0.0,0.0
2026-08-14 00:00:00-04:00,338.3168506868042,338.3168506868042,333.5519765191293,336.381103515625,3073100,0.0,0.0
2026-08-17 00:00:00-04:00,332.26147100502055,336.95688030952056,330.4548079641576,335.4082946777344,5580000,0.0,0.0
2026-08-18 00:00:00-04:00,334.31635102921473,342.01959397178314,328.27090486006995,335.0211486816406,6603400,0.0,0.0
2026-08-19 00:00:00-04:00,338.92240470580333,347.8366934263856,338.92240470580333,341.78131103515625,4971000,0.0,0.0
2026-08-20 00:00:00-04:00,333.54205438988197,336.40099113174557,329.1643112906949,332.0430908203125,4027700,0.0,0.0
2026-08-21 00:00:00-04:00,334.0582233645888,336.10315129465374,330.5639843459303,333.1548767089844,3422800,0.0,0.0
2026-08-24 00:00:00-04:00,333.4229292601251,339.7165463845368,332.7081950914107,334.9615783691406,3298600,0.0,0.0
2026-08-25 00:00:00-04:00,336.8873851133212,337.0065024243307,331.25888010780307,335.4082946777344,2528100,0.0,0.0
2026-08-26 00:00:00-04:00,336.94693389837937,336.9568704387829,332.06294252407247,332.40045166015625,4258100,0.0,0.0
2026-08-27 00:00:00-04:00,328.1517689125653,329.5812372185705,325.4814448058147,326.2060852050781,3618000,0.0,0.0
2026-08-28 00:00:00-04:00,328.08226594055674,329.1841313242223,325.1042120893565,327.7745361328125,3136100,0.0,0.0
2026-08-31 00:00:00-04:00,325.838797551875,326.8414187355763,323.36702248478053,325.4317932128906,3858700,0.0,0.0
2026-09-01 00:00:00-04:00,323.62512835314175,324.43910673216897,316.4678503051231,317.4307556152344,3291000,0.0,0.0
2026-09-02 00:00:00-04:00,319.1481100391916,319.81322207391105,315.38582679146464,316.17999267578125,3499300,0.0,0.0
2026-09-03 00:00:00-04:00,318.2099914550781,320.44000244140625,315.2099914550781,318.07000732421875,3377700,2.33,0.0
2026-09-04 00:00:00-04:00,316.70001220703125,321.79998779296875,316.1000061035156,321.04998779296875,2261000,0.0,0.0
