Date,Open,High,Low,Close,Volume,Dividends,Stock Splits
2021-01-04 00:00:00-05:00,159.62520610191507,160.05962941848063,154.03426476980187,156.3008575439453,3164800,0.0,0.0
2021-01-05 00:00:00-05:00,156.00813756561527,157.39643073875948,154.12874386051504,157.07533264160156,2322600,0.0,0.0
2021-01-06 00:00:00-05:00,153.92094899484275,157.98194155686087,153.91151002062966,155.1864776611328,3619700,0.0,0.0
2021-01-07 00:00:00-05:00,155.05423825867655,157.8308240752633,152.78764523854082,156.61253356933594,3025500,0.0,0.0
2021-01-08 00:00:00-05:00,156.98085220649764,157.5852779606838,155.48867297352157,157.16029357910156,3438100,0.0,0.0
2021-01-11 00:00:00-05:00,174.71701322953572,178.77800614889256,171.9026567270903,175.60476684570312,11396500,0.0,0.0
2021-01-12 00:00:00-05:00,172.62982942593314,173.99924443309652,167.5772114442161,168.8616180419922,7179300,0.0,0.0
2021-01-13 00:00:00-05:00,169.8343559485343,177.1913513281857,169.37158685274713,175.18919372558594,7303900,0.0,0.0
2021-01-14 00:00:00-05:00,174.97198014335808,178.4568779628517,174.3203307090597,176.31304931640625,4413200,0.0,0.0
2021-01-15 00:00:00-05:00,176.41694171331912,181.12013015895533,176.41694171331912,180.16627502441406,6624600,0.0,0.0
2021-01-19 00:00:00-05:00,185.10559031518918,188.4299396456273,183.28287381746225,187.44773864746094,7729100,0.0,0.0
2021-01-20 00:00:00-05:00,187.72160933075014,190.5548578888188,187.63660092191608,190.0731964111328,5335800,0.0,0.0
2021-01-21 00:00:00-05:00,192.37753780231841,193.34084616473208,187.00380841514985,191.1025848388672,8698800,0.0,0.0
2021-01-22 00:00:00-05:00,190.80983379733286,195.05970649888246,189.41210192158215,194.68194580078125,6128800,0.0,0.0
2021-01-25 00:00:00-05:00,196.6652323350396,200.71677144413152,196.5235612603373,200.54678344726562,5959100,0.0,0.0
2021-01-26 00:00:00-05:00,200.73567594306482,201.3778720731493,198.89406714573636,200.89622497558594,6601500,0.0,0.0
2021-01-27 00:00:00-05:00,199.3379428037352,200.23513535009985,193.699776694977,196.03248596191406,7358000,0.0,0.0
2021-01-28 00:00:00-05:00,196.43857705470796,200.0651319417778,196.0324849904079,198.44073486328125,5460400,0.0,0.0
2021-01-29 00:00:00-05:00,200.17853601766342,205.88280557454618,193.09541197266756,196.41030883789062,8401700,0.0,0.0
2021-02-01 00:00:00-05:00,197.8173950281029,198.2234870183529,191.8109082870061,191.8486785888672,5383800,0.0,0.0
2021-02-02 00:00:00-05:00,193.01978265920275,194.4552848710338,186.38053809488062,186.578857421875,5314600,0.0,0.0
2021-02-03 00:00:00-05:00,186.8149520941786,189.44042777885622,185.94609098513715,186.01220703125,3679000,0.0,0.0
2021-02-04 00:00:00-05:00,185.87053816361518,190.65873490939,184.76557300935485,190.41317749023438,2924300,0.0,0.0
2021-02-05 00:00:00-05:00,190.4131995217225,191.64094352761504,189.68600938562204,190.55487060546875,2732200,0.0,0.0
2021-02-08 00:00:00-05:00,191.13097930296738,194.95585386744526,190.68710248006386,194.33255004882812,2909300,0.0,0.0
2021-02-09 00:00:00-05:00,192.42480218456893,193.55809875088838,189.18546151152978,190.49819946289062,2661300,0.0,0.0
2021-02-10 00:00:00-05:00,193.10480613352257,194.1247774885604,190.43210621822567,193.0292510986328,3062700,0.0,0.0
2021-02-11 00:00:00-05:00,192.39382301371418,193.63617252080073,191.20837280148234,192.11880493164062,3544700,0.85,0.0
2021-02-12 00:00:00-05:00,191.2368502502996,197.46758441759133,190.7626700964721,196.58560180664062,2611300,0.0,0.0
2021-02-16 00:00:00-05:00,195.34322291368846,196.7752560254791,193.09561395124584,195.13458251953125,2741900,0.0,0.0
2021-02-17 00:00:00-05:00,194.42331283499135,196.0165654420848,193.72153557199098,195.79844665527344,3329900,0.0,0.0
2021-02-18 00:00:00-05:00,194.69836048790202,194.81215908622482,190.57298764875335,190.7342071533203,3919400,0.0,0.0
2021-02-19 00:00:00-05:00,190.74370242568216,192.40333286938167,189.9850113286823,190.54454040527344,3434900,0.0,0.0
2021-02-22 00:00:00-05:00,188.89439984080224,191.19892292187401,187.73741357428963,190.3169403076172,2263600,0.0,0.0
2021-02-23 00:00:00-05:00,189.9660467305822,193.75948787772245,188.4202148324571,192.02398681640625,3287700,0.0,0.0
2021-02-24 00:00:00-05:00,191.25578600070787,195.79843913467417,191.21785796260835,193.9586181640625,2848800,0.0,0.0
2021-02-25 00:00:00-05:00,193.05764877367272,194.93539748904124,191.33162665782672,193.29473876953125,2386700,0.0,0.0
2021-02-26 00:00:00-05:00,196.02608500298294,196.30111761313185,191.62569347807755,194.30955505371094,3887900,0.0,0.0
2021-03-01 00:00:00-05:00,195.1535363331939,197.48650849988866,194.20517625208367,195.8079071044922,2797400,0.0,0.0
2021-03-02 00:00:00-05:00,198.10294669507667,199.10820611611442,193.5603080460023,193.59823608398438,3445300,0.0,0.0
2021-03-03 00:00:00-05:00,192.8680202799877,193.75948123433304,189.39703274719383,191.5687713623047,3660300,0.0,0.0
2021-03-04 00:00:00-05:00,193.2663136341688,194.16726737679247,188.35381487524,190.18414306640625,4308400,0.0,0.0
2021-03-05 00:00:00-05:00,190.63939073581764,196.94598091529247,190.5066208732233,196.23471069335938,3875900,0.0,0.0
2021-03-08 00:00:00-05:00,196.31057012579234,199.99969088893664,195.66569210712578,196.33901977539062,3300300,0.0,0.0
2021-03-09 00:00:00-05:00,197.58134599591256,201.20408863822928,195.41908605734605,195.4665069580078,4227300,0.0,0.0
2021-03-10 00:00:00-05:00,196.20623237256135,197.29684076516753,193.83533197921955,194.84059143066406,3400200,0.0,0.0
2021-03-11 00:00:00-05:00,195.84584794237776,196.54763965777067,193.7215304831601,194.6129913330078,4037300,0.0,0.0
2021-03-12 00:00:00-05:00,194.30950669824085,197.6951593125436,191.83428617703302,197.33477783203125,4541400,0.0,0.0
2021-03-15 00:00:00-04:00,183.042977627995,183.20419710843984,178.48136786390995,179.3917999267578,12388500,0.0,0.0
2021-03-16 00:00:00-04:00,181.64894225667373,181.72481282417434,177.5615113018347,181.0419921875,6194200,0.0,0.0
2021-03-17 00:00:00-04:00,179.93240713107127,180.02724895544577,176.9261065250326,177.0873260498047,5134200,0.0,0.0
2021-03-18 00:00:00-04:00,176.41396858288195,177.42870647278204,174.30860777969943,174.431884765625,4240000,0.0,0.0
2021-03-19 00:00:00-04:00,175.16211604490775,176.20531799367717,174.38446825013844,174.77328491210938,6048600,0.0,0.0
2021-03-22 00:00:00-04:00,174.54569722901988,176.30964777505122,173.73958527288298,176.24325561523438,2666600,0.0,0.0
2021-03-23 00:00:00-04:00,175.77856796141953,177.0209175017479,173.7870057632502,174.19479370117188,3284700,0.0,0.0
2021-03-24 00:00:00-04:00,174.2137376383265,174.34650746599618,170.53411049827,170.86602783203125,3931500,0.0,0.0
2021-03-25 00:00:00-04:00,171.65319977871465,174.15687018007932,170.91347996495884,173.63526916503906,2630500,0.0,0.0
2021-03-26 00:00:00-04:00,174.54570242867013,176.30965302724888,173.1990326447186,175.74063110351562,2868200,0.0,0.0
2021-03-29 00:00:00-04:00,175.12419954017153,177.978758557697,174.03357661811398,176.71743774414062,3002600,0.0,0.0
2021-03-30 00:00:00-04:00,175.94924127019067,177.21056189004588,175.1715935436278,175.92079162597656,2523600,0.0,0.0
2021-03-31 00:00:00-04:00,175.98720299047372,178.23481195373788,175.69319918345184,177.1726531982422,3621300,0.0,0.0
2021-04-01 00:00:00-04:00,177.17266628085667,178.35811657616003,175.12420469757353,175.67425537109375,2340400,0.0,0.0
2021-04-05 00:00:00-04:00,176.00618023196105,176.30016960232552,173.6447724049501,175.3423309326172,2864800,0.0,0.0
2021-04-06 00:00:00-04:00,175.15262950564252,176.04409031661012,173.06624017598045,173.3602294921875,2488400,0.0,0.0
2021-04-07 00:00:00-04:00,173.45506544891973,173.7206051329508,171.8618273447333,172.905029296875,3406600,0.0,0.0
2021-04-08 00:00:00-04:00,173.50246212597398,174.4697933946433,173.04725336988128,173.18002319335938,2393200,0.0,0.0
2021-04-09 00:00:00-04:00,173.1041595862158,175.57937990723659,172.99036101034275,174.96295166015625,2611200,0.0,0.0
2021-04-12 00:00:00-04:00,173.95767770363884,174.44135059235293,171.53937114337236,172.4308319091797,2876100,0.0,0.0
2021-04-13 00:00:00-04:00,171.82392523886952,174.15689812096377,171.82392523886952,173.10421752929688,3089100,0.0,0.0
2021-04-14 00:00:00-04:00,173.16106513085077,174.94398672835484,172.64895705009246,173.54989624023438,2002100,0.0,0.0
2021-04-15 00:00:00-04:00,174.29911050742993,178.02617352666795,173.93874348044918,176.31912231445312,2586600,0.0,0.0
2021-04-16 00:00:00-04:00,177.7037136427753,180.47292329658123,177.22953361018884,179.47714233398438,3731800,0.0,0.0
2021-04-19 00:00:00-04:00,179.46770756848787,181.0230178746089,178.35812775901397,179.8470458984375,2966400,0.0,0.0
2021-04-20 00:00:00-04:00,180.57726811112147,183.5076976391825,180.34965645493907,180.76693725585938,2460900,0.0,0.0
2021-04-21 00:00:00-04:00,181.66785569985527,183.0429749299436,179.99874715853463,181.08935546875,2219800,0.0,0.0
2021-04-22 00:00:00-04:00,180.18846827130443,181.3928899794768,177.10629710350582,177.39080810546875,2982600,0.0,0.0
2021-04-23 00:00:00-04:00,177.3717718283913,179.36333364126685,177.3717718283913,178.97450256347656,2482800,0.0,0.0
2021-04-26 00:00:00-04:00,178.8322786725745,178.90813474950022,176.4518854581575,177.55198669433594,2797500,0.0,0.0
2021-04-27 00:00:00-04:00,174.49827862341795,176.27170758528433,171.45403598244272,172.80072021484375,6838700,0.0,0.0
2021-04-28 00:00:00-04:00,172.07994350358143,172.60154447169984,169.35815454834628,171.22642517089844,4682800,0.0,0.0
2021-04-29 00:00:00-04:00,171.7100840123988,173.19901637281396,170.7048245829648,172.7912139892578,2432500,0.0,0.0
2021-04-30 00:00:00-04:00,172.44980465297223,174.45084513031938,171.83337634934387,173.331787109375,3103900,0.0,0.0
2021-05-03 00:00:00-04:00,173.54043394273702,176.72692471526207,173.47404178437105,176.31912231445312,3197000,0.0,0.0
2021-05-04 00:00:00-04:00,177.8459694841638,180.26429064813485,177.13469940480914,178.4813690185547,3703500,0.0,0.0
2021-05-05 00:00:00-04:00,178.90815051371231,183.5740955512806,178.45294165791125,182.85333251953125,4274400,0.0,0.0
2021-05-06 00:00:00-04:00,181.6583587987907,184.07667966506114,179.54352007501578,183.8775177001953,3101600,0.0,0.0
2021-05-07 00:00:00-04:00,184.7595143733539,186.13463357019407,183.88701038128556,185.32852172851562,2526700,0.0,0.0
2021-05-10 00:00:00-04:00,186.03982814162998,186.45710896614537,183.50770801558878,184.70263671875,2242000,0.0,0.0
2021-05-11 00:00:00-04:00,183.40336017122084,185.64149059839212,183.0429787005696,184.69313049316406,1850200,0.0,0.0
2021-05-12 00:00:00-04:00,184.69313615112836,185.54665448364992,182.77744462805012,183.22317504882812,2397400,0.0,0.0
2021-05-13 00:00:00-04:00,183.12794291738274,186.8047906231488,182.65166738313727,185.6903076171875,2174300,0.85,0.0
2021-05-14 00:00:00-04:00,186.42371850914125,187.90969539208837,185.6711952576672,186.89999389648438,1823700,0.0,0.0
2021-05-17 00:00:00-04:00,187.157193994232,190.13868291826358,185.8331488442054,186.2522735595703,2466000,0.0,0.0
2021-05-18 00:00:00-04:00,185.7474740640576,187.03342392918114,184.3948531765849,185.39503479003906,2369400,0.0,0.0
2021-05-19 00:00:00-04:00,184.42341397438565,188.0240558704617,183.94713843749966,187.18580627441406,3070500,0.0,0.0
2021-05-20 00:00:00-04:00,187.80497385709762,191.53897233530992,186.86194305821053,190.06251525878906,3494400,0.0,0.0
2021-05-21 00:00:00-04:00,190.51019074554617,192.33908683253054,190.0053399028524,190.39588928222656,2579000,0.0,0.0
2021-05-24 00:00:00-04:00,191.46277169043043,193.95845092899816,190.54831623630886,191.48182678222656,2074900,0.0,0.0
2021-05-25 00:00:00-04:00,191.87234149048226,192.27242570220415,189.6910060896762,189.7672119140625,2919100,0.0,0.0
2021-05-26 00:00:00-04:00,189.77671761455912,192.8344124935547,188.8432217733857,191.45321655273438,2891300,0.0,0.0
2021-05-27 00:00:00-04:00,191.12934971059536,191.82472239608103,186.22371794189266,189.74815368652344,9340300,0.0,0.0
2021-05-28 00:00:00-04:00,189.67195121862795,192.68201587887242,189.10994961475237,190.26254272460938,2386000,0.0,0.0
2021-06-01 00:00:00-04:00,190.81501299384686,191.35795947644817,187.34771358767605,189.00515747070312,3070200,0.0,0.0
2021-06-02 00:00:00-04:00,189.56718728139455,191.38656335253353,188.84325368515877,189.68150329589844,2030300,0.0,0.0
2021-06-03 00:00:00-04:00,189.54812109799354,193.9774772559139,189.18614708142593,193.0820770263672,3066600,0.0,0.0
2021-06-04 00:00:00-04:00,193.1677798589953,194.74901775328834,191.73895358856063,192.434326171875,2817700,0.0,0.0
2021-06-07 00:00:00-04:00,192.40578360457792,222.25872874824503,192.2533719547411,211.96165466308594,17231400,0.0,0.0
2021-06-08 00:00:00-04:00,211.1900672825017,211.7234934630804,207.05598531347036,210.2279815673828,4618500,0.0,0.0
2021-06-09 00:00:00-04:00,210.8471934570461,215.9719085316998,209.80890170345083,215.27655029296875,4934900,0.0,0.0
2021-06-10 00:00:00-04:00,216.2005326023634,224.6591913451494,215.51469462133875,222.4587860107422,5598200,0.0,0.0
2021-06-11 00:00:00-04:00,216.25768654606523,218.69621516590306,211.0472305897871,213.45718383789062,5636000,0.0,0.0
2021-06-14 00:00:00-04:00,213.59053046094857,215.9052372069624,212.437951761989,215.37181091308594,2720700,0.0,0.0
2021-06-15 00:00:00-04:00,215.37176767495188,215.90519386173744,212.29501775475723,212.9141845703125,2188900,0.0,0.0
2021-06-16 00:00:00-04:00,212.92374207414795,213.71436121592612,209.7517452287402,210.28517150878906,2548800,0.0,0.0
2021-06-17 00:00:00-04:00,209.8184001644317,212.5141210757539,209.8184001644317,211.66635131835938,1890700,0.0,0.0
2021-06-18 00:00:00-04:00,209.97082457319073,210.5614161179594,207.96095577663104,208.18003845214844,4016600,0.0,0.0
2021-06-21 00:00:00-04:00,208.7039233009125,213.15233458578706,207.73231724196188,212.10452270507812,3671300,0.0,0.0
2021-06-22 00:00:00-04:00,212.0664451809907,212.99994114143487,210.04702706878786,210.9329071044922,1658800,0.0,0.0
2021-06-23 00:00:00-04:00,211.64730923160315,211.69493968860672,206.70356721099284,206.798828125,2419600,0.0,0.0
2021-06-24 00:00:00-04:00,223.77325811135958,228.01210675538871,219.48677901485908,221.91578674316406,12290500,0.0,0.0
2021-06-25 00:00:00-04:00,222.05868728716504,222.41114104528512,218.5056760818084,219.29629516601562,6992200,0.0,0.0
2021-06-28 00:00:00-04:00,218.13416287871343,218.9724123478902,216.1147595590861,217.39117431640625,2507500,0.0,0.0
2021-06-29 00:00:00-04:00,217.4197655739838,220.42029540764474,217.03875098820217,218.4866180419922,1621200,0.0,0.0
2021-06-30 00:00:00-04:00,219.17250902094148,219.8964572579949,218.19138241683007,218.6295623779297,1786700,0.0,0.0
2021-07-01 00:00:00-04:00,218.61995880538225,220.51554038941237,217.8102992353998,220.16310119628906,1977300,0.0,0.0
2021-07-02 00:00:00-04:00,220.96327432686041,223.09699397024121,220.35364221943388,222.85885620117188,1994000,0.0,0.0
2021-07-06 00:00:00-04:00,222.54451272175223,224.401984414539,222.16348357017034,224.24957275390625,3125400,0.0,0.0
2021-07-07 00:00:00-04:00,223.54467780398923,225.36405383337473,222.3825788722825,224.63059997558594,3141500,0.0,0.0
2021-07-08 00:00:00-04:00,222.734994931386,226.01177259186846,221.08708582396898,225.86888122558594,2431500,0.0,0.0
2021-07-09 00:00:00-04:00,225.91655083449325,227.1548702163496,221.70627656400313,223.83999633789062,4030100,0.0,0.0
2021-07-12 00:00:00-04:00,224.0114298161705,226.70715104546403,223.9923747253371,224.8115692138672,2928600,0.0,0.0
2021-07-13 00:00:00-04:00,224.78296630869363,225.42117369306365,222.92549488630718,224.13523864746094,1974000,0.0,0.0
2021-07-14 00:00:00-04:00,224.6020266822141,225.973702648016,223.59232480038128,225.13546752929688,2103400,0.0,0.0
2021-07-15 00:00:00-04:00,223.85899295319703,224.7925033468416,219.74398041782692,220.48696899414062,3611200,0.0,0.0
2021-07-16 00:00:00-04:00,221.46811884000914,221.98249001104597,220.2393343823916,221.43002319335938,2229100,0.0,0.0
2021-07-19 00:00:00-04:00,220.87754379829002,223.1827156125788,219.62970423890164,223.03030395507812,2305600,0.0,0.0
2021-07-20 00:00:00-04:00,223.84949044202637,226.46900575570965,222.83978868304337,223.86854553222656,2297800,0.0,0.0
2021-07-21 00:00:00-04:00,225.1639971810149,226.1070133149411,222.50637190321174,226.0308074951172,1651500,0.0,0.0
2021-07-22 00:00:00-04:00,226.0212960754662,228.32646771007177,225.15447119262097,227.17388916015625,1703500,0.0,0.0
2021-07-23 00:00:00-04:00,227.92638916198936,232.94633671639485,227.2405513181901,232.5653076171875,2448100,0.0,0.0
2021-07-26 00:00:00-04:00,231.06033550711425,233.64174094028812,231.06033550711425,231.6699676513672,2678800,0.0,0.0
2021-07-27 00:00:00-04:00,232.1462514640565,232.47963565186868,231.14606983106518,232.0224151611328,2116500,0.0,0.0
2021-07-28 00:00:00-04:00,231.8223146427701,236.61364464672323,231.1269565352271,234.81332397460938,1688000,0.0,0.0
2021-07-29 00:00:00-04:00,235.75638030775943,236.46127330362293,230.74596711434393,233.68934631347656,1924100,0.0,0.0
2021-07-30 00:00:00-04:00,233.27973256960848,234.27991402006157,231.11745227870264,231.9461669921875,1905100,0.0,0.0
2021-08-02 00:00:00-04:00,234.0703339248081,236.1278474040715,232.66056263039735,234.89906311035156,1958900,0.0,0.0
2021-08-03 00:00:00-04:00,233.1368724645057,247.06316434220716,231.94618363680138,243.8435516357422,5406200,0.0,0.0
2021-08-04 00:00:00-04:00,243.853046357023,257.8079121412789,243.30056505469747,250.01605224609375,3892400,0.0,0.0
2021-08-05 00:00:00-04:00,250.78762456989287,252.91182375182467,248.93013850353347,251.65444946289062,2262400,0.0,0.0
2021-08-06 00:00:00-04:00,251.00671850439898,251.7306374832391,248.3681336804275,250.94003295898438,2155200,0.0,0.0
2021-08-09 00:00:00-04:00,252.0259227274795,260.084524859773,251.94973144051855,254.4835205078125,3238500,0.0,0.0
2021-08-10 00:00:00-04:00,254.09295685588208,258.2174895317705,253.54999585704326,256.66485595703125,2060200,0.0,0.0
2021-08-11 00:00:00-04:00,256.79820571166965,258.0841553010161,250.19703464111865,251.56871032714844,2813300,0.0,0.0
2021-08-12 00:00:00-04:00,251.52099820772534,252.80153468519265,249.8868552990186,251.7790069580078,2100900,0.85,0.0
2021-08-13 00:00:00-04:00,251.47313736650423,253.90043712916543,251.34890124067445,252.48609924316406,1482300,0.0,0.0
2021-08-16 00:00:00-04:00,253.1264145920353,258.26769109977494,252.54346711788327,257.9618835449219,2623200,0.0,0.0
2021-08-17 00:00:00-04:00,259.12773804244057,263.62873160886073,255.324333298589,260.60894775390625,2096100,0.0,0.0
2021-08-18 00:00:00-04:00,259.94004616318773,262.5680197718233,256.1366411325877,256.6048889160156,2527400,0.0,0.0
2021-08-19 00:00:00-04:00,254.3399851124913,259.787067784382,253.65193287144623,258.4013977050781,1901000,0.0,0.0
2021-08-20 00:00:00-04:00,257.42665613504045,260.76178309210593,257.1208486737621,258.8887634277344,1536800,0.0,0.0
2021-08-23 00:00:00-04:00,260.2170703952662,260.80001769412206,255.82121206062507,255.93588256835938,2438800,0.0,0.0
2021-08-24 00:00:00-04:00,254.38788396746705,255.57285195168205,250.16400037833083,251.1100616455078,3736000,0.0,0.0
2021-08-25 00:00:00-04:00,251.11953393047185,252.78231473087365,249.6956597583304,252.16116333007812,2388500,0.0,0.0
2021-08-26 00:00:00-04:00,252.28543767825374,253.80488056466115,249.01718167643,249.724365234375,1732900,0.0,0.0
2021-08-27 00:00:00-04:00,250.87112036101607,251.4540678352419,247.10594868622505,248.2240447998047,1839700,0.0,0.0
2021-08-30 00:00:00-04:00,249.44725483244613,252.35236838163289,248.09025198591488,250.6704559326172,1300700,0.0,0.0
2021-08-31 00:00:00-04:00,251.17690116808305,251.94141997389892,246.4178700283897,246.8288116455078,2733400,0.0,0.0
2021-09-01 00:00:00-04:00,247.06771509100443,247.28749054954724,243.1974243544141,245.97828674316406,2956800,0.0,0.0
2021-09-02 00:00:00-04:00,245.9878601427111,248.20492097593774,245.08956875620393,248.05201721191406,1469700,0.0,0.0
2021-09-03 00:00:00-04:00,249.2561276486716,249.40903143765348,245.38585073930983,248.01382446289062,1124500,0.0,0.0
2021-09-07 00:00:00-04:00,247.5073120319922,249.24655960224672,243.1209890365173,243.49368286132812,2403700,0.0,0.0
2021-09-08 00:00:00-04:00,243.3025650509037,244.36331127726788,242.42337564994966,243.5319061279297,1542400,0.0,0.0
2021-09-09 00:00:00-04:00,242.05069107664846,242.74830909717033,229.03505951614062,229.3504180908203,4976600,0.0,0.0
2021-09-10 00:00:00-04:00,231.45277822254678,233.06778963953684,227.9838633010541,228.87258911132812,4633500,0.0,0.0
2021-09-13 00:00:00-04:00,229.3885998960817,230.44934599262416,224.7155864614119,227.40090942382812,2832800,0.0,0.0
2021-09-14 00:00:00-04:00,228.12723879083958,229.14975191988782,221.6863086855776,222.74705505371094,3826000,0.0,0.0
2021-09-15 00:00:00-04:00,223.21527389621747,228.7579113636725,222.7183439570332,223.35861206054688,2802500,0.0,0.0
2021-09-16 00:00:00-04:00,223.69309236465187,224.27602521584157,219.53611052302142,220.78797912597656,2958700,0.0,0.0
2021-09-17 00:00:00-04:00,219.51700041004864,220.58729757348544,218.1026624935583,219.8896942138672,4480000,0.0,0.0
2021-09-20 00:00:00-04:00,217.96888108778182,222.4029882009733,217.20437684446492,221.36135864257812,2803400,0.0,0.0
2021-09-21 00:00:00-04:00,221.76273795109162,223.34908183194622,219.5456915067789,219.95660400390625,2172800,0.0,0.0
2021-09-22 00:00:00-04:00,219.79413333989223,220.7784276400518,217.48151855629456,218.16957092285156,2529600,0.0,0.0
2021-09-23 00:00:00-04:00,219.12521577573258,223.80778099848382,218.8480758536347,221.87741088867188,1912300,0.0,0.0
2021-09-24 00:00:00-04:00,222.44125673215657,224.94499430917327,221.0747028108427,221.3996124267578,1642500,0.0,0.0
2021-09-27 00:00:00-04:00,219.76546069873052,220.80709024208375,215.5989279436122,216.35386657714844,2785900,0.0,0.0
2021-09-28 00:00:00-04:00,216.34430597226822,216.3538569888802,210.42897496929498,211.76686096191406,3583300,0.0,0.0
2021-09-29 00:00:00-04:00,215.40781906181235,221.17024692610892,214.5955305299245,220.13816833496094,3971000,0.0,0.0
2021-09-30 00:00:00-04:00,222.45077645317568,226.63642595983336,220.55863971773977,220.79754638671875,3786100,0.0,0.0
2021-10-01 00:00:00-04:00,220.74971956765768,221.39953858275192,215.44598962274347,219.40228271484375,2215700,0.0,0.0
2021-10-04 00:00:00-04:00,217.69179212043477,219.9757396328547,214.27064636118885,214.87269592285156,4784700,0.0,0.0
2021-10-05 00:00:00-04:00,216.3921218465362,222.24055284291606,216.13409854325275,220.68287658691406,2802000,0.0,0.0
2021-10-06 00:00:00-04:00,220.32928790053884,220.60642780713286,216.01941676656654,217.7395477294922,2462700,0.0,0.0
2021-10-07 00:00:00-04:00,218.95316607603178,223.7217481498322,218.83849554800375,222.8330078125,2001800,0.0,0.0
2021-10-08 00:00:00-04:00,223.06238094980466,225.34632816300658,221.275363699884,223.55931091308594,2563000,0.0,0.0
2021-10-11 00:00:00-04:00,226.19681701016057,227.42958351011555,223.23438325064043,223.30126953125,1892300,0.0,0.0
2021-10-12 00:00:00-04:00,224.28557660366053,224.6391683872324,221.6862708939012,222.45077514648438,1719200,0.0,0.0
2021-10-13 00:00:00-04:00,223.68356400722678,227.36271830549953,222.4699139321235,225.94839477539062,2105700,0.0,0.0
2021-10-14 00:00:00-04:00,226.49306405961678,227.85961773345795,223.7217526440976,226.18727111816406,1824700,0.0,0.0
2021-10-15 00:00:00-04:00,226.88488346289722,228.68146627831393,225.35588953169025,227.32447814941406,2598300,0.0,0.0
2021-10-18 00:00:00-04:00,227.3913466373149,231.89235434092086,226.19681338687545,228.37564086914062,2546000,0.0,0.0
2021-10-19 00:00:00-04:00,228.4520901707944,231.7872322178258,228.4520901707944,231.55787658691406,1573200,0.0,0.0
2021-10-20 00:00:00-04:00,232.9148854899952,234.98859362560935,232.2555007509596,232.90533447265625,1537500,0.0,0.0
2021-10-21 00:00:00-04:00,234.0807428795199,234.0807428795199,229.1879391420126,230.46847534179688,1717700,0.0,0.0
2021-10-22 00:00:00-04:00,230.26782877172033,233.21114633845596,228.92994256876983,232.93402099609375,1960700,0.0,0.0
2021-10-25 00:00:00-04:00,233.80362149450673,235.34218099615876,229.84732771621654,234.1763153076172,2763100,0.0,0.0
2021-10-26 00:00:00-04:00,233.65069208717188,237.87455969943406,226.56949583351,237.41586303710938,4533000,0.0,0.0
2021-10-27 00:00:00-04:00,237.57836220577582,243.1687844154814,237.3012368697034,239.0691375732422,3181300,0.0,0.0
2021-10-28 00:00:00-04:00,239.05953549596674,245.35711080934158,238.98308362400167,242.1079864501953,3386500,0.0,0.0
2021-10-29 00:00:00-04:00,242.51894948563057,245.0895877129992,240.59814501477206,243.45545959472656,3152000,0.0,0.0
2021-11-01 00:00:00-04:00,243.78993717890148,245.0991557226461,237.04321475651548,238.24729919433594,2735800,0.0,0.0
2021-11-02 00:00:00-04:00,240.10119789362773,247.79398082744217,238.33328274312177,245.4527130126953,3987800,0.0,0.0
2021-11-03 00:00:00-04:00,246.3318698623216,254.9516408675864,246.32233342698788,254.44515991210938,4382900,0.0,0.0
2021-11-04 00:00:00-04:00,253.69974447563428,259.0798974014901,253.49904190447194,258.97479248046875,4133400,0.0,0.0
2021-11-05 00:00:00-04:00,257.05399929209136,257.5318126097321,247.0868204853234,253.24105834960938,3745700,0.0,0.0
2021-11-08 00:00:00-05:00,252.27589704317901,255.06633999219315,247.65066706100046,248.9694366455078,2386100,0.0,0.0
2021-11-09 00:00:00-05:00,248.9694511936258,250.5271275572623,246.92442498889122,250.39332580566406,1963800,0.0,0.0
2021-11-10 00:00:00-05:00,250.3741204935257,254.1966261499154,249.99187576056747,252.90652465820312,2215100,0.0,0.0
2021-11-11 00:00:00-05:00,250.67996964327688,252.59122278938895,250.32639247739152,250.97621154785156,1739400,0.0,0.0
2021-11-12 00:00:00-05:00,250.9761957117232,251.68564614626095,248.24381091169656,248.93409729003906,1964000,0.85,0.0
2021-11-15 00:00:00-05:00,248.68488206182667,248.89577448356403,246.54690454606447,247.7644805908203,1903200,0.0,0.0
2021-11-16 00:00:00-05:00,246.3551726023543,249.60528029075812,245.42521826309687,247.0838165283203,2565700,0.0,0.0
2021-11-17 00:00:00-05:00,246.21137212411355,253.63193064578056,245.5019215081096,250.40101623535156,2873600,0.0,0.0
2021-11-18 00:00:00-05:00,251.18711563270114,252.91281693762437,249.09709245586942,250.5447540283203,1689200,0.0,0.0
2021-11-19 00:00:00-05:00,255.434328474503,259.6239722791853,249.55731115726695,249.94082641601562,2786800,0.0,0.0
2021-11-22 00:00:00-05:00,251.39806576250487,253.09500654652794,248.43559494051328,249.6915283203125,1995400,0.0,0.0
2021-11-23 00:00:00-05:00,248.761576313572,251.91580496378015,248.55065462630353,251.1488037109375,1986200,0.0,0.0
2021-11-24 00:00:00-05:00,251.9253602888531,254.00581634346437,249.31761467039854,251.18714904785156,2518500,0.0,0.0
2021-11-26 00:00:00-05:00,250.99538112341048,254.90701401953265,248.33971083841396,249.62440490722656,1495500,0.0,0.0
2021-11-29 00:00:00-05:00,249.2888433178477,251.49393880462563,243.9966668141669,244.31304931640625,4041700,0.0,0.0
2021-11-30 00:00:00-05:00,242.81740329378644,243.5172716713536,236.3076223666819,237.80323791503906,8265900,0.0,0.0
2021-12-01 00:00:00-05:00,239.14551621632813,244.76367231508664,237.659482395283,238.8483123779297,3241400,0.0,0.0
2021-12-02 00:00:00-05:00,236.34604465343918,239.66324115177528,235.00381432489442,237.64991760253906,3817700,0.0,0.0
2021-12-03 00:00:00-05:00,241.7244905533718,243.01876669216344,233.04798504102948,235.44480895996094,4169700,0.0,0.0
2021-12-06 00:00:00-05:00,235.77076625535753,236.7486744803594,231.56194416823755,236.16384887695312,3491200,0.0,0.0
2021-12-07 00:00:00-05:00,234.16011162913907,235.31058416858914,231.48524798013935,234.99420166015625,4035800,0.0,0.0
2021-12-08 00:00:00-05:00,236.43226988904098,237.93746751613895,229.58694221164393,234.23678588867188,3636200,0.0,0.0
2021-12-09 00:00:00-05:00,234.39980315628583,235.76119742110117,232.73160840016146,232.8754119873047,2291100,0.0,0.0
2021-12-10 00:00:00-05:00,231.24558726601418,234.49568017484162,231.24558726601418,234.0642547607422,2380800,0.0,0.0
2021-12-13 00:00:00-05:00,235.37770374051811,240.35351280898303,235.32977896276037,238.2730712890625,3016700,0.0,0.0
2021-12-14 00:00:00-05:00,237.51566628565627,239.69197185233338,236.22137552899014,239.08798217773438,3424000,0.0,0.0
2021-12-15 00:00:00-05:00,251.254200207925,264.16828533373854,246.59476049307023,263.91900634765625,10016700,0.0,0.0
2021-12-16 00:00:00-05:00,264.29304173872987,272.183368816711,260.8224154842164,267.5239562988281,5546400,0.0,0.0
2021-12-17 00:00:00-05:00,265.251764307667,265.251764307667,254.37974354385884,256.3835144042969,7582900,0.0,0.0
2021-12-20 00:00:00-05:00,258.1187585692486,258.8665664226898,249.6052357712392,252.60606384277344,3479400,0.0,0.0
2021-12-21 00:00:00-05:00,253.10461648640467,254.9741509250579,249.81618095324257,253.94830322265625,2702500,0.0,0.0
2021-12-22 00:00:00-05:00,253.81403057844733,255.55892523615768,252.00204709398002,255.50140380859375,2721000,0.0,0.0
2021-12-23 00:00:00-05:00,257.9462285055136,263.9095287432919,255.67404367075562,261.8291015625,2632200,0.0,0.0
2021-12-27 00:00:00-05:00,263.68897752989136,268.73187495082925,263.3821770590372,266.9198913574219,1677100,0.0,0.0
2021-12-28 00:00:00-05:00,267.81154382731967,267.86906526715467,264.5039440043755,265.0216369628906,1033900,0.0,0.0
2021-12-29 00:00:00-05:00,264.4368016175654,267.8306832885454,264.3600868660929,266.92950439453125,1112300,0.0,0.0
2021-12-30 00:00:00-05:00,267.66770745729866,269.06744441876106,264.9640830836256,265.8077697753906,1181500,0.0,0.0
2021-12-31 00:00:00-05:00,266.0186939403363,267.22670255650746,264.61895696576147,264.8202819824219,1315700,0.0,0.0
2022-01-03 00:00:00-05:00,263.0849210501721,263.0849210501721,256.038254566968,260.5155334472656,2621300,0.0,0.0
2022-01-04 00:00:00-05:00,257.8982498229978,258.74193651115036,252.70192277084226,255.7986297607422,2340500,0.0,0.0
2022-01-05 00:00:00-05:00,257.0929211074213,257.67773209237174,249.67236371063026,249.89285278320312,3004200,0.0,0.0
2022-01-06 00:00:00-05:00,249.36559041690217,250.5160484540345,244.91708537967716,248.62734985351562,2863200,0.0,0.0
2022-01-07 00:00:00-05:00,249.02041471884488,250.46810576451767,246.1154652270964,248.7903289794922,2245100,0.0,0.0
2022-01-10 00:00:00-05:00,247.53440806384162,249.42310662474915,245.32932696628401,249.37515258789062,2576700,0.0,0.0
2022-01-11 00:00:00-05:00,250.79404394088218,251.58020914513685,246.4510005186878,251.49392700195312,2294000,0.0,0.0
2022-01-12 00:00:00-05:00,242.4627105085829,246.81535109419102,240.61236939855831,245.3580780029297,6562800,0.0,0.0
2022-01-13 00:00:00-05:00,243.584431504262,244.95540778223307,238.29224012453466,239.3660125732422,3726500,0.0,0.0
2022-01-14 00:00:00-05:00,239.82618173623064,240.20008566099966,232.87539276956295,234.0450439453125,2894300,0.0,0.0
2022-01-18 00:00:00-05:00,232.731602774954,238.26347648184657,232.0988377487128,236.87332153320312,3241200,0.0,0.0
2022-01-19 00:00:00-05:00,236.16386400122013,240.07548252268134,234.6298907903932,234.9366912841797,2487600,0.0,0.0
2022-01-20 00:00:00-05:00,235.44481659777597,237.7170010653358,232.49192767837462,233.09593200683594,2655400,0.0,0.0
2022-01-21 00:00:00-05:00,236.6911935962321,237.6499232985771,232.12763085047513,233.02883911132812,2788600,0.0,0.0
2022-01-24 00:00:00-05:00,232.53984018950985,233.69989467746834,223.07717019725828,230.49774169921875,3712800,0.0,0.0
2022-01-25 00:00:00-05:00,227.0367353136466,231.56193981883104,225.41648008403354,229.57737731933594,2525100,0.0,0.0
2022-01-26 00:00:00-05:00,229.7403820261586,232.424813241439,226.1739066926541,228.04342651367188,2913200,0.0,0.0
2022-01-27 00:00:00-05:00,230.07589223331232,233.23012035609105,226.03005273266797,226.950439453125,2178500,0.0,0.0
2022-01-28 00:00:00-05:00,227.68870144685616,235.09967727187367,225.34939884649077,234.98463439941406,3081100,0.0,0.0
2022-01-31 00:00:00-05:00,233.23016264788126,235.358543610144,231.9358717876487,235.26266479492188,3237100,0.0,0.0
2022-02-01 00:00:00-05:00,236.85413772394978,238.57025717783145,233.22054454530164,238.0333709716797,2449400,0.0,0.0
2022-02-02 00:00:00-05:00,235.2243152565235,241.48481842862444,233.95878515157642,240.4781494140625,2586700,0.0,0.0
2022-02-03 00:00:00-05:00,237.28555825814573,237.87996588440495,231.14969512854566,234.70657348632812,3473600,0.0,0.0
2022-02-04 00:00:00-05:00,232.7028334451408,234.0258848821198,231.26473914548595,232.2714080810547,3569300,0.0,0.0
2022-02-07 00:00:00-05:00,232.40564503638038,233.95878230166642,230.38272500227387,233.49859619140625,3948300,0.0,0.0
2022-02-08 00:00:00-05:00,231.91666671732438,232.86581421546242,227.66950193488543,230.00880432128906,2615000,0.0,0.0
2022-02-09 00:00:00-05:00,231.30310763559407,234.37105418624853,231.1113646334415,233.23016357421875,1759900,0.0,0.0
2022-02-10 00:00:00-05:00,229.99923392142745,234.016313438604,228.28311430904975,229.74996948242188,2283100,0.0,0.0
2022-02-11 00:00:00-05:00,229.3568822954063,230.69911253732064,225.157656518567,226.01092529296875,2054300,0.0,0.0
2022-02-14 00:00:00-05:00,225.27923993299632,228.05191220224125,223.22861650969045,225.9435272216797,2572000,0.98,0.0
2022-02-15 00:00:00-05:00,227.830488542766,235.66712528695555,227.830488542766,234.75253295898438,3409600,0.0,0.0
2022-02-16 00:00:00-05:00,233.53944784230652,237.81397876306508,233.53944784230652,236.42764282226562,2459000,0.0,0.0
2022-02-17 00:00:00-05:00,236.42766539950625,236.43728742858198,231.45034400489058,231.98947143554688,2059100,0.0,0.0
2022-02-18 00:00:00-05:00,229.1494156932776,233.39505155453156,229.1494156932776,231.35406494140625,2517900,0.0,0.0
2022-02-22 00:00:00-05:00,230.2950989263113,231.88360064845372,228.66807970259254,230.21807861328125,2936700,0.0,0.0
2022-02-23 00:00:00-05:00,231.5851285638772,233.63573723010555,229.1494183783161,229.42860412597656,2296300,0.0,0.0
2022-02-24 00:00:00-05:00,226.41526837120009,234.83917201924208,225.27925184477994,234.02085876464844,3272300,0.0,0.0
2022-02-25 00:00:00-05:00,234.75247781436622,243.47482405704247,234.64657674715434,241.50123596191406,2442200,0.0,0.0
2022-02-28 00:00:00-05:00,236.9668206058186,240.74072775288536,235.47458327740733,240.63482666015625,3188800,0.0,0.0
2022-03-01 00:00:00-05:00,238.3338969618769,241.01029035803637,236.29291011908188,240.20159912109375,2873200,0.0,0.0
2022-03-02 00:00:00-05:00,240.56739731494076,246.92143228996844,239.77795028471917,244.697509765625,2452000,0.0,0.0
2022-03-03 00:00:00-05:00,245.3329559217902,249.90591745995812,244.90935156285536,249.0009765625,3153700,0.0,0.0
2022-03-04 00:00:00-05:00,246.66153566209766,253.6413420443314,245.99726298059545,253.07333374023438,3497100,0.0,0.0
2022-03-07 00:00:00-05:00,250.17554513638274,253.80506389483753,248.25008096922426,251.8892364501953,3074800,0.0,0.0
2022-03-08 00:00:00-05:00,250.24288940429688,255.4127548760669,249.2609134679521,250.24288940429688,3482600,0.0,0.0
2022-03-09 00:00:00-05:00,253.48726534237056,257.80995100325265,252.30312405903288,252.9962921142578,2965900,0.0,0.0
2022-03-10 00:00:00-05:00,253.04444615816448,257.7522191975023,253.04444615816448,256.1059265136719,2797200,0.0,0.0
2022-03-11 00:00:00-05:00,255.19131649378448,261.59347686737885,255.19131649378448,256.3754577636719,2469600,0.0,0.0
2022-03-14 00:00:00-04:00,258.9651557630877,260.8039765884844,257.3574104931856,258.97479248046875,2713800,0.0,0.0
2022-03-15 00:00:00-04:00,259.81242459306793,266.1760970302885,259.81242459306793,265.194091796875,4396900,0.0,0.0
2022-03-16 00:00:00-04:00,267.4950592387563,268.22671549036994,262.83544045639405,266.1376037597656,3148600,0.0,0.0
2022-03-17 00:00:00-04:00,266.68628828600504,275.23534954253705,266.1471609437225,274.8695068359375,3270100,0.0,0.0
2022-03-18 00:00:00-04:00,275.18726161825657,280.4919233811955,274.2437738518887,276.9201965332031,4557900,0.0,0.0
2022-03-21 00:00:00-04:00,277.0357016735784,284.3235587944775,277.0357016735784,278.84564208984375,3495700,0.0,0.0
2022-03-22 00:00:00-04:00,278.8745538503838,279.731369937387,272.82859887895455,274.3978271484375,3791600,0.0,0.0
2022-03-23 00:00:00-04:00,273.820163233276,277.44001444925067,272.7900332622962,273.5987243652344,3149200,0.0,0.0
2022-03-24 00:00:00-04:00,275.62047369776235,278.08506456263706,274.05121628562335,276.9682922363281,2412400,0.0,0.0
2022-03-25 00:00:00-04:00,277.74810833138787,280.78070745098563,275.8996504543546,278.24871826171875,2399800,0.0,0.0
2022-03-28 00:00:00-04:00,280.4726567925818,281.55094114344655,277.56521718392736,280.7903747558594,2195000,0.0,0.0
2022-03-29 00:00:00-04:00,281.1465400602914,282.2151875359802,276.86237219924084,277.6422119140625,2798100,0.0,0.0
2022-03-30 00:00:00-04:00,279.7505309569901,281.39682312061,277.25705967822614,279.0862731933594,2220100,0.0,0.0
2022-03-31 00:00:00-04:00,278.5856744215869,280.92510546089653,275.2642676001602,275.6974792480469,3227600,0.0,0.0
2022-04-01 00:00:00-04:00,275.4856659199116,282.21518037987835,273.41579867220855,281.7626953125,3066200,0.0,0.0
2022-04-04 00:00:00-04:00,281.83971593688347,283.986618286748,280.1068105628094,280.5592956542969,3014100,0.0,0.0
2022-04-05 00:00:00-04:00,280.8481235902563,284.804937209959,278.3257709596561,281.58941650390625,2324200,0.0,0.0
2022-04-06 00:00:00-04:00,285.05525934273777,295.13506261268833,283.78444629672697,294.44189453125,4672900,0.0,0.0
2022-04-07 00:00:00-04:00,293.6332007273638,302.2977869783352,293.6332007273638,296.93536376953125,4270800,0.0,0.0
2022-04-08 00:00:00-04:00,296.5214002936126,300.7381703622633,296.47327545475326,300.0738830566406,3024700,0.0,0.0
2022-04-11 00:00:00-04:00,301.4216739050628,302.0667170916506,296.5694977580272,297.4455871582031,2178100,0.0,0.0
2022-04-12 00:00:00-04:00,295.15426065811926,298.07133642518846,292.8437105402828,296.5983581542969,2688100,0.0,0.0
2022-04-13 00:00:00-04:00,295.828162671318,296.81013831912514,289.21420132937516,291.3899841308594,2528700,0.0,0.0
2022-04-14 00:00:00-04:00,292.42980683724807,293.122974961998,289.0024837149414,290.6102294921875,1898100,0.0,0.0
2022-04-18 00:00:00-04:00,289.84977157611405,290.8028669901889,285.73888654721935,287.6836242675781,1581400,0.0,0.0
2022-04-19 00:00:00-04:00,287.28876697551544,288.5210623628066,282.8505586094092,285.9409484863281,2021700,0.0,0.0
2022-04-20 00:00:00-04:00,285.95056398640276,287.85678336281563,281.4064691072718,282.0033874511719,2608600,0.0,0.0
2022-04-21 00:00:00-04:00,282.00334949212953,282.51359605821244,275.97664035367995,278.8166809082031,2716800,0.0,0.0
2022-04-22 00:00:00-04:00,278.5183077939654,278.8263890320706,268.02453668054966,268.3422546386719,2772600,0.0,0.0
2022-04-25 00:00:00-04:00,268.36147443767726,275.29315476717744,266.5130165563968,274.57110595703125,2410200,0.0,0.0
2022-04-26 00:00:00-04:00,275.51458619568444,279.3943942691475,272.25094059177326,272.2894287109375,2166600,0.0,0.0
2022-04-27 00:00:00-04:00,272.54935274377596,277.39189206572166,270.13288675206735,274.4651794433594,2352100,0.0,0.0
2022-04-28 00:00:00-04:00,284.95898859677027,289.31055532726253,277.80589805983846,286.1912841796875,5886900,0.0,0.0
2022-04-29 00:00:00-04:00,284.7664300689591,286.22977173927666,278.3642698634881,281.2428283691406,3910900,0.0,0.0
2022-05-02 00:00:00-04:00,280.3764521319751,281.92643655606224,273.68545295135556,278.7686767578125,2789900,0.0,0.0
2022-05-03 00:00:00-04:00,277.873233805244,279.00925007222554,273.52166805406284,277.3341064453125,2109500,0.0,0.0
2022-05-04 00:00:00-04:00,277.74812918135586,285.9121055657232,273.5313591224083,283.90960693359375,2743600,0.0,0.0
2022-05-05 00:00:00-04:00,282.48479354561294,283.99626022750135,277.55558177341993,281.4739074707031,3120200,0.0,0.0
2022-05-06 00:00:00-04:00,279.355886575485,287.13474623692764,277.7673556738368,285.8350524902344,2931200,0.0,0.0
2022-05-09 00:00:00-04:00,282.5714186430917,283.93848133949587,275.9670632495394,278.450927734375,3460500,0.0,0.0
2022-05-10 00:00:00-04:00,281.1177200838555,282.4944196754728,274.37859665718776,275.0525207519531,3140800,0.0,0.0
2022-05-11 00:00:00-04:00,273.09817542614553,283.5245491448074,272.4531321153837,276.005615234375,2625200,0.0,0.0
2022-05-12 00:00:00-04:00,272.7708004854092,281.1080617816739,272.7708004854092,280.9251403808594,2370000,0.0,0.0
2022-05-13 00:00:00-04:00,282.6735871713804,282.83778659785736,276.76181823319683,281.7076110839844,2337700,0.98,0.0
2022-05-16 00:00:00-04:00,282.171214307333,298.9115936556211,281.67858662971446,289.1938781738281,5118300,0.0,0.0
2022-05-17 00:00:00-04:00,289.79278118521404,293.0770934761306,283.40769438980465,291.1451416015625,2553000,0.0,0.0
2022-05-18 00:00:00-04:00,289.7927959948664,292.3043394560048,284.02591817539866,285.1464538574219,2161400,0.0,0.0
2022-05-19 00:00:00-04:00,283.59121991609476,283.59121991609476,274.69458924771135,276.5299377441406,3157400,0.0,0.0
2022-05-20 00:00:00-04:00,280.83819537473505,289.05863057022754,279.08978128338055,288.6819152832031,3129100,0.0,0.0
2022-05-23 00:00:00-04:00,290.3724300675871,294.5454540169319,289.1649599071923,292.30438232421875,2873600,0.0,0.0
2022-05-24 00:00:00-04:00,293.3766025330694,297.2018892374287,289.5996323228181,295.550048828125,2804900,0.0,0.0
2022-05-25 00:00:00-04:00,296.55457031060513,299.8582205142477,294.27488157486596,296.5642395019531,3195700,0.0,0.0
2022-05-26 00:00:00-04:00,294.8448666665439,303.2295313162855,293.27996077562136,302.7948303222656,3284200,0.0,0.0
2022-05-27 00:00:00-04:00,302.0124010351157,313.05350002509175,300.669709677506,312.47393798828125,3694300,0.0,0.0
2022-05-31 00:00:00-04:00,305.85697842136204,307.6247014890226,298.5155550977401,302.7755126953125,6298900,0.0,0.0
2022-06-01 00:00:00-04:00,302.77556866653225,303.21990944405974,295.1926499467942,300.495849609375,2731500,0.0,0.0
2022-06-02 00:00:00-04:00,300.0031334260494,300.09973690902865,288.0250385177227,292.14007568359375,3703300,0.0,0.0
2022-06-03 00:00:00-04:00,291.8792537752811,295.40505957974995,290.468937349342,291.3865966796875,2490000,0.0,0.0
2022-06-06 00:00:00-04:00,304.40800802838413,304.40800802838413,292.77764925259146,293.0384521484375,3734400,0.0,0.0
2022-06-07 00:00:00-04:00,293.64696963350104,301.52933558156815,292.709971942292,301.4810485839844,3652800,0.0,0.0
2022-06-08 00:00:00-04:00,301.7998897683786,304.76544331239705,300.23501328643385,302.8238220214844,2684500,0.0,0.0
2022-06-09 00:00:00-04:00,300.99809455452066,301.30721391571007,292.79693916616907,292.93218994140625,1963300,0.0,0.0
2022-06-10 00:00:00-04:00,289.0490089134665,291.39632351699277,286.76929022566975,286.904541015625,2469800,0.0,0.0
2022-06-13 00:00:00-04:00,280.5483908568931,283.1855158389916,278.69373352293655,281.3694763183594,2898800,0.0,0.0
2022-06-14 00:00:00-04:00,279.3313027407174,282.0650019462446,277.51526308000007,280.89617919921875,2422600,0.0,0.0
2022-06-15 00:00:00-04:00,281.678609947056,286.2573267935412,278.71305652622976,283.02130126953125,1970100,0.0,0.0
2022-06-16 00:00:00-04:00,280.32624082682145,280.32624082682145,273.4774451957005,278.2687072753906,2628600,0.0,0.0
2022-06-17 00:00:00-04:00,280.1427075828233,290.7491051351285,279.8239189962771,281.0024108886719,6900000,0.0,0.0
2022-06-21 00:00:00-04:00,282.4320644664322,289.0972928967106,280.43248709357437,287.2232971191406,2821300,0.0,0.0
2022-06-22 00:00:00-04:00,286.85626024875165,299.1144995659493,286.34429408448636,296.2552185058594,4535700,0.0,0.0
2022-06-23 00:00:00-04:00,298.96954297506767,302.5339964273588,296.73814099003926,302.0799865722656,3729300,0.0,0.0
2022-06-24 00:00:00-04:00,308.6775957077421,314.73428363727123,308.1559899321742,314.54107666015625,5449900,0.0,0.0
2022-06-27 00:00:00-04:00,313.1984634411117,319.5932209540991,311.04432597478007,316.135009765625,3218900,0.0,0.0
2022-06-28 00:00:00-04:00,315.41050536341527,317.87376210443483,305.98259867916624,306.8133239746094,2742900,0.0,0.0
2022-06-29 00:00:00-04:00,307.33493351525755,313.65242492903496,306.8422763125723,312.01025390625,2562500,0.0,0.0
2022-06-30 00:00:00-04:00,311.1698393722717,315.9224245666394,309.1219750625648,313.1983947753906,2732900,0.0,0.0
2022-07-01 00:00:00-04:00,312.86036213635435,314.3286352810109,306.94859277804284,313.662109375,1817800,0.0,0.0
2022-07-05 00:00:00-04:00,311.46934773304935,316.28955921961114,308.0787620614266,316.0480651855469,2107700,0.0,0.0
2022-07-06 00:00:00-04:00,316.8401192233015,321.4188359031084,315.6326492567493,318.9169616699219,2252500,0.0,0.0
2022-07-07 00:00:00-04:00,316.1156141584435,319.2550358422172,315.1399690633585,316.79180908203125,2395000,0.0,0.0
2022-07-08 00:00:00-04:00,315.4393752027197,323.1382032517271,315.06265998245993,319.22601318359375,1898200,0.0,0.0
2022-07-11 00:00:00-04:00,319.3613548518728,321.360932520142,318.2215100911283,319.80572509765625,1342600,0.0,0.0
2022-07-12 00:00:00-04:00,318.77207936286834,320.6943621656669,312.35798458564915,312.5801696777344,2058200,0.0,0.0
2022-07-13 00:00:00-04:00,311.05388447501105,313.63302341634545,309.91401059863,311.4885559082031,2564200,0.0,0.0
2022-07-14 00:00:00-04:00,306.7360618233717,316.6083388338608,304.77513150180033,315.7679443359375,2615700,0.0,0.0
2022-07-15 00:00:00-04:00,320.67503333352397,323.92069833533276,317.00433656063365,320.317626953125,3340300,0.0,0.0
2022-07-18 00:00:00-04:00,318.8879879015128,320.6750493721341,308.83217434596304,310.82208251953125,2116300,0.0,0.0
2022-07-19 00:00:00-04:00,313.06315472859046,316.24122398649934,310.8897087534023,315.10137939453125,1628100,0.0,0.0
2022-07-20 00:00:00-04:00,315.9610782648195,316.66625133941,309.4117623305961,311.0732421875,2051000,0.0,0.0
2022-07-21 00:00:00-04:00,310.5129852997872,316.88840307633177,308.8321670771873,315.796875,1692100,0.0,0.0
2022-07-22 00:00:00-04:00,315.8258000270892,318.0185544835156,314.7438823670687,317.5645446777344,1850800,0.0,0.0
2022-07-25 00:00:00-04:00,317.5646269915125,320.96485208091457,316.89810115750976,320.26934814453125,1741700,0.0,0.0
2022-07-26 00:00:00-04:00,319.72834785370304,321.25460625613584,317.429320537117,320.2789611816406,1812300,0.0,0.0
2022-07-27 00:00:00-04:00,317.7869078059438,319.6125877642714,314.12584921324145,317.7482604980469,1643000,0.0,0.0
2022-07-28 00:00:00-04:00,319.0038861522383,322.2399114588547,310.7930906323813,319.5448303222656,2350900,0.0,0.0
2022-07-29 00:00:00-04:00,319.7959774744557,319.7959774744557,315.70024911257735,318.47259521484375,3399900,0.0,0.0
2022-08-01 00:00:00-04:00,316.3667573901676,319.18739033992665,312.4545375432217,313.1210632324219,2464300,0.0,0.0
2022-08-02 00:00:00-04:00,316.0576427587316,317.7867477955743,308.49403529606235,309.30548095703125,3405700,0.0,0.0
2022-08-03 00:00:00-04:00,309.72087587624924,310.0589733571214,299.6650626242054,303.1522216796875,5152200,0.0,0.0
2022-08-04 00:00:00-04:00,299.6457608326043,299.69404783991257,291.95657080559386,295.38580322265625,4696300,0.0,0.0
2022-08-05 00:00:00-04:00,292.1884679678319,294.93183661654575,290.0922868124167,291.06793212890625,2814300,0.0,0.0
2022-08-08 00:00:00-04:00,290.4207020312548,295.7045923584749,286.4408853055278,292.207763671875,3218900,0.0,0.0
2022-08-09 00:00:00-04:00,294.7095685396007,296.2648049873105,291.04851181390495,292.7099914550781,2122900,0.0,0.0
2022-08-10 00:00:00-04:00,294.13966744344015,296.68018882802176,292.2946498999636,294.24591064453125,2351000,0.0,0.0
2022-08-11 00:00:00-04:00,290.7878143674767,295.0284640364031,289.43545358304544,290.9230651855469,2198800,0.0,0.0
2022-08-12 00:00:00-04:00,293.5687748987324,298.96680472461554,291.99875997789206,298.5694580078125,2305100,0.98,0.0
2022-08-15 00:00:00-04:00,299.6645717672842,304.89786597915975,297.82323134141006,304.2485656738281,2795800,0.0,0.0
2022-08-16 00:00:00-04:00,304.23877334152417,304.6651926266001,300.0715289174865,300.73052978515625,2248000,0.0,0.0
2022-08-17 00:00:00-04:00,300.43990208528385,310.7029818653361,300.43990208528385,307.0396728515625,2747200,0.0,0.0
2022-08-18 00:00:00-04:00,306.97176068946294,309.11352854447165,304.5004923625671,306.94268798828125,2261600,0.0,0.0
2022-08-19 00:00:00-04:00,307.7083373254661,315.6939554685579,307.69863656567037,312.8059387207031,3393100,0.0,0.0
2022-08-22 00:00:00-04:00,312.3310391716835,315.71329150111785,310.4993998833467,313.125732421875,2488000,0.0,0.0
2022-08-23 00:00:00-04:00,311.3232442655286,311.90472805460894,304.1807624455351,305.372802734375,2962000,0.0,0.0
2022-08-24 00:00:00-04:00,306.7004619394061,310.95492572948984,305.4890498752437,309.0263671875,1827000,0.0,0.0
2022-08-25 00:00:00-04:00,310.70292305695796,313.38740111996094,306.08015642195164,313.1645202636719,1977900,0.0,0.0
2022-08-26 00:00:00-04:00,313.6005896076004,314.56971904039085,305.53742562866796,305.8184814453125,1858000,0.0,0.0
2022-08-29 00:00:00-04:00,303.6670258768148,305.149792789224,300.1200084524178,300.57550048828125,1697000,0.0,0.0
2022-08-30 00:00:00-04:00,300.56583073673164,302.3393246696367,296.56332125740363,297.5615234375,1980300,0.0,0.0
2022-08-31 00:00:00-04:00,297.6584052230116,299.2865354463945,291.8145268016006,291.93084716796875,3183500,0.0,0.0
2022-09-01 00:00:00-04:00,291.70797808633966,299.85836069089993,291.2234133386879,299.5870056152344,2939200,0.0,0.0
2022-09-02 00:00:00-04:00,300.5368208037494,300.6434404584245,290.5063512770499,292.0278625488281,2525400,0.0,0.0
2022-09-06 00:00:00-04:00,293.5978011111067,303.17277596433297,292.90002667084264,297.34832763671875,2322200,0.0,0.0
2022-09-07 00:00:00-04:00,299.2380904945025,302.7560351402512,295.4681923023543,301.9807434082031,2228100,0.0,0.0
2022-09-08 00:00:00-04:00,302.3200080452425,305.98331696221607,298.09458736546645,305.7604064941406,2212500,0.0,0.0
2022-09-09 00:00:00-04:00,306.68104417152534,310.28620711883536,305.48900423131903,307.8924560546875,2177000,0.0,0.0
2022-09-12 00:00:00-04:00,309.045701211081,310.5575407709201,305.1594826938687,305.4889831542969,2077400,0.0,0.0
2022-09-13 00:00:00-04:00,300.43979366939567,302.6687793027437,295.5747454945792,297.0187683105469,2272400,0.0,0.0
2022-09-14 00:00:00-04:00,297.72621949724555,302.1842204248105,296.45666241408094,300.0521240234375,2002900,0.0,0.0
2022-09-15 00:00:00-04:00,300.1490855192706,302.6397554021438,296.3113410270067,299.91650390625,2348100,0.0,0.0
2022-09-16 00:00:00-04:00,298.4628494088328,302.3296671175211,297.27080933243406,299.3544616699219,4380200,0.0,0.0
2022-09-19 00:00:00-04:00,297.01879598773303,297.0575398702766,288.46136662672495,295.67169189453125,2515300,0.0,0.0
2022-09-20 00:00:00-04:00,294.4409742240329,294.4409742240329,289.71161685034286,292.4154968261719,1816800,0.0,0.0
2022-09-21 00:00:00-04:00,291.70803115205604,295.1290577097898,287.17251138707866,287.32757568359375,2241200,0.0,0.0
2022-09-22 00:00:00-04:00,291.5141141558585,302.9595301006419,290.7000490020298,301.27325439453125,5918300,0.0,0.0
2022-09-23 00:00:00-04:00,302.2424088952668,305.45022513668147,295.7007848468345,301.8450622558594,4572600,0.0,0.0
2022-09-26 00:00:00-04:00,299.26727269088957,302.1068455039092,295.46830040820976,298.0074157714844,3760000,0.0,0.0
2022-09-27 00:00:00-04:00,299.6064013243664,304.2582410161231,298.80203679267146,301.4962158203125,3019600,0.0,0.0
2022-09-28 00:00:00-04:00,323.23379008799316,331.1515918299104,317.97142352676445,324.05755615234375,9436300,0.0,0.0
2022-09-29 00:00:00-04:00,323.66016254120643,324.3482361673211,317.1669834172445,319.8224182128906,3743100,0.0,0.0
2022-09-30 00:00:00-04:00,317.0507224059792,319.3378834946551,312.4667586200655,313.3680419921875,4474100,0.0,0.0
2022-10-03 00:00:00-04:00,315.92650283731007,319.1827931984106,307.26248310885194,311.6235656738281,3340500,0.0,0.0
2022-10-04 00:00:00-04:00,312.23410666642235,319.9096246179149,311.8464608169592,319.70611572265625,2622500,0.0,0.0
2022-10-05 00:00:00-04:00,318.1652296894217,323.54391661057144,317.40930979907756,321.5378112792969,2186100,0.0,0.0
2022-10-06 00:00:00-04:00,317.81631338079876,328.78686582467043,316.77933777385243,322.6716613769531,4299200,0.0,0.0
2022-10-07 00:00:00-04:00,322.69107187765263,322.7879907490809,314.87018920364096,316.57586669921875,2601600,0.0,0.0
2022-10-10 00:00:00-04:00,316.15914756480305,316.9150674399197,310.354041378811,313.8913879394531,1956200,0.0,0.0
2022-10-11 00:00:00-04:00,310.12142660918505,318.87266443329366,309.5690157199213,317.48681640625,2598900,0.0,0.0
2022-10-12 00:00:00-04:00,317.2736361855766,323.35006780492176,313.8816827672638,314.5503845214844,1764700,0.0,0.0
2022-10-13 00:00:00-04:00,309.2685893210106,323.0786841607465,309.2492173789361,321.847900390625,2657400,0.0,0.0
2022-10-14 00:00:00-04:00,321.32452546657356,324.93938859539594,318.0973377387952,321.1597900390625,2231400,0.0,0.0
2022-10-17 00:00:00-04:00,322.5165910104023,327.1586996817181,321.5086881229434,322.4875183105469,2230000,0.0,0.0
2022-10-18 00:00:00-04:00,323.82492913222893,324.9781659701108,320.1712921716313,324.68743896484375,2087100,0.0,0.0
2022-10-19 00:00:00-04:00,324.9006989692012,325.2689729499245,315.9071774484647,319.12469482421875,2419000,0.0,0.0
2022-10-20 00:00:00-04:00,320.9271835381581,321.20823933534734,315.8392543682062,318.9114074707031,1761200,0.0,0.0
2022-10-21 00:00:00-04:00,318.91147637487535,331.8590333019206,316.6824606068626,330.2502746582031,3274700,0.0,0.0
2022-10-24 00:00:00-04:00,333.5937968864708,340.9107136413693,333.5937968864708,337.1601867675781,3375900,0.0,0.0
2022-10-25 00:00:00-04:00,335.822765892155,341.45340629332577,332.45988512183476,340.46490478515625,2513100,0.0,0.0
2022-10-26 00:00:00-04:00,341.6181629655453,350.32095688486396,339.621758478509,346.81268310546875,2373500,0.0,0.0
2022-10-27 00:00:00-04:00,347.9078752247327,349.97212629901423,344.35118564809596,345.3299865722656,2347600,0.0,0.0
2022-10-28 00:00:00-04:00,349.19678132815454,350.8249119429217,346.0180374526857,348.78973388671875,2942100,0.0,0.0
2022-10-31 00:00:00-04:00,347.5783014124001,352.68563298428,339.64112816385125,350.912109375,4258200,0.0,0.0
2022-11-01 00:00:00-04:00,335.1540543444447,347.90780258432454,330.23088931591303,341.6956787109375,7013000,0.0,0.0
2022-11-02 00:00:00-04:00,343.2268750510161,351.9393389740387,339.3988020551558,344.0021667480469,3774400,0.0,0.0
2022-11-03 00:00:00-04:00,343.1300080275558,351.6292635814533,340.65873949141815,350.5147705078125,2602500,0.0,0.0
2022-11-04 00:00:00-04:00,353.9261765568084,354.5851776515002,342.43228299119585,346.37664794921875,3004600,0.0,0.0
2022-11-07 00:00:00-05:00,346.94835727375306,355.67052268007643,346.4637925289573,353.80010986328125,2560300,0.0,0.0
2022-11-08 00:00:00-05:00,353.87760850189113,357.3664803950822,350.7570105273541,355.34100341796875,3278600,0.0,0.0
2022-11-09 00:00:00-05:00,357.0661694641291,358.3841717353048,350.73775334405866,352.0557556152344,2323700,0.0,0.0
2022-11-10 00:00:00-05:00,355.9031105443663,357.6087879401603,351.79401090048293,357.3374328613281,2994000,0.0,0.0
2022-11-11 00:00:00-05:00,354.8564985855991,356.47492845852076,333.8845198039629,341.4243469238281,6646300,0.0,0.0
2022-11-14 00:00:00-05:00,348.9559877456043,350.63723939831664,330.539745529292,346.03076171875,4717400,0.98,0.0
2022-11-15 00:00:00-05:00,346.8860905765035,346.9346703657142,336.60408031868445,340.0929870605469,4180700,0.0,0.0
2022-11-16 00:00:00-05:00,340.14151983474005,346.8277350270551,340.1026382139512,342.9889831542969,3563800,0.0,0.0
2022-11-17 00:00:00-05:00,342.96953187596745,352.09502684144036,342.77515344434704,350.6081237792969,2929700,0.0,0.0
2022-11-18 00:00:00-05:00,352.33794546063353,354.3982557671498,349.22809851004587,351.4827575683594,2420900,0.0,0.0
2022-11-21 00:00:00-05:00,350.23891966565225,353.51399222911846,345.360298877447,350.9969482421875,1999200,0.0,0.0
2022-11-22 00:00:00-05:00,351.80353607463854,352.5809905895086,347.2359092403083,350.715087890625,2460400,0.0,0.0
2022-11-23 00:00:00-05:00,351.162070850038,352.2602466920171,348.52841218784755,351.5313720703125,1993000,0.0,0.0
2022-11-25 00:00:00-05:00,352.6780405122733,355.5255028792873,351.36606058591565,354.96185302734375,1039100,0.0,0.0
2022-11-28 00:00:00-05:00,353.2127161685715,359.10202178352506,350.831713452306,355.46734619140625,2481300,0.0,0.0
2022-11-29 00:00:00-05:00,354.34968928236674,355.79771073937667,350.481813517632,353.6985778808594,2207000,0.0,0.0
2022-11-30 00:00:00-05:00,354.7870809287965,361.86202399246514,351.60916803319674,360.6277770996094,5556400,0.0,0.0
2022-12-01 00:00:00-05:00,364.2332917182173,364.62201897951576,358.1107261353077,359.8988952636719,2516100,0.0,0.0
2022-12-02 00:00:00-05:00,355.7686292000487,364.4762746648055,354.71906255761337,364.20416259765625,1925600,0.0,0.0
2022-12-05 00:00:00-05:00,363.2323087742046,364.68033044250035,357.9066532983281,358.8882141113281,2296500,0.0,0.0
2022-12-06 00:00:00-05:00,356.66267080225356,360.2001567593954,355.22434744748386,358.1593017578125,1971000,0.0,0.0
2022-12-07 00:00:00-05:00,358.9173548936832,364.67058939219703,358.3731308102559,361.4927062988281,1629100,0.0,0.0
2022-12-08 00:00:00-05:00,362.74640579715765,362.74640579715765,356.17680503233447,361.31781005859375,2090900,0.0,0.0
2022-12-09 00:00:00-05:00,362.4936834470095,363.46551637850285,350.64703763946693,350.82196044921875,2787200,0.0,0.0
2022-12-12 00:00:00-05:00,352.7073143187269,357.4692896921733,352.2894332813032,356.9056396484375,2639200,0.0,0.0
2022-12-13 00:00:00-05:00,351.4439315294682,362.2409806638541,348.22716704743334,348.5575866699219,5032600,0.0,0.0
2022-12-14 00:00:00-05:00,348.8976804519577,359.0241609645093,347.00259475133794,353.2611999511719,5095500,0.0,0.0
2022-12-15 00:00:00-05:00,350.5012838900448,353.7180486606872,346.64310579773513,349.8695983886719,3437100,0.0,0.0
2022-12-16 00:00:00-05:00,347.84825326307794,350.3264457399964,345.1660137745725,349.7336120605469,6612200,0.0,0.0
2022-12-19 00:00:00-05:00,347.7314853401082,349.56826353384247,344.6216085746463,347.70233154296875,2658400,0.0,0.0
2022-12-20 00:00:00-05:00,348.40210598773797,351.2690249992281,346.3029432964684,349.510009765625,2276000,0.0,0.0
2022-12-21 00:00:00-05:00,352.4158206005867,360.2390647218242,351.0358046320775,357.644287109375,2211200,0.0,0.0
2022-12-22 00:00:00-05:00,356.9736572328075,359.3449318102823,352.0853390788299,355.020263671875,1958100,0.0,0.0
2022-12-23 00:00:00-05:00,354.5441511977193,357.5373840332031,352.2603375291889,357.5373840332031,1030300,0.0,0.0
2022-12-27 00:00:00-05:00,359.09231144890913,359.3158437269584,354.0679215382541,354.6024475097656,1372100,0.0,0.0
2022-12-28 00:00:00-05:00,355.8560839752672,357.64425304242053,353.6888858221798,354.9328308105469,996000,0.0,0.0
2022-12-29 00:00:00-05:00,357.7317251309566,360.50145504983544,356.1379048112128,356.68212890625,1077900,0.0,0.0
2022-12-30 00:00:00-05:00,357.13891899575543,357.585983553688,351.9104524276889,355.535400390625,1388000,0.0,0.0
2023-01-03 00:00:00-05:00,355.9435363457578,358.60634906779205,351.2787205143113,354.70928955078125,2006700,0.0,0.0
2023-01-04 00:00:00-05:00,354.36915903009856,356.7792856147229,350.1902598108462,352.8725280761719,1886200,0.0,0.0
2023-01-05 00:00:00-05:00,350.78309178749737,351.3078601917724,343.01812686706734,348.8102722167969,2008500,0.0,0.0
2023-01-06 00:00:00-05:00,349.85988013942534,356.371173105216,347.5080312289727,352.7170715332031,2131300,0.0,0.0
2023-01-09 00:00:00-05:00,353.74720473611757,354.68988391308005,338.96563341388094,339.976318359375,2980600,0.0,0.0
2023-01-10 00:00:00-05:00,339.16965281853516,343.2610606700763,333.66907552045706,342.81402587890625,2465200,0.0,0.0
2023-01-11 00:00:00-05:00,344.35926793114123,351.5702811343398,341.11334958803684,350.25830078125,2602800,0.0,0.0
2023-01-12 00:00:00-05:00,349.1309511700048,350.345742231835,343.1347294392975,349.0046081542969,2019700,0.0,0.0
2023-01-13 00:00:00-05:00,349.4420192341443,353.0766653747985,348.5382216095417,351.43426513671875,1690900,0.0,0.0
2023-01-17 00:00:00-05:00,351.43422980894036,351.80353107855507,346.50702959000586,347.66351318359375,2435200,0.0,0.0
2023-01-18 00:00:00-05:00,346.2835379984008,348.8880432928085,341.67702945991545,342.0949401855469,2302300,0.0,0.0
2023-01-19 00:00:00-05:00,342.4447432617309,345.77812288407046,340.5496869622075,341.1910705566406,2658300,0.0,0.0
2023-01-20 00:00:00-05:00,337.2260938294476,339.23779551286157,331.9587452509519,336.3222961425781,5391900,0.0,0.0
2023-01-23 00:00:00-05:00,336.84695069860396,336.84695069860396,330.6369545632957,332.5708923339844,3403100,0.0,0.0
2023-01-24 00:00:00-05:00,336.2541496821111,336.8664090929947,331.7448312424496,336.6331787109375,2242500,0.0,0.0
2023-01-25 00:00:00-05:00,335.8168057886768,339.92766913135125,335.3794988317856,339.87908935546875,2503300,0.0,0.0
2023-01-26 00:00:00-05:00,341.1133822570993,342.26013807668437,336.9636660330131,338.2076110839844,2576200,0.0,0.0
2023-01-27 00:00:00-05:00,336.36104928791906,338.2852889838251,331.91006793987435,332.4640197753906,2363600,0.0,0.0
2023-01-30 00:00:00-05:00,334.6312566529194,338.00351847835685,329.89843450698635,330.9091491699219,2647700,0.0,0.0
2023-01-31 00:00:00-05:00,331.08406756542087,334.6992876017523,329.82069649716124,334.4563293457031,2406700,0.0,0.0
2023-02-01 00:00:00-05:00,333.13461131114906,336.19587904410366,328.0130328975966,332.9208068847656,2990900,0.0,0.0
2023-02-02 00:00:00-05:00,324.59216834259564,325.85553917055563,308.07101007366117,321.3851318359375,13036600,0.0,0.0
2023-02-03 00:00:00-05:00,323.5717425838062,332.68750933399053,320.09256455175904,329.529052734375,5670700,0.0,0.0
2023-02-06 00:00:00-05:00,332.34746514702005,333.74690706126114,325.1947587344557,328.1491394042969,3055700,0.0,0.0
2023-02-07 00:00:00-05:00,326.58448493186484,331.3561887713289,323.31914011627543,330.11224365234375,2464100,0.0,0.0
2023-02-08 00:00:00-05:00,329.0237996322078,333.2123977635881,328.3046526557176,331.1326904296875,2399400,0.0,0.0
2023-02-09 00:00:00-05:00,331.28816750587845,337.5662004176479,330.90913839786964,332.1628112792969,3072800,0.0,0.0
2023-02-10 00:00:00-05:00,333.6010899066296,338.6157515452657,333.07632146134523,335.39898681640625,1980000,0.0,0.0
2023-02-13 00:00:00-05:00,336.7109165577816,340.9286674154026,336.2541539484686,340.53021240234375,2291600,0.0,0.0
2023-02-14 00:00:00-05:00,341.7684487876684,344.9663721844269,338.59001421965667,338.8630065917969,2028900,1.13,0.0
2023-02-15 00:00:00-05:00,337.19588599132226,338.19035206938145,325.9836476785678,326.62713623046875,3600700,0.0,0.0
2023-02-16 00:00:00-05:00,322.71739620776026,324.6088540220422,317.5695186910387,317.9107666015625,3654200,0.0,0.0
2023-02-17 00:00:00-05:00,315.0638049402155,323.2926130266113,312.48012189561,320.18243408203125,3695600,0.0,0.0
2023-02-21 00:00:00-05:00,318.9637815581289,323.4194344545871,318.1642931218829,319.3147888183594,2515600,0.0,0.0
2023-02-22 00:00:00-05:00,320.48468616204536,324.277361031013,318.1642361064938,320.835693359375,2379800,0.0,0.0
2023-02-23 00:00:00-05:00,319.8022829895941,324.5016505114023,317.54032872982054,319.32452392578125,2229500,0.0,0.0
2023-02-24 00:00:00-05:00,317.84256103230706,319.04179367645554,312.08044232164707,313.5916748046875,2594600,0.0,0.0
2023-02-27 00:00:00-05:00,314.5276086967723,315.3075784511074,307.9952504269447,308.6972351074219,3043500,0.0,0.0
2023-02-28 00:00:00-05:00,307.5954835996357,307.5954835996357,301.8918919640795,303.4323425292969,3966900,0.0,0.0
2023-03-01 00:00:00-05:00,302.242895704916,308.9799909183596,301.4629259401565,306.3085632324219,3580800,0.0,0.0
2023-03-02 00:00:00-05:00,303.9880989951934,308.3852252036942,302.7596184061096,307.16650390625,2885200,0.0,0.0
2023-03-03 00:00:00-05:00,308.4535548150151,312.14872700739505,307.35182573690594,310.4620056152344,3002800,0.0,0.0
2023-03-06 00:00:00-05:00,309.00919498005067,312.2266069933474,308.5802027444198,310.9786376953125,2673700,0.0,0.0
2023-03-07 00:00:00-05:00,311.01773228157083,312.3339574755574,301.8529523908336,302.857177734375,2620800,0.0,0.0
2023-03-08 00:00:00-05:00,302.73039867649754,305.197089623704,301.5799328047597,304.7193603515625,2313200,0.0,0.0
2023-03-09 00:00:00-05:00,304.49513437955864,310.79347891409685,304.49513437955864,308.9215393066406,3920300,0.0,0.0
2023-03-10 00:00:00-05:00,310.8715087105171,318.35932700847485,306.47435169843965,307.1373291015625,4597300,0.0,0.0
2023-03-13 00:00:00-04:00,309.3017761986663,323.49744271282225,309.3017761986663,316.370361328125,5275600,0.0,0.0
2023-03-14 00:00:00-04:00,315.9413530058679,319.09054010565666,313.39667676960465,318.88580322265625,4214300,0.0,0.0
2023-03-15 00:00:00-04:00,317.8425362629541,323.0683992644048,316.3800706053025,321.2257080078125,4743500,0.0,0.0
2023-03-16 00:00:00-04:00,319.4415795994486,323.3999850911548,316.90663264687186,321.2842712402344,3498200,0.0,0.0
2023-03-17 00:00:00-04:00,323.204885983218,326.5685686438945,319.88997002648534,320.94293212890625,8679800,0.0,0.0
2023-03-20 00:00:00-04:00,320.94296831371895,325.583869028747,320.7772388618628,325.25238037109375,3540900,0.0,0.0
2023-03-21 00:00:00-04:00,326.0225501352973,326.07128708025795,319.87041832902395,322.79534912109375,3240400,0.0,0.0
2023-03-22 00:00:00-04:00,323.4681411637157,327.20232011208935,322.3761715743441,322.68817138671875,2472200,0.0,0.0
2023-03-23 00:00:00-04:00,322.61019627542026,326.94882664412995,321.9471892151601,324.31640625,2703400,0.0,0.0
2023-03-24 00:00:00-04:00,324.657552355529,328.49896376853104,320.5431485973665,327.718994140625,2791900,0.0,0.0
2023-03-27 00:00:00-04:00,319.59755336850606,327.8068754888396,315.17117776167646,326.2274169921875,3102300,0.0,0.0
2023-03-28 00:00:00-04:00,327.39733601102125,330.35151577433334,326.34437371340067,329.2010498046875,2433200,0.0,0.0
2023-03-29 00:00:00-04:00,330.5172594638385,331.2679811706706,326.2078472959089,327.465576171875,2743800,0.0,0.0
2023-03-30 00:00:00-04:00,327.6605581100212,332.7694285455492,327.6605581100212,332.1649475097656,2146900,0.0,0.0
2023-03-31 00:00:00-04:00,333.4421187526698,335.05082477832104,332.16490132138813,334.82659912109375,2933600,0.0,0.0
2023-04-03 00:00:00-04:00,334.65111208895144,342.7434394313644,333.73463128446207,341.96343994140625,3039600,0.0,0.0
2023-04-04 00:00:00-04:00,343.2602796425626,350.01686547584256,342.48027991726764,345.7464599609375,3585900,0.0,0.0
2023-04-05 00:00:00-04:00,349.1198417880105,355.7204568357178,348.9736011507968,353.1757507324219,3442700,0.0,0.0
2023-04-06 00:00:00-04:00,355.7203868309359,360.2540242160196,355.1353946432615,359.0743103027344,3531700,0.0,0.0
2023-04-10 00:00:00-04:00,358.967055172124,359.1328143679184,353.95568843903044,357.81658935546875,1868000,0.0,0.0
2023-04-11 00:00:00-04:00,358.55761081486327,359.5715656410609,354.491942955361,354.9306945800781,2027000,0.0,0.0
2023-04-12 00:00:00-04:00,354.9111135080713,363.1204328629979,354.2383770040504,359.81524658203125,2672600,0.0,0.0
2023-04-13 00:00:00-04:00,363.2959435315365,366.1623784382296,361.0437489268403,365.76263427734375,2839900,0.0,0.0
2023-04-14 00:00:00-04:00,364.8753904415876,366.8936000139218,363.1886992395166,365.3531494140625,2287900,0.0,0.0
2023-04-17 00:00:00-04:00,365.6164595757864,366.4939331279796,361.87255060020357,363.03277587890625,2059700,0.0,0.0
2023-04-18 00:00:00-04:00,363.6664844791498,364.89496523484485,360.41006430120365,360.65380859375,1925300,0.0,0.0
2023-04-19 00:00:00-04:00,361.27778366697777,361.9895277227906,358.1578745302206,361.1997985839844,2173000,0.0,0.0
2023-04-20 00:00:00-04:00,362.09683815196377,366.6499655363712,360.5076203729199,365.4312438964844,2766500,0.0,0.0
2023-04-21 00:00:00-04:00,368.5511234295266,376.60441448724157,368.54136413672734,375.6001892089844,3682500,0.0,0.0
2023-04-24 00:00:00-04:00,375.60016805147615,377.3648742201347,372.0805150064085,373.7574768066406,2059700,0.0,0.0
2023-04-25 00:00:00-04:00,375.4149114155148,380.70905955405533,374.39119738673605,375.2101745605469,2648600,0.0,0.0
2023-04-26 00:00:00-04:00,371.58328994565176,371.953786026571,361.4045260289867,366.8546447753906,3161200,0.0,0.0
2023-04-27 00:00:00-04:00,381.46963038013456,388.55770468543943,371.2420982044732,380.5823974609375,4981300,0.0,0.0
2023-04-28 00:00:00-04:00,388.04087193964637,394.19297484058546,382.68825737309606,385.95440673828125,5350100,0.0,0.0
2023-05-01 00:00:00-04:00,387.31941419799074,397.1569296155565,382.4445286736902,395.65545654296875,4091100,0.0,0.0
2023-05-02 00:00:00-04:00,396.8157090927431,401.24211378571675,389.26939530103687,394.0857849121094,3884600,0.0,0.0
2023-05-03 00:00:00-04:00,404.64475665021786,423.33508130448945,403.942771927195,420.400390625,10129800,0.0,0.0
2023-05-04 00:00:00-04:00,420.6538677409934,421.87258907556117,414.5797498980896,417.71917724609375,4070700,0.0,0.0
2023-05-05 00:00:00-04:00,417.38773217898523,420.4783931438354,413.93630466813886,417.10498046875,2753400,0.0,0.0
2023-05-08 00:00:00-04:00,415.5353100096951,424.1150977874967,412.4153709519796,421.89215087890625,2478600,0.0,0.0
2023-05-09 00:00:00-04:00,420.9658933071724,424.7000726309622,417.3389769470187,417.6607360839844,2601600,0.0,0.0
2023-05-10 00:00:00-04:00,415.39876422427585,427.42024920604985,415.39876422427585,425.0120544433594,2766300,0.0,0.0
2023-05-11 00:00:00-04:00,425.7725231336288,425.9187637518464,420.33213410440845,424.6512756347656,2595900,0.0,0.0
2023-05-12 00:00:00-04:00,430.2622024892114,435.52122814129814,424.6512864133277,424.6610412597656,3939200,1.13,0.0
2023-05-15 00:00:00-04:00,425.579904821183,426.1957428924126,420.9856108126573,424.7392578125,2234800,0.0,0.0
2023-05-16 00:00:00-04:00,424.43625672370143,428.6200121580532,420.9758515340762,426.8311462402344,2128800,0.0,0.0
2023-05-17 00:00:00-04:00,428.93273921802364,429.07939004907104,422.9992573331275,427.6326599121094,2274200,0.0,0.0
2023-05-18 00:00:00-04:00,426.6943009227159,429.6365954000564,423.8399492231958,428.04327392578125,2268100,0.0,0.0
2023-05-19 00:00:00-04:00,429.1282519177136,437.44689796446835,429.1282519177136,432.4322509765625,3442800,0.0,0.0
2023-05-22 00:00:00-04:00,434.3188694784781,444.7196238138212,422.6669293236561,424.2309265136719,4398000,0.0,0.0
2023-05-23 00:00:00-04:00,423.1850966069181,426.08831247710725,412.03166559825655,413.69342041015625,4492100,0.0,0.0
2023-05-24 00:00:00-04:00,414.4656130885342,419.3140703983051,410.80972312288475,416.19580078125,3133000,0.0,0.0
2023-05-25 00:00:00-04:00,416.7920612882746,418.57114237916534,410.36000806161877,417.7011413574219,2882200,0.0,0.0
2023-05-26 00:00:00-04:00,415.34539191724775,421.96317599794014,414.14306965981797,416.21539306640625,2338400,0.0,0.0
2023-05-30 00:00:00-04:00,414.2602881081982,419.08920524491555,412.5691796932374,417.6326904296875,2595700,0.0,0.0
2023-05-31 00:00:00-04:00,417.39815172024674,420.87809645346834,414.47539669099683,419.8028259277344,3950900,0.0,0.0
2023-06-01 00:00:00-04:00,420.5946101195318,426.9680155225071,418.5027473027826,426.67474365234375,2914400,0.0,0.0
2023-06-02 00:00:00-04:00,430.06669086744904,434.7001236318545,426.9582061106127,432.3833923339844,2499000,0.0,0.0
2023-06-05 00:00:00-04:00,433.03831293424315,437.730363986099,431.7773126544153,434.2699890136719,2113800,0.0,0.0
2023-06-06 00:00:00-04:00,437.7597235560142,438.77634563754475,430.12534784483915,433.1067810058594,1495300,0.0,0.0
2023-06-07 00:00:00-04:00,430.3013571621083,436.6454087940446,425.8829780508843,426.5574645996094,2458300,0.0,0.0
2023-06-08 00:00:00-04:00,426.0784417575295,437.40781572354007,422.6180368118285,435.6385192871094,2040300,0.0,0.0
2023-06-09 00:00:00-04:00,439.19665187171313,439.19665187171313,432.64733158335935,436.0099792480469,2082000,0.0,0.0
2023-06-12 00:00:00-04:00,436.1174942006063,436.9386016824626,428.8154696379782,435.29638671875,2566600,0.0,0.0
2023-06-13 00:00:00-04:00,433.6933447481059,437.3394503139056,432.30526271771726,435.6972351074219,1766300,0.0,0.0
2023-06-14 00:00:00-04:00,434.29935848213574,438.68838331023505,433.5662235644085,437.6522216796875,2163300,0.0,0.0
2023-06-15 00:00:00-04:00,437.92591851571876,446.31296874007586,437.62289180682416,443.7225646972656,2287100,0.0,0.0
2023-06-16 00:00:00-04:00,445.5505037294095,446.70399197489945,437.437156118297,437.6424255371094,4295700,0.0,0.0
2023-06-20 00:00:00-04:00,435.83399753875534,444.65118521950797,435.100862678276,441.7870788574219,2506300,0.0,0.0
2023-06-21 00:00:00-04:00,444.27971573381234,445.100823179831,440.0861760708123,442.8134460449219,2347500,0.0,0.0
2023-06-22 00:00:00-04:00,444.76854669033503,451.86530271762,443.6150881683296,447.3882751464844,2912500,0.0,0.0
2023-06-23 00:00:00-04:00,446.72353504283825,449.6658593382726,442.1487803992943,448.52215576171875,4832100,0.0,0.0
2023-06-26 00:00:00-04:00,454.79783435372605,454.79783435372605,438.82527107332714,442.57891845703125,3214700,0.0,0.0
2023-06-27 00:00:00-04:00,452.09987463812524,457.45665794609175,441.5427435520832,454.0549011230469,4138700,0.0,0.0
2023-06-28 00:00:00-04:00,457.9747170077379,457.9942565323774,447.0363419579015,448.38531494140625,2854700,0.0,0.0
2023-06-29 00:00:00-04:00,448.7372153674456,455.35496911253324,447.22208181242144,454.04510498046875,2112400,0.0,0.0
2023-06-30 00:00:00-04:00,454.20146404483535,459.30408371104244,453.5660864847763,458.4341125488281,3173200,0.0,0.0
2023-07-03 00:00:00-04:00,455.7753809722986,455.7753809722986,447.0852730317148,451.0442199707031,2113200,0.0,0.0
2023-07-05 00:00:00-04:00,451.70888209897936,456.74306940707567,449.65609829268016,455.2279357910156,2130200,0.0,0.0
2023-07-06 00:00:00-04:00,452.7059421801199,457.0852123820678,451.239672270745,452.7939147949219,2191700,0.0,0.0
2023-07-07 00:00:00-04:00,451.9336955559457,453.1849113443127,441.09307700588454,441.9141845703125,2914700,0.0,0.0
2023-07-10 00:00:00-04:00,442.77439508467563,444.44596422722196,439.59747700985287,442.96990966796875,2011400,0.0,0.0
2023-07-11 00:00:00-04:00,439.880953042423,440.4283580641467,427.76954981628023,429.5095520019531,3570900,0.0,0.0
2023-07-12 00:00:00-04:00,428.6102442589028,434.3091334914803,425.22805670088036,430.6923522949219,3107800,0.0,0.0
2023-07-13 00:00:00-04:00,430.3306653465789,432.29544667806266,424.573098031065,424.9250183105469,2865100,0.0,0.0
2023-07-14 00:00:00-04:00,431.1810920881563,440.3208467627429,430.95625330578287,439.35308837890625,2955000,0.0,0.0
2023-07-17 00:00:00-04:00,439.34331921643025,440.4869929536951,433.29251012820504,437.08526611328125,2347900,0.0,0.0
2023-07-18 00:00:00-04:00,436.8995240976978,443.12627822946575,435.0324703596751,441.053955078125,2237000,0.0,0.0
2023-07-19 00:00:00-04:00,441.2494383374033,444.76849171061133,438.4733045183544,443.3608703613281,2212800,0.0,0.0
2023-07-20 00:00:00-04:00,444.915114897342,454.7586797127923,444.768493887602,453.3901672363281,2624200,0.0,0.0
2023-07-21 00:00:00-04:00,454.94445297242413,456.53780436994134,451.5818049489288,451.6502380371094,2226700,0.0,0.0
2023-07-24 00:00:00-04:00,451.61115309429977,455.1693158922673,447.37853355147786,448.9914245605469,2190700,0.0,0.0
2023-07-25 00:00:00-04:00,447.46639684419335,450.5553417553544,446.332478092147,447.2513427734375,1737800,0.0,0.0
2023-07-26 00:00:00-04:00,444.76846429886035,444.76846429886035,436.518251277887,443.3901672363281,1959800,0.0,0.0
2023-07-27 00:00:00-04:00,443.12629766428034,448.36575417623163,442.08035136499075,444.75872802734375,1883500,0.0,0.0
2023-07-28 00:00:00-04:00,444.89564300859405,449.2358045447199,441.6209674136724,448.1703186035156,1437600,0.0,0.0
2023-07-31 00:00:00-04:00,448.6981292977008,448.6981292977008,440.66296904579195,444.3286437988281,2110200,0.0,0.0
2023-08-01 00:00:00-04:00,445.1106174810437,447.0851832988291,441.2983221737678,442.90142822265625,1738200,0.0,0.0
2023-08-02 00:00:00-04:00,444.9933583109722,451.25922169332586,441.17127800295293,444.2602233886719,2366600,0.0,0.0
2023-08-03 00:00:00-04:00,440.643380999051,443.8887318492373,438.1800585755366,439.059814453125,2414100,0.0,0.0
2023-08-04 00:00:00-04:00,439.1379764607923,442.2953545199946,436.8408445358217,439.3823547363281,1870400,0.0,0.0
2023-08-07 00:00:00-04:00,443.0578787916872,444.76852697235006,440.44790529883045,443.86920166015625,2446400,0.0,0.0
2023-08-08 00:00:00-04:00,494.6216382978773,525.9020581111818,491.4056117830487,509.8708190917969,15094500,0.0,0.0
2023-08-09 00:00:00-04:00,508.66845539030425,520.5550473570105,505.266729106242,514.3966674804688,5376600,0.0,0.0
2023-08-10 00:00:00-04:00,511.6988697742207,516.8503840706502,508.29714250741324,509.6168212890625,4108500,0.0,0.0
2023-08-11 00:00:00-04:00,511.9432388938663,519.851347774203,508.3069180413479,516.4007568359375,2524300,0.0,0.0
2023-08-14 00:00:00-04:00,520.4464779508934,531.2417239044208,518.4578438230607,527.0294189453125,3981100,1.13,0.0
2023-08-15 00:00:00-04:00,526.7648982581876,536.1299538143447,522.8954922314606,535.4736328125,2826800,0.0,0.0
2023-08-16 00:00:00-04:00,536.2378811558199,541.5963125935383,531.4377741185189,535.1015014648438,2597100,0.0,0.0
2023-08-17 00:00:00-04:00,532.1332258307349,537.6092045938738,526.4318964249403,526.6963500976562,2549900,0.0,0.0
2023-08-18 00:00:00-04:00,524.1199743494386,536.6001773085658,523.0130119402954,535.2874755859375,2958600,0.0,0.0
2023-08-21 00:00:00-04:00,535.8361400776676,542.2134021244296,534.6214348860117,538.833740234375,2305400,0.0,0.0
2023-08-22 00:00:00-04:00,538.3242671737971,544.7602421576503,536.120148132858,542.3699951171875,1936600,0.0,0.0
2023-08-23 00:00:00-04:00,545.3677036529335,546.0338901564035,537.0312841932931,542.0762329101562,2121300,0.0,0.0
2023-08-24 00:00:00-04:00,541.4297958780692,545.6224904522082,536.139884440276,536.8256225585938,1776700,0.0,0.0
2023-08-25 00:00:00-04:00,538.4222450748906,544.7602836109929,535.9242552631872,542.3602905273438,1847600,0.0,0.0
2023-08-28 00:00:00-04:00,538.9121215656551,544.8877105270617,538.9023159124796,542.6248168945312,1373700,0.0,0.0
2023-08-29 00:00:00-04:00,542.1644497691439,545.0052791394523,538.6476282101562,542.6052856445312,1701200,0.0,0.0
2023-08-30 00:00:00-04:00,543.6926067233143,546.3767248594049,535.8850946871196,536.8157348632812,2191100,0.0,0.0
2023-08-31 00:00:00-04:00,535.8655261735545,546.0436142893619,531.9274803901712,542.8991088867188,3043400,0.0,0.0
2023-09-01 00:00:00-04:00,544.9758256086659,547.8069086154208,542.223128025815,545.7496948242188,2030800,0.0,0.0
2023-09-05 00:00:00-04:00,547.8265718492446,550.4715273827252,545.3579985031585,546.8078002929688,2257200,0.0,0.0
2023-09-06 00:00:00-04:00,549.5800487529344,550.1384328428559,541.4296978355297,548.5318603515625,2424300,0.0,0.0
2023-09-07 00:00:00-04:00,552.6854355258463,564.5582882012347,551.1474426900821,561.5410766601562,3707100,0.0,0.0
2023-09-08 00:00:00-04:00,560.6594669857824,575.569082779381,559.5720558821821,574.5013427734375,4308300,0.0,0.0
2023-09-11 00:00:00-04:00,575.1771078723561,585.9625463553632,572.5615103410616,583.4155883789062,3876500,0.0,0.0
2023-09-12 00:00:00-04:00,578.9191903845657,588.8720459494366,575.8628167331314,587.079345703125,3212100,0.0,0.0
2023-09-13 00:00:00-04:00,582.5340502143861,588.4998931670751,579.6344468927091,586.6680297851562,3126600,0.0,0.0
2023-09-14 00:00:00-04:00,587.0205598583852,589.5675777107316,577.9787929694157,579.546142578125,3244800,0.0,0.0
2023-09-15 00:00:00-04:00,579.9282782277008,581.9462695069383,563.3337065232789,563.9214477539062,5941200,0.0,0.0
2023-09-18 00:00:00-04:00,566.2138008165086,566.2138008165086,552.9008929289076,559.630859375,2723600,0.0,0.0
2023-09-19 00:00:00-04:00,559.9639811575223,566.6155034286844,558.9941780056329,563.2359008789062,2185100,0.0,0.0
2023-09-20 00:00:00-04:00,561.7273045199449,563.5200055030643,557.5835781105093,558.0244140625,1869900,0.0,0.0
2023-09-21 00:00:00-04:00,555.6242304893402,556.4177111012245,531.4376906204477,538.912109375,4049900,0.0,0.0
2023-09-22 00:00:00-04:00,537.6189560406341,544.1627338593485,536.4630251477728,539.3136596679688,2353800,0.0,0.0
2023-09-25 00:00:00-04:00,538.8827306924626,541.390526613507,534.6214566945885,541.028076171875,1686500,0.0,0.0
2023-09-26 00:00:00-04:00,539.4704269030636,542.8304769703632,536.8254719263366,538.7944946289062,1864300,0.0,0.0
2023-09-27 00:00:00-04:00,538.6770365300471,540.4403202127423,532.5838393912659,538.5496826171875,2004200,0.0,0.0
2023-09-28 00:00:00-04:00,540.0777447094634,540.430389406223,530.3600455030152,533.3478393554688,2178800,0.0,0.0
2023-09-29 00:00:00-04:00,534.3667607916469,534.9545619086435,521.3477821914851,526.17724609375,2967700,0.0,0.0
2023-10-02 00:00:00-04:00,525.0798785567289,529.6154699772086,516.0674698248458,527.3133544921875,2810100,0.0,0.0
2023-10-03 00:00:00-04:00,525.0701563201469,526.3828580187927,506.0363703284085,514.4805908203125,3266100,0.0,0.0
2023-10-04 00:00:00-04:00,514.8431484950728,525.2367825031026,512.9525108697067,520.6228637695312,2220400,0.0,0.0
2023-10-05 00:00:00-04:00,522.6603212926192,531.4376353756838,520.7696839766568,530.4384155273438,2950700,0.0,0.0
2023-10-06 00:00:00-04:00,532.9070704548881,554.8111040745855,531.6433969043312,553.6943359375,4745200,0.0,0.0
2023-10-09 00:00:00-04:00,552.5188523149425,567.9672390168142,552.0878221466453,560.1010131835938,4208100,0.0,0.0
2023-10-10 00:00:00-04:00,558.3768563486055,574.0016241992793,558.112342915251,567.4970092773438,3526700,0.0,0.0
2023-10-11 00:00:00-04:00,584.0426976218306,596.3759372228196,573.0808742765396,592.9375610351562,5850600,0.0,0.0
2023-10-12 00:00:00-04:00,593.1138197768672,600.500046788621,589.9202863073906,598.051025390625,4063500,0.0,0.0
2023-10-13 00:00:00-04:00,605.2903892560715,617.1240184282443,590.2729722536405,596.777587890625,3963800,0.0,0.0
2023-10-16 00:00:00-04:00,598.5309839928688,609.2968717720273,596.0231886406458,604.0657958984375,2941500,0.0,0.0
2023-10-17 00:00:00-04:00,606.3777189320558,607.749194878176,590.2435941084069,595.9057006835938,2911700,0.0,0.0
2023-10-18 00:00:00-04:00,594.8574829101562,603.3213150831538,590.9390487327197,594.8574829101562,2049100,0.0,0.0
2023-10-19 00:00:00-04:00,592.6632631060552,592.6632631060552,566.5469214892656,578.7528076171875,3493700,0.0,0.0
2023-10-20 00:00:00-04:00,577.969071512731,584.7479462542004,569.0350459024233,572.7183837890625,3666900,0.0,0.0
2023-10-23 00:00:00-04:00,574.1095106311503,576.3430473156307,564.3918084202094,564.8914184570312,2781900,0.0,0.0
2023-10-24 00:00:00-04:00,568.1730796869232,582.3970179872415,567.3012135424935,580.349609375,2633000,0.0,0.0
2023-10-25 00:00:00-04:00,584.7676228709016,587.4713524637319,573.9233473295213,574.5013427734375,2283300,0.0,0.0
2023-10-26 00:00:00-04:00,568.1729290107706,569.152537509065,554.6151210865303,556.5155639648438,2846500,0.0,0.0
2023-10-27 00:00:00-04:00,551.529431838968,559.1703667445441,545.2893300168673,548.8060913085938,2717400,0.0,0.0
2023-10-30 00:00:00-04:00,559.5621628679513,561.5213797631154,551.07872022918,554.17431640625,2290900,0.0,0.0
2023-10-31 00:00:00-04:00,557.3678742818125,557.9948381331174,536.4434490166644,542.6345825195312,3661400,0.0,0.0
2023-11-01 00:00:00-04:00,543.6828368103864,547.0428875278776,540.0191097828763,543.1538696289062,2935900,0.0,0.0
2023-11-02 00:00:00-04:00,566.5370367333194,585.2573420143254,560.3262921387691,568.45703125,5181300,0.0,0.0
2023-11-03 00:00:00-04:00,566.6350061299815,571.111824692231,555.614409169797,556.2315673828125,3056500,0.0,0.0
2023-11-06 00:00:00-05:00,559.4544260797913,585.521855366519,559.3662947918884,583.05322265625,3978500,0.0,0.0
2023-11-07 00:00:00-05:00,584.8264088837677,589.6656783773768,578.0965017255871,587.6966552734375,3168200,0.0,0.0
2023-11-08 00:00:00-05:00,595.2690442045947,613.1077415907553,580.10471944209,606.5051879882812,7776400,0.0,0.0
2023-11-09 00:00:00-05:00,602.2242366917519,603.0961027594619,571.5330802603764,579.26220703125,6279800,0.0,0.0
2023-11-10 00:00:00-05:00,582.867089878862,586.6483645491818,574.0506128890977,585.5218505859375,3645900,0.0,0.0
2023-11-13 00:00:00-05:00,582.2304033896196,606.1328794405538,566.3607903785409,600.216064453125,5744800,0.0,0.0
2023-11-14 00:00:00-05:00,596.9183685735553,604.5930689106876,591.4715075388013,599.4700927734375,3827600,1.13,0.0
2023-11-15 00:00:00-05:00,599.5291089055947,601.521357879742,573.5607464316384,577.6041870117188,4287000,0.0,0.0
2023-11-16 00:00:00-05:00,580.509143040489,584.032462420642,570.9403110123491,577.8102416992188,3030500,0.0,0.0
2023-11-17 00:00:00-05:00,581.4413890150163,585.1020607680131,576.2987657767279,580.7151489257812,2628200,0.0,0.0
2023-11-20 00:00:00-05:00,580.4502757653275,593.6208978889772,579.7142117435723,586.4957885742188,2827200,0.0,0.0
2023-11-21 00:00:00-05:00,587.3201955126848,590.3822169931165,580.7741497087985,581.5886840820312,1851600,0.0,0.0
2023-11-22 00:00:00-05:00,584.3366470320083,588.046378119295,575.8473523467544,584.0324096679688,2052200,0.0,0.0
2023-11-24 00:00:00-05:00,587.2415260735837,592.2860312545503,585.8871638280942,589.9306030273438,1341700,0.0,0.0
2023-11-27 00:00:00-05:00,589.9993419845681,592.4725357691752,580.1557455929224,580.5385131835938,2630700,0.0,0.0
2023-11-28 00:00:00-05:00,580.9998301827733,584.3170299512378,578.4088706178709,580.6072387695312,1793900,0.0,0.0
2023-11-29 00:00:00-05:00,581.1961354546644,583.4926215469108,573.5803171603294,580.8624267578125,1908600,0.0,0.0
2023-11-30 00:00:00-05:00,580.4699782777856,585.1513051667591,575.3175296375641,580.0577392578125,5658400,0.0,0.0
2023-12-01 00:00:00-05:00,580.7053829362126,590.7845109709884,572.1670293516158,573.1876831054688,3638600,0.0,0.0
2023-12-04 00:00:00-05:00,571.3132171444701,576.1810749881419,563.6581640080393,574.7972412109375,2577100,0.0,0.0
2023-12-05 00:00:00-05:00,572.4419312436154,580.8035778809924,568.6045505608805,577.221435546875,2157300,0.0,0.0
2023-12-06 00:00:00-05:00,579.7631462436386,582.8644622008098,573.5409865933275,578.3008422851562,2093100,0.0,0.0
2023-12-07 00:00:00-05:00,577.3489961340151,577.9279995969032,566.8772159379494,577.3391723632812,2095000,0.0,0.0
2023-12-08 00:00:00-05:00,578.0555516377028,587.1827325780906,573.9041701550542,586.9373779296875,2446800,0.0,0.0
2023-12-11 00:00:00-05:00,587.536017883061,590.0190356308578,556.8666874075242,573.1876831054688,5614100,0.0,0.0
2023-12-12 00:00:00-05:00,571.1856839807664,574.9641220191907,567.4268335836522,573.8944091796875,2846100,0.0,0.0
2023-12-13 00:00:00-05:00,572.4221924546872,587.5458259378142,571.4898328529616,586.3975830078125,3112500,0.0,0.0
2023-12-14 00:00:00-05:00,583.453341623569,583.453341623569,558.1229306515629,563.0103759765625,5275900,0.0,0.0
2023-12-15 00:00:00-05:00,561.4694662065201,563.0495954215106,551.2136914175986,561.4105834960938,5317000,0.0,0.0
2023-12-18 00:00:00-05:00,565.7584595756915,572.2162119685719,565.002807842166,568.9873657226562,3033900,0.0,0.0
2023-12-19 00:00:00-05:00,569.4681424978949,574.2378225163719,566.5238866986813,569.0363159179688,2192700,0.0,0.0
2023-12-20 00:00:00-05:00,565.7682002538,569.0854000598417,559.4380979261019,559.61474609375,2647100,0.0,0.0
2023-12-21 00:00:00-05:00,560.7923966090658,564.3157158698235,556.4840143205195,561.3714599609375,1786500,0.0,0.0
2023-12-22 00:00:00-05:00,562.3725789188821,565.1990696487717,556.8765980991877,559.7914428710938,2226100,0.0,0.0
2023-12-26 00:00:00-05:00,558.9179190655002,562.1271772072206,557.0924947596395,560.066162109375,1678700,0.0,0.0
2023-12-27 00:00:00-05:00,559.8992840694161,572.8343734001963,559.8992840694161,570.7047119140625,2163400,0.0,0.0
2023-12-28 00:00:00-05:00,571.166014717975,575.7885181882651,569.2228249322293,570.0570068359375,1973500,0.0,0.0
2023-12-29 00:00:00-05:00,572.0198555157729,575.2781727319685,568.7026555746296,572.0885620117188,2000100,0.0,0.0
2024-01-02 00:00:00-05:00,569.6252021651594,581.7064639842433,568.2904871074074,581.1961669921875,3226700,0.0,0.0
2024-01-03 00:00:00-05:00,588.8511685855802,608.3225402499337,587.6734542682013,606.2222900390625,5130300,0.0,0.0
2024-01-04 00:00:00-05:00,613.6417997308967,624.5845811144851,601.8746003718081,603.0817260742188,6272500,0.0,0.0
2024-01-05 00:00:00-05:00,602.5910754966069,608.420704909668,598.8518726847625,607.0565185546875,2404000,0.0,0.0
2024-01-08 00:00:00-05:00,610.8645003997594,614.4270554586108,598.2631164718149,614.3976440429688,2453900,0.0,0.0
2024-01-09 00:00:00-05:00,618.4017002591121,622.6316123067047,612.130420617242,613.8577270507812,2918900,0.0,0.0
2024-01-10 00:00:00-05:00,616.8118009156159,625.2127422066307,614.1325471557171,618.480224609375,2679100,0.0,0.0
2024-01-11 00:00:00-05:00,622.6022269535719,627.8724406099825,616.4683600442444,623.907470703125,2690300,0.0,0.0
2024-01-12 00:00:00-05:00,626.341365748971,632.0335816782884,621.2478007925098,630.9736328125,2067800,0.0,0.0
2024-01-16 00:00:00-05:00,631.9452247791098,635.6942510216641,621.8955078927626,622.77880859375,2413600,0.0,0.0
2024-01-17 00:00:00-05:00,627.5680661871834,628.6181911609063,613.5730289183027,617.223876953125,2124100,0.0,0.0
2024-01-18 00:00:00-05:00,609.7359107832484,612.287575744538,601.3153205693116,611.7673950195312,3385000,0.0,0.0
2024-01-19 00:00:00-05:00,610.8251626970741,617.8913888965175,608.479557767495,616.900146484375,3125000,0.0,0.0
2024-01-22 00:00:00-05:00,618.2938174041909,620.8847773009932,613.3867236152687,619.157470703125,2030200,0.0,0.0
2024-01-23 00:00:00-05:00,616.0267226471459,618.2937975086357,603.3958684329817,617.979736328125,2525000,0.0,0.0
2024-01-24 00:00:00-05:00,621.748339630539,631.2189933168579,620.2565641686366,621.9249877929688,2276900,0.0,0.0
2024-01-25 00:00:00-05:00,615.7126531342693,620.8552776058175,613.0726344004653,615.9580078125,2407900,0.0,0.0
2024-01-26 00:00:00-05:00,625.507228620196,627.7154208510054,618.784534011262,627.3719482421875,2410300,0.0,0.0
2024-01-29 00:00:00-05:00,629.5801101566285,633.6530218133054,627.8822749359201,633.0150756835938,2718500,0.0,0.0
2024-01-30 00:00:00-05:00,633.7020138819141,634.78155040174,629.0893343952204,632.995361328125,2006100,0.0,0.0
2024-01-31 00:00:00-05:00,638.295156319726,651.2204249892033,625.1637681403303,633.61376953125,4719000,0.0,0.0
2024-02-01 00:00:00-05:00,635.3017047511562,648.2466181886158,631.2189699228534,648.1582641601562,2494300,0.0,0.0
2024-02-02 00:00:00-05:00,650.072106079814,660.1218237174631,647.4811464041895,655.2442016601562,3019200,0.0,0.0
2024-02-05 00:00:00-05:00,678.1800122714145,698.6523932760931,669.8477765639188,693.0779418945312,7602400,0.0,0.0
2024-02-06 00:00:00-05:00,728.2127098004954,728.2127098004954,678.2584716502585,691.9296875,8187300,0.0,0.0
2024-02-07 00:00:00-05:00,697.180089462816,727.2212958300734,693.8825376287346,711.9013671875,5798000,0.0,0.0
2024-02-08 00:00:00-05:00,714.7868438574379,727.2312252470904,712.2645907194006,722.0100708007812,4636900,0.0,0.0
2024-02-09 00:00:00-05:00,721.8333541275298,731.843835464774,719.9784586645362,726.40673828125,2833900,0.0,0.0
2024-02-12 00:00:00-05:00,727.0349304682911,727.0349304682911,712.9515966747443,723.5607299804688,2932300,0.0,0.0
2024-02-13 00:00:00-05:00,716.612348381085,729.174496623404,716.612348381085,729.1646728515625,2860300,0.0,0.0
2024-02-14 00:00:00-05:00,733.2446976740388,751.1673015008913,732.4385165356506,744.5409545898438,3394300,1.3,0.0
2024-02-15 00:00:00-05:00,743.056334984666,750.1251057559426,737.363982613501,745.0029907226562,2507000,0.0,0.0
2024-02-16 00:00:00-05:00,758.029605462128,781.0743233863292,750.6265408341086,768.8735961914062,5009400,0.0,0.0
2024-02-20 00:00:00-05:00,776.6796529736971,780.0026669223455,740.5001570895461,742.9186401367188,4701100,0.0,0.0
2024-02-21 00:00:00-05:00,725.6350745077377,736.862502371944,720.876656495372,733.3330078125,3541800,0.0,0.0
2024-02-22 00:00:00-05:00,750.7052056669693,762.0506067834446,743.5184628268885,756.6630249023438,3167400,0.0,0.0
2024-02-23 00:00:00-05:00,760.9495184183745,764.5379994520905,749.4074771844158,756.564697265625,2394800,0.0,0.0
2024-02-26 00:00:00-05:00,758.2949997156742,767.0645816492555,756.1517641761639,758.904541015625,2243800,0.0,0.0
2024-02-27 00:00:00-05:00,742.1716386814912,759.9172852376513,732.8711223450946,752.101318359375,2716700,0.0,0.0
2024-02-28 00:00:00-05:00,749.3975508802181,750.134904980789,738.9860845775037,744.8652954101562,2716300,0.0,0.0
2024-02-29 00:00:00-05:00,740.3823085921437,743.7053230944537,731.4849129597623,740.97216796875,3905400,0.0,0.0
2024-03-01 00:00:00-05:00,756.0535211724723,770.8595910976271,751.2459573904661,768.9326171875,4247500,0.0,0.0
2024-03-04 00:00:00-05:00,783.0110957975546,787.2779447422012,772.9043997753778,778.9212646484375,3855600,0.0,0.0
2024-03-05 00:00:00-05:00,772.0688074138603,775.2345458760452,756.3091220447919,764.47900390625,3168700,0.0,0.0
2024-03-06 00:00:00-05:00,771.0659391350123,774.5659110047787,760.9494620747179,766.6221923828125,2518600,0.0,0.0
2024-03-07 00:00:00-05:00,758.8259524192755,779.6193040805216,748.2866722436837,767.005615234375,3977400,0.0,0.0
2024-03-08 00:00:00-05:00,766.8483359603528,766.8483359603528,742.2698636539311,749.2894897460938,4054900,0.0,0.0
2024-03-11 00:00:00-04:00,739.5268318289353,744.0394051557264,715.351423201271,721.9876098632812,3968900,0.0,0.0
2024-03-12 00:00:00-04:00,728.4665999121079,743.2234639699411,725.5663282396443,742.220703125,2701700,0.0,0.0
2024-03-13 00:00:00-04:00,744.2360876711067,747.9425402290739,733.1364719815914,745.0619506835938,2357500,0.0,0.0
2024-03-14 00:00:00-04:00,752.052136766528,755.0506985028643,736.7643384009133,747.9032592773438,2647500,0.0,0.0
2024-03-15 00:00:00-04:00,742.6433548429422,748.060458964193,735.102697421291,741.4537353515625,3730100,0.0,0.0
2024-03-18 00:00:00-04:00,749.4271826218857,756.7023747998497,745.4651038768521,749.8007202148438,2521400,0.0,0.0
2024-03-19 00:00:00-04:00,745.6518835795395,760.8020279075577,742.2698833004192,759.7501220703125,2557100,0.0,0.0
2024-03-20 00:00:00-04:00,757.1251033071809,760.1236650279238,743.8822507872353,759.8287353515625,2038000,0.0,0.0
2024-03-21 00:00:00-04:00,760.9495129136906,767.3792197539664,746.084457461906,757.2725830078125,3013200,0.0,0.0
2024-03-22 00:00:00-04:00,757.0168768811867,763.8988484891975,754.3427681449685,757.6165771484375,1981000,0.0,0.0
2024-03-25 00:00:00-04:00,758.0983621982128,765.3637728829223,755.1981505229838,760.10400390625,1806600,0.0,0.0
2024-03-26 00:00:00-04:00,761.146080381058,765.206448475791,756.0337465565824,761.8342895507812,2099000,0.0,0.0
2024-03-27 00:00:00-04:00,765.5799912618503,772.0195380197092,754.4410125150945,765.0588989257812,2297700,0.0,0.0
2024-03-28 00:00:00-04:00,767.162905659758,780.2877851513323,763.3483221658919,764.8427124023438,3209400,0.0,0.0
2024-04-01 00:00:00-04:00,762.9158271774536,764.390535606276,741.1098124106579,747.726318359375,2921300,0.0,0.0
2024-04-02 00:00:00-04:00,742.3386773883875,752.1700661362872,740.7951421542431,751.0787963867188,2596800,0.0,0.0
2024-04-03 00:00:00-04:00,752.7796261632018,773.9760984306841,752.5043184685157,762.9059448242188,3044900,0.0,0.0
2024-04-04 00:00:00-04:00,768.3624066224365,774.6152160567846,754.8737687988784,755.12939453125,2354000,0.0,0.0
2024-04-05 00:00:00-04:00,752.5632926338438,773.4452129323338,750.2234772957834,770.9873657226562,2113400,0.0,0.0
2024-04-08 00:00:00-04:00,771.7836639248418,771.9606217136088,760.3103905685072,764.1839599609375,1664200,0.0,0.0
2024-04-09 00:00:00-04:00,764.5280395654316,764.7049973414707,737.9931340396332,744.4719848632812,2464100,0.0,0.0
2024-04-10 00:00:00-04:00,738.6126031507966,752.3568654276532,734.2376231538383,749.1321411132812,1700300,0.0,0.0
2024-04-11 00:00:00-04:00,746.9692694861743,750.4594004269055,738.012828895376,746.782470703125,1594800,0.0,0.0
2024-04-12 00:00:00-04:00,746.7627754954765,750.6265039338621,737.1476488425832,738.9664916992188,2495000,0.0,0.0
2024-04-15 00:00:00-04:00,747.2543239690872,755.050607546809,736.8822215046439,738.1111450195312,2358600,0.0,0.0
2024-04-16 00:00:00-04:00,739.0058172961858,740.441221646024,730.4721791203758,734.1491088867188,2569800,0.0,0.0
2024-04-17 00:00:00-04:00,746.398998003208,758.8160459981127,732.3204430159344,738.1111450195312,3069400,0.0,0.0
2024-04-18 00:00:00-04:00,736.7838995270864,739.5170543306149,731.2292010330181,733.3724365234375,1717300,0.0,0.0
2024-04-19 00:00:00-04:00,736.5283610283573,737.3640651526985,709.8951600550056,714.0636596679688,3505500,0.0,0.0
2024-04-22 00:00:00-04:00,717.4357452055123,725.4385099620523,713.1885781111768,718.9989624023438,2354100,0.0,0.0
2024-04-23 00:00:00-04:00,728.7025980619729,733.578928825487,719.1071523574542,733.1168823242188,2042000,0.0,0.0
2024-04-24 00:00:00-04:00,739.9496704447583,739.9496704447583,716.5017718552618,719.8543090820312,2133400,0.0,0.0
2024-04-25 00:00:00-04:00,712.7758231330207,715.7153993405605,706.1887793869959,712.6480102539062,2608800,0.0,0.0
2024-04-26 00:00:00-04:00,711.2813001113423,725.0157815146333,708.8431348826094,721.1422119140625,2009200,0.0,0.0
2024-04-29 00:00:00-04:00,723.3445170195935,728.0930951766433,717.3080291767566,724.7700805664062,2665600,0.0,0.0
2024-04-30 00:00:00-04:00,761.9326254213504,782.0869722873346,754.7163597018014,767.9297485351562,7437100,0.0,0.0
2024-05-01 00:00:00-04:00,761.6965786480505,769.414193742934,755.2963358593938,763.6530151367188,2802100,0.0,0.0
2024-05-02 00:00:00-04:00,764.2331461364827,764.2331461364827,741.571748645121,743.1644287109375,3205600,0.0,0.0
2024-05-03 00:00:00-04:00,730.4722099316477,732.4384877511138,718.0256977370838,722.5775756835938,4595100,0.0,0.0
2024-05-06 00:00:00-04:00,725.5958170019186,754.0577003482949,723.5902352346914,753.7529296875,3398300,0.0,0.0
2024-05-07 00:00:00-04:00,755.9355681104521,765.9537564834612,749.260016187932,764.656005859375,2879400,0.0,0.0
2024-05-08 00:00:00-04:00,765.9635238727734,768.1755864869683,759.1799011928659,761.9326782226562,2089800,0.0,0.0
2024-05-09 00:00:00-04:00,763.8989517109898,770.7809242489267,756.2304800270679,758.5408325195312,2522100,0.0,0.0
2024-05-10 00:00:00-04:00,760.96917313902,764.3118093187871,747.185546875,747.185546875,2082300,0.0,0.0
2024-05-13 00:00:00-04:00,750.6265712202609,750.6757161654331,737.8752881322268,744.9243774414062,1848900,0.0,0.0
2024-05-14 00:00:00-04:00,738.848637259482,751.6097622218913,738.848637259482,751.0985107421875,1956200,0.0,0.0
2024-05-15 00:00:00-04:00,752.5462598675584,775.6992055215986,751.5121562320979,775.0689697265625,3038300,1.3,0.0
2024-05-16 00:00:00-04:00,772.7939981524281,774.5370793728281,758.4452401425738,759.4103393554688,2299700,0.0,0.0
2024-05-17 00:00:00-04:00,761.1534408944865,763.1033547478546,755.4513253647108,758.3073120117188,1670300,0.0,0.0
2024-05-20 00:00:00-04:00,755.2542987994127,772.4196091102109,754.4861146021252,771.2870483398438,2188800,0.0,0.0
2024-05-21 00:00:00-04:00,780.4262452629291,804.209483180876,779.3724863662152,790.9735717773438,4334500,0.0,0.0
2024-05-22 00:00:00-04:00,788.8364379233649,792.657523105491,783.1737543802196,790.7174072265625,1767500,0.0,0.0
2024-05-23 00:00:00-04:00,797.6998515361087,808.1487203506045,789.9788783772858,796.1734008789062,3025800,0.0,0.0
2024-05-24 00:00:00-04:00,795.7301747616381,797.8179768471497,791.938662699972,795.1688232421875,1778100,0.0,0.0
2024-05-28 00:00:00-04:00,796.7151104361159,796.7151104361159,776.2802049459435,795.5924072265625,2483500,0.0,0.0
2024-05-29 00:00:00-04:00,790.8061067945597,803.224604207518,789.9099519754883,799.2066040039062,2380000,0.0,0.0
2024-05-30 00:00:00-04:00,800.4474958927191,807.5381735552348,793.868941094482,802.6830444335938,1984600,0.0,0.0
2024-05-31 00:00:00-04:00,806.3662814308399,813.6637921731834,798.7831960584377,807.8829345703125,4472100,0.0,0.0
2024-06-03 00:00:00-04:00,811.3199188830245,825.5505034556534,806.0708396515432,818.6370849609375,2537200,0.0,0.0
2024-06-04 00:00:00-04:00,821.3354005580906,822.7830492106804,812.7773590280389,819.9468383789062,1748300,0.0,0.0
2024-06-05 00:00:00-04:00,817.8787217069067,825.7178680811065,805.2041617741027,819.1294555664062,2169000,0.0,0.0
2024-06-06 00:00:00-04:00,822.2020017267645,834.1083763436346,819.2475579854432,824.5753784179688,2109000,0.0,0.0
2024-06-07 00:00:00-04:00,825.0382566784882,843.7989620538314,824.2996457573463,837.08251953125,2468800,0.0,0.0
2024-06-10 00:00:00-04:00,841.0120082177523,858.3940110949336,836.4917425669428,851.8646850585938,3417500,0.0,0.0
2024-06-11 00:00:00-04:00,868.7443615852084,868.7443615852084,839.2885233770528,852.6721801757812,4109100,0.0,0.0
2024-06-12 00:00:00-04:00,858.7583403982718,858.7583403982718,840.8839311734915,854.1296997070312,2594600,0.0,0.0
2024-06-13 00:00:00-04:00,855.8334836643974,871.6200308698562,848.4178006753369,869.9163208007812,2243400,0.0,0.0
2024-06-14 00:00:00-04:00,868.9314368167434,871.1767827294735,862.6975438986558,865.1103515625,2023300,0.0,0.0
2024-06-17 00:00:00-04:00,864.6672406435198,878.6516203384606,863.5445375451626,871.57080078125,2532200,0.0,0.0
2024-06-18 00:00:00-04:00,873.5306175042437,881.2811041947422,870.5761734766081,877.9229125976562,2437000,0.0,0.0
2024-06-20 00:00:00-04:00,879.4395717570746,891.7005274163376,856.9168632330592,872.5360107421875,3360000,0.0,0.0
2024-06-21 00:00:00-04:00,872.2108855358464,878.4250633526099,866.4398863175275,870.4579467773438,3445900,0.0,0.0
2024-06-24 00:00:00-04:00,876.4653530715004,889.8588688364439,869.5322793364019,876.5933837890625,2878200,0.0,0.0
2024-06-25 00:00:00-04:00,878.2281222909046,895.6100636628604,877.9622031181158,890.8731079101562,2830100,0.0,0.0
2024-06-26 00:00:00-04:00,890.2724180908835,892.5867084087454,884.205986468365,887.5740356445312,2232100,0.0,0.0
2024-06-27 00:00:00-04:00,889.8096225690987,895.7578815030256,886.0574209937851,895.2359008789062,1948100,0.0,0.0
2024-06-28 00:00:00-04:00,897.4714132380817,901.6371598659348,891.6314697265625,891.6314697265625,3375400,0.0,0.0
2024-07-01 00:00:00-04:00,897.9244912518876,902.9076510797046,890.5777521718188,900.4849853515625,2546100,0.0,0.0
2024-07-02 00:00:00-04:00,889.0020257065673,898.1509318713958,865.1596421590144,892.9412841796875,4584600,0.0,0.0
2024-07-03 00:00:00-04:00,897.1660456679717,904.5521547157322,870.576053096034,884.4619140625,3078400,0.0,0.0
2024-07-05 00:00:00-04:00,884.7869628927431,902.5431987625379,883.2802278297509,900.681884765625,2880900,0.0,0.0
2024-07-08 00:00:00-04:00,903.9515602995676,914.5087448083968,898.1509874131945,904.0598754882812,2364600,0.0,0.0
2024-07-09 00:00:00-04:00,914.9420380821457,920.8016972682432,906.7976618045617,918.3396606445312,2416000,0.0,0.0
2024-07-10 00:00:00-04:00,922.347817731245,931.329322080386,918.8320223939746,925.5090942382812,2683300,0.0,0.0
2024-07-11 00:00:00-04:00,919.9055442383085,928.562043385727,904.6704303237592,919.9547729492188,2855100,0.0,0.0
2024-07-12 00:00:00-04:00,922.7713190247813,936.3518912911791,921.8160776745806,933.9982299804688,2315100,0.0,0.0
2024-07-15 00:00:00-04:00,941.6797427518673,951.4293713325902,933.6929106852647,936.0269165039062,2358700,0.0,0.0
2024-07-16 00:00:00-04:00,941.2366040112078,941.8668998147261,924.1303783080501,927.3014526367188,2111800,0.0,0.0
2024-07-17 00:00:00-04:00,896.1911817573056,910.953543619825,888.9331026562647,891.8383178710938,4200600,0.0,0.0
2024-07-18 00:00:00-04:00,893.2564991787269,896.0533392441062,823.9550339842608,836.0092163085938,7649600,0.0,0.0
2024-07-19 00:00:00-04:00,854.4842998856858,866.8437725113122,840.0469427683014,844.4490356445312,3782200,0.0,0.0
2024-07-22 00:00:00-04:00,851.6677299347374,861.1416424221179,843.8089279612446,852.8199462890625,2904500,0.0,0.0
2024-07-23 00:00:00-04:00,856.7889095569303,874.2397996444145,850.9588225429206,864.9530029296875,2087700,0.0,0.0
2024-07-24 00:00:00-04:00,859.2509289995354,865.0022739862903,841.2977740959058,846.8225708007812,2726100,0.0,0.0
2024-07-25 00:00:00-04:00,834.1380981817292,838.6879375449638,794.1349276088816,808.7200317382812,5468000,0.0,0.0
2024-07-26 00:00:00-04:00,799.541518013258,809.5275536512892,789.1320192606933,792.401611328125,4173900,0.0,0.0
2024-07-29 00:00:00-04:00,801.6490161335457,812.2456318246527,791.7910114605921,795.5234375,2473700,0.0,0.0
2024-07-30 00:00:00-04:00,802.8011805723091,809.4191661232883,764.0290335088632,778.2103881835938,3848600,0.0,0.0
2024-07-31 00:00:00-04:00,788.0191694260413,798.8226180477179,780.0619098496987,792.0569458007812,2961700,0.0,0.0
2024-08-01 00:00:00-04:00,820.961207408308,828.1208293550177,807.7252957261315,819.7991333007812,4060700,0.0,0.0
2024-08-02 00:00:00-04:00,804.268505054614,807.7350716058581,775.0687888648488,792.2439575195312,3515900,0.0,0.0
2024-08-05 00:00:00-04:00,746.4895756999368,780.8990052480109,736.1982496069476,763.4874877929688,4661800,0.0,0.0
2024-08-06 00:00:00-04:00,777.1566852005077,794.0265657858002,773.0795379248185,781.1353149414062,3437600,0.0,0.0
2024-08-07 00:00:00-04:00,766.4812266914495,774.6355208094626,751.4332901621686,760.414794921875,4407700,0.0,0.0
2024-08-08 00:00:00-04:00,861.7127808907128,864.4505943494189,812.7083964423862,832.4736328125,9434900,0.0,0.0
2024-08-09 00:00:00-04:00,846.9405463717081,894.6941961654993,846.9405463717081,878.1394653320312,6587600,0.0,0.0
2024-08-12 00:00:00-04:00,890.4793320144747,890.981537026402,869.591390342452,870.950439453125,4206100,0.0,0.0
2024-08-13 00:00:00-04:00,880.5029733785774,900.7999859909464,876.809918968395,894.2608032226562,3506800,0.0,0.0
2024-08-14 00:00:00-04:00,896.181389740803,920.1911772768101,890.0656687278623,917.5321655273438,3562900,0.0,0.0
2024-08-15 00:00:00-04:00,923.0745223401916,925.0074778382535,907.2954706762567,918.715576171875,3080000,1.3,0.0
2024-08-16 00:00:00-04:00,915.5695429745211,923.3702844545139,906.6938272120126,909.3861083984375,2364900,0.0,0.0
2024-08-19 00:00:00-04:00,909.3862831557942,913.2127083907862,903.8438955077274,909.08056640625,2374600,0.0,0.0
2024-08-20 00:00:00-04:00,919.2283991655363,953.646481359788,917.6603895377976,936.8516235351562,4961500,0.0,0.0
2024-08-21 00:00:00-04:00,942.4234723671342,943.2913249252616,926.2006246830701,938.8238525390625,2617000,0.0,0.0
2024-08-22 00:00:00-04:00,938.8337703086971,959.1000366348404,935.0468318615615,940.9935302734375,3183700,0.0,0.0
2024-08-23 00:00:00-04:00,942.2460399028586,947.2361624111481,930.086291781414,939.5833129882812,2063300,0.0,0.0
2024-08-26 00:00:00-04:00,936.0922801012789,941.8121744626957,929.7510807465598,937.4039306640625,2166000,0.0,0.0
2024-08-27 00:00:00-04:00,939.3466170978758,959.0506875052268,936.8318429173339,941.2992553710938,2912900,0.0,0.0
2024-08-28 00:00:00-04:00,940.9738907017207,945.1060321872916,930.2342594159262,935.8358154296875,1701800,0.0,0.0
2024-08-29 00:00:00-04:00,941.8121637572831,944.2973837022436,923.0745395568764,927.216552734375,1762800,0.0,0.0
2024-08-30 00:00:00-04:00,931.9502738514059,947.7293261070911,927.5222869429235,946.7628784179688,2555100,0.0,0.0
2024-09-03 00:00:00-04:00,944.5439117924983,956.2598624438014,938.4393887851145,943.321044921875,2529400,0.0,0.0
2024-09-04 00:00:00-04:00,936.6345636509718,940.825873885788,925.0566951272125,933.2420654296875,1891700,0.0,0.0
2024-09-05 00:00:00-04:00,928.163220381078,929.9778377686549,893.6564171343014,900.1455688476562,3201100,0.0,0.0
2024-09-06 00:00:00-04:00,905.0863592097845,915.0863470528285,880.6682685822672,890.2442016601562,3440000,0.0,0.0
2024-09-09 00:00:00-04:00,899.9680861488494,902.7885772044413,883.547986336242,895.7274780273438,2405900,0.0,0.0
2024-09-10 00:00:00-04:00,901.4868423851783,902.4730331683787,882.6407509643724,888.804443359375,1930400,0.0,0.0
2024-09-11 00:00:00-04:00,889.6919528836665,908.8141445698313,884.8102969416497,908.1731567382812,2721100,0.0,0.0
2024-09-12 00:00:00-04:00,911.5459083361453,924.6721039269607,905.9443524764627,922.1080322265625,2510800,0.0,0.0
2024-09-13 00:00:00-04:00,924.0706096810529,929.3368346090945,909.3664718050494,910.9542846679688,2045400,0.0,0.0
2024-09-16 00:00:00-04:00,918.2717126055848,919.7312555185349,907.7194605218515,910.7864990234375,1760300,0.0,0.0
2024-09-17 00:00:00-04:00,908.774770215614,908.774770215614,889.8398959002784,893.6663208007812,2248000,0.0,0.0
2024-09-18 00:00:00-04:00,893.794483437347,902.8575783022734,890.9838640427647,892.4729614257812,1777000,0.0,0.0
2024-09-19 00:00:00-04:00,900.2442923675289,904.1496297985186,891.378446266431,902.404052734375,2446500,0.0,0.0
2024-09-20 00:00:00-04:00,909.258049014883,926.8812738527458,900.5894535239552,908.7649536132812,9921800,0.0,0.0
2024-09-23 00:00:00-04:00,908.2816100729934,909.267800746254,896.8911198352941,905.8358764648438,2292000,0.0,0.0
2024-09-24 00:00:00-04:00,909.3862693013524,912.8971061942451,896.6447008283566,911.6643676757812,2767400,0.0,0.0
2024-09-25 00:00:00-04:00,918.9226815532624,926.3289839122225,908.4690834039776,911.7925415039062,1805100,0.0,0.0
2024-09-26 00:00:00-04:00,907.5519299473101,909.1199395679198,892.7984943212242,896.7630004882812,2693000,0.0,0.0
2024-09-27 00:00:00-04:00,881.2797509939209,888.7649650824301,863.5184464031852,865.6683349609375,4377300,0.0,0.0
2024-09-30 00:00:00-04:00,852.5815625786606,875.1751639538958,846.9503922808977,873.7057495117188,3244600,0.0,0.0
2024-10-01 00:00:00-04:00,876.5559571670819,878.9622650486717,866.7334754486632,872.2659912109375,2455200,0.0,0.0
2024-10-02 00:00:00-04:00,867.8477550724895,881.0133759162717,866.5657192909558,878.764892578125,1751600,0.0,0.0
2024-10-03 00:00:00-04:00,877.2560582753507,879.6821090794854,868.7156732525334,873.3211669921875,1974700,0.0,0.0
2024-10-04 00:00:00-04:00,873.6762580919806,876.6939995079322,864.7808580785455,874.9089965820312,1970500,0.0,0.0
2024-10-07 00:00:00-04:00,878.212775620465,892.7788329429666,877.2857538642754,885.9938354492188,2915700,0.0,0.0
2024-10-08 00:00:00-04:00,890.5302370252529,909.2382464456471,889.7708508949337,901.1021728515625,2200000,0.0,0.0
2024-10-09 00:00:00-04:00,903.6366924050759,908.6268151468626,899.4059557954001,907.0390625,1820100,0.0,0.0
2024-10-10 00:00:00-04:00,907.2954467085926,909.267828114481,892.6505388467939,898.114013671875,1682100,0.0,0.0
2024-10-11 00:00:00-04:00,903.3901694783469,919.3664719589187,898.5972967918676,919.18896484375,2293900,0.0,0.0
2024-10-14 00:00:00-04:00,923.0745013556947,924.0606920622713,913.2125942899287,916.6741333007812,1550400,0.0,0.0
2024-10-15 00:00:00-04:00,911.6743238045806,913.7256177434812,895.2640926780083,900.7078857421875,2284200,0.0,0.0
2024-10-16 00:00:00-04:00,897.463179555077,905.1357121399571,885.4415121401003,903.764892578125,1645400,0.0,0.0
2024-10-17 00:00:00-04:00,908.2817474720975,917.6604318243219,903.390219323537,904.455322265625,2191200,0.0,0.0
2024-10-18 00:00:00-04:00,904.514449022327,908.202792895077,893.1140860555051,905.2935180664062,2286900,0.0,0.0
2024-10-21 00:00:00-04:00,905.3033403818528,906.1711930332316,892.0686777367828,893.6170043945312,1592200,0.0,0.0
2024-10-22 00:00:00-04:00,889.2284002397344,898.5380426155403,887.7688573028802,896.5952758789062,1391800,0.0,0.0
2024-10-23 00:00:00-04:00,893.1140004990835,895.4118416416836,879.4157974817665,890.7767333984375,2646600,0.0,0.0
2024-10-24 00:00:00-04:00,885.9246808321393,887.5716023960742,876.0134766438434,879.011474609375,1797100,0.0,0.0
2024-10-25 00:00:00-04:00,887.3052642230707,888.5183196122667,877.1672559842912,880.3723754882812,2228300,0.0,0.0
2024-10-28 00:00:00-04:00,882.5125065789143,885.8064101496499,878.4790201422243,883.2225952148438,2084100,0.0,0.0
2024-10-29 00:00:00-04:00,885.8063944985279,895.4414369697959,885.8063944985279,891.1022338867188,3187500,0.0,0.0
2024-10-30 00:00:00-04:00,787.4732521900128,848.6170739004458,758.3806273439196,835.1358642578125,18257200,0.0,0.0
2024-10-31 00:00:00-04:00,824.9583906403857,841.71376097322,813.8440022093487,818.2818603515625,6582800,0.0,0.0
2024-11-01 00:00:00-04:00,816.5658500796245,821.4968032805884,805.4514623031159,807.62109375,5266300,0.0,0.0
2024-11-04 00:00:00-05:00,793.8836015662869,808.8638423687518,792.5818224748028,795.0078735351562,3918100,0.0,0.0
2024-11-05 00:00:00-05:00,792.7297079859383,798.0354189062089,786.4772322996552,794.9288940429688,3733300,0.0,0.0
2024-11-06 00:00:00-05:00,806.0432742756959,809.3962865926898,757.0098406057682,765.6587524414062,8257900,0.0,0.0
2024-11-07 00:00:00-05:00,773.8145759424914,791.4673537930724,767.4437621939248,786.4378051757812,4557600,0.0,0.0
2024-11-08 00:00:00-05:00,792.4042408109073,835.569827739269,790.1951832364284,820.0570068359375,7212900,0.0,0.0
2024-11-11 00:00:00-05:00,819.8204301489402,832.3450658079727,813.2425541248974,820.9447021484375,3342800,0.0,0.0
2024-11-12 00:00:00-05:00,818.7354914684806,822.4731323709698,799.5244566334801,807.5520629882812,3378600,0.0,0.0
2024-11-13 00:00:00-05:00,808.9920416513532,817.6606370859649,800.0867098639704,800.5995483398438,3059300,0.0,0.0
2024-11-14 00:00:00-05:00,798.0156403925002,798.0156403925002,772.6902709012697,775.3726806640625,3998800,0.0,0.0
2024-11-15 00:00:00-05:00,765.7513918432081,768.5073994683347,735.1387316174026,737.1143798828125,7334600,1.3,0.0
2024-11-18 00:00:00-05:00,724.2626983450615,725.0628333925752,702.7380345738519,718.3456420898438,9148100,0.0,0.0
2024-11-19 00:00:00-05:00,707.5882064109799,721.1115193708611,703.7455565842542,720.8447875976562,5832500,0.0,0.0
2024-11-20 00:00:00-05:00,726.831055819278,748.1483162800155,726.5051172841468,744.2365112304688,5158900,0.0,0.0
2024-11-21 00:00:00-05:00,737.0352213730554,743.8314551625747,726.050623565063,740.7889404296875,4143200,0.0,0.0
2024-11-22 00:00:00-05:00,747.8321904873203,752.0107272480706,736.0079654621229,738.9022827148438,4015500,0.0,0.0
2024-11-25 00:00:00-05:00,740.8680694782181,745.8071899414062,730.9997164394879,745.8071899414062,5690500,0.0,0.0
2024-11-26 00:00:00-05:00,775.6393985550234,797.1739491884571,764.526378817266,779.709228515625,6622600,0.0,0.0
2024-11-27 00:00:00-05:00,778.5239236913461,785.152245097442,770.7991320059878,778.5930786132812,2714700,0.0,0.0
2024-11-29 00:00:00-05:00,781.6948208448271,790.5852372775007,779.7191727486774,785.6658325195312,2206900,0.0,0.0
2024-12-02 00:00:00-05:00,788.3922813950594,795.5441182633107,785.537455263617,790.0617065429688,2895600,0.0,0.0
2024-12-03 00:00:00-05:00,793.1534865613752,807.1805988799566,791.8495516965165,803.4268798828125,2782100,0.0,0.0
2024-12-04 00:00:00-05:00,818.0170973678271,836.1535933170939,810.5096584689477,819.7359619140625,3871100,0.0,0.0
2024-12-05 00:00:00-05:00,817.7010555789642,821.0102421694062,807.5067037174387,815.5673217773438,2423400,0.0,0.0
2024-12-06 00:00:00-05:00,817.6022033581343,830.7600269534834,815.6364431432157,816.64404296875,3047100,0.0,0.0
2024-12-09 00:00:00-05:00,813.670669041937,813.670669041937,791.5236710765776,793.795654296875,3176000,0.0,0.0
2024-12-10 00:00:00-05:00,799.4163776813523,804.0887660827191,787.2957574544558,789.8443603515625,2695200,0.0,0.0
2024-12-11 00:00:00-05:00,785.567053771631,789.7653058666067,776.7951716298281,786.3375854492188,3510900,0.0,0.0
2024-12-12 00:00:00-05:00,787.0290108876619,792.076837443609,768.912352153693,772.8240966796875,2823800,0.0,0.0
2024-12-13 00:00:00-05:00,767.6676577890853,784.5791995779701,763.5780520237569,779.5116577148438,3059400,0.0,0.0
2024-12-16 00:00:00-05:00,782.3566045210205,790.0419041470018,765.8105525945974,769.514892578125,3426200,0.0,0.0
2024-12-17 00:00:00-05:00,768.3888924235167,778.4054439515526,763.0250144292969,769.1396484375,3924800,0.0,0.0
2024-12-18 00:00:00-05:00,765.5636750679962,769.514971455444,753.215873857222,755.3989868164062,3354200,0.0,0.0
2024-12-19 00:00:00-05:00,755.7840474021593,763.5582167297011,743.2387320123128,748.3161010742188,4032600,0.0,0.0
2024-12-20 00:00:00-05:00,801.4710208844659,801.4710208844659,757.275782422038,758.4118041992188,9942300,0.0,0.0
2024-12-23 00:00:00-05:00,775.6097630895318,789.6269882399721,763.6571166538976,786.5845336914062,3622300,0.0,0.0
2024-12-24 00:00:00-05:00,781.7342415933846,788.036563275026,777.5162139951101,785.9818725585938,1165400,0.0,0.0
2024-12-26 00:00:00-05:00,784.4508052808662,794.1215807234346,781.8627111739971,784.4705810546875,1274200,0.0,0.0
2024-12-27 00:00:00-05:00,780.3810105119005,783.6408178645004,769.7322381624788,773.6341552734375,2096500,0.0,0.0
2024-12-30 00:00:00-05:00,768.4480029816425,770.2656256081085,761.6122780166099,764.417724609375,1719100,0.0,0.0
2024-12-31 00:00:00-05:00,761.6123346516505,764.486876078862,754.9939015268883,762.6001586914062,2327000,0.0,0.0
2025-01-02 00:00:00-05:00,771.0855882975187,777.417513819336,762.3729730931192,768.5962524414062,1938900,0.0,0.0
2025-01-03 00:00:00-05:00,768.6949502715903,776.2716034175696,766.0871408519936,772.4585571289062,1799100,0.0,0.0
2025-01-06 00:00:00-05:00,774.1773967179681,775.2146601520684,754.0554266514995,755.7841186523438,3991100,0.0,0.0
2025-01-07 00:00:00-05:00,755.5865922145784,774.4145150061198,752.3465005951695,763.8743896484375,3576100,0.0,0.0
2025-01-08 00:00:00-05:00,764.4078483372012,782.90977221366,761.2862907927534,777.634765625,3478400,0.0,0.0
2025-01-10 00:00:00-05:00,782.2874725975693,790.2592197114477,775.3035495083301,790.1604614257812,3973100,0.0,0.0
2025-01-13 00:00:00-05:00,784.727442822817,795.5342402504131,774.0687828262753,787.7698974609375,3683800,0.0,0.0
2025-01-14 00:00:00-05:00,774.6812136067665,774.6812136067665,720.1237121561902,735.8399658203125,10373000,0.0,0.0
2025-01-15 00:00:00-05:00,739.8801970282939,745.4119874687171,726.31739241626,737.647705078125,5736900,0.0,0.0
2025-01-16 00:00:00-05:00,738.3984893314959,756.1892104067908,737.3119069756995,748.37548828125,3070300,0.0,0.0
2025-01-17 00:00:00-05:00,738.7244404682151,746.0837413432151,716.1822895023241,716.8836059570312,5560100,0.0,0.0
2025-01-21 00:00:00-05:00,722.3661101952492,734.2298866472944,717.6838338588506,733.3111572265625,5122800,0.0,0.0
2025-01-22 00:00:00-05:00,736.5018143176947,751.1117091662376,730.0512948369444,744.7994995117188,3737800,0.0,0.0
2025-01-23 00:00:00-05:00,738.5564202746792,757.2658081054688,735.1879671685626,757.2658081054688,3127200,0.0,0.0
2025-01-24 00:00:00-05:00,752.672489888751,779.6795636045746,751.2302451799828,775.8468017578125,4170600,0.0,0.0
2025-01-27 00:00:00-05:00,769.2284552161278,799.3965787247952,769.2284552161278,798.3297119140625,3915200,0.0,0.0
2025-01-28 00:00:00-05:00,797.4110806867385,806.2126267822404,790.3678903496808,795.1884765625,2808800,0.0,0.0
2025-01-29 00:00:00-05:00,797.1640921361274,799.2681621112202,789.2713879038081,794.28955078125,1827600,0.0,0.0
2025-01-30 00:00:00-05:00,798.5668004507186,814.5794497400237,795.1983470247186,813.2063598632812,2643000,0.0,0.0
2025-01-31 00:00:00-05:00,812.9791914730785,817.276201964917,801.1549665591259,801.204345703125,2561600,0.0,0.0
2025-02-03 00:00:00-05:00,794.477164958643,808.0004768611112,791.9878293820232,800.5621337890625,2808800,0.0,0.0
2025-02-04 00:00:00-05:00,801.1746439958978,818.9455881281283,796.1268778205934,816.0117797851562,4299700,0.0,0.0
2025-02-05 00:00:00-05:00,824.9812873933654,836.5882200922814,820.941060461605,831.9256591796875,4578900,0.0,0.0
2025-02-06 00:00:00-05:00,829.2980525612696,876.9308985546159,825.4356268236756,859.7723999023438,7138500,0.0,0.0
2025-02-07 00:00:00-05:00,865.8574272320956,878.5311661454376,859.0315294112195,867.61572265625,4426100,0.0,0.0
2025-02-10 00:00:00-05:00,867.0427555470516,869.2851353601116,848.9063210566621,858.300537109375,3065600,0.0,0.0
2025-02-11 00:00:00-05:00,856.4730239507952,863.5458168683325,850.0225046499615,854.4677124023438,1944200,0.0,0.0
2025-02-12 00:00:00-05:00,846.496082719053,867.0922509885214,845.6860597373802,862.3407592773438,2533400,0.0,0.0
2025-02-13 00:00:00-05:00,866.3907863066152,872.7424872698161,857.2336387087171,861.2442016601562,2472900,0.0,0.0
2025-02-14 00:00:00-05:00,859.9974505967806,864.351391322767,832.6766386299525,835.4275512695312,3222300,1.5,0.0
2025-02-18 00:00:00-05:00,847.4503082722354,853.6942183665054,842.4433063614254,848.22216796875,4289400,0.0,0.0
2025-02-19 00:00:00-05:00,848.2023717980984,872.0994624465238,848.2023717980984,857.968994140625,3205500,0.0,0.0
2025-02-20 00:00:00-05:00,857.761207602242,871.1000059584669,854.9509256705151,863.9754028320312,2990300,0.0,0.0
2025-02-21 00:00:00-05:00,871.3968576253837,885.0325623491728,864.2821593803973,864.529541015625,3940400,0.0,0.0
2025-02-24 00:00:00-05:00,870.0807543083152,883.7560180980598,860.9078845130937,872.168701171875,3017100,0.0,0.0
2025-02-25 00:00:00-05:00,881.4108198577729,902.4481627896572,881.4108198577729,892.35498046875,5111300,0.0,0.0
2025-02-26 00:00:00-05:00,888.9608406654237,912.7688437959217,887.2093595840803,905.4265747070312,3032800,0.0,0.0
2025-02-27 00:00:00-05:00,906.1290838430834,915.8066810018865,894.5912326209718,895.6796875,3085400,0.0,0.0
2025-02-28 00:00:00-05:00,892.3946116447934,911.5715797861717,883.2612409159914,910.98779296875,4071100,0.0,0.0
2025-03-03 00:00:00-05:00,903.2397725606938,925.8306793524939,900.4691104538628,919.9825439453125,3979800,0.0,0.0
2025-03-04 00:00:00-05:00,912.5809043285091,919.4284107573761,893.3346019375422,901.5180053710938,3343500,0.0,0.0
2025-03-05 00:00:00-05:00,895.3235606006599,920.7444986731551,892.1966834506443,919.9825439453125,3109500,0.0,0.0
2025-03-06 00:00:00-05:00,910.7799415395566,921.6251734520221,888.8718712759832,903.2001953125,3273100,0.0,0.0
2025-03-07 00:00:00-05:00,895.9074783396658,898.4901281999361,852.3683091317394,860.4725341796875,4818100,0.0,0.0
2025-03-10 00:00:00-04:00,844.9665478019526,854.1493827202588,817.1312228961106,821.0695190429688,5962900,0.0,0.0
2025-03-11 00:00:00-04:00,818.5363269010744,823.6323521013134,803.1392970893614,815.42919921875,3796500,0.0,0.0
2025-03-12 00:00:00-04:00,806.4145355183701,825.9082172849562,804.7422335202136,813.2521362304688,3014800,0.0,0.0
2025-03-13 00:00:00-04:00,809.6701163051744,812.5100523973505,787.0495560548345,793.25390625,3566300,0.0,0.0
2025-03-14 00:00:00-04:00,794.6985764352738,806.6718827731205,791.6211636565753,804.9599609375,3102300,0.0,0.0
2025-03-17 00:00:00-04:00,808.3936876445754,820.3174699109028,806.0386097388524,816.1218872070312,2546600,0.0,0.0
2025-03-18 00:00:00-04:00,824.6911542597699,827.531090467741,804.1090152502452,813.8954467773438,2354900,0.0,0.0
2025-03-19 00:00:00-04:00,813.1136324425981,833.3099007843822,810.9169127489176,828.2435302734375,3790500,0.0,0.0
2025-03-20 00:00:00-04:00,830.2423984358148,845.4415100682162,823.7412024736495,833.7453002929688,4402700,0.0,0.0
2025-03-21 00:00:00-04:00,829.025301263694,841.5230259658852,816.6760296969497,828.7977294921875,5963800,0.0,0.0
2025-03-24 00:00:00-04:00,836.4666056240544,857.7908910831003,828.9857871865729,855.841552734375,3102400,0.0,0.0
2025-03-25 00:00:00-04:00,860.4426564372197,865.756408295713,839.0391958870616,843.4227905273438,2670600,0.0,0.0
2025-03-26 00:00:00-04:00,836.8326818514862,842.4927445337806,817.7447370976439,818.1009521484375,2562100,0.0,0.0
2025-03-27 00:00:00-04:00,814.2022497196205,818.1108917029911,806.7510857476748,813.0642700195312,2128200,0.0,0.0
2025-03-28 00:00:00-04:00,811.4117256124293,821.0893237201336,808.8686352736721,813.8954467773438,2124700,0.0,0.0
2025-03-31 00:00:00-04:00,800.5070900354771,819.3378074123203,781.1322055849639,817.259765625,3737000,0.0,0.0
2025-04-01 00:00:00-04:00,810.0263509006857,812.0647730299529,788.6526031298075,796.79638671875,2987700,0.0,0.0
2025-04-02 00:00:00-04:00,786.7131129710551,811.2632625881279,786.7131129710551,809.6503295898438,2683800,0.0,0.0
2025-04-03 00:00:00-04:00,802.0211414253788,810.2143895237581,778.8167326825912,780.8255004882812,2675100,0.0,0.0
2025-04-04 00:00:00-04:00,754.1280411284046,760.2235583089973,727.0051458086009,730.4783935546875,5299400,0.0,0.0
2025-04-07 00:00:00-04:00,690.6201928681645,740.1657898163472,669.9984953265371,716.1499633789062,6274400,0.0,0.0
2025-04-08 00:00:00-04:00,747.0726470114276,755.5034315467316,705.8094430747116,718.6336669921875,4115200,0.0,0.0
2025-04-09 00:00:00-04:00,697.0224907411066,746.9243048873627,681.783758483122,745.8160400390625,6619000,0.0,0.0
2025-04-10 00:00:00-04:00,731.1611914605321,734.1792353568163,684.5248003587942,713.3595581054688,4182700,0.0,0.0
2025-04-11 00:00:00-04:00,715.3188235298305,728.1332037383269,704.523055631612,724.7390747070312,3603400,0.0,0.0
2025-04-14 00:00:00-04:00,742.590223450889,751.6047959711234,726.8270725037797,746.4493408203125,3461200,0.0,0.0
2025-04-15 00:00:00-04:00,747.6565106918698,757.2944886981631,743.6192258454813,749.2496337890625,2458100,0.0,0.0
2025-04-16 00:00:00-04:00,747.7257715759329,748.3788324503541,722.6907647914383,727.2030029296875,3302600,0.0,0.0
2025-04-17 00:00:00-04:00,831.9938881839001,849.0137564530492,813.2325039674083,831.1627197265625,10853400,0.0,0.0
2025-04-21 00:00:00-04:00,832.69642048033,835.0712477452554,798.5478527044329,809.4524536132812,3326600,0.0,0.0
2025-04-22 00:00:00-04:00,813.2720482585773,823.2860516513176,805.4745745723228,818.8727416992188,3086500,0.0,0.0
2025-04-23 00:00:00-04:00,828.1941005036487,837.1493030258686,810.0659682287749,820.7330322265625,2714600,0.0,0.0
2025-04-24 00:00:00-04:00,827.2441417664407,853.2192120073129,820.5252786733272,850.7255859375,2939500,0.0,0.0
2025-04-25 00:00:00-04:00,850.6563917700755,876.3049641659596,842.156392283759,875.2758178710938,3398900,0.0,0.0
2025-04-28 00:00:00-04:00,861.3233916206647,873.0096963902855,855.3565182336549,868.1016235351562,3457600,0.0,0.0
2025-04-29 00:00:00-04:00,868.5074450882372,883.1227108272057,864.875899643909,875.9288940429688,2454400,0.0,0.0
2025-04-30 00:00:00-04:00,878.8975016023116,893.0477193139213,872.8811632139741,889.534912109375,4374100,0.0,0.0
2025-05-01 00:00:00-04:00,835.1603548324765,842.0177661382727,783.7742516221052,785.782958984375,12601100,0.0,0.0
2025-05-02 00:00:00-04:00,816.4780640972521,822.8209624984539,799.1316967389122,814.9937744140625,6059400,0.0,0.0
2025-05-05 00:00:00-04:00,808.4431354620668,820.9507646844282,803.5252178385797,812.8564453125,2889600,0.0,0.0
2025-05-06 00:00:00-04:00,808.3342466128693,809.8481906200197,762.2816486641603,767.001708984375,5982000,0.0,0.0
2025-05-07 00:00:00-04:00,772.3254612683859,776.1252697404332,764.1717722759315,768.5850219726562,3807800,0.0,0.0
2025-05-08 00:00:00-04:00,756.9877219798929,761.9155442943288,731.3392137224852,743.5796508789062,6162000,0.0,0.0
2025-05-09 00:00:00-04:00,744.1338088614464,754.029073541412,725.3229010414871,726.87646484375,4072600,0.0,0.0
2025-05-12 00:00:00-04:00,720.2465998705965,757.3142817889034,714.6161920516583,747.656494140625,9176100,0.0,0.0
2025-05-13 00:00:00-04:00,747.6368136296379,751.5454557949162,733.0907604705542,738.2462158203125,4523900,0.0,0.0
2025-05-14 00:00:00-04:00,741.3927957045696,751.5453468540529,706.5516076789065,708.0655517578125,7558500,0.0,0.0
2025-05-15 00:00:00-04:00,718.0993909903264,730.9434255953811,704.7506882084301,725.60986328125,5212900,0.0,0.0
2025-05-16 00:00:00-04:00,733.7505606782389,752.4611951339579,731.7674510547843,750.9937133789062,4645100,1.5,0.0
2025-05-19 00:00:00-04:00,746.6407441098337,752.3124083622477,741.2466837236307,748.73291015625,4062700,0.0,0.0
2025-05-20 00:00:00-04:00,749.6154228789056,757.0520838201646,736.7252105807233,740.7013549804688,3873500,0.0,0.0
2025-05-21 00:00:00-04:00,740.7409098523078,744.1816360540773,717.855810946081,718.8275756835938,4060000,0.0,0.0
2025-05-22 00:00:00-04:00,711.0439520652136,716.0909928330972,705.5408348032144,709.1600341796875,4249900,0.0,0.0
2025-05-23 00:00:00-04:00,704.0038662752786,713.5624685054903,703.0123115340458,707.6825561523438,2635700,0.0,0.0
2025-05-27 00:00:00-04:00,710.9746216156627,725.1339937712683,708.2974113471694,719.0953979492188,3792700,0.0,0.0
2025-05-28 00:00:00-04:00,719.0953572548234,723.8250931108439,708.7038821112295,713.3146362304688,2948800,0.0,0.0
2025-05-29 00:00:00-04:00,713.1559537105494,721.1875840631129,710.9051654229004,716.4677734375,2785500,0.0,0.0
2025-05-30 00:00:00-04:00,718.8772636239413,739.6007841211203,711.0538813612909,731.4402465820312,6106200,0.0,0.0
2025-06-02 00:00:00-04:00,726.3138983240821,741.0583135071872,724.5291117700249,740.8104248046875,2946900,0.0,0.0
2025-06-03 00:00:00-04:00,739.9477420334321,750.6069557377663,735.1982165048254,744.4395141601562,3056500,0.0,0.0
2025-06-04 00:00:00-04:00,750.0022305493591,766.095147321922,749.6155096109408,759.3724365234375,3135900,0.0,0.0
2025-06-05 00:00:00-04:00,763.0013694010021,763.4971467690339,746.6902818888149,759.213623046875,3636400,0.0,0.0
2025-06-06 00:00:00-04:00,761.9900338979436,766.0752349425956,758.737765536435,763.3782348632812,2069900,0.0,0.0
2025-06-09 00:00:00-04:00,765.4307571499768,772.7087356543543,761.1075926496384,767.1759033203125,2262200,0.0,0.0
2025-06-10 00:00:00-04:00,770.5273331422937,801.8009492188204,770.438066583133,800.3731079101562,4744400,0.0,0.0
2025-06-11 00:00:00-04:00,802.8123225607357,813.7887803177479,798.2313444857547,801.7810668945312,3125400,0.0,0.0
2025-06-12 00:00:00-04:00,803.48664692154,811.6471238526723,799.5402175222356,805.1723022460938,2271100,0.0,0.0
2025-06-13 00:00:00-04:00,803.4965850446405,818.0327525398911,801.2754513405858,812.4403686523438,2754600,0.0,0.0
2025-06-16 00:00:00-04:00,814.7407248586956,818.0326939926422,798.9551896971053,800.7598266601562,2821800,0.0,0.0
2025-06-17 00:00:00-04:00,798.3602259879503,798.3602259879503,782.2772363859073,784.5578002929688,2875600,0.0,0.0
2025-06-18 00:00:00-04:00,783.2787010676199,783.9529510474804,772.8574507730262,778.4002685546875,2442900,0.0,0.0
2025-06-20 00:00:00-04:00,779.3620738109855,779.3620738109855,749.1791432390443,756.28857421875,6210600,0.0,0.0
2025-06-23 00:00:00-04:00,764.0228404563436,786.5112987471797,757.3794103979728,764.1318969726562,3951500,0.0,0.0
2025-06-24 00:00:00-04:00,766.3628609869726,777.8153076761828,756.5762192234922,771.509033203125,2788500,0.0,0.0
2025-06-25 00:00:00-04:00,772.4211594553689,792.2026890575561,767.0667395336776,785.6088256835938,3023100,0.0,0.0
2025-06-26 00:00:00-04:00,787.2449271535215,792.0539436131776,781.5930528217552,788.405029296875,3118200,0.0,0.0
2025-06-27 00:00:00-04:00,789.0793001149837,795.7227293989528,768.098027112398,768.9011840820312,4115100,0.0,0.0
2025-06-30 00:00:00-04:00,771.9650872106841,778.3705532962413,767.4634500016442,772.94677734375,3041500,0.0,0.0
2025-07-01 00:00:00-04:00,772.9467609618836,783.3283109191647,766.4718789120434,769.347412109375,2734000,0.0,0.0
2025-07-02 00:00:00-04:00,769.942301149367,773.2541208055168,761.5140853608677,772.6988525390625,1978300,0.0,0.0
2025-07-03 00:00:00-04:00,773.8688996219421,776.9327701366556,766.4718788488047,774.0770874023438,1450800,0.0,0.0
2025-07-07 00:00:00-04:00,774.0869971415931,774.5530593697288,755.5945363584027,766.3429565429688,2576900,0.0,0.0
2025-07-08 00:00:00-04:00,768.306201733812,785.9955657449415,762.3073073823774,771.0924682617188,3301800,0.0,0.0
2025-07-09 00:00:00-04:00,777.1805850419153,787.2944553888858,775.38587340193,780.2742309570312,2703100,0.0,0.0
2025-07-10 00:00:00-04:00,783.001013523042,792.7380883189342,779.7883858529727,783.9727783203125,3130400,0.0,0.0
2025-07-11 00:00:00-04:00,779.7090774814097,789.0098661645901,770.6363875511537,786.3128662109375,2852500,0.0,0.0
2025-07-14 00:00:00-04:00,783.3283286451447,794.1164502154036,780.7106093259557,792.5894775390625,2401400,0.0,0.0
2025-07-15 00:00:00-04:00,794.8997247383592,798.6180552625332,757.9246677930663,765.232421875,4174100,0.0,0.0
2025-07-16 00:00:00-04:00,766.9676730048795,789.3172974356654,765.6389628832209,783.1300048828125,3255400,0.0,0.0
2025-07-17 00:00:00-04:00,780.1453054214602,783.3282178151161,753.6014270926884,755.0689086914062,4107300,0.0,0.0
2025-07-18 00:00:00-04:00,757.4090078110651,769.4068567721442,754.0773983274038,765.1927490234375,3357700,0.0,0.0
2025-07-21 00:00:00-04:00,761.6826286263916,765.4803004302603,754.0774203072707,755.7432250976562,3058000,0.0,0.0
2025-07-22 00:00:00-04:00,756.8934688081879,771.7171646749002,756.0605361462561,769.8828125,2496600,0.0,0.0
2025-07-23 00:00:00-04:00,773.412764322813,793.3331274069253,770.5174411762497,792.1432495117188,2683600,0.0,0.0
2025-07-24 00:00:00-04:00,794.5923553463663,803.2982357079286,790.9137256999436,798.6279907226562,2786400,0.0,0.0
2025-07-25 00:00:00-04:00,802.1678205810194,808.3055471172544,795.5938075188598,805.82666015625,2976900,0.0,0.0
2025-07-28 00:00:00-04:00,805.787036905091,813.293053525459,795.7227314212897,801.2853393554688,2587700,0.0,0.0
2025-07-29 00:00:00-04:00,767.9592211643791,772.907070117263,748.8023744534726,756.5067749023438,7100700,0.0,0.0
2025-07-30 00:00:00-04:00,767.4633748518748,771.5287251102649,752.0050097039041,753.6609497070312,4338700,0.0,0.0
2025-07-31 00:00:00-04:00,740.9888679136957,759.9771659772399,729.229042859929,733.8199462890625,5810300,0.0,0.0
2025-08-01 00:00:00-04:00,740.5130033396312,761.5141278853548,739.6899958652792,755.8920288085938,4859500,0.0,0.0
2025-08-04 00:00:00-04:00,753.5517863273736,767.9392545169367,746.2143179563896,762.5055541992188,3353400,0.0,0.0
2025-08-05 00:00:00-04:00,759.104649629982,763.4377394592344,753.1057549241941,759.4814453125,3615200,0.0,0.0
2025-08-06 00:00:00-04:00,750.1707185835259,756.5563340994654,733.9389708835448,740.0667724609375,4752100,0.0,0.0
2025-08-07 00:00:00-04:00,669.9539109818675,672.5617050309087,627.8525315589807,635.4478149414062,26101600,0.0,0.0
2025-08-08 00:00:00-04:00,649.4683805417218,650.6384079191122,618.5120693766552,620.3662719726562,14125100,0.0,0.0
2025-08-11 00:00:00-04:00,624.1044624867036,648.9131852234053,620.614230424126,629.85546875,11294200,0.0,0.0
2025-08-12 00:00:00-04:00,634.0993233280717,640.7229024297908,624.0846436022342,634.0299072265625,6897400,0.0,0.0
2025-08-13 00:00:00-04:00,644.9072938685231,656.1614171247376,639.0570960889964,654.9120483398438,6310000,0.0,0.0
2025-08-14 00:00:00-04:00,656.4092745115997,679.6909617397549,649.5675222159092,678.6498413085938,8395900,0.0,0.0
2025-08-15 00:00:00-04:00,689.8492953027431,702.3603568070722,681.5019158434085,696.835205078125,8224600,1.5,0.0
2025-08-18 00:00:00-04:00,690.6640705047233,703.3142674500175,689.1535775013595,693.675048828125,4997300,0.0,0.0
2025-08-19 00:00:00-04:00,702.1814502063534,709.7934766713447,694.1719670520258,698.8027954101562,5941000,0.0,0.0
2025-08-20 00:00:00-04:00,697.1233836240052,701.3765280437559,680.8559841652877,701.018798828125,4139400,0.0,0.0
2025-08-21 00:00:00-04:00,700.7802977632224,713.897581264071,700.7802977632224,705.371337890625,3617300,0.0,0.0
2025-08-22 00:00:00-04:00,710.5585314479633,714.950873178815,704.9837061579872,707.2196044921875,3222700,0.0,0.0
2025-08-25 00:00:00-04:00,706.543942230388,709.0282739541235,689.8790256187284,690.97216796875,2898100,0.0,0.0
2025-08-26 00:00:00-04:00,711.7510457527129,731.5660767248572,708.6307107530253,731.4170532226562,7695600,0.0,0.0
2025-08-27 00:00:00-04:00,732.3412173931135,741.9108674271858,726.9650899246445,729.5686645507812,4326200,0.0,0.0
2025-08-28 00:00:00-04:00,731.1884579322218,733.9610107910485,721.7877860584191,727.37255859375,3117000,0.0,0.0
2025-08-29 00:00:00-04:00,727.7303282931698,732.7983407335267,723.9342621522303,727.9887084960938,2551200,0.0,0.0
2025-09-02 00:00:00-04:00,723.4273885129674,732.5200660984984,719.1046759476245,730.582275390625,3222500,0.0,0.0
2025-09-03 00:00:00-04:00,727.4321654666944,733.2057495117188,724.4509676330648,733.2057495117188,2222500,0.0,0.0
2025-09-04 00:00:00-04:00,731.7051814701808,742.3182381591209,730.7213959192089,738.2538452148438,2423400,0.0,0.0
2025-09-05 00:00:00-04:00,740.0327181303616,740.0327181303616,718.0414096877439,722.65234375,3958200,0.0,0.0
2025-09-08 00:00:00-04:00,725.1366560837786,738.0452331862986,714.7123498927086,734.0106811523438,4534600,0.0,0.0
2025-09-09 00:00:00-04:00,729.578679409936,748.1217658878764,729.2706246935512,745.9057006835938,2986900,0.0,0.0
2025-09-10 00:00:00-04:00,743.4014604770889,751.0631001399662,737.8365214277803,749.8905029296875,2477400,0.0,0.0
2025-09-11 00:00:00-04:00,747.7639892517124,756.3598016731337,745.6672277368557,751.5402221679688,2197500,0.0,0.0
2025-09-12 00:00:00-04:00,755.4057725037904,756.8268029919818,743.3120624806586,750.65576171875,2198300,0.0,0.0
2025-09-15 00:00:00-04:00,748.3502748111677,751.5998000758158,737.4589428295415,743.5008544921875,2790900,0.0,0.0
2025-09-16 00:00:00-04:00,740.738209182098,765.5517443632918,739.8736666507122,759.9172973632812,3881300,0.0,0.0
2025-09-17 00:00:00-04:00,756.7174897218666,772.0905658397901,751.5998028051338,755.3660278320312,3471200,0.0,0.0
2025-09-18 00:00:00-04:00,756.608164034984,767.698193635726,754.2530225249793,758.1484375,3464000,0.0,0.0
2025-09-19 00:00:00-04:00,760.2055106226935,760.2055106226935,744.5045461939535,747.2770385742188,7349500,0.0,0.0
2025-09-22 00:00:00-04:00,743.8685394186093,757.2640366604928,741.5929133952355,750.218505859375,2527400,0.0,0.0
2025-09-23 00:00:00-04:00,745.8659278054706,748.2806908841919,738.5122818810157,742.2984008789062,2910100,0.0,0.0
2025-09-24 00:00:00-04:00,741.3146293592324,742.2586875320785,731.5462201701722,737.2005615234375,2243000,0.0,0.0
2025-09-25 00:00:00-04:00,733.0467563827764,735.3621704698295,707.5873304141257,710.1114501953125,5136400,0.0,0.0
2025-09-26 00:00:00-04:00,719.5816727124286,724.4310928363001,712.58581677842,719.9990234375,3559700,0.0,0.0
2025-09-29 00:00:00-04:00,721.0027208836202,723.2982409070536,711.592101686436,721.9567260742188,3309200,0.0,0.0
2025-09-30 00:00:00-04:00,722.4038562890421,761.5469364161514,720.7641732753115,758.2179565429688,6234300,0.0,0.0
2025-10-01 00:00:00-04:00,758.5160994148447,828.0773830623959,758.5160994148447,820.2467651367188,10124500,0.0,0.0
2025-10-02 00:00:00-04:00,809.2560875044871,829.2301496972177,807.7158140632815,814.711669921875,4291800,0.0,0.0
2025-10-03 00:00:00-04:00,819.7698405532567,842.8145038591455,810.9852169632413,834.6062622070312,5088500,0.0,0.0
2025-10-06 00:00:00-04:00,834.6857111356529,851.2015421277971,833.4037572614619,839.7537231445312,3651400,0.0,0.0
2025-10-07 00:00:00-04:00,839.7041213326489,843.2219132131077,831.3369090826978,838.3427124023438,2610800,0.0,0.0
2025-10-08 00:00:00-04:00,844.672760559908,850.6351565168015,839.6941502314814,840.4195556640625,2180900,0.0,0.0
2025-10-09 00:00:00-04:00,846.352161970374,854.8585110168692,840.3997131092715,849.9891967773438,3071700,0.0,0.0
2025-10-10 00:00:00-04:00,852.6226956846491,858.9328743578586,824.9074748545382,828.2662963867188,3431000,0.0,0.0
2025-10-13 00:00:00-04:00,827.4613879611802,830.0848570062501,812.2274477558103,814.2646484375,2167500,0.0,0.0
2025-10-14 00:00:00-04:00,816.93773539494,816.93773539494,800.9485496946477,807.2587280273438,1928400,0.0,0.0
2025-10-15 00:00:00-04:00,807.4078220136677,824.9869559738304,803.5124067966583,821.3896484375,2355800,0.0,0.0
2025-10-16 00:00:00-04:00,819.8989698698681,829.4686197337215,810.2597514451644,814.24462890625,2272900,0.0,0.0
2025-10-17 00:00:00-04:00,784.0153338670358,799.3982958897717,778.9373139263776,797.7984008789062,3983000,0.0,0.0
2025-10-20 00:00:00-04:00,800.5510267310221,804.3371458345592,794.7576088476834,803.8900146484375,2279700,0.0,0.0
2025-10-21 00:00:00-04:00,801.8726341850876,807.8946512740189,793.7041813819118,794.5587768554688,2099500,0.0,0.0
2025-10-22 00:00:00-04:00,793.3962184794094,810.826268346103,788.8449056931656,807.3382568359375,2930600,0.0,0.0
2025-10-23 00:00:00-04:00,801.3460862467068,819.5313828145157,800.9684629625091,815.894287109375,2632900,0.0,0.0
2025-10-24 00:00:00-04:00,810.1007386262773,828.9220356587142,807.40770156519,820.2765502929688,2211200,0.0,0.0
2025-10-27 00:00:00-04:00,819.8293935088595,821.2404768155582,806.3941093724563,821.2305297851562,2114800,0.0,0.0
2025-10-28 00:00:00-04:00,820.8231296233146,824.2614662627349,808.9480128935178,814.9600830078125,2493500,0.0,0.0
2025-10-29 00:00:00-04:00,822.1249395487472,825.0862433767649,804.5557539318775,808.4313354492188,3591200,0.0,0.0
2025-10-30 00:00:00-04:00,832.251085876501,847.6539417942153,807.1593367202244,839.2072143554688,6037200,0.0,0.0
2025-10-31 00:00:00-04:00,833.9006722653443,864.4579515598643,828.9618500584834,857.4521484375,5015000,0.0,0.0
2025-11-03 00:00:00-05:00,861.0992132758607,895.6910456398956,857.2136845091974,890.9111938476562,5401500,0.0,0.0
2025-11-04 00:00:00-05:00,885.8232097699317,909.4839821388629,878.1019481931635,901.1763916015625,5911500,0.0,0.0
2025-11-05 00:00:00-05:00,905.290451160173,949.4718269562402,902.1701160583799,920.0076293945312,7272900,0.0,0.0
2025-11-06 00:00:00-05:00,922.1838590321242,943.9466273802469,910.5174479337024,931.564697265625,6417400,0.0,0.0
2025-11-07 00:00:00-05:00,925.3340916426345,926.1589067934386,895.25384307029,918.5767211914062,4373400,0.0,0.0
2025-11-10 00:00:00-05:00,933.8503533456447,975.8355597206689,932.5286718782033,960.581787109375,5696600,0.0,0.0
2025-11-11 00:00:00-05:00,960.4923233924388,993.6830196378343,959.240210493399,982.4240112304688,4166400,0.0,0.0
2025-11-12 00:00:00-05:00,986.8958235714683,1016.0121798282606,983.8947313800427,1011.4013061523438,5185200,0.0,0.0
2025-11-13 00:00:00-05:00,1003.7594783618752,1026.4761324195943,1003.7594783618752,1016.4593505859375,4153600,0.0,0.0
2025-11-14 00:00:00-05:00,1004.1487693196433,1028.6503925085228,1002.9445650830799,1020.3505249023438,3862300,1.5,0.0
2025-11-17 00:00:00-05:00,998.8941854985958,1027.1775887158303,993.5002613240432,1016.7877807617188,4720000,0.0,0.0
2025-11-18 00:00:00-05:00,1009.134736324086,1035.7162780527724,1009.134736324086,1025.09765625,3430500,0.0,0.0
2025-11-19 00:00:00-05:00,1024.6895937110564,1050.514779741933,1021.3158779624817,1044.5535888671875,3571200,0.0,0.0
2025-11-20 00:00:00-05:00,1040.473261279999,1051.9179695580667,1033.2581191046952,1038.27392578125,3135700,0.0,0.0
2025-11-21 00:00:00-05:00,1035.9949374857592,1061.5216381959945,1033.0093612970395,1054.60498046875,4266700,0.0,0.0
2025-11-24 00:00:00-05:00,1051.6890136839,1070.5478524936416,1044.3345306146582,1065.0146484375,5497200,0.0,0.0
2025-11-25 00:00:00-05:00,1070.6574076793615,1105.767811974447,1068.0898559525365,1104.6033935546875,4181500,0.0,0.0
2025-11-26 00:00:00-05:00,1096.7016800392362,1106.6436392711914,1092.8204066026697,1099.0303955078125,3093700,0.0,0.0
2025-11-28 00:00:00-05:00,1091.4470259808966,1093.7659012706424,1062.5565708176712,1070.2991943359375,2732200,0.0,0.0
2025-12-01 00:00:00-05:00,1069.2144177895186,1078.9374633575874,1049.9275913934944,1052.8037109375,3070200,0.0,0.0
2025-12-02 00:00:00-05:00,1047.5093951654965,1063.0444522337764,1035.358137340088,1041.0904541015625,3280000,0.0,0.0
2025-12-03 00:00:00-05:00,1041.3590914092176,1046.4245852573458,1017.4048099209876,1028.5908203125,3447000,0.0,0.0
2025-12-04 00:00:00-05:00,1027.6652260825256,1027.6652260825256,1002.3375749152423,1009.6124267578125,3854900,0.0,0.0
2025-12-05 00:00:00-05:00,1018.9174308844911,1022.4503504293466,999.1727943572973,1005.4524536132812,2502100,0.0,0.0
2025-12-08 00:00:00-05:00,1005.880440675848,1009.3238271651829,984.1255562238156,992.793701171875,3088600,0.0,0.0
2025-12-09 00:00:00-05:00,998.0184756471401,1007.1344085874507,974.4721964665882,977.49755859375,2569700,0.0,0.0
2025-12-10 00:00:00-05:00,980.2641967670606,998.1776541699105,972.4220783335878,988.8626708984375,2966300,0.0,0.0
2025-12-11 00:00:00-05:00,1003.3029107290122,1026.6003911277228,982.2545741295546,1004.5269775390625,4517000,0.0,0.0
2025-12-12 00:00:00-05:00,1003.9099727118289,1023.953155788472,998.6752526504147,1022.56982421875,3275200,0.0,0.0
2025-12-15 00:00:00-05:00,1027.5856217270668,1059.8795558446513,1027.5856217270668,1057.0830078125,4648400,0.0,0.0
2025-12-16 00:00:00-05:00,1058.3867492772738,1063.1139115330961,1031.2478425312397,1049.2210693359375,4024500,0.0,0.0
2025-12-17 00:00:00-05:00,1059.1829099005677,1059.1829099005677,1031.426990030952,1036.7811279296875,3726600,0.0,0.0
2025-12-18 00:00:00-05:00,1036.791251857046,1074.0711116906043,1034.5421078329628,1051.7987060546875,3848600,0.0,0.0
2025-12-19 00:00:00-05:00,1053.918283688974,1070.2095717776688,1053.918283688974,1066.2884521484375,5829100,0.0,0.0
2025-12-22 00:00:00-05:00,1071.5431576630015,1078.2706656568955,1057.889151858066,1071.3043212890625,2625600,0.0,0.0
2025-12-23 00:00:00-05:00,1058.3867926699036,1083.246671757141,1058.3867926699036,1066.4876708984375,2108600,0.0,0.0
2025-12-24 00:00:00-05:00,1069.4731645765346,1080.5098100384805,1067.5523905295024,1071.8018798828125,932800,0.0,0.0
2025-12-26 00:00:00-05:00,1071.8019199849723,1076.190750962992,1063.1637209780502,1072.5682373046875,1014600,0.0,0.0
2025-12-29 00:00:00-05:00,1072.7671781077802,1080.2809263732895,1069.2143960863602,1073.54345703125,1653000,0.0,0.0
2025-12-30 00:00:00-05:00,1073.7724751530766,1077.166114374219,1066.915586713523,1074.5587158203125,1251500,0.0,0.0
2025-12-31 00:00:00-05:00,1074.5685934779876,1078.29060208122,1069.2642635072675,1069.5130615234375,1646700,0.0,0.0
2026-01-02 00:00:00-05:00,1071.2247278409297,1075.464255617107,1047.0215895852186,1075.1656494140625,2469100,0.0,0.0
2026-01-05 00:00:00-05:00,1064.0891348034304,1080.1615100825825,1028.4115254950566,1036.50244140625,4084800,0.0,0.0
2026-01-06 00:00:00-05:00,1039.0899632035066,1065.6814657887062,1034.9301284393675,1058.9241943359375,2690700,0.0,0.0
2026-01-07 00:00:00-05:00,1071.8218421580543,1112.2863850890499,1070.7868035472047,1102.7623291015625,4652800,0.0,0.0
2026-01-08 00:00:00-05:00,1108.3352605124414,1128.4978590658727,1065.0046857733964,1079.9722900390625,3156000,0.0,0.0
2026-01-09 00:00:00-05:00,1081.6046752997358,1099.2096881685902,1057.9191742610196,1058.4466552734375,2561900,0.0,0.0
2026-01-12 00:00:00-05:00,1052.9130755485373,1078.1511286415237,1052.9130755485373,1075.802490234375,2380200,0.0,0.0
2026-01-13 00:00:00-05:00,1077.7929883708016,1084.9782458039233,1063.9498329628004,1072.0108642578125,2194200,0.0,0.0
2026-01-14 00:00:00-05:00,1076.5490469772049,1078.7882291872338,1056.0182292321372,1068.1297607421875,1912600,0.0,0.0
2026-01-15 00:00:00-05:00,1057.4513613352847,1062.5168550382598,1007.701657927322,1028.0035400390625,4183400,0.0,0.0
2026-01-16 00:00:00-05:00,1019.5046666288865,1044.8919045924151,1013.1055281604002,1033.407470703125,3829000,0.0,0.0
2026-01-20 00:00:00-05:00,1023.2066106819742,1040.8214593108326,1011.075218583448,1036.283447265625,2484900,0.0,0.0
2026-01-21 00:00:00-05:00,1038.8410846478648,1076.1308989459467,1037.0099654218084,1073.33447265625,3685900,0.0,0.0
2026-01-22 00:00:00-05:00,1073.3345902171448,1090.2130091554063,1066.5871587042977,1082.1519775390625,2478200,0.0,0.0
2026-01-23 00:00:00-05:00,1078.5195728511048,1079.106702206191,1057.9091822310959,1059.173095703125,2592900,0.0,0.0
2026-01-26 00:00:00-05:00,1057.1029382625823,1061.949518822945,1038.3037453317777,1057.640380859375,2244900,0.0,0.0
2026-01-27 00:00:00-05:00,1058.993784794818,1068.2291960618759,1029.8347309765086,1034.5120849609375,2587900,0.0,0.0
2026-01-28 00:00:00-05:00,1024.1620919498616,1024.739259613826,999.3121752303159,1018.8776245117188,3300200,0.0,0.0
2026-01-29 00:00:00-05:00,1020.4301085662311,1034.999734795593,1013.1055096364555,1019.2160034179688,2293000,0.0,0.0
2026-01-30 00:00:00-05:00,1028.3321086950605,1043.528590949534,1015.0960043585862,1032.16357421875,3303100,0.0,0.0
2026-02-02 00:00:00-05:00,1032.581466529788,1052.3261662711911,1032.581466529788,1039.1099853515625,2757100,0.0,0.0
2026-02-03 00:00:00-05:00,1035.7461900167323,1043.757535107464,988.8029951261738,998.635498046875,5483900,0.0,0.0
2026-02-04 00:00:00-05:00,1069.950970603882,1108.6440459353612,1059.8796309884738,1101.797119140625,7119400,0.0,0.0
2026-02-05 00:00:00-05:00,1060.377135242397,1069.8314597706021,1000.9940422923881,1015.931884765625,7742400,0.0,0.0
2026-02-06 00:00:00-05:00,1050.9228350424307,1054.9235266359035,1028.302138532319,1053.0924072265625,4887100,0.0,0.0
2026-02-09 00:00:00-05:00,1071.9113878834053,1101.6178467438212,1037.9057527524499,1039.6473388671875,3423800,0.0,0.0
2026-02-10 00:00:00-05:00,1045.6085626381637,1050.5745614834675,1018.9572891247709,1020.0718994140625,3539400,0.0,0.0
2026-02-11 00:00:00-05:00,1021.5646762760819,1025.1473434889897,1007.7514052631049,1010.3289794921875,2599900,0.0,0.0
2026-02-12 00:00:00-05:00,1019.942598809956,1054.744439989017,1007.1344803861216,1033.2781982421875,3592200,0.0,0.0
2026-02-13 00:00:00-05:00,1036.70721632076,1060.9905420363666,1030.4369716915373,1036.7271728515625,2698700,1.73,0.0
2026-02-17 00:00:00-05:00,1042.3195249332168,1063.6422267235766,1031.6233109515094,1032.7896728515625,2984600,0.0,0.0
2026-02-18 00:00:00-05:00,1029.111242983471,1034.2749955395802,1008.1274975750979,1017.348388671875,3236900,0.0,0.0
2026-02-19 00:00:00-05:00,1007.6389977676549,1022.0036233112775,1003.8310118515171,1019.9999389648438,2145800,0.0,0.0
2026-02-20 00:00:00-05:00,1020.6379168251309,1025.4128817228775,999.3052987370422,1006.3430786132812,3249400,0.0,0.0
2026-02-23 00:00:00-05:00,1043.7250373186002,1061.1001167943648,1030.7459919157943,1055.228759765625,4767600,0.0,0.0
2026-02-24 00:00:00-05:00,1039.6678928674237,1055.5677728378416,1020.8572797216431,1038.8704833984375,2803100,0.0,0.0
2026-02-25 00:00:00-05:00,1033.3178963354198,1050.3142896040592,1023.7680878719297,1025.59228515625,2481900,0.0,0.0
2026-02-26 00:00:00-05:00,1020.8572259755092,1023.6883762469391,1004.2098287420687,1018.8037719726562,2666400,0.0,0.0
2026-02-27 00:00:00-05:00,1015.9627185508582,1049.686274687273,1014.1584169416718,1048.679443359375,4325900,0.0,0.0
2026-03-02 00:00:00-05:00,1041.3326378577037,1052.8761524764825,1009.8121489925305,1014.7664794921875,3094300,0.0,0.0
2026-03-03 00:00:00-05:00,1011.8058570444964,1016.8001006156387,991.9385828373936,1004.5587158203125,2846000,0.0,0.0
2026-03-04 00:00:00-05:00,1008.4464987253422,1012.4637850492836,990.5330170166296,1000.411865234375,1965500,0.0,0.0
2026-03-05 00:00:00-05:00,986.8845515245071,990.4333460639426,962.5613119779828,980.165771484375,3769900,0.0,0.0
2026-03-06 00:00:00-05:00,971.9317266385822,988.100653952957,963.049792707641,987.2135009765625,2627800,0.0,0.0
2026-03-09 00:00:00-04:00,983.784333950107,1005.7549535551999,977.4941935562766,1005.2166748046875,2802200,0.0,0.0
2026-03-10 00:00:00-04:00,1002.83418258969,1008.8153009749168,990.8719458192365,998.1987915039062,1663700,0.0,0.0
2026-03-11 00:00:00-04:00,996.8830080332632,999.773845439799,987.1835862573768,996.693603515625,1446900,0.0,0.0
2026-03-12 00:00:00-04:00,990.3237148506786,991.3703984270073,970.0975267063949,974.1746826171875,2340100,0.0,0.0
2026-03-13 00:00:00-04:00,977.0455458989162,1000.0628478357056,974.9222441194306,981.97998046875,1984400,0.0,0.0
2026-03-16 00:00:00-04:00,988.8583094558494,995.0288325210872,972.4401682564842,986.00732421875,2289900,0.0,0.0
2026-03-17 00:00:00-04:00,975.8394027418863,978.0823221781021,922.3383148260817,927.4222412109375,5637500,0.0,0.0
2026-03-18 00:00:00-04:00,922.0890907194316,926.0765030036238,902.2616685339464,915.1609497070312,3443800,0.0,0.0
2026-03-19 00:00:00-04:00,911.1237460352095,921.6206385284581,907.9936126554613,914.6127319335938,2379000,0.0,0.0
2026-03-20 00:00:00-04:00,907.6845396228465,922.4678875062737,896.459964456981,903.8466796875,4818800,0.0,0.0
2026-03-23 00:00:00-04:00,910.6153208352844,923.8635373611237,904.3750107474923,907.6845703125,2817500,0.0,0.0
2026-03-24 00:00:00-04:00,904.1457394620375,905.8104670620288,892.7915683299592,900.1782836914062,2572700,0.0,0.0
2026-03-25 00:00:00-04:00,909.6184665310294,919.2481014543755,906.2292025302396,913.4264526367188,2177700,0.0,0.0
2026-03-26 00:00:00-04:00,909.5087898214708,913.4662672217889,893.4693974902108,894.1771850585938,2163200,0.0,0.0
2026-03-27 00:00:00-04:00,893.1803158561031,897.9951330323274,874.3497474964851,875.4761962890625,2740800,0.0,0.0
2026-03-30 00:00:00-04:00,885.6839975952473,894.6058447547833,880.3309014681423,883.83984375,3070200,0.0,0.0
2026-03-31 00:00:00-04:00,890.6782812475881,921.2318536028338,889.3325538776669,916.8756103515625,3464200,0.0,0.0
2026-04-01 00:00:00-04:00,923.963201213778,973.6064731575028,923.0759873572212,951.5162353515625,6267900,0.0,0.0
2026-04-02 00:00:00-04:00,942.0261420149325,954.6762097842849,927.0933026409266,932.6358032226562,2727100,0.0,0.0
2026-04-06 00:00:00-04:00,929.1069481644025,933.0545083725664,916.885580177885,924.1426391601562,1821100,0.0,0.0
2026-04-07 00:00:00-04:00,921.5906238874534,929.7249178205777,895.6226146907172,928.159912109375,2726900,0.0,0.0
2026-04-08 00:00:00-04:00,938.5571509390544,958.1154039093881,930.193538820966,950.300048828125,2568000,0.0,0.0
2026-04-09 00:00:00-04:00,945.4851977929503,960.7271201034192,936.3340939531898,952.18408203125,1672100,0.0,0.0
2026-04-10 00:00:00-04:00,960.6573634516782,960.9065767259203,932.5959244347699,936.5135498046875,1958900,0.0,0.0
2026-04-13 00:00:00-04:00,937.0119477769471,942.9233400036062,924.2522406934972,926.624755859375,2089600,0.0,0.0
2026-04-14 00:00:00-04:00,922.0891176135883,936.9721270972515,912.1604388328548,919.5969848632812,2360200,0.0,0.0
2026-04-15 00:00:00-04:00,920.593792445002,927.0733372754216,885.2354439366069,902.1819458007812,4233400,0.0,0.0
2026-04-16 00:00:00-04:00,908.801026960914,917.1048301218852,895.3236147437239,901.1452026367188,2836600,0.0,0.0
2026-04-17 00:00:00-04:00,914.9117367117833,927.0633780852016,914.9117367117833,924.1127319335938,3266100,0.0,0.0
2026-04-20 00:00:00-04:00,923.9831596651563,926.714527415211,909.6284507354939,917.0051879882812,1926300,0.0,0.0
2026-04-21 00:00:00-04:00,907.335681472196,910.1766884000859,878.3371987354724,900.1782836914062,4062800,0.0,0.0
2026-04-22 00:00:00-04:00,903.5476988439485,919.6368620764358,899.3907774964442,918.5802001953125,2623800,0.0,0.0
2026-04-23 00:00:00-04:00,926.5649128306416,927.0733176106758,909.0203238453491,914.76220703125,2149200,0.0,0.0
2026-04-24 00:00:00-04:00,897.1777015529327,897.5863845225863,868.9866687765003,881.17822265625,4463700,0.0,0.0
2026-04-27 00:00:00-04:00,875.3666156333151,888.3954929226531,865.3083411056161,865.5376586914062,2700300,0.0,0.0
2026-04-28 00:00:00-04:00,869.1562665576963,875.3865986071032,860.6331236396386,871.2496337890625,2561300,0.0,0.0
2026-04-29 00:00:00-04:00,863.3145980370119,866.2852615148557,847.8335017278876,848.5313110351562,3904600,0.0,0.0
2026-04-30 00:00:00-04:00,895.9516503339994,942.5245975408566,893.9778398405214,931.6588745117188,8236700,0.0,0.0
2026-05-01 00:00:00-04:00,945.9637102440191,981.3519933797763,940.8298927194866,960.2984619140625,4352400,0.0,0.0
2026-05-04 00:00:00-04:00,956.9789952621817,971.1542174248215,948.7649352877417,964.884033203125,3696900,0.0,0.0
2026-05-05 00:00:00-04:00,968.8315715497023,989.6757430478592,961.3750690069656,985.7581176757812,2955500,0.0,0.0
2026-05-06 00:00:00-04:00,988.2302425491248,993.3540818065266,980.4049704773616,983.9437866210938,3921200,0.0,0.0
2026-05-07 00:00:00-04:00,982.2691205937397,985.8877021637693,964.0565952407051,971.8919067382812,3494900,0.0,0.0
2026-05-08 00:00:00-04:00,971.0046408254262,976.9159720079372,944.528226711669,945.4652709960938,3559200,0.0,0.0
2026-05-11 00:00:00-04:00,946.0135830822682,991.8688252548543,940.2916560764954,963.9469604492188,3517500,0.0,0.0
2026-05-12 00:00:00-04:00,971.3735082738284,994.3808941728176,968.1237575297004,986.7549438476562,3037500,0.0,0.0
2026-05-13 00:00:00-04:00,991.6195531343258,1019.6012250311029,988.8782072975633,1012.553466796875,3486400,0.0,0.0
2026-05-14 00:00:00-04:00,1014.2880666688498,1014.9659194861617,992.8756812195201,1003.5320434570312,1751700,0.0,0.0
2026-05-15 00:00:00-04:00,1005.5390444380284,1012.9284798016497,995.9827312970458,1003.4819946289062,2820700,1.73,0.0
2026-05-18 00:00:00-04:00,999.178190877578,1001.5647856023525,977.4693088655251,986.6761474609375,2016000,0.0,0.0
2026-05-19 00:00:00-04:00,988.094107956462,1020.3378818647412,983.1910996039106,1019.9484252929688,3796000,0.0,0.0
2026-05-20 00:00:00-04:00,1023.5232860815062,1036.3948558298027,1002.2537773964797,1017.4120483398438,2998800,0.0,0.0
2026-05-21 00:00:00-04:00,1022.8343960843537,1045.8014857929354,1020.5376383552378,1040.1595458984375,2705200,0.0,0.0
2026-05-22 00:00:00-04:00,1048.307868346138,1068.808398995321,1045.57167691261,1063.47607421875,3470600,0.0,0.0
2026-05-26 00:00:00-04:00,1073.4617591589422,1080.451742706954,1058.8426932253383,1063.2164306640625,2981000,0.0,0.0
2026-05-27 00:00:00-04:00,1070.7257027626156,1091.4360159485423,1068.3690943364431,1081.3704833984375,2583000,0.0,0.0
2026-05-28 00:00:00-04:00,1095.0707462541504,1147.455638110124,1090.4473668092492,1125.1876220703125,4600700,0.0,0.0
2026-05-29 00:00:00-04:00,1125.3873427999506,1131.0392778714993,1087.4517135516282,1103.4188232421875,4600800,0.0,0.0
2026-06-01 00:00:00-04:00,1093.4330996678991,1104.587159735981,1070.0665597342254,1080.6513671875,2693400,0.0,0.0
2026-06-02 00:00:00-04:00,1065.8426825442275,1076.677132769508,1050.6444902803703,1062.6273193359375,2408500,0.0,0.0
2026-06-03 00:00:00-04:00,1057.9838879593763,1091.7155790692293,1052.002469217514,1077.236328125,2655600,0.0,0.0
2026-06-04 00:00:00-04:00,1107.0136004539754,1138.8279950698538,1100.0436081393668,1123.6597900390625,4046700,0.0,0.0
2026-06-05 00:00:00-04:00,1141.3344246475979,1164.6211228863247,1129.4115688381448,1129.801025390625,4126200,0.0,0.0
2026-06-08 00:00:00-04:00,1157.3414957152966,1181.03751908803,1141.9635084077702,1147.505615234375,4504400,0.0,0.0
2026-06-09 00:00:00-04:00,1163.3329844381367,1172.919223278413,1136.1219768622232,1143.0421142578125,3822000,0.0,0.0
2026-06-10 00:00:00-04:00,1150.8508199949233,1164.7509449309998,1131.9079945381154,1134.743896484375,2700600,0.0,0.0
2026-06-11 00:00:00-04:00,1138.0790993007117,1168.445618410937,1124.029286323124,1159.2886962890625,2764900,0.0,0.0
2026-06-12 00:00:00-04:00,1163.3329952068277,1168.3158452372213,1131.1891145616216,1131.3787841796875,2438400,0.0,0.0
2026-06-15 00:00:00-04:00,1132.3773795658822,1135.8623760352932,1110.4188544174863,1127.7340087890625,3167200,0.0,0.0
2026-06-16 00:00:00-04:00,1137.1903926745556,1145.0491265040994,1113.9038152274152,1120.893798828125,2260700,0.0,0.0
2026-06-17 00:00:00-04:00,1115.1020393795836,1119.8852242643832,1103.3189974099319,1110.4088134765625,2383300,0.0,0.0
2026-06-18 00:00:00-04:00,1118.8866018077886,1120.7239346907902,1087.1021934898963,1096.9979248046875,4470500,0.0,0.0
2026-06-22 00:00:00-04:00,1110.6484253196847,1117.8480691305167,1091.5857763735082,1100.5029296875,3015000,0.0,0.0
2026-06-23 00:00:00-04:00,1115.4016990916177,1120.4145355415992,1077.6757287518992,1105.495849609375,3316300,0.0,0.0
2026-06-24 00:00:00-04:00,1127.7938930925102,1133.5156741858484,1099.4045216639347,1115.6612548828125,2908200,0.0,0.0
2026-06-25 00:00:00-04:00,1125.377344355867,1143.7910213581729,1112.4059419123287,1126.0762939453125,2757200,0.0,0.0
2026-06-26 00:00:00-04:00,1127.1847919697527,1214.0203175181387,1126.385887971802,1206.3912353515625,7725800,0.0,0.0
2026-06-29 00:00:00-04:00,1221.0303724597723,1236.2285651446412,1201.4184604014058,1228.170166015625,3684700,0.0,0.0
2026-06-30 00:00:00-04:00,1227.1215552703966,1228.289924956779,1188.4968502714457,1197.7137451171875,3723600,0.0,0.0
2026-07-01 00:00:00-04:00,1215.7678118488911,1215.7678118488911,1172.2502166027728,1190.03466796875,2720400,0.0,0.0
2026-07-02 00:00:00-04:00,1191.3028563838745,1230.2370533783453,1178.611082932329,1212.1729736328125,3296100,0.0,0.0
2026-07-06 00:00:00-04:00,1206.2714756707733,1212.0532297801387,1181.6467274753898,1198.3428955078125,2348800,0.0,0.0
2026-07-07 00:00:00-04:00,1231.115895395489,1247.662131997204,1221.020376270165,1233.7921142578125,2933800,0.0,0.0
2026-07-08 00:00:00-04:00,1219.352688556181,1240.1129788951298,1202.4369867212156,1214.0902099609375,2608600,0.0,0.0
2026-07-09 00:00:00-04:00,1209.906279625841,1228.2399936845827,1198.6523863592656,1215.2086181640625,2088100,0.0,0.0
2026-07-10 00:00:00-04:00,1208.5781581082656,1211.2242685582582,1176.633822247918,1186.879150390625,2010200,0.0,0.0
2026-07-13 00:00:00-04:00,1178.4213416763978,1194.5782430153513,1164.3415420358285,1180.1788330078125,2072700,0.0,0.0
2026-07-14 00:00:00-04:00,1164.34156565823,1164.34156565823,1139.1077050062586,1150.890869140625,2642900,0.0,0.0
2026-07-15 00:00:00-04:00,1143.8608966985407,1159.1589215781396,1132.7768041389054,1154.9749755859375,2552200,0.0,0.0
2026-07-16 00:00:00-04:00,1160.606919191865,1187.3684977461296,1139.567000141386,1167.4970703125,2791100,0.0,0.0
2026-07-17 00:00:00-04:00,1157.7908279788985,1186.2500457002395,1149.3629637671152,1177.4227294921875,2757500,0.0,0.0
2026-07-20 00:00:00-04:00,1177.962048757002,1185.421330587627,1142.7924747409952,1145.2589111328125,2644200,0.0,0.0
2026-07-21 00:00:00-04:00,1141.3644904916512,1175.8949663653013,1137.3702140594844,1173.7281494140625,2092000,0.0,0.0
2026-07-22 00:00:00-04:00,1172.2302524500267,1173.3186586068066,1151.84942357698,1161.3458251953125,1555800,0.0,0.0
2026-07-23 00:00:00-04:00,1144.9792597871108,1187.8877433808489,1140.1462196291377,1184.173095703125,1909900,0.0,0.0
2026-07-24 00:00:00-04:00,1192.6409538306436,1205.2129043908355,1185.8007800260423,1194.318603515625,1983300,0.0,0.0
2026-07-27 00:00:00-04:00,1199.28141154798,1203.3256648997135,1181.7564762179802,1195.81640625,1592800,0.0,0.0
2026-07-28 00:00:00-04:00,1215.8576502767883,1230.2370689685347,1203.2857000745194,1218.913330078125,2375400,0.0,0.0
2026-07-29 00:00:00-04:00,1213.441224787548,1227.4310654142278,1203.0760728910564,1208.28857421875,2170900,0.0,0.0
2026-07-30 00:00:00-04:00,1172.3500452513354,1184.9519817244313,1151.4899232721182,1153.3172607421875,3027700,0.0,0.0
2026-07-31 00:00:00-04:00,1146.8665610144578,1148.9835225461318,1117.398778298039,1147.196044921875,2884600,0.0,0.0
2026-08-03 00:00:00-04:00,1150.351541298827,1160.2772591088094,1107.5628820454413,1119.75537109375,2934000,0.0,0.0
2026-08-04 00:00:00-04:00,1115.7811368621565,1134.2046878507613,1107.5729281811102,1114.0836181640625,4097200,0.0,0.0
2026-08-05 00:00:00-04:00,1172.3201258664246,1215.1986246007277,1136.8010765387792,1168.18603515625,6445700,0.0,0.0
2026-08-06 00:00:00-04:00,1194.8378857435737,1229.1187185012384,1171.8208196082655,1190.234375,3422400,0.0,0.0
2026-08-07 00:00:00-04:00,1186.3000678654585,1195.0875245338289,1159.5383677445811,1184.0133056640625,2898500,0.0,0.0
2026-08-10 00:00:00-04:00,1183.3143457370384,1230.1771240234375,1182.715228672979,1230.1771240234375,3011900,0.0,0.0
2026-08-11 00:00:00-04:00,1228.8890110102868,1236.2284690605584,1207.7992378032698,1213.2813720703125,2113200,0.0,0.0
2026-08-12 00:00:00-04:00,1200.0104299084633,1224.745006119121,1189.3756445711867,1218.533935546875,1941600,0.0,0.0
2026-08-13 00:00:00-04:00,1236.5281423774013,1238.3254935867142,1204.2743122867555,1207.27001953125,1927300,0.0,0.0
2026-08-14 00:00:00-04:00,1194.010009765625,1199.0,1171.199951171875,1180.1600341796875,2274500,1.73,0.0
2026-08-17 00:00:00-04:00,1175.199951171875,1198.52001953125,1163.5,1183.1600341796875,1807000,0.0,0.0
2026-08-18 00:00:00-04:00,1200.0,1228.469970703125,1194.010009765625,1225.72998046875,2509100,0.0,0.0
2026-08-19 00:00:00-04:00,1245.81005859375,1292.6500244140625,1240.5400390625,1280.3399658203125,4541800,0.0,0.0
2026-08-20 00:00:00-04:00,1274.1300048828125,1280.280029296875,1243.22998046875,1244.4000244140625,2621400,0.0,0.0
2026-08-21 00:00:00-04:00,1232.0,1271.219970703125,1230.0,1255.4000244140625,2497300,0.0,0.0
2026-08-24 00:00:00-04:00,1262.1400146484375,1262.1400146484375,1230.949951171875,1246.9300537109375,1664600,0.0,0.0
2026-08-25 00:00:00-04:00,1249.0,1264.72998046875,1229.7900390625,1233.6600341796875,2141100,0.0,0.0
2026-08-26 00:00:00-04:00,1234.0,1235.780029296875,1180.010009765625,1189.4100341796875,3000500,0.0,0.0
2026-08-27 00:00:00-04:00,1182.25,1190.1099853515625,1171.7099609375,1176.0999755859375,2730600,0.0,0.0
2026-08-28 00:00:00-04:00,1172.6600341796875,1180.0,1162.9300537109375,1174.6099853515625,2450800,0.0,0.0
2026-08-31 00:00:00-04:00,1168.469970703125,1171.449951171875,1147.0,1156.72998046875,3055800,0.0,0.0
2026-09-01 00:00:00-04:00,1188.0,1188.3299560546875,1156.8499755859375,1160.0,2520100,0.0,0.0
2026-09-02 00:00:00-04:00,1164.1500244140625,1187.8299560546875,1158.0,1160.0799560546875,2445100,0.0,0.0
2026-09-03 00:00:00-04:00,1170.0,1171.6600341796875,1137.5,1159.5999755859375,2550500,0.0,0.0
2026-09-04 00:00:00-04:00,1150.6099853515625,1158.43994140625,1138.31005859375,1149.3599853515625,2218900,0.0,0.0
