Date,Open,High,Low,Close,Volume,Dividends,Stock Splits
2021-01-04 00:00:00-05:00,144.3906254315903,144.93847868345094,141.12147214133333,144.0403594970703,7243400,0.0,0.0
2021-01-05 00:00:00-05:00,143.196132225398,145.56716644445476,142.90872749377323,144.5253448486328,3911900,0.0,0.0
2021-01-06 00:00:00-05:00,142.2351426078651,148.3243900852099,141.90284286751063,146.45631408691406,4937000,0.0,0.0
2021-01-07 00:00:00-05:00,146.7976081230492,148.0459934977978,146.20484605049444,147.0311279296875,4144100,0.0,0.0
2021-01-08 00:00:00-05:00,147.05809998213584,149.31237511806955,146.42940533405476,148.23463439941406,4971200,0.0,0.0
2021-01-11 00:00:00-05:00,148.10886207806232,150.3451704402548,147.5610087383025,149.37521362304688,3005200,0.0,0.0
2021-01-12 00:00:00-05:00,149.34827517447636,152.89585791460652,148.33340952935862,151.77320861816406,4036900,0.0,0.0
2021-01-13 00:00:00-05:00,152.79708753887564,154.19815188190594,151.97979543736892,152.52764892578125,3291800,0.0,0.0
2021-01-14 00:00:00-05:00,152.9946751189174,154.9974779344576,152.65338529498766,153.0305938720703,4090900,0.0,0.0
2021-01-15 00:00:00-05:00,151.32418676620844,154.48555810904156,150.88410319836123,153.88381958007812,3727200,0.0,0.0
2021-01-19 00:00:00-05:00,155.83055429092425,156.65071843250414,153.7936762739965,153.90182495117188,4683100,0.6,0.0
2021-01-20 00:00:00-05:00,154.33443397836635,156.86701613659028,152.9013953663558,155.3708953857422,3899800,0.0,0.0
2021-01-21 00:00:00-05:00,156.4524460698033,157.78634401269227,155.25374773386466,155.3258514404297,5322600,0.0,0.0
2021-01-22 00:00:00-05:00,154.92025249533467,156.93009310503027,154.14515497846406,155.37989807128906,3612300,0.0,0.0
2021-01-25 00:00:00-05:00,155.83957390634126,157.85842253444906,154.51469761795806,156.91209411621094,4764100,0.0,0.0
2021-01-26 00:00:00-05:00,157.08332402994967,157.63310271619363,155.92068451438442,156.55157470703125,2496200,0.0,0.0
2021-01-27 00:00:00-05:00,154.1542212120075,154.89327403833462,150.54911767451796,151.15298461914062,4762700,0.0,0.0
2021-01-28 00:00:00-05:00,152.21645301383364,156.57862411819812,151.19800706811964,155.3258514404297,3816600,0.0,0.0
2021-01-29 00:00:00-05:00,154.61386204697803,154.83918099086682,150.06241662994864,150.37786865234375,4400500,0.0,0.0
2021-02-01 00:00:00-05:00,150.62116201820993,151.58553343545904,146.13281373408225,147.2413787841797,3898500,0.0,0.0
2021-02-02 00:00:00-05:00,147.70104377824936,151.22502078047256,147.30448032984603,150.2065887451172,3181900,0.0,0.0
2021-02-03 00:00:00-05:00,149.84607658360383,153.41513401728088,149.7108907443023,153.10870361328125,2996500,0.0,0.0
2021-02-04 00:00:00-05:00,153.69453428145258,156.04686425948452,153.04561471838343,155.94772338867188,2679800,0.0,0.0
2021-02-05 00:00:00-05:00,157.43480745399876,157.9034745935841,156.09191567764887,157.75025939941406,2562700,0.0,0.0
2021-02-08 00:00:00-05:00,158.60651065335983,161.51764137475553,158.1829099292528,161.48158264160156,3421800,0.0,0.0
2021-02-09 00:00:00-05:00,161.17513250354304,161.7429405862221,159.86828550991913,160.22879028320312,2723800,0.0,0.0
2021-02-10 00:00:00-05:00,161.32833608867935,161.32833608867935,157.84941164304078,159.74209594726562,2837900,0.0,0.0
2021-02-11 00:00:00-05:00,159.5167345554318,160.10255805184474,157.61504295236415,158.38111877441406,2783900,0.0,0.0
2021-02-12 00:00:00-05:00,158.41724069900374,160.12965910436168,158.09278088245023,159.67001342773438,2035500,0.0,0.0
2021-02-16 00:00:00-05:00,158.8678473846935,159.79616011465083,156.75885211488514,156.8760223388672,2947700,0.0,0.0
2021-02-17 00:00:00-05:00,156.68674662323357,159.9493594376753,156.3712947064503,159.64292907714844,2244100,0.0,0.0
2021-02-18 00:00:00-05:00,158.58848529001483,160.47214828638383,158.0387065384207,159.67001342773438,2758700,0.0,0.0
2021-02-19 00:00:00-05:00,159.98544451864953,161.41848333311927,159.32751710846895,160.01248168945312,2842000,0.0,0.0
2021-02-22 00:00:00-05:00,158.8227891493218,159.06613741477082,155.19965734520386,155.38893127441406,3767700,0.0,0.0
2021-02-23 00:00:00-05:00,153.89275708919607,154.03696443740327,148.71042412718802,151.9459991455078,5149500,0.0,0.0
2021-02-24 00:00:00-05:00,152.0091151414498,152.86532403717993,144.3032075751358,146.2860107421875,9972300,0.0,0.0
2021-02-25 00:00:00-05:00,147.34953373420248,147.35854153818255,142.35645985476054,142.8701934814453,6639300,0.0,0.0
2021-02-26 00:00:00-05:00,144.51050900503503,146.38516367762023,143.41997336166006,143.978759765625,6030400,0.0,0.0
2021-03-01 00:00:00-05:00,144.88906330381639,147.35856344637187,144.88906330381639,145.95257568359375,3361100,0.0,0.0
2021-03-02 00:00:00-05:00,146.39421785512724,148.52122923891557,146.36718068200776,146.95301818847656,4330900,0.0,0.0
2021-03-03 00:00:00-05:00,146.17791704902675,146.7547329827046,142.60885900463592,142.66293334960938,5238500,0.0,0.0
2021-03-04 00:00:00-05:00,141.65348873733313,142.65390523404804,135.94841236443173,138.5891571044922,7792700,0.0,0.0
2021-03-05 00:00:00-05:00,139.6526361597835,143.38391618463837,136.15569656675805,142.9242706298828,5143100,0.0,0.0
2021-03-08 00:00:00-05:00,143.96975073354372,148.98084022310874,143.5641657639344,146.83580017089844,4613400,0.0,0.0
2021-03-09 00:00:00-05:00,149.3774032975291,152.51383812338483,148.71045449017362,149.60272216796875,4585200,0.0,0.0
2021-03-10 00:00:00-05:00,150.513034688246,153.57736642046982,150.0263518846105,151.8289031982422,3394900,0.0,0.0
2021-03-11 00:00:00-05:00,153.95591816432653,156.0378627834697,153.54132530073556,153.892822265625,4989600,0.0,0.0
2021-03-12 00:00:00-05:00,153.2889694739424,154.86620191568392,152.5228796441463,154.6138458251953,3638700,0.0,0.0
2021-03-15 00:00:00-04:00,155.5241059211941,158.0026136711612,155.5241059211941,157.002197265625,3745200,0.0,0.0
2021-03-16 00:00:00-04:00,156.83997636169488,159.09316525537133,156.79490983334662,158.02064514160156,3737200,0.0,0.0
2021-03-17 00:00:00-04:00,157.55198869630573,158.55240518310524,156.71380897209846,157.21852111816406,3119900,0.0,0.0
2021-03-18 00:00:00-04:00,155.83954114693952,159.192286916544,155.2987703767303,157.6060333251953,3888100,0.0,0.0
2021-03-19 00:00:00-04:00,157.0382617101307,162.72530840868933,157.0382617101307,161.76995849609375,8525100,0.0,0.0
2021-03-22 00:00:00-04:00,161.82404743190745,165.47421660376816,160.73349783274466,163.9330291748047,4700200,0.0,0.0
2021-03-23 00:00:00-04:00,163.35620819586467,165.65446380647452,162.17553931907727,162.59011840820312,3324400,0.0,0.0
2021-03-24 00:00:00-04:00,163.23906231666737,165.96992678711442,162.8154616065104,162.84249877929688,3555400,0.0,0.0
2021-03-25 00:00:00-04:00,161.96821910072416,167.79045087577958,161.79697456280394,166.88917541503906,4543300,0.0,0.0
2021-03-26 00:00:00-04:00,167.49305628292674,172.90973150769656,167.0424184773319,172.69342041015625,4795200,0.0,0.0
2021-03-29 00:00:00-04:00,173.04492759719773,173.86509175252536,169.25055099831823,169.9986114501953,3970900,0.0,0.0
2021-03-30 00:00:00-04:00,168.43939424163287,172.16166682415636,168.2681496793801,171.26039123535156,3547600,0.0,0.0
2021-03-31 00:00:00-04:00,172.13464690285056,173.20715340898843,170.4943185657418,171.40460205078125,3564200,0.0,0.0
2021-04-01 00:00:00-04:00,172.32389018980726,172.93676474271226,170.96296899871726,172.4320526123047,3192200,0.0,0.0
2021-04-05 00:00:00-04:00,172.91874492965346,175.4513272789793,172.368966238875,174.6041259765625,3507200,0.0,0.0
2021-04-06 00:00:00-04:00,173.8470411847367,175.7216959886762,173.48653646382945,175.0277099609375,2917700,0.0,0.0
2021-04-07 00:00:00-04:00,174.39681837660254,175.52341281055993,173.65776582678726,174.55003356933594,3276300,0.0,0.0
2021-04-08 00:00:00-04:00,175.09083276406204,175.84790104576012,174.2075726830386,175.03675842285156,2684300,0.0,0.0
2021-04-09 00:00:00-04:00,176.10921845305236,179.0563930423531,175.117823703711,178.9121856689453,3168500,0.0,0.0
2021-04-12 00:00:00-04:00,178.59675988648817,181.13834969514667,178.59675988648817,180.84092712402344,3647900,0.0,0.0
2021-04-13 00:00:00-04:00,180.8950296253082,181.35467522511306,179.3718716786252,180.0027618408203,2964500,0.0,0.0
2021-04-14 00:00:00-04:00,181.20146040699532,184.02244365654934,180.90403781153933,181.62506103515625,3371900,0.0,0.0
2021-04-15 00:00:00-04:00,180.84093486095915,184.82458492168055,180.80488988975347,184.3739471435547,3656300,0.0,0.0
2021-04-16 00:00:00-04:00,186.1765069068283,188.3485706465169,185.0048458787846,187.69064331054688,6359800,0.0,0.0
2021-04-19 00:00:00-04:00,185.67179880545024,186.82543058137335,183.40059398231287,183.86924743652344,3828800,0.0,0.0
2021-04-20 00:00:00-04:00,183.87829267760333,184.40257616695644,181.1755244634229,183.29074096679688,3006200,0.6,0.0
2021-04-21 00:00:00-04:00,184.22174896087705,185.24318498505792,183.69746559425576,184.32118225097656,2716600,0.0,0.0
2021-04-22 00:00:00-04:00,184.2940963092471,185.1709135257814,180.09984246428456,181.96194458007812,3713000,0.0,0.0
2021-04-23 00:00:00-04:00,182.40484047672604,182.4952393962235,180.3438720072189,181.62745666503906,3634000,0.0,0.0
2021-04-26 00:00:00-04:00,181.53707776202964,181.62746289168714,179.25012570831493,180.05462646484375,3017000,0.0,0.0
2021-04-27 00:00:00-04:00,180.85010197098484,181.80826990992043,179.59362033101715,179.92808532714844,3453900,0.0,0.0
2021-04-28 00:00:00-04:00,180.55181136920024,180.64219650807686,176.89990969366107,177.22532653808594,4939200,0.0,0.0
2021-04-29 00:00:00-04:00,178.355228557321,180.27156436566793,178.0117291981119,179.37667846679688,3860200,0.0,0.0
2021-04-30 00:00:00-04:00,178.79814942023674,179.21395133959047,176.5111974849763,177.3970489501953,4255500,0.0,0.0
2021-05-03 00:00:00-04:00,179.65690732912896,180.85914137043392,178.86144088545285,180.0636749267578,4629500,0.0,0.0
2021-05-04 00:00:00-04:00,179.6117137515509,181.22976361225162,177.8761618299576,181.05801391601562,4150100,0.0,0.0
2021-05-05 00:00:00-04:00,182.17888727522222,183.58903617208358,179.70211646708427,180.78683471679688,3715300,0.0,0.0
2021-05-06 00:00:00-04:00,181.96189058803972,186.26461083901683,181.17545874281416,186.15614318847656,4525200,0.0,0.0
2021-05-07 00:00:00-04:00,186.26468008301973,189.13919802736638,185.035329012452,188.3798828125,3694800,0.0,0.0
2021-05-10 00:00:00-04:00,189.41034770163262,194.54470062855043,188.4792966699927,191.01031494140625,4476900,0.0,0.0
2021-05-11 00:00:00-04:00,188.02734849064132,189.51884820048411,181.88964132475388,185.6138458251953,4449200,0.0,0.0
2021-05-12 00:00:00-04:00,183.67937094590008,184.37540393071998,176.086331487102,176.75523376464844,5406600,0.0,0.0
2021-05-13 00:00:00-04:00,178.8252771976303,183.27263112893561,178.61737622532698,181.09414672851562,4494000,0.0,0.0
2021-05-14 00:00:00-04:00,182.3325316082435,182.79353297873874,178.27386301841574,179.801513671875,3743000,0.0,0.0
2021-05-17 00:00:00-04:00,178.6535318189541,179.61169974117158,173.67285998132388,175.48072814941406,5798800,0.0,0.0
2021-05-18 00:00:00-04:00,175.36325528433042,177.17112389550908,173.3022861710222,174.23333740234375,5691500,0.0,0.0
2021-05-19 00:00:00-04:00,171.3316508378131,173.23895220241,168.47522977130026,172.39830017089844,6797900,0.0,0.0
2021-05-20 00:00:00-04:00,173.33841062932166,176.1677289813797,172.9949250255947,174.8299102783203,4397700,0.0,0.0
2021-05-21 00:00:00-04:00,175.6795945819033,177.05356445741023,172.94970978869694,173.98019409179688,4032700,0.0,0.0
2021-05-24 00:00:00-04:00,174.6762064890316,174.9293068988785,172.20845680361748,172.34405517578125,3396200,0.0,0.0
2021-05-25 00:00:00-04:00,172.80507243044846,174.75757330849407,172.29887156420088,174.47735595703125,4089300,0.0,0.0
2021-05-26 00:00:00-04:00,174.0886504980472,175.58918428928015,174.0253822886494,175.0016326904297,3565600,0.0,0.0
2021-05-27 00:00:00-04:00,175.67050858162045,176.82754285547102,174.97448941838644,175.1552734375,5126500,0.0,0.0
2021-05-28 00:00:00-04:00,178.0750149255438,178.83431624740814,175.9778812256066,176.1134796142578,3619400,0.0,0.0
2021-06-01 00:00:00-04:00,176.2671562946937,177.26148936019885,173.13953811923773,173.41976928710938,4105600,0.0,0.0
2021-06-02 00:00:00-04:00,173.82653003120325,174.621982659284,171.80171268357822,172.44351196289062,3997700,0.0,0.0
2021-06-03 00:00:00-04:00,171.74747851120728,172.4977454672248,170.37349482109448,172.01866149902344,3469200,0.0,0.0
2021-06-04 00:00:00-04:00,172.09100314569753,173.00397175266878,170.20177012209223,171.66615295410156,4210500,0.0,0.0
2021-06-07 00:00:00-04:00,171.7022972081111,172.75086418233576,170.42774668562808,171.97348022460938,2913500,0.0,0.0
2021-06-08 00:00:00-04:00,172.79604986794982,174.1790679695428,171.97346650759474,173.0129852294922,3604600,0.0,0.0
2021-06-09 00:00:00-04:00,173.55532751876888,174.00729451751565,172.0728763145969,172.28982543945312,3638900,0.0,0.0
2021-06-10 00:00:00-04:00,172.53388743023544,173.23895488465806,169.35204951030647,170.64466857910156,3905800,0.0,0.0
2021-06-11 00:00:00-04:00,171.6390079582644,173.2751264403323,171.1147245353856,172.4796600341797,3127800,0.0,0.0
2021-06-14 00:00:00-04:00,171.8559417204663,172.19944108229754,170.1294381219076,171.4401397705078,3257700,0.0,0.0
2021-06-15 00:00:00-04:00,171.26836739947694,171.431068890617,168.80966594070742,169.83111572265625,4472600,0.0,0.0
2021-06-16 00:00:00-04:00,169.939583880851,170.12036791362607,166.8481314037029,168.3125,4175800,0.0,0.0
2021-06-17 00:00:00-04:00,168.5837027162507,170.08423657084018,166.73968329698764,168.8910369873047,4260900,0.0,0.0
2021-06-18 00:00:00-04:00,166.9837338267605,169.8492031209579,166.76679848142,168.9272003173828,9316900,0.0,0.0
2021-06-21 00:00:00-04:00,169.9124783792469,172.23558163198052,169.65937795777253,170.7350616455078,4539400,0.0,0.0
2021-06-22 00:00:00-04:00,171.6751317303169,174.16998443200302,171.35876312799948,173.30221557617188,3995700,0.0,0.0
2021-06-23 00:00:00-04:00,172.78700373620896,173.7090204124538,172.51583453108424,172.77796936035156,2835900,0.0,0.0
2021-06-24 00:00:00-04:00,174.16998237555524,174.54059859580633,172.58809800383378,173.32933044433594,2767800,0.0,0.0
2021-06-25 00:00:00-04:00,173.66381488342358,174.3327310829018,172.83219716655162,174.15194702148438,4149500,0.0,0.0
2021-06-28 00:00:00-04:00,174.088645170596,175.5168625409977,172.99489275827972,174.6490936279297,2510600,0.0,0.0
2021-06-29 00:00:00-04:00,174.4954242725729,177.0354905584942,174.4954242725729,175.5439910888672,2628800,0.0,0.0
2021-06-30 00:00:00-04:00,175.4807381186491,176.50217431245,175.22763766417276,175.3361053466797,2715900,0.0,0.0
2021-07-01 00:00:00-04:00,175.81520778820035,177.26150807381467,175.22765605569924,177.00840759277344,2456300,0.0,0.0
2021-07-02 00:00:00-04:00,177.5236193800915,177.6411352281779,176.45698375048863,176.90895080566406,2553000,0.0,0.0
2021-07-06 00:00:00-04:00,176.99030178854426,177.51458522836188,174.260416909818,176.04116821289062,2588300,0.0,0.0
2021-07-07 00:00:00-04:00,175.06492157104805,177.5869055216712,174.72142218737915,177.0626220703125,3647100,0.0,0.0
2021-07-08 00:00:00-04:00,174.81183655105622,175.4988215861046,172.7960671221176,174.2785186767578,3993600,0.0,0.0
2021-07-09 00:00:00-04:00,175.52592765074718,177.84904505041618,175.52592765074718,176.56546020507812,2436300,0.0,0.0
2021-07-12 00:00:00-04:00,176.17673123209184,177.55071477527866,175.64341348194517,176.78237915039062,2405600,0.0,0.0
2021-07-13 00:00:00-04:00,177.10781890140177,177.30668552627247,175.12821461500147,175.6163330078125,3191900,0.0,0.0
2021-07-14 00:00:00-04:00,176.4208116024973,176.62871257753562,174.097708204184,174.22425842285156,2943300,0.0,0.0
2021-07-15 00:00:00-04:00,173.12147645092432,177.10781566606,173.12147645092432,176.9451141357422,3188000,0.0,0.0
2021-07-16 00:00:00-04:00,178.02078799483394,179.7563398519838,177.00838619306487,177.29763793945312,4920700,0.0,0.0
2021-07-19 00:00:00-04:00,173.53723314217964,175.06488370063363,171.7835990997635,174.3688507080078,5214000,0.0,0.0
2021-07-20 00:00:00-04:00,173.98759957711587,177.37332413213096,173.5246784406779,176.1933135986328,2882400,0.8,0.0
2021-07-21 00:00:00-04:00,176.60179168511593,177.3914848305753,176.0299372830231,177.1191864013672,2112900,0.0,0.0
2021-07-22 00:00:00-04:00,178.00874954116335,178.78029878963744,176.8105808988807,178.6078338623047,3244100,0.0,0.0
2021-07-23 00:00:00-04:00,179.7243092936238,182.8286366102862,179.37030742024248,182.3021697998047,3358100,0.0,0.0
2021-07-26 00:00:00-04:00,178.19026537450858,179.64258831135334,175.94824928533268,179.48828125,3422200,0.0,0.0
2021-07-27 00:00:00-04:00,179.43384399420273,179.47015969267466,173.81520156399222,175.64874267578125,4106100,0.0,0.0
2021-07-28 00:00:00-04:00,175.79394818564032,177.35519054806218,174.27809351347994,174.63209533691406,2152500,0.0,0.0
2021-07-29 00:00:00-04:00,175.41272168667862,176.38396565545426,174.24179680555005,175.74856567382812,2532800,0.0,0.0
2021-07-30 00:00:00-04:00,174.82274465944556,177.27352795178945,174.659351719753,174.90443420410156,2841600,0.0,0.0
2021-08-02 00:00:00-04:00,175.92105426886428,176.29321399953332,173.2342743092972,173.33412170410156,3051700,0.0,0.0
2021-08-03 00:00:00-04:00,173.89688514775577,176.6472105715225,173.79703775595252,176.04812622070312,2335100,0.0,0.0
2021-08-04 00:00:00-04:00,175.2402789699239,176.34767230341225,172.29025869718768,172.3719482421875,3162200,0.0,0.0
2021-08-05 00:00:00-04:00,173.34318111325427,174.80457623085752,172.45364047439395,173.07994079589844,2335500,0.0,0.0
2021-08-06 00:00:00-04:00,174.03302003893788,174.82272710914287,172.29932652474437,172.60794067382812,2855000,0.0,0.0
2021-08-09 00:00:00-04:00,172.23575818663352,172.60791782617346,170.50205105154706,170.63821411132812,2296200,0.0,0.0
2021-08-10 00:00:00-04:00,170.7743987874755,173.24333986685096,170.07546704983386,172.21763610839844,2548300,0.0,0.0
2021-08-11 00:00:00-04:00,173.6336450275756,176.73798617631786,173.37041854907682,176.56552124023438,3367300,0.0,0.0
2021-08-12 00:00:00-04:00,176.32950025080694,176.92858456664302,173.17978544375364,174.27810668945312,2753600,0.0,0.0
2021-08-13 00:00:00-04:00,174.21458955856065,174.59583516745013,172.24488521441342,172.9256591796875,2400900,0.0,0.0
2021-08-16 00:00:00-04:00,172.40828903051292,175.99369603677147,171.68212731839384,175.6215362548828,3485800,0.0,0.0
2021-08-17 00:00:00-04:00,170.12993366036358,170.51117924212335,165.27375469720613,165.4371337890625,8256400,0.0,0.0
2021-08-18 00:00:00-04:00,171.78194034075392,184.91633868382107,171.1011664688619,181.29461669921875,16992700,0.0,0.0
2021-08-19 00:00:00-04:00,180.40505131906167,184.55323952461725,180.14182488551717,183.89060974121094,5378300,0.0,0.0
2021-08-20 00:00:00-04:00,184.03588774218957,189.60915648897355,183.8634227953221,188.99192810058594,4915700,0.0,0.0
2021-08-23 00:00:00-04:00,189.53649956469926,190.1537416752381,186.74078684722193,187.0403289794922,4195200,0.0,0.0
2021-08-24 00:00:00-04:00,187.1311503380496,187.39437684299907,184.12667012970147,184.6168212890625,4110400,0.0,0.0
2021-08-25 00:00:00-04:00,184.63496177130926,187.73928908959638,184.32634759443184,187.14927673339844,2628800,0.0,0.0
2021-08-26 00:00:00-04:00,186.34139514202928,187.87540762692495,185.2158580102029,186.6681671142578,3250400,0.0,0.0
2021-08-27 00:00:00-04:00,186.41403199866463,188.37466403527702,185.85126337441423,186.89511108398438,3128100,0.0,0.0
2021-08-30 00:00:00-04:00,189.20975139884703,190.0811480615063,185.97834692341652,186.06912231445312,3986100,0.0,0.0
2021-08-31 00:00:00-04:00,187.32172117011223,187.5214159333855,184.5623240281943,185.0706329345703,4877800,0.0,0.0
2021-09-01 00:00:00-04:00,185.66975381170644,186.11451726723925,182.94665797633664,184.6531219482422,2835000,0.0,0.0
2021-09-02 00:00:00-04:00,184.96172678825917,187.55774504617108,184.89818124522617,187.12203979492188,2655800,0.0,0.0
2021-09-03 00:00:00-04:00,185.9874268266602,187.73929222538302,185.30665291609353,186.96774291992188,2260900,0.0,0.0
2021-09-07 00:00:00-04:00,186.71357715094874,188.11144058571458,185.99650143598797,186.21434020996094,2591900,0.0,0.0
2021-09-08 00:00:00-04:00,185.4881924791247,185.55172417140102,182.90124623539523,185.25218200683594,3344800,0.0,0.0
2021-09-09 00:00:00-04:00,185.59708099994316,185.82400558532478,183.7998421618265,184.27183532714844,2566100,0.0,0.0
2021-09-10 00:00:00-04:00,185.87850857584533,187.5123687413262,185.31573990510557,185.4700469970703,2505600,0.0,0.0
2021-09-13 00:00:00-04:00,186.73173834761369,188.11144395916443,185.85126968600366,187.03128051757812,3159000,0.0,0.0
2021-09-14 00:00:00-04:00,187.48515629029635,188.26577767233096,185.09790444225456,185.3248291015625,2488600,0.0,0.0
2021-09-15 00:00:00-04:00,185.3247937098089,187.17650633235127,182.88308262589155,186.6318817138672,2956600,0.0,0.0
2021-09-16 00:00:00-04:00,186.67732677668593,190.0085795008648,186.67732677668593,189.23703002929688,3365500,0.0,0.0
2021-09-17 00:00:00-04:00,188.22035130396097,192.41391371435867,188.22035130396097,189.7362060546875,5835200,0.0,0.0
2021-09-20 00:00:00-04:00,187.45791116797494,189.21884859681114,184.29003819596895,186.3232879638672,3640400,0.0,0.0
2021-09-21 00:00:00-04:00,187.584974148787,189.01005358258473,186.40496333616724,187.23097229003906,2681200,0.0,0.0
2021-09-22 00:00:00-04:00,188.84665227921803,190.87081580512745,187.6484837596014,189.60911560058594,3169000,0.0,0.0
2021-09-23 00:00:00-04:00,190.6166970538974,192.11439413345425,188.6106771478769,188.78314208984375,3128800,0.0,0.0
2021-09-24 00:00:00-04:00,188.86482408664332,189.52744008035947,187.79373270807574,188.6832733154297,2275800,0.0,0.0
2021-09-27 00:00:00-04:00,188.4654421245679,192.65900472100245,188.34743688861252,191.18853759765625,2886100,0.0,0.0
2021-09-28 00:00:00-04:00,189.79974065237695,190.12651262982777,185.79678739119905,186.46847534179688,4030200,0.0,0.0
2021-09-29 00:00:00-04:00,187.1311209585206,189.11898283513332,186.91326833835086,187.98435974121094,2678300,0.0,0.0
2021-09-30 00:00:00-04:00,187.83005279535365,188.31114576534154,183.60018811260178,184.13572692871094,3828600,0.0,0.0
2021-10-01 00:00:00-04:00,184.92540794702842,186.45034859970553,183.20078637056636,184.89817810058594,3016400,0.0,0.0
2021-10-04 00:00:00-04:00,184.1175679565256,185.70604039658218,182.97387278582184,185.6334228515625,5195600,0.0,0.0
2021-10-05 00:00:00-04:00,186.86788238362618,188.57435996488843,185.3157257329076,185.4155731201172,3482800,0.0,0.0
2021-10-06 00:00:00-04:00,184.1720277772641,186.25066518501433,183.2734150890964,185.17050170898438,3079600,0.0,0.0
2021-10-07 00:00:00-04:00,186.91325601098256,190.26266537940072,186.64094371632493,188.7104949951172,3001100,0.0,0.0
2021-10-08 00:00:00-04:00,186.61372400144205,188.5834280074563,185.57894830587745,187.13111877441406,3042000,0.0,0.0
2021-10-11 00:00:00-04:00,188.9011435538149,192.1960936833528,188.6560610701154,189.57284545898438,3267900,0.0,0.0
2021-10-12 00:00:00-04:00,190.48053784205527,192.1870016224033,190.37160460260915,190.43515014648438,2793600,0.0,0.0
2021-10-13 00:00:00-04:00,191.18852332102352,193.91161859077005,191.16129347635638,192.54098510742188,3275600,0.0,0.0
2021-10-14 00:00:00-04:00,194.55608443231145,196.57117611988463,193.73916135913498,196.47132873535156,3177100,0.0,0.0
2021-10-15 00:00:00-04:00,198.5681104253376,199.68458950510805,197.3245679653685,198.9311981201172,2930500,0.0,0.0
2021-10-18 00:00:00-04:00,198.24133273007266,202.1535246205479,198.12334135174095,201.27305603027344,2786000,0.0,0.0
2021-10-19 00:00:00-04:00,202.10206121156338,203.85115103257164,201.7923156959706,203.0677032470703,2976300,0.8,0.0
2021-10-20 00:00:00-04:00,204.0606838821111,205.24496741689023,202.86729549956405,204.98077392578125,2293700,0.0,0.0
2021-10-21 00:00:00-04:00,204.88965622450468,207.39486517672128,204.5252538547739,207.1762237548828,2883100,0.0,0.0
2021-10-22 00:00:00-04:00,207.2309034945339,209.3990526568777,207.2309034945339,208.4060821533203,2207500,0.0,0.0
2021-10-25 00:00:00-04:00,208.20566021852525,211.51252688299448,207.80482452573375,211.18458557128906,3018500,0.0,0.0
2021-10-26 00:00:00-04:00,212.3597617345515,212.86991122536497,209.98208979302143,210.50135803222656,2801000,0.0,0.0
2021-10-27 00:00:00-04:00,211.00236672033694,214.04506755199967,211.00236672033694,211.13902282714844,2801700,0.0,0.0
2021-10-28 00:00:00-04:00,212.22313730594112,213.79001920171612,210.66534635825775,211.12994384765625,2421700,0.0,0.0
2021-10-29 00:00:00-04:00,210.23714348974514,213.8446506572958,209.98206876987615,213.0065460205078,3316300,0.0,0.0
2021-11-01 00:00:00-04:00,214.08150550488386,214.90138656149912,209.71789284933664,211.1208038330078,3861500,0.0,0.0
2021-11-02 00:00:00-04:00,211.64007357179392,213.2980592918532,210.70174609276512,212.286865234375,2167300,0.0,0.0
2021-11-03 00:00:00-04:00,212.15933994583858,213.7899973166518,211.42144416740513,213.44383239746094,2629100,0.0,0.0
2021-11-04 00:00:00-04:00,214.0815066273507,217.66167153401327,214.02684974336043,216.61404418945312,2508800,0.0,0.0
2021-11-05 00:00:00-04:00,217.72543986923333,217.97140973947654,214.12705148832052,214.57342529296875,2356500,0.0,0.0
2021-11-08 00:00:00-05:00,215.49354051800594,216.88734668873244,212.40530140828426,213.89019775390625,2797200,0.0,0.0
2021-11-09 00:00:00-05:00,214.13615881572824,216.1494420352455,212.29596499207128,213.08853149414062,2307500,0.0,0.0
2021-11-10 00:00:00-05:00,211.9133558468411,214.79207218499835,210.71996755426153,211.84959411621094,2402900,0.0,0.0
2021-11-11 00:00:00-05:00,213.46203058452016,213.83552390285968,210.7108517512016,211.6400604248047,1921300,0.0,0.0
2021-11-12 00:00:00-05:00,213.5622517433881,215.64841561594977,211.40322128798303,215.28402709960938,2462900,0.0,0.0
2021-11-15 00:00:00-05:00,215.08359087812855,216.04011412697125,213.47114333493104,214.0086212158203,2219900,0.0,0.0
2021-11-16 00:00:00-05:00,219.1830401529931,224.75826501366708,218.08074196752742,222.99095153808594,5223200,0.0,0.0
2021-11-17 00:00:00-05:00,227.76451848188725,232.50163863541297,223.41911528331096,223.85638427734375,6823900,0.0,0.0
2021-11-18 00:00:00-05:00,224.51227370435998,227.74627356914775,223.40087077730018,225.3594970703125,3468600,0.0,0.0
2021-11-19 00:00:00-05:00,225.71476666268467,228.4203933364515,223.87457299454894,227.30899047851562,3685000,0.0,0.0
2021-11-22 00:00:00-05:00,227.98314589002175,233.56750338593525,227.60965253103888,229.88711547851562,4460500,0.0,0.0
2021-11-23 00:00:00-05:00,228.78478943650057,230.17859547858964,226.47089347986162,229.4862518310547,2550600,0.0,0.0
2021-11-24 00:00:00-05:00,227.21794309757306,230.85277930862404,226.83533095438852,230.1422119140625,1952500,0.0,0.0
2021-11-26 00:00:00-05:00,227.4001013487287,229.66845930314088,225.1499669888763,225.64190673828125,1891000,0.0,0.0
2021-11-29 00:00:00-05:00,228.02869822344607,230.0146531444855,226.27050349797906,226.45269775390625,3209100,0.0,0.0
2021-11-30 00:00:00-05:00,225.70563074001845,228.14707768331726,222.74492959306704,222.81781005859375,6235900,0.0,0.0
2021-12-01 00:00:00-05:00,226.19762085660307,229.9053232762182,223.39178486040566,223.5010986328125,4018600,0.0,0.0
2021-12-02 00:00:00-05:00,225.0224584672523,229.2767578574924,223.95660740764683,228.10159301757812,3706700,0.0,0.0
2021-12-03 00:00:00-05:00,230.0419615673393,231.25357341957837,225.0770955476282,226.55288696289062,3972000,0.0,0.0
2021-12-06 00:00:00-05:00,230.01466084735142,231.69087029886472,228.12891478900062,228.82125854492188,3008500,0.0,0.0
2021-12-07 00:00:00-05:00,230.94382581657914,234.6151085281765,229.9326318077906,234.0411834716797,3405400,0.0,0.0
2021-12-08 00:00:00-05:00,233.7496645572732,235.6080819541912,231.89126106088477,233.8863067626953,3820700,0.0,0.0
2021-12-09 00:00:00-05:00,233.00267171725756,237.60314942607607,232.1736719088277,235.17080688476562,3812700,0.0,0.0
2021-12-10 00:00:00-05:00,235.4076695744954,238.20440058153474,234.779087613928,238.11329650878906,2547700,0.0,0.0
2021-12-13 00:00:00-05:00,239.45243771305118,239.87148307233585,233.47637771563072,234.341796875,3915300,0.0,0.0
2021-12-14 00:00:00-05:00,233.1393208202032,233.9592158057209,228.21088776126595,229.98731994628906,5100500,0.0,0.0
2021-12-15 00:00:00-05:00,227.3819179057776,235.34391988243527,227.06306751655484,234.61514282226562,4939300,0.0,0.0
2021-12-16 00:00:00-05:00,236.15469744995426,236.4006534393704,230.57035386658853,230.69789123535156,4457200,0.0,0.0
2021-12-17 00:00:00-05:00,229.8780042764763,230.74343744482047,225.42328716100025,226.00631713867188,10173200,0.0,0.0
2021-12-20 00:00:00-05:00,223.39179129070487,224.04770174508744,220.73171618150045,223.7561798095703,3900900,0.0,0.0
2021-12-21 00:00:00-05:00,225.66019229286397,226.29787927224874,221.89781826369332,224.9951629638672,2963800,0.0,0.0
2021-12-22 00:00:00-05:00,225.1135286117526,227.70072295956498,224.22076710592177,227.4729766845703,1771900,0.0,0.0
2021-12-23 00:00:00-05:00,227.9649489715058,229.3040983717195,226.87175557502255,227.8282928466797,2060300,0.0,0.0
2021-12-27 00:00:00-05:00,228.78480835756562,231.1898085801216,228.78480835756562,231.11692810058594,1590200,0.0,0.0
2021-12-28 00:00:00-05:00,231.3902389284128,232.20101519383363,230.3152830733624,231.40846252441406,1531500,0.0,0.0
2021-12-29 00:00:00-05:00,232.31030724440396,235.52609746215882,232.26476910945559,234.64244079589844,1617500,0.0,0.0
2021-12-30 00:00:00-05:00,235.35302806078008,236.17290916691385,233.2668642032245,233.5675048828125,1488100,0.0,0.0
2021-12-31 00:00:00-05:00,233.34885496579545,236.64661696347423,233.07557052440967,235.47146606445312,1774200,0.0,0.0
2022-01-03 00:00:00-05:00,236.1273903548202,237.03837561421216,230.5430462665773,232.76583862304688,5302100,0.0,0.0
2022-01-04 00:00:00-05:00,232.88425312292034,237.6122545766329,232.8478198315997,236.6830596923828,3638200,0.0,0.0
2022-01-05 00:00:00-05:00,235.68093355091597,236.3459626431152,232.0461121124103,232.0734405517578,3808600,0.0,0.0
2022-01-06 00:00:00-05:00,234.70620753071944,235.44410321569717,232.30119359371196,234.8428497314453,3616300,0.0,0.0
2022-01-07 00:00:00-05:00,232.93893098487356,234.46939346823498,228.3931233795041,228.73928833007812,4945500,0.0,0.0
2022-01-10 00:00:00-05:00,225.82410098228945,226.01541397384244,219.15569712798626,225.64190673828125,6292400,0.0,0.0
2022-01-11 00:00:00-05:00,225.84233890448087,227.70074255211105,222.8998467699813,227.29080200195312,3415000,0.0,0.0
2022-01-12 00:00:00-05:00,228.8303705693766,232.03704230887357,227.6916390894944,228.40220642089844,2825500,0.0,0.0
2022-01-13 00:00:00-05:00,230.55213665630922,231.16249507376045,227.82828589735726,228.3839874267578,2243400,0.0,0.0
2022-01-14 00:00:00-05:00,225.28663033186277,226.56200398140587,219.97558524031857,221.73377990722656,3258500,0.0,0.0
2022-01-18 00:00:00-05:00,218.62622015711318,218.99182421548025,214.12025996539325,217.9041748046875,4612500,0.8,0.0
2022-01-19 00:00:00-05:00,219.0192650005863,220.41766754311126,214.12028169231488,214.51329040527344,4146800,0.0,0.0
2022-01-20 00:00:00-05:00,215.9482552298469,217.1547138504599,204.1303663608112,204.66961669921875,5946600,0.0,0.0
2022-01-21 00:00:00-05:00,203.71906148978357,210.08043274732893,202.4486170018928,205.66586303710938,5724400,0.0,0.0
2022-01-24 00:00:00-05:00,201.56205735956735,212.69445418329747,201.26043921977688,212.36541748046875,4911600,0.0,0.0
2022-01-25 00:00:00-05:00,207.93256123898638,211.9906758743664,205.19972827058092,210.22666931152344,4099200,0.0,0.0
2022-01-26 00:00:00-05:00,212.55731023097778,214.78744594368416,206.32391160506359,208.48092651367188,4349200,0.0,0.0
2022-01-27 00:00:00-05:00,210.82076840053614,213.11487644792624,204.68789426140935,206.49758911132812,3425800,0.0,0.0
2022-01-28 00:00:00-05:00,208.38041091979676,214.9154283781306,205.17229977601522,214.77833557128906,3215500,0.0,0.0
2022-01-31 00:00:00-05:00,213.86432910874916,217.17296541346036,212.6487218493176,216.93533325195312,4485900,0.0,0.0
2022-02-01 00:00:00-05:00,217.9407252703679,218.8821330449978,213.70896469344083,217.84933471679688,2723800,0.0,0.0
2022-02-02 00:00:00-05:00,218.08696596626746,220.00634888590565,216.11274592544567,218.54396057128906,2442900,0.0,0.0
2022-02-03 00:00:00-05:00,215.70148409337563,218.8913119085007,213.69984520871697,213.9740447998047,2512000,0.0,0.0
2022-02-04 00:00:00-05:00,214.01059188559012,214.01059188559012,205.80297176653804,209.36753845214844,3456700,0.0,0.0
2022-02-07 00:00:00-05:00,210.69281319505998,211.11324045481982,205.2180123750976,207.4938507080078,2990100,0.0,0.0
2022-02-08 00:00:00-05:00,207.65836761072867,212.61218797751644,206.43362528736452,211.82615661621094,2572400,0.0,0.0
2022-02-09 00:00:00-05:00,214.34877549999655,216.1401867260443,212.8132662170142,213.562744140625,2115100,0.0,0.0
2022-02-10 00:00:00-05:00,210.8481420984216,212.831496719068,206.369587259804,207.8411102294922,3053800,0.0,0.0
2022-02-11 00:00:00-05:00,207.95083229153133,209.9616057964313,205.4282131058919,206.47930908203125,2192800,0.0,0.0
2022-02-14 00:00:00-05:00,204.5233641497018,207.49382900555975,203.92926281070928,206.51585388183594,2025700,0.0,0.0
2022-02-15 00:00:00-05:00,208.67285642135795,210.27233740178963,207.4572492026658,208.48092651367188,1843600,0.0,0.0
2022-02-16 00:00:00-05:00,207.0368191742849,208.54489564233145,204.28570299997577,207.4846649169922,2461300,0.0,0.0
2022-02-17 00:00:00-05:00,206.49756220194988,207.6766160167673,204.04807797139853,204.5416259765625,2482200,0.0,0.0
2022-02-18 00:00:00-05:00,203.7739176046465,206.30567194466565,201.46152572373526,203.53628540039062,4241500,0.0,0.0
2022-02-22 00:00:00-05:00,199.5147072651507,202.40291664255508,192.63236932770297,196.13294982910156,7641100,0.0,0.0
2022-02-23 00:00:00-05:00,202.90565132095045,208.16109048804714,195.7125590455197,196.58998107910156,8936900,0.0,0.0
2022-02-24 00:00:00-05:00,191.654402335294,195.83132583083218,188.50114230632002,195.054443359375,5749300,0.0,0.0
2022-02-25 00:00:00-05:00,195.8404789352322,200.794298957024,192.12968484134763,200.32815551757812,4613300,0.0,0.0
2022-02-28 00:00:00-05:00,198.5733310382287,202.26585600587896,197.25719802370978,202.04649353027344,5440400,0.0,0.0
2022-03-01 00:00:00-05:00,202.33894940747396,205.13575434712084,201.28785337732356,202.44862365722656,3953200,0.0,0.0
2022-03-02 00:00:00-05:00,201.62603156293167,210.2266596967513,201.17817181543762,208.99278259277344,4513700,0.0,0.0
2022-03-03 00:00:00-05:00,209.41320033738245,210.87558863101512,205.70240642927234,206.81747436523438,3180700,0.0,0.0
2022-03-04 00:00:00-05:00,205.26370639874267,207.192224264328,202.67711516078148,204.79757690429688,3144400,0.0,0.0
2022-03-07 00:00:00-05:00,204.7610297999873,208.37128488741277,202.97875338430845,203.1432647705078,4022700,0.0,0.0
2022-03-08 00:00:00-05:00,203.14323127382056,209.87019223448107,202.97871991474778,204.05722045898438,3725900,0.0,0.0
2022-03-09 00:00:00-05:00,208.37127342883838,210.47345157501988,206.18683959408048,206.451904296875,3428500,0.0,0.0
2022-03-10 00:00:00-05:00,203.81958089891197,205.09002526235543,200.2458799674127,204.88894653320312,3318700,0.0,0.0
2022-03-11 00:00:00-05:00,204.64217949563667,207.98738336697915,202.89647069562855,203.09754943847656,2616300,0.0,0.0
2022-03-14 00:00:00-04:00,204.71530307449655,208.12449293119354,202.06473989583142,207.02769470214844,3607700,0.0,0.0
2022-03-15 00:00:00-04:00,208.20674695326753,212.36540069050514,207.94168226969455,211.19549560546875,3413600,0.0,0.0
2022-03-16 00:00:00-04:00,213.07833481176036,214.26650977165295,207.28363191889667,211.4331512451172,3497400,0.0,0.0
2022-03-17 00:00:00-04:00,210.21751749051194,214.2482132382193,208.6820223178816,214.22079467773438,3323900,0.0,0.0
2022-03-18 00:00:00-04:00,211.72558568091898,215.93907631305015,210.15352319259446,215.3998260498047,9149800,0.0,0.0
2022-03-21 00:00:00-04:00,216.15843908894038,217.86759437703842,206.27821837511001,208.02394104003906,4349200,0.0,0.0
2022-03-22 00:00:00-04:00,208.06961403701482,210.09867096448144,205.97658512435132,208.819091796875,3248800,0.0,0.0
2022-03-23 00:00:00-04:00,207.47555910387558,208.34384609939772,200.9222578753483,201.9185028076172,3728100,0.0,0.0
2022-03-24 00:00:00-04:00,201.83625632832357,202.86906868755221,199.2131115321882,200.31903076171875,3399200,0.0,0.0
2022-03-25 00:00:00-04:00,201.74485202193307,201.95507959996223,193.20819540277992,194.60659790039062,6831700,0.0,0.0
2022-03-28 00:00:00-04:00,193.19905524452818,195.50229815029834,189.5796516197375,195.3926239013672,6579600,0.0,0.0
2022-03-29 00:00:00-04:00,199.03029904873424,202.30238231932535,197.91523102007142,200.68463134765625,4993600,0.0,0.0
2022-03-30 00:00:00-04:00,197.19318650545915,198.47276591466402,190.95977294229223,191.47161865234375,7090900,0.0,0.0
2022-03-31 00:00:00-04:00,189.0586930132874,190.78613223910028,184.61670444028715,184.79949951171875,7318500,0.0,0.0
2022-04-01 00:00:00-04:00,186.54520210557453,186.60003922639282,184.07742009780375,184.9914093017578,4827200,0.0,0.0
2022-04-04 00:00:00-04:00,184.2145465677665,186.69144976568677,182.5876467262659,186.56349182128906,5426100,0.0,0.0
2022-04-05 00:00:00-04:00,185.73176606910212,190.23772648506676,184.32421478048576,187.2489776611328,4707100,0.0,0.0
2022-04-06 00:00:00-04:00,183.89461883153,185.4027093349091,179.72683043376963,183.3919219970703,6356100,0.0,0.0
2022-04-07 00:00:00-04:00,181.98443389421277,186.63663669284247,180.5586126310578,185.2108154296875,4411600,0.0,0.0
2022-04-08 00:00:00-04:00,183.73927583802592,189.85386675183338,183.29141604089455,188.88504028320312,5065500,0.0,0.0
2022-04-11 00:00:00-04:00,187.05704319271342,190.52105631271073,185.8597195070128,186.99305725097656,3576200,0.0,0.0
2022-04-12 00:00:00-04:00,191.03287957737084,192.47698420134384,185.90539955635577,186.58175659179688,4354700,0.0,0.0
2022-04-13 00:00:00-04:00,186.11564817459632,189.0586948766727,185.74090920932764,187.8339385986328,2803400,0.0,0.0
2022-04-14 00:00:00-04:00,188.49201788609545,189.46999317520593,183.73927610225405,183.9677734375,4001400,0.0,0.0
2022-04-18 00:00:00-04:00,183.36448281549735,184.6257921953125,180.3574649106977,181.4451141357422,3800400,0.0,0.0
2022-04-19 00:00:00-04:00,181.85810691814697,186.7585541802533,181.42679272812805,186.32723999023438,3392900,0.8,0.0
2022-04-20 00:00:00-04:00,188.89678810803218,192.76943040585977,188.30029684530317,191.55809020996094,3906100,0.0,0.0
2022-04-21 00:00:00-04:00,193.09979246034263,193.49440534716132,187.46519205085207,188.15345764160156,3797600,0.0,0.0
2022-04-22 00:00:00-04:00,187.31834836896562,187.49271121612253,179.95850547304656,180.8394775390625,4216300,0.0,0.0
2022-04-25 00:00:00-04:00,180.83028431904262,184.21655267876545,178.64618407557978,183.8861846923828,3895900,0.0,0.0
2022-04-26 00:00:00-04:00,182.537203656077,187.54776900647065,181.92235477989016,183.16122436523438,3959100,0.0,0.0
2022-04-27 00:00:00-04:00,182.84920137365032,186.71267121258794,182.5922500402499,183.1428680419922,3028100,0.0,0.0
2022-04-28 00:00:00-04:00,185.0241309306302,190.09894118242167,183.56501131092134,188.25439453125,3250400,0.0,0.0
2022-04-29 00:00:00-04:00,186.74021896887987,188.29109895323927,180.8578392197976,181.45433044433594,4217600,0.0,0.0
2022-05-02 00:00:00-04:00,181.81221196375884,187.80470919495633,181.44514262757795,186.41900634765625,3697800,0.0,0.0
2022-05-03 00:00:00-04:00,185.8041486486375,188.0616515638248,183.7301803927895,185.03329467773438,3002600,0.0,0.0
2022-05-04 00:00:00-04:00,184.20741612856898,190.8423071300136,181.9315549483598,190.108154296875,4452400,0.0,0.0
2022-05-05 00:00:00-04:00,187.1256314317345,187.76800977800318,177.59086039821028,179.79330444335938,4262900,0.0,0.0
2022-05-06 00:00:00-04:00,178.18735389421693,179.3619926006163,174.04858892110647,176.46209716796875,3910700,0.0,0.0
2022-05-09 00:00:00-04:00,173.9843597570924,182.13342876927007,172.75466193849417,179.9309844970703,3998300,0.0,0.0
2022-05-10 00:00:00-04:00,181.80301212861332,182.65645450503894,174.58999016156383,176.31524658203125,3638700,0.0,0.0
2022-05-11 00:00:00-04:00,176.96684661245035,179.12341774684555,171.88286423991784,172.31417846679688,4598000,0.0,0.0
2022-05-12 00:00:00-04:00,172.31414989462385,178.80219188640288,171.81859090630417,175.920654296875,4292900,0.0,0.0
2022-05-13 00:00:00-04:00,175.52604402512787,181.16064317349452,174.68177343644058,178.0313262939453,2911900,0.0,0.0
2022-05-16 00:00:00-04:00,176.7190994655248,180.0686534454205,173.90179194590115,178.7012939453125,4405300,0.0,0.0
2022-05-17 00:00:00-04:00,182.5463744567204,183.05110532321302,172.4059259678716,178.0588836669922,8210000,0.0,0.0
2022-05-18 00:00:00-04:00,172.06638336664224,175.7004315445769,164.96347802025994,168.68930053710938,7847600,0.0,0.0
2022-05-19 00:00:00-04:00,167.64313092298906,176.02162153642658,167.64313092298906,172.39675903320312,5132100,0.0,0.0
2022-05-20 00:00:00-04:00,173.3786873348585,173.68152588090425,164.46794982478426,169.48770141601562,5722600,0.0,0.0
2022-05-23 00:00:00-04:00,171.1486723010172,171.4515107741642,166.4592898885826,170.91925048828125,3546700,0.0,0.0
2022-05-24 00:00:00-04:00,169.75379939737115,172.34168440478376,167.37699255913444,169.42343139648438,4486500,0.0,0.0
2022-05-25 00:00:00-04:00,167.56973083690653,174.25966606104674,167.2577064676152,173.02996826171875,3986300,0.0,0.0
2022-05-26 00:00:00-04:00,174.8836880523046,180.83029826294077,174.6175508746094,179.43540954589844,3337900,0.0,0.0
2022-05-27 00:00:00-04:00,180.52744832632834,183.22545125194233,179.74740851351172,183.1979217529297,2779200,0.0,0.0
2022-05-31 00:00:00-04:00,181.33500289508584,182.39033761222692,178.38922071506195,179.2243194580078,4733900,0.0,0.0
2022-06-01 00:00:00-04:00,180.22462426962747,180.91288980566443,175.86560920805985,175.93902587890625,3290200,0.0,0.0
2022-06-02 00:00:00-04:00,176.70987241544583,180.0686114493649,175.96654790853535,179.98602294921875,3359200,0.0,0.0
2022-06-03 00:00:00-04:00,178.00379579414502,181.65618710356375,177.34305985840749,179.36196899414062,2262700,0.0,0.0
2022-06-06 00:00:00-04:00,179.866725798318,182.4178955848254,178.2148857200187,180.57334899902344,2691600,0.0,0.0
2022-06-07 00:00:00-04:00,174.6818151079423,180.0502783932335,173.4521032588846,179.54554748535156,3269700,0.0,0.0
2022-06-08 00:00:00-04:00,177.9395610143787,178.68289948615848,175.62699911149792,176.60891723632812,2775700,0.0,0.0
2022-06-09 00:00:00-04:00,176.29690457708156,182.3811757470219,176.10418408633376,178.2882843017578,2999500,0.0,0.0
2022-06-10 00:00:00-04:00,173.71822367638117,176.41622681157224,170.82750003033442,170.99269104003906,3564600,0.0,0.0
2022-06-13 00:00:00-04:00,167.32192847838482,169.31330825558092,165.28466153524838,166.33999633789062,3899300,0.0,0.0
2022-06-14 00:00:00-04:00,165.94538955747907,167.80829358236736,161.9075571959526,163.29327392578125,4037200,0.0,0.0
2022-06-15 00:00:00-04:00,164.63310502600004,166.11976805523764,161.78828264203725,164.27520751953125,4164200,0.0,0.0
2022-06-16 00:00:00-04:00,160.13646066338254,160.531059547112,156.44735317889217,157.48434448242188,5536300,0.0,0.0
2022-06-17 00:00:00-04:00,156.8694686101545,160.85222811390662,156.13531597283506,158.27352905273438,8499000,0.0,0.0
2022-06-21 00:00:00-04:00,161.59556068339796,161.89839918657734,157.28243297678998,158.19094848632812,4753300,0.0,0.0
2022-06-22 00:00:00-04:00,157.23653415652353,160.9348127502854,156.11695456209077,159.31051635742188,4434100,0.0,0.0
2022-06-23 00:00:00-04:00,160.1548144060717,161.9167725935547,159.31054364974435,161.81582641601562,3611500,0.0,0.0
2022-06-24 00:00:00-04:00,163.12810904306204,167.88173711072054,162.54997549637284,167.7899627685547,5346100,0.0,0.0
2022-06-27 00:00:00-04:00,167.9367711136928,170.06581231035628,167.13838766634228,169.0563507080078,2829200,0.0,0.0
2022-06-28 00:00:00-04:00,169.29498874762635,170.3319801198673,160.20071612141135,160.33836364746094,4980300,0.0,0.0
2022-06-29 00:00:00-04:00,160.56773005534043,162.7885313927965,159.82440566586573,161.60472106933594,2802600,0.0,0.0
2022-06-30 00:00:00-04:00,157.8789277065457,161.58639249315914,156.70428900259637,160.29244995117188,4415400,0.0,0.0
2022-07-01 00:00:00-04:00,161.35697155205645,163.88978364604293,160.26492134398467,162.7610321044922,3095500,0.0,0.0
2022-07-05 00:00:00-04:00,160.64119157539145,165.12868266400227,160.11810300542365,165.07362365722656,3226300,0.0,0.0
2022-07-06 00:00:00-04:00,165.899529427862,167.89090943404761,162.83445682863433,164.32110595703125,2177600,0.0,0.0
2022-07-07 00:00:00-04:00,165.0644319011252,167.09252726235815,164.11004314470892,166.62451171875,2935600,0.0,0.0
2022-07-08 00:00:00-04:00,166.00962835429388,167.9000759704198,164.65145505974257,166.67955017089844,2024700,0.0,0.0
2022-07-11 00:00:00-04:00,166.3033168327948,167.93679933451315,164.871726685473,165.28468322753906,2285100,0.0,0.0
2022-07-12 00:00:00-04:00,167.00992542722145,170.13922864034546,165.2754969004058,166.10140991210938,3184700,0.0,0.0
2022-07-13 00:00:00-04:00,164.0549764203233,168.64341330849075,162.9353966993866,167.358642578125,2935400,0.0,0.0
2022-07-14 00:00:00-04:00,164.64228729460197,167.89089428272797,163.9815512965429,167.62477111816406,3261900,0.0,0.0
2022-07-15 00:00:00-04:00,170.42370460879283,170.81830340321426,168.8177519283597,169.7721405029297,2901400,0.0,0.0
2022-07-18 00:00:00-04:00,171.2496417169744,173.51633065487925,169.9465273239875,170.49713134765625,2965800,0.0,0.0
2022-07-19 00:00:00-04:00,172.18603899747464,174.94551026770668,170.57095856430544,174.22564697265625,2683900,1.05,0.0
2022-07-20 00:00:00-04:00,173.8657363891738,176.6805940159117,173.49658073553644,176.3022003173828,2427300,0.0,0.0
2022-07-21 00:00:00-04:00,176.49603291261386,178.84020110833765,174.81634213992146,178.6371612548828,3266100,0.0,0.0
2022-07-22 00:00:00-04:00,179.799987269051,183.7684593015266,179.26470178542965,180.5013885498047,3329500,0.0,0.0
2022-07-25 00:00:00-04:00,180.6121471351187,180.75059105972963,178.27720324700564,179.7815399169922,2492200,0.0,0.0
2022-07-26 00:00:00-04:00,173.67192330407087,176.24683120549804,173.14587578507778,174.05955505371094,3647200,0.0,0.0
2022-07-27 00:00:00-04:00,174.15181282437672,176.17297287434388,169.53729730660106,175.2777557373047,3713900,0.0,0.0
2022-07-28 00:00:00-04:00,173.0351279304993,176.93900456613616,169.5742408926405,176.08993530273438,6034600,0.0,0.0
2022-07-29 00:00:00-04:00,175.17627703691352,177.64966525906178,174.17031579719216,176.763671875,4507100,0.0,0.0
2022-08-01 00:00:00-04:00,176.78211376687742,180.20607681066056,176.53292595559435,179.12628173828125,3349500,0.0,0.0
2022-08-02 00:00:00-04:00,178.36946053369886,178.48942834349594,173.38577605804014,173.45960998535156,3401800,0.0,0.0
2022-08-03 00:00:00-04:00,175.01015589725836,180.8705833563439,175.01015589725836,180.353759765625,3292700,0.0,0.0
2022-08-04 00:00:00-04:00,180.66752182244747,183.70388117709055,180.353738120368,181.9595947265625,3534100,0.0,0.0
2022-08-05 00:00:00-04:00,180.7875039755198,183.86999722732455,180.27068044616152,183.7315673828125,2409700,0.0,0.0
2022-08-08 00:00:00-04:00,184.5806244521948,188.55833465595813,184.37758463870665,186.2787628173828,3040800,0.0,0.0
2022-08-09 00:00:00-04:00,185.27281120601734,185.27281120601734,178.7848030535132,180.15069580078125,3914500,0.0,0.0
2022-08-10 00:00:00-04:00,183.9068850678314,186.1126226783113,183.28854174665895,185.9003448486328,4094400,0.0,0.0
2022-08-11 00:00:00-04:00,184.6729184738537,188.53987068664708,184.64523250706497,186.59254455566406,3337200,0.0,0.0
2022-08-12 00:00:00-04:00,187.67236546042844,190.67180076625235,186.17725274734994,190.55181884765625,3014100,0.0,0.0
2022-08-15 00:00:00-04:00,190.1180618403447,192.90523348612058,189.10286267329158,192.0007781982422,4075500,0.0,0.0
2022-08-16 00:00:00-04:00,190.727150542002,200.62989647336966,190.5794826720241,197.61199951171875,5892200,0.0,0.0
2022-08-17 00:00:00-04:00,195.66467019451042,204.13692750048745,195.19399470954951,198.765625,8082100,0.0,0.0
2022-08-18 00:00:00-04:00,198.52568921562576,201.27593654950468,198.0273277308173,199.7808380126953,3011800,0.0,0.0
2022-08-19 00:00:00-04:00,198.88563798970654,199.1994216953935,193.67124058487943,195.0648193359375,3347300,0.0,0.0
2022-08-22 00:00:00-04:00,193.08056699433612,196.19074598727804,192.40683758068957,193.80043029785156,4136600,0.0,0.0
2022-08-23 00:00:00-04:00,193.8096754563626,195.0648243940421,191.29937758100363,191.4747314453125,2533900,0.0,0.0
2022-08-24 00:00:00-04:00,190.86560392144057,194.3172668755974,189.91501477502783,192.34225463867188,2634300,0.0,0.0
2022-08-25 00:00:00-04:00,192.50837331252927,194.88946523620493,191.91771583333428,194.69566345214844,2634700,0.0,0.0
2022-08-26 00:00:00-04:00,195.4063113999667,196.23693281784315,185.44819100786688,185.4943389892578,3720500,0.0,0.0
2022-08-29 00:00:00-04:00,184.691361294463,187.912298138281,183.73154828007384,185.56813049316406,3273800,0.0,0.0
2022-08-30 00:00:00-04:00,186.85095534522395,187.6261905176853,181.2673891465914,182.0149383544922,3906900,0.0,0.0
2022-08-31 00:00:00-04:00,181.90422394854687,182.20876960802238,179.04321843340952,179.17242431640625,5145100,0.0,0.0
2022-09-01 00:00:00-04:00,178.84940580564268,180.84288010715565,177.76038678386644,180.6675262451172,3462200,0.0,0.0
2022-09-02 00:00:00-04:00,182.18108456622969,183.68542127636533,179.31085507426428,180.43679809570312,3165900,0.0,0.0
2022-09-06 00:00:00-04:00,181.04593138748376,181.63658891242565,176.50524902404564,178.0834197998047,3128800,0.0,0.0
2022-09-07 00:00:00-04:00,178.77559377597473,186.37108353886472,178.6556118477674,185.78042602539062,4086500,0.0,0.0
2022-09-08 00:00:00-04:00,185.18051634185196,188.7429231589363,183.40854393658924,188.62295532226562,3564200,0.0,0.0
2022-09-09 00:00:00-04:00,188.25376696867147,190.60717264731568,187.64466163636894,189.79501342773438,3176400,0.0,0.0
2022-09-12 00:00:00-04:00,190.11807272025627,193.2744001988324,189.6566210874401,190.4872283935547,3218700,0.0,0.0
2022-09-13 00:00:00-04:00,185.7434777120166,187.2478143108675,178.0741550028821,178.7017364501953,4441400,0.0,0.0
2022-09-14 00:00:00-04:00,179.55077049084377,180.16911377315964,175.5453750954585,177.5572967529297,3963700,0.0,0.0
2022-09-15 00:00:00-04:00,178.41564882399572,179.4954438505145,175.36082748086042,176.31141662597656,3309700,0.0,0.0
2022-09-16 00:00:00-04:00,174.42869338114915,178.1849159187956,174.19796759625345,177.0220489501953,10187800,0.0,0.0
2022-09-19 00:00:00-04:00,176.19144418325897,180.7967219004548,175.96994235705117,180.05841064453125,3351900,0.0,0.0
2022-09-20 00:00:00-04:00,177.76963471595954,179.20936165593938,174.1333933467151,175.7300262451172,3650200,0.0,0.0
2022-09-21 00:00:00-04:00,177.11433676568004,179.79075011464064,173.80111802646192,173.83802795410156,2925700,0.0,0.0
2022-09-22 00:00:00-04:00,173.5058332505991,175.14860011967863,172.13070216209164,173.6165771484375,2864500,0.0,0.0
2022-09-23 00:00:00-04:00,172.35219760865348,174.57639802316191,171.25394038811248,173.6258087158203,3382500,0.0,0.0
2022-09-26 00:00:00-04:00,173.5611523815424,175.35158662446835,171.37387657053677,171.67843627929688,2938700,0.0,0.0
2022-09-27 00:00:00-04:00,173.4504207043563,176.1452962193091,171.85380219387213,173.20123291015625,3866500,0.0,0.0
2022-09-28 00:00:00-04:00,177.61269329539905,180.3998645144231,175.48078945339498,179.53233337402344,5384900,0.0,0.0
2022-09-29 00:00:00-04:00,177.19740294554066,177.59424453634296,174.25333967467023,175.77613830566406,3622800,0.0,0.0
2022-09-30 00:00:00-04:00,174.82555837462894,176.3575811711927,171.62309700737308,173.33045959472656,6049000,0.0,0.0
2022-10-03 00:00:00-04:00,176.8374565284456,180.7044226169903,176.30217106182675,178.9693603515625,4346500,0.0,0.0
2022-10-04 00:00:00-04:00,181.78425080527285,184.26686275351298,181.1935932998555,182.19955444335938,4139100,0.0,0.0
2022-10-05 00:00:00-04:00,180.2614468065252,184.8759624743263,179.0432079106813,183.68540954589844,3196100,0.0,0.0
2022-10-06 00:00:00-04:00,183.15015392603743,186.6940991574577,183.03018607511885,184.56219482421875,3304900,0.0,0.0
2022-10-07 00:00:00-04:00,182.75328660668995,183.20550013969242,180.27989882966097,182.0057373046875,3466800,0.0,0.0
2022-10-10 00:00:00-04:00,180.84290691568654,181.7750483031503,177.85270910252925,179.8738555908203,2449700,0.0,0.0
2022-10-11 00:00:00-04:00,179.91075662294546,183.0763079196653,179.01553936965576,181.28587341308594,2766000,0.0,0.0
2022-10-12 00:00:00-04:00,182.54102733546534,183.08555095472622,178.8401903784183,178.92324829101562,2353900,0.0,0.0
2022-10-13 00:00:00-04:00,175.1947206867623,179.90151867932676,171.1800860297528,178.2679901123047,4851100,0.0,0.0
2022-10-14 00:00:00-04:00,179.8184613241447,181.7750257409199,174.179522045283,174.3917999267578,4142800,0.0,0.0
2022-10-17 00:00:00-04:00,177.42814320132845,180.16916687828572,177.28047530705808,179.12628173828125,3504800,0.0,0.0
2022-10-18 00:00:00-04:00,182.0584727187979,184.25765965095582,178.68083388146619,179.2747039794922,3804300,1.05,0.0
2022-10-19 00:00:00-04:00,173.78143439130804,174.88566512894513,167.23029967041663,170.6821746826172,5362300,0.0,0.0
2022-10-20 00:00:00-04:00,170.17180967712324,172.03692993344978,164.6785068522826,165.4486846923828,4095600,0.0,0.0
2022-10-21 00:00:00-04:00,165.30020099323846,169.50369100829687,163.7784078548838,169.22531127929688,3583600,0.0,0.0
2022-10-24 00:00:00-04:00,170.34813260274953,174.92278690979893,170.34813260274953,174.08766174316406,3704900,0.0,0.0
2022-10-25 00:00:00-04:00,176.21259158609382,181.01924062203182,175.27539434935093,179.87789916992188,3245700,0.0,0.0
2022-10-26 00:00:00-04:00,180.23052935518402,181.51106797441426,177.49315859230921,179.59954833984375,2567200,0.0,0.0
2022-10-27 00:00:00-04:00,181.16770400160436,182.3183195385108,178.65302626975273,179.7015838623047,2457600,0.0,0.0
2022-10-28 00:00:00-04:00,179.5531393310288,185.34338520048863,178.9499949141824,184.4061737060547,3292200,0.0,0.0
2022-10-31 00:00:00-04:00,182.79157639796753,183.70093707061523,180.35113411633955,180.8986053466797,3550200,0.0,0.0
2022-11-01 00:00:00-04:00,183.72880398136527,185.3433955378301,178.42108184474034,179.59954833984375,3260100,0.0,0.0
2022-11-02 00:00:00-04:00,179.26547671877782,180.64807315904946,172.1575819478147,172.32461547851562,4539400,0.0,0.0
2022-11-03 00:00:00-04:00,167.81489047509908,169.68001072191373,165.82913570003385,166.859130859375,4187500,0.0,0.0
2022-11-04 00:00:00-04:00,169.60579056767259,174.3103676885332,165.448698860792,169.0211944580078,4623400,0.0,0.0
2022-11-07 00:00:00-05:00,170.33883107290075,174.26394137918174,167.99117286812424,173.11331176757812,2715300,0.0,0.0
2022-11-08 00:00:00-05:00,174.50522008507562,176.31466734146093,172.38955649930458,174.78359985351562,2880800,0.0,0.0
2022-11-09 00:00:00-05:00,173.8092798847151,177.48386172362942,172.88135675113892,173.1782989501953,3007200,0.0,0.0
2022-11-10 00:00:00-05:00,181.23269438339418,189.98301831663906,181.2234202477864,189.59329223632812,4837200,0.0,0.0
2022-11-11 00:00:00-05:00,190.30775299559548,196.03303705861921,189.76955587641714,193.95449829101562,4272500,0.0,0.0
2022-11-14 00:00:00-05:00,193.40699693033417,195.29996790500238,189.50972290346385,189.9087371826172,4165000,0.0,0.0
2022-11-15 00:00:00-05:00,191.84810441106436,196.02375843694003,189.1292964749728,193.78746032714844,5127800,0.0,0.0
2022-11-16 00:00:00-05:00,196.8032055968196,205.4607297624123,196.3485323425351,199.6240997314453,8173100,0.0,0.0
2022-11-17 00:00:00-05:00,197.18364041037063,197.63832778431495,190.56754479184505,193.379150390625,3507800,0.0,0.0
2022-11-18 00:00:00-05:00,196.55266201177466,196.5712102778135,191.53259504683754,194.7988739013672,2912500,0.0,0.0
2022-11-21 00:00:00-05:00,194.98450172196462,195.61548268603843,193.22143919020112,195.11441040039062,2326400,0.0,0.0
2022-11-22 00:00:00-05:00,196.39492297504842,199.9952692168511,195.85674002455713,199.0116729736328,2845700,0.0,0.0
2022-11-23 00:00:00-05:00,199.71689707180522,200.1530220882161,194.88242535395028,195.8103485107422,2593800,0.0,0.0
2022-11-25 00:00:00-05:00,196.12583599246918,196.5619610022236,194.87313408632633,195.76394653320312,975700,0.0,0.0
2022-11-28 00:00:00-05:00,195.22573956267323,196.227898205234,193.4905279043691,193.97303771972656,2202300,0.0,0.0
2022-11-29 00:00:00-05:00,193.00803353506285,193.61117797626594,191.72749493554159,192.5162353515625,1980900,0.0,0.0
2022-11-30 00:00:00-05:00,191.2542445592387,197.61979805263292,188.6003837346695,197.23007202148438,4701600,0.0,0.0
2022-12-01 00:00:00-05:00,199.3085985864516,201.09949755159803,197.3785309773678,199.94886779785156,2735100,0.0,0.0
2022-12-02 00:00:00-05:00,197.09083092346742,200.9881186803396,196.2557059235552,199.35496520996094,3242300,0.0,0.0
2022-12-05 00:00:00-05:00,195.70825432183867,196.35779762652973,190.5953892428814,191.3191680908203,3308400,0.0,0.0
2022-12-06 00:00:00-05:00,190.41909778903297,190.88305932004775,184.6566893438774,187.35694885253906,3627500,0.0,0.0
2022-12-07 00:00:00-05:00,188.14567014714575,194.85456390847435,187.68170862799903,191.97799682617188,3999300,0.0,0.0
2022-12-08 00:00:00-05:00,190.22422721833382,191.53260213052783,187.86730887689785,188.8880157470703,3150200,0.0,0.0
2022-12-09 00:00:00-05:00,186.51256121911194,189.86236450189418,185.77021983519924,187.22706604003906,3226900,0.0,0.0
2022-12-12 00:00:00-05:00,187.70953360908106,190.31700907940936,186.54962988275355,190.29844665527344,2719800,0.0,0.0
2022-12-13 00:00:00-05:00,201.09022901679617,202.12949839816028,193.86169985889043,195.9959259033203,4168600,0.0,0.0
2022-12-14 00:00:00-05:00,195.74536793030347,201.01597830756887,194.9195169679675,196.82176208496094,3727700,0.0,0.0
2022-12-15 00:00:00-05:00,193.5740520799187,194.60404735976277,190.6789363350526,193.02658081054688,3373900,0.0,0.0
2022-12-16 00:00:00-05:00,191.48623347155984,192.4141566781173,188.66535315357828,191.28208923339844,9543500,0.0,0.0
2022-12-19 00:00:00-05:00,190.5490334893856,191.09650477551094,187.43121099220247,188.52615356445312,2442400,0.0,0.0
2022-12-20 00:00:00-05:00,186.68886099219074,187.56111101946095,183.44112996408975,186.3826446533203,2372200,0.0,0.0
2022-12-21 00:00:00-05:00,188.30343911673225,188.94370835935388,185.83517428435678,187.8394775390625,2345400,0.0,0.0
2022-12-22 00:00:00-05:00,184.21128603229968,185.79802650310816,181.19553614956595,184.79586791992188,2414800,0.0,0.0
2022-12-23 00:00:00-05:00,184.11849671911148,187.73740524388788,182.81941006446309,187.32911682128906,1469200,0.0,0.0
2022-12-27 00:00:00-05:00,187.15279377649435,189.28701952700465,186.80017850252838,187.17135620117188,2076600,0.0,0.0
2022-12-28 00:00:00-05:00,187.40335165580876,188.83234697049804,185.2412891781497,185.64028930664062,1419900,0.0,0.0
2022-12-29 00:00:00-05:00,187.143535048915,188.47974665715847,186.79093387822786,187.68173217773438,1270900,0.0,0.0
2022-12-30 00:00:00-05:00,185.61244751457266,186.04857248303702,182.99571186276876,184.87939453125,2154600,0.0,0.0
2023-01-03 00:00:00-05:00,186.96724017834433,187.71885566274912,182.93076882115403,184.69381713867188,2602000,0.0,0.0
2023-01-04 00:00:00-05:00,186.91156138124384,187.7652631760224,183.27410417521338,186.87445068359375,2507400,0.0,0.0
2023-01-05 00:00:00-05:00,184.93510029553346,186.92085541694325,183.24627324139846,186.2991485595703,1942300,0.0,0.0
2023-01-06 00:00:00-05:00,186.26198880659865,187.24558496858833,180.43463321833582,186.4846954345703,3121400,0.0,0.0
2023-01-09 00:00:00-05:00,187.8301785970088,189.416933213021,184.97217395695702,185.06497192382812,2748500,0.0,0.0
2023-01-10 00:00:00-05:00,185.51037535364225,187.13424069899168,184.2298370075781,186.88369750976562,2200800,0.0,0.0
2023-01-11 00:00:00-05:00,187.58894206848842,193.67611549397603,187.579653775503,193.55548095703125,2781000,0.0,0.0
2023-01-12 00:00:00-05:00,195.10511779785156,196.3207090264714,191.6996415124106,195.10511779785156,2690200,0.0,0.0
2023-01-13 00:00:00-05:00,192.8317228925336,198.16728142993958,192.8317228925336,196.86819458007812,3875900,0.0,0.0
2023-01-17 00:00:00-05:00,196.87743219607245,199.4848937061237,194.16789858396663,194.41844177246094,2943800,0.0,0.0
2023-01-18 00:00:00-05:00,195.53196005386297,198.74256610483985,193.11008015576397,193.4719696044922,3575000,0.0,0.0
2023-01-19 00:00:00-05:00,192.5533127203934,192.91520215426962,186.68884623309367,187.56109619140625,3508800,0.0,0.0
2023-01-20 00:00:00-05:00,186.84661685731203,190.21498261750844,184.35050117400272,189.7881317138672,3517600,0.0,0.0
2023-01-23 00:00:00-05:00,188.85088457987132,191.9965428445167,187.24556766633796,190.32627868652344,3473500,0.0,0.0
2023-01-24 00:00:00-05:00,188.97385850870046,192.67666906445044,188.97385850870046,192.5181121826172,2862500,1.05,0.0
2023-01-25 00:00:00-05:00,190.7553259308522,192.40619051203618,188.2556888470627,192.23831176757812,2283400,0.0,0.0
2023-01-26 00:00:00-05:00,190.59681321771362,194.71933604750183,188.06919575730578,188.22775268554688,3426100,0.0,0.0
2023-01-27 00:00:00-05:00,187.89197056284374,189.72938638302972,186.94995090028792,188.8619842529297,2907900,0.0,0.0
2023-01-30 00:00:00-05:00,188.37695873134177,190.79264239875928,187.61213977337704,188.3209991455078,2786300,0.0,0.0
2023-01-31 00:00:00-05:00,189.5708399265468,194.308946760207,188.8713165319839,194.2343292236328,3415800,0.0,0.0
2023-02-01 00:00:00-05:00,193.49745786558134,200.66056888022408,190.6340692912025,199.18690490722656,3363900,0.0,0.0
2023-02-02 00:00:00-05:00,201.50935425071899,208.28073487683176,201.4440585761211,206.6485137939453,4156800,0.0,0.0
2023-02-03 00:00:00-05:00,202.52599284027485,203.69186505065497,200.3621414183654,201.4347381591797,3047900,0.0,0.0
2023-02-06 00:00:00-05:00,199.83046507393377,202.2461484939593,199.6532502490498,201.3414306640625,2380600,0.0,0.0
2023-02-07 00:00:00-05:00,198.5620528027355,201.0616905430782,196.25828788087827,200.27821350097656,2552300,0.0,0.0
2023-02-08 00:00:00-05:00,199.79320384762636,199.79320384762636,196.86453329781662,198.44078063964844,2421100,0.0,0.0
2023-02-09 00:00:00-05:00,200.31554171425356,200.75391088712962,193.96387098330794,194.5980987548828,2386700,0.0,0.0
2023-02-10 00:00:00-05:00,193.49749921181734,194.86855193668856,192.44354610353014,194.72865295410156,1836300,0.0,0.0
2023-02-13 00:00:00-05:00,195.21365136079493,199.87714033629484,193.4694968063075,199.7279052734375,2364000,0.0,0.0
2023-02-14 00:00:00-05:00,197.7598957968105,200.6419283266972,196.92979539795465,199.3734588623047,2316600,0.0,0.0
2023-02-15 00:00:00-05:00,198.05834534871173,200.99633715970376,197.05103021104227,200.55796813964844,1849900,0.0,0.0
2023-02-16 00:00:00-05:00,196.0530674671979,201.5280130284857,195.51210105537223,199.6066436767578,2479000,0.0,0.0
2023-02-17 00:00:00-05:00,198.8884998602381,199.3268689997527,194.8405802691493,198.4314727783203,3462000,0.0,0.0
2023-02-21 00:00:00-05:00,191.45488525740348,192.97517302445561,187.67745624474935,188.2650604248047,3942900,0.0,0.0
2023-02-22 00:00:00-05:00,187.66810943334846,190.68071900264812,186.5954985452224,188.99253845214844,2667400,0.0,0.0
2023-02-23 00:00:00-05:00,188.92725048672673,190.03716306589894,185.728104094372,188.60081481933594,2332200,0.0,0.0
2023-02-24 00:00:00-05:00,186.34368523924488,188.95524189813335,185.10320970231572,187.9759063720703,2163500,0.0,0.0
2023-02-27 00:00:00-05:00,190.57812578006127,192.59275625974598,189.74802538313162,190.4941864013672,2764800,0.0,0.0
2023-02-28 00:00:00-05:00,190.2516784109741,194.26228148433609,189.61745078775485,191.90255737304688,4391400,0.0,0.0
2023-03-01 00:00:00-05:00,191.6134448503021,191.7999815703022,178.39711828095017,181.23251342773438,9814300,0.0,0.0
2023-03-02 00:00:00-05:00,179.6935300650251,182.29575020887077,179.10592599983818,181.9693145751953,4096900,0.0,0.0
2023-03-03 00:00:00-05:00,182.60358137584126,187.0525540429181,181.93203779470363,186.28773498535156,3483200,0.0,0.0
2023-03-06 00:00:00-05:00,186.81936087203468,189.99986359305538,186.59550829012983,188.00389099121094,3160900,0.0,0.0
2023-03-07 00:00:00-05:00,188.86197724596937,188.86197724596937,183.98395764450603,184.12387084960938,3320200,0.0,0.0
2023-03-08 00:00:00-05:00,184.87933816031872,188.47955183071238,184.38500952073264,187.60281372070312,2670400,0.0,0.0
2023-03-09 00:00:00-05:00,188.48889852113237,190.3169925054242,185.17781842267118,185.65350341796875,2440300,0.0,0.0
2023-03-10 00:00:00-05:00,185.71879091860797,188.11583121898045,182.89271757803414,183.4243621826172,2986800,0.0,0.0
2023-03-13 00:00:00-04:00,182.56624456618295,187.8359806372746,181.6242108239198,184.25442504882812,3116300,0.0,0.0
2023-03-14 00:00:00-04:00,185.979942291097,186.62350607325072,180.77550090463538,183.58291625976562,3909000,0.0,0.0
2023-03-15 00:00:00-04:00,182.6595076853416,186.9592444993839,181.51229353987293,185.22442626953125,3794100,0.0,0.0
2023-03-16 00:00:00-04:00,184.2730787334443,186.61414467580502,183.21912585081887,186.2317352294922,3153900,0.0,0.0
2023-03-17 00:00:00-04:00,186.34370427947394,187.7520871949374,182.61291273752522,184.07725524902344,7271200,0.0,0.0
2023-03-20 00:00:00-04:00,183.7507726398165,184.57155118736372,182.25846482735707,183.5455780029297,2405100,0.0,0.0
2023-03-21 00:00:00-04:00,185.14049736567026,185.39232973491093,182.04393410489683,183.5455780029297,2940400,0.0,0.0
2023-03-22 00:00:00-04:00,183.63885490768928,184.19847923664858,178.48103761570349,178.67691040039062,3275700,0.0,0.0
2023-03-23 00:00:00-04:00,179.74950432737566,180.10393401238437,175.41246565612124,176.92343139648438,3346400,0.0,0.0
2023-03-24 00:00:00-04:00,176.04670167022766,177.46440624607615,174.82486988539864,176.70892333984375,2692400,0.0,0.0
2023-03-27 00:00:00-04:00,177.2778761651768,179.02201648211155,176.18660722446657,177.7069091796875,2488400,0.0,0.0
2023-03-28 00:00:00-04:00,177.64162629527908,179.4883639236472,176.8581493401131,177.35247802734375,1872300,0.0,0.0
2023-03-29 00:00:00-04:00,178.09862730488476,179.06864090633113,177.21256731467892,179.02200317382812,2436300,0.0,0.0
2023-03-30 00:00:00-04:00,181.01798456950303,182.06260151575313,179.35778368056768,179.68421936035156,2157000,0.0,0.0
2023-03-31 00:00:00-04:00,181.02729895683083,186.75406244838982,180.61690967863478,186.51156616210938,3151600,0.0,0.0
2023-04-03 00:00:00-04:00,187.53755619681894,190.48487047136118,187.44428072273075,190.2610321044922,3471100,0.0,0.0
2023-04-04 00:00:00-04:00,189.8040412564583,190.53154455122808,187.23912178001967,189.3376922607422,2500100,0.0,0.0
2023-04-05 00:00:00-04:00,189.34696368045056,189.6640917292633,185.2804009517511,186.00790405273438,2417800,0.0,0.0
2023-04-06 00:00:00-04:00,184.7860851478467,186.05455473587037,182.3424214453255,185.205810546875,2403300,0.0,0.0
2023-04-10 00:00:00-04:00,184.30107637427554,187.63079985597238,183.00462710424065,186.3343505859375,2387500,0.0,0.0
2023-04-11 00:00:00-04:00,187.46293199176932,189.28168981704297,187.24840125536983,187.78936767578125,2459000,0.0,0.0
2023-04-12 00:00:00-04:00,189.7107105109803,190.93255647863882,185.98925571742518,186.3250274658203,2665400,0.0,0.0
2023-04-13 00:00:00-04:00,186.32503070881242,188.2557076218096,183.03260883922331,187.91061401367188,2778700,0.0,0.0
2023-04-14 00:00:00-04:00,187.9572300640558,190.1583970363998,187.56549876793989,188.5727996826172,2028300,0.0,0.0
2023-04-17 00:00:00-04:00,188.87128913693311,191.2310132404426,188.7873497574022,191.20303344726562,2420000,0.0,0.0
2023-04-18 00:00:00-04:00,192.39688940336504,194.58873479347034,191.9025607378244,194.0944061279297,2685200,0.0,0.0
2023-04-19 00:00:00-04:00,193.22695663312126,194.98043264399143,192.37819841663958,194.77523803710938,2488700,0.0,0.0
2023-04-20 00:00:00-04:00,194.44884805960328,198.07704220662464,194.4208682620351,195.6427001953125,2948800,0.0,0.0
2023-04-21 00:00:00-04:00,197.11632949175635,198.19826224482793,195.8758398367094,196.83651733398438,2864000,0.0,0.0
2023-04-24 00:00:00-04:00,196.14633014089605,197.7598931850806,195.9504573609044,196.83651733398438,2758700,0.0,0.0
2023-04-25 00:00:00-04:00,197.77392708764384,198.00826748522022,192.89026690883082,192.9840087890625,2723700,1.05,0.0
2023-04-26 00:00:00-04:00,192.61841074470914,192.82463140927155,187.56603306893177,188.22218322753906,3409000,0.0,0.0
2023-04-27 00:00:00-04:00,188.06283244024183,191.99974767277723,188.06283244024183,191.71853637695312,2498900,0.0,0.0
2023-04-28 00:00:00-04:00,191.78420025016615,194.85874533297866,191.54047706605053,194.81187438964844,2451900,0.0,0.0
2023-05-01 00:00:00-04:00,194.81184352517815,195.8335641340861,194.165061797502,195.1774139404297,2282100,0.0,0.0
2023-05-02 00:00:00-04:00,195.43988294952385,195.43988294952385,190.5093663512929,193.068359375,2201800,0.0,0.0
2023-05-03 00:00:00-04:00,193.4526447897074,197.14585088881927,192.29968000244185,192.4496612548828,2386600,0.0,0.0
2023-05-04 00:00:00-04:00,192.38407283971605,193.6870047081046,188.66274666754856,190.09690856933594,2375800,0.0,0.0
2023-05-05 00:00:00-04:00,191.26864466599105,193.58392905090426,190.57499190634383,192.91839599609375,2495600,0.0,0.0
2023-05-08 00:00:00-04:00,192.72152889904277,193.20894657779075,190.31250299387912,191.26861572265625,1586500,0.0,0.0
2023-05-09 00:00:00-04:00,191.31546491852507,194.20252540551476,190.50933355311895,194.1462860107422,2249900,0.0,0.0
2023-05-10 00:00:00-04:00,194.92432585949857,195.683586404696,189.3282764225968,191.52171325683594,2715600,0.0,0.0
2023-05-11 00:00:00-04:00,191.2217783521694,191.63421977042918,189.19707373689607,190.5656280517578,3015600,0.0,0.0
2023-05-12 00:00:00-04:00,190.58436039791548,191.69044017996754,188.6533835581087,190.52810668945312,2261700,0.0,0.0
2023-05-15 00:00:00-04:00,189.7688209922596,190.2375017130619,186.86300910508552,188.92520141601562,2971500,0.0,0.0
2023-05-16 00:00:00-04:00,184.16342095349074,187.44418630867156,181.46381516998133,186.7411651611328,4683500,0.0,0.0
2023-05-17 00:00:00-04:00,186.8817560214728,194.436887356022,186.3005964735848,194.22129821777344,3755900,0.0,0.0
2023-05-18 00:00:00-04:00,194.50250920845582,196.15226028205913,192.62778622813335,196.05853271484375,2275300,0.0,0.0
2023-05-19 00:00:00-04:00,195.28989449606567,195.46799547229898,192.1028710680013,193.3495635986328,2768400,0.0,0.0
2023-05-22 00:00:00-04:00,193.7526551131251,195.31804739200467,190.20006066275832,190.42501831054688,3537000,0.0,0.0
2023-05-23 00:00:00-04:00,190.12505097275184,196.61159138947949,189.7594805287008,193.7057647705078,6507500,0.0,0.0
2023-05-24 00:00:00-04:00,193.79950245393513,195.8335753219765,189.44077692284682,190.87493896484375,2829800,0.0,0.0
2023-05-25 00:00:00-04:00,190.28437832842025,191.231108263634,188.3159135210638,188.4471435546875,3030400,0.0,0.0
2023-05-26 00:00:00-04:00,189.403254415224,193.827601652909,188.61587422114468,193.58389282226562,3072700,0.0,0.0
2023-05-30 00:00:00-04:00,194.03383467765713,194.44627603501746,191.01552943843123,192.8152618408203,2534100,0.0,0.0
2023-05-31 00:00:00-04:00,191.3342573841144,191.3342573841144,187.0036510936439,188.53155517578125,3894600,0.0,0.0
2023-06-01 00:00:00-04:00,188.37216191231772,191.9153870232519,185.11013379193346,191.14674377441406,2764800,0.0,0.0
2023-06-02 00:00:00-04:00,192.6277604510452,197.12709786232642,192.6277604510452,196.66778564453125,2834600,0.0,0.0
2023-06-05 00:00:00-04:00,195.25239965936856,195.53361096471016,193.34955699419194,193.82760620117188,2345700,0.0,0.0
2023-06-06 00:00:00-04:00,193.60263353017373,195.43986832186764,192.74964545478116,194.18380737304688,2804900,0.0,0.0
2023-06-07 00:00:00-04:00,194.97116622846684,198.5800132476455,194.97116622846684,197.9801025390625,3334600,0.0,0.0
2023-06-08 00:00:00-04:00,198.5800468291573,200.39851619178665,197.08963111883972,197.27711486816406,2409700,0.0,0.0
2023-06-09 00:00:00-04:00,198.02699500590046,198.2425984595843,195.69297391090623,196.0210418701172,2092700,0.0,0.0
2023-06-12 00:00:00-04:00,197.03338706861325,200.45476517106894,196.09602555610508,199.99545288085938,2465100,0.0,0.0
2023-06-13 00:00:00-04:00,201.53272934692947,203.85738194106747,200.67972692022897,203.73553466796875,3056100,0.0,0.0
2023-06-14 00:00:00-04:00,203.21055926688487,204.60723281711174,200.36098707732688,201.40145874023438,3080300,0.0,0.0
2023-06-15 00:00:00-04:00,202.28262087384783,205.84459754561752,202.2732381046341,205.216552734375,3187000,0.0,0.0
2023-06-16 00:00:00-04:00,205.6008844027392,205.7414972207736,203.2668632351951,203.48245239257812,6874300,0.0,0.0
2023-06-20 00:00:00-04:00,202.31073213826716,203.17310299285708,200.98904900441684,201.9639129638672,3058300,0.0,0.0
2023-06-21 00:00:00-04:00,202.13262853753298,202.2919782724279,200.4641262509848,200.82969665527344,3364400,0.0,0.0
2023-06-22 00:00:00-04:00,200.3985181231558,201.87955107847966,198.3644452898002,201.364013671875,2780900,0.0,0.0
2023-06-23 00:00:00-04:00,200.52036460234112,202.84501705070943,199.7517356319859,201.7389373779297,3997300,0.0,0.0
2023-06-26 00:00:00-04:00,202.43260419308822,205.31029667936627,202.0576509958031,204.3073272705078,2498900,0.0,0.0
2023-06-27 00:00:00-04:00,205.27281416003885,209.95962198256404,205.27281416003885,209.55654907226562,4223500,0.0,0.0
2023-06-28 00:00:00-04:00,208.3286039339725,210.10958515303955,207.67245371131628,208.58169555664062,3372600,0.0,0.0
2023-06-29 00:00:00-04:00,209.24719184453926,209.79086320025175,207.92552307432504,208.86288452148438,3058200,0.0,0.0
2023-06-30 00:00:00-04:00,210.06269979329227,212.3029930133735,209.57526785040008,211.56246948242188,3633300,0.0,0.0
2023-07-03 00:00:00-04:00,210.55013813372173,211.89057253271196,209.49092935178012,210.5220184326172,1498400,0.0,0.0
2023-07-05 00:00:00-04:00,210.3533094280393,212.73420147805467,210.0814665681346,211.36566162109375,2876400,0.0,0.0
2023-07-06 00:00:00-04:00,208.84414634063106,209.55653593591686,207.41935284705792,207.5505828857422,3011500,0.0,0.0
2023-07-07 00:00:00-04:00,207.2037736941343,209.8752455324894,206.903811132395,208.03802490234375,2345400,0.0,0.0
2023-07-10 00:00:00-04:00,209.14408084668702,214.80575197916596,208.9191232540061,214.76824951171875,2536100,0.0,0.0
2023-07-11 00:00:00-04:00,216.78359388731113,216.78359388731113,214.52454928359265,215.058837890625,2219700,0.0,0.0
2023-07-12 00:00:00-04:00,217.23351793086852,220.34556483743287,216.6242387042584,217.5709686279297,2256000,0.0,0.0
2023-07-13 00:00:00-04:00,218.002175348562,218.64894278217812,214.13086769796647,215.16195678710938,1882800,0.0,0.0
2023-07-14 00:00:00-04:00,215.54626294544434,216.39926529916255,214.17772323572126,214.4120635986328,1535900,0.0,0.0
2023-07-17 00:00:00-04:00,214.38394498521032,215.68687683747808,213.01539096555464,213.69029235839844,1951500,0.0,0.0
2023-07-18 00:00:00-04:00,213.48406964461378,216.6429731453807,212.35923876833778,215.50877380371094,1858100,0.0,0.0
2023-07-19 00:00:00-04:00,215.2182086258888,217.68345967353818,215.10571551853866,216.42739868164062,1649600,0.0,0.0
2023-07-20 00:00:00-04:00,216.8867191124977,216.8867191124977,214.11212264273462,216.52114868164062,1959700,0.0,0.0
2023-07-21 00:00:00-04:00,217.88966012889293,220.29868585379958,217.20539029427363,219.1363525390625,3348400,0.0,0.0
2023-07-24 00:00:00-04:00,219.53005977086008,221.03921235338427,218.94890021959034,219.34259033203125,2019000,0.0,0.0
2023-07-25 00:00:00-04:00,218.85286392107542,220.7458540451978,217.732133062557,220.32205200195312,1547800,1.1,0.0
2023-07-26 00:00:00-04:00,220.09600169876694,221.47101943249285,219.27665018275974,220.44447326660156,1720100,0.0,0.0
2023-07-27 00:00:00-04:00,222.33745326887808,223.4016789799814,220.7552409563283,221.22613525390625,1972800,0.0,0.0
2023-07-28 00:00:00-04:00,223.16626026008979,223.3922803545654,220.80236138795976,221.4051055908203,1767300,0.0,0.0
2023-07-31 00:00:00-04:00,221.3956895661358,222.20562842385672,219.18248037045788,220.63284301757812,2614800,0.0,0.0
2023-08-01 00:00:00-04:00,219.3802673760031,221.29209733353534,218.59858101165634,218.82461547851562,2029300,0.0,0.0
2023-08-02 00:00:00-04:00,216.38539140583566,218.44791119515142,215.9333368016405,216.13111877441406,2298100,0.0,0.0
2023-08-03 00:00:00-04:00,215.54716345512344,215.85795543369807,213.36222126256686,213.52232360839844,2436000,0.0,0.0
2023-08-04 00:00:00-04:00,210.9606756541611,213.0420350718292,209.4726477353481,210.13189697265625,2549600,0.0,0.0
2023-08-07 00:00:00-04:00,211.1490262111358,211.9401252797387,209.6515856090185,210.30142211914062,1902500,0.0,0.0
2023-08-08 00:00:00-04:00,207.1935059766295,208.50259164411418,204.7636895002552,208.050537109375,2152100,0.0,0.0
2023-08-09 00:00:00-04:00,207.73976063782192,208.2859998279235,205.78083834694044,206.85447692871094,2061300,0.0,0.0
2023-08-10 00:00:00-04:00,208.57792485514648,210.25430743330188,206.44948776740694,208.00343322753906,1815500,0.0,0.0
2023-08-11 00:00:00-04:00,208.1541272515214,212.09079683131387,207.73973795458448,210.668701171875,2356300,0.0,0.0
2023-08-14 00:00:00-04:00,211.3091386875245,213.28690082430512,210.63104963323147,212.74066162109375,2927400,0.0,0.0
2023-08-15 00:00:00-04:00,210.51801486008682,213.55998816246876,210.26372790194864,210.80996704101562,2079000,0.0,0.0
2023-08-16 00:00:00-04:00,211.70462853615112,213.65413761008494,209.18064227852585,209.2183074951172,1403500,0.0,0.0
2023-08-17 00:00:00-04:00,210.235490788396,210.83823499106683,205.04624014306654,205.45120239257812,1791100,0.0,0.0
2023-08-18 00:00:00-04:00,204.80137977123562,207.14642446852517,203.98201381927123,206.58135986328125,2250500,0.0,0.0
2023-08-21 00:00:00-04:00,205.89383880847393,207.7774161884671,203.66180421175963,204.92379760742188,2804800,0.0,0.0
2023-08-22 00:00:00-04:00,209.13359069932412,214.0591414417705,208.35190437525003,212.59938049316406,4083500,0.0,0.0
2023-08-23 00:00:00-04:00,212.80658498005604,214.25693328230727,211.75177184422702,213.96498107910156,2390700,0.0,0.0
2023-08-24 00:00:00-04:00,213.58825652504484,215.6131108862704,209.9812183897579,209.99063110351562,1994800,0.0,0.0
2023-08-25 00:00:00-04:00,210.78170746825137,212.994916460089,208.84162522207225,210.0847930908203,1805000,0.0,0.0
2023-08-28 00:00:00-04:00,210.95126370422912,212.44870434237117,208.51201996152176,209.75518798828125,1726100,0.0,0.0
2023-08-29 00:00:00-04:00,209.77401448705007,213.4940768764253,209.70808238198276,213.23037719726562,1800600,0.0,0.0
2023-08-30 00:00:00-04:00,214.25694198387183,217.41194006460398,213.9555626840936,216.9033660888672,2839600,0.0,0.0
2023-08-31 00:00:00-04:00,217.4119176206364,218.33486648245605,216.9221834943312,217.06344604492188,3433100,0.0,0.0
2023-09-01 00:00:00-04:00,218.7775284314842,220.35031391184236,218.4761491350881,218.9752960205078,2562000,0.0,0.0
2023-09-05 00:00:00-04:00,219.94533623985998,220.0395208621779,216.55490539475122,217.01637268066406,2569200,0.0,0.0
2023-09-06 00:00:00-04:00,216.83742630315075,217.73212265625173,215.46240853618116,216.2440948486328,2123900,0.0,0.0
2023-09-07 00:00:00-04:00,216.7526506958423,220.72699992367023,216.7526506958423,220.01124572753906,2576600,0.0,0.0
2023-09-08 00:00:00-04:00,219.18247192183082,219.67220605125235,217.2518022849972,217.8262939453125,2166300,0.0,0.0
2023-09-11 00:00:00-04:00,219.14481130946837,220.02066788824249,217.91107043198403,218.41021728515625,1657900,0.0,0.0
2023-09-12 00:00:00-04:00,218.28778074529006,220.2372902254436,216.9692823315787,217.02578735351562,2192600,0.0,0.0
2023-09-13 00:00:00-04:00,216.14991366734313,217.4966789455401,214.85966778092296,215.50009155273438,2769400,0.0,0.0
2023-09-14 00:00:00-04:00,216.7055886528791,217.76980012680443,215.1987209635555,217.43075561523438,2621700,0.0,0.0
2023-09-15 00:00:00-04:00,215.066855144251,215.066855144251,206.82620451593385,207.21234130859375,9188500,0.0,0.0
2023-09-18 00:00:00-04:00,207.2782532961008,208.88871815444372,204.56591185073134,205.0462188720703,3447200,0.0,0.0
2023-09-19 00:00:00-04:00,203.8313294465343,205.3005319474886,201.74057167135177,204.83905029296875,3449600,0.0,0.0
2023-09-20 00:00:00-04:00,205.62072638593816,206.47775754266203,201.9006639350237,202.39981079101562,2490000,0.0,0.0
2023-09-21 00:00:00-04:00,200.61039998110198,201.24139666728993,197.9451363131246,198.35011291503906,2959600,0.0,0.0
2023-09-22 00:00:00-04:00,197.34239557223816,198.93402075595486,197.05044337793365,198.2371063232422,2940100,0.0,0.0
2023-09-25 00:00:00-04:00,198.1240668233265,200.46912565380882,197.78502234627547,200.1300811767578,3971600,0.0,0.0
2023-09-26 00:00:00-04:00,198.62322609911234,199.3860869982415,196.04273432300187,196.40060424804688,2782400,0.0,0.0
2023-09-27 00:00:00-04:00,196.90920053705932,198.02050440348756,194.26277635527228,194.91261291503906,2860000,0.0,0.0
2023-09-28 00:00:00-04:00,194.79014862537838,198.14291392734313,194.29100178944287,195.68484497070312,2379000,0.0,0.0
2023-09-29 00:00:00-04:00,196.6360599325806,198.13351491448546,195.23280394116912,195.74136352539062,2304800,0.0,0.0
2023-10-02 00:00:00-04:00,195.30814372129143,196.3441026610907,192.92541947803167,193.76361083984375,2264900,0.0,0.0
2023-10-03 00:00:00-04:00,192.96307921836694,193.0760892597191,187.14283215985702,188.5084228515625,3532500,0.0,0.0
2023-10-04 00:00:00-04:00,188.6685475210942,189.44080684595514,186.91681982012148,187.97161865234375,2569500,0.0,0.0
2023-10-05 00:00:00-04:00,187.27469141373558,188.40483499574026,186.0315234141417,188.1693878173828,2233600,0.0,0.0
2023-10-06 00:00:00-04:00,186.48354889570194,190.27895566938722,186.0597469148502,187.9244842529297,2250800,0.0,0.0
2023-10-09 00:00:00-04:00,186.1162666502968,189.27126434611353,185.02380274827317,189.05465698242188,1649600,0.0,0.0
2023-10-10 00:00:00-04:00,189.54440713857224,191.945971432715,188.6120454314809,190.9476776123047,2209700,0.0,0.0
2023-10-11 00:00:00-04:00,191.92708630146467,192.24730533679198,189.2429975000768,191.45619201660156,2178900,0.0,0.0
2023-10-12 00:00:00-04:00,191.46562710739337,191.65398195510582,185.3157486395102,185.43817138671875,2488500,0.0,0.0
2023-10-13 00:00:00-04:00,185.55120869716188,186.42706526669116,183.43218417926946,184.35513305664062,2220300,0.0,0.0
2023-10-16 00:00:00-04:00,185.90906864786132,187.65138335065612,184.80717768213825,186.7095947265625,2139900,0.0,0.0
2023-10-17 00:00:00-04:00,185.98443600908604,187.29352178045406,185.50412892597024,186.6154327392578,1698900,0.0,0.0
2023-10-18 00:00:00-04:00,184.93903463171583,184.93903463171583,182.1325084476681,182.1984405517578,2694700,0.0,0.0
2023-10-19 00:00:00-04:00,182.28320094986603,182.55631334261616,178.77033321530274,179.37307739257812,2944200,0.0,0.0
2023-10-20 00:00:00-04:00,179.11881437252356,180.59741531749526,177.70613117093646,179.4107666015625,2776100,0.0,0.0
2023-10-23 00:00:00-04:00,179.32598390103,180.4372876325082,176.99033765526946,177.41415405273438,2322100,0.0,0.0
2023-10-24 00:00:00-04:00,178.24780849687323,179.21406488951442,175.2826910431782,176.428955078125,2107500,1.1,0.0
2023-10-25 00:00:00-04:00,175.7753337481861,177.40472627658207,174.93221902343186,176.28688049316406,2406200,0.0,0.0
2023-10-26 00:00:00-04:00,177.10154177543174,178.5793592523122,174.78060974033295,174.9984893798828,2855500,0.0,0.0
2023-10-27 00:00:00-04:00,175.12167362693162,175.6805892700347,172.2702440374877,173.94699096679688,2371400,0.0,0.0
2023-10-30 00:00:00-04:00,175.0648197099301,178.45622861017387,174.10801681704874,177.83099365234375,2683200,0.0,0.0
2023-10-31 00:00:00-04:00,178.54145958414512,181.01396616593257,177.8783382596153,180.5308380126953,3181200,0.0,0.0
2023-11-01 00:00:00-04:00,181.10868481564276,182.07495555195888,178.759334560542,181.212890625,3070100,0.0,0.0
2023-11-02 00:00:00-04:00,183.52436773607042,186.3000238838667,183.22123274002607,184.0832977294922,2220100,0.0,0.0
2023-11-03 00:00:00-04:00,184.6232548727444,186.83051293244975,183.6664665622122,184.67062377929688,2755300,0.0,0.0
2023-11-06 00:00:00-05:00,184.3011810733196,185.4853315370971,183.0980801547324,183.99803161621094,1920400,0.0,0.0
2023-11-07 00:00:00-05:00,184.0264404025682,184.91692381733853,183.2306948019074,184.32958984375,2150300,0.0,0.0
2023-11-08 00:00:00-05:00,184.57587585814372,186.49893482818138,182.7191362446398,184.42430114746094,3077500,0.0,0.0
2023-11-09 00:00:00-05:00,182.16971042673845,184.62326672102958,180.36032504702618,180.45506286621094,3271000,0.0,0.0
2023-11-10 00:00:00-05:00,180.87186294225984,184.57588888687766,179.09091055838448,184.34854125976562,2381500,0.0,0.0
2023-11-13 00:00:00-05:00,182.83282494317706,184.18748608598088,181.9802424223177,183.62857055664062,3155700,0.0,0.0
2023-11-14 00:00:00-05:00,192.73233972011786,194.00174563455369,188.7251783251629,191.58609008789062,4237600,0.0,0.0
2023-11-15 00:00:00-05:00,191.77554806942058,195.39430455595368,191.766065614048,194.05859375,2848500,0.0,0.0
2023-11-16 00:00:00-05:00,193.1870352236413,194.85432831831773,190.26930121788075,191.62396240234375,2705700,0.0,0.0
2023-11-17 00:00:00-05:00,192.58074192724843,193.41438843631735,191.59553515240773,192.96914672851562,2216300,0.0,0.0
2023-11-20 00:00:00-05:00,192.77971299086892,194.2006936763053,192.3913081343252,193.67019653320312,3159700,0.0,0.0
2023-11-21 00:00:00-05:00,187.11473506712287,191.11242843141414,186.26213800857545,187.62628173828125,5880600,0.0,0.0
2023-11-22 00:00:00-05:00,188.0336371185501,189.17988674263276,186.3474079116629,188.02415466308594,3232400,0.0,0.0
2023-11-24 00:00:00-05:00,187.5694291356629,188.90515429718332,185.89266807024276,188.58306884765625,1322200,0.0,0.0
2023-11-27 00:00:00-05:00,187.92942019306471,190.35455803478612,187.42734155184718,189.29356384277344,2345700,0.0,0.0
2023-11-28 00:00:00-05:00,189.02828622901907,190.4208482258796,187.5504688743819,189.5114288330078,2651100,0.0,0.0
2023-11-29 00:00:00-05:00,190.47771752543375,191.0461010857695,189.14199230795748,189.38829040527344,2119000,0.0,0.0
2023-11-30 00:00:00-05:00,189.63455600586963,189.67245690970765,185.97791380827366,188.35568237304688,3812100,0.0,0.0
2023-12-01 00:00:00-05:00,188.70621326226782,193.59438980048884,188.06204235434308,193.1775665283203,2965600,0.0,0.0
2023-12-04 00:00:00-05:00,193.01651294291565,197.77206494109456,192.98809449004486,196.6163330078125,3429700,0.0,0.0
2023-12-05 00:00:00-05:00,194.8732906545012,195.96270335940775,193.1112740888085,195.0722198486328,2552100,0.0,0.0
2023-12-06 00:00:00-05:00,196.0953078455255,198.70990674634652,196.0953078455255,197.70574951171875,2595400,0.0,0.0
2023-12-07 00:00:00-05:00,197.96153089063392,198.1509920659998,196.47423103134167,197.3268280029297,3069300,0.0,0.0
2023-12-08 00:00:00-05:00,197.0995019832417,197.47843885826944,195.31853480802076,196.88162231445312,2210400,0.0,0.0
2023-12-11 00:00:00-05:00,197.2510443979157,198.15099583926155,195.44165906055045,195.47007751464844,3390100,0.0,0.0
2023-12-12 00:00:00-05:00,195.91531467045806,197.8573242333504,194.9964127961377,197.70574951171875,3552100,0.0,0.0
2023-12-13 00:00:00-05:00,197.77205114871097,204.20434923752987,195.22375738263125,204.1001434326172,5170100,0.0,0.0
2023-12-14 00:00:00-05:00,208.80832486655447,214.03753662122176,208.44833855097355,213.65859985351562,7636600,0.0,0.0
2023-12-15 00:00:00-05:00,213.4502275661759,215.04171881106578,211.9818781370464,213.70599365234375,9581200,0.0,0.0
2023-12-18 00:00:00-05:00,214.27437333073723,215.04170043358772,211.73554750066893,212.25657653808594,3132400,0.0,0.0
2023-12-19 00:00:00-05:00,212.7965908786658,214.40703270400786,212.6829025987265,213.5449676513672,3101100,0.0,0.0
2023-12-20 00:00:00-05:00,210.75984747615595,212.89131846648309,209.58517938155185,210.31460571289062,3727300,0.0,0.0
2023-12-21 00:00:00-05:00,212.00081565135193,212.6165825543994,210.52299821197633,211.77346801757812,2640200,0.0,0.0
2023-12-22 00:00:00-05:00,212.23763289576868,213.22285409903702,210.29563785165513,211.25242614746094,2368800,0.0,0.0
2023-12-26 00:00:00-05:00,211.1576973450742,211.9155565057015,210.90193126164445,211.08192443847656,1656400,0.0,0.0
2023-12-27 00:00:00-05:00,210.79771998691223,211.59346558022926,210.03986084591278,211.14822387695312,1449300,0.0,0.0
2023-12-28 00:00:00-05:00,211.64084221315343,211.65031021283826,210.27669860054624,211.15769958496094,1543400,0.0,0.0
2023-12-29 00:00:00-05:00,211.19561099174345,212.1808178415095,209.30097020337934,210.82615661621094,2631400,0.0,0.0
2024-01-02 00:00:00-05:00,208.6472947907407,210.87350326402225,206.95159782436068,207.13157653808594,3277800,0.0,0.0
2024-01-03 00:00:00-05:00,204.97174363537883,205.47382237258205,200.95511373775312,201.08773803710938,3285400,0.0,0.0
2024-01-04 00:00:00-05:00,200.7371732087682,202.09184880442672,199.96984605019574,200.09300231933594,2487000,0.0,0.0
2024-01-05 00:00:00-05:00,199.52462840558752,203.03919363266732,199.33516720672046,201.3150634765625,2577900,0.0,0.0
2024-01-08 00:00:00-05:00,201.91184495878144,205.96637462202557,201.43818481630004,205.7011260986328,2462700,0.0,0.0
2024-01-09 00:00:00-05:00,204.04336359146942,206.07062889990945,203.9865266737971,205.57801818847656,2025000,0.0,0.0
2024-01-10 00:00:00-05:00,206.27900635359023,208.94097422611713,206.18426853654088,208.6094207763672,2311300,0.0,0.0
2024-01-11 00:00:00-05:00,208.5241718413064,209.2251941747746,206.64848140657512,208.56207275390625,1864800,0.0,0.0
2024-01-12 00:00:00-05:00,208.65675760349689,209.41461671098682,206.59160635192103,207.3778839111328,1603900,0.0,0.0
2024-01-16 00:00:00-05:00,207.52000101682447,208.9788825030375,206.23164471632032,208.8178253173828,2594400,0.0,0.0
2024-01-17 00:00:00-05:00,207.44421820119132,209.35780946632727,205.0759171891288,206.56321716308594,2824000,0.0,0.0
2024-01-18 00:00:00-05:00,207.46314428670107,208.61887620122474,204.46014069075366,206.73370361328125,3121900,0.0,0.0
2024-01-19 00:00:00-05:00,207.0652608631845,209.88827114557523,205.43586888557272,208.419921875,2851900,0.0,0.0
2024-01-22 00:00:00-05:00,206.3358377322622,208.7609754521361,204.8769707915434,208.27784729003906,2540800,0.0,0.0
2024-01-23 00:00:00-05:00,208.2778536532494,208.2778536532494,203.59360294774015,204.19342041015625,2375900,1.1,0.0
2024-01-24 00:00:00-05:00,204.85036507318688,204.98365623135467,200.31843664018913,200.4612579345703,3514800,0.0,0.0
2024-01-25 00:00:00-05:00,201.43239593640618,202.52728660078145,199.50918240746756,201.91795349121094,2892100,0.0,0.0
2024-01-26 00:00:00-05:00,202.14644292734866,202.803368557624,200.68022571420443,201.82272338867188,1912600,0.0,0.0
2024-01-29 00:00:00-05:00,201.63231516003975,202.5082305525068,199.75670882663698,201.68943786621094,2194700,0.0,0.0
2024-01-30 00:00:00-05:00,200.76589812737532,206.00235881533104,200.03280409096612,204.2410125732422,2742500,0.0,0.0
2024-01-31 00:00:00-05:00,204.80274427689014,206.2023086078657,202.51774899608898,202.64151000976562,3429300,0.0,0.0
2024-02-01 00:00:00-05:00,202.81294206611813,209.99164918680458,202.19407873635168,209.67745971679688,3265400,0.0,0.0
2024-02-02 00:00:00-05:00,207.11631004072862,210.35340378017122,202.3273295367757,208.97288513183594,3304900,0.0,0.0
2024-02-05 00:00:00-05:00,206.91640215702193,207.86848608659312,204.58379943510212,207.56381225585938,2303700,0.0,0.0
2024-02-06 00:00:00-05:00,207.3638740349373,209.38228723179424,205.85957974623642,207.6685333251953,2147500,0.0,0.0
2024-02-07 00:00:00-05:00,208.81104025393557,211.69585320279631,208.39212102889428,211.06747436523438,3303000,0.0,0.0
2024-02-08 00:00:00-05:00,211.36264400010552,212.87645404482194,208.74441304965376,209.8297882080078,1909700,0.0,0.0
2024-02-09 00:00:00-05:00,210.22963450869872,211.65776029670508,208.6682175615843,211.6101531982422,1359100,0.0,0.0
2024-02-12 00:00:00-05:00,215.5232302223914,219.87426066768396,215.05671840382968,218.84600830078125,3258400,0.0,0.0
2024-02-13 00:00:00-05:00,214.15220820862638,216.89421427891034,212.93354207242155,214.6282501220703,3388600,0.0,0.0
2024-02-14 00:00:00-05:00,215.17093502161498,216.28487130473684,212.19090813109736,216.05636596679688,2002100,0.0,0.0
2024-02-15 00:00:00-05:00,216.83710235377495,217.65589506671068,215.54226770372887,217.38931274414062,1925100,0.0,0.0
2024-02-16 00:00:00-05:00,216.38009807829147,217.97007634552352,214.57113006826387,215.980224609375,2388400,0.0,0.0
2024-02-20 00:00:00-05:00,212.3051811749391,215.58033738846453,211.14363772539213,214.7044219970703,2580100,0.0,0.0
2024-02-21 00:00:00-05:00,214.89483115790475,217.1703107557459,214.24740664884976,216.87515258789062,1700000,0.0,0.0
2024-02-22 00:00:00-05:00,217.37979231491641,220.2074679932126,216.72285213184836,219.46484375,2115700,0.0,0.0
2024-02-23 00:00:00-05:00,220.35981228308088,221.921229273413,220.08371434858893,221.4166259765625,2112600,0.0,0.0
2024-02-26 00:00:00-05:00,221.81650169078256,223.00660655900367,219.91233390162878,220.23605346679688,2928000,0.0,0.0
2024-02-27 00:00:00-05:00,221.2928482846136,228.01457265115792,218.99833718488833,224.11102294921875,5076700,0.0,0.0
2024-02-28 00:00:00-05:00,226.59593506631342,229.8711055278296,225.9770864328627,227.35760498046875,3288600,0.0,0.0
2024-02-29 00:00:00-05:00,227.51947612659444,229.82351727323714,227.11960265760487,229.1380157470703,3107400,0.0,0.0
2024-03-01 00:00:00-05:00,228.7571992935593,233.34623606843087,228.27162721413967,232.9654083251953,2712300,0.0,0.0
2024-03-04 00:00:00-05:00,232.51794027529618,233.53666253359222,230.4328741286726,230.49952697753906,2321500,0.0,0.0
2024-03-05 00:00:00-05:00,230.1757999401163,231.3849505687692,228.60486730589645,229.28085327148438,2514600,0.0,0.0
2024-03-06 00:00:00-05:00,229.7663960259545,230.8517710280012,228.3668316117829,229.5664520263672,2367600,0.0,0.0
2024-03-07 00:00:00-05:00,230.52806843843774,232.45126736545225,229.85208250928642,230.13771057128906,1792900,0.0,0.0
2024-03-08 00:00:00-05:00,230.0329691865963,232.29893329606577,229.93775499483945,230.35667419433594,1502900,0.0,0.0
2024-03-11 00:00:00-04:00,229.7568895728626,230.5566365477873,227.4718795375315,229.4141387939453,2058900,0.0,0.0
2024-03-12 00:00:00-04:00,230.1091331015822,232.75592487064822,229.55692276109167,231.60389709472656,2095300,0.0,0.0
2024-03-13 00:00:00-04:00,232.53694984328112,236.6404286492355,232.53694984328112,235.5550537109375,2238000,0.0,0.0
2024-03-14 00:00:00-04:00,234.84100849334928,235.92638351310148,230.8708205387913,232.9082794189453,2492700,0.0,0.0
2024-03-15 00:00:00-04:00,232.52743707387796,235.40273439898994,231.93714972948985,233.00347900390625,5692800,0.0,0.0
2024-03-18 00:00:00-04:00,233.9269662463104,234.52678363657165,231.36585872441697,231.81333923339844,2480900,0.0,0.0
2024-03-19 00:00:00-04:00,232.78450965929565,236.3072171248885,232.7559483049848,236.13584899902344,2408400,0.0,0.0
2024-03-20 00:00:00-04:00,236.63092992734326,240.32502016772384,235.56460059100564,239.88706970214844,1882600,0.0,0.0
2024-03-21 00:00:00-04:00,240.839133575399,248.81758624322936,240.82960343934414,248.49388122558594,3418500,0.0,0.0
2024-03-22 00:00:00-04:00,248.6176631808771,249.91248328482274,245.9899024277839,246.11367797851562,2493200,0.0,0.0
2024-03-25 00:00:00-04:00,246.32315244097043,247.02768524263539,241.57224845993113,241.82931518554688,2024600,0.0,0.0
2024-03-26 00:00:00-04:00,241.32469964333046,242.8194637645581,239.2396336440198,239.3729248046875,3048900,0.0,0.0
2024-03-27 00:00:00-04:00,240.2773993512771,241.2199676036182,239.20155446714892,241.19140625,2351900,0.0,0.0
2024-03-28 00:00:00-04:00,240.69630806102384,243.05747186542368,238.95399292818306,242.52430725097656,2631200,0.0,0.0
2024-04-01 00:00:00-04:00,241.210452777646,243.08605915211027,236.61188597078538,237.33546447753906,2363000,0.0,0.0
2024-04-02 00:00:00-04:00,234.4792232506026,235.1837705711253,231.8133854077827,232.73690795898438,2819700,0.0,0.0
2024-04-03 00:00:00-04:00,229.50931568630475,232.4417354976262,228.9666354813421,229.16656494140625,3144500,0.0,0.0
2024-04-04 00:00:00-04:00,231.88953694937717,233.5937751526047,226.41505488818342,226.60546875,2343600,0.0,0.0
2024-04-05 00:00:00-04:00,226.59593411814635,228.90949067389803,226.43408162280795,227.85269165039062,1680700,0.0,0.0
2024-04-08 00:00:00-04:00,226.84349384523588,231.08979422663631,226.56739591971467,230.9660186767578,2389200,0.0,0.0
2024-04-09 00:00:00-04:00,232.10852291318295,233.07965253936155,229.3379698610057,232.67977905273438,2126100,0.0,0.0
2024-04-10 00:00:00-04:00,226.7292570166656,227.8241476792669,223.80636702831453,225.7962188720703,2955100,0.0,0.0
2024-04-11 00:00:00-04:00,227.5480621389939,228.77624403201415,222.01645676037344,224.1586456298828,2494600,0.0,0.0
2024-04-12 00:00:00-04:00,222.18781926703076,222.7114683273948,219.68384844180426,220.9310760498047,2117400,0.0,0.0
2024-04-15 00:00:00-04:00,223.5111983144436,223.5968969015403,218.18905310533341,218.98880004882812,1933100,0.0,0.0
2024-04-16 00:00:00-04:00,217.9605668661022,218.83649686500542,216.42772568714116,217.4083709716797,2201000,0.0,0.0
2024-04-17 00:00:00-04:00,219.2077706214373,219.82661925575994,216.35151933506458,217.89389038085938,1982300,0.0,0.0
2024-04-18 00:00:00-04:00,218.85552286982846,221.15956417951983,216.6466957618163,217.8272705078125,1993100,0.0,0.0
2024-04-19 00:00:00-04:00,218.4937312910878,220.98818636719693,217.92247516133685,219.20779418945312,2112200,0.0,0.0
2024-04-22 00:00:00-04:00,220.62640206602404,221.87362967313814,218.5603817090083,220.15036010742188,1872800,0.0,0.0
2024-04-23 00:00:00-04:00,221.20263427938045,224.05341615256788,220.236438501809,223.4315948486328,2189900,1.1,0.0
2024-04-24 00:00:00-04:00,222.13058160108417,222.29320775369072,218.90672722893908,220.30340576171875,1485100,0.0,0.0
2024-04-25 00:00:00-04:00,217.89268439731538,220.64778234016927,214.93667215255127,219.9877166748047,1996800,0.0,0.0
2024-04-26 00:00:00-04:00,219.99728063587662,223.1254801566424,219.75812196358447,219.901611328125,2001200,0.0,0.0
2024-04-29 00:00:00-04:00,220.0355540238641,221.79577306110127,219.87292786769586,220.92523193359375,1527300,0.0,0.0
2024-04-30 00:00:00-04:00,220.02597989646728,221.2504711385589,217.8161560860845,218.1031494140625,2435200,0.0,0.0
2024-05-01 00:00:00-04:00,217.5100452191083,220.97307304811662,215.6924449762647,217.65354919433594,1713900,0.0,0.0
2024-05-02 00:00:00-04:00,220.1503738675627,220.24602859047073,216.56299332401406,219.6242218017578,1672800,0.0,0.0
2024-05-03 00:00:00-04:00,223.46988340041588,227.82255983449727,221.92012517966256,222.06362915039062,1834700,0.0,0.0
2024-05-06 00:00:00-04:00,224.6465234135005,224.76131490390878,221.16437376594362,221.65225219726562,1714000,0.0,0.0
2024-05-07 00:00:00-04:00,222.37930313271738,224.64652264302578,221.19307087991535,221.42266845703125,1912500,0.0,0.0
2024-05-08 00:00:00-04:00,219.62421498281594,222.90546527816883,219.06936505765685,222.00624084472656,1689200,0.0,0.0
2024-05-09 00:00:00-04:00,222.01579359574296,226.68417582713153,222.01579359574296,225.89016723632812,1652700,0.0,0.0
2024-05-10 00:00:00-04:00,225.5457444510603,227.04765318738276,224.26384298917245,224.83782958984375,1336700,0.0,0.0
2024-05-13 00:00:00-04:00,226.05277358691302,226.60762344261397,221.64268721048978,222.87673950195312,1983700,0.0,0.0
2024-05-14 00:00:00-04:00,222.76196688948875,224.952654028738,219.89206265983654,221.5374755859375,2763200,0.0,0.0
2024-05-15 00:00:00-04:00,224.8856961936263,227.02856326391745,224.6465375088786,225.8423309326172,2103600,0.0,0.0
2024-05-16 00:00:00-04:00,224.19691175711333,224.79002060766769,221.67139670054056,222.18797302246094,1847300,0.0,0.0
2024-05-17 00:00:00-04:00,222.58019263664616,222.943718491655,220.16946911911623,221.0878448486328,1968800,0.0,0.0
2024-05-20 00:00:00-04:00,220.22688766390255,221.0591552081155,218.34231607762578,219.2319793701172,2684400,0.0,0.0
2024-05-21 00:00:00-04:00,221.7479341035412,221.7479341035412,211.80849980820537,215.10888671875,5397700,0.0,0.0
2024-05-22 00:00:00-04:00,214.43923610484535,215.65415165402536,210.66053199010813,211.54063415527344,2769800,0.0,0.0
2024-05-23 00:00:00-04:00,212.1433152071986,212.22942342779623,207.41755184157418,208.04891967773438,2636600,0.0,0.0
2024-05-24 00:00:00-04:00,208.29763435500163,208.80464955273038,205.43729149093346,205.87734985351562,2632200,0.0,0.0
2024-05-28 00:00:00-04:00,205.46599979663216,207.39840597874198,204.691128024795,206.03041076660156,3072400,0.0,0.0
2024-05-29 00:00:00-04:00,204.36588849262884,205.3129475630907,203.5527431076235,204.97813415527344,2359800,0.0,0.0
2024-05-30 00:00:00-04:00,205.9730426482895,207.3505991372616,204.17456449912157,206.11654663085938,2778100,0.0,0.0
2024-05-31 00:00:00-04:00,207.1113912321502,211.81803172004808,206.66177180166227,211.69366455078125,4598400,0.0,0.0
2024-06-03 00:00:00-04:00,210.16308131534592,211.43540722851102,206.63309690763978,207.33143615722656,2480500,0.0,0.0
2024-06-04 00:00:00-04:00,205.96346480345133,208.86206693112612,205.7817018652328,207.14012145996094,2291200,0.0,0.0
2024-06-05 00:00:00-04:00,207.38883284071045,210.1248087015597,206.40350025488485,209.95262145996094,1727900,0.0,0.0
2024-06-06 00:00:00-04:00,209.72304164678394,210.65097856404677,208.53682384523532,208.97686767578125,2033900,0.0,0.0
2024-06-07 00:00:00-04:00,206.9105219784396,208.76639571393778,205.43731089809387,207.2740478515625,1602400,0.0,0.0
2024-06-10 00:00:00-04:00,207.06357283392674,208.91944644209397,206.7287594553635,208.64202880859375,1851500,0.0,0.0
2024-06-11 00:00:00-04:00,208.393286800272,209.0533670384383,205.68600901318686,208.8811798095703,1910100,0.0,0.0
2024-06-12 00:00:00-04:00,212.20071946360395,217.14651918793714,212.20071946360395,215.26194763183594,3609500,0.0,0.0
2024-06-13 00:00:00-04:00,216.17073623568052,217.53871679887635,213.69305595871887,217.0221405029297,2116600,0.0,0.0
2024-06-14 00:00:00-04:00,215.06106153235123,215.96030055680404,211.81807022747478,213.6643829345703,1936600,0.0,0.0
2024-06-17 00:00:00-04:00,212.7172730119714,217.37607890361664,211.9997970526214,216.93603515625,1700800,0.0,0.0
2024-06-18 00:00:00-04:00,217.64396581920292,219.26068087556385,217.1082526969482,217.8927001953125,2072900,0.0,0.0
2024-06-20 00:00:00-04:00,216.96477713319746,218.46668618960564,215.3385008808188,217.66311645507812,2377800,0.0,0.0
2024-06-21 00:00:00-04:00,217.80658293734936,220.12165177217628,216.7255956451823,218.6771240234375,3627300,0.0,0.0
2024-06-24 00:00:00-04:00,218.83974422805446,220.03553757852552,217.8735484558251,218.4857940673828,3463000,0.0,0.0
2024-06-25 00:00:00-04:00,216.96476814547668,217.2134879300257,207.57060772388363,207.8289031982422,3892000,0.0,0.0
2024-06-26 00:00:00-04:00,207.07315655851872,209.65606736619478,206.50873098362675,209.29254150390625,2601200,0.0,0.0
2024-06-27 00:00:00-04:00,210.02916711266334,210.7657799742903,208.62291283005194,210.26832580566406,2654600,0.0,0.0
2024-06-28 00:00:00-04:00,210.62225648815425,211.95197811416915,208.90031113865263,210.89968872070312,12630400,0.0,0.0
2024-07-01 00:00:00-04:00,209.92392113213876,210.9379515797091,204.2223718912115,204.2989044189453,2569200,0.0,0.0
2024-07-02 00:00:00-04:00,203.46661983967135,205.53295412396278,202.6152156110169,204.4328155517578,2173700,0.0,0.0
2024-07-03 00:00:00-04:00,206.4704708009535,207.58973165778048,203.81102748020146,204.05018615722656,1423500,0.0,0.0
2024-07-05 00:00:00-04:00,203.46664996908058,205.5234088695943,203.3135849037814,204.61460876464844,1907400,0.0,0.0
2024-07-08 00:00:00-04:00,205.67644149710543,208.83333863485024,205.47554180594867,207.7332000732422,2947500,0.0,0.0
2024-07-09 00:00:00-04:00,206.6044024195336,207.77149795006932,205.87736528456364,206.94879150390625,2571700,0.0,0.0
2024-07-10 00:00:00-04:00,208.13504144256552,211.33019818661506,207.4845221849541,211.16757202148438,2007000,0.0,0.0
2024-07-11 00:00:00-04:00,215.82636741938535,220.00685662301754,213.8461264721356,219.78683471679688,3006900,0.0,0.0
2024-07-12 00:00:00-04:00,221.09741663401599,227.73646407104397,220.35124270392058,223.92906188964844,3180600,0.0,0.0
2024-07-15 00:00:00-04:00,223.85251085850456,224.89523913655324,220.62865671934506,222.10186767578125,2074600,0.0,0.0
2024-07-16 00:00:00-04:00,222.72369674477014,230.558522636965,222.0349185964539,230.520263671875,2356500,0.0,0.0
2024-07-17 00:00:00-04:00,229.06615821927628,234.97816779696967,227.4303211835915,232.50047302246094,3958800,0.0,0.0
2024-07-18 00:00:00-04:00,231.457789361268,236.26010019467745,227.59299115156725,228.9896697998047,2606700,0.0,0.0
2024-07-19 00:00:00-04:00,229.01835760041078,230.57767694318312,227.5355853878105,228.17652893066406,2739300,0.0,0.0
2024-07-22 00:00:00-04:00,229.06618422508308,230.93161903768384,226.31108611612183,229.8506317138672,2308500,0.0,0.0
2024-07-23 00:00:00-04:00,230.6350443565758,231.48644861152968,227.2198662452076,227.97560119628906,2211000,0.0,0.0
2024-07-24 00:00:00-04:00,227.33155659944813,229.8308586931812,222.48673034388477,222.69821166992188,2756800,1.15,0.0
2024-07-25 00:00:00-04:00,222.84242307417992,229.4367450036826,222.09261627240616,225.6781768798828,2142600,0.0,0.0
2024-07-26 00:00:00-04:00,227.10086810674753,233.12805715779047,226.9278459144818,229.61940002441406,1942500,0.0,0.0
2024-07-29 00:00:00-04:00,229.04263471647747,231.64767761655003,228.1390353042182,230.5133819580078,2082300,0.0,0.0
2024-07-30 00:00:00-04:00,230.8882893726531,232.9934807306555,229.07148300454568,232.05142211914062,1782500,0.0,0.0
2024-07-31 00:00:00-04:00,233.2433778115605,239.34746978499297,231.8976009151173,236.00222778320312,3054700,0.0,0.0
2024-08-01 00:00:00-04:00,237.2711527353547,238.6553889978818,229.76360863682078,232.0129852294922,2022800,0.0,0.0
2024-08-02 00:00:00-04:00,229.0426428252449,231.20550821793407,226.0915261155316,231.109375,2258800,0.0,0.0
2024-08-05 00:00:00-04:00,227.17776813213524,231.65730616473078,223.72679978564676,227.84104919433594,3058000,0.0,0.0
2024-08-06 00:00:00-04:00,226.5433217195977,234.75260554151816,226.5433217195977,231.33045959472656,2319500,0.0,0.0
2024-08-07 00:00:00-04:00,232.3397662916511,233.91625400253412,222.15027755911797,222.6212921142578,3355400,0.0,0.0
2024-08-08 00:00:00-04:00,223.19809324399364,227.6391720592326,222.0541754478577,227.17776489257812,2084300,0.0,0.0
2024-08-09 00:00:00-04:00,226.64904643240035,228.54275624856237,225.2263658737973,226.69711303710938,1675500,0.0,0.0
2024-08-12 00:00:00-04:00,225.658954667656,225.658954667656,220.49692065396079,222.12147521972656,2592300,0.0,0.0
2024-08-13 00:00:00-04:00,219.93937204315412,227.61993765215826,218.81468384762442,227.04318237304688,2860800,0.0,0.0
2024-08-14 00:00:00-04:00,226.6971546276687,230.36921214880445,226.66831759312646,228.4370574951172,2098500,0.0,0.0
2024-08-15 00:00:00-04:00,232.89733392981995,233.53177793701684,229.03301049346604,230.7633056640625,3029400,0.0,0.0
2024-08-16 00:00:00-04:00,231.11897810534074,232.78199180351257,229.87894175739723,231.81109619140625,1725700,0.0,0.0
2024-08-19 00:00:00-04:00,232.87811449374863,234.1085434091119,230.84982680753942,233.7913360595703,2708600,0.0,0.0
2024-08-20 00:00:00-04:00,230.70562041900624,236.3482906913699,229.407895437002,231.02284240722656,3910400,0.0,0.0
2024-08-21 00:00:00-04:00,232.14753773618165,233.30106294042744,230.5614424138273,232.9838409423828,2676500,0.0,0.0
2024-08-22 00:00:00-04:00,233.58945964418214,233.89707420363249,230.4076467176987,231.00363159179688,1979900,0.0,0.0
2024-08-23 00:00:00-04:00,232.29173029401517,241.50073198142596,231.51310112301562,240.3856658935547,2685400,0.0,0.0
2024-08-26 00:00:00-04:00,242.12555800847517,243.39443131804026,240.43370737189693,240.7989959716797,2790500,0.0,0.0
2024-08-27 00:00:00-04:00,240.18379243957628,240.2510739559235,238.04015668492963,238.94375610351562,1772500,0.0,0.0
2024-08-28 00:00:00-04:00,238.85726142289298,240.73174202032044,237.357676944951,239.29945373535156,1372000,0.0,0.0
2024-08-29 00:00:00-04:00,240.31837981924548,241.03933495870322,236.84818182794078,237.21347045898438,1612900,0.0,0.0
2024-08-30 00:00:00-04:00,238.2516429356526,239.41477565710213,235.89651112543265,238.87646484375,2586900,0.0,0.0
2024-09-03 00:00:00-04:00,237.62679957066777,239.78005743042715,234.1854387774928,235.95419311523438,2460200,0.0,0.0
2024-09-04 00:00:00-04:00,235.3774322275565,236.31947616028194,232.7243226205898,235.944580078125,2094700,0.0,0.0
2024-09-05 00:00:00-04:00,236.809721442095,236.809721442095,232.23405041010136,234.65646362304688,2083100,0.0,0.0
2024-09-06 00:00:00-04:00,235.36782041437337,237.87674481553887,233.72403628897413,234.3680877685547,1889700,0.0,0.0
2024-09-09 00:00:00-04:00,235.75233827712788,236.22336759734017,232.95502872468225,235.25247192382812,1823000,0.0,0.0
2024-09-10 00:00:00-04:00,235.00251081364328,238.76109335259747,233.21454169119494,237.79981994628906,2112900,0.0,0.0
2024-09-11 00:00:00-04:00,235.56965860307687,238.24199749918478,230.7056175140153,237.79981994628906,1841500,0.0,0.0
2024-09-12 00:00:00-04:00,238.9629734751726,242.43317136247714,237.93441846766382,242.2889862060547,2222400,0.0,0.0
2024-09-13 00:00:00-04:00,243.1925949462047,247.441422176624,242.82730631212112,245.5188751220703,2118100,0.0,0.0
2024-09-16 00:00:00-04:00,247.0953292101992,248.1335209668256,244.3749382475759,246.70123291015625,1591300,0.0,0.0
2024-09-17 00:00:00-04:00,246.46092985575427,249.44085427476068,246.08601910486922,246.77813720703125,1343500,0.0,0.0
2024-09-18 00:00:00-04:00,247.17224132843882,251.82480120142245,245.65342755148262,246.6916046142578,1625200,0.0,0.0
2024-09-19 00:00:00-04:00,250.7866842631907,252.12283931621724,249.49855182025496,250.8924102783203,2261300,0.0,0.0
2024-09-20 00:00:00-04:00,249.23900908293487,251.42108951744737,247.96052814755328,250.0657196044922,4470300,0.0,0.0
2024-09-23 00:00:00-04:00,250.70014393105993,252.29586163234782,248.27774501233858,252.13246154785156,2131000,0.0,0.0
2024-09-24 00:00:00-04:00,255.05467260201266,257.7077967220718,253.24750315079635,255.73719787597656,3414100,0.0,0.0
2024-09-25 00:00:00-04:00,255.84292908089805,256.27551387822786,253.6993080100665,254.70863342285156,1815500,0.0,0.0
2024-09-26 00:00:00-04:00,255.83335568088742,256.40050355288776,249.24862602190734,255.3238525390625,2254500,0.0,0.0
2024-09-27 00:00:00-04:00,257.38097945267134,258.3037937980465,255.4488103315285,256.79461669921875,1852300,0.0,0.0
2024-09-30 00:00:00-04:00,258.03463663614343,260.7646498354535,256.72731876706774,260.3609313964844,2032800,0.0,0.0
2024-10-01 00:00:00-04:00,259.55341994711625,263.5426983798942,257.8327324808541,262.0815734863281,2552400,0.0,0.0
2024-10-02 00:00:00-04:00,261.25489814078367,262.33151971548835,260.2647876566459,261.331787109375,2244200,0.0,0.0
2024-10-03 00:00:00-04:00,260.96653310751884,261.7547550605095,258.21727571913715,259.7456970214844,1634600,0.0,0.0
2024-10-04 00:00:00-04:00,259.5438684470866,259.98604608302577,252.96876063338274,257.390625,2245600,0.0,0.0
2024-10-07 00:00:00-04:00,254.88167991022212,259.4573514673756,253.38209549557774,258.1404113769531,2302100,0.0,0.0
2024-10-08 00:00:00-04:00,260.00529312738587,263.63890615131436,259.36122690954556,262.6872253417969,1947900,0.0,0.0
2024-10-09 00:00:00-04:00,267.33018537234466,267.33018537234466,262.6968397297709,266.44580078125,2431000,0.0,0.0
2024-10-10 00:00:00-04:00,262.25463520273667,264.3982562665916,260.49548832410835,262.6295166015625,1714400,0.0,0.0
2024-10-11 00:00:00-04:00,263.39855146596915,266.01321646354234,263.39855146596915,265.0807800292969,1303600,0.0,0.0
2024-10-14 00:00:00-04:00,265.0135104397841,270.50237426034664,264.8404882393423,269.85833740234375,1760300,0.0,0.0
2024-10-15 00:00:00-04:00,271.002220356448,275.8950986321088,270.47350236448074,270.9156799316406,2369100,0.0,0.0
2024-10-16 00:00:00-04:00,270.2043821217835,273.38619526631584,269.93522669775405,273.04974365234375,1754900,0.0,0.0
2024-10-17 00:00:00-04:00,273.0016604530761,274.1936301464915,270.1274622181365,270.41583251953125,1574200,0.0,0.0
2024-10-18 00:00:00-04:00,270.88684067739996,271.4443956944786,268.28179789766716,270.7330627441406,2031100,0.0,0.0
2024-10-21 00:00:00-04:00,269.71404923397785,271.75197326918055,264.99422315293793,266.118896484375,2438300,0.0,0.0
2024-10-22 00:00:00-04:00,261.4856205185882,262.8314269572242,257.784740819561,261.6778869628906,3102500,0.0,0.0
2024-10-23 00:00:00-04:00,261.2820902525573,263.16450835970613,259.9112778991801,260.7511291503906,2109400,1.15,0.0
2024-10-24 00:00:00-04:00,261.3207185062681,262.94250230133,260.4422449188939,261.95782470703125,2025900,0.0,0.0
2024-10-25 00:00:00-04:00,261.0986927834974,261.78408428707155,257.034570105975,258.36676025390625,1788000,0.0,0.0
2024-10-28 00:00:00-04:00,260.83804768519565,261.79373646497237,258.32812731002196,258.685302734375,2140300,0.0,0.0
2024-10-29 00:00:00-04:00,254.08056198942165,255.88576483234075,251.4933972191639,253.8585205078125,2311100,0.0,0.0
2024-10-30 00:00:00-04:00,253.43373738406845,256.2429138870162,251.19411475172515,252.333251953125,2356300,0.0,0.0
2024-10-31 00:00:00-04:00,252.34291672305764,254.40878340563543,251.91815963804527,252.7580108642578,2950700,0.0,0.0
2024-11-01 00:00:00-04:00,256.34916373801263,257.52689413553924,252.50708235312055,252.8642578125,2262400,0.0,0.0
2024-11-04 00:00:00-05:00,253.3179283653341,258.299146382183,253.2889689944301,255.79888916015625,1741700,0.0,0.0
2024-11-05 00:00:00-05:00,254.91076705622146,259.9402411547192,254.91076705622146,259.8533630371094,1562500,0.0,0.0
2024-11-06 00:00:00-05:00,256.9283058037389,256.9283058037389,248.3366830123564,252.66146850585938,4439300,0.0,0.0
2024-11-07 00:00:00-05:00,253.68475602329394,257.88404138874785,253.40479580954556,257.0731201171875,1972500,0.0,0.0
2024-11-08 00:00:00-05:00,259.6603072824514,262.479117709778,258.6273739072824,261.70684814453125,2102400,0.0,0.0
2024-11-11 00:00:00-05:00,264.06229547627396,266.7266459659262,262.8556059280021,264.9986877441406,2252100,0.0,0.0
2024-11-12 00:00:00-05:00,266.19574502523324,267.1803932044243,260.1043778404018,260.5484313964844,2634600,0.0,0.0
2024-11-13 00:00:00-05:00,263.27071730823394,264.7959600346782,261.4365549667491,262.88458251953125,1819900,0.0,0.0
2024-11-14 00:00:00-05:00,263.21277850807803,263.91749580240827,260.4615204753782,260.9828186035156,2324000,0.0,0.0
2024-11-15 00:00:00-05:00,260.54844127409046,262.52743011245695,259.15833234476906,260.0657653808594,2264000,0.0,0.0
2024-11-18 00:00:00-05:00,259.1293060611191,264.13948289602115,258.06741347815694,262.35357666015625,2600600,0.0,0.0
2024-11-19 00:00:00-05:00,253.97432184575845,255.80848379827506,249.50473970039772,250.27703857421875,4214000,0.0,0.0
2024-11-20 00:00:00-05:00,250.31567061730516,254.524619123147,249.97782110855943,253.91644287109375,2864200,0.0,0.0
2024-11-21 00:00:00-05:00,254.91073672387623,256.484264518252,253.17311565805073,256.0305480957031,1844800,0.0,0.0
2024-11-22 00:00:00-05:00,256.88969250271145,257.6619914358816,253.81024809358163,255.50924682617188,2410900,0.0,0.0
2024-11-25 00:00:00-05:00,259.62163140930045,266.0701722754602,259.1872114558426,265.78057861328125,3691700,0.0,0.0
2024-11-26 00:00:00-05:00,265.1145428154618,265.2593396788218,261.5813520484985,264.9600830078125,2422300,0.0,0.0
2024-11-27 00:00:00-05:00,265.61650730238136,266.8135634114946,263.11625000106636,263.72442626953125,2263800,0.0,0.0
2024-11-29 00:00:00-05:00,263.2610199189959,264.6704544306351,262.50804686847573,262.99072265625,1526400,0.0,0.0
2024-12-02 00:00:00-05:00,263.9657542850711,264.31326673390214,260.11401067622387,262.6239013671875,2202700,0.0,0.0
2024-12-03 00:00:00-05:00,263.4637749692089,265.88678748294643,260.5870165591277,264.8828430175781,2459100,0.0,0.0
2024-12-04 00:00:00-05:00,262.98109950353427,264.6221795703145,260.89593648321943,262.8362731933594,2081000,0.0,0.0
2024-12-05 00:00:00-05:00,262.21843992137985,263.37684407735065,260.200858765721,260.7124938964844,1959800,0.0,0.0
2024-12-06 00:00:00-05:00,262.4694649282693,267.3348158599599,261.73578827309024,263.9560852050781,1745700,0.0,0.0
2024-12-09 00:00:00-05:00,264.50632620558906,270.9162746749668,263.2610144501471,264.651123046875,2647000,0.0,0.0
2024-12-10 00:00:00-05:00,263.0390373873859,263.47342796894543,259.2838051967972,260.7511291503906,2214700,0.0,0.0
2024-12-11 00:00:00-05:00,261.95784573728275,263.8789158187052,257.98060110429714,258.61773681640625,3297100,0.0,0.0
2024-12-12 00:00:00-05:00,259.0231650456454,259.0907467324393,253.9357429318434,254.3701629638672,2391600,0.0,0.0
2024-12-13 00:00:00-05:00,254.01298054369656,255.57684547945823,252.9897101669588,253.2986297607422,1999300,0.0,0.0
2024-12-16 00:00:00-05:00,253.66547012537092,254.86252633483417,250.94320056527317,251.08799743652344,1964600,0.0,0.0
2024-12-17 00:00:00-05:00,249.48550729219784,250.96249428338882,247.43896630677736,248.8194122314453,2402100,0.0,0.0
2024-12-18 00:00:00-05:00,248.49114228337305,250.64388681316427,240.99035672825937,241.1544647216797,3084400,0.0,0.0
2024-12-19 00:00:00-05:00,240.37256181222892,241.94608972165898,235.68095218524417,236.04779052734375,4159000,0.0,0.0
2024-12-20 00:00:00-05:00,236.06709114088193,240.57529640685723,235.54580771979414,239.1369171142578,5693100,0.0,0.0
2024-12-23 00:00:00-05:00,237.71785257382967,239.32998812113487,236.73318973011172,238.79904174804688,2079000,0.0,0.0
2024-12-24 00:00:00-05:00,239.38789995266117,241.55029296875,238.63492683806092,241.55029296875,992100,0.0,0.0
2024-12-26 00:00:00-05:00,239.63891776951664,241.4730801569113,239.23347181220092,240.7876739501953,1435200,0.0,0.0
2024-12-27 00:00:00-05:00,239.74507554090945,241.41512968301174,238.7314534157828,239.73541259765625,1581100,0.0,0.0
2024-12-30 00:00:00-05:00,239.31067306502493,239.33963243671278,236.05744265124466,238.18121337890625,1622800,0.0,0.0
2024-12-31 00:00:00-05:00,238.68319986014836,239.60028099852582,237.27377994393757,238.24879455566406,1397900,0.0,0.0
2025-01-02 00:00:00-05:00,239.6678429255549,241.21239662860887,236.7428287917323,238.4225311279297,2741000,0.0,0.0
2025-01-03 00:00:00-05:00,239.52304776639804,240.150535179791,237.3992770728235,239.87057495117188,1889200,0.0,0.0
2025-01-06 00:00:00-05:00,240.1215624617966,243.94434655172805,238.72179085669953,241.0869140625,2573400,0.0,0.0
2025-01-07 00:00:00-05:00,241.4633979613956,242.9403847159391,237.60199160073893,238.02674865722656,1803500,0.0,0.0
2025-01-08 00:00:00-05:00,236.93592109642447,238.67355708404804,234.5418530301974,238.33567810058594,2364900,0.0,0.0
2025-01-10 00:00:00-05:00,238.44185834943846,241.33791330914826,236.028479216347,239.3106689453125,2537800,0.0,0.0
2025-01-13 00:00:00-05:00,239.48442109969804,242.45770572583433,238.19085352114732,240.04432678222656,2689700,0.0,0.0
2025-01-14 00:00:00-05:00,241.34758686464747,243.62581759470683,240.64288420821734,242.48670959472656,2055100,0.0,0.0
2025-01-15 00:00:00-05:00,248.89656876802886,250.75005664391517,247.1782442454695,247.82504272460938,2880600,0.0,0.0
2025-01-16 00:00:00-05:00,247.90231366293276,250.53773450408005,247.04316593843518,249.813720703125,1882300,0.0,0.0
2025-01-17 00:00:00-05:00,250.95280152864774,252.94142352997062,249.43722185903712,252.0146942138672,2758500,0.0,0.0
2025-01-21 00:00:00-05:00,253.88750414010448,257.5944512356718,253.58824746162202,255.19073486328125,2804400,0.0,0.0
2025-01-22 00:00:00-05:00,254.56048613442323,254.56048613442323,249.89685873488008,250.14895629882812,2074100,1.15,0.0
2025-01-23 00:00:00-05:00,249.95501619571422,253.54243533816796,249.95501619571422,253.367919921875,2614300,0.0,0.0
2025-01-24 00:00:00-05:00,252.96070265565393,254.97742399291624,251.4869675160515,254.22116088867188,2021600,0.0,0.0
2025-01-27 00:00:00-05:00,255.12280064995014,260.9983888397837,254.99675189387585,260.2518310546875,2178700,0.0,0.0
2025-01-28 00:00:00-05:00,258.14789604610337,258.82660657549945,255.588218198122,256.3638916015625,1459100,0.0,0.0
2025-01-29 00:00:00-05:00,257.12981840055676,258.48720965166984,253.45514206558153,253.76541137695312,2092400,0.0,0.0
2025-01-30 00:00:00-05:00,255.627044834567,258.44849620503373,254.4635789508889,255.96640014648438,1630400,0.0,0.0
2025-01-31 00:00:00-05:00,254.29870317841258,256.14087942582614,251.70993943240865,252.1268768310547,1735100,0.0,0.0
2025-02-03 00:00:00-05:00,248.24860161847704,250.80824990354506,244.69997343259044,248.69459533691406,1862000,0.0,0.0
2025-02-04 00:00:00-05:00,248.16132687391138,250.371959090082,247.3565823606932,249.4023895263672,1976300,0.0,0.0
2025-02-05 00:00:00-05:00,251.03125774791414,251.54512842996544,247.114188449705,250.60464477539062,1693300,0.0,0.0
2025-02-06 00:00:00-05:00,252.1947343061219,252.67951910583892,247.92864878085308,249.13092041015625,2397400,0.0,0.0
2025-02-07 00:00:00-05:00,249.00488102282583,249.51875174635734,243.7013339302647,244.27337646484375,2163600,0.0,0.0
2025-02-10 00:00:00-05:00,247.55051562291285,249.04363149233552,244.87449407738185,248.6364288330078,1980600,0.0,0.0
2025-02-11 00:00:00-05:00,248.20981010189664,250.08107227202834,247.82198819139543,249.20846557617188,1549900,0.0,0.0
2025-02-12 00:00:00-05:00,243.11956462026583,243.36195700772373,239.00858440297537,242.64447021484375,2634000,0.0,0.0
2025-02-13 00:00:00-05:00,243.98247050584354,245.60164980956228,242.52811624322064,244.971435546875,1832100,0.0,0.0
2025-02-14 00:00:00-05:00,246.75546988423767,248.61705658578833,243.60436859887903,244.1279296875,1805900,0.0,0.0
2025-02-18 00:00:00-05:00,242.84809326347784,243.71100959568696,240.83138676691388,243.08079528808594,1989400,0.0,0.0
2025-02-19 00:00:00-05:00,239.72607789788958,241.30648104252475,237.66088996478544,239.1734161376953,2513300,0.0,0.0
2025-02-20 00:00:00-05:00,238.6886389105413,239.17342371436752,236.68163751581892,238.9213409423828,2025700,0.0,0.0
2025-02-21 00:00:00-05:00,239.8521252019108,240.20117083923995,231.48473507017403,231.89195251464844,3165000,0.0,0.0
2025-02-24 00:00:00-05:00,231.57199192215282,232.17313511415895,228.75054093040984,229.8655548095703,4871400,0.0,0.0
2025-02-25 00:00:00-05:00,230.75756705692964,237.00159770911281,230.75756705692964,235.01397705078125,4380900,0.0,0.0
2025-02-26 00:00:00-05:00,244.2636688888724,245.25263405029435,233.73415694836308,239.55157470703125,4664300,0.0,0.0
2025-02-27 00:00:00-05:00,239.5612490753683,240.8895546406443,237.47666564108064,238.02932739257812,2702100,0.0,0.0
2025-02-28 00:00:00-05:00,240.61806213569588,242.11120745739288,236.8658328878303,241.07376098632812,3011000,0.0,0.0
2025-03-03 00:00:00-05:00,241.11255516891222,242.08212474535685,236.3810656960936,238.66925048828125,2740900,0.0,0.0
2025-03-04 00:00:00-05:00,237.166399841467,237.22457164529945,231.80468160287901,232.55125427246094,2791800,0.0,0.0
2025-03-05 00:00:00-05:00,230.75754848744495,235.60539614474422,230.56363754004437,235.56661987304688,3175800,0.0,0.0
2025-03-06 00:00:00-05:00,234.4613248954816,237.8451132894947,232.73547741776386,236.09019470214844,2596500,0.0,0.0
2025-03-07 00:00:00-05:00,234.69400917262095,235.65388837875597,231.10660470072253,235.2757568359375,2570600,0.0,0.0
2025-03-10 00:00:00-04:00,235.12061607280907,239.11523788794347,233.73413871648208,235.0042724609375,2497500,0.0,0.0
2025-03-11 00:00:00-04:00,234.4613385816972,234.66493992218645,224.5426304644481,225.5897674560547,3294600,0.0,0.0
2025-03-12 00:00:00-04:00,225.9193835726303,227.6064398264215,219.51052859425928,221.38180541992188,2825500,0.0,0.0
2025-03-13 00:00:00-04:00,220.80006342837018,221.41089696235755,213.470120198349,215.8843536376953,3193600,0.0,0.0
2025-03-14 00:00:00-04:00,217.5132360987941,217.92045354719446,214.29427278524267,217.61019897460938,2672300,0.0,0.0
2025-03-17 00:00:00-04:00,218.1531396621352,219.7335426970248,216.60182252897738,218.97727966308594,2821300,0.0,0.0
2025-03-18 00:00:00-04:00,218.0271144871186,218.71551542300278,215.7971162092459,216.16554260253906,1811800,0.0,0.0
2025-03-19 00:00:00-04:00,216.9896579584133,219.01605467114408,215.65164730864052,218.64761352539062,1944100,0.0,0.0
2025-03-20 00:00:00-04:00,218.6767255845767,222.57439959941323,217.19328524953784,219.37481689453125,1924200,0.0,0.0
2025-03-21 00:00:00-04:00,217.51325098019623,220.2765303909501,214.27489191103442,220.16018676757812,6353400,0.0,0.0
2025-03-24 00:00:00-04:00,221.43028644558223,226.03574155605136,221.43028644558223,225.80303955078125,2485100,0.0,0.0
2025-03-25 00:00:00-04:00,225.24069607982275,226.05513093772535,221.12973072405325,223.6699981689453,2476800,0.0,0.0
2025-03-26 00:00:00-04:00,223.77667018295398,226.4623821599372,223.64093102858254,224.98863220214844,1790500,0.0,0.0
2025-03-27 00:00:00-04:00,225.6576269660002,226.7629356836212,223.8348314408346,225.10496520996094,2425000,0.0,0.0
2025-03-28 00:00:00-04:00,225.41524105666218,225.55098020853862,220.51891163022438,221.46908569335938,2118300,0.0,0.0
2025-03-31 00:00:00-04:00,219.84022350909365,227.82946780190267,219.84022350909365,226.13272094726562,3465700,0.0,0.0
2025-04-01 00:00:00-04:00,225.32795424726328,227.37374655998929,223.46638251348932,226.8889617919922,2212800,0.0,0.0
2025-04-02 00:00:00-04:00,225.0758678498057,228.92506002893856,225.0758678498057,228.1203155517578,2534400,0.0,0.0
2025-04-03 00:00:00-04:00,216.01039984311976,219.28754975204913,213.8967452637339,215.74862670898438,4475000,0.0,0.0
2025-04-04 00:00:00-04:00,213.93553028184806,222.83618706770426,212.3745226051778,216.4951934814453,4829800,0.0,0.0
2025-04-07 00:00:00-04:00,211.41464749607064,218.7833673443792,205.25787481465045,210.3384246826172,4478000,0.0,0.0
2025-04-08 00:00:00-04:00,213.3247004803676,217.0672396043901,201.26325268809433,205.24818420410156,3294400,0.0,0.0
2025-04-09 00:00:00-04:00,202.44613235711623,217.4841512981922,200.10946610601667,216.40792846679688,4106200,0.0,0.0
2025-04-10 00:00:00-04:00,214.23610853733192,216.6018459694537,206.86737354907862,214.4687957763672,3482500,0.0,0.0
2025-04-11 00:00:00-04:00,212.67508378365477,214.4396926472542,207.32305579885616,213.6446533203125,2904000,0.0,0.0
2025-04-14 00:00:00-04:00,216.1364446314531,218.73489874647203,213.79008807059373,217.31932067871094,2766100,0.0,0.0
2025-04-15 00:00:00-04:00,217.18360819475393,218.1822637810213,212.1418488205533,213.7998046875,2805200,0.0,0.0
2025-04-16 00:00:00-04:00,212.6750979501776,214.61423715266125,206.80919890377294,207.8854217529297,1916400,0.0,0.0
2025-04-17 00:00:00-04:00,210.41599549970283,213.9743141016655,209.21372388818057,212.3357391357422,2166900,0.0,0.0
2025-04-21 00:00:00-04:00,211.0462035108454,211.53098828891814,204.00713385923407,206.29531860351562,2769700,0.0,0.0
2025-04-22 00:00:00-04:00,208.26355903464358,213.8385843951444,208.04056216267193,212.40362548828125,2224000,0.0,0.0
2025-04-23 00:00:00-04:00,216.50703872480133,219.94767963601424,211.65309100154934,212.24765014648438,2382500,1.15,0.0
2025-04-24 00:00:00-04:00,212.24764999090777,217.29653196547218,210.81486016518886,216.42906188964844,2243200,0.0,0.0
2025-04-25 00:00:00-04:00,216.58501181552052,216.71171089928978,213.2223327639613,215.3179168701172,1493700,0.0,0.0
2025-04-28 00:00:00-04:00,214.91829406388587,217.88133338824562,213.74867366933674,215.5518341064453,2046700,0.0,0.0
2025-04-29 00:00:00-04:00,213.75841565092955,218.21273846344587,213.75841565092955,217.61817932128906,1603900,0.0,0.0
2025-04-30 00:00:00-04:00,216.3120899475184,218.3296974151245,212.66677326802457,217.9008331298828,3455500,0.0,0.0
2025-05-01 00:00:00-04:00,217.83261122602656,219.83070591906875,215.59083012495822,216.69223022460938,2067800,0.0,0.0
2025-05-02 00:00:00-04:00,218.83655441938092,221.9652888589745,218.27123462671375,221.43896484375,2318800,0.0,0.0
2025-05-05 00:00:00-04:00,220.2888284770745,221.36098927416597,218.4174327087679,219.48959350585938,1878300,0.0,0.0
2025-05-06 00:00:00-04:00,217.50120155553998,218.99247012814837,216.34133756659006,217.36474609375,2175700,0.0,0.0
2025-05-07 00:00:00-04:00,217.3062746919061,219.36286306826563,216.08791700146872,217.8520965576172,2924000,0.0,0.0
2025-05-08 00:00:00-04:00,218.88527944478497,220.8931305672075,216.80919315192546,218.79754638671875,2405700,0.0,0.0
2025-05-09 00:00:00-04:00,218.0177958659983,219.47982512434604,215.77602956788968,216.6337432861328,2053800,0.0,0.0
2025-05-12 00:00:00-04:00,225.1524806512025,227.84260883214534,224.44096398921027,226.88742065429688,3496600,0.0,0.0
2025-05-13 00:00:00-04:00,229.18768768306018,229.39237830683356,223.76843537683746,224.92831420898438,2963100,0.0,0.0
2025-05-14 00:00:00-04:00,223.6904695368095,225.3181936088661,222.2674212259082,222.72552490234375,2291000,0.0,0.0
2025-05-15 00:00:00-04:00,221.4389520287512,226.7607301567754,221.22451988282035,226.5657958984375,2489200,0.0,0.0
2025-05-16 00:00:00-04:00,226.71200714350124,228.35921426372556,226.02971493233775,228.3007354736328,1818200,0.0,0.0
2025-05-19 00:00:00-04:00,224.52870161583354,230.02593089486035,224.13883310570185,228.49566650390625,3387000,0.0,0.0
2025-05-20 00:00:00-04:00,231.0006090978674,231.52693305569625,224.32400326564706,225.3961639404297,3459500,0.0,0.0
2025-05-21 00:00:00-04:00,226.809458723161,227.23832299854135,219.4798148855975,221.6143798828125,4541600,0.0,0.0
2025-05-22 00:00:00-04:00,220.3570341803914,221.69234937156276,217.32575982951627,218.0860137939453,3116700,0.0,0.0
2025-05-23 00:00:00-04:00,215.31790835006623,217.32575932181797,214.68435346616906,215.47386169433594,2958400,0.0,0.0
2025-05-27 00:00:00-04:00,217.64741524440782,220.10362845000665,216.38032030415675,220.0938720703125,3418200,0.0,0.0
2025-05-28 00:00:00-04:00,219.30436247629237,221.01980457977427,218.6805639957054,218.83651733398438,2214500,0.0,0.0
2025-05-29 00:00:00-04:00,219.83068885610453,220.27905099052902,216.04891703206476,219.2361297607422,2739400,0.0,0.0
2025-05-30 00:00:00-04:00,218.24197860550603,220.54223850586567,216.77994938593503,220.01589965820312,4127300,0.0,0.0
2025-06-02 00:00:00-04:00,218.41739421237168,220.17183208360288,215.72726605816976,219.8112030029297,3890400,0.0,0.0
2025-06-03 00:00:00-04:00,220.18158014740393,223.51501963828306,219.5285422566555,223.0081787109375,2456200,0.0,0.0
2025-06-04 00:00:00-04:00,222.8814619353023,224.2752707496997,222.08222709128358,222.60855102539062,2301100,0.0,0.0
2025-06-05 00:00:00-04:00,223.1251459766143,223.99261603306545,221.2927313021886,221.8288116455078,1985100,0.0,0.0
2025-06-06 00:00:00-04:00,223.01791754816213,223.32982422972728,219.080192364842,219.56753540039062,2216900,0.0,0.0
2025-06-09 00:00:00-04:00,219.97690326980876,219.97690326980876,217.4817092903416,217.94955444335938,2523400,0.0,0.0
2025-06-10 00:00:00-04:00,218.37842604999634,220.21082582456685,216.51677200938104,219.19715881347656,2174400,0.0,0.0
2025-06-11 00:00:00-04:00,220.9028750560245,220.9028750560245,215.0742558687953,215.99046325683594,2378000,0.0,0.0
2025-06-12 00:00:00-04:00,215.99046365533576,218.65135276511674,214.18728827150076,217.8423614501953,2485900,0.0,0.0
2025-06-13 00:00:00-04:00,215.6492965064207,217.59866867823015,210.853842748473,211.77005004882812,2425900,0.0,0.0
2025-06-16 00:00:00-04:00,212.8324669336583,213.0761384695838,209.37232814901037,210.6101837158203,2392500,0.0,0.0
2025-06-17 00:00:00-04:00,209.60625327466678,210.3177699786175,205.77572908580296,206.55548095703125,2518600,0.0,0.0
2025-06-18 00:00:00-04:00,207.17929068460495,208.28069082000295,205.08372136033887,205.4930877685547,2528400,0.0,0.0
2025-06-20 00:00:00-04:00,206.30206713719966,207.53990779782958,205.00573281661227,207.36447143554688,6148400,0.0,0.0
2025-06-23 00:00:00-04:00,207.40345562194256,213.25157241782173,206.428769489296,213.0371551513672,2639500,0.0,0.0
2025-06-24 00:00:00-04:00,213.45624980187782,214.83056073302293,212.19891131271112,214.41143798828125,2210000,0.0,0.0
2025-06-25 00:00:00-04:00,213.94359986435094,216.00018813904157,212.66676344749874,215.11322021484375,2082900,0.0,0.0
2025-06-26 00:00:00-04:00,215.6493044052952,217.16981237539554,214.47968403387415,215.6298065185547,2254700,0.0,0.0
2025-06-27 00:00:00-04:00,215.81500747987772,219.51881785753352,215.66881050508138,217.9690704345703,3256700,0.0,0.0
2025-06-30 00:00:00-04:00,218.3979224004371,219.14841999208386,214.08979673414723,216.25360107421875,2735300,0.0,0.0
2025-07-01 00:00:00-04:00,213.96310123133605,226.29287470059077,213.59271574651848,222.85223388671875,3974500,0.0,0.0
2025-07-02 00:00:00-04:00,223.3298470760929,223.58326012639154,219.85021030749914,221.19528198242188,2174300,0.0,0.0
2025-07-03 00:00:00-04:00,221.23424433013025,222.7450107426764,218.36866484869432,222.53057861328125,1777900,0.0,0.0
2025-07-07 00:00:00-04:00,221.9750341900952,222.49161667151023,217.01387027093972,219.29464721679688,2740500,0.0,0.0
2025-07-08 00:00:00-04:00,218.37844214916035,221.08806854652832,217.7448872070588,218.008056640625,2672000,0.0,0.0
2025-07-09 00:00:00-04:00,218.52463990476642,219.94768828009722,216.48754934563823,219.85997009277344,2339400,0.0,0.0
2025-07-10 00:00:00-04:00,219.0704463598668,224.52869456550036,218.81703332349156,222.14071655273438,2417100,0.0,0.0
2025-07-11 00:00:00-04:00,219.86971290185429,220.97111305765247,217.78388504657954,218.4564208984375,1840100,0.0,0.0
2025-07-14 00:00:00-04:00,217.61817441658474,218.50512748363968,214.23601238665424,216.7701873779297,2767000,0.0,0.0
2025-07-15 00:00:00-04:00,217.36476565653072,217.4135029413842,209.46981630380088,209.56727600097656,2947200,0.0,0.0
2025-07-16 00:00:00-04:00,210.044858971738,211.1657420613223,207.1792793978088,211.1170196533203,3604400,0.0,0.0
2025-07-17 00:00:00-04:00,210.87334441258767,213.48549603079854,210.3860013609039,213.04689025878906,2474000,0.0,0.0
2025-07-18 00:00:00-04:00,213.75841010341566,214.2847489356156,212.05270939735902,213.61221313476562,2399100,0.0,0.0
2025-07-21 00:00:00-04:00,214.46018831522323,217.10159427539162,214.06056343191764,215.3179168701172,2904400,0.0,0.0
2025-07-22 00:00:00-04:00,217.01384770344112,221.48766807130505,215.89296467109045,221.08804321289062,2880000,0.0,0.0
2025-07-23 00:00:00-04:00,222.11691510391344,224.38042726831273,221.22524480456357,224.00807189941406,2337000,1.2,0.0
2025-07-24 00:00:00-04:00,223.46914516393826,224.86055874082845,220.97047372553598,221.01947021484375,2083500,0.0,0.0
2025-07-25 00:00:00-04:00,221.94054834758688,222.7538422174049,220.55892810060826,222.23451232910156,2053500,0.0,0.0
2025-07-28 00:00:00-04:00,222.18550657234556,227.18284919475647,220.96066916014962,225.36029052734375,3302200,0.0,0.0
2025-07-29 00:00:00-04:00,225.69344189173918,226.19317017150584,223.55731767781518,225.40927124023438,1852900,0.0,0.0
2025-07-30 00:00:00-04:00,225.61506241390387,226.47735277898653,220.98028160484319,222.85182189941406,2047400,0.0,0.0
2025-07-31 00:00:00-04:00,221.35261815287276,223.7239166153224,218.49139966167698,219.0695343017578,2778400,0.0,0.0
2025-08-01 00:00:00-04:00,219.01073614066382,223.55733229741,217.29596365770698,221.84255981445312,3400900,0.0,0.0
2025-08-04 00:00:00-04:00,221.8523765882244,229.8285180166538,221.72498870008553,229.10340881347656,3871300,0.0,0.0
2025-08-05 00:00:00-04:00,229.67170856875526,233.49319525310926,229.41694777367445,232.67991638183594,3107000,0.0,0.0
2025-08-06 00:00:00-04:00,232.77790894334413,234.88463836124689,231.80784723682595,233.4932098388672,2448700,0.0,0.0
2025-08-07 00:00:00-04:00,235.16879715762835,236.4034279601193,231.84703849584204,233.75778198242188,1948300,0.0,0.0
2025-08-08 00:00:00-04:00,234.28691754598523,237.2657156981701,233.50301857384312,236.29563903808594,2746100,0.0,0.0
2025-08-11 00:00:00-04:00,236.68759603967248,238.2749806185953,233.02287694148023,235.02182006835938,2689500,0.0,0.0
2025-08-12 00:00:00-04:00,237.0697383423597,240.42089178065717,236.08986839133837,239.9407501220703,2973200,0.0,0.0
2025-08-13 00:00:00-04:00,242.5178056916066,253.2963748334558,241.7633016652212,251.1700439453125,6030300,0.0,0.0
2025-08-14 00:00:00-04:00,246.9370273157227,248.67140136002584,246.50589708557,247.9561004638672,3635000,0.0,0.0
2025-08-15 00:00:00-04:00,249.05353380335032,249.05353380335032,244.40894503668116,246.9860076904297,3026800,0.0,0.0
2025-08-18 00:00:00-04:00,246.63326135236736,247.9070952669899,245.42802551045028,245.83956909179688,2977000,0.0,0.0
2025-08-19 00:00:00-04:00,249.63166467280615,253.17880408155509,249.63166467280615,251.19944763183594,4702600,0.0,0.0
2025-08-20 00:00:00-04:00,260.05748116265926,262.13480069141536,251.28766297073074,251.96377563476562,5226000,0.0,0.0
2025-08-21 00:00:00-04:00,250.9250905754755,253.46298013100315,249.200539750015,250.50375366210938,2697300,0.0,0.0
2025-08-22 00:00:00-04:00,252.16956678929338,260.1555018251184,249.5141123388393,258.421142578125,3796400,0.0,0.0
2025-08-25 00:00:00-04:00,256.78472315819215,257.3628428548304,253.54135593444124,253.658935546875,2336700,0.0,0.0
2025-08-26 00:00:00-04:00,253.26700267351532,253.55117334931978,250.98391870771547,253.1298065185547,2865300,0.0,0.0
2025-08-27 00:00:00-04:00,253.62955859817592,255.39334261931563,252.88484779569953,253.46299743652344,2148700,0.0,0.0
2025-08-28 00:00:00-04:00,253.98228522337104,254.21744442586817,250.54293237057203,252.35569763183594,1779100,0.0,0.0
2025-08-29 00:00:00-04:00,252.58106371943077,253.60013683014782,250.80751647156336,252.865234375,2177600,0.0,0.0
2025-09-02 00:00:00-04:00,251.28768952150693,253.79615448956625,250.4645873056626,253.5315704345703,1783700,0.0,0.0
2025-09-03 00:00:00-04:00,252.26750413113356,256.1281937214873,251.8265507385774,255.43246459960938,2002400,0.0,0.0
2025-09-04 00:00:00-04:00,257.7449714812125,259.38133737069586,256.20656865327555,259.2441711425781,2258700,0.0,0.0
2025-09-05 00:00:00-04:00,261.98785431305004,265.2312218336924,259.8909479250984,264.5355224609375,4488200,0.0,0.0
2025-09-08 00:00:00-04:00,263.79077631629923,267.720064317063,263.2714464478878,267.5240783691406,4464800,0.0,0.0
2025-09-09 00:00:00-04:00,266.79898772518226,266.79898772518226,262.2132035542641,263.6144104003906,3120500,0.0,0.0
2025-09-10 00:00:00-04:00,263.006899849229,263.58501953789136,259.7439161329168,261.184326171875,1918300,0.0,0.0
2025-09-11 00:00:00-04:00,262.44836041955307,267.9062431471273,261.8310375745294,266.91656494140625,2253400,0.0,0.0
2025-09-12 00:00:00-04:00,264.62367320058013,267.1125512172966,264.1043433293024,266.3580322265625,2906300,0.0,0.0
2025-09-15 00:00:00-04:00,266.0151171426395,267.1615482915456,263.68302176883566,266.6128234863281,2648100,0.0,0.0
2025-09-16 00:00:00-04:00,267.43589196764987,267.7690441543996,263.98676059019095,265.07440185546875,1940700,0.0,0.0
2025-09-17 00:00:00-04:00,267.11254140985517,269.44463656239344,261.4880678351287,262.55615234375,2854600,0.0,0.0
2025-09-18 00:00:00-04:00,263.65364297367154,265.1234480567181,262.1054315403697,262.183837890625,2301700,0.0,0.0
2025-09-19 00:00:00-04:00,262.1445949557552,262.24258792708116,259.7732966239959,259.86151123046875,4079000,0.0,0.0
2025-09-22 00:00:00-04:00,259.6655475091591,260.06729779369647,255.11893639920805,255.1483612060547,3435300,0.0,0.0
2025-09-23 00:00:00-04:00,254.33506483897105,255.53050748225087,252.07156744195717,254.5800323486328,2972900,0.0,0.0
2025-09-24 00:00:00-04:00,253.09062958764102,254.28607217864524,251.1798711345308,252.14993286132812,3156000,0.0,0.0
2025-09-25 00:00:00-04:00,249.78846338288648,252.24793174733594,249.05356086883182,250.3861846923828,2877900,0.0,0.0
2025-09-26 00:00:00-04:00,250.46456978236088,252.50270116422254,249.08294950233073,251.9441680908203,1923600,0.0,0.0
2025-09-29 00:00:00-04:00,251.9539748705012,252.1499309262015,245.6827979745429,248.22067260742188,3282100,0.0,0.0
2025-09-30 00:00:00-04:00,247.72091881152434,248.49502444226246,244.60493955806987,246.25111389160156,3114400,0.0,0.0
2025-10-01 00:00:00-04:00,246.05514479481843,246.20211930729542,241.49875548848462,242.99795532226562,3106500,0.0,0.0
2025-10-02 00:00:00-04:00,241.66533607508248,243.9876231251256,241.3909736789436,242.3512420654297,1951900,0.0,0.0
2025-10-03 00:00:00-04:00,241.59674027537568,242.74318635967276,240.5874753904399,241.39097595214844,2023600,0.0,0.0
2025-10-06 00:00:00-04:00,241.16559419288023,241.5281562518362,235.68812460443203,236.80517578125,3307700,0.0,0.0
2025-10-07 00:00:00-04:00,236.25644718870947,236.48181309356374,233.1600545197062,235.06100463867188,2597400,0.0,0.0
2025-10-08 00:00:00-04:00,234.59066723044472,234.59066723044472,232.46435124299674,232.8072967529297,1995600,0.0,0.0
2025-10-09 00:00:00-04:00,232.81713301730593,233.16988683815396,229.7599282527461,229.94610595703125,2284800,0.0,0.0
2025-10-10 00:00:00-04:00,230.61240800788528,231.37670540355964,226.94768886459394,227.54541015625,2158600,0.0,0.0
2025-10-13 00:00:00-04:00,228.30971476905432,231.2297232435927,227.95696096362062,229.75991821289062,3072000,0.0,0.0
2025-10-14 00:00:00-04:00,229.211173082492,236.8737631403258,228.53506043602096,235.9036865234375,3130200,0.0,0.0
2025-10-15 00:00:00-04:00,236.64838242364925,241.12639519967945,235.67832075784344,236.66798400878906,2569500,0.0,0.0
2025-10-16 00:00:00-04:00,237.46167965120748,238.30436840469912,235.59993273033538,238.20639038085938,2258700,0.0,0.0
2025-10-17 00:00:00-04:00,238.31417328887736,240.28370647414363,238.31417328887736,239.774169921875,2549600,0.0,0.0
2025-10-20 00:00:00-04:00,240.04853611486644,241.14600062574695,237.38328865528769,237.39309692382812,2110500,0.0,0.0
2025-10-21 00:00:00-04:00,237.0109592100337,242.02788880065125,236.14866882978524,240.3327178955078,2056200,0.0,0.0
2025-10-22 00:00:00-04:00,240.53949534378683,242.37101495402442,238.80645050754282,239.8009796142578,2508200,1.2,0.0
2025-10-23 00:00:00-04:00,238.40272784790884,241.03184207375992,236.3151948352798,240.13577270507812,2234800,0.0,0.0
2025-10-24 00:00:00-04:00,241.583263828017,242.2627007088045,238.99354553222656,238.99354553222656,1804000,0.0,0.0
2025-10-27 00:00:00-04:00,239.72220914869615,240.72659477449443,238.0384016548564,239.9191436767578,1939300,0.0,0.0
2025-10-28 00:00:00-04:00,238.5504358035697,242.85353125181928,238.383040698281,240.33273315429688,1612900,0.0,0.0
2025-10-29 00:00:00-04:00,238.78675738807468,239.84038039562802,233.2429610579888,234.83816528320312,3121400,0.0,0.0
2025-10-30 00:00:00-04:00,234.4245932638221,239.59420336493397,233.38081174609823,236.14779663085938,2076700,0.0,0.0
2025-10-31 00:00:00-04:00,234.4344357085543,235.67513672894313,232.829390043377,234.48367309570312,2404700,0.0,0.0
2025-11-03 00:00:00-05:00,232.79001302071455,233.68608239624788,229.4125265379894,232.03179931640625,2333700,0.0,0.0
2025-11-04 00:00:00-05:00,231.91361795699507,234.365480361275,229.89500545728552,234.1193084716797,2632600,0.0,0.0
2025-11-05 00:00:00-05:00,232.92786067305292,234.48366892339797,228.07334286926584,230.7615509033203,2749600,0.0,0.0
2025-11-06 00:00:00-05:00,229.51100055421685,231.37205962216507,227.58100613831365,227.8074951171875,3272700,0.0,0.0
2025-11-07 00:00:00-05:00,228.28997259481056,230.59413800322633,227.58099631143023,229.5897674560547,3053800,0.0,0.0
2025-11-10 00:00:00-05:00,229.04819446535245,230.52522593775913,225.6707080187091,229.46176147460938,2588000,0.0,0.0
2025-11-11 00:00:00-05:00,230.17073939448008,233.23311860304437,230.10180404655085,231.73638916015625,1968100,0.0,0.0
2025-11-12 00:00:00-05:00,230.8009351489593,233.08541768394994,229.31406222283172,231.10618591308594,2587500,0.0,0.0
2025-11-13 00:00:00-05:00,230.86000881267222,233.02631856515717,227.37422125937215,227.92564392089844,3109000,0.0,0.0
2025-11-14 00:00:00-05:00,226.74402626166466,228.58538733385643,223.49455405621842,224.361083984375,2691900,0.0,0.0
2025-11-17 00:00:00-05:00,223.72101240295814,225.26697909649772,221.51532186713794,221.55470275878906,4411500,0.0,0.0
2025-11-18 00:00:00-05:00,215.69582870792482,220.29431814449944,215.44965680002377,216.20787048339844,6260400,0.0,0.0
2025-11-19 00:00:00-05:00,226.48799730293996,229.40267931084335,220.8260434070487,224.91250610351562,7728900,0.0,0.0
2025-11-20 00:00:00-05:00,224.58754304777278,226.92124778352874,222.32275862892973,224.9321746826172,4769200,0.0,0.0
2025-11-21 00:00:00-05:00,227.00987507454172,232.93769869577093,225.45408187234312,230.70245361328125,6090000,0.0,0.0
2025-11-24 00:00:00-05:00,230.4169254099599,230.86988837011893,225.22761694261885,225.2571563720703,4212600,0.0,0.0
2025-11-25 00:00:00-05:00,227.18713252026166,235.25172666100607,226.7637090238196,234.45413208007812,3330300,0.0,0.0
2025-11-26 00:00:00-05:00,233.86330326604778,239.3283224105561,233.0263128021974,237.91036987304688,2303300,0.0,0.0
2025-11-28 00:00:00-05:00,237.89067270796184,239.30862525020257,237.1127761181955,238.7670440673828,1289900,0.0,0.0
2025-12-01 00:00:00-05:00,238.2944093528283,245.6204878129874,237.56573508873169,242.6171875,4083100,0.0,0.0
2025-12-02 00:00:00-05:00,242.53840596126022,243.43447530401767,238.88522329485022,239.4464874267578,3886100,0.0,0.0
2025-12-03 00:00:00-05:00,239.45633256570545,244.19269272498937,239.45633256570545,243.1587677001953,3275600,0.0,0.0
2025-12-04 00:00:00-05:00,242.8239666913852,244.36007693400865,241.24846053092307,242.40054321289062,4092800,0.0,0.0
2025-12-05 00:00:00-05:00,242.38084653724107,244.87210496124916,241.8983592297145,244.6653289794922,2642100,0.0,0.0
2025-12-08 00:00:00-05:00,243.32617144596188,244.3010176511623,241.0712432861328,241.0712432861328,3935000,0.0,0.0
2025-12-09 00:00:00-05:00,240.07669064531507,242.21346101701232,237.20140454502996,238.9541473388672,2865500,0.0,0.0
2025-12-10 00:00:00-05:00,239.09199386395784,244.63578986259924,238.66858540782692,242.43008422851562,4778900,0.0,0.0
2025-12-11 00:00:00-05:00,244.822892241078,248.03296853186913,243.72003186943525,244.28131103515625,2832100,0.0,0.0
2025-12-12 00:00:00-05:00,245.3349223426181,246.8907306348874,242.16422690301656,243.50340270996094,2046900,0.0,0.0
2025-12-15 00:00:00-05:00,243.94652775203252,245.62049377898563,240.12593480040624,244.97059631347656,3108400,0.0,0.0
2025-12-16 00:00:00-05:00,246.37870588334292,247.127063095478,242.27254512129048,242.6959686279297,2692000,0.0,0.0
2025-12-17 00:00:00-05:00,242.2331526413624,245.78787552299943,241.32724184100508,244.16314697265625,2030600,0.0,0.0
2025-12-18 00:00:00-05:00,246.92026214919758,250.1500363403553,243.67080502374378,243.91697692871094,2553400,0.0,0.0
2025-12-19 00:00:00-05:00,243.2572145733463,243.34584787517056,236.6499692870225,236.75828552246094,5458200,0.0,0.0
2025-12-22 00:00:00-05:00,236.89615230445725,239.03292266283418,235.96070205910564,238.36334228515625,1776600,0.0,0.0
2025-12-23 00:00:00-05:00,237.8020519747829,238.50118677177457,235.87205769552008,238.4420928955078,1863800,0.0,0.0
2025-12-24 00:00:00-05:00,238.0482237702044,240.2440728786049,237.64449825415718,239.27908325195312,787900,0.0,0.0
2025-12-26 00:00:00-05:00,239.0132322114433,240.96292460210964,238.58982372845924,240.7462921142578,1179700,0.0,0.0
2025-12-29 00:00:00-05:00,241.35678875140422,241.6029606621284,238.91476760406002,240.0963897705078,1597100,0.0,0.0
2025-12-30 00:00:00-05:00,238.92460463946432,239.9092922640953,237.34909842999838,239.45632934570312,1371400,0.0,0.0
2025-12-31 00:00:00-05:00,238.698129421695,239.6631190816551,237.33925569889558,237.46726989746094,1615200,0.0,0.0
2026-01-02 00:00:00-05:00,237.80206188026426,243.4443177749802,236.29549101322044,243.10952758789062,2595000,0.0,0.0
2026-01-05 00:00:00-05:00,241.32725280701098,244.0351438640576,240.2145509464339,241.00230407714844,2835800,0.0,0.0
2026-01-06 00:00:00-05:00,237.7922294042808,244.4979499925457,236.3447373360929,242.71566772460938,2573200,0.0,0.0
2026-01-07 00:00:00-05:00,248.02312119719008,252.8677674333275,243.3163156009636,243.33599853515625,2423300,0.0,0.0
2026-01-08 00:00:00-05:00,241.37647870015536,253.87216687781176,240.17515861368128,252.28680419921875,3163400,0.0,0.0
2026-01-09 00:00:00-05:00,255.96959549244852,263.94554231633197,255.16214431635873,263.118408203125,4092100,0.0,0.0
2026-01-12 00:00:00-05:00,262.40941551023116,267.3722499314278,259.5735101266902,266.7420654296875,3269500,0.0,0.0
2026-01-13 00:00:00-05:00,268.9576092361589,270.53308549504334,266.21032217550436,270.05059814453125,2946600,0.0,0.0
2026-01-14 00:00:00-05:00,268.03197725882205,273.8416281000091,268.03197725882205,270.7398681640625,3207600,0.0,0.0
2026-01-15 00:00:00-05:00,270.93677605956486,273.9499175884265,269.25296874644323,272.768310546875,2620700,0.0,0.0
2026-01-16 00:00:00-05:00,272.08890223489306,274.17643527227483,269.87335499328424,273.300048828125,2915700,0.0,0.0
2026-01-20 00:00:00-05:00,268.03196130999237,271.0253898054639,263.6697726549024,264.2901306152344,3956200,0.0,0.0
2026-01-21 00:00:00-05:00,264.5275484934901,275.2989393810608,264.10223848991467,274.09222412109375,4022100,1.2,0.0
2026-01-22 00:00:00-05:00,274.3494090919265,278.2959479474391,271.8865350915977,271.9557800292969,2883500,0.0,0.0
2026-01-23 00:00:00-05:00,272.0051987844139,274.2702687097938,270.9963176410621,273.71636962890625,2204000,0.0,0.0
2026-01-26 00:00:00-05:00,275.7935091559037,276.45622609208425,272.6184747249243,274.883544921875,2021900,0.0,0.0
2026-01-27 00:00:00-05:00,273.99333109668794,273.99333109668794,269.35440345338816,270.9567565917969,2492900,0.0,0.0
2026-01-28 00:00:00-05:00,270.7391837708657,271.01613335666724,265.14081768586766,266.48602294921875,2952400,0.0,0.0
2026-01-29 00:00:00-05:00,265.78370155561873,268.02900025237386,262.8163719809008,263.73626708984375,3264700,0.0,0.0
2026-01-30 00:00:00-05:00,263.1625625198824,264.6462272849807,259.80949584708344,264.15167236328125,3199300,0.0,0.0
2026-02-02 00:00:00-05:00,263.75605555315235,267.386072064953,259.82928795346135,266.1299133300781,2763400,0.0,0.0
2026-02-03 00:00:00-05:00,265.0221192632201,277.45523843118434,264.695696079871,271.85687255859375,3450200,0.0,0.0
2026-02-04 00:00:00-05:00,273.31086065354793,277.11893988698046,270.31385879990677,272.8459777832031,2774000,0.0,0.0
2026-02-05 00:00:00-05:00,272.6382557333037,274.06254615832836,269.27525806809547,271.89642333984375,2683500,0.0,0.0
2026-02-06 00:00:00-05:00,273.56800325573766,276.6243794141634,272.02499422432743,275.3484191894531,2211800,0.0,0.0
2026-02-09 00:00:00-05:00,275.29892416589564,275.96164102980094,271.46120340251343,273.8746337890625,2471100,0.0,0.0
2026-02-10 00:00:00-05:00,275.9616496107929,282.6183698032154,274.35929647494885,281.5699157714844,2820200,0.0,0.0
2026-02-11 00:00:00-05:00,279.31473836193254,284.21081389139925,277.72225584512887,283.9140930175781,2945200,0.0,0.0
2026-02-12 00:00:00-05:00,286.23854284649286,289.86855945833355,281.9655806191238,282.4205627441406,3659400,0.0,0.0
2026-02-13 00:00:00-05:00,282.31176718786975,286.7132882291448,279.07735842473033,284.26031494140625,2241800,0.0,0.0
2026-02-17 00:00:00-05:00,283.9042148443631,286.70338259420146,275.2198310852724,278.09814453125,2305000,0.0,0.0
2026-02-18 00:00:00-05:00,277.366217157918,280.77862827212795,274.97255786906334,279.0575866699219,2018700,0.0,0.0
2026-02-19 00:00:00-05:00,278.3750815347525,279.0377682375088,273.71638254398505,275.15057373046875,1997000,0.0,0.0
2026-02-20 00:00:00-05:00,274.646145997926,280.71926479535,273.8548400048622,277.30682373046875,2810000,0.0,0.0
2026-02-23 00:00:00-05:00,277.70248900462724,278.9092042197348,269.3741708503211,271.3721618652344,3058100,0.0,0.0
2026-02-24 00:00:00-05:00,275.08133821023,278.1080422571565,274.07245698474685,275.5561218261719,3284700,0.0,0.0
2026-02-25 00:00:00-05:00,263.35050594995334,271.2040408238996,259.7006880723913,260.1556701660156,5565700,0.0,0.0
2026-02-26 00:00:00-05:00,260.4721892316791,263.251585548232,259.0874414523848,261.5107727050781,3428200,0.0,0.0
2026-02-27 00:00:00-05:00,258.84017092762787,262.6086772140729,257.2674898162581,261.6888122558594,3252500,0.0,0.0
2026-03-02 00:00:00-05:00,257.16858311794294,258.6028045978889,253.4000766801492,254.36941528320312,3023800,0.0,0.0
2026-03-03 00:00:00-05:00,250.71955593253563,256.15967509991947,248.5633037437217,254.89361572265625,2758300,0.0,0.0
2026-03-04 00:00:00-05:00,255.20024633748326,256.09043918036434,252.70768524774982,255.8035888671875,2174900,0.0,0.0
2026-03-05 00:00:00-05:00,253.60777078721802,254.22101409186632,249.87883735348467,251.93618774414062,2270400,0.0,0.0
2026-03-06 00:00:00-05:00,247.83137836172352,250.22502254948864,245.40806208386124,249.1468963623047,3126800,0.0,0.0
2026-03-09 00:00:00-04:00,247.39616964036242,248.711687651881,240.93728303676485,247.49508666992188,2896300,0.0,0.0
2026-03-10 00:00:00-04:00,246.20922842730772,251.8372660343838,244.62666168189295,248.37538146972656,2092000,0.0,0.0
2026-03-11 00:00:00-04:00,247.34671495867477,248.62266006323907,243.57819363773018,244.1914520263672,1895800,0.0,0.0
2026-03-12 00:00:00-04:00,241.58020630133194,243.19244516795624,236.21923247903445,236.8423614501953,3008800,0.0,0.0
2026-03-13 00:00:00-04:00,238.22713254094646,239.18657037990587,234.4091676096309,235.00262451171875,2755000,0.0,0.0
2026-03-16 00:00:00-04:00,238.08865607626697,241.29336256576303,236.78302373416142,239.47340393066406,2315300,0.0,0.0
2026-03-17 00:00:00-04:00,239.79979879455666,241.34280777370066,236.9115997913299,237.0995330810547,1969000,0.0,0.0
2026-03-18 00:00:00-04:00,234.49818394647858,236.17966780845958,227.8414783454718,228.5734100341797,2742800,0.0,0.0
2026-03-19 00:00:00-04:00,227.9502674616819,228.256889106806,223.70697766415105,227.20843505859375,4129000,0.0,0.0
2026-03-20 00:00:00-04:00,226.74354326600903,227.3567865320624,221.70896275196066,222.18374633789062,3644000,0.0,0.0
2026-03-23 00:00:00-04:00,229.03829695421928,234.17177999490355,227.65354906521506,231.69900512695312,3830500,0.0,0.0
2026-03-24 00:00:00-04:00,227.851344931507,232.6089608801918,225.96214150173338,231.87701416015625,2133400,0.0,0.0
2026-03-25 00:00:00-04:00,234.75532697497184,236.18953323160588,230.83846044089012,233.6079559326172,2322800,0.0,0.0
2026-03-26 00:00:00-04:00,231.61986495585964,235.93238475119446,231.32312896543462,233.45960998535156,2113600,0.0,0.0
2026-03-27 00:00:00-04:00,232.7276581417156,233.31124444410773,226.79299883322477,227.80189514160156,2999800,0.0,0.0
2026-03-30 00:00:00-04:00,230.20544138051199,231.66931979272337,228.6030730946968,230.04718017578125,2905400,0.0,0.0
2026-03-31 00:00:00-04:00,233.9937289760132,236.17965333484426,229.90870038701712,233.70687866210938,2636400,0.0,0.0
2026-04-01 00:00:00-04:00,234.18166078532806,235.86315973462126,232.50017692865458,233.41015625,2378500,0.0,0.0
2026-04-02 00:00:00-04:00,228.61298563472494,232.9452769160097,225.51706668783686,228.51406860351562,2760200,0.0,0.0
2026-04-06 00:00:00-04:00,227.29745402869523,233.19254047683125,226.3874747478628,232.63864135742188,1949800,0.0,0.0
2026-04-07 00:00:00-04:00,230.2548804415078,231.30334958353376,226.82268307118454,229.08773803710938,2522400,0.0,0.0
2026-04-08 00:00:00-04:00,241.6988893961538,244.31013885961252,239.96794711678407,241.0065155029297,2539900,0.0,0.0
2026-04-09 00:00:00-04:00,238.37547711039997,246.2784703533365,235.58618005079222,245.11131286621094,2283300,0.0,0.0
2026-04-10 00:00:00-04:00,245.75425628033855,246.5356464729405,240.98673924250272,241.5604248046875,1840200,0.0,0.0
2026-04-13 00:00:00-04:00,241.184560634299,244.5871011931571,238.60298312479725,244.3892822265625,2484100,0.0,0.0
2026-04-14 00:00:00-04:00,244.19145751989953,245.97184327002014,241.89671530200815,245.73446655273438,1959500,0.0,0.0
2026-04-15 00:00:00-04:00,245.10143784747365,245.73446758392436,240.22511816030138,241.3329315185547,1757500,0.0,0.0
2026-04-16 00:00:00-04:00,241.17467793132332,243.1232257160893,239.12721311573495,239.780029296875,2374300,0.0,0.0
2026-04-17 00:00:00-04:00,243.6078699173904,252.73736513436114,243.6078699173904,248.97874450683594,3773400,0.0,0.0
2026-04-20 00:00:00-04:00,248.06875756117483,251.8768214920039,245.3091325815013,250.53163146972656,3852000,0.0,0.0
2026-04-21 00:00:00-04:00,251.40205677075323,254.3001565717218,247.94017218548927,248.4545135498047,2493200,0.0,0.0
2026-04-22 00:00:00-04:00,250.4720409071407,250.4720409071407,242.26276597326563,243.68399047851562,2256000,1.2,0.0
2026-04-23 00:00:00-04:00,243.356021972869,246.0990640466105,242.52118505891286,245.02569580078125,1775800,0.0,0.0
2026-04-24 00:00:00-04:00,243.62436328299796,245.7512183327433,241.6366477163176,242.9485321044922,2098400,0.0,0.0
2026-04-27 00:00:00-04:00,241.85530045055953,245.36361725328763,240.61297820695702,241.06021118164062,2854400,0.0,0.0
2026-04-28 00:00:00-04:00,242.5510032576538,243.99209405920604,237.52208513033912,238.8439178466797,1701000,0.0,0.0
2026-04-29 00:00:00-04:00,236.41889790772626,236.96550756472718,229.84949725449115,232.0657958984375,3205400,0.0,0.0
2026-04-30 00:00:00-04:00,233.03977842578004,237.8003658972301,232.46333906780347,237.32330322265625,2958900,0.0,0.0
2026-05-01 00:00:00-04:00,236.8860055794821,237.70096106516456,231.6384377663352,231.89683532714844,1879500,0.0,0.0
2026-05-04 00:00:00-04:00,230.20728990626054,231.0620082314055,222.22661288703003,222.3458709716797,3578500,0.0,0.0
2026-05-05 00:00:00-04:00,223.1210761867023,226.47037212118252,221.63028948612302,223.84658813476562,2745000,0.0,0.0
2026-05-06 00:00:00-04:00,229.09415062497348,232.59253424482907,227.53380180154363,231.93658447265625,3095200,0.0,0.0
2026-05-07 00:00:00-04:00,231.7875224676512,234.1529089369102,229.0941610973134,229.46189880371094,2174900,0.0,0.0
2026-05-08 00:00:00-04:00,231.52912086196517,231.52912086196517,226.7486520825696,227.79220581054688,1746300,0.0,0.0
2026-05-11 00:00:00-04:00,226.59958010317604,227.59343791064612,223.1210777770308,224.67149353027344,1948600,0.0,0.0
2026-05-12 00:00:00-04:00,227.55369181487652,227.6928313022637,222.7533567524189,223.14096069335938,3269900,0.0,0.0
2026-05-13 00:00:00-04:00,221.63028766884253,221.8091747922133,216.7504422693431,219.095947265625,3080200,0.0,0.0
2026-05-14 00:00:00-04:00,221.4116379598681,222.84279560851243,219.87115534736714,222.23654174804688,2142200,0.0,0.0
2026-05-15 00:00:00-04:00,220.94452108223348,221.15323788907529,216.87964639361243,217.0784149169922,3019300,0.0,0.0
2026-05-18 00:00:00-04:00,217.07841473196757,221.2824288998778,215.99511339016493,216.68087768554688,3713800,0.0,0.0
2026-05-19 00:00:00-04:00,214.68321209009162,218.69840598551946,212.18863453924143,217.02871704101562,3343900,0.0,0.0
2026-05-20 00:00:00-04:00,212.66569387495184,220.17925663125004,206.72242830733472,219.69227600097656,6111600,0.0,0.0
2026-05-21 00:00:00-04:00,216.41253875406701,218.0921608842406,213.25207818834872,216.0746307373047,3267000,0.0,0.0
2026-05-22 00:00:00-04:00,215.885794805777,215.885794805777,212.2582198635499,213.70924377441406,2801300,0.0,0.0
2026-05-26 00:00:00-04:00,214.65339827017218,215.97523093240443,209.75368671244772,210.77735900878906,3714400,0.0,0.0
2026-05-27 00:00:00-04:00,213.7490003215785,218.9866199106267,213.31170047135876,215.50811767578125,3051400,0.0,0.0
2026-05-28 00:00:00-04:00,215.6671498056416,217.1678696743581,213.1825052226273,216.5814971923828,2127200,0.0,0.0
2026-05-29 00:00:00-04:00,215.69696407020228,217.72444253996161,212.83464866116182,213.04336547851562,3623300,0.0,0.0
2026-06-01 00:00:00-04:00,211.69170457426472,212.6358664208081,206.27518277192704,206.42425537109375,3304600,0.0,0.0
2026-06-02 00:00:00-04:00,206.78204955877158,207.21934941320046,203.25385136788367,205.3707733154297,2959900,0.0,0.0
2026-06-03 00:00:00-04:00,202.31964614450436,206.5733564523648,202.1506769678012,206.37457275390625,3873500,0.0,0.0
2026-06-04 00:00:00-04:00,210.9264387317311,211.8209198596085,205.61924166691207,206.25531005859375,3173700,0.0,0.0
2026-06-05 00:00:00-04:00,206.7224265311482,210.55871832241544,206.1758016972111,209.4456024169922,2423900,0.0,0.0
2026-06-08 00:00:00-04:00,207.487700982025,211.09539455037054,206.63298265164593,206.69261169433594,2342900,0.0,0.0
2026-06-09 00:00:00-04:00,207.9746789236399,216.06468085396807,207.41812097895954,216.0348663330078,3779800,0.0,0.0
2026-06-10 00:00:00-04:00,216.55167681981933,217.1579306882978,213.46077843545646,214.86212158203125,2656200,0.0,0.0
2026-06-11 00:00:00-04:00,215.18015296760012,220.28858159897678,214.37513055300633,219.69227600097656,2705300,0.0,0.0
2026-06-12 00:00:00-04:00,221.40170212136408,222.18684309573123,217.93313300622242,219.42391967773438,2434300,0.0,0.0
2026-06-15 00:00:00-04:00,223.6180086001941,224.81063494638178,218.6387864014538,218.83755493164062,2860900,0.0,0.0
2026-06-16 00:00:00-04:00,220.53703887015956,224.07518536263615,220.19913085912972,222.64402770996094,2156500,0.0,0.0
2026-06-17 00:00:00-04:00,221.60047219829576,225.9237596420195,215.1304634579935,215.93548583984375,3888800,0.0,0.0
2026-06-18 00:00:00-04:00,218.14185887217727,223.43912288475022,218.14185887217727,220.835205078125,6813300,0.0,0.0
2026-06-22 00:00:00-04:00,216.16406451165682,217.73436160469885,212.58617048129952,213.08309936523438,3169200,0.0,0.0
2026-06-23 00:00:00-04:00,212.5365022194956,215.17021939315407,210.83699866389944,212.2283935546875,2766400,0.0,0.0
2026-06-24 00:00:00-04:00,214.45464116094513,221.53090405167708,214.01734128970807,220.08981323242188,3183200,0.0,0.0
2026-06-25 00:00:00-04:00,220.2090745143003,224.93983206448485,218.7580354899846,220.5668487548828,3063700,0.0,0.0
2026-06-26 00:00:00-04:00,221.17310865598645,222.88254528918466,219.62269291077564,221.1134796142578,3337700,0.0,0.0
2026-06-29 00:00:00-04:00,219.86122155373786,220.42771260829798,217.7045519688855,218.3008575439453,2372900,0.0,0.0
2026-06-30 00:00:00-04:00,218.34062239731313,219.64257368824002,215.26960543649173,219.13571166992188,3015900,0.0,0.0
2026-07-01 00:00:00-04:00,221.39175217335713,225.09885258749236,219.34440758628446,220.55691528320312,2864300,0.0,0.0
2026-07-02 00:00:00-04:00,222.14709613967668,226.10264587402344,219.82145739952205,226.10264587402344,2332500,0.0,0.0
2026-07-06 00:00:00-04:00,226.59958354374572,227.40460595360884,217.21756327236588,222.40550231933594,2479400,0.0,0.0
2026-07-07 00:00:00-04:00,225.18830257365713,225.19823569225213,218.00271491215958,219.54318237304688,2074500,0.0,0.0
2026-07-08 00:00:00-04:00,215.74664719036244,215.74664719036244,211.03575588675017,211.54263305664062,2994700,0.0,0.0
2026-07-09 00:00:00-04:00,212.00975320105192,213.84838103223592,210.77736406947787,211.69171142578125,1704300,0.0,0.0
2026-07-10 00:00:00-04:00,211.81096226727593,213.50053260176944,210.11147397961076,210.3301239013672,2166100,0.0,0.0
2026-07-13 00:00:00-04:00,211.68177145600896,212.3476543407304,205.49002664280616,206.42425537109375,4265100,0.0,0.0
2026-07-14 00:00:00-04:00,208.0243815557983,209.50523519320484,206.27519722109562,206.40438842773438,3032700,0.0,0.0
2026-07-15 00:00:00-04:00,206.49383232888175,210.85686731588208,206.265234123809,208.37222290039062,2993400,0.0,0.0
2026-07-16 00:00:00-04:00,208.3126011599194,214.90186806843997,208.3126011599194,214.83230590820312,4230600,0.0,0.0
2026-07-17 00:00:00-04:00,216.61130725859525,219.13571459544963,207.13984351617302,207.44793701171875,3475900,0.0,0.0
2026-07-20 00:00:00-04:00,208.27283794516407,208.7101378031623,202.3693201923211,203.45263671875,3266000,0.0,0.0
2026-07-21 00:00:00-04:00,202.66747984261505,203.73091496305327,200.64001661238365,202.25999450683594,3390000,0.0,0.0
2026-07-22 00:00:00-04:00,203.5,205.07000732421875,202.2100067138672,204.35000610351562,3248100,1.25,0.0
2026-07-23 00:00:00-04:00,201.75,203.0,199.39999389648438,201.9199981689453,4132200,0.0,0.0
2026-07-24 00:00:00-04:00,202.60000610351562,207.8300018310547,201.9600067138672,207.63999938964844,3427800,0.0,0.0
2026-07-27 00:00:00-04:00,211.3000030517578,213.13999938964844,209.30999755859375,211.5500030517578,2982000,0.0,0.0
2026-07-28 00:00:00-04:00,216.16000366210938,220.14999389648438,215.72000122070312,218.24000549316406,3969100,0.0,0.0
2026-07-29 00:00:00-04:00,215.9499969482422,220.2899932861328,213.74000549316406,215.67999267578125,2419100,0.0,0.0
2026-07-30 00:00:00-04:00,214.35000610351562,214.8800048828125,208.52999877929688,210.0800018310547,2755900,0.0,0.0
2026-07-31 00:00:00-04:00,207.75,210.08999633789062,206.02000427246094,207.80999755859375,3977000,0.0,0.0
2026-08-03 00:00:00-04:00,212.0,214.89999389648438,207.66000366210938,212.05999755859375,2270800,0.0,0.0
2026-08-04 00:00:00-04:00,211.75,218.7899932861328,211.02999877929688,218.0800018310547,2852500,0.0,0.0
2026-08-05 00:00:00-04:00,218.0399932861328,220.1300048828125,217.0800018310547,219.94000244140625,2360000,0.0,0.0
2026-08-06 00:00:00-04:00,220.0,220.05999755859375,216.25999450683594,218.39999389648438,2137900,0.0,0.0
2026-08-07 00:00:00-04:00,218.82000732421875,223.5800018310547,218.32000732421875,223.35000610351562,2360400,0.0,0.0
2026-08-10 00:00:00-04:00,220.25,221.22999572753906,217.0,218.8800048828125,2116900,0.0,0.0
2026-08-11 00:00:00-04:00,219.0,223.91000366210938,218.94000244140625,221.25,2138600,0.0,0.0
2026-08-12 00:00:00-04:00,219.5500030517578,220.91000366210938,214.1999969482422,215.97000122070312,2136700,0.0,0.0
2026-08-13 00:00:00-04:00,218.2899932861328,218.66000366210938,215.36000061035156,218.22000122070312,2754800,0.0,0.0
2026-08-14 00:00:00-04:00,218.52000427246094,218.6999969482422,215.83999633789062,218.47000122070312,1737000,0.0,0.0
2026-08-17 00:00:00-04:00,215.75,216.35000610351562,213.55999755859375,215.80999755859375,2955800,0.0,0.0
2026-08-18 00:00:00-04:00,219.25999450683594,220.5,214.6199951171875,215.63999938964844,3128000,0.0,0.0
2026-08-19 00:00:00-04:00,217.0,225.7899932861328,212.3800048828125,220.0,4957500,0.0,0.0
2026-08-20 00:00:00-04:00,215.9600067138672,220.30999755859375,212.3800048828125,217.33999633789062,5891800,0.0,0.0
2026-08-21 00:00:00-04:00,218.72000122070312,218.72000122070312,215.1300048828125,216.08999633789062,2928700,0.0,0.0
2026-08-24 00:00:00-04:00,217.3300018310547,219.82000732421875,215.4499969482422,216.97999572753906,2552900,0.0,0.0
2026-08-25 00:00:00-04:00,216.99000549316406,217.6300048828125,213.27000427246094,214.60000610351562,1989900,0.0,0.0
2026-08-26 00:00:00-04:00,215.08999633789062,215.38999938964844,210.2100067138672,210.36000061035156,3777100,0.0,0.0
2026-08-27 00:00:00-04:00,208.52999877929688,208.94000244140625,205.77999877929688,206.74000549316406,3083600,0.0,0.0
2026-08-28 00:00:00-04:00,207.99000549316406,208.6999969482422,205.6999969482422,208.0500030517578,2791600,0.0,0.0
2026-08-31 00:00:00-04:00,206.0,207.1300048828125,204.60000610351562,204.6999969482422,4340700,0.0,0.0
2026-09-01 00:00:00-04:00,203.75,204.38999938964844,199.38999938964844,200.0500030517578,3506700,0.0,0.0
2026-09-02 00:00:00-04:00,201.0,202.17999267578125,199.33999633789062,199.83999633789062,2787900,0.0,0.0
2026-09-03 00:00:00-04:00,201.0,203.3699951171875,199.35000610351562,201.89999389648438,3396600,0.0,0.0
2026-09-04 00:00:00-04:00,201.02999877929688,205.47999572753906,200.50999450683594,204.4499969482422,2436100,0.0,0.0
