Date,Open,High,Low,Close,Volume,Dividends,Stock Splits
2021-01-04 00:00:00-05:00,346.3067129123159,346.4324714699398,336.0142310736587,340.00933837890625,4638400,0.0,0.0
2021-01-05 00:00:00-05:00,337.40728857021304,341.47011764226374,334.1570489292093,336.0723876953125,2990700,0.0,0.0
2021-01-06 00:00:00-05:00,338.9744034058841,342.4664774426378,333.30579057820785,336.1981201171875,3966800,0.0,0.0
2021-01-07 00:00:00-05:00,337.9802664714028,341.29273729778714,337.4281781476007,338.86163330078125,3100200,0.44,0.0
2021-01-08 00:00:00-05:00,340.31448340614037,343.82070837532575,338.50327425083225,342.7262268066406,3371500,0.0,0.0
2021-01-11 00:00:00-05:00,341.0409644639489,342.3098101575081,336.8567915694268,337.25390625,2403000,0.0,0.0
2021-01-12 00:00:00-05:00,336.16902997217926,337.0601214598138,325.46641437554854,332.13983154296875,4858100,0.0,0.0
2021-01-13 00:00:00-05:00,338.61948365147146,338.7647918284501,333.4086366564067,335.4425964355469,4125700,0.0,0.0
2021-01-14 00:00:00-05:00,337.7283850132574,338.59039109630555,316.4199895379951,316.6524353027344,8712200,0.0,0.0
2021-01-15 00:00:00-05:00,317.2432898589612,319.3256954250093,311.761217026521,313.09783935546875,7911500,0.0,0.0
2021-01-19 00:00:00-05:00,316.71055279642627,318.7832927656629,314.45381296539483,315.6935729980469,4625200,0.0,0.0
2021-01-20 00:00:00-05:00,319.61627663935786,327.30667359663295,318.783326173692,324.3816223144531,5081000,0.0,0.0
2021-01-21 00:00:00-05:00,323.8973663926287,326.27032954634416,321.3209835951137,323.9264221191406,3484900,0.0,0.0
2021-01-22 00:00:00-05:00,320.0036870141513,324.61402885849145,318.5702024914716,318.6476745605469,3846600,0.0,0.0
2021-01-25 00:00:00-05:00,317.2142206665204,319.5775178171296,307.2573897178692,318.8414001464844,6257700,0.0,0.0
2021-01-26 00:00:00-05:00,319.6259077745227,320.1489402635429,315.577320036682,317.3982238769531,3503100,0.0,0.0
2021-01-27 00:00:00-05:00,310.2890129214254,312.8460349492009,303.2766220920287,305.5721130371094,7449400,0.0,0.0
2021-01-28 00:00:00-05:00,316.8074461064919,318.6574060227892,311.8581005838677,314.0857849121094,6906400,0.0,0.0
2021-01-29 00:00:00-05:00,313.62084605168104,315.441750141109,302.5598675550762,306.3469543457031,7627200,0.0,0.0
2021-02-01 00:00:00-05:00,310.8217944588675,313.3497316413374,307.596460640562,311.45135498046875,4930700,0.0,0.0
2021-02-02 00:00:00-05:00,313.28185486799237,325.5922878503061,313.28185486799237,323.8585510253906,5686000,0.0,0.0
2021-02-03 00:00:00-05:00,323.3452851211283,325.43738615051046,320.66237445364317,322.35736083984375,4036800,0.0,0.0
2021-02-04 00:00:00-05:00,324.82719023837825,332.45947661585893,324.5269378681458,330.11553955078125,4537500,0.0,0.0
2021-02-05 00:00:00-05:00,331.7524266428283,333.50552456861715,326.78371970930664,328.1009521484375,2964800,0.0,0.0
2021-02-08 00:00:00-05:00,329.31160192249064,330.75475213111093,324.9821217384164,326.4349670410156,2652800,0.0,0.0
2021-02-09 00:00:00-05:00,325.38895936497573,325.65046090093796,319.6259940132683,322.9578552246094,2993300,0.0,0.0
2021-02-10 00:00:00-05:00,324.46872557673714,324.9239515382328,321.8051763369281,323.70355224609375,4246300,0.0,0.0
2021-02-11 00:00:00-05:00,334.6387579211127,338.6001799020494,329.5537985026298,332.0914306640625,5110800,0.0,0.0
2021-02-12 00:00:00-05:00,330.5997337674001,332.33347053730813,326.1153100346136,330.2801208496094,3025100,0.0,0.0
2021-02-16 00:00:00-05:00,332.4110432290867,333.18588229485823,327.44230717368896,330.48358154296875,2916900,0.0,0.0
2021-02-17 00:00:00-05:00,328.3818511769451,329.67972301188087,325.2824354565301,326.7255859375,2267000,0.0,0.0
2021-02-18 00:00:00-05:00,323.97483904944386,329.2632177496802,322.37671497203416,327.8200378417969,2393700,0.0,0.0
2021-02-19 00:00:00-05:00,327.8006386676308,328.34303187184764,320.59452374507833,322.6963195800781,4095800,0.0,0.0
2021-02-22 00:00:00-05:00,319.6259755775169,333.30208834867096,318.4346317548618,329.95086669921875,4940300,0.0,0.0
2021-02-23 00:00:00-05:00,329.94113825190385,343.1426630016172,327.7715655501723,339.4040222167969,6326600,0.0,0.0
2021-02-24 00:00:00-05:00,341.7770404734555,357.19658633714323,339.549355966744,355.7727966308594,7467400,0.0,0.0
2021-02-25 00:00:00-05:00,353.09958711595755,355.77283243964825,341.1378192718867,343.42364501953125,5207500,0.0,0.0
2021-02-26 00:00:00-05:00,345.8546682355493,348.09207728658146,336.20778330819195,342.7262268066406,4868500,0.0,0.0
2021-03-01 00:00:00-05:00,349.34148699925015,354.9301174860915,347.8886417038641,351.49169921875,4382900,0.0,0.0
2021-03-02 00:00:00-05:00,350.6199859263517,355.0850494597372,348.0436034772555,351.4142150878906,3559200,0.0,0.0
2021-03-03 00:00:00-05:00,348.68290791984737,353.94220135366646,344.27595521248026,348.925048828125,3692300,0.0,0.0
2021-03-04 00:00:00-05:00,348.7797183496118,350.26161930566184,333.84445634151734,338.512939453125,4572000,0.0,0.0
2021-03-05 00:00:00-05:00,343.7625568124761,350.41658306465996,335.5297673884979,349.5351867675781,4643200,0.0,0.0
2021-03-08 00:00:00-05:00,351.00747171300344,370.436856768739,350.41666205616036,359.65673828125,7213300,0.0,0.0
2021-03-09 00:00:00-05:00,363.2113571723079,375.1440680539139,361.0030333030289,364.6835632324219,5832800,0.0,0.0
2021-03-10 00:00:00-05:00,364.7611244875822,371.92849052883753,361.27428897723024,369.7008056640625,4509500,0.0,0.0
2021-03-11 00:00:00-05:00,373.38126476535336,377.25551913386545,370.5724362598251,372.2964782714844,3729700,0.0,0.0
2021-03-12 00:00:00-05:00,369.15839352437627,371.8606650439189,367.318098794369,370.67901611328125,2467500,0.0,0.0
2021-03-15 00:00:00-04:00,371.26005057425874,375.6670024119071,366.7368758528885,369.7587890625,4216200,0.0,0.0
2021-03-16 00:00:00-04:00,370.6692002909937,373.1680806907828,366.78525185730723,370.3592529296875,3445100,0.0,0.0
2021-03-17 00:00:00-04:00,369.8460249705432,372.9938567420279,364.05400387005363,366.7756652832031,3240900,0.0,0.0
2021-03-18 00:00:00-04:00,363.2403626761777,363.6762280678072,353.5644229175523,355.4627990722656,7205200,0.0,0.0
2021-03-19 00:00:00-04:00,353.3320143500446,354.76549921999555,339.13289698490246,345.3026428222656,12224300,0.0,0.0
2021-03-22 00:00:00-04:00,344.7505812134722,350.2810719123539,342.8715651864931,347.13323974609375,4140400,0.0,0.0
2021-03-23 00:00:00-04:00,348.00487243248006,348.00487243248006,342.39691074795684,344.1015625,3756300,0.0,0.0
2021-03-24 00:00:00-04:00,345.8547172716826,353.51605978050776,344.80868146834996,348.34393310546875,3550000,0.0,0.0
2021-03-25 00:00:00-04:00,346.75544778903514,348.1695423030551,343.01677709641154,347.09442138671875,2961800,0.0,0.0
2021-03-26 00:00:00-04:00,348.6150817082265,355.08507931849937,346.02903350628594,354.6298828125,2741200,0.0,0.0
2021-03-29 00:00:00-04:00,352.7895497036042,353.8646705281628,347.3365326250609,351.5013732910156,4054900,0.0,0.0
2021-03-30 00:00:00-04:00,349.43836465509264,353.1092288727526,345.87405780072527,346.9394836425781,2885800,0.0,0.0
2021-03-31 00:00:00-04:00,348.28577906156823,350.1357390722553,344.5955541347585,344.8570556640625,4372600,0.0,0.0
2021-04-01 00:00:00-04:00,345.8159322533392,351.97598213803286,344.0725001582312,351.8791198730469,3701800,0.0,0.0
2021-04-05 00:00:00-04:00,355.2690974979486,358.87215507797345,352.88643944673964,356.7413330078125,2180300,0.0,0.0
2021-04-06 00:00:00-04:00,353.428851865397,359.0949548392371,351.10430513613875,357.9520568847656,2661900,0.0,0.0
2021-04-07 00:00:00-04:00,357.5356253952358,362.20408005625114,357.40001228663994,359.41461181640625,2958300,0.0,0.0
2021-04-08 00:00:00-04:00,361.7030377166058,367.8219258799509,361.46060940714426,366.2994689941406,3528400,0.44,0.0
2021-04-09 00:00:00-04:00,364.689750468512,368.8304450360173,363.09943610771177,368.568603515625,2429300,0.0,0.0
2021-04-12 00:00:00-04:00,366.62923243133747,369.4026281679141,364.78678287401567,368.3359375,2896600,0.0,0.0
2021-04-13 00:00:00-04:00,367.5795301461486,368.5880402890087,365.3879685645398,366.6777038574219,2652800,0.0,0.0
2021-04-14 00:00:00-04:00,365.5818490109133,369.4122277012639,364.2242565512827,366.86187744140625,2317400,0.0,0.0
2021-04-15 00:00:00-04:00,369.62560248669513,375.63780671745906,369.43164800464183,374.7844543457031,2942200,0.0,0.0
2021-04-16 00:00:00-04:00,377.2185498536078,377.315527121846,372.04998994222154,374.4742736816406,2725500,0.0,0.0
2021-04-19 00:00:00-04:00,373.24269872642947,375.99668135655793,369.77113761750365,370.585693359375,3360900,0.0,0.0
2021-04-20 00:00:00-04:00,368.6753216972135,369.7613959166219,362.24611743795185,365.22314453125,3135900,0.0,0.0
2021-04-21 00:00:00-04:00,367.12383599660444,372.4669669327151,365.26200262054397,371.49725341796875,2466300,0.0,0.0
2021-04-22 00:00:00-04:00,371.4778100349385,377.7033833149975,370.42082594091477,371.74932861328125,3713700,0.0,0.0
2021-04-23 00:00:00-04:00,372.70939545119376,378.0719100060198,371.846336217958,375.3373107910156,2294800,0.0,0.0
2021-04-26 00:00:00-04:00,376.0838542728902,381.03910407305995,375.3759825823646,375.7347717285156,2255000,0.0,0.0
2021-04-27 00:00:00-04:00,376.4621451449353,378.6052035172877,374.445154252128,377.2864074707031,2270000,0.0,0.0
2021-04-28 00:00:00-04:00,378.8670203795436,389.3399127967808,378.8670203795436,383.6670837402344,4065300,0.0,0.0
2021-04-29 00:00:00-04:00,379.6428320295919,380.5058912420584,372.1857329103839,377.1700744628906,4637100,0.0,0.0
2021-04-30 00:00:00-04:00,371.26449797963863,373.3396990832266,364.23407507482466,370.4887390136719,4043200,0.0,0.0
2021-05-03 00:00:00-04:00,373.7954078859683,375.15300066340114,365.43648350637875,367.90924072265625,3344100,0.0,0.0
2021-05-04 00:00:00-04:00,365.6498038488781,366.755261630571,360.3260576688965,364.5249328613281,3321200,0.0,0.0
2021-05-05 00:00:00-04:00,366.48378152986317,368.1420127662918,356.8836247002392,357.96002197265625,2993900,0.0,0.0
2021-05-06 00:00:00-04:00,359.8995395568193,364.3505216750884,354.624294914431,364.10809326171875,3787300,0.0,0.0
2021-05-07 00:00:00-04:00,365.8340777760674,367.1722869701556,362.2461264467961,364.0303955078125,2935900,0.0,0.0
2021-05-10 00:00:00-04:00,364.4086157010623,364.6122472338707,354.34298563026226,355.24481201171875,3193700,0.0,0.0
2021-05-11 00:00:00-04:00,350.0762637505875,357.7563777395487,348.3889422159638,356.4763488769531,3073100,0.0,0.0
2021-05-12 00:00:00-04:00,353.70295792113524,354.31388208989614,344.86888317002933,345.8191833496094,3293200,0.0,0.0
2021-05-13 00:00:00-04:00,348.4470758585776,351.85077909730273,347.0798061131893,349.1161804199219,2626000,0.0,0.0
2021-05-14 00:00:00-04:00,352.0349838258319,353.66409490875844,350.5416172031666,352.8883361816406,2959700,0.0,0.0
2021-05-17 00:00:00-04:00,351.3271615762804,353.03386667188454,347.21558612956704,352.296875,2511600,0.0,0.0
2021-05-18 00:00:00-04:00,355.8848499606374,358.6388327143131,351.8896351265262,352.0738830566406,3421200,0.0,0.0
2021-05-19 00:00:00-04:00,346.5076419062916,350.21195383006045,344.6070121165265,350.047119140625,3577900,0.0,0.0
2021-05-20 00:00:00-04:00,351.94775377229354,358.2218001193839,351.51137094215807,356.5635986328125,4087500,0.0,0.0
2021-05-21 00:00:00-04:00,357.9599805325064,361.2472932196547,356.33083970321474,356.46661376953125,2708700,0.0,0.0
2021-05-24 00:00:00-04:00,358.8715698379622,362.42072490576106,358.44492311099043,361.1019287109375,2351500,0.0,0.0
2021-05-25 00:00:00-04:00,361.829092075518,362.4303095262927,355.71020413365505,356.09808349609375,3916300,0.0,0.0
2021-05-26 00:00:00-04:00,357.8242821131982,358.7067249509073,351.0847614393258,351.6665954589844,3101900,0.0,0.0
2021-05-27 00:00:00-04:00,353.50898151170173,355.3029570852674,349.62045119397436,351.0362243652344,5416300,0.0,0.0
2021-05-28 00:00:00-04:00,352.4908168390887,354.3429729629473,349.50411262255136,349.65924072265625,3624300,0.0,0.0
2021-06-01 00:00:00-04:00,353.44108480716994,354.3332043966359,348.65069913659283,348.89312744140625,3119700,0.0,0.0
2021-06-02 00:00:00-04:00,352.51983344901436,359.9284563974889,351.88952579654836,355.7392883300781,3531000,0.0,0.0
2021-06-03 00:00:00-04:00,352.35500095279093,355.58416272669797,350.77439317491604,350.8616638183594,2605900,0.0,0.0
2021-06-04 00:00:00-04:00,353.2763379251362,355.5260804437386,352.68482686962824,354.9345397949219,2295200,0.0,0.0
2021-06-07 00:00:00-04:00,356.66061915268847,360.10311988859314,352.2775247163531,353.05328369140625,2133400,0.0,0.0
2021-06-08 00:00:00-04:00,353.9454053191454,356.5442302338899,352.22902318529736,354.1975402832031,3224200,0.0,0.0
2021-06-09 00:00:00-04:00,355.8265773892793,358.13449962721023,352.3258972167969,352.3258972167969,2520900,0.0,0.0
2021-06-10 00:00:00-04:00,353.6447734663535,354.56601301088915,350.99744529624337,353.2665710449219,2460200,0.0,0.0
2021-06-11 00:00:00-04:00,354.46903363734015,355.73935578486766,352.78171224970623,354.43023681640625,2708300,0.0,0.0
2021-06-14 00:00:00-04:00,354.9151322046803,355.52605642946986,351.13325556706224,355.41937255859375,2515300,0.0,0.0
2021-06-15 00:00:00-04:00,356.21448052166534,357.58177982759213,351.7537934173592,356.9708557128906,3562500,0.0,0.0
2021-06-16 00:00:00-04:00,358.192658816316,358.192658816316,350.35735975726,352.8010559082031,3081000,0.0,0.0
2021-06-17 00:00:00-04:00,352.4907636323935,357.9696375336043,350.28952522560854,356.1659851074219,3824900,0.0,0.0
2021-06-18 00:00:00-04:00,351.152645504252,359.1624884298036,351.03628461997016,356.2921447753906,5009400,0.0,0.0
2021-06-21 00:00:00-04:00,357.4557546034265,365.04862722152205,355.1090647094008,361.7903747558594,3094600,0.0,0.0
2021-06-22 00:00:00-04:00,362.6630971604344,367.28864891820945,360.752760619977,366.5904541015625,3582700,0.0,0.0
2021-06-23 00:00:00-04:00,366.5515943428674,367.2497890396334,362.95396661044066,363.7782287597656,2241800,0.0,0.0
2021-06-24 00:00:00-04:00,367.5213055448424,368.54919917705536,361.6060490620045,363.4000244140625,2788200,0.0,0.0
2021-06-25 00:00:00-04:00,364.0788726917582,368.1516508222831,362.0230556240057,368.11285400390625,3983900,0.0,0.0
2021-06-28 00:00:00-04:00,369.38324565998965,369.38324565998965,354.06175600519555,356.5442199707031,4800300,0.0,0.0
2021-06-29 00:00:00-04:00,357.83397328695685,360.141896056315,356.767282562467,356.85455322265625,3394300,0.0,0.0
2021-06-30 00:00:00-04:00,356.806049459647,358.95881434366873,353.2374817358236,354.03265380859375,2884900,0.0,0.0
2021-07-01 00:00:00-04:00,354.9635843198883,359.96730910089286,354.52723103838804,359.4824523925781,3108500,0.0,0.0
2021-07-02 00:00:00-04:00,361.402474629815,364.11766020142494,360.8788211291105,363.6716003417969,2786500,0.0,0.0
2021-07-06 00:00:00-04:00,365.24255410714085,366.7843948953602,360.2485359075677,364.7286071777344,2740500,0.0,0.0
2021-07-07 00:00:00-04:00,365.3783180676077,366.69711407886456,361.1697654881966,362.5952453613281,3176600,0.0,0.0
2021-07-08 00:00:00-04:00,356.78948819106006,359.78942890373554,354.9933991275943,359.4010925292969,2809000,0.44,0.0
2021-07-09 00:00:00-04:00,361.0127241348258,362.5952237810229,359.1098551208026,362.0709533691406,2404800,0.0,0.0
2021-07-12 00:00:00-04:00,364.0709775847428,365.1098005515459,361.2360652028873,364.6146545410156,2648300,0.0,0.0
2021-07-13 00:00:00-04:00,364.60488224308716,375.3716990907552,364.60488224308716,372.5270690917969,5161000,0.0,0.0
2021-07-14 00:00:00-04:00,371.8183910541767,380.21628838812944,371.8183910541767,379.41046142578125,4140500,0.0,0.0
2021-07-15 00:00:00-04:00,378.7697127111736,381.8375911014681,376.15810812392834,378.8570861816406,3773000,0.0,0.0
2021-07-16 00:00:00-04:00,381.69190505561863,381.9928679464724,374.0998065195168,375.837646484375,2706500,0.0,0.0
2021-07-19 00:00:00-04:00,366.9834203836538,367.5659396749746,352.77979807644726,354.7991943359375,6814400,0.0,0.0
2021-07-20 00:00:00-04:00,356.30409042638695,365.62431234137574,354.6244991704978,363.4787292480469,3542200,0.0,0.0
2021-07-21 00:00:00-04:00,365.0709117149136,369.798974803631,364.11946234802565,368.98345947265625,2393100,0.0,0.0
2021-07-22 00:00:00-04:00,369.21650090057653,371.7018897284419,366.0612191060893,371.0223083496094,4180300,0.0,0.0
2021-07-23 00:00:00-04:00,373.8668321654421,383.00258820500216,373.8668321654421,381.7987365722656,3720300,0.0,0.0
2021-07-26 00:00:00-04:00,380.2551306090973,381.43957595241517,376.9541969575044,381.3521728515625,2285800,0.0,0.0
2021-07-27 00:00:00-04:00,378.6337536293727,383.7598709549206,374.6435506011064,378.8958740234375,2783800,0.0,0.0
2021-07-28 00:00:00-04:00,380.2064846794991,380.3132942075785,371.18722740064055,372.264892578125,3372600,0.0,0.0
2021-07-29 00:00:00-04:00,376.2066358170769,383.23562257687746,376.2066358170769,377.47845458984375,3774000,0.0,0.0
2021-07-30 00:00:00-04:00,377.6628631583076,377.6628631583076,371.9153844409457,374.6920471191406,2533300,0.0,0.0
2021-08-02 00:00:00-04:00,377.9541586294866,378.6143631040661,362.9058934292511,364.3233642578125,3430300,0.0,0.0
2021-08-03 00:00:00-04:00,365.68254782475435,365.69226586373196,349.0906258197787,356.8865966796875,6328500,0.0,0.0
2021-08-04 00:00:00-04:00,356.575962994845,358.4982683927346,352.83816175747876,357.2846984863281,3203200,0.0,0.0
2021-08-05 00:00:00-04:00,357.4691367662437,361.1195346247385,356.3040978918962,361.1001281738281,2562400,0.0,0.0
2021-08-06 00:00:00-04:00,360.5952766867421,364.5563553408695,360.1875042116181,363.6146240234375,2038500,0.0,0.0
2021-08-09 00:00:00-04:00,363.28454449048917,363.5855074267839,358.13902045560985,359.8768310546875,2400800,0.0,0.0
2021-08-10 00:00:00-04:00,361.4399494908106,361.8865349066789,353.498325751304,357.11962890625,3225000,0.0,0.0
2021-08-11 00:00:00-04:00,357.80886702233147,359.1777771554125,353.14877137504044,353.6244812011719,3267700,0.0,0.0
2021-08-12 00:00:00-04:00,352.00325189944965,352.63430234668834,347.4208105913048,351.4304504394531,3802900,0.0,0.0
2021-08-13 00:00:00-04:00,351.70223812821564,352.9060898615852,350.1197384042854,352.1779479980469,2304600,0.0,0.0
2021-08-16 00:00:00-04:00,349.99347837437233,353.20700835757043,346.22655353374796,352.96429443359375,2937300,0.0,0.0
2021-08-17 00:00:00-04:00,351.44978815476406,353.83808504910036,349.30420520252363,352.6439514160156,2812800,0.0,0.0
2021-08-18 00:00:00-04:00,350.65363672430135,355.02248715139524,350.08083544590636,350.43035888671875,2774500,0.0,0.0
2021-08-19 00:00:00-04:00,346.49839945808765,349.6439921281967,344.3819411058702,346.8964538574219,2727900,0.0,0.0
2021-08-20 00:00:00-04:00,346.9449661538359,347.8770089243282,343.03241900979106,344.64404296875,4135900,0.0,0.0
2021-08-23 00:00:00-04:00,347.0518097740398,351.6827810839233,346.3527924415888,350.4886474609375,3537900,0.0,0.0
2021-08-24 00:00:00-04:00,352.4497451675555,355.4302792906907,350.9352126390119,351.2361755371094,3032000,0.0,0.0
2021-08-25 00:00:00-04:00,351.41087958035916,351.83805840841273,348.0517275489932,348.6342468261719,2340400,0.0,0.0
2021-08-26 00:00:00-04:00,347.56638503246177,347.76056804855176,341.5470670716937,342.576171875,3946300,0.0,0.0
2021-08-27 00:00:00-04:00,342.187801122346,346.1100665539347,341.40141035400546,345.3625183105469,3698300,0.0,0.0
2021-08-30 00:00:00-04:00,344.4596177264349,347.605210590138,341.9839473470841,342.7606201171875,4032100,0.0,0.0
2021-08-31 00:00:00-04:00,342.65380711610965,344.8673568881445,334.63452969380177,336.1393737792969,6780400,0.0,0.0
2021-09-01 00:00:00-04:00,337.2559034372003,341.78978357786167,337.17821837891734,339.382080078125,4499600,0.0,0.0
2021-09-02 00:00:00-04:00,340.29468924987526,340.3238137398877,329.4404984638986,331.33367919921875,7412000,0.0,0.0
2021-09-03 00:00:00-04:00,330.02302600165814,334.11035051225133,329.0521701398265,330.3143005371094,5171000,0.0,0.0
2021-09-07 00:00:00-04:00,334.8385033849085,337.85785099266013,333.0229779761065,334.6637268066406,4764300,0.0,0.0
2021-09-08 00:00:00-04:00,334.9452871754975,341.74127850949316,334.9452871754975,340.80926513671875,5054500,0.0,0.0
2021-09-09 00:00:00-04:00,340.48878517294776,343.33341481550895,339.721830522675,341.16839599609375,3716200,0.0,0.0
2021-09-10 00:00:00-04:00,344.5858878925753,344.6538549183908,336.9064139360553,337.2656555175781,3437700,0.0,0.0
2021-09-13 00:00:00-04:00,339.79953350625044,341.73152708717225,336.2656041362648,337.6830749511719,3234200,0.0,0.0
2021-09-14 00:00:00-04:00,339.4888182130771,339.68300120671546,335.1879345202889,335.7218933105469,3281900,0.0,0.0
2021-09-15 00:00:00-04:00,336.88697076898455,337.40152317033494,332.77055155818147,334.7025451660156,3833500,0.0,0.0
2021-09-16 00:00:00-04:00,335.3432767958759,337.54710860753363,334.6442594944436,336.217041015625,3771100,0.0,0.0
2021-09-17 00:00:00-04:00,333.9744022076848,335.9161138484272,330.8385272417453,333.0423889160156,5527500,0.0,0.0
2021-09-20 00:00:00-04:00,328.45988005255856,331.16854589664626,325.8385580306184,329.7899475097656,3956600,0.0,0.0
2021-09-21 00:00:00-04:00,332.22683385142005,333.1782534795762,327.4502107500341,327.54730224609375,2967300,0.0,0.0
2021-09-22 00:00:00-04:00,329.41134822176014,333.84816616521607,328.6735179897342,333.4015808105469,3238800,0.0,0.0
2021-09-23 00:00:00-04:00,335.6637000315025,344.44996345857015,335.13945919239376,343.7509460449219,4783200,0.0,0.0
2021-09-24 00:00:00-04:00,343.711980590556,349.44002226675593,342.4790047390109,347.72161865234375,3306200,0.0,0.0
2021-09-27 00:00:00-04:00,346.64406134695554,352.0226109270275,344.80915923968456,346.3722229003906,4158000,0.0,0.0
2021-09-28 00:00:00-04:00,345.1392026272335,345.62463047902986,338.8771714877941,340.9450988769531,3266900,0.0,0.0
2021-09-29 00:00:00-04:00,342.52758499915575,346.7702195171862,342.13924865856086,342.8965148925781,2808800,0.0,0.0
2021-09-30 00:00:00-04:00,344.4013272096526,345.6246148217757,337.27525022348215,337.5470886230469,4393300,0.0,0.0
2021-10-01 00:00:00-04:00,339.63446747338156,352.5953981762083,337.0422991097167,349.6828308105469,5227300,0.0,0.0
2021-10-04 00:00:00-04:00,349.44015382645676,350.13917125328277,329.4502345810223,334.1686096191406,7901500,0.0,0.0
2021-10-05 00:00:00-04:00,337.4306568515975,338.41123074109964,332.93558952564575,333.2074279785156,4724100,0.0,0.0
2021-10-06 00:00:00-04:00,330.10071851824,338.71220546668366,329.2269245203198,338.5277404785156,3712000,0.0,0.0
2021-10-07 00:00:00-04:00,339.2567954447917,347.9083238367673,339.2567954447917,344.02972412109375,3209200,0.44,0.0
2021-10-08 00:00:00-04:00,346.0613892015263,350.3093852157336,344.32135312360987,345.0504150390625,2336700,0.0,0.0
2021-10-11 00:00:00-04:00,344.06858276446997,344.97261229096205,337.2153839371887,337.4584045410156,2769800,0.0,0.0
2021-10-12 00:00:00-04:00,338.9165653841553,340.22888272206126,334.99907400686544,335.698974609375,3042900,0.0,0.0
2021-10-13 00:00:00-04:00,336.58350403922225,339.74277158616076,327.5723115926467,332.7923889160156,3755700,0.0,0.0
2021-10-14 00:00:00-04:00,334.2408430040481,336.15584671431964,331.3148651881216,334.9601745605469,4083800,0.0,0.0
2021-10-15 00:00:00-04:00,339.2567634153902,346.6542963667072,338.0319300774024,346.06134033203125,4053600,0.0,0.0
2021-10-18 00:00:00-04:00,344.0783478583869,349.8914124702723,340.4524987561885,348.43328857421875,3280900,0.0,0.0
2021-10-19 00:00:00-04:00,348.39434144624903,352.17575638692585,347.62638801033336,351.9910583496094,2835400,0.0,0.0
2021-10-20 00:00:00-04:00,351.60220305527577,352.37012676388855,346.0613217121836,346.809814453125,2796200,0.0,0.0
2021-10-21 00:00:00-04:00,344.70043394685433,346.4307394772761,337.5750531566199,346.2654724121094,2516300,0.0,0.0
2021-10-22 00:00:00-04:00,346.722335212986,351.5438851635893,344.99202976802917,348.65679931640625,2774400,0.0,0.0
2021-10-25 00:00:00-04:00,352.34101297458113,354.12964120623593,348.77348682921865,350.7856750488281,2447900,0.0,0.0
2021-10-26 00:00:00-04:00,353.23536132951205,357.094530234873,346.8487718641495,347.34454345703125,3320100,0.0,0.0
2021-10-27 00:00:00-04:00,338.28467431630196,341.3175666498831,324.4810924061207,326.3475036621094,9652700,0.0,0.0
2021-10-28 00:00:00-04:00,334.56164884472594,340.705187731312,319.6887687168183,323.7326354980469,9505100,0.0,0.0
2021-10-29 00:00:00-04:00,321.99259481474076,328.7096883871915,321.8662193444186,326.1531066894531,5843700,0.0,0.0
2021-11-01 00:00:00-04:00,325.89063186599856,331.3828916153329,323.58680127312886,324.72412109375,5126200,0.0,0.0
2021-11-02 00:00:00-04:00,325.77400438676665,326.39612174425883,317.5793562474552,319.3096618652344,5375300,0.0,0.0
2021-11-03 00:00:00-04:00,319.32906376259155,320.3788996864812,314.31311509156285,320.23309326171875,3952500,0.0,0.0
2021-11-04 00:00:00-04:00,321.8273776231493,329.17631934331234,320.13593380999066,326.0656433105469,4819500,0.0,0.0
2021-11-05 00:00:00-04:00,332.87994335224147,340.38442165706977,331.4801421382918,339.05267333984375,7201500,0.0,0.0
2021-11-08 00:00:00-05:00,338.2943902659844,343.2908781506202,337.9541555082028,339.9080505371094,3862200,0.0,0.0
2021-11-09 00:00:00-05:00,340.2288760844632,340.4233044513244,330.1678162442733,335.0282287597656,4247800,0.0,0.0
2021-11-10 00:00:00-05:00,340.326021822995,349.58023471170776,339.742766505317,347.9471435546875,6337100,0.0,0.0
2021-11-11 00:00:00-05:00,348.3749142879808,349.59974767187776,342.72711760872596,344.44769287109375,4472200,0.0,0.0
2021-11-12 00:00:00-05:00,346.1196935524577,353.682494237153,345.99331808060487,353.35198974609375,4724200,0.0,0.0
2021-11-15 00:00:00-05:00,354.94613644458934,360.7688997839601,350.5911971691513,351.2716369628906,4693200,0.0,0.0
2021-11-16 00:00:00-05:00,354.58645423598745,360.7105906003825,351.89379691161054,359.24273681640625,4969000,0.0,0.0
2021-11-17 00:00:00-05:00,349.54138046618004,357.7263274236842,341.41478574571744,349.1428527832031,11727300,0.0,0.0
2021-11-18 00:00:00-05:00,350.65935872417333,352.36050323413366,334.96020137119797,338.49859619140625,6533700,0.0,0.0
2021-11-19 00:00:00-05:00,336.3405473167537,336.9723950129852,329.66234524225007,330.2358703613281,6954800,0.0,0.0
2021-11-22 00:00:00-05:00,330.3135388317906,331.9466595682637,310.833031774338,312.33001708984375,11378200,0.0,0.0
2021-11-23 00:00:00-05:00,315.88793326907233,320.4858943538225,312.70923404915874,319.8151550292969,7116200,0.0,0.0
2021-11-24 00:00:00-05:00,317.8223916269839,330.85799210816623,315.94624981842935,330.508056640625,6414400,0.0,0.0
2021-11-26 00:00:00-05:00,312.6022753521216,317.744600051495,310.0943155705917,315.1199951171875,6613900,0.0,0.0
2021-11-29 00:00:00-05:00,320.7969167702357,322.5563835105655,309.3652184509039,313.9923400878906,6362200,0.0,0.0
2021-11-30 00:00:00-05:00,309.1221434711796,311.80509986976887,301.452400577645,306.1281433105469,10237600,0.0,0.0
2021-12-01 00:00:00-05:00,311.82459564067574,313.02996834129226,297.45721874541346,297.7294006347656,8008800,0.0,0.0
2021-12-02 00:00:00-05:00,300.94696379832965,313.20493735741314,300.36370846950945,311.2607727050781,6717600,0.0,0.0
2021-12-03 00:00:00-05:00,311.2997030727342,313.6813171616405,305.2339175169826,313.11749267578125,4732900,0.0,0.0
2021-12-06 00:00:00-05:00,315.683746832358,327.3584654845696,313.0105203387815,324.0242004394531,6055000,0.0,0.0
2021-12-07 00:00:00-05:00,327.88338428321106,332.86047113022914,327.88338428321106,330.0317077636719,4939500,0.0,0.0
2021-12-08 00:00:00-05:00,329.75949206976696,334.4254752825973,324.7727050825158,332.78265380859375,4226900,0.0,0.0
2021-12-09 00:00:00-05:00,330.5566153433542,336.85572011007014,329.54567098490446,334.9018249511719,3389600,0.0,0.0
2021-12-10 00:00:00-05:00,337.3126290807077,340.4718972205126,335.2031969929569,340.151123046875,3405900,0.0,0.0
2021-12-13 00:00:00-05:00,339.44148458492293,339.77198906924417,330.82881836011677,335.6697998046875,4358300,0.0,0.0
2021-12-14 00:00:00-05:00,335.6795467510178,338.48884983971396,328.42778970995323,331.0426940917969,4518500,0.0,0.0
2021-12-15 00:00:00-05:00,330.50808616680104,336.91410698292594,326.16287572968974,336.6808166503906,4918700,0.0,0.0
2021-12-16 00:00:00-05:00,341.8814105158822,343.89359864731983,335.4850913637232,343.0673522949219,5369900,0.0,0.0
2021-12-17 00:00:00-05:00,339.4414603256322,342.94096294717014,334.5129953696997,339.55810546875,5898200,0.0,0.0
2021-12-20 00:00:00-05:00,331.71342594773006,333.939503200176,326.8433127492294,327.6112365722656,5013900,0.0,0.0
2021-12-21 00:00:00-05:00,330.8287699096718,342.1729838768619,329.8955791691026,340.9481506347656,3105100,0.0,0.0
2021-12-22 00:00:00-05:00,336.9043085188062,348.60818903858234,336.9043085188062,347.5000305175781,3456400,0.0,0.0
2021-12-23 00:00:00-05:00,347.55837937958336,352.3507389024267,345.0892815656742,350.51348876953125,2627000,0.0,0.0
2021-12-27 00:00:00-05:00,349.9496944007261,350.9995304310629,345.67253740228233,350.25103759765625,2677100,0.0,0.0
2021-12-28 00:00:00-05:00,348.773511965087,353.97415962337925,348.40411584371816,350.70794677734375,1920100,0.0,0.0
2021-12-29 00:00:00-05:00,351.6800157796926,353.0117640965047,350.1344081201046,351.2037048339844,1535200,0.0,0.0
2021-12-30 00:00:00-05:00,351.89379994116115,354.4698121567821,349.08446779606646,350.9119873046875,1558000,0.0,0.0
2021-12-31 00:00:00-05:00,347.95697839169094,353.23537978775255,346.8196286972965,349.2887268066406,1984000,0.0,0.0
2022-01-03 00:00:00-05:00,349.74558011502205,361.9257729714853,349.22064724494436,360.5940246582031,4708200,0.0,0.0
2022-01-04 00:00:00-05:00,361.6049906988638,371.7243739517316,361.274486180387,364.91009521484375,6854500,0.0,0.0
2022-01-05 00:00:00-05:00,363.5588535870398,371.821554804927,362.11046016066206,363.4616394042969,5976600,0.0,0.0
2022-01-06 00:00:00-05:00,358.86738987454794,364.25005882351434,356.7357333209064,360.1424865722656,4781100,0.49,0.0
2022-01-07 00:00:00-05:00,356.62872186163156,361.8848501521683,354.40943666977984,359.8018493652344,4551200,0.0,0.0
2022-01-10 00:00:00-05:00,361.0281967354186,361.0281967354186,339.4780377068076,354.2146911621094,6009300,0.0,0.0
2022-01-11 00:00:00-05:00,353.8448031553145,358.2541133408193,346.6030178605808,356.5312805175781,4131200,0.0,0.0
2022-01-12 00:00:00-05:00,359.1106871096967,362.20595828454026,357.29051248243695,357.52410888671875,5783100,0.0,0.0
2022-01-13 00:00:00-05:00,358.78950304509925,367.61786784744754,358.0789706666406,359.6752624511719,3892900,0.0,0.0
2022-01-14 00:00:00-05:00,354.61382698107724,364.79514429965553,354.4483430355486,362.2254943847656,4029900,0.0,0.0
2022-01-18 00:00:00-05:00,360.9115058222934,362.22554537152814,355.47043689013316,356.5411071777344,4933900,0.0,0.0
2022-01-19 00:00:00-05:00,352.7546801292387,359.46110137483674,350.1266016192306,351.11944580078125,4464800,0.0,0.0
2022-01-20 00:00:00-05:00,352.1900465566624,363.1306086406112,352.03433544561267,354.30224609375,5043200,0.0,0.0
2022-01-21 00:00:00-05:00,352.84229442725865,358.3223050217089,344.6758060994435,345.6199645996094,4867100,0.0,0.0
2022-01-24 00:00:00-05:00,333.4432703054148,340.7726551455424,321.78243031309347,340.11077880859375,7472800,0.0,0.0
2022-01-25 00:00:00-05:00,334.17331284321483,337.79420619397496,324.5078739576769,329.73480224609375,6994400,0.0,0.0
2022-01-26 00:00:00-05:00,334.21227757331,345.3182988737505,332.15850590486707,335.4776611328125,7438600,0.0,0.0
2022-01-27 00:00:00-05:00,339.7797508042415,350.0486941135873,325.4227222802787,341.1911315917969,8416100,0.0,0.0
2022-01-28 00:00:00-05:00,349.48421160536884,372.57226677242755,345.912004036598,372.3192138671875,8813400,0.0,0.0
2022-01-31 00:00:00-05:00,368.59122118169626,376.251544322723,366.2649108763283,376.0860900878906,6345200,0.0,0.0
2022-02-01 00:00:00-05:00,375.48257237176904,384.9630693011968,372.2315603826688,381.6147155761719,5841100,0.0,0.0
2022-02-02 00:00:00-05:00,378.9185667737952,389.26536768463586,372.55279675623717,386.1798095703125,6115000,0.0,0.0
2022-02-03 00:00:00-05:00,378.1885283301552,382.47129761974486,376.1931265932297,379.6777648925781,4209200,0.0,0.0
2022-02-04 00:00:00-05:00,377.24432210210176,377.80885660463775,366.3816445558293,372.01739501953125,6045400,0.0,0.0
2022-02-07 00:00:00-05:00,372.017451761056,372.2121055447637,363.36428459726557,366.1091613769531,4767500,0.0,0.0
2022-02-08 00:00:00-05:00,367.48158451510557,369.6521538257657,360.6680785729938,364.3960266113281,5825300,0.0,0.0
2022-02-09 00:00:00-05:00,375.32681784660986,378.1008938443908,370.4600282731438,371.2095031738281,5492800,0.0,0.0
2022-02-10 00:00:00-05:00,361.81661803205117,369.87602066251645,360.6875192465381,364.4154968261719,3995000,0.0,0.0
2022-02-11 00:00:00-05:00,367.79304180373373,370.752058458556,357.8453515010674,359.9185791015625,4345600,0.0,0.0
2022-02-14 00:00:00-05:00,358.993891902719,367.2382350572595,356.98877687049793,364.1916198730469,3678400,0.0,0.0
2022-02-15 00:00:00-05:00,364.60049717359755,372.86432839293866,363.4519416402707,371.3750915527344,5800400,0.0,0.0
2022-02-16 00:00:00-05:00,369.83709190308855,374.7428244679367,366.7418206378687,372.72796630859375,3424800,0.0,0.0
2022-02-17 00:00:00-05:00,368.5134374966863,371.1317735520906,362.2547511104458,363.7439880371094,3972500,0.0,0.0
2022-02-18 00:00:00-05:00,364.53232122573337,364.8243167496413,359.1691090352321,360.09381103515625,4083800,0.0,0.0
2022-02-22 00:00:00-05:00,355.2756711957042,364.3473749153226,354.10762970996154,358.47802734375,3897900,0.0,0.0
2022-02-23 00:00:00-05:00,362.0600275441555,363.60766341802326,350.53547076228784,351.6061706542969,3802500,0.0,0.0
2022-02-24 00:00:00-05:00,336.7234863835919,360.66810036802525,332.21683385682104,359.53900146484375,7425000,0.0,0.0
2022-02-25 00:00:00-05:00,357.43659981889635,362.6635286064108,352.06367324211465,359.25677490234375,3817900,0.0,0.0
2022-02-28 00:00:00-05:00,352.54061882178655,355.62614776865956,346.1845907839026,351.2071228027344,4952400,0.0,0.0
2022-03-01 00:00:00-05:00,348.31619132615117,351.94679791672394,332.1292418676651,335.3023986816406,5894200,0.0,0.0
2022-03-02 00:00:00-05:00,333.8228302689639,339.04004426565086,329.6666025652201,334.9227294921875,4997900,0.0,0.0
2022-03-03 00:00:00-05:00,338.3684458422252,340.1886205470772,331.6230820402928,331.90533447265625,3975900,0.0,0.0
2022-03-04 00:00:00-05:00,327.924309258907,329.80288309846236,315.3679968083685,321.9479064941406,4670900,0.0,0.0
2022-03-07 00:00:00-05:00,320.7993729427303,321.0135129285414,303.79480450640796,304.583251953125,6874300,0.0,0.0
2022-03-08 00:00:00-05:00,303.09395182689326,316.07854355175135,297.4679142571177,305.9555969238281,5048200,0.0,0.0
2022-03-09 00:00:00-05:00,314.54066642048986,320.6728403189535,312.5550075644084,319.38800048828125,4015900,0.0,0.0
2022-03-10 00:00:00-05:00,313.3629285927198,317.4315585748461,311.2312718446921,315.94232177734375,3771300,0.0,0.0
2022-03-11 00:00:00-05:00,321.2372874426661,322.1522461906094,315.39714039001916,316.13690185546875,2987700,0.0,0.0
2022-03-14 00:00:00-04:00,320.3321459968927,327.9048705748481,318.541170717003,319.8357238769531,4122700,0.0,0.0
2022-03-15 00:00:00-04:00,323.56370043881344,329.36490617821465,322.38591579507977,326.074951171875,3738900,0.0,0.0
2022-03-16 00:00:00-04:00,332.8787345883427,341.5903016607737,327.7102053376459,335.4970703125,4340800,0.0,0.0
2022-03-17 00:00:00-04:00,332.49918521502866,337.63851560344955,330.6984665058043,337.2102355957031,3244200,0.0,0.0
2022-03-18 00:00:00-04:00,337.4632406623579,343.34230177245587,333.3653819714735,340.7629089355469,6790800,0.0,0.0
2022-03-21 00:00:00-04:00,336.8013267742971,340.6753023344738,333.3653741989334,336.373046875,6053800,0.0,0.0
2022-03-22 00:00:00-04:00,337.54106958565643,344.50057300524736,336.3049156795897,340.2178039550781,4669900,0.0,0.0
2022-03-23 00:00:00-04:00,334.25112708373797,337.4924258177848,332.64509234470574,333.0636291503906,2527800,0.0,0.0
2022-03-24 00:00:00-04:00,333.131785116245,340.1399748003563,331.62309205450634,340.0426330566406,2482700,0.0,0.0
2022-03-25 00:00:00-04:00,341.0744175727265,342.17431698550484,336.4412234815653,339.721435546875,2173800,0.0,0.0
2022-03-28 00:00:00-04:00,339.2250222761801,341.22039438960485,334.3776885111933,341.1522521972656,3134600,0.0,0.0
2022-03-29 00:00:00-04:00,349.1630424478155,360.8822830821178,347.5862069718372,357.7577819824219,5512400,0.0,0.0
2022-03-30 00:00:00-04:00,354.31209626959617,358.468324719073,350.0390398947354,352.5892333984375,2614200,0.0,0.0
2022-03-31 00:00:00-04:00,350.00010419954907,354.41915843818134,347.83924795730917,347.8587341308594,4095700,0.0,0.0
2022-04-01 00:00:00-04:00,349.6497116841337,358.0887398145366,348.62769752056874,354.2731628417969,3806800,0.0,0.0
2022-04-04 00:00:00-04:00,354.54569053058464,359.9089032064495,353.4749906718096,357.13482666015625,3027200,0.0,0.0
2022-04-05 00:00:00-04:00,353.63069880891106,357.835612571783,352.2874599926162,353.64044189453125,2215900,0.0,0.0
2022-04-06 00:00:00-04:00,346.9729251986753,347.5764024020382,340.26647436398093,344.1307067871094,3864500,0.0,0.0
2022-04-07 00:00:00-04:00,342.29831418899477,343.97481493086144,337.0641313934121,340.70953369140625,2848500,0.49,0.0
2022-04-08 00:00:00-04:00,338.5164430950892,346.889220058554,336.9081791025795,343.3607482910156,2235100,0.0,0.0
2022-04-11 00:00:00-04:00,341.7719731837341,342.61020863386466,337.0738687314799,338.58465576171875,1809200,0.0,0.0
2022-04-12 00:00:00-04:00,341.1481722900028,345.5148796037884,335.76778896693116,337.05438232421875,4038500,0.0,0.0
2022-04-13 00:00:00-04:00,335.69953420599654,347.9711170907711,334.1984739995377,346.1581726074219,3048500,0.0,0.0
2022-04-14 00:00:00-04:00,348.1465576966698,353.77064773205615,347.84440028267164,348.7703857421875,3358900,0.0,0.0
2022-04-18 00:00:00-04:00,345.03719342206244,351.6359917014388,344.28667827877473,347.776123046875,1871400,0.0,0.0
2022-04-19 00:00:00-04:00,347.7859152511413,355.44714344441434,347.064640111151,354.6673583984375,2999300,0.0,0.0
2022-04-20 00:00:00-04:00,357.3867991837619,362.4845378720051,354.6673527930837,356.05145263671875,3377300,0.0,0.0
2022-04-21 00:00:00-04:00,360.1355032679086,365.7303235838742,354.2677358674968,355.22296142578125,3605300,0.0,0.0
2022-04-22 00:00:00-04:00,351.38257327894775,352.94211353391404,341.74268757316565,342.29827880859375,2968800,0.0,0.0
2022-04-25 00:00:00-04:00,340.4463165201845,346.080132658469,338.3701818458319,345.63177490234375,3380400,0.0,0.0
2022-04-26 00:00:00-04:00,339.1402566730161,341.20663502314443,334.8905099046554,335.4071044921875,3116400,0.0,0.0
2022-04-27 00:00:00-04:00,347.97114001218443,364.28776042016284,346.99643093652,352.4255676269531,5702300,0.0,0.0
2022-04-28 00:00:00-04:00,359.79430384545293,372.30956265037224,359.4629063863377,369.24896240234375,6843300,0.0,0.0
2022-04-29 00:00:00-04:00,362.6404686044769,367.5822503332964,352.6009778843722,354.18975830078125,4741800,0.0,0.0
2022-05-02 00:00:00-04:00,353.8193113604623,355.70049229565694,341.723171003139,349.95947265625,3903800,0.0,0.0
2022-05-03 00:00:00-04:00,352.44500145223253,354.24821893735043,344.5011295537468,348.7411193847656,2686900,0.0,0.0
2022-05-04 00:00:00-04:00,350.281126696567,359.90149861718515,344.71554730071256,359.19970703125,3346600,0.0,0.0
2022-05-05 00:00:00-04:00,352.9420490197245,358.4686310481304,340.20259834875753,344.4328308105469,3424800,0.0,0.0
2022-05-06 00:00:00-04:00,337.4929504147373,342.3762514325205,332.16129164001586,338.3409423828125,3635200,0.0,0.0
2022-05-09 00:00:00-04:00,332.3757989708563,333.73065888099006,316.67324984289627,319.69482421875,5777400,0.0,0.0
2022-05-10 00:00:00-04:00,323.90552998573656,325.2408764928252,314.87971555690945,317.10205078125,5003500,0.0,0.0
2022-05-11 00:00:00-04:00,317.2482359633569,322.62861791620765,310.49348126546926,317.62835693359375,4263900,0.0,0.0
2022-05-12 00:00:00-04:00,313.6321341802971,317.3457734453707,304.8597523423416,313.11553955078125,3891500,0.0,0.0
2022-05-13 00:00:00-04:00,319.38285584006866,326.75165222503335,317.84279922899367,324.3830871582031,3536000,0.0,0.0
2022-05-16 00:00:00-04:00,320.23087161260196,325.11414299397387,316.8096338413089,321.3907775878906,2062300,0.0,0.0
2022-05-17 00:00:00-04:00,331.5082421277027,332.551187828779,324.1199614768835,330.28985595703125,2802300,0.0,0.0
2022-05-18 00:00:00-04:00,325.1823586368109,332.96054589315423,325.123878486036,327.4046936035156,4521400,0.0,0.0
2022-05-19 00:00:00-04:00,321.6539549897416,327.70688926846395,316.22481897411495,323.81781005859375,4380700,0.0,0.0
2022-05-20 00:00:00-04:00,327.2098320444808,331.0209181612471,319.4024032247629,327.67767333984375,3428700,0.0,0.0
2022-05-23 00:00:00-04:00,330.45559998886654,342.4152690328124,330.38736321804504,339.61785888671875,3420800,0.0,0.0
2022-05-24 00:00:00-04:00,335.1926274583229,335.29983114962477,327.4826771900142,332.07354736328125,2561500,0.0,0.0
2022-05-25 00:00:00-04:00,331.9664039061089,338.9453244574511,330.6310572317524,336.04071044921875,3033400,0.0,0.0
2022-05-26 00:00:00-04:00,339.1986491988449,344.3158701996895,337.2589882809745,341.0408630371094,2817400,0.0,0.0
2022-05-27 00:00:00-04:00,344.4523970987957,348.7411103675389,343.20474113402855,348.7313537597656,2658700,0.0,0.0
2022-05-31 00:00:00-04:00,344.1599239240792,351.8406339671779,342.2592596264327,348.81903076171875,3873800,0.0,0.0
2022-06-01 00:00:00-04:00,349.1407540021163,355.2229282655173,345.8754731058747,348.0295715332031,2190000,0.0,0.0
2022-06-02 00:00:00-04:00,351.37281576804867,355.8174861485405,348.711879402873,353.8973083496094,2484200,0.0,0.0
2022-06-03 00:00:00-04:00,350.3884062712708,351.82122970845097,346.7722144205371,348.7703857421875,2076600,0.0,0.0
2022-06-06 00:00:00-04:00,352.84462152069625,358.99503229516733,349.4623804505434,351.03167724609375,2196100,0.0,0.0
2022-06-07 00:00:00-04:00,347.9028248599943,355.26189457081546,347.3179935971984,354.8135070800781,2158800,0.0,0.0
2022-06-08 00:00:00-04:00,355.7687148530481,357.8350927662989,351.85039615409625,353.1662292480469,1709600,0.0,0.0
2022-06-09 00:00:00-04:00,350.6613094590412,353.04932859416965,340.114951237796,340.1734313964844,2250600,0.0,0.0
2022-06-10 00:00:00-04:00,332.69735401385566,335.601997054568,326.1375825826866,326.2837829589844,3300500,0.0,0.0
2022-06-13 00:00:00-04:00,313.8562942148887,322.5311982611176,309.8794946309825,311.6534423828125,4825100,0.0,0.0
2022-06-14 00:00:00-04:00,312.0043223474744,315.80568107796563,311.575448055239,313.99273681640625,2788400,0.0,0.0
2022-06-15 00:00:00-04:00,319.1295157225004,322.2680802706055,311.3513262565631,317.1606140136719,2357800,0.0,0.0
2022-06-16 00:00:00-04:00,308.09573121893766,308.4466418891214,297.3641767604986,300.9706115722656,4528500,0.0,0.0
2022-06-17 00:00:00-04:00,299.235688052578,306.1951251731991,295.9704066800508,302.8323669433594,6235300,0.0,0.0
2022-06-21 00:00:00-04:00,308.0567565766346,312.1310626582564,306.9163637448876,309.37261962890625,3193700,0.0,0.0
2022-06-22 00:00:00-04:00,305.542022931397,310.9711590495491,303.4853715307398,308.15423583984375,2671500,0.0,0.0
2022-06-23 00:00:00-04:00,310.8347021781041,311.8874045829145,305.610276081148,308.74884033203125,2387600,0.0,0.0
2022-06-24 00:00:00-04:00,311.1466104920683,322.4434843168914,311.1466104920683,322.1413269042969,4318900,0.0,0.0
2022-06-27 00:00:00-04:00,323.5741195567949,323.5741195567949,318.84677537202083,320.5135192871094,2810800,0.0,0.0
2022-06-28 00:00:00-04:00,324.28563959498007,328.62307604043554,310.07436819790075,310.2400817871094,3394200,0.0,0.0
2022-06-29 00:00:00-04:00,311.0393378230339,317.8623000138364,310.35705945140637,314.43133544921875,3779500,0.0,0.0
2022-06-30 00:00:00-04:00,307.32571996781127,310.2401199547724,301.85761703750006,307.5011901855469,3411500,0.0,0.0
2022-07-01 00:00:00-04:00,306.15606590951944,310.87365333082226,303.4366197988253,310.19134521484375,2287700,0.0,0.0
2022-07-05 00:00:00-04:00,305.16191355115006,312.20907108983374,301.63347134984133,311.1856384277344,2112100,0.0,0.0
2022-07-06 00:00:00-04:00,310.9321786720865,314.2071867149317,307.73513426303145,312.0726013183594,2219200,0.0,0.0
2022-07-07 00:00:00-04:00,314.6789926611298,317.1292415409828,311.91632192998725,316.3580627441406,2202100,0.49,0.0
2022-07-08 00:00:00-04:00,315.0987347235099,317.2463927736786,311.75036631054456,315.3720703125,1662100,0.0,0.0
2022-07-11 00:00:00-04:00,311.7796861728549,318.4569104168507,311.5551487815426,316.4752197265625,2073800,0.0,0.0
2022-07-12 00:00:00-04:00,312.5899479435913,319.56979329364685,312.5899479435913,315.1768798828125,2761500,0.0,0.0
2022-07-13 00:00:00-04:00,308.431304618216,317.1975872085385,306.3422162041692,315.6747131347656,2442600,0.0,0.0
2022-07-14 00:00:00-04:00,308.63628241903973,319.7845017695382,307.8846169840369,317.2951965332031,2743900,0.0,0.0
2022-07-15 00:00:00-04:00,325.69065672895664,327.5844931943529,321.912755362749,324.6558837890625,3387400,0.0,0.0
2022-07-18 00:00:00-04:00,327.51607610024064,329.47825348134546,321.9419658292031,323.1329345703125,2468500,0.0,0.0
2022-07-19 00:00:00-04:00,323.88464659472316,333.8712145167126,323.88464659472316,332.2799987792969,2689800,0.0,0.0
2022-07-20 00:00:00-04:00,332.28002892707497,335.14029697190296,328.2873616670406,333.1488342285156,2563600,0.0,0.0
2022-07-21 00:00:00-04:00,333.7344342881775,338.9668965966937,331.96750966797737,338.6642761230469,2230800,0.0,0.0
2022-07-22 00:00:00-04:00,340.57770069482507,342.73510094073066,332.299488693078,335.6966857910156,2253000,0.0,0.0
2022-07-25 00:00:00-04:00,336.2530772482373,337.3171347596788,332.01633074287145,336.0187683105469,2180100,0.0,0.0
2022-07-26 00:00:00-04:00,334.4958708019712,336.42876299770074,331.2255855874736,333.1584777832031,2254200,0.0,0.0
2022-07-27 00:00:00-04:00,334.84737327028955,340.616736104999,323.3574458303527,335.1011657714844,4580300,0.0,0.0
2022-07-28 00:00:00-04:00,339.71856880053326,344.8534049771279,332.5141874886654,344.06268310546875,3635500,0.0,0.0
2022-07-29 00:00:00-04:00,345.70272449011054,348.30916945002997,341.6319454449823,345.3708190917969,3176800,0.0,0.0
2022-08-01 00:00:00-04:00,339.53310616634127,346.3958109150112,337.43427602621847,342.1981506347656,2289400,0.0,0.0
2022-08-02 00:00:00-04:00,338.8204652223254,342.7936178914522,335.7942602815617,340.7045593261719,2878800,0.0,0.0
2022-08-03 00:00:00-04:00,341.6710358000064,347.9968417019897,340.2457878208187,345.7027587890625,2921200,0.0,0.0
2022-08-04 00:00:00-04:00,346.22997077166747,350.07618362412825,341.3294120839451,347.5966491699219,2339500,0.0,0.0
2022-08-05 00:00:00-04:00,342.0614710955446,349.3146510874874,342.0614710955446,349.0022888183594,1848700,0.0,0.0
2022-08-08 00:00:00-04:00,350.4567949142685,350.4567949142685,341.563601967125,343.7795715332031,2477600,0.0,0.0
2022-08-09 00:00:00-04:00,342.06149441912703,342.7643617074469,337.13168162988495,338.2933654785156,2467400,0.0,0.0
2022-08-10 00:00:00-04:00,345.90775808532953,346.1127523682044,342.69604196065507,344.9706115722656,2443700,0.0,0.0
2022-08-11 00:00:00-04:00,347.3818216880808,347.3818216880808,342.01270552533254,342.2372131347656,2609400,0.0,0.0
2022-08-12 00:00:00-04:00,346.29817197671906,346.99129741496387,341.92480249617495,345.83935546875,2514200,0.0,0.0
2022-08-15 00:00:00-04:00,343.94558555264393,353.3366833191755,342.4715392993163,351.38427734375,2526300,0.0,0.0
2022-08-16 00:00:00-04:00,345.83936588063307,351.4330188217641,344.6972252526162,350.70086669921875,2448700,0.0,0.0
2022-08-17 00:00:00-04:00,345.0876770404793,348.4653302620149,343.3793222036453,346.8741149902344,2439900,0.0,0.0
2022-08-18 00:00:00-04:00,345.88819975704473,350.96443668455396,345.1560476220951,348.8558349609375,1934900,0.0,0.0
2022-08-19 00:00:00-04:00,348.14323431422616,348.2798872245332,345.1462843532348,345.8491516113281,1740700,0.0,0.0
2022-08-22 00:00:00-04:00,341.67098287249445,342.64718568070157,336.0871016178959,337.287841796875,2312400,0.0,0.0
2022-08-23 00:00:00-04:00,334.53495471486883,336.9949751548139,331.2939541255667,332.7778015136719,2240700,0.0,0.0
2022-08-24 00:00:00-04:00,332.08464045338627,334.14444372324624,330.2982025500127,331.6258239746094,2218400,0.0,0.0
2022-08-25 00:00:00-04:00,331.90901446563424,336.9169405387466,329.2927976191823,336.4678955078125,2228500,0.0,0.0
2022-08-26 00:00:00-04:00,336.8388266991001,337.41481267431567,323.80654073499534,324.0603332519531,1925000,0.0,0.0
2022-08-29 00:00:00-04:00,322.1372667291871,324.8901667518057,319.97009455264674,321.51251220703125,2308200,0.0,0.0
2022-08-30 00:00:00-04:00,323.1231841058725,325.04630515459166,317.8224091117033,320.00909423828125,2618900,0.0,0.0
2022-08-31 00:00:00-04:00,320.4776685388728,323.298879517779,316.56308525258385,316.65093994140625,3129000,0.0,0.0
2022-09-01 00:00:00-04:00,316.10427513308565,317.8614285280849,311.6137356008822,317.510009765625,2493200,0.0,0.0
2022-09-02 00:00:00-04:00,321.5710607901237,321.824883124656,312.9023726560603,314.8840637207031,1936800,0.0,0.0
2022-09-06 00:00:00-04:00,314.82550160540285,319.20864401700123,312.9316651969333,316.3678894042969,2043400,0.0,0.0
2022-09-07 00:00:00-04:00,316.3678049118702,321.36598850319825,314.386114328096,320.7997741699219,1998300,0.0,0.0
2022-09-08 00:00:00-04:00,316.8070990476827,322.43003680751355,315.782098006247,322.21527099609375,2114000,0.0,0.0
2022-09-09 00:00:00-04:00,322.6740923967174,328.9998676809466,322.2933589924315,327.85772705078125,1815700,0.0,0.0
2022-09-12 00:00:00-04:00,330.044474504766,331.4014109985006,327.9456439760908,330.36663818359375,2097800,0.0,0.0
2022-09-13 00:00:00-04:00,322.1470096918441,324.8803663423852,316.8559760002251,317.6955261230469,2316900,0.0,0.0
2022-09-14 00:00:00-04:00,319.2573562652805,320.66309061107006,315.65516572811276,318.0956726074219,2657900,0.0,0.0
2022-09-15 00:00:00-04:00,315.8895280789864,318.18361110820075,307.6699154271013,309.41729736328125,2486800,0.0,0.0
2022-09-16 00:00:00-04:00,305.40505710980824,308.11889974810896,301.7540383178694,307.63079833984375,3650900,0.0,0.0
2022-09-19 00:00:00-04:00,304.526517837016,307.9432281134118,302.86696092908403,306.5570068359375,2369700,0.0,0.0
2022-09-20 00:00:00-04:00,303.75528971318886,306.88889259575257,302.0762195790046,305.8150634765625,2769600,0.0,0.0
2022-09-21 00:00:00-04:00,306.9962998835985,307.48440133545347,296.98044855830267,297.2537841796875,2366300,0.0,0.0
2022-09-22 00:00:00-04:00,295.7407162828581,295.86759765048964,289.53204959554796,291.2599182128906,3176500,0.0,0.0
2022-09-23 00:00:00-04:00,286.15435450922035,287.5600890374105,283.33311389082496,286.5936279296875,3245900,0.0,0.0
2022-09-26 00:00:00-04:00,283.14766799632594,288.3117902035794,282.23980635701054,283.20623779296875,3635600,0.0,0.0
2022-09-27 00:00:00-04:00,288.43862009552856,290.8107855652848,278.0225239206834,279.6625671386719,4073300,0.0,0.0
2022-09-28 00:00:00-04:00,278.3252404974302,286.0079836143228,274.98664271106145,283.27459716796875,5611400,0.0,0.0
2022-09-29 00:00:00-04:00,281.48815725829263,285.1196338195881,278.07144656104947,279.94573974609375,3439700,0.0,0.0
2022-09-30 00:00:00-04:00,280.0335988970872,283.8408147104672,277.5735778808594,277.5735778808594,3804200,0.0,0.0
2022-10-03 00:00:00-04:00,281.00008580321236,285.7834753330086,278.1398176919057,283.5675048828125,5285200,0.0,0.0
2022-10-04 00:00:00-04:00,289.14151917699166,296.73637601786714,288.9365249238602,294.1006164550781,3949200,0.0,0.0
2022-10-05 00:00:00-04:00,290.8889542007552,299.30381852858204,290.17631535070234,296.9609375,2845200,0.0,0.0
2022-10-06 00:00:00-04:00,295.8560067577205,298.2711192247487,292.2186719863138,292.5804748535156,2494400,0.49,0.0
2022-10-07 00:00:00-04:00,290.0676082441658,290.58582936054546,286.4791500628621,288.4151611328125,2210800,0.0,0.0
2022-10-10 00:00:00-04:00,290.4392036942087,290.64452873205204,283.10586823419055,285.29608154296875,1783500,0.0,0.0
2022-10-11 00:00:00-04:00,283.3893586832752,283.9369417654398,278.0996064459228,279.693359375,3554900,0.0,0.0
2022-10-12 00:00:00-04:00,280.1724843430931,281.10135543291443,276.9164672664404,277.08270263671875,2646800,0.0,0.0
2022-10-13 00:00:00-04:00,271.11825365270863,288.8649164869757,270.7173611348506,287.4275817871094,3322800,0.0,0.0
2022-10-14 00:00:00-04:00,289.2853078902314,291.98398400177155,281.44354115608024,282.274658203125,3106300,0.0,0.0
2022-10-17 00:00:00-04:00,288.8551113386559,292.09155325139096,284.86576147343857,288.4835510253906,3417600,0.0,0.0
2022-10-18 00:00:00-04:00,296.432903387164,296.951124418203,289.9599894032789,293.70489501953125,3096000,0.0,0.0
2022-10-19 00:00:00-04:00,288.894190314639,292.9813237704916,288.2390959670049,291.1430969238281,1914300,0.0,0.0
2022-10-20 00:00:00-04:00,291.13334900859587,296.002693346293,289.04089012857213,289.6960144042969,2463800,0.0,0.0
2022-10-21 00:00:00-04:00,287.96537590892893,295.98313670262445,286.9778106914976,295.65069580078125,3599600,0.0,0.0
2022-10-24 00:00:00-04:00,297.75294302078424,300.1778431801952,293.8222862398979,298.8089599609375,3184100,0.0,0.0
2022-10-25 00:00:00-04:00,299.11205887457066,305.1645068250231,299.063152072995,304.4898376464844,3012400,0.0,0.0
2022-10-26 00:00:00-04:00,305.35023322863196,317.24001469037864,305.35023322863196,312.4097900390625,5278000,0.0,0.0
2022-10-27 00:00:00-04:00,309.15383507019817,315.90049717555945,307.0809505234499,312.27294921875,4725800,0.0,0.0
2022-10-28 00:00:00-04:00,312.21427110099387,324.42670800212267,310.75739152149487,322.14849853515625,3644400,0.0,0.0
2022-10-31 00:00:00-04:00,321.5716330486602,322.11918634088426,316.58495928644703,320.8871765136719,3157900,0.0,0.0
2022-11-01 00:00:00-04:00,324.8373818604954,326.22583963659883,319.82137635528403,325.78582763671875,3660400,0.0,0.0
2022-11-02 00:00:00-04:00,324.05508699386104,325.5999625758431,312.52707996384476,312.7128601074219,3074900,0.0,0.0
2022-11-03 00:00:00-04:00,308.1173824741694,309.73071012192486,301.74228098971474,302.29962158203125,2860900,0.0,0.0
2022-11-04 00:00:00-04:00,306.86580294336267,315.94936770487544,306.27913025385624,311.2951354980469,3414000,0.0,0.0
2022-11-07 00:00:00-05:00,315.2845303638294,318.56006281648274,310.64984231880356,317.90496826171875,2742100,0.0,0.0
2022-11-08 00:00:00-05:00,318.98045246996105,322.07999128904925,315.098673531667,318.5111083984375,2387500,0.0,0.0
2022-11-09 00:00:00-05:00,315.1182535730787,316.4969239628593,308.1466925232164,308.6258239746094,3001200,0.0,0.0
2022-11-10 00:00:00-05:00,323.8204226326825,329.9022013288845,321.8453223531165,329.77508544921875,3255000,0.0,0.0
2022-11-11 00:00:00-05:00,331.4667107099346,335.0160492891879,328.88536271069086,331.7502746582031,3734700,0.0,0.0
2022-11-14 00:00:00-05:00,329.25683963842124,336.85419115288664,328.55283852973344,331.8283996582031,2348900,0.0,0.0
2022-11-15 00:00:00-05:00,338.888007367255,343.4151233989229,331.9457789528779,335.87646484375,2983600,0.0,0.0
2022-11-16 00:00:00-05:00,335.5342936989325,337.4605175045061,332.54229548064893,335.1431884765625,2579600,0.0,0.0
2022-11-17 00:00:00-05:00,331.4667643470046,334.3218894288362,329.51120821516383,333.6863098144531,2004500,0.0,0.0
2022-11-18 00:00:00-05:00,337.97868320645233,340.88268451137634,333.7448885562695,336.0524597167969,2737700,0.0,0.0
2022-11-21 00:00:00-05:00,335.3778128500612,336.60003520009786,330.11736308119737,330.7333679199219,1965100,0.0,0.0
2022-11-22 00:00:00-05:00,332.27821510563035,337.6462354935661,330.05867025209847,337.2942199707031,2510700,0.0,0.0
2022-11-23 00:00:00-05:00,336.9715576483883,343.0044297792008,336.5022135766023,340.8924560546875,1937300,0.0,0.0
2022-11-25 00:00:00-05:00,341.2054637543772,343.5912448896596,340.3450141856627,343.48370361328125,944400,0.0,0.0
2022-11-28 00:00:00-05:00,338.9759553130532,342.4470839435475,335.60264025680016,336.9324035644531,2226200,0.0,0.0
2022-11-29 00:00:00-05:00,336.01337762596415,337.0596071661386,333.1778276141521,335.50494384765625,1724200,0.0,0.0
2022-11-30 00:00:00-05:00,335.2311627459492,348.48004150390625,333.8916117822185,348.48004150390625,4252300,0.0,0.0
2022-12-01 00:00:00-05:00,350.0347035472353,353.54492265432964,346.1822562046431,352.7822570800781,3374700,0.0,0.0
2022-12-02 00:00:00-05:00,349.5067297696227,354.2391713261594,348.1476041366213,352.0587158203125,2015500,0.0,0.0
2022-12-05 00:00:00-05:00,348.0889444846434,350.9244945252028,346.5734006227935,348.17694091796875,2202500,0.0,0.0
2022-12-06 00:00:00-05:00,345.95739089710844,347.11116168152006,336.6978327989573,339.8071594238281,2353300,0.0,0.0
2022-12-07 00:00:00-05:00,339.17160705074775,340.12005281941697,333.88182496357337,339.6996154785156,2454300,0.0,0.0
2022-12-08 00:00:00-05:00,342.2222891372043,344.3440804591978,339.50406757706253,343.3663024902344,1998600,0.0,0.0
2022-12-09 00:00:00-05:00,340.65780974051273,344.9306943308613,339.64091238336243,341.0782470703125,2301100,0.0,0.0
2022-12-12 00:00:00-05:00,342.52540390764545,350.4747437085762,341.3423008995558,350.21075439453125,2427100,0.0,0.0
2022-12-13 00:00:00-05:00,361.0346788529397,361.05425350689586,347.8346780582778,349.2133483886719,3072200,0.0,0.0
2022-12-14 00:00:00-05:00,349.06666192626,354.0533344930884,345.90842900473984,349.5653381347656,2587200,0.0,0.0
2022-12-15 00:00:00-05:00,343.6107279766176,345.9378143489253,334.9476001342819,338.55560302734375,2774900,0.0,0.0
2022-12-16 00:00:00-05:00,337.10849454857424,340.5013852434385,335.7493987086465,338.15472412109375,5947100,0.0,0.0
2022-12-19 00:00:00-05:00,337.6852867535613,338.1644181097027,331.99464330843574,333.6764221191406,2457300,0.0,0.0
2022-12-20 00:00:00-05:00,333.78404315381766,336.717376908349,333.05070971518484,335.3289489746094,1895900,0.0,0.0
2022-12-21 00:00:00-05:00,336.00350246379486,339.87549333189617,334.761705837945,338.0079345703125,2087000,0.0,0.0
2022-12-22 00:00:00-05:00,336.54137467829565,337.9200450852855,328.9538086957973,333.9306945800781,2276100,0.0,0.0
2022-12-23 00:00:00-05:00,331.48629846677295,336.88365231367123,330.18586681041694,335.96453857421875,1914500,0.0,0.0
2022-12-27 00:00:00-05:00,336.45340064728407,339.20095431665254,334.214280772876,338.4676208496094,1637700,0.0,0.0
2022-12-28 00:00:00-05:00,338.8488893243675,341.7431331366325,334.18489989627454,334.35113525390625,1854100,0.0,0.0
2022-12-29 00:00:00-05:00,336.7271695421511,341.9485001267628,335.90583965866983,340.4720458984375,1459800,0.0,0.0
2022-12-30 00:00:00-05:00,337.6559949525121,340.1688910630059,335.98400326752744,340.002685546875,1617600,0.0,0.0
2023-01-03 00:00:00-05:00,342.1831965117249,346.778765262196,336.2969834189116,339.0934143066406,2933600,0.0,0.0
2023-01-04 00:00:00-05:00,343.5814181100553,349.0471934278999,341.9191836112162,347.2578430175781,2661000,0.0,0.0
2023-01-05 00:00:00-05:00,348.2062819840555,349.61428463216583,343.46405291503225,343.95294189453125,2608500,0.0,0.0
2023-01-06 00:00:00-05:00,349.936833986967,361.1113899316086,347.9879076008029,360.08306884765625,4432800,0.57,0.0
2023-01-09 00:00:00-05:00,363.96135629771237,367.2618109904248,361.934063927963,363.3149719238281,3913500,0.0,0.0
2023-01-10 00:00:00-05:00,361.1994812317576,364.01025305011404,359.6324917835779,363.3540954589844,3485900,0.0,0.0
2023-01-11 00:00:00-05:00,364.9308524028467,370.1215029990668,363.59893082025695,370.0627136230469,3370200,0.0,0.0
2023-01-12 00:00:00-05:00,370.0627609062264,373.2653028605584,369.14218551112987,371.9725341796875,3291200,0.0,0.0
2023-01-13 00:00:00-05:00,367.320557691716,370.0725703751634,366.58603409532594,367.77105712890625,4261000,0.0,0.0
2023-01-17 00:00:00-05:00,367.2618103027344,370.5230820275719,366.2628689383343,367.2618103027344,2814500,0.0,0.0
2023-01-18 00:00:00-05:00,366.78183429550455,368.054996280054,360.8958436717843,361.30718994140625,2747100,0.0,0.0
2023-01-19 00:00:00-05:00,357.07639842396577,363.1484420194228,356.0970336613591,360.34747314453125,3111200,0.0,0.0
2023-01-20 00:00:00-05:00,362.5902959069283,368.84842239072225,361.77740626188717,368.51544189453125,3863400,0.0,0.0
2023-01-23 00:00:00-05:00,368.96592420024336,373.51019169889236,368.59376075483823,370.7581787109375,2743900,0.0,0.0
2023-01-24 00:00:00-05:00,381.95227128320147,381.95227128320147,367.47726076187996,372.1684265136719,2756200,0.0,0.0
2023-01-25 00:00:00-05:00,367.3597506926383,374.6658038958217,367.3597506926383,374.49932861328125,3501900,0.0,0.0
2023-01-26 00:00:00-05:00,375.49826035357387,376.18379777867625,365.30306923164045,369.45556640625,3718400,0.0,0.0
2023-01-27 00:00:00-05:00,368.4271681652891,372.6678036969631,365.67515605346983,366.3117370605469,3405600,0.0,0.0
2023-01-30 00:00:00-05:00,361.8361342841438,366.0278147065419,361.77737478333137,363.4618835449219,2688600,0.0,0.0
2023-01-31 00:00:00-05:00,362.35514765535294,364.7937861619442,359.44643320558436,362.95257568359375,3137400,0.0,0.0
2023-02-01 00:00:00-05:00,360.96452904081934,369.00510651625274,359.4269189718624,366.3608093261719,2951900,0.0,0.0
2023-02-02 00:00:00-05:00,371.68860366550143,372.6190123947341,365.10726949955944,367.203125,2761600,0.0,0.0
2023-02-03 00:00:00-05:00,363.1485257990085,370.4154271646986,362.844925043586,366.1943664550781,2739600,0.0,0.0
2023-02-06 00:00:00-05:00,362.36496706086604,366.6056033896039,361.43455856868144,365.273681640625,2068300,0.0,0.0
2023-02-07 00:00:00-05:00,363.8438235827974,369.28908943742675,361.22890643648105,367.320556640625,2309100,0.0,0.0
2023-02-08 00:00:00-05:00,365.46954886157135,368.03547966802256,362.5020749299201,362.7077331542969,2193600,0.0,0.0
2023-02-09 00:00:00-05:00,365.59691305419,366.8407256320812,361.6304970792779,362.7763671875,2287600,0.0,0.0
2023-02-10 00:00:00-05:00,362.0124185578778,362.60981673895424,355.43108591473214,359.2603759765625,2270700,0.0,0.0
2023-02-13 00:00:00-05:00,360.9546483200005,363.48142596134255,359.49540449372614,363.17779541015625,2286400,0.0,0.0
2023-02-14 00:00:00-05:00,361.95361175880845,365.70459549476305,360.14181087855496,362.3257751464844,1841400,0.0,0.0
2023-02-15 00:00:00-05:00,358.72173936974673,362.16909272170415,357.47795682774847,362.0124206542969,2203300,0.0,0.0
2023-02-16 00:00:00-05:00,357.370143836305,365.38133925428343,357.370143836305,359.9654541015625,2792700,0.0,0.0
2023-02-17 00:00:00-05:00,356.54757144084044,359.13310903843694,352.3754675391933,353.67803955078125,2718900,0.0,0.0
2023-02-21 00:00:00-05:00,349.3981642433777,354.3047611271343,347.8605544723413,348.6146545410156,2730900,0.0,0.0
2023-02-22 00:00:00-05:00,348.02704779984026,350.35794071760927,345.92141953716214,347.6451110839844,2109300,0.0,0.0
2023-02-23 00:00:00-05:00,350.3579301727515,350.3579301727515,344.4034057441532,348.19354248046875,1975500,0.0,0.0
2023-02-24 00:00:00-05:00,343.58075545698654,346.6951282495362,342.37612603141207,345.8332824707031,2016100,0.0,0.0
2023-02-27 00:00:00-05:00,348.3013247630994,350.6419911804146,347.4982384241699,348.1446228027344,2200800,0.0,0.0
2023-02-28 00:00:00-05:00,347.48839027345053,350.41668119147835,345.95078050607015,347.95849609375,2732900,0.0,0.0
2023-03-01 00:00:00-05:00,346.695157279051,347.9781228429262,342.1802996617796,346.2054748535156,1968100,0.0,0.0
2023-03-02 00:00:00-05:00,346.33281777025104,349.26110928589827,344.43284745456464,348.2327880859375,2526000,0.0,0.0
2023-03-03 00:00:00-05:00,350.7300867217169,354.22642592503524,349.72134226144783,354.04034423828125,2174900,0.0,0.0
2023-03-06 00:00:00-05:00,354.35376727013124,360.9252964899809,353.805325391482,359.3583068847656,2789400,0.0,0.0
2023-03-07 00:00:00-05:00,359.59329820927695,361.53242090750865,352.1305151653563,352.5124816894531,1660800,0.0,0.0
2023-03-08 00:00:00-05:00,351.2100220117685,354.2362857641908,349.90747988410624,351.6213684082031,1634400,0.0,0.0
2023-03-09 00:00:00-05:00,351.83681049379686,356.508369911085,346.6070059577579,347.1260681152344,2414700,0.0,0.0
2023-03-10 00:00:00-05:00,345.1380094023864,345.7647874355824,338.1061761573266,339.9473571777344,3176400,0.0,0.0
2023-03-13 00:00:00-04:00,336.5391618626407,342.64058599784903,333.1897207888869,337.59686279296875,3308200,0.0,0.0
2023-03-14 00:00:00-04:00,343.7569172281854,348.76145515278455,341.36726561198293,345.53936767578125,3413300,0.0,0.0
2023-03-15 00:00:00-04:00,338.9091685337077,341.21068173320566,336.54892572656075,340.89727783203125,3082600,0.0,0.0
2023-03-16 00:00:00-04:00,339.467411047308,341.49470328982255,333.25824200573123,340.8189392089844,3768100,0.0,0.0
2023-03-17 00:00:00-04:00,343.02252379827326,344.67765271383763,339.70246275496095,342.4447021484375,8426800,0.0,0.0
2023-03-20 00:00:00-04:00,340.81892572046803,346.538412151765,340.17254141273327,342.1116943359375,3864200,0.0,0.0
2023-03-21 00:00:00-04:00,347.0574720338995,348.8497262137997,343.5905125466192,347.25335693359375,3766800,0.0,0.0
2023-03-22 00:00:00-04:00,347.2925509586969,352.57134178322707,343.78643798828125,343.78643798828125,2596400,0.0,0.0
2023-03-23 00:00:00-04:00,345.1379485014376,352.4341982388215,344.57970339923475,347.0574951171875,2598100,0.0,0.0
2023-03-24 00:00:00-04:00,343.21838023372675,345.147729939752,339.1637959213108,344.3740234375,2971500,0.0,0.0
2023-03-27 00:00:00-04:00,348.23277675305843,350.50491044251066,346.96938769217036,347.3023681640625,2420300,0.0,0.0
2023-03-28 00:00:00-04:00,348.22293999006394,348.55592042987456,345.5198836238065,347.018310546875,1695900,0.0,0.0
2023-03-29 00:00:00-04:00,350.0053642860521,352.600674785863,348.4775577319054,352.1109924316406,2327000,0.0,0.0
2023-03-30 00:00:00-04:00,353.5017782684422,355.1079211884715,350.8476778277112,351.8466491699219,2480500,0.0,0.0
2023-03-31 00:00:00-04:00,353.67799925797067,356.14598768445643,352.9434756906765,355.91094970703125,3376600,0.0,0.0
2023-04-03 00:00:00-04:00,355.12744286431484,359.09388809274316,354.28520351311477,358.9078063964844,2978000,0.0,0.0
2023-04-04 00:00:00-04:00,359.23095975593293,361.50309303143973,355.8815492214436,356.39080810546875,2198700,0.0,0.0
2023-04-05 00:00:00-04:00,356.5379640511121,358.15644497652244,354.70365373860415,356.842041015625,2239600,0.57,0.0
2023-04-06 00:00:00-04:00,354.31130133289923,355.1254660630785,349.1713888087907,354.56634521484375,2357600,0.0,0.0
2023-04-10 00:00:00-04:00,352.8399695101072,354.03667019605115,350.75064512168024,353.26177978515625,1559100,0.0,0.0
2023-04-11 00:00:00-04:00,356.479105681286,358.2152899236129,354.26225952445986,357.175537109375,3033800,0.0,0.0
2023-04-12 00:00:00-04:00,359.0882853999238,361.56017549455544,354.13474648935096,354.87042236328125,2268800,0.0,0.0
2023-04-13 00:00:00-04:00,356.8714776494858,362.68821451401675,356.4496973226888,362.5901184082031,2611700,0.0,0.0
2023-04-14 00:00:00-04:00,362.9334945729137,366.25876447294286,362.0604780145934,365.31707763671875,2254600,0.0,0.0
2023-04-17 00:00:00-04:00,366.229263852475,366.955151108358,361.3542135434283,365.6407470703125,2432700,0.0,0.0
2023-04-18 00:00:00-04:00,366.80807198889977,366.80807198889977,362.8942552448336,365.2091979980469,2087800,0.0,0.0
2023-04-19 00:00:00-04:00,365.8663052513011,367.0041541615822,364.07126934314283,365.679931640625,1795300,0.0,0.0
2023-04-20 00:00:00-04:00,364.3557341296524,368.0242947507352,362.62933857397735,367.8379211425781,2124800,0.0,0.0
2023-04-21 00:00:00-04:00,368.54420761997164,370.2215403246484,366.13119900020666,368.0733642578125,3537800,0.0,0.0
2023-04-24 00:00:00-04:00,367.9851124125068,370.4275769766133,366.48433463841485,367.5731506347656,1886300,0.0,0.0
2023-04-25 00:00:00-04:00,366.3665962487054,367.4259563677824,361.28553524410245,361.49151611328125,2245000,0.0,0.0
2023-04-26 00:00:00-04:00,362.5803716330131,365.1110838208425,359.09815405014047,359.75537109375,2594200,0.0,0.0
2023-04-27 00:00:00-04:00,359.5787999075576,367.8183951081738,354.1053836037463,366.5334167480469,3859900,0.0,0.0
2023-04-28 00:00:00-04:00,365.415152033328,374.6356180630481,364.4146435058951,372.77191162109375,3107300,0.0,0.0
2023-05-01 00:00:00-04:00,373.2231361995682,375.15551301046645,371.72235836717647,372.60516357421875,1745100,0.0,0.0
2023-05-02 00:00:00-04:00,370.5550557209453,371.60462724642014,363.85551333149516,368.8482971191406,2478700,0.0,0.0
2023-05-03 00:00:00-04:00,369.47608251366694,372.30105293412413,367.1807472740295,367.7398681640625,1970900,0.0,0.0
2023-05-04 00:00:00-04:00,367.3474988032163,369.65262260641725,365.032586343647,368.9365539550781,2814900,0.0,0.0
2023-05-05 00:00:00-04:00,373.30156386879577,377.7940780370715,371.01604738893644,377.3134460449219,2683100,0.0,0.0
2023-05-08 00:00:00-04:00,376.675895451718,380.0599867751706,376.44045879806384,378.1472473144531,1719600,0.0,0.0
2023-05-09 00:00:00-04:00,376.5483923817637,378.79466471989724,375.3909360427097,375.6263427734375,2036400,0.0,0.0
2023-05-10 00:00:00-04:00,378.61803888188086,379.37335195268247,370.4373265897904,375.23394775390625,1940800,0.0,0.0
2023-05-11 00:00:00-04:00,374.91026278444656,378.3532357915012,372.01662202379634,376.0677490234375,1901200,0.0,0.0
2023-05-12 00:00:00-04:00,377.14662530427205,377.66650164983145,371.56529608048317,374.625732421875,2044000,0.0,0.0
2023-05-15 00:00:00-04:00,374.57677543922955,376.33259715169413,373.26237128659795,376.0873718261719,1957400,0.0,0.0
2023-05-16 00:00:00-04:00,375.2928172286898,376.2737184603723,370.1136599227951,372.9778747558594,2762700,0.0,0.0
2023-05-17 00:00:00-04:00,374.9004809983142,380.1188530548517,371.8891068859175,379.6087951660156,3260300,0.0,0.0
2023-05-18 00:00:00-04:00,379.71669934612373,384.5329284667969,378.44153959149213,384.5329284667969,3729500,0.0,0.0
2023-05-19 00:00:00-04:00,384.5132727757121,384.7094649908159,377.78430487080715,378.2060852050781,3369100,0.0,0.0
2023-05-22 00:00:00-04:00,377.6371192273209,379.9716687233873,376.8425917009759,377.1859130859375,1808800,0.0,0.0
2023-05-23 00:00:00-04:00,374.2334389582899,374.73370818136675,363.3650661391608,366.6118469238281,3979000,0.0,0.0
2023-05-24 00:00:00-04:00,362.31553761339575,362.5509443652678,358.597913004832,361.462158203125,2655700,0.0,0.0
2023-05-25 00:00:00-04:00,360.88330174776013,363.90446375062544,357.9405986560617,362.9726257324219,3752200,0.0,0.0
2023-05-26 00:00:00-04:00,363.9143687523212,368.50497948108784,362.98250057811964,367.2200012207031,2691300,0.0,0.0
2023-05-30 00:00:00-04:00,369.09351275350366,369.43683417013716,359.2060415497848,360.481201171875,3430100,0.0,0.0
2023-05-31 00:00:00-04:00,358.02888518703537,358.71552789964005,351.0154486285356,358.0484924316406,10695300,0.0,0.0
2023-06-01 00:00:00-04:00,360.1477075196601,364.0026422582876,359.05889156314504,363.7966613769531,3389700,0.0,0.0
2023-06-02 00:00:00-04:00,367.43575421472843,368.64227339268905,365.04235303982045,366.5921936035156,2501500,0.0,0.0
2023-06-05 00:00:00-04:00,365.6309017750224,365.67993485837826,361.4914977460019,363.4434814453125,2316200,0.0,0.0
2023-06-06 00:00:00-04:00,365.82711940442744,373.1152082335228,364.7088776528084,372.7032165527344,2758700,0.0,0.0
2023-06-07 00:00:00-04:00,372.045987726503,373.2328696793711,361.2266497581536,364.296875,3714500,0.0,0.0
2023-06-08 00:00:00-04:00,362.3056423047127,362.7078153771597,358.8626995486656,360.5694580078125,2594700,0.0,0.0
2023-06-09 00:00:00-04:00,363.38461222523784,365.0030930492884,360.7361972226258,362.1683044433594,2201800,0.0,0.0
2023-06-12 00:00:00-04:00,363.5906929242986,368.7894577672268,362.8746242088746,368.1420593261719,2407500,0.0,0.0
2023-06-13 00:00:00-04:00,368.14207492633386,369.9763556196853,362.7471176236611,364.2871398925781,2444100,0.0,0.0
2023-06-14 00:00:00-04:00,365.8074731237008,370.85910825864494,364.9148494498014,367.6025390625,2775400,0.0,0.0
2023-06-15 00:00:00-04:00,366.14096244147373,372.3206576634704,363.44348427191966,371.80078125,2558100,0.0,0.0
2023-06-16 00:00:00-04:00,374.3216793484118,375.58705023346374,368.9757859579787,369.3387145996094,5886900,0.0,0.0
2023-06-20 00:00:00-04:00,367.84780635445986,372.2618622076079,366.61186113646414,367.4652404785156,3961700,0.0,0.0
2023-06-21 00:00:00-04:00,366.81778947823256,371.1632043682117,366.52353110407046,368.9561767578125,2301300,0.0,0.0
2023-06-22 00:00:00-04:00,367.9458459532263,371.2515082429298,366.8080268691847,370.58447265625,1933300,0.0,0.0
2023-06-23 00:00:00-04:00,367.81832144080494,373.8410388937846,366.09192584972044,372.5560607910156,3739700,0.0,0.0
2023-06-26 00:00:00-04:00,370.83952270605397,372.73265492669304,368.1812887108456,370.2117614746094,3327800,0.0,0.0
2023-06-27 00:00:00-04:00,373.0760330538638,375.5282865418353,371.77144736954637,374.49835205078125,2197300,0.0,0.0
2023-06-28 00:00:00-04:00,373.90973539507206,374.11571626786673,371.43787511734774,372.96807861328125,2012400,0.0,0.0
2023-06-29 00:00:00-04:00,373.57623766957073,380.59949403539616,373.23291625374486,380.2659912109375,2524600,0.0,0.0
2023-06-30 00:00:00-04:00,380.6878136903502,387.6227933056654,380.6878136903502,385.7884826660156,4407100,0.0,0.0
2023-07-03 00:00:00-04:00,383.8659258534766,386.7792040234564,381.2567247033656,386.4358825683594,1304600,0.0,0.0
2023-07-05 00:00:00-04:00,381.3842135242902,387.70121998408445,379.7363066047084,387.191162109375,2781800,0.0,0.0
2023-07-06 00:00:00-04:00,386.86701261741473,387.24029895620583,382.8493280357315,386.1892395019531,2156600,0.57,0.0
2023-07-07 00:00:00-04:00,383.7530177146867,385.51137837206016,381.5329655990537,381.8080139160156,2654400,0.0,0.0
2023-07-10 00:00:00-04:00,381.61157212307205,386.47403670573266,381.1498806597792,385.22650146484375,2148600,0.0,0.0
2023-07-11 00:00:00-04:00,386.66072550345257,391.4151498687232,385.4033573240258,390.7668151855469,2106200,0.0,0.0
2023-07-12 00:00:00-04:00,391.9455596844128,396.0418460173072,391.6606785780151,393.6056823730469,2273400,0.0,0.0
2023-07-13 00:00:00-04:00,395.87485941541496,396.11060656254716,393.37975885552686,393.4779968261719,2354900,0.0,0.0
2023-07-14 00:00:00-04:00,395.01040508571975,396.3561783195227,393.22257598214804,395.3935241699219,1978500,0.0,0.0
2023-07-17 00:00:00-04:00,394.8434093365876,396.8571526994246,394.02806721043106,395.0889892578125,2344500,0.0,0.0
2023-07-18 00:00:00-04:00,393.34050520885904,394.8336205040502,388.222597496577,391.1204528808594,2676200,0.0,0.0
2023-07-19 00:00:00-04:00,390.9633000577525,392.78059777473106,389.30317711403933,391.228515625,1809700,0.0,0.0
2023-07-20 00:00:00-04:00,390.11849936947493,392.6528712605991,388.5565845083856,391.022216796875,2570700,0.0,0.0
2023-07-21 00:00:00-04:00,391.6214097904844,394.4111941539531,390.39351015983704,390.4622497558594,1868100,0.0,0.0
2023-07-24 00:00:00-04:00,390.4524544487106,397.75108279884046,389.5978111078177,397.6332092285156,3029800,0.0,0.0
2023-07-25 00:00:00-04:00,396.2383169184757,397.70196376836645,393.91022388303173,394.1852722167969,2490500,0.0,0.0
2023-07-26 00:00:00-04:00,392.122354277761,396.1793392658399,388.75300504217637,395.2952575683594,2572300,0.0,0.0
2023-07-27 00:00:00-04:00,398.0261471485684,398.0261471485684,386.9848826059597,387.525146484375,3563300,0.0,0.0
2023-07-28 00:00:00-04:00,390.92392745120884,390.9632286318509,382.00447803857867,386.0123291015625,4501000,0.0,0.0
2023-07-31 00:00:00-04:00,387.0045347723656,389.07721517145137,385.53105506487555,387.3090515136719,3578300,0.0,0.0
2023-08-01 00:00:00-04:00,386.8178424754394,390.27559695770543,385.4229353392082,390.0496826171875,2344200,0.0,0.0
2023-08-02 00:00:00-04:00,386.9160983429329,387.24025066207525,382.69210553574544,383.12432861328125,2410600,0.0,0.0
2023-08-03 00:00:00-04:00,380.7078985024463,386.483944317859,379.5880694036756,386.0615539550781,2190500,0.0,0.0
2023-08-04 00:00:00-04:00,384.68613830901796,389.08694061329373,383.17338781087176,384.4307556152344,2215800,0.0,0.0
2023-08-07 00:00:00-04:00,386.0516682666089,390.717687157872,386.0516682666089,389.8532409667969,1559800,0.0,0.0
2023-08-08 00:00:00-04:00,389.175407529683,389.37188345885994,383.23238539730323,386.23828125,1747000,0.0,0.0
2023-08-09 00:00:00-04:00,386.8964825768924,389.77470252697844,384.94167566408856,386.7098693847656,1806100,0.0,0.0
2023-08-10 00:00:00-04:00,389.45046904324994,393.5467554790827,388.71372925089304,390.11846923828125,2154500,0.0,0.0
2023-08-11 00:00:00-04:00,388.75301843779954,389.6567657455318,385.86499614263545,387.99664306640625,1464600,0.0,0.0
2023-08-14 00:00:00-04:00,389.4407039879204,392.17155188389563,387.6332091414422,391.53302001953125,1638500,0.0,0.0
2023-08-15 00:00:00-04:00,390.4623049584975,390.4623049584975,386.63126356485776,387.47607421875,1753200,0.0,0.0
2023-08-16 00:00:00-04:00,386.4838802579732,392.14205154388384,386.16953074697386,387.3974304199219,2002000,0.0,0.0
2023-08-17 00:00:00-04:00,389.13615994824096,389.2048995474095,384.07718925600597,385.6783752441406,2118600,0.0,0.0
2023-08-18 00:00:00-04:00,382.9279011799756,386.87681587611536,381.95538421946276,385.2363586425781,2001800,0.0,0.0
2023-08-21 00:00:00-04:00,386.25794124019967,388.0064691994131,384.1066585853559,386.2481384277344,1869400,0.0,0.0
2023-08-22 00:00:00-04:00,388.0163067762233,391.71964149438,386.7196374930311,390.80609130859375,2422500,0.0,0.0
2023-08-23 00:00:00-04:00,392.2107860259462,394.81395728105355,391.3168714783387,393.9691467285156,1943200,0.0,0.0
2023-08-24 00:00:00-04:00,394.4898373009791,396.8572318108771,390.4721525861972,390.63916015625,1970000,0.0,0.0
2023-08-25 00:00:00-04:00,393.5663985787377,397.4662091530241,391.94557700028025,395.7668151855469,2154600,0.0,0.0
2023-08-28 00:00:00-04:00,396.8572065870152,400.5900099052883,396.02222874586886,400.23638916015625,1901300,0.0,0.0
2023-08-29 00:00:00-04:00,400.2167847900708,404.90243989688435,399.4014424895704,404.3719787597656,2188800,0.0,0.0
2023-08-30 00:00:00-04:00,407.4465322212436,410.3934910916353,406.20879990271396,406.5919189453125,2516600,0.0,0.0
2023-08-31 00:00:00-04:00,406.8866405552124,408.929882349093,404.4996108436666,405.34442138671875,2535100,0.0,0.0
2023-09-01 00:00:00-04:00,406.52320177270906,409.1460086957317,405.19706411450704,408.2226257324219,1841700,0.0,0.0
2023-09-05 00:00:00-04:00,406.0418763983144,408.05561990323696,402.45641529105177,404.2245788574219,2045600,0.0,0.0
2023-09-06 00:00:00-04:00,403.51725578181794,406.0712928114307,401.660687272587,405.87481689453125,2292100,0.0,0.0
2023-09-07 00:00:00-04:00,404.6371226128707,408.77267993729396,404.4504794815009,407.28936767578125,2502700,0.0,0.0
2023-09-08 00:00:00-04:00,407.6626373811498,408.969109269659,406.5427786384144,407.5054626464844,1868900,0.0,0.0
2023-09-11 00:00:00-04:00,409.4799591679038,410.20686612848874,407.3090410977669,409.3227844238281,1544700,0.0,0.0
2023-09-12 00:00:00-04:00,408.5959282535289,410.2658539081298,407.9082924099738,408.9102478027344,1997600,0.0,0.0
2023-09-13 00:00:00-04:00,408.8120208804946,411.01240751317164,407.6332251969779,408.939697265625,2142200,0.0,0.0
2023-09-14 00:00:00-04:00,410.90437192604065,411.19908586115696,400.5703781309676,406.0320739746094,3557700,0.0,0.0
2023-09-15 00:00:00-04:00,404.5781377424962,410.9042783909431,403.87089640646104,406.9848327636719,4755500,0.0,0.0
2023-09-18 00:00:00-04:00,406.56246598539303,410.50157741794374,405.73732106772974,409.7550048828125,1808000,0.0,0.0
2023-09-19 00:00:00-04:00,409.5880693160565,409.72560848217495,403.83168948212835,406.2187194824219,1730900,0.0,0.0
2023-09-20 00:00:00-04:00,406.4544411132505,408.49768302592224,402.8296787577121,403.26190185546875,1580000,0.0,0.0
2023-09-21 00:00:00-04:00,401.1204483179304,401.5428386211817,394.9907825914292,396.2284851074219,2450700,0.0,0.0
2023-09-22 00:00:00-04:00,397.24028958027884,399.65678771965503,394.46030795965453,395.108642578125,1885000,0.0,0.0
2023-09-25 00:00:00-04:00,393.5172717163762,396.1007772838166,392.77069916298166,395.37384033203125,1846500,0.0,0.0
2023-09-26 00:00:00-04:00,392.9278998491179,393.76287763190123,386.6508622595788,388.38958740234375,2940400,0.0,0.0
2023-09-27 00:00:00-04:00,389.20489771413787,390.01040709964155,384.5585445069184,388.4878234863281,1987500,0.0,0.0
2023-09-28 00:00:00-04:00,388.8315874506758,394.2540112940064,388.3797287897375,392.3777770996094,2216200,0.0,0.0
2023-09-29 00:00:00-04:00,394.9220093813237,395.06935134877483,387.2795628966501,388.91021728515625,3032300,0.0,0.0
2023-10-02 00:00:00-04:00,386.6410683542285,389.3522505405918,385.5114066117421,388.8512878417969,2856800,0.0,0.0
2023-10-03 00:00:00-04:00,387.52511718590875,390.82569695043907,382.09289050660595,384.14593505859375,2527900,0.0,0.0
2023-10-04 00:00:00-04:00,385.0693862569218,387.4957175174065,381.7098391354725,386.79827880859375,1813400,0.0,0.0
2023-10-05 00:00:00-04:00,384.04377791426083,388.30337559641066,383.66010340054993,387.7918395996094,2116600,0.57,0.0
2023-10-06 00:00:00-04:00,386.83755266923373,394.48123054309815,384.1519215139148,391.50048828125,2484000,0.0,0.0
2023-10-09 00:00:00-04:00,388.04752050195975,390.05436599911553,383.2468465785347,388.3229675292969,2475100,0.0,0.0
2023-10-10 00:00:00-04:00,389.1100417552934,396.1733152283197,387.4475122858695,393.86151123046875,2713800,0.0,0.0
2023-10-11 00:00:00-04:00,396.6947197780867,398.54416307670726,390.90045391212084,393.3106384277344,2055600,0.0,0.0
2023-10-12 00:00:00-04:00,397.23573421793947,398.7507080751393,390.86109361111124,393.3991394042969,1779000,0.0,0.0
2023-10-13 00:00:00-04:00,392.32685875077635,395.6027423856966,388.65748360388824,391.5595397949219,2235600,0.0,0.0
2023-10-16 00:00:00-04:00,393.7336143570176,397.85550333781015,392.29735679514414,394.638671875,2202100,0.0,0.0
2023-10-17 00:00:00-04:00,393.1433899202431,397.0488240181865,391.97273238676416,395.2387390136719,2176000,0.0,0.0
2023-10-18 00:00:00-04:00,392.62198418337147,394.8452548381306,386.1784741284001,386.8179016113281,1951400,0.0,0.0
2023-10-19 00:00:00-04:00,387.4475268985342,388.4115766716508,379.2332596286119,381.5647277832031,3472800,0.0,0.0
2023-10-20 00:00:00-04:00,381.5646947765291,383.65022678467784,377.9248608069322,378.16094970703125,2652500,0.0,0.0
2023-10-23 00:00:00-04:00,376.0950762673251,381.5548421526245,374.8063743373322,377.4329833984375,1771800,0.0,0.0
2023-10-24 00:00:00-04:00,379.23327880695365,383.0993851834098,377.6297714238659,380.620361328125,2003300,0.0,0.0
2023-10-25 00:00:00-04:00,377.75764440413104,382.3123833054615,376.02624559373845,380.03009033203125,3504500,0.0,0.0
2023-10-26 00:00:00-04:00,364.988550264047,369.4449077006069,357.1382953218068,358.6630859375,6920100,0.0,0.0
2023-10-27 00:00:00-04:00,360.53220276590787,362.30295935902905,353.92144419883135,358.161376953125,3624900,0.0,0.0
2023-10-30 00:00:00-04:00,360.5617028015014,367.1626441439016,358.7909762842349,366.3658142089844,3386400,0.0,0.0
2023-10-31 00:00:00-04:00,367.2512823112049,371.5403913324334,367.04467447541174,370.2320251464844,2978800,0.0,0.0
2023-11-01 00:00:00-04:00,372.5142276722054,374.21608500273675,368.9432333567939,371.67803955078125,2354700,0.0,0.0
2023-11-02 00:00:00-04:00,374.1177405869862,376.8132189088004,372.33716677992714,376.4689025878906,2816000,0.0,0.0
2023-11-03 00:00:00-04:00,378.7413121143998,382.12539273345163,377.49196846398695,379.77423095703125,2269100,0.0,0.0
2023-11-06 00:00:00-05:00,380.8072288928583,381.93852825234944,377.964194916163,379.88250732421875,2020500,0.0,0.0
2023-11-07 00:00:00-05:00,379.72509160688503,383.25672810500396,378.0527152052069,382.5484313964844,2324200,0.0,0.0
2023-11-08 00:00:00-05:00,380.8170672447651,385.0078256513354,380.70886983160904,383.364990234375,2838400,0.0,0.0
2023-11-09 00:00:00-05:00,384.6044601019074,385.0865149690621,380.9744431493548,381.6532287597656,2657100,0.0,0.0
2023-11-10 00:00:00-05:00,383.6994277192962,388.66732173965636,380.4530552716497,387.9688720703125,2807000,0.0,0.0
2023-11-13 00:00:00-05:00,387.9393310546875,389.19852177994613,386.63093513192985,387.9393310546875,1614600,0.0,0.0
2023-11-14 00:00:00-05:00,390.7233691771631,395.15021643462933,390.30036653327136,391.18572998046875,2733900,0.0,0.0
2023-11-15 00:00:00-05:00,391.00863874548713,392.7892125733102,388.342701526055,390.3790283203125,2434600,0.0,0.0
2023-11-16 00:00:00-05:00,391.53980256996806,393.4482675689784,389.1197716816525,390.64459228515625,3060600,0.0,0.0
2023-11-17 00:00:00-05:00,393.468010810504,394.5993101817392,391.44150097431475,393.7926330566406,2365500,0.0,0.0
2023-11-20 00:00:00-05:00,394.20584901186817,398.61303240443186,391.7858474717481,397.8260192871094,2768300,0.0,0.0
2023-11-21 00:00:00-05:00,399.12452924068816,403.67926776399156,399.0950181280276,402.3020324707031,2567500,0.0,0.0
2023-11-22 00:00:00-05:00,405.5581634260908,406.13856857224863,403.48244873046684,403.6595153808594,1967900,0.0,0.0
2023-11-24 00:00:00-05:00,405.7844339618719,406.2566417511372,403.8563046932875,405.7942810058594,1053500,0.0,0.0
2023-11-27 00:00:00-05:00,404.3186844183054,406.0107248824235,401.61338908460624,402.3216857910156,2665900,0.0,0.0
2023-11-28 00:00:00-05:00,402.42998428354065,403.9646525508303,400.8363237991649,402.36114501953125,2645000,0.0,0.0
2023-11-29 00:00:00-05:00,404.3285248859904,405.3811078732951,402.764375939253,403.1578674316406,2151400,0.0,0.0
2023-11-30 00:00:00-05:00,403.4332859320491,407.4272828390527,402.13473707972474,407.1026306152344,3203500,0.0,0.0
2023-12-01 00:00:00-05:00,406.1779794344059,409.82766041355393,404.8794304533987,407.6240539550781,2171400,0.0,0.0
2023-12-04 00:00:00-05:00,407.1026604324852,408.10609826526405,401.39695872500107,401.5937194824219,3097900,0.0,0.0
2023-12-05 00:00:00-05:00,400.4722077341705,402.40033692480716,397.7472485711263,402.04620361328125,2755600,0.0,0.0
2023-12-06 00:00:00-05:00,404.7416896957623,407.09285170248677,400.54111463040044,403.7087707519531,2224200,0.0,0.0
2023-12-07 00:00:00-05:00,405.37131623975415,406.84693194473607,403.325112316818,406.4337463378906,2363000,0.0,0.0
2023-12-08 00:00:00-05:00,405.5188610921091,406.94530157782964,402.57747680476325,405.4598388671875,1959300,0.0,0.0
2023-12-11 00:00:00-05:00,405.75498091749466,409.4046922250278,405.67629461876106,408.9521484375,2236000,0.0,0.0
2023-12-12 00:00:00-05:00,410.2211476698279,414.15612270742815,407.95854903179855,413.9101867675781,2736500,0.0,0.0
2023-12-13 00:00:00-05:00,415.0021717702019,419.4388662006524,412.33623430661703,417.7763366699219,3694200,0.0,0.0
2023-12-14 00:00:00-05:00,418.100957793922,418.92729897494297,409.1390362558717,411.75579833984375,3989700,0.0,0.0
2023-12-15 00:00:00-05:00,405.91233773068996,412.4444105832133,404.90892992229817,411.765625,5566600,0.0,0.0
2023-12-18 00:00:00-05:00,412.710056641827,418.1796700521014,412.710056641827,417.5303955078125,2686900,0.0,0.0
2023-12-19 00:00:00-05:00,417.15656783715394,419.74381896766135,415.6514409465994,418.5534973144531,2256200,0.0,0.0
2023-12-20 00:00:00-05:00,418.16980001526474,420.65867062079155,412.42473984341774,412.63134765625,3058300,0.0,0.0
2023-12-21 00:00:00-05:00,414.9333167286846,417.0090017910052,413.7724761978088,416.5564880371094,2213600,0.0,0.0
2023-12-22 00:00:00-05:00,417.84517697424656,420.2258501678704,416.0842671749804,417.20574951171875,1759000,0.0,0.0
2023-12-26 00:00:00-05:00,418.091111394595,418.79940812534613,416.07444863057697,416.7827453613281,1258200,0.0,0.0
2023-12-27 00:00:00-05:00,416.12360971557297,418.1009442764132,416.0842515592317,417.46148681640625,1324100,0.0,0.0
2023-12-28 00:00:00-05:00,416.88111416286444,421.39649476307386,416.79258082028923,419.3896789550781,1505000,0.0,0.0
2023-12-29 00:00:00-05:00,419.74378823384455,421.38665355350173,417.3729621249206,419.5765686035156,1706100,0.0,0.0
2024-01-02 00:00:00-05:00,417.195895546556,417.38280926624526,412.7395374294741,415.03167724609375,2463700,0.0,0.0
2024-01-03 00:00:00-05:00,414.3528920272177,414.4906005452103,410.71302803365774,411.9623718261719,3093700,0.0,0.0
2024-01-04 00:00:00-05:00,411.69676219370916,416.5663057981395,411.4803373663683,412.94610595703125,2042600,0.0,0.0
2024-01-05 00:00:00-05:00,413.65442020622845,415.8875378424715,410.21131691162964,412.6018371582031,2415900,0.0,0.0
2024-01-08 00:00:00-05:00,413.2718193035109,415.87298046682906,410.404609450803,415.77447509765625,2125400,0.66,0.0
2024-01-09 00:00:00-05:00,412.9367854069842,417.46914452312575,412.38502308697997,416.38531494140625,2439300,0.0,0.0
2024-01-10 00:00:00-05:00,419.7353472403385,423.15431946403857,417.9125468782355,421.9719543457031,2709300,0.0,0.0
2024-01-11 00:00:00-05:00,423.67652711792755,425.44021224309944,419.50872161942016,420.44476318359375,2320600,0.0,0.0
2024-01-12 00:00:00-05:00,423.6273316781297,424.7702467010032,421.4104193180556,422.7898254394531,1892400,0.0,0.0
2024-01-16 00:00:00-05:00,421.15425126806787,423.41058391972757,420.2477671671392,422.0508728027344,2398000,0.0,0.0
2024-01-17 00:00:00-05:00,419.2230176736211,424.05095359264243,419.2230176736211,421.1344909667969,2690400,0.0,0.0
2024-01-18 00:00:00-05:00,422.3365569271834,424.87860295324725,421.1640543220529,424.3859558105469,2075700,0.0,0.0
2024-01-19 00:00:00-05:00,426.18903633800124,430.64258580654126,423.0262500624234,430.3568420410156,2400200,0.0,0.0
2024-01-22 00:00:00-05:00,432.5244763497223,434.45564464108213,430.8297690539756,433.28314208984375,2715500,0.0,0.0
2024-01-23 00:00:00-05:00,433.79551321286834,434.1206771723254,431.4209503275086,432.3077392578125,2328600,0.0,0.0
2024-01-24 00:00:00-05:00,432.0811439514227,434.44584445345447,429.35188933921415,432.2486572265625,2725700,0.0,0.0
2024-01-25 00:00:00-05:00,429.58833295069917,432.1796618801937,428.0709712453257,430.3765563964844,2977800,0.0,0.0
2024-01-26 00:00:00-05:00,426.18904488098326,433.4211316298338,424.3367168224203,432.08111572265625,2725400,0.0,0.0
2024-01-29 00:00:00-05:00,429.37155150670674,434.4753687957604,428.2778892599649,434.1009521484375,2314200,0.0,0.0
2024-01-30 00:00:00-05:00,434.4162673498153,439.65804044134177,433.57876114925836,438.6431884765625,2663600,0.0,0.0
2024-01-31 00:00:00-05:00,443.3824451003912,455.20597696973493,440.0521454795186,442.623779296875,4740500,0.0,0.0
2024-02-01 00:00:00-05:00,448.30889042599404,454.3586116441047,447.3728488470373,454.141845703125,3292700,0.0,0.0
2024-02-02 00:00:00-05:00,455.4128888345324,457.018923421018,451.7574552494868,453.8068542480469,2050300,0.0,0.0
2024-02-05 00:00:00-05:00,452.7525583829238,454.58519120610043,448.8310765475851,450.0429992675781,2438800,0.0,0.0
2024-02-06 00:00:00-05:00,448.66357000729516,453.7871120749779,448.66357000729516,453.7279968261719,2201900,0.0,0.0
2024-02-07 00:00:00-05:00,454.4275305661163,455.44238239160535,452.8609163929123,455.11724853515625,2544300,0.0,0.0
2024-02-08 00:00:00-05:00,453.23530673142136,453.97427734022256,450.7228186890136,451.5209045410156,2081300,0.0,0.0
2024-02-09 00:00:00-05:00,451.32386063276977,452.24017702588617,449.65871102267596,451.1465148925781,2155400,0.0,0.0
2024-02-12 00:00:00-05:00,452.4274450084192,452.6442109646218,449.37302655967295,451.96435546875,1794500,0.0,0.0
2024-02-13 00:00:00-05:00,450.04302781492134,455.0877297495741,449.33361472606106,453.6885986328125,2407700,0.0,0.0
2024-02-14 00:00:00-05:00,455.20596882075625,458.60524619985824,452.68361780595444,458.34906005859375,2202700,0.0,0.0
2024-02-15 00:00:00-05:00,458.97962144852073,465.167268327221,458.3884689352653,464.3494873046875,2354100,0.0,0.0
2024-02-16 00:00:00-05:00,467.1969740894367,467.1969740894367,460.20137910526637,461.24578857421875,2237200,0.0,0.0
2024-02-20 00:00:00-05:00,446.14120582752565,449.14637120638514,443.50062456379857,445.1066589355469,5044200,0.0,0.0
2024-02-21 00:00:00-05:00,446.6437369961113,452.84124628858666,445.3530039256356,452.29931640625,2895800,0.0,0.0
2024-02-22 00:00:00-05:00,455.01874702353757,465.551545235534,454.7921185153763,464.6253662109375,2572800,0.0,0.0
2024-02-23 00:00:00-05:00,466.76350769356003,468.18233397657013,464.92098198373066,466.45806884765625,1764100,0.0,0.0
2024-02-26 00:00:00-05:00,466.04414806752237,468.09354673573256,465.0588538855614,467.5319519042969,2066900,0.0,0.0
2024-02-27 00:00:00-05:00,467.5713922496867,468.0147867067165,463.03906258082645,467.7684631347656,2011100,0.0,0.0
2024-02-28 00:00:00-05:00,467.1969663243344,472.0938797249846,466.7043192219302,471.8081359863281,1931900,0.0,0.0
2024-02-29 00:00:00-05:00,470.9706026945152,471.35488184521455,465.1080904870147,467.77825927734375,3072500,0.0,0.0
2024-03-01 00:00:00-05:00,467.92608131420513,470.4779897340361,466.9309245306596,469.62078857421875,1748300,0.0,0.0
2024-03-04 00:00:00-05:00,468.67492996468206,469.62080402710876,458.9204928172282,461.6004943847656,3212400,0.0,0.0
2024-03-05 00:00:00-05:00,460.4969567531756,462.339452141422,457.7873976366266,460.6447448730469,2015100,0.0,0.0
2024-03-06 00:00:00-05:00,460.2900556220886,466.6550479220861,460.2900556220886,464.6647644042969,1917100,0.0,0.0
2024-03-07 00:00:00-05:00,466.24122801532314,466.31017575712167,459.03872981036403,460.6644592285156,2178100,0.0,0.0
2024-03-08 00:00:00-05:00,460.2309526946878,464.684471904171,460.2309526946878,462.35919189453125,1596900,0.0,0.0
2024-03-11 00:00:00-04:00,462.1029694404666,462.4675234752871,457.85635393917164,462.2606201171875,1774500,0.0,0.0
2024-03-12 00:00:00-04:00,463.6104917755011,467.39401800176546,461.81724906450484,465.91607666015625,1853900,0.0,0.0
2024-03-13 00:00:00-04:00,467.2561333135679,469.15774412291637,465.8274445308699,468.6158142089844,2103900,0.0,0.0
2024-03-14 00:00:00-04:00,473.94625614191625,474.91185538634795,470.16272961597343,472.4289245605469,2757700,0.0,0.0
2024-03-15 00:00:00-04:00,466.37920734464547,471.4239094252569,466.1230212007907,468.83258056640625,4179300,0.0,0.0
2024-03-18 00:00:00-04:00,471.60124114161385,473.7491753303866,469.6404851918465,471.8475646972656,2072300,0.0,0.0
2024-03-19 00:00:00-04:00,474.5374106515183,477.48343082941483,472.4584542223953,476.8824157714844,2049500,0.0,0.0
2024-03-20 00:00:00-04:00,477.1977714068817,481.26704192260155,476.5277784589369,480.8630676269531,1691100,0.0,0.0
2024-03-21 00:00:00-04:00,481.34582562348754,482.7942094546032,476.291261027782,481.4542236328125,2580300,0.0,0.0
2024-03-22 00:00:00-04:00,481.12906964206945,481.70055718934117,474.3797974991588,474.58673095703125,2277800,0.0,0.0
2024-03-25 00:00:00-04:00,474.5176925731581,475.2271055996697,467.43342487205234,469.0394592285156,2600300,0.0,0.0
2024-03-26 00:00:00-04:00,470.6948141027271,472.9412839989703,465.36436810606637,469.788330078125,2515100,0.0,0.0
2024-03-27 00:00:00-04:00,473.43390564459287,475.0694977718286,467.76846348547446,470.9214172363281,2309400,0.0,0.0
2024-03-28 00:00:00-04:00,470.88200890214307,475.3355283737259,470.26126867372415,474.4881896972656,2214500,0.0,0.0
2024-04-01 00:00:00-04:00,473.5915513017638,476.1730174992802,470.31050451729044,471.3647766113281,1648200,0.0,0.0
2024-04-02 00:00:00-04:00,469.955792753998,473.34520732994474,469.2956323858808,472.3796081542969,3265100,0.0,0.0
2024-04-03 00:00:00-04:00,473.37480900062945,476.1927363436084,470.19229749877036,470.39923095703125,2265000,0.0,0.0
2024-04-04 00:00:00-04:00,472.91167708341845,474.87240299696396,462.1029980791147,462.8616638183594,2552600,0.0,0.0
2024-04-05 00:00:00-04:00,467.0295076171147,472.2614180501065,465.58112376415784,470.1331787109375,2462700,0.0,0.0
2024-04-08 00:00:00-04:00,470.04434331874506,473.2805836463129,467.95263104866916,472.461669921875,1961800,0.66,0.0
2024-04-09 00:00:00-04:00,471.59344884724584,472.501188463253,461.5887111708113,465.8609619140625,2217200,0.0,0.0
2024-04-10 00:00:00-04:00,463.8974866609277,468.06118894750733,462.59508952246534,462.91082763671875,2710500,0.0,0.0
2024-04-11 00:00:00-04:00,462.0326878105704,464.0750792223102,457.99725600469134,462.0622863769531,2299900,0.0,0.0
2024-04-12 00:00:00-04:00,459.78307994480105,463.25610867887383,455.94496209911654,459.1713562011719,2486300,0.0,0.0
2024-04-15 00:00:00-04:00,463.966513189389,464.71638365610784,452.31407294221884,453.65594482421875,2070500,0.0,0.0
2024-04-16 00:00:00-04:00,453.8631077382919,457.198019738909,452.876448808426,453.6855163574219,1787200,0.0,0.0
2024-04-17 00:00:00-04:00,456.59616155723216,457.2276377522201,452.0378019250162,454.02099609375,1735000,0.0,0.0
2024-04-18 00:00:00-04:00,454.35649104238297,455.7476839115967,447.7458633847763,448.6338806152344,1998900,0.0,0.0
2024-04-19 00:00:00-04:00,452.7679425749671,453.72497285584683,446.55197308860505,449.31463623046875,2548800,0.0,0.0
2024-04-22 00:00:00-04:00,451.39651895156635,454.59328466355316,449.0581418022098,450.6565246582031,2157400,0.0,0.0
2024-04-23 00:00:00-04:00,452.3634417640187,456.80340738773003,451.2090374532584,456.6455383300781,2029100,0.0,0.0
2024-04-24 00:00:00-04:00,459.082559902366,461.90439009937484,454.20846218894866,456.32977294921875,4043100,0.0,0.0
2024-04-25 00:00:00-04:00,454.79060263654014,457.8097767728012,450.6269004450939,455.9449768066406,2006500,0.0,0.0
2024-04-26 00:00:00-04:00,456.7343077525022,458.6188299998439,454.7905883757523,456.2508544921875,1963300,0.0,0.0
2024-04-29 00:00:00-04:00,454.80047419420225,455.4319202913571,449.6007620381069,451.0018310546875,2120700,0.0,0.0
2024-04-30 00:00:00-04:00,450.17303400165207,451.6135476756132,444.86480389337777,445.1805419921875,2698800,0.0,0.0
2024-05-01 00:00:00-04:00,439.85258218118184,442.99018077089903,432.5315890628775,436.17236328125,4979100,0.0,0.0
2024-05-02 00:00:00-04:00,437.08997828623495,438.72783599419535,432.2060037307318,435.21533203125,3866500,0.0,0.0
2024-05-03 00:00:00-04:00,438.97441308626486,439.3197497219951,431.07126569299817,437.6621398925781,3711500,0.0,0.0
2024-05-06 00:00:00-04:00,441.2635044148843,444.48986842473414,439.6157706773456,443.37493896484375,2536200,0.0,0.0
2024-05-07 00:00:00-04:00,445.7330719186568,447.2525050733782,441.5594935796536,447.0157165527344,2345300,0.0,0.0
2024-05-08 00:00:00-04:00,447.9431643059279,449.03834128987535,443.91760902948215,448.702880859375,2332400,0.0,0.0
2024-05-09 00:00:00-04:00,447.4992090738337,449.94613440675386,447.4992090738337,449.413330078125,1970100,0.0,0.0
2024-05-10 00:00:00-04:00,451.2287293995697,452.4620531008581,448.91010492950113,450.8834228515625,1729900,0.0,0.0
2024-05-13 00:00:00-04:00,450.83407133812244,452.60019930733586,449.4330324768575,451.65301513671875,2069300,0.0,0.0
2024-05-14 00:00:00-04:00,451.81087539366945,452.8567314620218,443.3058500316933,448.1405029296875,2991000,0.0,0.0
2024-05-15 00:00:00-04:00,446.7494068161857,452.48189409267496,446.7494068161857,451.889892578125,2437800,0.0,0.0
2024-05-16 00:00:00-04:00,453.8631901088117,458.7274122893403,452.69893958677886,452.7482604980469,2412200,0.0,0.0
2024-05-17 00:00:00-04:00,454.3071686309112,455.53061620952826,451.9983599718937,454.1295471191406,1985900,0.0,0.0
2024-05-20 00:00:00-04:00,453.3500880499088,456.0535240739119,452.6594147058989,453.5276794433594,1397200,0.0,0.0
2024-05-21 00:00:00-04:00,451.80103205761657,454.24795724854135,449.5514507133825,452.97515869140625,2166000,0.0,0.0
2024-05-22 00:00:00-04:00,452.7778493940291,456.329828132392,449.0976302670196,450.4295959472656,1713700,0.0,0.0
2024-05-23 00:00:00-04:00,450.42955605356775,451.939143119865,444.43068257932157,445.1903991699219,2084600,0.0,0.0
2024-05-24 00:00:00-04:00,446.4730704413364,448.3871912960927,444.3122848383945,445.1607971191406,2162100,0.0,0.0
2024-05-28 00:00:00-04:00,443.9965570016307,444.618156999104,436.4979424612922,439.1421813964844,2670800,0.0,0.0
2024-05-29 00:00:00-04:00,436.21180369789374,438.6291303345249,435.90594181135754,436.5670166015625,1876900,0.0,0.0
2024-05-30 00:00:00-04:00,436.310452847682,438.2640484397797,434.7910197198258,436.2019348144531,2189900,0.0,0.0
2024-05-31 00:00:00-04:00,436.78405034533046,441.3720084130222,433.3998173937836,441.1056213378906,3917100,0.0,0.0
2024-06-03 00:00:00-04:00,437.5635137886414,439.0632245247875,432.04809397471774,437.2773742675781,2123800,0.0,0.0
2024-06-04 00:00:00-04:00,437.4450805150016,438.9448213310448,435.4323180152181,438.8362731933594,2096600,0.0,0.0
2024-06-05 00:00:00-04:00,440.8392579690188,441.5990047193593,436.4091684048105,440.7011413574219,2157000,0.0,0.0
2024-06-06 00:00:00-04:00,442.50668521322183,443.7794837539692,438.6981959267633,442.69415283203125,1887100,0.0,0.0
2024-06-07 00:00:00-04:00,443.45390722326323,446.95653468934444,441.2931215672541,443.78936767578125,1664700,0.0,0.0
2024-06-10 00:00:00-04:00,442.43764754767653,444.1643008192152,438.44166048156364,443.2565612792969,1954500,0.0,0.0
2024-06-11 00:00:00-04:00,441.8653441300712,443.25653687408095,439.1717543350172,443.0493469238281,1777300,0.0,0.0
2024-06-12 00:00:00-04:00,445.4666605448649,446.46319576633704,435.7086187301868,437.0899353027344,2738900,0.0,0.0
2024-06-13 00:00:00-04:00,437.0899145233497,439.21122524217606,433.45901681656915,439.063232421875,2916600,0.0,0.0
2024-06-14 00:00:00-04:00,437.4253522254243,439.0237348225116,435.31391784113623,438.6981506347656,2161500,0.0,0.0
2024-06-17 00:00:00-04:00,436.52755869367064,443.34537638035584,435.7875644020536,442.13177490234375,2351900,0.0,0.0
2024-06-18 00:00:00-04:00,441.09574377787413,445.1805262468413,440.74056101210726,444.10504150390625,2636500,0.0,0.0
2024-06-20 00:00:00-04:00,445.0423550310307,448.41674167217576,442.3783639927351,446.4730224609375,3006800,0.0,0.0
2024-06-21 00:00:00-04:00,446.15737408958364,449.22586939115763,444.25312928189294,448.7818908691406,5007800,0.0,0.0
2024-06-24 00:00:00-04:00,448.86073107637475,456.89214906352424,448.86073107637475,450.8636474609375,2597100,0.0,0.0
2024-06-25 00:00:00-04:00,452.3634288219505,454.16900154200715,447.74584182146197,449.5711669921875,2299400,0.0,0.0
2024-06-26 00:00:00-04:00,446.70987713973165,448.61412184669757,445.3680353080181,446.3448181152344,2451400,0.0,0.0
2024-06-27 00:00:00-04:00,442.58562418682163,442.7138946714002,436.10326748658946,436.84326171875,3313800,0.0,0.0
2024-06-28 00:00:00-04:00,438.7080899135284,442.31923550203703,432.86705514926575,435.2745056152344,4105000,0.0,0.0
2024-07-01 00:00:00-04:00,434.9192338708436,436.5669674930264,429.7392746125545,431.77178955078125,3149700,0.0,0.0
2024-07-02 00:00:00-04:00,429.19664267515316,438.82644364959674,429.19664267515316,438.7178955078125,2061300,0.0,0.0
2024-07-03 00:00:00-04:00,439.37897549021255,443.29601276758206,438.3528417404299,442.2008056640625,3192400,0.0,0.0
2024-07-05 00:00:00-04:00,441.145093914978,443.94723199044887,438.35286217535673,443.49334716796875,2220700,0.0,0.0
2024-07-08 00:00:00-04:00,443.2861952318424,444.5984385743703,439.0632955264775,440.2867431640625,1802700,0.0,0.0
2024-07-09 00:00:00-04:00,441.3439920735664,442.2629368530073,437.5298616186606,439.41717529296875,1608400,0.66,0.0
2024-07-10 00:00:00-04:00,429.44700377236586,432.2137590575658,423.9530566174511,428.4885559082031,4760900,0.0,0.0
2024-07-11 00:00:00-04:00,426.86802906533154,432.5694731347638,425.0004669637503,431.23553466796875,4032600,0.0,0.0
2024-07-12 00:00:00-04:00,432.2038853330385,436.97652406551526,432.1248489640626,434.8816833496094,2645600,0.0,0.0
2024-07-15 00:00:00-04:00,435.099078944492,439.12073654689624,433.52797099536804,438.7254943847656,1727700,0.0,0.0
2024-07-16 00:00:00-04:00,441.6305723561979,441.84796006928565,434.47658968829046,438.2610778808594,2846600,0.0,0.0
2024-07-17 00:00:00-04:00,437.1445303072372,446.15618500188003,436.80857293498605,445.80047607421875,2925000,0.0,0.0
2024-07-18 00:00:00-04:00,443.4190467038234,450.01968399470576,442.1641446029505,443.389404296875,3339900,0.0,0.0
2024-07-19 00:00:00-04:00,445.85970461708047,445.87945616999747,438.3005893079595,438.4191589355469,2121700,0.0,0.0
2024-07-22 00:00:00-04:00,440.11873929471255,443.5178761017767,437.98439547480876,442.6186828613281,2111700,0.0,0.0
2024-07-23 00:00:00-04:00,442.7273848083343,443.4091903762798,435.8698260199007,436.47259521484375,2385500,0.0,0.0
2024-07-24 00:00:00-04:00,428.8442576780164,430.68214716507356,423.7653042992991,427.31268310546875,3764800,0.0,0.0
2024-07-25 00:00:00-04:00,428.7849598238307,432.5003020997677,424.45698773750865,424.49652099609375,2384300,0.0,0.0
2024-07-26 00:00:00-04:00,427.1447047802109,435.5437285631398,426.9767110363334,432.974609375,2039600,0.0,0.0
2024-07-29 00:00:00-04:00,433.5872549501323,437.6583366616137,430.2474330549794,436.05755615234375,2248600,0.0,0.0
2024-07-30 00:00:00-04:00,438.49821519482566,443.39931449442224,437.74726413435775,442.134521484375,2266900,0.0,0.0
2024-07-31 00:00:00-04:00,456.51161653531403,468.36906112064685,452.1046080745101,458.2012939453125,4313600,0.0,0.0
2024-08-01 00:00:00-04:00,459.930503140643,461.9462771571036,453.7349992204683,456.916748046875,2590100,0.0,0.0
2024-08-02 00:00:00-04:00,454.7527978276953,461.20522320429825,453.16190821164935,456.5314025878906,3808100,0.0,0.0
2024-08-05 00:00:00-04:00,449.5948028564453,455.8199496032097,434.36786316747134,436.7492370605469,4496700,0.0,0.0
2024-08-06 00:00:00-04:00,437.9547570199605,450.03948125423904,436.85792761488204,442.9743957519531,2758900,0.0,0.0
2024-08-07 00:00:00-04:00,445.17792982830434,451.4920343284966,443.70563992574364,444.4961242675781,2059800,0.0,0.0
2024-08-08 00:00:00-04:00,446.8675889837334,450.8497132473981,445.6719716657216,450.16790771484375,1585400,0.0,0.0
2024-08-09 00:00:00-04:00,450.167911583898,453.34966071148307,448.0731010070489,451.3536682128906,1760200,0.0,0.0
2024-08-12 00:00:00-04:00,452.3318886007226,453.0136941252239,448.49800657597405,450.276611328125,1760000,0.0,0.0
2024-08-13 00:00:00-04:00,452.697537084243,454.1797178235688,449.4861454823704,453.90301513671875,1816100,0.0,0.0
2024-08-14 00:00:00-04:00,453.8041791269552,455.068972017629,450.65207267624527,454.6934814453125,1654100,0.0,0.0
2024-08-15 00:00:00-04:00,459.57486711453,463.4285311721593,458.4879284944177,463.1419677734375,2130500,0.0,0.0
2024-08-16 00:00:00-04:00,462.4403856742856,464.6735476136943,460.5036779725663,463.3099365234375,1921900,0.0,0.0
2024-08-19 00:00:00-04:00,463.42851820490665,464.5648507579822,459.98984798159995,461.4325256347656,1690800,0.0,0.0
2024-08-20 00:00:00-04:00,462.5688285150139,464.09054244297704,459.9799577751948,463.54705810546875,1763300,0.0,0.0
2024-08-21 00:00:00-04:00,462.9739621365085,463.5174163197024,459.0016986450109,462.44036865234375,2105900,0.0,0.0
2024-08-22 00:00:00-04:00,463.9126952510989,465.31583966366486,461.15586070024887,463.25067138671875,1538200,0.0,0.0
2024-08-23 00:00:00-04:00,464.71299487464165,464.75252813259146,456.41278985256037,460.89886474609375,1986300,0.0,0.0
2024-08-26 00:00:00-04:00,462.5391604523972,464.94028576217295,461.45222199271234,463.07275390625,1434400,0.0,0.0
2024-08-27 00:00:00-04:00,465.48382653052107,469.85133273393404,462.6578161645249,469.3473815917969,1635900,0.0,0.0
2024-08-28 00:00:00-04:00,469.35721848115605,470.7504719483053,463.30003523679227,466.1952209472656,1445300,0.0,0.0
2024-08-29 00:00:00-04:00,468.8334983436553,476.1950075575976,468.8334983436553,475.0882873535156,1893400,0.0,0.0
2024-08-30 00:00:00-04:00,476.1159334028215,479.9695969600241,473.9519472985766,477.5981140136719,2982100,0.0,0.0
2024-09-03 00:00:00-04:00,476.7384568181015,480.9083261667415,474.33733145196436,476.3926086425781,2063700,0.0,0.0
2024-09-04 00:00:00-04:00,476.3629681645427,480.39451635231677,475.46377496655896,477.4005126953125,2156300,0.0,0.0
2024-09-05 00:00:00-04:00,477.40051291031114,478.40838488018755,467.489636175504,471.68914794921875,2293500,0.0,0.0
2024-09-06 00:00:00-04:00,471.44212728823055,474.7325852307221,469.0706442701092,470.4638977050781,2116200,0.0,0.0
2024-09-09 00:00:00-04:00,474.791848581837,483.3983687568392,473.8729038540498,481.3035583496094,2343600,0.0,0.0
2024-09-10 00:00:00-04:00,481.31348024680625,482.52884910870654,476.60012637149697,482.2225341796875,2234100,0.0,0.0
2024-09-11 00:00:00-04:00,480.74036214653563,483.29959055554707,472.1634836695711,482.3806457519531,2480000,0.0,0.0
2024-09-12 00:00:00-04:00,481.1653016785624,487.02484915420933,477.2622135430555,486.26397705078125,2299100,0.0,0.0
2024-09-13 00:00:00-04:00,487.24219366438683,490.9476453042675,485.61180097384783,487.49908447265625,2204700,0.0,0.0
2024-09-16 00:00:00-04:00,489.4160503959161,492.4001934759291,487.52876685907603,491.79742431640625,1589200,0.0,0.0
2024-09-17 00:00:00-04:00,492.67682959324213,495.7795119190095,491.935739305092,495.0384216308594,2202800,0.0,0.0
2024-09-18 00:00:00-04:00,495.32501119673,495.83882296788863,488.1710288861672,488.8824768066406,2193800,0.0,0.0
2024-09-19 00:00:00-04:00,494.06024233312485,495.1768233056048,480.4735856689639,487.1532897949219,3517200,0.0,0.0
2024-09-20 00:00:00-04:00,483.8331859514038,487.66709823029385,481.9458722200927,486.886474609375,3470200,0.0,0.0
2024-09-23 00:00:00-04:00,487.3014921058532,491.7776766058061,485.46357236045185,491.2342224121094,2191300,0.0,0.0
2024-09-24 00:00:00-04:00,486.82719614211913,487.39043205905335,478.6653413940109,481.61981201171875,4143700,0.0,0.0
2024-09-25 00:00:00-04:00,479.00127182843084,484.08019518485617,477.7957636912568,483.63555908203125,3483200,0.0,0.0
2024-09-26 00:00:00-04:00,485.1671477739225,487.76590941878123,483.1909068461265,485.4339294433594,3073700,0.0,0.0
2024-09-27 00:00:00-04:00,485.19680768665137,490.10776777560466,484.5644262475641,487.77581787109375,2177200,0.0,0.0
2024-09-30 00:00:00-04:00,485.9378759457727,489.10973416155343,484.2877015184098,487.9338684082031,2862400,0.0,0.0
2024-10-01 00:00:00-04:00,491.3527966917858,492.11363860116825,487.25207259947456,490.4832458496094,3748100,0.0,0.0
2024-10-02 00:00:00-04:00,487.0840997055719,490.01881866436156,483.86281737129923,489.682861328125,1736500,0.0,0.0
2024-10-03 00:00:00-04:00,489.66306239607684,491.1847762873051,487.1433673854105,489.0899658203125,1382200,0.0,0.0
2024-10-04 00:00:00-04:00,489.67294448431403,493.1214750410724,486.6196560577361,491.78753662109375,1935600,0.0,0.0
2024-10-07 00:00:00-04:00,491.4219270820581,492.6076836767202,484.92010782960693,485.46356201171875,1990500,0.0,0.0
2024-10-08 00:00:00-04:00,486.649294263351,491.6195386411994,485.6908162745393,491.1551208496094,1750100,0.0,0.0
2024-10-09 00:00:00-04:00,493.1142141387684,495.4591683268872,490.35368430693234,494.6676330566406,1707500,0.66,0.0
2024-10-10 00:00:00-04:00,494.7171167757279,495.4295106316904,490.60106674073745,492.7580261230469,1491000,0.0,0.0
2024-10-11 00:00:00-04:00,491.26400023581397,497.6062772869061,491.22441441189227,496.9532470703125,1919900,0.0,0.0
2024-10-14 00:00:00-04:00,499.0310457943014,503.4142624873033,496.74545508344477,501.3067626953125,2127000,0.0,0.0
2024-10-15 00:00:00-04:00,500.2777227520945,504.492722168711,498.67484415567304,501.8707275390625,2885900,0.0,0.0
2024-10-16 00:00:00-04:00,501.0000549020583,509.9544532743212,500.6537468642116,508.63848876953125,2956700,0.0,0.0
2024-10-17 00:00:00-04:00,510.8349632062392,511.5770388588957,506.1153729255923,508.33172607421875,2227400,0.0,0.0
2024-10-18 00:00:00-04:00,509.10343065003894,512.526894582146,507.16417834733784,510.88446044921875,2604600,0.0,0.0
2024-10-21 00:00:00-04:00,511.5275723346214,513.3382538119829,508.50981013253266,509.5685119628906,2217500,0.0,0.0
2024-10-22 00:00:00-04:00,505.7492810374912,509.1133512501714,505.1061548519271,507.59954833984375,1855800,0.0,0.0
2024-10-23 00:00:00-04:00,507.24330013372054,509.28153212885604,506.49135068963204,508.302001953125,1759700,0.0,0.0
2024-10-24 00:00:00-04:00,506.49138918961114,507.9162071278241,504.07716719135146,505.22491455078125,1911900,0.0,0.0
2024-10-25 00:00:00-04:00,507.0850657966125,509.2914849043613,500.2777531552818,501.9993591308594,1582200,0.0,0.0
2024-10-28 00:00:00-04:00,502.03892323658476,505.4623572243857,500.79225663705984,502.8403625488281,2186400,0.0,0.0
2024-10-29 00:00:00-04:00,502.1774523946824,505.98678018011225,500.35689705358425,500.9307556152344,2066300,0.0,0.0
2024-10-30 00:00:00-04:00,507.1047996314739,510.9932685155341,501.6431039089994,508.2624206542969,3121000,0.0,0.0
2024-10-31 00:00:00-04:00,515.7426441146044,522.3224065601398,493.75741211116053,494.3114929199219,5523300,0.0,0.0
2024-11-01 00:00:00-04:00,495.1524390726241,505.15560405022956,493.2626161821331,502.7117004394531,3753700,0.0,0.0
2024-11-04 00:00:00-05:00,503.760542187381,504.6114411042054,497.71508353464253,500.2381286621094,2165100,0.0,0.0
2024-11-05 00:00:00-05:00,500.2381310852963,502.78098423393243,498.2889444975091,500.2183532714844,2132900,0.0,0.0
2024-11-06 00:00:00-05:00,515.356673777883,517.4740774219935,510.48867450949854,515.6238403320312,3673700,0.0,0.0
2024-11-07 00:00:00-05:00,518.453755278427,518.4933713067821,511.13197647688776,512.4083251953125,2382300,0.0,0.0
2024-11-08 00:00:00-05:00,514.8421722372625,523.2523621864441,514.0407330224217,519.2154541015625,2215600,0.0,0.0
2024-11-11 00:00:00-05:00,523.2623808664716,528.3877044231159,522.935910981386,524.5189819335938,2213400,0.0,0.0
2024-11-12 00:00:00-05:00,523.5096508109397,525.2906808183797,521.7286811937752,523.5789184570312,2577600,0.0,0.0
2024-11-13 00:00:00-05:00,524.4100103372588,524.8948234146333,510.96357349182733,516.3659057617188,2681500,0.0,0.0
2024-11-14 00:00:00-05:00,515.119257877261,516.8408638214261,512.1806671222774,514.901611328125,2480400,0.0,0.0
2024-11-15 00:00:00-05:00,513.0513699105787,517.8600058650779,512.5269407714926,516.3758544921875,2408100,0.0,0.0
2024-11-18 00:00:00-05:00,513.1107329369607,517.9589245151138,511.5375059118556,516.1185913085938,2493400,0.0,0.0
2024-11-19 00:00:00-05:00,513.2986885920941,517.127794005428,511.3000122403341,513.9714965820312,2716000,0.0,0.0
2024-11-20 00:00:00-05:00,516.0196988635038,516.9794211460496,505.6009267093423,507.1246337890625,2409400,0.0,0.0
2024-11-21 00:00:00-05:00,507.8073250241996,514.6245415570394,506.17476453715494,509.6575622558594,3077300,0.0,0.0
2024-11-22 00:00:00-05:00,511.4682202446512,516.1977447679523,510.72614458524157,515.356689453125,3130400,0.0,0.0
2024-11-25 00:00:00-05:00,516.1285163598401,522.6686625082552,515.5150719326522,521.0360717773438,4503900,0.0,0.0
2024-11-26 00:00:00-05:00,522.3222898623113,525.0432336597959,519.5122704233743,522.8961181640625,2326800,0.0,0.0
2024-11-27 00:00:00-05:00,523.4601719583367,527.981893676479,521.0162983758354,526.7550048828125,2086300,0.0,0.0
2024-11-29 00:00:00-05:00,527.3782886311507,530.1091364578934,524.4297942858856,527.3090209960938,1760600,0.0,0.0
2024-12-02 00:00:00-05:00,527.2992076526098,529.1692529498712,520.6699858475242,525.7457885742188,2355100,0.0,0.0
2024-12-03 00:00:00-05:00,529.0207081270996,529.1691473967435,520.402775850752,520.6204223632812,2319400,0.0,0.0
2024-12-04 00:00:00-05:00,518.1073134052349,520.7194340579523,512.6950771954697,515.6337280273438,2630000,0.0,0.0
2024-12-05 00:00:00-05:00,519.0571555375633,521.8968268514443,516.6528376859292,519.2254028320312,2538600,0.0,0.0
2024-12-06 00:00:00-05:00,517.4048062476218,525.389547292286,516.9793567989067,522.9852294921875,2122700,0.0,0.0
2024-12-09 00:00:00-05:00,523.4304631612067,525.9733161240028,516.3658889741638,517.2959594726562,2942000,0.0,0.0
2024-12-10 00:00:00-05:00,516.9893312781725,524.0637503645786,514.7234880571904,523.420654296875,2003200,0.0,0.0
2024-12-11 00:00:00-05:00,523.5987276596575,530.2279493961247,521.6990307563748,528.8031616210938,2181100,0.0,0.0
2024-12-12 00:00:00-05:00,530.6236162500815,531.0787776975939,526.3492534938807,526.7846069335938,1860400,0.0,0.0
2024-12-13 00:00:00-05:00,528.5261252373316,529.0307464138913,523.3216909391133,523.4107666015625,1608200,0.0,0.0
2024-12-16 00:00:00-05:00,526.3789943580086,529.3472969577718,523.4106917582454,524.7068481445312,2923000,0.0,0.0
2024-12-17 00:00:00-05:00,523.8065004962939,526.1613587723393,519.3243344900341,525.3994750976562,4055800,0.0,0.0
2024-12-18 00:00:00-05:00,524.7167717592037,531.4548164968761,514.2188889993689,514.4662475585938,3190300,0.0,0.0
2024-12-19 00:00:00-05:00,518.6218062091313,523.6283408697396,516.6825538175235,517.7511596679688,3050500,0.0,0.0
2024-12-20 00:00:00-05:00,517.3454138530743,526.4581238451094,513.9318540586464,522.450927734375,7317100,0.0,0.0
2024-12-23 00:00:00-05:00,520.2742207977983,523.8065082642496,515.6238678143635,523.3711547851562,2270300,0.0,0.0
2024-12-24 00:00:00-05:00,523.6779064735997,530.0795173484397,522.2531186790816,530.0498657226562,955000,0.0,0.0
2024-12-26 00:00:00-05:00,527.9918357059596,532.0188405947175,527.2893156053204,530.4852294921875,1109600,0.0,0.0
2024-12-27 00:00:00-05:00,527.9720411731007,531.8803188756459,525.1917331064803,526.5769653320312,1541800,0.0,0.0
2024-12-30 00:00:00-05:00,521.4319454217592,522.9853647261118,515.8218691042053,519.9972534179688,2101600,0.0,0.0
2024-12-31 00:00:00-05:00,522.0947010652345,523.5986602982471,520.0070095022229,521.00634765625,1942600,0.0,0.0
2025-01-02 00:00:00-05:00,523.5986683710574,524.9541883463496,512.1904634573763,516.8804321289062,2818800,0.0,0.0
2025-01-03 00:00:00-05:00,517.0090608432421,518.9186615260635,512.2102689309359,515.8513793945312,1627500,0.0,0.0
2025-01-06 00:00:00-05:00,515.465551866635,515.8514457324975,505.6108250110938,506.5210876464844,2920800,0.0,0.0
2025-01-07 00:00:00-05:00,508.25258248478366,510.8746074250174,505.68004737454027,505.9966735839844,2211800,0.0,0.0
2025-01-08 00:00:00-05:00,506.6298686255218,511.9827414935233,506.12527771362636,510.94384765625,2456700,0.0,0.0
2025-01-10 00:00:00-05:00,507.455830469903,509.0809085831198,498.7756030370286,500.0736999511719,2815500,0.76,0.0
2025-01-13 00:00:00-05:00,496.43719079200946,501.54028161549587,495.3670400933495,500.31158447265625,2885500,0.0,0.0
2025-01-14 00:00:00-05:00,502.4518719887742,504.75074986804907,499.6179036873352,504.38409423828125,2704800,0.0,0.0
2025-01-15 00:00:00-05:00,510.87443194957973,518.9997622029595,509.0511632155464,517.5926513671875,3024800,0.0,0.0
2025-01-16 00:00:00-05:00,518.8512194838754,522.3193438586659,515.9776065244762,518.3756103515625,3275600,0.0,0.0
2025-01-17 00:00:00-05:00,519.8024844388259,523.3201412583701,516.2649904128651,519.92138671875,2374800,0.0,0.0
2025-01-21 00:00:00-05:00,522.8543511988842,525.1532292378079,522.1111817652387,523.250732421875,2706900,0.0,0.0
2025-01-22 00:00:00-05:00,523.1912011565629,525.4702416415037,520.8824048687775,522.378662109375,2037600,0.0,0.0
2025-01-23 00:00:00-05:00,524.2316560198944,529.4833740837847,523.8650306395374,529.3545532226562,2196500,0.0,0.0
2025-01-24 00:00:00-05:00,528.1357183622608,531.1777652172884,527.3034026339384,528.6311645507812,2472900,0.0,0.0
2025-01-27 00:00:00-05:00,528.7203986323882,542.999131908068,526.8178416256733,542.65234375,3074600,0.0,0.0
2025-01-28 00:00:00-05:00,541.5623998053759,546.5267812244869,537.7177318212026,542.3749389648438,2727800,0.0,0.0
2025-01-29 00:00:00-05:00,542.018224355141,545.5953319423476,541.5227780805933,543.8018188476562,2549000,0.0,0.0
2025-01-30 00:00:00-05:00,549.9452461786846,571.6854264377838,549.4795558110686,560.85498046875,6005200,0.0,0.0
2025-01-31 00:00:00-05:00,558.6850632449605,560.3893694571774,549.5886765931333,550.3714599609375,4505100,0.0,0.0
2025-02-03 00:00:00-05:00,547.6069705334622,559.8543901100429,546.0512616963493,558.81396484375,3195500,0.0,0.0
2025-02-04 00:00:00-05:00,565.6807695337325,566.790564401911,552.5019101146498,554.0179443359375,2638900,0.0,0.0
2025-02-05 00:00:00-05:00,556.2374353191061,561.7071808263878,554.7015641652204,561.1324462890625,2404700,0.0,0.0
2025-02-06 00:00:00-05:00,560.9740409620399,564.5610673899571,559.3984950933218,561.99462890625,1738400,0.0,0.0
2025-02-07 00:00:00-05:00,562.8863926292101,564.8582590327745,556.6636191618702,557.624755859375,2008300,0.0,0.0
2025-02-10 00:00:00-05:00,560.1020392039363,562.1036615987792,555.8907456760872,560.33984375,2357700,0.0,0.0
2025-02-11 00:00:00-05:00,559.8443438883921,561.271231507538,554.1268748101244,559.5570068359375,1847800,0.0,0.0
2025-02-12 00:00:00-05:00,556.8916295255885,559.6066659128259,554.3450279672395,559.4580078125,1722200,0.0,0.0
2025-02-13 00:00:00-05:00,560.4487882842874,562.2225246118401,556.3563973152415,561.15234375,1709500,0.0,0.0
2025-02-14 00:00:00-05:00,560.8550706967095,564.0556341017628,558.9921879680161,559.616455078125,1927400,0.0,0.0
2025-02-18 00:00:00-05:00,559.7552238427256,563.4512336886797,556.4060021964164,563.431396484375,2064100,0.0,0.0
2025-02-19 00:00:00-05:00,562.32163751778,565.5024245681147,561.4893215938603,563.3224487304688,2459100,0.0,0.0
2025-02-20 00:00:00-05:00,562.975666638495,563.3224548640231,553.9485888997236,558.1500244140625,2181900,0.0,0.0
2025-02-21 00:00:00-05:00,556.3168383018992,559.6561416044381,551.5110332700896,552.4325561523438,2256100,0.0,0.0
2025-02-24 00:00:00-05:00,553.3441195357625,556.3465529928427,551.7190412384507,553.908935546875,1752500,0.0,0.0
2025-02-25 00:00:00-05:00,557.317642614006,560.8848318223015,547.6564396556466,558.8931884765625,3609500,0.0,0.0
2025-02-26 00:00:00-05:00,557.46624954432,561.5189660834986,554.5034301063582,556.1582641601562,2028000,0.0,0.0
2025-02-27 00:00:00-05:00,560.4190726876279,569.4659259574233,558.863364221201,559.6759033203125,2436500,0.0,0.0
2025-02-28 00:00:00-05:00,562.1332677227648,571.1801205158821,558.8633347747251,571.0612182617188,3205400,0.0,0.0
2025-03-03 00:00:00-05:00,572.0719224271587,576.9272588673517,564.8086642491966,569.683837890625,3092600,0.0,0.0
2025-03-04 00:00:00-05:00,565.264496897361,567.9795323804469,546.9825201307971,550.0146484375,3318100,0.0,0.0
2025-03-05 00:00:00-05:00,547.547394922644,555.8807742419125,546.2988606951877,553.2152709960938,2795400,0.0,0.0
2025-03-06 00:00:00-05:00,543.5045146943619,550.6191153046801,539.729216838263,544.8125,3133200,0.0,0.0
2025-03-07 00:00:00-05:00,542.0875388417011,545.3673904257539,531.3958310991994,541.790283203125,3161300,0.0,0.0
2025-03-10 00:00:00-04:00,533.2488588227102,543.5640238284916,527.1746825520754,532.2282104492188,3893400,0.0,0.0
2025-03-11 00:00:00-04:00,532.3074907831756,533.1497252602719,517.4936350417954,521.0112915039062,4582600,0.0,0.0
2025-03-12 00:00:00-04:00,525.678411821152,527.8583875081147,514.5308707302673,519.8618774414062,2810800,0.0,0.0
2025-03-13 00:00:00-04:00,519.7231545064252,523.7164806054245,512.9950157087122,515.095703125,2375800,0.0,0.0
2025-03-14 00:00:00-04:00,517.8403967801175,523.597479791192,516.2054604411951,522.8345336914062,2369500,0.0,0.0
2025-03-17 00:00:00-04:00,518.48450658802,528.621317626233,516.7306074894796,527.1448974609375,2544800,0.0,0.0
2025-03-18 00:00:00-04:00,527.4918326006189,527.7395557690778,520.7240187041195,525.3613891601562,2363300,0.0,0.0
2025-03-19 00:00:00-04:00,526.7287876872821,532.7236758333502,524.7569210860452,531.2076416015625,2804300,0.0,0.0
2025-03-20 00:00:00-04:00,528.7402238496625,535.5674878193468,527.6997988007594,531.4949340820312,2598600,0.0,0.0
2025-03-21 00:00:00-04:00,530.5634341242051,533.1496487977911,525.9260649055869,530.8111572265625,5973400,0.0,0.0
2025-03-24 00:00:00-04:00,534.4379035733385,540.4923033683998,533.3380272942272,538.7185668945312,2758700,0.0,0.0
2025-03-25 00:00:00-04:00,540.977851219914,542.19662981896,537.0638131792997,540.1950073242188,2138200,0.0,0.0
2025-03-26 00:00:00-04:00,542.1569207272908,546.0115069518718,540.1552985838707,544.0693359375,2681600,0.0,0.0
2025-03-27 00:00:00-04:00,544.0693570350286,556.7131551233203,542.8109041955511,552.491943359375,2901200,0.0,0.0
2025-03-28 00:00:00-04:00,549.182352919433,553.5026903567382,535.1711783724594,535.6864013671875,2656400,0.0,0.0
2025-03-31 00:00:00-04:00,527.313383952878,546.4079038729279,526.1838123433924,543.1280517578125,4741800,0.0,0.0
2025-04-01 00:00:00-04:00,541.8200173518177,546.1304360975007,539.0455303941742,543.5144653320312,2714900,0.0,0.0
2025-04-02 00:00:00-04:00,537.915921657306,544.5252185904994,536.7169803641046,542.394775390625,2994600,0.0,0.0
2025-04-03 00:00:00-04:00,523.6074724495015,535.0721075639658,522.2004218334108,525.7180786132812,3443500,0.0,0.0
2025-04-04 00:00:00-04:00,514.8875978166375,516.1361321446935,483.8429465764878,485.3094482421875,6125100,0.0,0.0
2025-04-07 00:00:00-04:00,474.14205957452265,497.6262238373923,461.34963381597055,481.0981140136719,6009400,0.0,0.0
2025-04-08 00:00:00-04:00,496.4371335173892,500.9655194179653,467.36435172219336,475.54913330078125,3555400,0.0,0.0
2025-04-09 00:00:00-04:00,466.5674063177284,514.6027056311358,466.4582497760457,511.5458984375,4698400,0.76,0.0
2025-04-10 00:00:00-04:00,503.0106038541045,504.7970575394125,480.48168528258884,495.5770568847656,4105300,0.0,0.0
2025-04-11 00:00:00-04:00,494.5051666460767,512.0221214707047,492.1728699795533,505.9085693359375,3736200,0.0,0.0
2025-04-14 00:00:00-04:00,511.9824817010835,519.4755739988415,504.6680256832153,508.59820556640625,3005500,0.0,0.0
2025-04-15 00:00:00-04:00,509.53115194713166,517.3616485622669,509.5112832787753,513.4811401367188,2210700,0.0,0.0
2025-04-16 00:00:00-04:00,512.1611339040501,517.7883889087478,506.0277124696586,509.5608825683594,2501000,0.0,0.0
2025-04-17 00:00:00-04:00,507.0995921495745,520.0313691010979,505.29330004707697,513.4315185546875,3329800,0.0,0.0
2025-04-21 00:00:00-04:00,513.1039903296692,513.7491162884064,499.7454307060641,505.48187255859375,3345600,0.0,0.0
2025-04-22 00:00:00-04:00,511.7343630674999,524.8150333693611,508.8859957869273,523.3561401367188,2384000,0.0,0.0
2025-04-23 00:00:00-04:00,533.6877205431982,539.8410110594351,523.6439870956522,526.0159912109375,3051800,0.0,0.0
2025-04-24 00:00:00-04:00,524.705924431011,532.0005124061109,521.3117136721066,531.4249267578125,2209100,0.0,0.0
2025-04-25 00:00:00-04:00,531.4248981235842,532.8738570759576,525.8869309704556,529.4597778320312,2006100,0.0,0.0
2025-04-28 00:00:00-04:00,531.9905917748232,533.7075353843751,526.5022359040977,530.462158203125,1735400,0.0,0.0
2025-04-29 00:00:00-04:00,530.3133125505732,536.4069963023367,529.3902675988413,535.613037109375,2041500,0.0,0.0
2025-04-30 00:00:00-04:00,534.4717792335433,544.932330183157,525.5594094508399,543.929931640625,3783500,0.0,0.0
2025-05-01 00:00:00-04:00,545.8553418908873,548.6640327020394,535.6627145773299,542.5107421875,2839900,0.0,0.0
2025-05-02 00:00:00-04:00,551.4428248569576,558.1419574363249,550.8076333039769,555.1744995117188,2632600,0.0,0.0
2025-05-05 00:00:00-04:00,553.606425575804,560.2956242606595,551.6611740330181,556.8914794921875,2130900,0.0,0.0
2025-05-06 00:00:00-04:00,552.2864321409236,561.4766598841377,551.909290916997,554.7775268554688,2341700,0.0,0.0
2025-05-07 00:00:00-04:00,555.0554611735913,562.9554372759952,554.2813100373141,562.062255859375,2493700,0.0,0.0
2025-05-08 00:00:00-04:00,565.1587108248776,569.5453853174997,562.7271615918476,562.8462524414062,2004300,0.0,0.0
2025-05-09 00:00:00-04:00,563.1738235749757,565.2877771713838,560.3452642539752,564.3548583984375,1528000,0.0,0.0
2025-05-12 00:00:00-04:00,575.6292361628882,576.4132610740353,562.1614896960523,573.9122924804688,3000300,0.0,0.0
2025-05-13 00:00:00-04:00,573.6443430726281,578.467704844842,571.4609095825689,572.2449951171875,2370200,0.0,0.0
2025-05-14 00:00:00-04:00,573.912286518263,574.2794934225356,567.9674357123733,568.9598999023438,2237500,0.0,0.0
2025-05-15 00:00:00-04:00,569.803489551846,578.6463191311909,569.3271261085762,577.8126831054688,2034200,0.0,0.0
2025-05-16 00:00:00-04:00,576.0560837709614,579.8869816795684,576.0560837709614,578.8846435546875,2225900,0.0,0.0
2025-05-19 00:00:00-04:00,576.6416302268253,584.0156327484466,576.1056607336616,581.990966796875,1875500,0.0,0.0
2025-05-20 00:00:00-04:00,576.8599211968963,579.5891979327447,572.5029885241637,576.7308959960938,1964300,0.0,0.0
2025-05-21 00:00:00-04:00,572.1159428529523,574.6367801505099,562.8264317688013,565.248046875,2505300,0.0,0.0
2025-05-22 00:00:00-04:00,564.3746786526866,568.8407676582013,562.6577349301889,565.8435668945312,1869900,0.0,0.0
2025-05-23 00:00:00-04:00,560.2360624751768,563.2730002651605,558.2710028978942,559.3329467773438,1948800,0.0,0.0
2025-05-27 00:00:00-04:00,562.5485472407056,570.2302102126239,562.2210171040532,570.2202758789062,2655200,0.0,0.0
2025-05-28 00:00:00-04:00,570.2500270767072,574.477933742342,568.6223714502299,571.5798950195312,1702900,0.0,0.0
2025-05-29 00:00:00-04:00,571.5402582446872,574.2199235586173,568.6224112273327,573.4259643554688,1347800,0.0,0.0
2025-05-30 00:00:00-04:00,572.4334706585914,581.1869506835938,572.1654859684705,581.1869506835938,4581100,0.0,0.0
2025-06-02 00:00:00-04:00,576.1254207311617,577.4354806364739,570.4485550500114,576.8399658203125,2089100,0.0,0.0
2025-06-03 00:00:00-04:00,575.5002000350343,578.1401886797319,569.118662617517,577.5843505859375,2116900,0.0,0.0
2025-06-04 00:00:00-04:00,579.7678261771383,582.427623108278,577.8325087672,579.7281494140625,1530200,0.0,0.0
2025-06-05 00:00:00-04:00,581.8916371826613,582.2687783951903,578.2393764812452,581.0281982421875,1480000,0.0,0.0
2025-06-06 00:00:00-04:00,583.4795451192787,586.7050534594331,581.6236420895751,585.6729125976562,1528600,0.0,0.0
2025-06-09 00:00:00-04:00,584.3033763076618,585.5538909192855,575.6292487003146,579.9266357421875,1936000,0.0,0.0
2025-06-10 00:00:00-04:00,580.2442469377016,585.4248812371823,578.7654243247133,585.0973510742188,2133700,0.0,0.0
2025-06-11 00:00:00-04:00,585.8713900644535,590.2283218176929,583.1718563272359,586.2882080078125,2238100,0.0,0.0
2025-06-12 00:00:00-04:00,584.9881277086923,586.2187735438171,580.1548322182115,584.8392944335938,1984000,0.0,0.0
2025-06-13 00:00:00-04:00,568.5430835082765,570.9051533847553,548.3464592636163,557.7947387695312,5905400,0.0,0.0
2025-06-16 00:00:00-04:00,559.6505090971878,570.6668359613179,558.3999946863537,564.384521484375,3108200,0.0,0.0
2025-06-17 00:00:00-04:00,560.464295042495,566.9847914202087,559.7497499696941,565.15869140625,2246600,0.0,0.0
2025-06-18 00:00:00-04:00,566.5780404640026,566.7765454446629,530.1347188375566,534.6702880859375,6966800,0.0,0.0
2025-06-20 00:00:00-04:00,532.8838547917655,534.2832633912284,523.3562216441976,528.9536743164062,8202800,0.0,0.0
2025-06-23 00:00:00-04:00,527.4153129191492,539.0370906121472,523.5943499450648,538.262939453125,3681100,0.0,0.0
2025-06-24 00:00:00-04:00,552.981153457499,559.8688569025145,548.3264942919527,553.3285522460938,4503200,0.0,0.0
2025-06-25 00:00:00-04:00,551.810129925935,554.27142191276,544.4857388229875,545.5576171875,2889200,0.0,0.0
2025-06-26 00:00:00-04:00,541.4189799246863,544.773452917785,537.9850322658066,541.6968383789062,3764100,0.0,0.0
2025-06-27 00:00:00-04:00,542.6496767589316,552.5048391183288,541.4388389207826,546.1729125976562,3837500,0.0,0.0
2025-06-30 00:00:00-04:00,548.3365180178835,558.3901860811334,547.7410636763655,557.7053833007812,5054600,0.0,0.0
2025-07-01 00:00:00-04:00,555.1051105437424,562.0424259462704,552.8422629818616,560.355224609375,3827000,0.0,0.0
2025-07-02 00:00:00-04:00,558.6977953769654,561.7247990513679,553.1896312194121,557.2885131835938,2502300,0.0,0.0
2025-07-03 00:00:00-04:00,556.5540488036924,565.3670743098952,556.5143114714399,564.9502563476562,1528700,0.0,0.0
2025-07-07 00:00:00-04:00,566.3694919690284,566.448906061027,556.1272548085457,560.861328125,2478300,0.0,0.0
2025-07-08 00:00:00-04:00,560.3254259017027,562.3500309574987,556.1967411219719,558.2015380859375,3083800,0.0,0.0
2025-07-09 00:00:00-04:00,558.5195651427264,561.9183682882353,555.7865957403376,561.6102905273438,2454300,0.76,0.0
2025-07-10 00:00:00-04:00,562.1469651725366,562.554399361617,557.5356860416338,560.0301513671875,2577200,0.0,0.0
2025-07-11 00:00:00-04:00,556.3530808191358,557.3468878884443,542.469564519168,546.7727661132812,3221400,0.0,0.0
2025-07-14 00:00:00-04:00,547.0907408163625,555.6076738877676,544.3975020722224,549.5951538085938,2500900,0.0,0.0
2025-07-15 00:00:00-04:00,549.6846296770426,551.4237920993652,545.252288838456,546.95166015625,2449100,0.0,0.0
2025-07-16 00:00:00-04:00,548.9988736642716,552.0797119140625,546.0969740618175,552.0797119140625,2424200,0.0,0.0
2025-07-17 00:00:00-04:00,549.555410986381,553.9281863320101,547.1007366530904,552.1691284179688,2722000,0.0,0.0
2025-07-18 00:00:00-04:00,551.8213003912495,552.9045160843816,547.4684207535212,549.2373657226562,2579600,0.0,0.0
2025-07-21 00:00:00-04:00,549.9728291156594,554.6238386902708,548.62120546905,551.215087890625,2194400,0.0,0.0
2025-07-22 00:00:00-04:00,552.3679394472201,556.7407150895959,551.8014621032869,555.2996826171875,2010400,0.0,0.0
2025-07-23 00:00:00-04:00,553.5605126791577,559.0065562772421,551.0660471070332,558.6090698242188,2180400,0.0,0.0
2025-07-24 00:00:00-04:00,558.5195433812112,564.323403047849,558.4201869424086,560.01025390625,1874700,0.0,0.0
2025-07-25 00:00:00-04:00,560.8649688982723,566.4303251369191,560.3581175644434,564.7010498046875,1513300,0.0,0.0
2025-07-28 00:00:00-04:00,563.8562827981941,568.1098059495282,562.7133804649353,564.7606811523438,2492400,0.0,0.0
2025-07-29 00:00:00-04:00,566.4998883527628,569.4514663140268,559.513395348686,559.8314208984375,2393800,0.0,0.0
2025-07-30 00:00:00-04:00,556.8598759462978,562.107145201105,551.7715891173851,555.6473999023438,2833200,0.0,0.0
2025-07-31 00:00:00-04:00,565.0488842360215,575.8515620654825,559.0264159122504,562.9618530273438,4568300,0.0,0.0
2025-08-01 00:00:00-04:00,560.3679920371166,561.3717467971715,552.6560401279196,556.422607421875,3316700,0.0,0.0
2025-08-04 00:00:00-04:00,560.7953546750655,566.3904931818957,559.0164619039871,566.2811889648438,2984700,0.0,0.0
2025-08-05 00:00:00-04:00,566.0724353093209,568.2886661363298,558.6487262347946,562.5344848632812,2883200,0.0,0.0
2025-08-06 00:00:00-04:00,565.4662601709854,566.8277709684766,560.4773294006005,565.6054077148438,2245200,0.0,0.0
2025-08-07 00:00:00-04:00,569.4216180486558,570.3459120187295,550.4299791562731,557.744384765625,2979600,0.0,0.0
2025-08-08 00:00:00-04:00,560.2586973396167,572.5918155444498,559.2052643438545,570.7632446289062,2907700,0.0,0.0
2025-08-11 00:00:00-04:00,571.4390831202404,573.0192631001111,565.9135180645299,570.037841796875,2116600,0.0,0.0
2025-08-12 00:00:00-04:00,571.6179525940688,574.7385214026348,566.9272122623809,570.6241455078125,2593800,0.0,0.0
2025-08-13 00:00:00-04:00,573.7546896469557,576.6764850471556,570.4850253555575,574.3211669921875,2352900,0.0,0.0
2025-08-14 00:00:00-04:00,573.8937510105762,580.7808875209512,571.9359801591833,580.1448364257812,2642300,0.0,0.0
2025-08-15 00:00:00-04:00,581.3771464737745,585.908904368719,577.5112223437749,578.0975952148438,2263800,0.0,0.0
2025-08-18 00:00:00-04:00,578.415534044247,581.8640150071225,577.0937538313782,580.5223999023438,1812000,0.0,0.0
2025-08-19 00:00:00-04:00,580.7907480250229,586.9126333854488,580.6019222603338,581.8839721679688,2334500,0.0,0.0
2025-08-20 00:00:00-04:00,582.2814287297359,590.2021020077158,582.2814287297359,589.009521484375,2884600,0.0,0.0
2025-08-21 00:00:00-04:00,585.3921032050637,588.5425153360256,580.3137635610957,588.2542724609375,2349200,0.0,0.0
2025-08-22 00:00:00-04:00,591.6133037447481,598.0432666718583,589.4070812874597,595.2506713867188,2388900,0.0,0.0
2025-08-25 00:00:00-04:00,594.1176904596882,595.3301058484158,589.1883860487944,589.5362548828125,1984300,0.0,0.0
2025-08-26 00:00:00-04:00,589.4071560660909,592.3090559332991,582.6591667592795,587.9462280273438,4774600,0.0,0.0
2025-08-27 00:00:00-04:00,587.5487176262346,590.9375731492249,586.1673111990464,587.0020751953125,1480900,0.0,0.0
2025-08-28 00:00:00-04:00,587.1610411760715,589.8542799008084,586.0678171149933,586.8231201171875,2159800,0.0,0.0
2025-08-29 00:00:00-04:00,588.3337901050431,593.1338952752119,586.6045754946789,591.6033935546875,2111200,0.0,0.0
2025-09-02 00:00:00-04:00,591.931304960839,591.931304960839,582.3708867241858,588.2045288085938,2284500,0.0,0.0
2025-09-03 00:00:00-04:00,588.1648635926515,590.3214079812351,585.3126421137333,589.6058959960938,1959400,0.0,0.0
2025-09-04 00:00:00-04:00,589.3574111239441,592.1996846672379,585.6405218859821,591.9512329101562,1653700,0.0,0.0
2025-09-05 00:00:00-04:00,591.7822580826584,594.873044123978,575.4441283249992,580.6019287109375,2432100,0.0,0.0
2025-09-08 00:00:00-04:00,579.011830628436,586.1374098484714,577.1037381686823,582.9671630859375,1948200,0.0,0.0
2025-09-09 00:00:00-04:00,579.9261277146024,587.5188279195293,579.6876237344966,580.38330078125,2266000,0.0,0.0
2025-09-10 00:00:00-04:00,578.5249005287882,578.5249005287882,567.4638232544596,575.7919311523438,2535200,0.0,0.0
2025-09-11 00:00:00-04:00,577.282623572192,586.3162953681255,576.4180163219454,585.083984375,2407000,0.0,0.0
2025-09-12 00:00:00-04:00,582.8081760121677,585.5610407959563,576.4080565442517,576.8154907226562,2242800,0.0,0.0
2025-09-15 00:00:00-04:00,579.1211145959815,582.8677862726813,577.8987514365971,579.3497314453125,2222600,0.0,0.0
2025-09-16 00:00:00-04:00,574.4303790759924,584.4678052562775,573.2576941248602,582.7882690429688,2537000,0.0,0.0
2025-09-17 00:00:00-04:00,584.0703133805645,595.181067973141,583.801966089656,594.9226684570312,2930800,0.0,0.0
2025-09-18 00:00:00-04:00,592.3885688901374,597.8942385338261,582.2517240693951,582.420654296875,3294600,0.0,0.0
2025-09-19 00:00:00-04:00,584.9746986254881,585.2231503870144,577.9087450854051,580.5422973632812,6745300,0.0,0.0
2025-09-22 00:00:00-04:00,577.3720192344217,583.712512698235,576.547203103924,580.8702392578125,3241700,0.0,0.0
2025-09-23 00:00:00-04:00,581.8243602094963,583.2256014865045,564.7308665050114,566.440185546875,3223000,0.0,0.0
2025-09-24 00:00:00-04:00,567.742088331162,568.1196791840795,561.4512730786438,565.287353515625,2867200,0.0,0.0
2025-09-25 00:00:00-04:00,561.5009990163151,568.8452478797537,561.0736692516764,563.7867431640625,2700600,0.0,0.0
2025-09-26 00:00:00-04:00,563.1109508007358,566.1321024228857,560.5668071565125,561.6301879882812,2106500,0.0,0.0
2025-09-29 00:00:00-04:00,562.4948202732025,565.7942671338777,559.026443189033,564.62158203125,2615600,0.0,0.0
2025-09-30 00:00:00-04:00,562.3059325352875,567.0960895225562,560.1593361185973,565.287353515625,2379200,0.0,0.0
2025-10-01 00:00:00-04:00,562.1768094767501,571.9061594334738,561.5109756843016,570.2167358398438,3685100,0.0,0.0
2025-10-02 00:00:00-04:00,569.1830898674027,576.2491040617024,567.2352668784392,573.754638671875,2483500,0.0,0.0
2025-10-03 00:00:00-04:00,572.860222704169,579.6081511158128,572.860222704169,576.8553466796875,2331600,0.0,0.0
2025-10-06 00:00:00-04:00,575.6428458497551,577.5410513086227,565.7346185443572,575.2254638671875,2573500,0.0,0.0
2025-10-07 00:00:00-04:00,575.4043121182365,582.4504305218023,575.3247905732775,576.2490844726562,2120700,0.0,0.0
2025-10-08 00:00:00-04:00,577.719961816966,579.4591242755804,572.5124222174628,572.8701782226562,1934700,0.0,0.0
2025-10-09 00:00:00-04:00,574.4224964544785,576.5719875620148,559.764412647517,561.79443359375,2579800,0.76,0.0
2025-10-10 00:00:00-04:00,564.8097114430644,566.6406965601308,553.9728499504212,554.7589721679688,3553900,0.0,0.0
2025-10-13 00:00:00-04:00,555.2764380544013,562.2422715066966,550.3108036399389,556.5103759765625,2996500,0.0,0.0
2025-10-14 00:00:00-04:00,553.2862078404471,567.0287998898718,553.2862078404471,565.1480102539062,2627300,0.0,0.0
2025-10-15 00:00:00-04:00,561.5457060488693,565.914293553121,556.6696588138108,560.06298828125,2262400,0.0,0.0
2025-10-16 00:00:00-04:00,560.0529654974874,561.8939721044451,544.7182083101683,547.196044921875,3210600,0.0,0.0
2025-10-17 00:00:00-04:00,549.7933430432181,560.053018557162,549.3157053100937,558.23193359375,2756700,0.0,0.0
2025-10-20 00:00:00-04:00,558.9584137819801,564.6504659123256,551.0869876435563,563.5956420898438,2046400,0.0,0.0
2025-10-21 00:00:00-04:00,559.4160952285487,573.1686477094717,558.0329259172561,569.2379760742188,2722400,0.0,0.0
2025-10-22 00:00:00-04:00,568.2627435392908,573.6164890962738,565.8048285437154,568.5712280273438,1820500,0.0,0.0
2025-10-23 00:00:00-04:00,571.5565686543443,574.1737366408021,568.8796959537838,570.969482421875,2187500,0.0,0.0
2025-10-24 00:00:00-04:00,574.422577829301,577.985121451038,570.2829088219405,570.8699951171875,1839600,0.0,0.0
2025-10-27 00:00:00-04:00,572.9098693718147,572.9098693718147,563.7149797248437,569.5662841796875,2981000,0.0,0.0
2025-10-28 00:00:00-04:00,570.2827884056978,571.1883199314223,562.6900259111765,563.1676635742188,2916000,0.0,0.0
2025-10-29 00:00:00-04:00,558.8886846603802,564.0433937534634,548.5394228426751,551.8731079101562,3763400,0.0,0.0
2025-10-30 00:00:00-04:00,548.8678306162944,560.1723678259252,542.9767431705668,550.9774780273438,4284700,0.0,0.0
2025-10-31 00:00:00-04:00,546.2109314853558,551.7238693744919,540.8771077438181,549.2957763671875,3567100,0.0,0.0
2025-11-03 00:00:00-05:00,547.3155390881556,548.3106582501341,537.7225757897423,541.4144897460938,3175500,0.0,0.0
2025-11-04 00:00:00-05:00,542.1707370026397,551.325844544919,539.8321707583509,550.0520629882812,2653900,0.0,0.0
2025-11-05 00:00:00-05:00,550.3008294917252,553.6145929035926,546.6885425151054,550.6093139648438,2198500,0.0,0.0
2025-11-06 00:00:00-05:00,547.4946231337942,552.2911045191695,545.1859395165234,550.5795288085938,2593600,0.0,0.0
2025-11-07 00:00:00-05:00,551.0969639267937,555.943189247448,547.9822361802867,549.27587890625,2510400,0.0,0.0
2025-11-10 00:00:00-05:00,549.5843737031495,551.9925447785074,545.9024211000758,550.2610473632812,1978300,0.0,0.0
2025-11-11 00:00:00-05:00,550.3008322250772,555.8038697012063,545.335197905418,555.6246948242188,1832400,0.0,0.0
2025-11-12 00:00:00-05:00,557.2666236876837,563.1477500811441,555.6843577996126,558.4906005859375,1761500,0.0,0.0
2025-11-13 00:00:00-05:00,557.147236876174,560.8490504441371,552.1517200037939,552.8582763671875,2031300,0.0,0.0
2025-11-14 00:00:00-05:00,553.3259588620972,554.2812949881671,541.3944915119987,543.0662841796875,2567800,0.0,0.0
2025-11-17 00:00:00-05:00,543.3350395361396,546.6388423031078,533.5928452164605,534.2296752929688,2557900,0.0,0.0
2025-11-18 00:00:00-05:00,530.9557365397751,533.3838295365583,522.1389960240023,525.0049438476562,3594700,0.0,0.0
2025-11-19 00:00:00-05:00,525.5721271388395,528.4081920100978,522.417556160054,527.7713012695312,2723100,0.0,0.0
2025-11-20 00:00:00-05:00,530.6870343156545,535.8318437095389,524.6068712907897,525.303466796875,3240300,0.0,0.0
2025-11-21 00:00:00-05:00,529.940707789294,541.7527667396079,529.0749590245094,537.7623901367188,3807500,0.0,0.0
2025-11-24 00:00:00-05:00,540.7874733962273,541.3845205031037,532.4981150951704,535.2247314453125,5941000,0.0,0.0
2025-11-25 00:00:00-05:00,538.8569608585108,547.7135446208898,536.3691632552859,543.8026733398438,3132600,0.0,0.0
2025-11-26 00:00:00-05:00,545.802863025622,545.9919380697335,541.5139024602729,542.2702026367188,2185300,0.0,0.0
2025-11-28 00:00:00-05:00,545.4546463676735,548.7087053156318,542.7578516956506,547.8429565429688,1254800,0.0,0.0
2025-12-01 00:00:00-05:00,544.967011014713,547.0965803582449,540.7377550530218,541.3148803710938,2227000,0.0,0.0
2025-12-02 00:00:00-05:00,544.6087913613859,552.0423016273471,538.3991973729142,543.2454223632812,3076000,0.0,0.0
2025-12-03 00:00:00-05:00,544.6485356459596,552.3607078574091,543.8325307815693,551.0272216796875,2687900,0.0,0.0
2025-12-04 00:00:00-05:00,554.3112093177178,556.2715647480131,536.9264474371255,539.6630249023438,2878800,0.0,0.0
2025-12-05 00:00:00-05:00,539.0659597080545,547.7533295345941,538.6081830819664,542.8573608398438,2126700,0.0,0.0
2025-12-08 00:00:00-05:00,544.0515016117612,544.6585704413859,534.7670838594769,537.8021850585938,2453800,0.0,0.0
2025-12-09 00:00:00-05:00,536.080580553684,539.2550126061908,533.3041596604628,534.9262084960938,1965300,0.0,0.0
2025-12-10 00:00:00-05:00,535.4635970523245,542.29009865753,534.8764501315145,536.2297973632812,3023400,0.0,0.0
2025-12-11 00:00:00-05:00,540.1207514081906,562.3715973557839,540.001341988863,560.6201782226562,3659900,0.0,0.0
2025-12-12 00:00:00-05:00,563.2373790899761,570.9097687871581,563.1279305720391,569.138427734375,3515400,0.0,0.0
2025-12-15 00:00:00-05:00,570.083808267288,570.5017412633576,564.3916956975079,566.3521118164062,2714000,0.0,0.0
2025-12-16 00:00:00-05:00,567.9144742504873,568.2129978286919,559.73456378419,563.25732421875,2748700,0.0,0.0
2025-12-17 00:00:00-05:00,562.7597654816461,568.9692988661855,560.8093102058361,562.7099609375,3287100,0.0,0.0
2025-12-18 00:00:00-05:00,562.2422342438679,566.3520805673203,560.2917791410832,563.4463500976562,2259000,0.0,0.0
2025-12-19 00:00:00-05:00,563.4562755156959,570.1435070697106,562.4412953929074,569.4369506835938,7262100,0.0,0.0
2025-12-22 00:00:00-05:00,569.4369808372912,576.6217722933915,568.2130037851974,572.8900756835938,2500200,0.0,0.0
2025-12-23 00:00:00-05:00,573.0790883367655,578.8805883035661,572.9397571015654,573.5368041992188,1794700,0.0,0.0
2025-12-24 00:00:00-05:00,574.4324302019369,579.4478079869718,574.1836504573713,576.6217041015625,1058900,0.0,0.0
2025-12-26 00:00:00-05:00,576.9202882510689,578.363223068573,575.8555035440072,576.77099609375,972300,0.0,0.0
2025-12-29 00:00:00-05:00,576.7709995642584,579.1493487633917,574.5916863303316,575.079345703125,1274900,0.0,0.0
2025-12-30 00:00:00-05:00,573.268198024053,574.9599125526473,571.447113160274,574.6016235351562,1512800,0.0,0.0
2025-12-31 00:00:00-05:00,573.7458357978392,575.1588878393545,567.8348262241313,568.0935668945312,1736500,0.0,0.0
2026-01-02 00:00:00-05:00,567.9244282745939,568.093581510651,556.7591606871052,560.3814086914062,3901900,0.0,0.0
2026-01-05 00:00:00-05:00,556.8885329541652,573.4473289706722,555.7242606406251,565.7948608398438,2865000,0.0,0.0
2026-01-06 00:00:00-05:00,566.2227091072413,578.5323262371135,565.1678854002571,577.5073852539062,4056100,0.0,0.0
2026-01-07 00:00:00-05:00,576.4426255704404,582.4233007170747,574.8006548600157,577.0894165039062,3653900,0.0,0.0
2026-01-08 00:00:00-05:00,574.6912061846187,586.7918269798138,570.7007691185073,577.2387084960938,3390200,0.0,0.0
2026-01-09 00:00:00-05:00,576.1523691287855,579.3415453427215,573.3917903628915,573.591064453125,2221100,0.87,0.0
2026-01-12 00:00:00-05:00,562.120106759135,565.9570455300814,554.0076558867856,564.3624877929688,3486400,0.0,0.0
2026-01-13 00:00:00-05:00,557.0573440393113,557.0573440393113,531.892843404534,543.1445922851562,8721600,0.0,0.0
2026-01-14 00:00:00-05:00,542.6561716194899,546.7323485069271,536.3276988162904,544.9683227539062,3943700,0.0,0.0
2026-01-15 00:00:00-05:00,546.662679803727,548.0180601185864,537.1748959427398,540.8125610351562,4005600,0.0,0.0
2026-01-16 00:00:00-05:00,538.4106072917148,542.1878123675824,536.855892261212,537.6631469726562,3496200,0.0,0.0
2026-01-20 00:00:00-05:00,528.8032378022939,534.5935613265553,526.7203491035959,529.9393920898438,4098700,0.0,0.0
2026-01-21 00:00:00-05:00,531.7133721088328,535.5802382141601,522.9930020465436,525.7835083007812,4937700,0.0,0.0
2026-01-22 00:00:00-05:00,528.1256167859415,531.3845636789412,522.036320502706,531.0556640625,5114900,0.0,0.0
2026-01-23 00:00:00-05:00,529.6105320222558,530.338101486175,518.3986263630635,522.963134765625,5002900,0.0,0.0
2026-01-26 00:00:00-05:00,524.9264563020073,528.5939876454976,520.8802068628081,525.57421875,4839700,0.0,0.0
2026-01-27 00:00:00-05:00,525.8633011938227,527.3183184262399,517.7906928354904,518.6477661132812,3850800,0.0,0.0
2026-01-28 00:00:00-05:00,520.1925821531595,522.0562451688579,516.5150746480979,519.6045532226562,5483000,0.0,0.0
2026-01-29 00:00:00-05:00,529.9892229172449,542.3970767083056,518.3487812058779,541.8887939453125,5488300,0.0,0.0
2026-01-30 00:00:00-05:00,539.1780293529827,541.9187172403714,533.417572522911,536.9655151367188,4306900,0.0,0.0
2026-02-02 00:00:00-05:00,539.1580691255213,555.2334539655158,539.1182264733111,553.4893798828125,4603300,0.0,0.0
2026-02-03 00:00:00-05:00,552.4529858895477,558.2133824513234,547.1709445222494,548.8551635742188,5706700,0.0,0.0
2026-02-04 00:00:00-05:00,547.8684856797382,554.715217630343,539.1780425275945,551.6456909179688,4448000,0.0,0.0
2026-02-05 00:00:00-05:00,552.9711783428334,560.0172456637108,548.0878069042582,550.021240234375,4621600,0.0,0.0
2026-02-06 00:00:00-05:00,551.197190637133,554.9045647012864,537.9721063106256,546.8818359375,3779700,0.0,0.0
2026-02-09 00:00:00-05:00,541.8689013086442,544.7092262559487,532.3910945092823,533.5172729492188,4110300,0.0,0.0
2026-02-10 00:00:00-05:00,534.4540758400947,545.1477219257376,533.1883569109134,538.5601196289062,2222700,0.0,0.0
2026-02-11 00:00:00-05:00,536.3277416398079,538.8690946680849,531.3047691497292,535.6400756835938,3691000,0.0,0.0
2026-02-12 00:00:00-05:00,538.1016329211133,541.1612443089805,525.3649413433213,525.6738891601562,3466200,0.0,0.0
2026-02-13 00:00:00-05:00,527.268454303795,532.1817526629293,514.2726332431193,516.6046752929688,4017700,0.0,0.0
2026-02-17 00:00:00-05:00,513.2561320201453,524.0793438169188,513.2561320201453,520.1626586914062,3178000,0.0,0.0
2026-02-18 00:00:00-05:00,520.7207386007042,528.9627542546749,517.6412359991667,526.192138671875,3575900,0.0,0.0
2026-02-19 00:00:00-05:00,523.0328715148239,524.7470788343395,514.3025251351302,518.498291015625,3009400,0.0,0.0
2026-02-20 00:00:00-05:00,518.4883271895454,525.7137772080447,516.8339750532887,524.62744140625,2838500,0.0,0.0
2026-02-23 00:00:00-05:00,518.7075550778931,520.9499361269833,488.34076180188265,494.350341796875,6312300,0.0,0.0
2026-02-24 00:00:00-05:00,492.0681055128485,497.55945748018934,489.59652266539183,496.3136901855469,5292900,0.0,0.0
2026-02-25 00:00:00-05:00,501.1173704894406,508.8112304304583,500.7187310425245,507.6651306152344,4139100,0.0,0.0
2026-02-26 00:00:00-05:00,509.2198444052808,518.139550275927,507.2864111578843,513.0269165039062,4843600,0.0,0.0
2026-02-27 00:00:00-05:00,507.7448671996763,517.0034185248245,505.03407626933733,515.4586791992188,5121100,0.0,0.0
2026-03-02 00:00:00-05:00,507.7547990247543,524.3782791432044,505.6220309390667,519.2357788085938,3827000,0.0,0.0
2026-03-03 00:00:00-05:00,511.8707999525178,525.0161384264902,511.2628801324818,522.5445556640625,4199700,0.0,0.0
2026-03-04 00:00:00-05:00,522.3850834207832,524.3783111000616,518.5182776851857,521.1492919921875,3154700,0.0,0.0
2026-03-05 00:00:00-05:00,519.3354191739762,523.5411609786337,511.01371839834417,522.8833618164062,3879300,0.0,0.0
2026-03-06 00:00:00-05:00,517.8804195850827,520.7805390342954,510.46561033742245,520.5712890625,2872900,0.0,0.0
2026-03-09 00:00:00-04:00,514.5218165893444,519.1261673949316,507.38602784778726,515.9668579101562,3546600,0.0,0.0
2026-03-10 00:00:00-04:00,515.1995410262484,517.5714868513976,509.2696764633758,512.97705078125,2759800,0.0,0.0
2026-03-11 00:00:00-04:00,511.3426359996665,513.5650653540313,501.01770100498106,502.2933654785156,2873200,0.0,0.0
2026-03-12 00:00:00-04:00,498.30690063865325,503.90786533555337,494.6094719519015,495.6260070800781,2702500,0.0,0.0
2026-03-13 00:00:00-04:00,494.87856046154434,500.16060158919004,493.7224847702739,496.3037109375,2809300,0.0,0.0
2026-03-16 00:00:00-04:00,496.9315876099652,506.85785293189724,496.9315876099652,506.77813720703125,3450300,0.0,0.0
2026-03-17 00:00:00-04:00,508.82118217178623,515.209510929112,504.7849082987658,504.8646240234375,2834300,0.0,0.0
2026-03-18 00:00:00-04:00,502.04420627088837,502.04420627088837,486.26782305708804,486.8159484863281,3458700,0.0,0.0
2026-03-19 00:00:00-04:00,488.8590025913474,495.39678685156525,485.6598807284206,489.4769287109375,3284500,0.0,0.0
2026-03-20 00:00:00-04:00,490.8024045256165,497.52954774720575,489.3473568781192,494.6393737792969,5762900,0.0,0.0
2026-03-23 00:00:00-04:00,504.3363910086009,505.32305933210245,498.68560791015625,498.68560791015625,2985900,0.0,0.0
2026-03-24 00:00:00-04:00,493.9617018913069,501.02769041919385,491.56980432631326,497.24053955078125,2278900,0.0,0.0
2026-03-25 00:00:00-04:00,499.592532672195,504.53572852855694,492.88531095171646,501.05755615234375,2422000,0.0,0.0
2026-03-26 00:00:00-04:00,498.81517423129173,503.0906254618475,497.36009620994895,499.0543518066406,3995400,0.0,0.0
2026-03-27 00:00:00-04:00,497.7587993112566,498.3567432895792,478.87295469705015,482.60028076171875,3963300,0.0,0.0
2026-03-30 00:00:00-04:00,486.37745411224427,493.8620338292683,485.3509430672958,492.3272399902344,3629500,0.0,0.0
2026-03-31 00:00:00-04:00,498.30692367166904,499.7121528461321,488.9188078474288,497.96807861328125,4417600,0.0,0.0
2026-04-01 00:00:00-04:00,500.52935948805333,501.2967411645667,484.0054856598396,489.98516845703125,4607100,0.0,0.0
2026-04-02 00:00:00-04:00,486.4770872871167,498.1872991537196,486.0983691860037,491.76910400390625,2926000,0.0,0.0
2026-04-06 00:00:00-04:00,492.0780619262817,500.2104341538506,489.5167571703568,499.80181884765625,2466000,0.0,0.0
2026-04-07 00:00:00-04:00,496.6026882726865,500.89809122547007,493.99156503893755,496.59271240234375,3593200,0.0,0.0
2026-04-08 00:00:00-04:00,506.2797959813948,510.0868678883887,504.14702791130003,505.40277099609375,3874900,0.0,0.0
2026-04-09 00:00:00-04:00,503.61575911399495,505.82208253363325,496.9269900902095,502.7272644042969,3301800,0.87,0.0
2026-04-10 00:00:00-04:00,501.16990038575426,503.54592235112034,494.84051397652684,497.82550048828125,2842200,0.0,0.0
2026-04-13 00:00:00-04:00,495.3995738401377,508.0184050537669,494.1716212678326,507.7288818359375,3318100,0.0,0.0
2026-04-14 00:00:00-04:00,507.14987048048,513.1198435517446,505.8420651809317,512.3012084960938,2744600,0.0,0.0
2026-04-15 00:00:00-04:00,515.136449065474,521.5656738515961,512.3411471873799,519.08984375,2910800,0.0,0.0
2026-04-16 00:00:00-04:00,517.1630848653601,521.3560072472516,516.1447723784948,517.6721801757812,2967400,0.0,0.0
2026-04-17 00:00:00-04:00,520.6272897989797,526.5872699856476,517.8718988035894,520.4276123046875,3617200,0.0,0.0
2026-04-20 00:00:00-04:00,519.8885076004997,523.6022528591566,513.6788852082232,515.785400390625,2503500,0.0,0.0
2026-04-21 00:00:00-04:00,516.064911169074,522.2345616371073,509.3162447353658,510.4942626953125,3444900,0.0,0.0
2026-04-22 00:00:00-04:00,511.21305114125954,512.9301434498145,504.8736718600815,509.3062438964844,2288500,0.0,0.0
2026-04-23 00:00:00-04:00,506.5209156502675,508.7970988705705,497.5359770754125,501.5392761230469,2724000,0.0,0.0
2026-04-24 00:00:00-04:00,498.16490223776395,504.7638254971912,494.80054695099955,503.3262634277344,2406900,0.0,0.0
2026-04-27 00:00:00-04:00,499.92196456641676,508.19806892942654,499.92196456641676,505.58245849609375,2531300,0.0,0.0
2026-04-28 00:00:00-04:00,511.3927337208119,516.1347844483354,506.391108362079,506.7704772949219,3892500,0.0,0.0
2026-04-29 00:00:00-04:00,529.1030571189795,533.3160266750201,520.0183102540465,524.3510131835938,5876700,0.0,0.0
2026-04-30 00:00:00-04:00,503.6557115813454,513.2895865328657,498.1249743249343,502.078369140625,5975100,0.0,0.0
2026-05-01 00:00:00-04:00,505.15319847888844,508.14817791651035,491.32637064856624,494.6308288574219,4531800,0.0,0.0
2026-05-04 00:00:00-04:00,494.17160409255035,506.44104497528815,493.05348331752737,503.8952941894531,4419900,0.0,0.0
2026-05-05 00:00:00-04:00,500.1915096501422,503.0367461806949,492.4345239523147,496.24810791015625,4216700,0.0,0.0
2026-05-06 00:00:00-04:00,498.30470057373964,499.9019985900837,488.9104446142212,491.06683349609375,4363300,0.0,0.0
2026-05-07 00:00:00-04:00,491.87548387368145,502.67735356194936,491.87548387368145,500.1016845703125,4964100,0.0,0.0
2026-05-08 00:00:00-04:00,499.293029934125,499.57256013132996,490.9070935514707,494.65081787109375,4143400,0.0,0.0
2026-05-11 00:00:00-04:00,494.1716032465931,500.82046120080076,491.1866168469714,496.9768981933594,3959400,0.0,0.0
2026-05-12 00:00:00-04:00,499.77219023432,505.4626631941628,498.9136441099993,498.9735412597656,3296000,0.0,0.0
2026-05-13 00:00:00-04:00,494.780561947057,497.76557877805425,489.49943691241896,489.81890869140625,3322800,0.0,0.0
2026-05-14 00:00:00-04:00,490.4578405207208,493.67245306164295,487.19332384152165,489.1200866699219,2584900,0.0,0.0
2026-05-15 00:00:00-04:00,492.6741146043095,501.43941982177057,491.50605922521294,493.3729553222656,3416500,0.0,0.0
2026-05-18 00:00:00-04:00,490.6674856541354,505.38283909887537,490.12841127571545,504.9435729980469,4076600,0.0,0.0
2026-05-19 00:00:00-04:00,506.71060128060833,512.0416916577155,497.6657655319323,498.86376953125,3378300,0.0,0.0
2026-05-20 00:00:00-04:00,492.67413208821813,498.8637686293235,489.97863832788033,497.20654296875,3615700,0.0,0.0
2026-05-21 00:00:00-04:00,495.1699375037718,500.5409388779497,489.2498687484,498.78387451171875,2474600,0.0,0.0
2026-05-22 00:00:00-04:00,498.27471141173817,503.4161171218902,496.48772896060603,497.7056884765625,1959300,0.0,0.0
2026-05-26 00:00:00-04:00,495.1699228818507,496.01850646396144,491.23651420228333,492.1849365234375,1947300,0.0,0.0
2026-05-27 00:00:00-04:00,492.1849463213105,498.5143325313906,491.68578308266217,494.2115478515625,2834900,0.0,0.0
2026-05-28 00:00:00-04:00,492.5143885364638,493.75230363884305,485.5360960977515,492.9237060546875,3924100,0.0,0.0
2026-05-29 00:00:00-04:00,493.6724391086357,499.2730359779371,492.0152135134834,493.1533203125,5693100,0.0,0.0
2026-06-01 00:00:00-04:00,493.42287710421857,496.2980623249602,487.83224256016626,494.42120361328125,4653400,0.0,0.0
2026-06-02 00:00:00-04:00,492.2348508236484,493.1632871362614,476.8805847167969,476.8805847167969,5028300,0.0,0.0
2026-06-03 00:00:00-04:00,476.55114553381765,481.1534159268022,463.74259988972767,470.7608337402344,5227200,0.0,0.0
2026-06-04 00:00:00-04:00,478.7574354671122,487.73238060723077,476.6609438045407,480.9537658691406,4020600,0.0,0.0
2026-06-05 00:00:00-04:00,483.1900102096055,493.17327488335764,483.1900102096055,490.2581481933594,4230700,0.0,0.0
2026-06-08 00:00:00-04:00,485.9454109853297,488.70077137462897,482.89053436976525,484.85723876953125,3091900,0.0,0.0
2026-06-09 00:00:00-04:00,483.08021272690826,494.5909157677438,481.19336106478517,494.41119384765625,3309600,0.0,0.0
2026-06-10 00:00:00-04:00,496.6374789814424,497.96523980462445,485.68583619433036,488.2615051269531,3239900,0.0,0.0
2026-06-11 00:00:00-04:00,487.8422271630025,490.64752216777816,483.5793840107489,485.6958312988281,3801000,0.0,0.0
2026-06-12 00:00:00-04:00,488.0618689257409,491.5460186952328,483.72913552972176,489.1600341796875,3984200,0.0,0.0
2026-06-15 00:00:00-04:00,489.67912836315963,492.72401187789814,485.8455584148294,489.81890869140625,3888500,0.0,0.0
2026-06-16 00:00:00-04:00,491.03684439628216,500.66072622012945,488.69080155788726,500.4909973144531,4006000,0.0,0.0
2026-06-17 00:00:00-04:00,502.08831487366655,503.7954750413868,491.5759385594402,492.1649475097656,2927100,0.0,0.0
2026-06-18 00:00:00-04:00,493.94198330363315,495.1599428322381,488.0918047338876,488.9703369140625,6674700,0.0,0.0
2026-06-22 00:00:00-04:00,487.34307291781533,494.8305217449699,482.33148480411586,483.2798767089844,3955600,0.0,0.0
2026-06-23 00:00:00-04:00,488.0119117407287,490.7373539539883,483.60931884727944,487.2532043457031,3936400,0.0,0.0
2026-06-24 00:00:00-04:00,487.26318724492586,497.60586568121545,485.4063145692071,493.5826110839844,3609700,0.0,0.0
2026-06-25 00:00:00-04:00,495.1699448677483,503.95520589654103,487.83223898658815,488.101806640625,3722000,0.0,0.0
2026-06-26 00:00:00-04:00,487.7623444657277,503.51593530405756,487.7623444657277,498.18487548828125,9200900,0.0,0.0
2026-06-29 00:00:00-04:00,501.6590438592268,514.5873836437933,501.6590438592268,508.787109375,4812000,0.0,0.0
2026-06-30 00:00:00-04:00,511.04334170419196,513.1398334985577,506.2913281656718,512.740478515625,4696300,0.0,0.0
2026-07-01 00:00:00-04:00,516.3843571068327,529.5223063997895,512.5607497358377,521.565673828125,4412800,0.0,0.0
2026-07-02 00:00:00-04:00,528.843437305195,538.7268932800773,525.1895894023713,538.4873046875,3900200,0.0,0.0
2026-07-06 00:00:00-04:00,539.8350536753044,540.9831535061015,521.8052797960069,532.2078247070312,3578000,0.0,0.0
2026-07-07 00:00:00-04:00,532.9466632684534,542.7402441213551,529.1130625706223,530.7303466796875,3516600,0.0,0.0
2026-07-08 00:00:00-04:00,530.2211631552688,530.730319410298,516.344461617261,518.989990234375,2723800,0.0,0.0
2026-07-09 00:00:00-04:00,518.030029296875,523.22998046875,515.1099853515625,523.2000122070312,2843700,0.87,0.0
2026-07-10 00:00:00-04:00,527.260009765625,528.9400024414062,519.6500244140625,526.739990234375,1616900,0.0,0.0
2026-07-13 00:00:00-04:00,530.7100219726562,539.9299926757812,530.7100219726562,537.7000122070312,2871500,0.0,0.0
2026-07-14 00:00:00-04:00,534.989990234375,543.4600219726562,532.0599975585938,538.02001953125,3323800,0.0,0.0
2026-07-15 00:00:00-04:00,538.5399780273438,541.239990234375,529.0800170898438,535.2100219726562,3128500,0.0,0.0
2026-07-16 00:00:00-04:00,541.5,551.6799926757812,539.6900024414062,551.5399780273438,2925400,0.0,0.0
2026-07-17 00:00:00-04:00,550.5,551.719970703125,540.22998046875,543.5999755859375,3221600,0.0,0.0
2026-07-20 00:00:00-04:00,540.0,547.9099731445312,538.010009765625,547.4400024414062,2572500,0.0,0.0
2026-07-21 00:00:00-04:00,543.760009765625,544.3400268554688,536.8499755859375,538.2999877929688,2935700,0.0,0.0
2026-07-22 00:00:00-04:00,538.9400024414062,540.0,530.72998046875,531.97998046875,2313200,0.0,0.0
2026-07-23 00:00:00-04:00,527.97998046875,530.8800048828125,523.6099853515625,530.2899780273438,2071700,0.0,0.0
2026-07-24 00:00:00-04:00,531.4600219726562,540.0,529.6900024414062,539.6599731445312,2551600,0.0,0.0
2026-07-27 00:00:00-04:00,543.1799926757812,553.8900146484375,542.02001953125,551.7100219726562,2365000,0.0,0.0
2026-07-28 00:00:00-04:00,561.030029296875,564.6099853515625,557.4299926757812,562.75,3126100,0.0,0.0
2026-07-29 00:00:00-04:00,555.0599975585938,569.989990234375,554.9199829101562,563.3200073242188,3524200,0.0,0.0
2026-07-30 00:00:00-04:00,577.3599853515625,582.6199951171875,567.6300048828125,577.3499755859375,5302500,0.0,0.0
2026-07-31 00:00:00-04:00,567.6799926757812,575.4199829101562,563.4199829101562,573.0999755859375,4577700,0.0,0.0
2026-08-03 00:00:00-04:00,580.0,583.7100219726562,570.780029296875,570.969970703125,3508300,0.0,0.0
2026-08-04 00:00:00-04:00,566.989990234375,573.3499755859375,564.0,571.0999755859375,3207100,0.0,0.0
2026-08-05 00:00:00-04:00,575.739990234375,578.260009765625,568.5999755859375,570.47998046875,2431700,0.0,0.0
2026-08-06 00:00:00-04:00,573.2100219726562,576.3599853515625,566.3699951171875,575.9500122070312,3017000,0.0,0.0
2026-08-07 00:00:00-04:00,572.5700073242188,572.989990234375,561.6199951171875,562.9500122070312,3018500,0.0,0.0
2026-08-10 00:00:00-04:00,561.1099853515625,566.77001953125,559.3599853515625,563.1699829101562,2644100,0.0,0.0
2026-08-11 00:00:00-04:00,562.7100219726562,567.6300048828125,560.0,561.4400024414062,2465000,0.0,0.0
2026-08-12 00:00:00-04:00,557.5599975585938,563.5499877929688,556.0599975585938,559.72998046875,3095200,0.0,0.0
2026-08-13 00:00:00-04:00,565.6099853515625,568.280029296875,557.7000122070312,567.0399780273438,1982600,0.0,0.0
2026-08-14 00:00:00-04:00,567.9500122070312,570.6699829101562,564.4400024414062,569.2899780273438,2473300,0.0,0.0
2026-08-17 00:00:00-04:00,565.239990234375,569.27001953125,561.260009765625,562.260009765625,3019000,0.0,0.0
2026-08-18 00:00:00-04:00,563.8699951171875,578.5,563.1799926757812,574.3099975585938,3907600,0.0,0.0
2026-08-19 00:00:00-04:00,571.5,582.9299926757812,570.3300170898438,573.719970703125,3053200,0.0,0.0
2026-08-20 00:00:00-04:00,572.0700073242188,579.6099853515625,571.7999877929688,573.8499755859375,2612700,0.0,0.0
2026-08-21 00:00:00-04:00,574.5499877929688,582.280029296875,573.0399780273438,580.6300048828125,2200300,0.0,0.0
2026-08-24 00:00:00-04:00,585.0,599.989990234375,584.219970703125,599.8599853515625,3122300,0.0,0.0
2026-08-25 00:00:00-04:00,596.8699951171875,601.22998046875,595.3499755859375,599.3699951171875,3370900,0.0,0.0
2026-08-26 00:00:00-04:00,599.3699951171875,600.489990234375,594.7100219726562,598.469970703125,3110900,0.0,0.0
2026-08-27 00:00:00-04:00,593.760009765625,594.010009765625,588.1099853515625,591.72998046875,3193800,0.0,0.0
2026-08-28 00:00:00-04:00,593.9500122070312,598.02001953125,592.0800170898438,595.2999877929688,1885300,0.0,0.0
2026-08-31 00:00:00-04:00,593.5399780273438,595.1799926757812,588.3800048828125,589.3099975585938,3151800,0.0,0.0
2026-09-01 00:00:00-04:00,589.6500244140625,592.6400146484375,580.8800048828125,581.0999755859375,3310300,0.0,0.0
2026-09-02 00:00:00-04:00,584.0,590.7100219726562,583.7000122070312,588.1400146484375,2290400,0.0,0.0
2026-09-03 00:00:00-04:00,590.6900024414062,592.969970703125,583.8099975585938,585.7100219726562,2238400,0.0,0.0
2026-09-04 00:00:00-04:00,580.72998046875,584.5,578.7100219726562,579.2100219726562,1774100,0.0,0.0
