Date,Open,High,Low,Close,Volume,Dividends,Stock Splits
2021-01-04 00:00:00-05:00,65.79540402876592,65.86761731833415,64.09434993531727,64.96092224121094,10502637,0.0,0.0
2021-01-05 00:00:00-05:00,64.72824502450176,65.31398372358362,64.11843522356935,65.07327270507812,10956526,0.0,0.0
2021-01-06 00:00:00-05:00,64.65601977295897,66.38916444813431,64.43937348079321,66.10031127929688,10521396,0.0,0.0
2021-01-07 00:00:00-05:00,66.2367109883706,67.69704773158631,65.85156702041688,67.41621398925781,10447931,0.0,0.0
2021-01-08 00:00:00-05:00,67.69704949268562,67.69704949268562,66.2367127114801,66.62185668945312,9563105,0.0,0.0
2021-01-11 00:00:00-05:00,66.99899370121564,68.68399651228486,66.79839262943592,68.20256805419922,13488179,0.0,0.0
2021-01-12 00:00:00-05:00,68.29883903176572,68.31488429151568,66.23671200031991,66.66999816894531,10128606,0.0,0.0
2021-01-13 00:00:00-05:00,66.89466267300452,66.89466267300452,65.97192240851028,66.06820678710938,10093812,0.0,0.0
2021-01-14 00:00:00-05:00,66.13241074508218,66.43732204599903,65.69912451767418,65.93181610107422,11366398,0.0,0.0
2021-01-15 00:00:00-05:00,65.66702248586074,66.99897787405543,65.44235036502795,66.9026870727539,10203538,0.0,0.0
2021-01-19 00:00:00-05:00,67.0551643443792,67.31995291891829,66.32499892763109,66.75025939941406,8467316,0.0,0.0
2021-01-20 00:00:00-05:00,66.79840125560129,67.0391187234992,66.01206779199846,66.16452026367188,11097901,0.0,0.0
2021-01-21 00:00:00-05:00,65.64298013778146,66.03614369035006,64.96095047033673,65.1374740600586,9043716,0.0,0.0
2021-01-22 00:00:00-05:00,64.90476118997142,65.33804738950919,64.80045095531065,64.97697448730469,9436926,0.0,0.0
2021-01-25 00:00:00-05:00,64.76031819873918,65.14546210254078,64.23876715748602,65.11336517333984,9957677,0.0,0.0
2021-01-26 00:00:00-05:00,65.1133734353688,65.1133734353688,64.29494333788449,64.39122772216797,7748283,0.0,0.0
2021-01-27 00:00:00-05:00,64.07831134744052,64.24680904064228,61.65511127495153,61.83966064453125,16230376,0.0,0.0
2021-01-28 00:00:00-05:00,61.84768178738372,62.99508786208413,61.83965594980404,62.52167892456055,12972039,0.0,0.0
2021-01-29 00:00:00-05:00,62.57785170731202,62.882756572035866,61.29403837398106,61.83966064453125,10671470,0.0,0.0
2021-02-01 00:00:00-05:00,62.57785671331593,62.85066466264562,62.05630550007234,62.072357177734375,8224599,0.0,0.0
2021-02-02 00:00:00-05:00,62.417374301589504,63.324069485672936,62.345161003502476,62.401329040527344,9866710,0.0,0.0
2021-02-03 00:00:00-05:00,62.29702683295128,62.70624199038457,61.9038569386479,62.04026412963867,10034810,0.0,0.0
2021-02-04 00:00:00-05:00,61.759430841409795,61.791527783477605,60.61202450622216,61.00518798828125,18867563,0.0,0.0
2021-02-05 00:00:00-05:00,61.326120866557524,61.76743279885764,60.5076908612728,60.820621490478516,13901825,0.0,0.0
2021-02-08 00:00:00-05:00,60.86075174463347,61.133559670206246,59.90591438182164,60.210819244384766,16718534,0.0,0.0
2021-02-09 00:00:00-05:00,60.258961442101246,60.31512947794984,59.66520339323921,60.210819244384766,13484616,0.0,0.0
2021-02-10 00:00:00-05:00,60.43549703025015,60.48363923246136,59.80963557042705,60.09046936035156,11721566,0.0,0.0
2021-02-11 00:00:00-05:00,60.026272249595635,60.25895738437738,59.56088914895686,59.9701042175293,8780982,0.0,0.0
2021-02-12 00:00:00-05:00,59.95406166323854,60.26699239046819,59.809635057842684,60.178733825683594,6738116,0.0,0.0
2021-02-16 00:00:00-05:00,60.475615703740154,60.52375790779039,59.41646796801818,59.57694625854492,9734453,0.0,0.0
2021-02-17 00:00:00-05:00,59.74544614280085,61.02925954471025,59.67322642631844,60.61201858520508,13876463,0.0,0.0
2021-02-18 00:00:00-05:00,60.39537342253022,60.88482769234528,60.21082403956084,60.50770950317383,10004627,0.0,0.0
2021-02-19 00:00:00-05:00,60.53177526599055,60.5879433013592,59.58496374940098,59.62508010864258,12388198,0.0,0.0
2021-02-22 00:00:00-05:00,59.7775499321061,60.22688793026129,59.15971419435514,60.12257766723633,8612464,0.0,0.0
2021-02-23 00:00:00-05:00,60.41142166388522,60.94901810467244,59.745443887752714,59.80963134765625,10900458,0.0,0.0
2021-02-24 00:00:00-05:00,60.018255285228484,60.395373474725865,59.68927929732324,59.83370590209961,9838834,0.0,0.0
2021-02-25 00:00:00-05:00,59.54483889588145,60.17872610785837,59.44052866684918,59.87382125854492,10906955,0.0,0.0
2021-02-26 00:00:00-05:00,59.729403008532074,59.94604935788882,58.20487838542677,58.269065856933594,17644862,0.0,0.0
2021-03-01 00:00:00-05:00,58.74248172732261,58.88690836659593,57.916025432998346,58.07650375366211,12594864,0.0,0.0
2021-03-02 00:00:00-05:00,58.44557981340945,58.96713100163409,58.09253273932124,58.45360565185547,16047290,0.0,0.0
2021-03-03 00:00:00-05:00,58.4295303925254,59.15969558852194,58.10857386399312,58.814674377441406,13939972,0.0,0.0
2021-03-04 00:00:00-05:00,58.718411993464215,58.830741688122735,57.54692792388054,57.90800094604492,15975188,0.0,0.0
2021-03-05 00:00:00-05:00,58.18079856714685,58.90293798724622,57.779602872048955,58.67827224731445,12241164,0.0,0.0
2021-03-08 00:00:00-05:00,59.673232041037316,60.62806955146259,58.89492450358064,59.512760162353516,15391347,0.0,0.0
2021-03-09 00:00:00-05:00,59.825677188162125,60.54782300841562,59.480655954820385,59.48868179321289,14189920,0.0,0.0
2021-03-10 00:00:00-05:00,59.98617172241212,60.36328999600587,59.456600971267264,59.98617172241211,12827310,0.0,0.0
2021-03-11 00:00:00-05:00,60.090464035013866,60.46758219593983,59.849746629752,59.88184356689453,13205324,0.0,0.0
2021-03-12 00:00:00-05:00,59.922321760590386,60.61843356192776,59.88994281190091,60.383697509765625,11493940,0.620229,0.0
2021-03-15 00:00:00-04:00,61.11218653885128,61.97018658756783,60.77222376695179,61.70307159423828,17999295,0.0,0.0
2021-03-16 00:00:00-04:00,61.63831906683511,62.463940152989636,61.63022271205907,62.172542572021484,15697887,0.0,0.0
2021-03-17 00:00:00-04:00,62.107788567383956,62.73104606156948,61.49261448382582,62.56916427612305,17533878,0.0,0.0
2021-03-18 00:00:00-04:00,62.536783559119954,63.2895568153924,62.49630825997515,62.54487991333008,14274179,0.0,0.0
2021-03-19 00:00:00-04:00,62.52868992819965,63.33812475538433,61.53309072132081,62.73914337158203,58225203,0.0,0.0
2021-03-22 00:00:00-04:00,61.35501622428328,63.13576766656469,61.14456278090089,62.73914337158203,11352879,0.0,0.0
2021-03-23 00:00:00-04:00,62.399183580764195,62.58535444121378,61.54118352923173,61.735450744628906,11651245,0.0,0.0
2021-03-24 00:00:00-04:00,61.573545486441034,62.06730003577473,61.444036202548666,61.711151123046875,9135416,0.0,0.0
2021-03-25 00:00:00-04:00,61.85686002268344,62.0106519260832,60.95839119377402,61.57355880737305,10700918,0.0,0.0
2021-03-26 00:00:00-04:00,61.63832924035139,62.706776427073244,61.39549680414695,62.642024993896484,10389767,0.0,0.0
2021-03-29 00:00:00-04:00,62.585358862417316,63.580964658859045,62.46394588915865,63.37860107421875,11448562,0.0,0.0
2021-03-30 00:00:00-04:00,63.13576283632332,63.20051425215306,62.156349941594456,62.293949127197266,10123366,0.0,0.0
2021-03-31 00:00:00-04:00,62.40727009024257,62.88483199058735,62.034928428084605,62.399173736572266,13598219,0.0,0.0
2021-04-01 00:00:00-04:00,62.455835268453534,62.698667631413784,62.18063043462292,62.399173736572266,9121373,0.0,0.0
2021-04-05 00:00:00-04:00,62.74723129308666,63.06291141573368,62.148249989785825,62.326324462890625,9828144,0.0,0.0
2021-04-06 00:00:00-04:00,62.253481338794884,62.27776392912393,61.22550324708524,61.34691619873047,13394698,0.0,0.0
2021-04-07 00:00:00-04:00,61.581661425508315,61.84068007567522,61.29026382609387,61.61404037475586,8970566,0.0,0.0
2021-04-08 00:00:00-04:00,61.581667790748774,61.84068646768852,60.93412109839941,61.10409927368164,12007984,0.0,0.0
2021-04-09 00:00:00-04:00,61.120279520044335,61.82448114592292,61.05552162806352,61.767826080322266,8177439,0.0,0.0
2021-04-12 00:00:00-04:00,61.816363005840934,62.002533770300786,61.5006829885268,61.694950103759766,9970672,0.0,0.0
2021-04-13 00:00:00-04:00,61.49261420625089,62.132070878334815,61.41167007794004,61.86495590209961,8627346,0.0,0.0
2021-04-14 00:00:00-04:00,61.75973503272283,62.156359357444735,61.53309533512743,61.84067916870117,8415545,0.0,0.0
2021-04-15 00:00:00-04:00,61.55736236903119,62.593436692617544,61.55736236903119,62.051116943359375,14541734,0.0,0.0
2021-04-16 00:00:00-04:00,62.52868592086903,62.93340654447675,62.180633303662674,62.70676040649414,12512806,0.0,0.0
2021-04-19 00:00:00-04:00,62.8929441364529,62.96579192206117,62.302059023976426,62.860565185546875,8536903,0.0,0.0
2021-04-20 00:00:00-04:00,62.87673940415758,64.05850928153797,62.87673940415758,63.59713363647461,11009345,0.0,0.0
2021-04-21 00:00:00-04:00,63.88855221321942,64.34183165429384,63.6780987327537,64.13137817382812,11817248,0.0,0.0
2021-04-22 00:00:00-04:00,63.94518932404589,63.99376097442871,62.77961209677808,63.1033821105957,13330560,0.0,0.0
2021-04-23 00:00:00-04:00,63.022446359023576,63.29765770281943,62.698676302206835,63.038639068603516,8598840,0.0,0.0
2021-04-26 00:00:00-04:00,63.022456766777246,63.06293207550502,62.569177317996356,62.755348205566406,7834219,0.0,0.0
2021-04-27 00:00:00-04:00,62.66630582259297,63.087212778044496,62.50441753635666,62.617740631103516,9095802,0.0,0.0
2021-04-28 00:00:00-04:00,62.8200805769412,63.16004329632338,62.2130093773987,62.399173736572266,11628398,0.0,0.0
2021-04-29 00:00:00-04:00,61.112186713624446,61.3064474570332,58.96718982165186,59.63901901245117,30602753,0.0,0.0
2021-04-30 00:00:00-04:00,59.558076459148154,60.77222555339052,59.47713232327778,60.30275344848633,18052114,0.0,0.0
2021-05-03 00:00:00-04:00,60.10849726759299,61.53309992897316,60.076118316403026,61.5007209777832,12543302,0.0,0.0
2021-05-04 00:00:00-04:00,61.581648272909916,61.89732839886043,61.136458849536524,61.5088005065918,10418587,0.0,0.0
2021-05-05 00:00:00-04:00,61.597832333934655,62.91720785036679,61.306434807042166,62.89292526245117,16795143,0.0,0.0
2021-05-06 00:00:00-04:00,62.682476067174804,63.022438792756674,62.07540485656151,62.95768737792969,12871641,0.0,0.0
2021-05-07 00:00:00-04:00,63.1438481926471,63.66998172314128,63.0467178399113,63.46762466430664,12237496,0.0,0.0
2021-05-10 00:00:00-04:00,63.799503627422006,64.09090121512942,63.265280109880464,63.27337646484375,10939758,0.0,0.0
2021-05-11 00:00:00-04:00,62.99816453097539,63.669993717130716,62.447748308611274,62.69867706298828,12148102,0.0,0.0
2021-05-12 00:00:00-04:00,62.90103285066626,63.56476566811787,62.56916644194046,63.13576889038086,13379711,0.0,0.0
2021-05-13 00:00:00-04:00,63.04672454734123,63.93710346722565,62.844367466978184,63.694271087646484,10830451,0.0,0.0
2021-05-14 00:00:00-04:00,63.993762583197096,64.0666103527445,63.31383712361004,63.37049865722656,8273122,0.0,0.0
2021-05-17 00:00:00-04:00,63.67806723906298,64.89221585733863,63.61330936699022,64.64938354492188,12532508,0.0,0.0
2021-05-18 00:00:00-04:00,64.22041340900272,64.59274867537997,63.85616802604435,64.25279235839844,7943106,0.0,0.0
2021-05-19 00:00:00-04:00,63.88854250585093,64.2689741009391,63.09529389663776,64.2365951538086,9132796,0.0,0.0
2021-05-20 00:00:00-04:00,63.88853095679118,64.7465308332594,63.8642483688094,64.47941589355469,7345222,0.0,0.0
2021-05-21 00:00:00-04:00,64.69796015762304,65.02982651296452,64.00994485859344,64.09088897705078,10863987,0.0,0.0
2021-05-24 00:00:00-04:00,64.37420309551436,64.4713334684252,63.91282735228135,63.969482421875,8737910,0.0,0.0
2021-05-25 00:00:00-04:00,63.94519761913669,64.14756118491732,62.69867610873701,62.731048583984375,14331714,0.0,0.0
2021-05-26 00:00:00-04:00,62.77151937775381,62.949593866450456,62.30204732941455,62.51250076293945,9686454,0.0,0.0
2021-05-27 00:00:00-04:00,62.73104111335478,62.81198523564615,61.41976186480782,61.45214080810547,17675149,0.0,0.0
2021-05-28 00:00:00-04:00,61.53309461775873,61.840678447746576,61.35502010944505,61.4278678894043,13969735,0.0,0.0
2021-06-01 00:00:00-04:00,61.56546140794943,61.63021282004587,60.731744100835414,60.85315704345703,15798914,0.0,0.0
2021-06-02 00:00:00-04:00,60.95837996845855,61.58974017472447,60.92600102846687,61.411659240722656,11830453,0.0,0.0
2021-06-03 00:00:00-04:00,62.11146968097614,62.773131381656334,61.840018560904646,62.6967887878418,15974400,0.0,1.048
2021-06-04 00:00:00-04:00,62.94277858958074,63.18030395495536,62.68829683453605,62.86643600463867,12728500,0.0,0.0
2021-06-07 00:00:00-04:00,62.891899124902615,62.9427941941484,61.738230094687076,61.75519943237305,16794400,0.0,0.0
2021-06-08 00:00:00-04:00,61.882427645748066,62.069051500328854,61.14442336687596,61.41587448120117,13657700,0.0,0.0
2021-06-09 00:00:00-04:00,61.92485005261953,63.02762394368872,61.88243318299932,62.80706787109375,12258700,0.0,0.0
2021-06-10 00:00:00-04:00,63.8165489403452,64.86842160853747,63.40088420366857,64.58848571777344,17236700,0.0,0.0
2021-06-11 00:00:00-04:00,65.07198582296498,65.19922995387243,64.13887298281921,64.69873809814453,13928400,0.0,0.0
2021-06-14 00:00:00-04:00,64.80141712849966,64.85275620067256,64.06562019353812,64.55329895019531,7841400,0.65,0.0
2021-06-15 00:00:00-04:00,64.59606098476641,64.82706389365647,63.92871199515708,64.76717376708984,14185700,0.0,0.0
2021-06-16 00:00:00-04:00,65.21207897636457,66.34999793538302,65.18641271116684,65.5457534790039,17576900,0.0,0.0
2021-06-17 00:00:00-04:00,65.31475562213761,66.28156196629888,65.01530492915934,66.07622528076172,14233200,0.0,0.0
2021-06-18 00:00:00-04:00,65.65697613737223,66.06765596313916,65.1607464459691,65.5457534790039,19351900,0.0,0.0
2021-06-21 00:00:00-04:00,65.78533051797137,66.12756270416618,65.4944374026042,65.6655502319336,10880800,0.0,0.0
2021-06-22 00:00:00-04:00,65.52864988865994,65.65698776491104,65.0324201093769,65.1864242553711,10957500,0.0,0.0
2021-06-23 00:00:00-04:00,64.89553087048931,65.24632066411746,64.63886162085677,64.6645278930664,9539100,0.0,0.0
2021-06-24 00:00:00-04:00,64.79285221715237,65.57142393050606,64.79285221715237,65.33186340332031,8601900,0.0,0.0
2021-06-25 00:00:00-04:00,65.07521750434351,66.70937353557542,65.06666642983558,66.05057525634766,50285200,0.0,0.0
2021-06-28 00:00:00-04:00,66.09332570426974,66.51255662212755,65.69976105295949,65.75965118408203,8796200,0.0,0.0
2021-06-29 00:00:00-04:00,65.8794497349771,66.16179180045006,65.72544556540426,66.05912017822266,7696600,0.0,0.0
2021-06-30 00:00:00-04:00,66.22168671996248,66.81203063958323,66.07624014031222,66.53824615478516,13811900,0.0,0.0
2021-07-01 00:00:00-04:00,66.43556260992908,66.8633511566414,66.31578233905245,66.72645568847656,9212000,0.0,0.0
2021-07-02 00:00:00-04:00,66.7692385863919,67.39380622256941,66.52967803949994,67.24835968017578,7668000,0.0,0.0
2021-07-06 00:00:00-04:00,66.85480598263972,67.03447642234555,66.35856960962185,66.82913970947266,6720500,0.0,0.0
2021-07-07 00:00:00-04:00,67.0858028746177,67.25691568189568,66.84623580587926,67.2141342163086,8275100,0.0,0.0
2021-07-08 00:00:00-04:00,66.538242618196,66.99170406262118,66.14467785018827,66.83769989013672,8400400,0.0,0.0
2021-07-09 00:00:00-04:00,67.09435409975056,67.32536357039491,66.68368075032645,66.72645568847656,6006500,0.0,0.0
2021-07-12 00:00:00-04:00,66.35002136230469,67.10292702659052,66.21312586286908,66.35002136230469,11087900,0.0,0.0
2021-07-13 00:00:00-04:00,66.2216890954682,66.5382485416465,66.08479358438993,66.40135955810547,6465800,0.0,0.0
2021-07-14 00:00:00-04:00,66.39278165316654,66.49545325507718,65.7767650967732,66.40989685058594,7163200,0.0,0.0
2021-07-15 00:00:00-04:00,66.4099068884625,66.76924775816133,66.0591170912306,66.64946746826172,7041300,0.0,0.0
2021-07-16 00:00:00-04:00,66.74357752911418,67.06013690756764,66.418454023629,66.75212860107422,7638200,0.0,0.0
2021-07-19 00:00:00-04:00,66.57245222047455,67.02590704014708,65.15219762541602,65.9222183227539,9830600,0.0,0.0
2021-07-20 00:00:00-04:00,66.0419961613815,66.84623416893592,64.98107589412544,65.16930389404297,11627600,0.0,0.0
2021-07-21 00:00:00-04:00,65.29763855562835,65.41741881741852,64.71584591513262,65.35752868652344,7429300,0.0,0.0
2021-07-22 00:00:00-04:00,65.53720031268635,65.69976203997604,65.09230312159723,65.47731018066406,8708900,0.0,0.0
2021-07-23 00:00:00-04:00,65.7083358402153,66.4612414752201,65.64844569342556,66.34146118164062,6560800,0.0,0.0
2021-07-26 00:00:00-04:00,66.27300585112809,66.40134373028827,65.84521727228461,66.08477783203125,5071800,0.0,0.0
2021-07-27 00:00:00-04:00,66.02488908314436,66.8462423885243,65.65699063648646,66.60668182373047,8136000,0.0,0.0
2021-07-28 00:00:00-04:00,66.61524216839106,67.30825762046588,66.28156757831533,67.01736450195312,11037900,0.0,0.0
2021-07-29 00:00:00-04:00,66.35000204572665,66.66656137282192,65.71687033646657,65.81954193115234,11583000,0.0,0.0
2021-07-30 00:00:00-04:00,65.98210563108809,66.52967443072076,65.68264843618131,65.7682113647461,13004500,0.0,0.0
2021-08-02 00:00:00-04:00,65.81955460751782,66.10189665162962,65.14364783261503,65.17787170410156,9083400,0.0,0.0
2021-08-03 00:00:00-04:00,65.3318675820314,65.71687466427194,65.18642104229922,65.37464904785156,9952400,0.0,0.0
2021-08-04 00:00:00-04:00,65.44309242937175,65.44309242937175,64.56184903548753,64.57896423339844,10893400,0.0,0.0
2021-08-05 00:00:00-04:00,64.61321316562,64.75866630883769,64.10842554854372,64.67310333251953,8701600,0.0,0.0
2021-08-06 00:00:00-04:00,64.6987429092452,64.73296677668554,64.15972515647876,64.54473876953125,8670700,0.0,0.0
2021-08-09 00:00:00-04:00,64.89552484770697,65.21209073983057,64.16828558327036,64.44207000732422,7867000,0.0,0.0
2021-08-10 00:00:00-04:00,64.29664007484425,64.47631053760179,64.01429797870928,64.33086395263672,11243100,0.0,0.0
2021-08-11 00:00:00-04:00,64.66452734459946,64.8270825763938,64.28807128195467,64.34796142578125,6952200,0.0,0.0
2021-08-12 00:00:00-04:00,64.27096830007834,65.07520651301945,64.219629224013,65.05809783935547,6077100,0.0,0.0
2021-08-13 00:00:00-04:00,65.33186903567619,65.68265225857263,65.21208876175689,65.63987731933594,6810400,0.0,0.0
2021-08-16 00:00:00-04:00,65.64843519063403,66.7435728581755,65.57142985563185,66.67512512207031,9368400,0.0,0.0
2021-08-17 00:00:00-04:00,66.64946522514025,67.6419313834117,66.58957508220608,67.44515228271484,10311600,0.0,0.0
2021-08-18 00:00:00-04:00,67.48792727331225,67.65048903033387,66.52112738597567,66.55535125732422,7459100,0.0,0.0
2021-08-19 00:00:00-04:00,66.48689536387093,67.71037087256545,66.48689536387093,67.12857818603516,8865400,0.0,0.0
2021-08-20 00:00:00-04:00,67.1884727295507,67.76170785501589,66.92324590113395,67.31681060791016,6284200,0.0,0.0
2021-08-23 00:00:00-04:00,67.68471678181766,67.78738840174913,67.02591864377935,67.06014251708984,6492600,0.0,0.0
2021-08-24 00:00:00-04:00,66.96600868329573,66.96600868329573,66.34144113090296,66.49544525146484,8698100,0.0,0.0
2021-08-25 00:00:00-04:00,66.57244861883572,66.57244861883572,65.36608836455109,65.93932342529297,7045800,0.0,0.0
2021-08-26 00:00:00-04:00,65.97354804320754,66.15321844365916,65.4602031094122,65.51153564453125,6640400,0.0,0.0
2021-08-27 00:00:00-04:00,65.71690316291084,65.85379869087295,65.16933410613845,65.28056335449219,6010000,0.0,0.0
2021-08-30 00:00:00-04:00,65.2805473158757,65.74255329039362,65.20354196843174,65.45166015625,7339700,0.0,0.0
2021-08-31 00:00:00-04:00,65.69977653171055,65.96500338523526,65.04953600665974,65.27198791503906,10949500,0.0,0.0
2021-09-01 00:00:00-04:00,65.21209557558808,65.70833192083863,64.87842098801451,65.17787170410156,9187200,0.0,0.0
2021-09-02 00:00:00-04:00,65.43454780773445,65.9992253712806,65.16931443425518,65.98211669921875,6559400,0.0,0.0
2021-09-03 00:00:00-04:00,66.10189819335938,66.20456328267741,65.61421943649007,66.10189819335938,6629800,0.0,0.0
2021-09-07 00:00:00-04:00,65.52865573917667,65.76822284241761,64.31373766093877,65.00675964355469,13979500,0.0,0.0
2021-09-08 00:00:00-04:00,64.99819806238156,64.99819806238156,63.997174349129246,64.4762954711914,8243000,0.0,0.0
2021-09-09 00:00:00-04:00,64.33084197125942,64.33084197125942,62.97047103587068,63.15869903564453,14628700,0.0,0.0
2021-09-10 00:00:00-04:00,63.295609263066424,63.492388379610254,62.55981228917092,62.84214782714844,11084500,0.0,0.0
2021-09-13 00:00:00-04:00,63.11592478583634,63.167263854619996,62.337352957588365,62.61113739013672,11245200,0.0,0.0
2021-09-14 00:00:00-04:00,63.06004858218093,63.137737469278996,62.20543130788296,62.24859619140625,15202800,0.65,0.0
2021-09-15 00:00:00-04:00,62.222675521628226,63.146347027288535,62.05002264120379,62.852840423583984,12555900,0.0,0.0
2021-09-16 00:00:00-04:00,63.03411508924034,63.03411508924034,61.88600482589333,62.12771224975586,14818900,0.0,0.0
2021-09-17 00:00:00-04:00,61.454384734863034,62.1536107482501,61.19540872233189,61.87737274169922,43406600,0.0,0.0
2021-09-20 00:00:00-04:00,61.42850129064732,62.68020357876788,61.39397070935665,62.093196868896484,15989400,0.0,0.0
2021-09-21 00:00:00-04:00,62.56796882095309,62.740615099131084,61.955059385544516,62.12771224975586,11995900,0.0,0.0
2021-09-22 00:00:00-04:00,62.4384940799814,62.50755524033314,62.03276799545839,62.18815231323242,9028700,0.0,0.0
2021-09-23 00:00:00-04:00,62.74064034716112,63.9146539521103,62.64568288014052,63.06004333496094,12813500,0.0,0.0
2021-09-24 00:00:00-04:00,63.526157935944106,64.42393298283997,63.31898110543973,63.543426513671875,14714700,0.0,0.0
2021-09-27 00:00:00-04:00,63.45712475118027,64.1131860330331,63.31036813520735,63.32763671875,8630600,0.0,0.0
2021-09-28 00:00:00-04:00,63.491647620121014,63.72472078135698,62.723360396666834,63.29309844970703,11836200,0.0,0.0
2021-09-29 00:00:00-04:00,63.54345386290663,65.34763243605177,63.517557571201856,64.82105255126953,16054500,0.0,0.0
2021-09-30 00:00:00-04:00,65.24402862919281,66.16770009030746,64.82966832219138,64.83830261230469,16248600,0.0,0.0
2021-10-01 00:00:00-04:00,70.40622789471587,72.80604684347924,69.60341014841418,70.26811218261719,102497300,0.0,0.0
2021-10-04 00:00:00-04:00,72.6593131509782,72.99597809570444,71.14863475273243,71.73564147949219,53553300,0.0,0.0
2021-10-05 00:00:00-04:00,71.45940211813652,71.98598196290844,70.18180352684749,70.4407730102539,28977800,0.0,0.0
2021-10-06 00:00:00-04:00,70.3544405987438,70.50982490277136,69.18906161155427,69.62931823730469,17608000,0.0,0.0
2021-10-07 00:00:00-04:00,70.3889690139061,71.36443308998622,69.94871240167794,70.73426818847656,14190500,0.0,0.0
2021-10-08 00:00:00-04:00,70.50118397601722,70.61340998760576,69.51708567181629,69.60340881347656,12121100,0.0,0.0
2021-10-11 00:00:00-04:00,70.47530866213248,70.47530866213248,68.94736818340117,68.99916076660156,11279700,0.0,0.0
2021-10-12 00:00:00-04:00,69.21496049933049,69.21496049933049,68.4121426626866,68.70564270019531,10945000,0.0,0.0
2021-10-13 00:00:00-04:00,68.70563612497511,68.76606957095036,68.00641009050467,68.15316009521484,9462600,0.0,0.0
2021-10-14 00:00:00-04:00,68.17043414291534,68.77470279079117,67.31582374490975,67.61795806884766,14607900,0.0,0.0
2021-10-15 00:00:00-04:00,67.50573204421764,68.24812300362753,67.31582374490975,67.61795806884766,12866800,0.0,0.0
2021-10-18 00:00:00-04:00,67.97189072731281,67.97189072731281,66.56480413598683,66.59933471679688,13075500,0.0,0.0
2021-10-19 00:00:00-04:00,67.96327001506835,68.64522765162683,67.42805583649144,68.61933135986328,15577100,0.0,0.0
2021-10-20 00:00:00-04:00,68.47256766165034,70.13863015524082,68.46393337077242,69.98324584960938,11465500,0.0,0.0
2021-10-21 00:00:00-04:00,70.01777224922726,70.1472602605328,69.30127762789924,70.06956481933594,9893600,0.0,0.0
2021-10-22 00:00:00-04:00,70.05229949951172,70.33717179365527,69.81921977301843,70.05229949951172,7543600,0.0,0.0
2021-10-25 00:00:00-04:00,69.94872813637497,70.54436918184531,69.01642213112629,70.4925765991211,9365900,0.0,0.0
2021-10-26 00:00:00-04:00,70.69974250217199,71.09683427527989,70.53572390104948,71.00187683105469,9352500,0.0,0.0
2021-10-27 00:00:00-04:00,71.20043693311379,71.20043693311379,70.18180776373633,70.38898468017578,8465400,0.0,0.0
2021-10-28 00:00:00-04:00,71.977338423271,74.98143278147585,71.7960578323671,74.71382904052734,28854700,0.0,0.0
2021-10-29 00:00:00-04:00,74.66203881048712,76.36263207247929,74.38580074568866,76.00870513916016,18678600,0.0,0.0
2021-11-01 00:00:00-04:00,76.0087026590114,76.50937960722257,75.35263480675934,75.8274154663086,10943900,0.0,0.0
2021-11-02 00:00:00-04:00,76.16409643756147,78.0545981910867,75.51666279645549,76.84605407714844,14671400,0.0,0.0
2021-11-03 00:00:00-04:00,76.63023250527108,77.19134290225759,76.14681755945364,76.55254364013672,10883900,0.0,0.0
2021-11-04 00:00:00-04:00,78.01141498023591,78.90055584289793,77.06184067444785,78.15816497802734,19519800,0.0,0.0
2021-11-05 00:00:00-04:00,71.03641621922034,72.51256405428695,70.22496399012918,70.44940948486328,37623900,0.0,0.0
2021-11-08 00:00:00-05:00,69.41351467501087,71.54572371106484,68.9559894175548,71.37307739257812,18655700,0.0,0.0
2021-11-09 00:00:00-05:00,72.1845296381257,72.26221850569816,70.70838187993479,71.40760803222656,10512000,0.0,0.0
2021-11-10 00:00:00-05:00,71.91691160584449,72.52981453339935,71.39033182838969,72.52118682861328,9855900,0.0,0.0
2021-11-11 00:00:00-05:00,72.44349252237076,72.73699914056697,72.10682762146301,72.52981567382812,5761500,0.0,0.0
2021-11-12 00:00:00-05:00,72.37442043431413,72.68518900144512,71.69246303058961,72.51254272460938,8206700,0.0,0.0
2021-11-15 00:00:00-05:00,72.64205644575726,72.66795273784845,71.99462279933525,72.24496459960938,7108200,0.0,0.0
2021-11-16 00:00:00-05:00,72.22766846704415,73.10818157853626,71.86510734397476,72.60749816894531,10565200,0.0,0.0
2021-11-17 00:00:00-05:00,72.83197082499605,73.09094033000866,71.29538945003135,71.30402374267578,10286300,0.0,0.0
2021-11-18 00:00:00-05:00,71.04504084569054,71.77016322628316,70.80332679945866,71.69247436523438,9833600,0.0,0.0
2021-11-19 00:00:00-05:00,71.10547261869623,71.43350325360127,69.59479430215481,69.66384887695312,17581100,0.0,0.0
2021-11-22 00:00:00-05:00,69.92282751493872,70.84649917052181,69.5257357045608,70.47530364990234,10880200,0.0,0.0
2021-11-23 00:00:00-05:00,70.34580668004465,72.15861917926537,70.21631866166442,71.4766616821289,12130800,0.0,0.0
2021-11-24 00:00:00-05:00,71.47666959409094,71.5629927538884,70.75154056251547,71.02777862548828,8537000,0.0,0.0
2021-11-26 00:00:00-05:00,67.96326189246382,68.99915295541471,66.56480303004884,68.33445739746094,18022000,0.0,0.0
2021-11-29 00:00:00-05:00,65.96915499278482,66.90146080137474,63.88010450711911,64.64839172363281,34192400,0.0,0.0
2021-11-30 00:00:00-05:00,64.52752713114818,64.76923454021531,63.74197146564708,64.6656494140625,30179900,0.0,0.0
2021-12-01 00:00:00-05:00,65.20087471440088,66.39215668082113,64.21677622929226,64.25994110107422,21435900,0.0,0.0
2021-12-02 00:00:00-05:00,64.20814050800112,64.55343971646361,63.27584120699738,63.785152435302734,15345300,0.0,0.0
2021-12-03 00:00:00-05:00,63.957781886172086,64.09590416755957,62.723348572943976,63.31034851074219,14508900,0.0,0.0
2021-12-06 00:00:00-05:00,63.275832281730096,63.75061286361636,62.8442099785424,63.379417419433594,13506800,0.0,0.0
2021-12-07 00:00:00-05:00,62.179521139033035,62.77516215136824,61.72200245432602,62.39533233642578,17635100,0.0,0.0
2021-12-08 00:00:00-05:00,62.619778202918354,63.370803545340635,62.2226863876485,63.198150634765625,14331400,0.0,0.0
2021-12-09 00:00:00-05:00,63.396702565106516,63.5002877298765,62.74926894115252,62.896018981933594,11938000,0.0,0.0
2021-12-10 00:00:00-05:00,63.120449830426985,63.21540726678098,62.36942463000012,62.68882751464844,11398800,0.0,0.0
2021-12-13 00:00:00-05:00,62.47301453435963,63.40531370385946,62.12771537460274,63.379417419433594,17486100,0.0,0.0
2021-12-14 00:00:00-05:00,63.05699046878048,64.5210004513324,62.88270625716193,64.24214172363281,18949700,0.69,0.0
2021-12-15 00:00:00-05:00,64.23343018007299,65.69744026887167,64.23343018007299,65.61029815673828,14263400,0.0,0.0
2021-12-16 00:00:00-05:00,65.7933052794885,66.69088175794916,65.59287241752772,66.15059661865234,16601700,0.0,0.0
2021-12-17 00:00:00-05:00,66.7170213019421,67.74531424874449,65.79330288564275,65.95887756347656,28040600,0.0,0.0
2021-12-20 00:00:00-05:00,65.96758701318309,66.66473725169273,65.31401115777435,66.58631134033203,11818800,0.0,0.0
2021-12-21 00:00:00-05:00,66.4468885473134,66.47303052166744,65.26173695412903,65.82817077636719,14947800,0.0,0.0
2021-12-22 00:00:00-05:00,65.7410276399154,66.71703012629895,65.47087839584712,66.36846160888672,9256000,0.0,0.0
2021-12-23 00:00:00-05:00,66.4904536560388,66.4904536560388,65.6625869087789,65.99373626708984,9894900,0.0,0.0
2021-12-27 00:00:00-05:00,66.229013560235,66.76058906937612,66.02858072542902,66.7257308959961,6334700,0.0,0.0
2021-12-28 00:00:00-05:00,66.82159902394159,67.22245810390612,66.41202373722282,66.93488311767578,5727100,0.0,0.0
2021-12-29 00:00:00-05:00,66.92615967522751,67.25730232949614,66.63858474865621,67.05686950683594,5926100,0.0,0.0
2021-12-30 00:00:00-05:00,67.2050473756416,67.63204852289005,67.07433083915188,67.22247314453125,5859100,0.0,0.0
2021-12-31 00:00:00-05:00,67.22246043765294,67.57975179328574,66.76931739846678,66.7867431640625,6019500,0.0,0.0
2022-01-03 00:00:00-05:00,66.73445817524005,67.04817513920106,65.66259077362028,66.98717498779297,9441200,0.0,0.0
2022-01-04 00:00:00-05:00,66.57757832085271,67.33572186661809,66.13314498982477,67.1091537475586,11981700,0.0,0.0
2022-01-05 00:00:00-05:00,67.32701962420461,69.54917322368756,67.32701962420461,68.73873901367188,17447900,0.0,0.0
2022-01-06 00:00:00-05:00,68.66032462268923,69.34875867119855,67.92831619004585,68.69518280029297,11359200,0.0,0.0
2022-01-07 00:00:00-05:00,68.72131343756699,70.17660720779287,68.3727383675356,69.97618103027344,15212000,0.0,0.0
2022-01-10 00:00:00-05:00,70.18533313588549,71.84976951930334,69.42718275217692,71.78005981445312,19636800,0.0,0.0
2022-01-11 00:00:00-05:00,71.8236274272571,71.94562772118505,70.2811913405866,71.17005157470703,11585100,0.0,0.0
2022-01-12 00:00:00-05:00,70.65589966091589,70.95218415268408,70.2986083812367,70.76046752929688,13057000,0.0,0.0
2022-01-13 00:00:00-05:00,70.5251923560261,71.21362638937478,70.0023330005195,70.86505126953125,9678100,0.0,0.0
2022-01-14 00:00:00-05:00,71.10903685936461,71.32689543224778,70.38574480174861,70.91732025146484,9478000,0.0,0.0
2022-01-18 00:00:00-05:00,70.6733294268146,71.59705442378527,70.42061264971527,71.0567626953125,14493100,0.0,0.0
2022-01-19 00:00:00-05:00,70.56875518945844,71.44018952218394,70.1330380230957,70.83889770507812,11448200,0.0,0.0
2022-01-20 00:00:00-05:00,70.35091377301474,71.33563241581562,70.16790666779137,70.36833953857422,12069600,0.0,0.0
2022-01-21 00:00:00-05:00,70.82147894472952,71.03933756989895,69.0524679721166,69.69733428955078,18461700,0.0,0.0
2022-01-24 00:00:00-05:00,69.51432670416935,69.81061788954234,66.7954553362534,68.69518280029297,17289000,0.0,0.0
2022-01-25 00:00:00-05:00,68.3378861700657,69.52303752267349,67.78016866866405,69.24417877197266,13662400,0.0,0.0
2022-01-26 00:00:00-05:00,69.18319067594021,70.0110508663557,68.60804731118753,68.96533203125,13046600,0.0,0.0
2022-01-27 00:00:00-05:00,68.33789028850946,71.10905219933167,68.33789028850946,70.2201919555664,20187200,0.0,0.0
2022-01-28 00:00:00-05:00,69.31390247671328,70.57747987054218,69.00018551782154,70.49905395507812,13915300,0.0,0.0
2022-01-31 00:00:00-05:00,70.60362036273202,71.21362850268999,70.41191035722049,71.00448608398438,13035000,0.0,0.0
2022-02-01 00:00:00-05:00,71.422767111558,71.56219981560253,70.65590718486494,71.38790893554688,10803300,0.0,0.0
2022-02-02 00:00:00-05:00,71.28333867975807,71.7190558925964,70.81276329207063,71.46633911132812,13988200,0.0,0.0
2022-02-03 00:00:00-05:00,71.15262186394641,71.28333835690928,68.32045999332436,68.85203552246094,19181400,0.0,0.0
2022-02-04 00:00:00-05:00,68.41633216154777,69.32262494143546,68.14618291513193,68.45989990234375,10716200,0.0,0.0
2022-02-07 00:00:00-05:00,68.66030004158934,68.77358409185643,67.48386522483868,67.60586547851562,23615300,0.0,0.0
2022-02-08 00:00:00-05:00,67.18759408484318,67.38802693166085,66.0721590639027,67.02202606201172,17486500,0.0,0.0
2022-02-09 00:00:00-05:00,67.24858966499556,67.38802235740711,66.58630432159086,66.69087219238281,15183100,0.0,0.0
2022-02-10 00:00:00-05:00,66.54274911900846,66.90003386136917,66.16803196081437,66.71703338623047,12437600,0.0,0.0
2022-02-11 00:00:00-05:00,66.57760073432411,67.88475255509546,66.3771678631246,66.7867431640625,9342300,0.0,0.0
2022-02-14 00:00:00-05:00,66.77803693098807,66.839037092461,65.45345914678177,66.63861083984375,9881100,0.0,0.0
2022-02-15 00:00:00-05:00,67.54489381460812,68.13746957439551,67.3793191226252,67.80632019042969,11425600,0.0,0.0
2022-02-16 00:00:00-05:00,67.27473525182661,67.79760122798146,67.0394508813706,67.29216766357422,9981300,0.0,0.0
2022-02-17 00:00:00-05:00,66.96972556075501,67.03944190137268,66.2290077251116,66.542724609375,8889300,0.0,0.0
2022-02-18 00:00:00-05:00,66.50787825396282,66.97845366395403,66.13316116722078,66.55145263671875,8780500,0.0,0.0
2022-02-22 00:00:00-05:00,66.62986578872354,66.97844083847146,65.88914796333175,66.18543243408203,9052500,0.0,0.0
2022-02-23 00:00:00-05:00,66.39459172161028,66.61245033033218,65.89787435966504,66.08958435058594,9659100,0.0,0.0
2022-02-24 00:00:00-05:00,65.44472053782626,65.6364371649825,63.51013515254674,64.05914306640625,21135600,0.0,0.0
2022-02-25 00:00:00-05:00,64.6604524551707,67.3531891509997,64.63431047778232,66.50789642333984,13665900,0.0,0.0
2022-02-28 00:00:00-05:00,66.08088301584739,66.89131740707874,65.16587408595079,66.73445892333984,14126100,0.0,0.0
2022-03-01 00:00:00-05:00,66.66473176790488,67.7627409762551,66.18544018729098,66.52529907226562,9807300,0.0,0.0
2022-03-02 00:00:00-05:00,66.49914933093609,67.29215773552744,66.28129075585268,66.8128662109375,9697500,0.0,0.0
2022-03-03 00:00:00-05:00,66.9000288926383,67.5710372334957,66.586318564642,67.2311782836914,8191100,0.0,0.0
2022-03-04 00:00:00-05:00,66.82158725054484,67.84988006528353,66.2464373794207,67.82373809814453,12216300,0.0,0.0
2022-03-07 00:00:00-05:00,67.10917647361518,68.22461163246493,66.29874207718247,67.73661041259766,14008400,0.0,0.0
2022-03-08 00:00:00-05:00,67.31830246708553,68.05030411815822,66.71701064762128,67.05686950683594,10184100,0.0,0.0
2022-03-09 00:00:00-05:00,67.64075998772518,68.16361944849496,67.14404250271609,67.78890228271484,9746000,0.0,0.0
2022-03-10 00:00:00-05:00,67.6494475417787,68.14616486521184,67.38802122069191,67.87602233886719,8972200,0.0,0.0
2022-03-11 00:00:00-05:00,68.25073974533868,69.39231664507045,68.14616522723844,68.19845581054688,9424500,0.0,0.0
2022-03-14 00:00:00-04:00,68.48857661240501,69.11279773870999,67.96985349143553,68.38307189941406,10085400,0.69,0.0
2022-03-15 00:00:00-04:00,68.29518794035337,69.46450725878857,68.04901686440043,69.13920593261719,11403000,0.0,0.0
2022-03-16 00:00:00-04:00,69.42051979283433,69.55239902303913,68.26878837820206,68.6820068359375,10944000,0.0,0.0
2022-03-17 00:00:00-04:00,68.70840381846568,69.78101207047364,68.62927357139276,69.40296173095703,10279400,0.0,0.0
2022-03-18 00:00:00-04:00,69.61394142774661,70.10628339659449,69.13038648858797,69.55239868164062,21064800,0.0,0.0
2022-03-21 00:00:00-04:00,70.04475744565346,70.7305215545957,69.37658081561932,69.50845336914062,10478300,0.0,0.0
2022-03-22 00:00:00-04:00,69.69308594309939,70.14147277565495,69.25349285053935,69.71946716308594,10016600,0.0,0.0
2022-03-23 00:00:00-04:00,69.71945340878342,70.84481043050059,69.65791065627255,70.09750366210938,8470400,0.0,0.0
2022-03-24 00:00:00-04:00,70.37004940684493,70.923934181234,70.08871015050582,70.69535064697266,7605000,0.0,0.0
2022-03-25 00:00:00-04:00,70.85358817773682,71.54814584087562,70.73050268884197,71.51297760009766,7125600,0.0,0.0
2022-03-28 00:00:00-04:00,71.53938517315197,71.80313701469325,70.97670652867367,71.39871215820312,7071900,0.0,0.0
2022-03-29 00:00:00-04:00,71.79432492235156,71.882242172178,70.98546878404225,71.71519470214844,7398700,0.0,0.0
2022-03-30 00:00:00-04:00,71.9525747091721,72.70867516048169,71.80311470796488,72.4449234008789,9326600,0.0,0.0
2022-03-31 00:00:00-04:00,72.88452913456396,73.30653470687226,72.04051128228974,72.13722229003906,12466800,0.0,0.0
2022-04-01 00:00:00-04:00,72.26030644073458,73.48237456173307,71.77675141113481,73.42961883544922,10086700,0.0,0.0
2022-04-04 00:00:00-04:00,73.41205301812514,73.75493512435158,72.73508254645365,73.40325927734375,9039600,0.0,0.0
2022-04-05 00:00:00-04:00,73.5526968533773,75.10885297123703,73.4208176246233,73.6054458618164,12040900,0.0,0.0
2022-04-06 00:00:00-04:00,74.16812567196983,75.2231461060532,73.95712292668442,74.70442962646484,13924300,0.0,0.0
2022-04-07 00:00:00-04:00,75.39021396143991,76.58590768741185,74.69565608329019,76.31336212158203,13104300,0.0,0.0
2022-04-08 00:00:00-04:00,76.17267426140384,77.22769477498953,75.83858599722164,77.08702850341797,11409300,0.0,0.0
2022-04-11 00:00:00-04:00,77.64972141070304,78.66958057634416,75.76826356424185,76.16389465332031,14381000,0.0,0.0
2022-04-12 00:00:00-04:00,75.61000739952395,76.09356245549104,74.92424328935819,75.28470611572266,12543000,0.0,0.0
2022-04-13 00:00:00-04:00,75.43417785407364,75.82101521681989,74.58136617576812,75.72430419921875,12743800,0.0,0.0
2022-04-14 00:00:00-04:00,75.7242863661101,76.93756731659309,75.09127809223776,76.4100570678711,22096100,0.0,0.0
2022-04-18 00:00:00-04:00,75.97926838820392,76.88482908422164,75.32867249038722,75.67155456542969,7995100,0.0,0.0
2022-04-19 00:00:00-04:00,75.5836230141861,75.68912104340863,74.83631624067951,75.42536926269531,8494700,0.0,0.0
2022-04-20 00:00:00-04:00,75.18799012870099,76.33093470844418,75.15282858846476,76.0144271850586,8719400,0.0,0.0
2022-04-21 00:00:00-04:00,75.97046382787322,76.69139606389194,75.07369037108364,75.81221008300781,8562400,0.0,0.0
2022-04-22 00:00:00-04:00,75.48690838499512,75.7330793848838,74.29121492183005,74.3703384399414,7914000,0.0,0.0
2022-04-25 00:00:00-04:00,74.37034699131146,75.44295507786453,73.4384118966737,75.11766052246094,10573400,0.0,0.0
2022-04-26 00:00:00-04:00,75.39900061046174,75.78583792707902,74.19451325793364,74.27364349365234,9009600,0.0,0.0
2022-04-27 00:00:00-04:00,74.11538616654973,74.84510548499709,73.49995191136892,74.21209716796875,10781300,0.0,0.0
2022-04-28 00:00:00-04:00,75.39019795944277,78.57285362916342,74.73080847291703,77.8782958984375,21092300,0.0,0.0
2022-04-29 00:00:00-04:00,77.94863922436068,79.13553906268851,77.4474967312913,77.97501373291016,15914200,0.0,0.0
2022-05-02 00:00:00-04:00,78.00139015397326,78.10688819075789,76.16388775730378,77.06066131591797,12124900,0.0,0.0
2022-05-03 00:00:00-04:00,76.48040689974134,77.57938966755783,75.98806476621027,76.57711791992188,8425600,0.0,0.0
2022-05-04 00:00:00-04:00,76.11113614866892,78.04534277734618,75.92650788292168,77.82554626464844,10763500,0.0,0.0
2022-05-05 00:00:00-04:00,77.73762954340403,77.94863902657909,76.5155614608919,77.37716674804688,9548300,0.0,0.0
2022-05-06 00:00:00-04:00,77.13977806142512,78.17721781376025,76.91119453005037,77.71125030517578,12227400,0.0,0.0
2022-05-09 00:00:00-04:00,76.92877149684648,77.4211134879762,76.41005500014289,77.0518569946289,11901500,0.0,0.0
2022-05-10 00:00:00-04:00,77.47387669804007,78.50252276082425,76.72656319368473,77.20132446289062,12370800,0.0,0.0
2022-05-11 00:00:00-04:00,76.85842620115687,79.83886572722196,76.85842620115687,78.41458892822266,16338600,0.0,0.0
2022-05-12 00:00:00-04:00,78.99487049253858,79.87405660087548,77.68488506926076,79.85647583007812,14210200,0.0,0.0
2022-05-13 00:00:00-04:00,79.7421864914836,80.04990703083077,78.47616291144165,79.48722839355469,10308100,0.0,0.0
2022-05-16 00:00:00-04:00,79.82130450911721,81.65001315392286,79.7245935043092,81.16645812988281,13999000,0.0,0.0
2022-05-17 00:00:00-04:00,81.15766457550889,83.13583324763984,80.45431973890123,81.7643051147461,17582800,0.0,0.0
2022-05-18 00:00:00-04:00,81.37747018456801,81.90498725551967,80.68291230162932,80.9730453491211,12717600,0.0,0.0
2022-05-19 00:00:00-04:00,80.2257128376643,81.42140619026829,79.90041164208692,80.96422576904297,11121600,0.0,0.0
2022-05-20 00:00:00-04:00,81.28075367657326,82.71383133741588,81.28075367657326,82.24786376953125,11757100,0.0,0.0
2022-05-23 00:00:00-04:00,82.28302431883597,83.45234344791967,82.11598352015092,82.49403381347656,9067000,0.0,0.0
2022-05-24 00:00:00-04:00,82.86327949977483,83.3468344770007,82.26543275868505,83.20616149902344,9021000,0.0,0.0
2022-05-25 00:00:00-04:00,82.95999481395633,83.31167056955024,81.88738677784056,82.42369079589844,11177700,0.0,0.0
2022-05-26 00:00:00-04:00,82.85449855725449,82.8632922966503,80.00593738986926,81.15766906738281,17249500,0.0,0.0
2022-05-27 00:00:00-04:00,81.13128896818567,81.86101501164255,80.66532142717215,81.83464050292969,9802000,0.0,0.0
2022-05-31 00:00:00-04:00,80.8060009800178,81.43022233166334,79.89164659365227,80.9114990234375,22860800,0.0,0.0
2022-06-01 00:00:00-04:00,80.59500359864256,80.8235939065264,79.16193239618778,80.12903594970703,10492500,0.0,0.0
2022-06-02 00:00:00-04:00,80.120224986129,80.12901872506546,78.0189707933647,79.12674713134766,11066200,0.0,0.0
2022-06-03 00:00:00-04:00,78.89817118105681,79.7246083918674,78.84542215318676,79.04763793945312,7051600,0.0,0.0
2022-06-06 00:00:00-04:00,79.27620172168739,79.70700770050115,78.85419618886438,78.98606872558594,8336900,0.0,0.0
2022-06-07 00:00:00-04:00,79.25861884267708,79.84767184987514,78.75748309350523,79.54875183105469,10243300,0.0,0.0
2022-06-08 00:00:00-04:00,79.63667423899368,79.69821699435752,78.48493594910276,78.66957092285156,10266000,0.0,0.0
2022-06-09 00:00:00-04:00,78.46734484759244,78.94210605831177,77.29802594198686,77.36836242675781,7381100,0.0,0.0
2022-06-10 00:00:00-04:00,76.6386519394277,77.4035462732835,76.23422713194945,76.64744567871094,8861600,0.0,0.0
2022-06-13 00:00:00-04:00,75.35503334514866,76.05838484771975,74.4055108289748,74.7308120727539,12016100,0.0,0.0
2022-06-14 00:00:00-04:00,75.13855096799757,75.37787774151754,74.34081308974075,74.89923095703125,11226900,0.69,0.0
2022-06-15 00:00:00-04:00,74.95239602710544,75.67036943518222,74.2344293815809,75.01444244384766,11357100,0.0,0.0
2022-06-16 00:00:00-04:00,74.252169190137,75.51083595645629,73.61398024301968,75.24491882324219,12925200,0.0,0.0
2022-06-17 00:00:00-04:00,75.02330936648828,76.01605881301553,73.91533279058604,75.00558471679688,32989100,0.0,0.0
2022-06-21 00:00:00-04:00,76.27311364766861,78.3206522887362,75.58173055242054,78.02814483642578,11778600,0.0,0.0
2022-06-22 00:00:00-04:00,78.03702028203536,80.07569347100731,78.02815457440515,79.02976989746094,11935400,0.0,0.0
2022-06-23 00:00:00-04:00,79.77431836335555,81.68003954343516,79.38430842067338,81.54708099365234,14718400,0.0,0.0
2022-06-24 00:00:00-04:00,82.6550742684264,83.13372108642031,81.28118024848722,82.5487060546875,25248400,0.0,0.0
2022-06-27 00:00:00-04:00,82.61074584352693,84.84443081448764,82.47779404024057,83.68327331542969,11949000,0.0,0.0
2022-06-28 00:00:00-04:00,83.41735271847449,83.61235770526513,81.07730640209355,81.4495849609375,13523300,0.0,0.0
2022-06-29 00:00:00-04:00,81.82185755673127,82.4157381811907,81.44957902501841,81.99913787841797,8657100,0.0,0.0
2022-06-30 00:00:00-04:00,81.23685213219508,82.34482882040682,80.58093182628858,80.81138610839844,18551400,0.0,0.0
2022-07-01 00:00:00-04:00,80.92661458181415,81.9814037196791,80.12000436089426,81.91935729980469,11413800,0.0,0.0
2022-07-05 00:00:00-04:00,81.9370910657349,82.3891406681365,80.24409950510245,82.11436462402344,9574400,0.0,0.0
2022-07-06 00:00:00-04:00,82.7082549940188,83.7719168437455,82.16756174198241,82.5487060546875,10455300,0.0,0.0
2022-07-07 00:00:00-04:00,82.38029060778554,83.27553096500274,82.03460239805742,82.44233703613281,8140100,0.0,0.0
2022-07-08 00:00:00-04:00,82.35369826430556,83.16030181339654,81.91050756891066,82.23846435546875,7161500,0.0,0.0
2022-07-11 00:00:00-04:00,82.32709539729288,84.01122127478668,82.28278038837767,83.58576202392578,9507700,0.0,0.0
2022-07-12 00:00:00-04:00,83.12485808759854,83.53259277639079,82.55757445427415,82.9653091430664,7826500,0.0,0.0
2022-07-13 00:00:00-04:00,82.95642551619908,83.63894292804879,82.45118842806814,83.11597442626953,6415600,0.0,0.0
2022-07-14 00:00:00-04:00,82.03460356244253,83.37303464472437,81.60027179529334,83.21348571777344,6271000,0.0,0.0
2022-07-15 00:00:00-04:00,84.0732814933948,84.51647223058987,83.64782217271775,84.17078399658203,9731900,0.0,0.0
2022-07-18 00:00:00-04:00,84.11757485463227,84.29484838460026,81.4761559777784,81.84843444824219,8653700,0.0,0.0
2022-07-19 00:00:00-04:00,82.56643787348713,82.77916753944629,81.65346601275176,81.86619567871094,8233600,0.0,0.0
2022-07-20 00:00:00-04:00,81.86618891853888,81.92823534775987,79.08295178624891,79.46409606933594,11844000,0.0,0.0
2022-07-21 00:00:00-04:00,79.02089142033202,80.13773371188881,78.80816180945773,79.89840698242188,8197000,0.0,0.0
2022-07-22 00:00:00-04:00,79.87183380126953,80.1732002512651,79.29568450048252,79.87183380126953,6354500,0.0,0.0
2022-07-25 00:00:00-04:00,79.9516102128842,80.42139809793636,79.55274123483433,80.2441177368164,6364500,0.0,0.0
2022-07-26 00:00:00-04:00,81.01526525609808,81.50277099229639,80.3061573965594,80.91776275634766,6414100,0.0,0.0
2022-07-27 00:00:00-04:00,80.21751684835017,80.98867110229553,79.7831918550619,80.86457824707031,6966300,0.0,0.0
2022-07-28 00:00:00-04:00,80.69617154435588,80.7759426323145,77.48746812067873,79.72115325927734,13909800,0.0,0.0
2022-07-29 00:00:00-04:00,79.84524294041316,80.73162439375908,78.24975361936899,79.18931579589844,14938600,0.0,0.0
2022-08-01 00:00:00-04:00,79.18930306249214,79.79204262435077,78.31178745829668,78.4713363647461,7343300,0.0,0.0
2022-08-02 00:00:00-04:00,78.94111874825698,79.41089976913989,77.60268781471774,77.65586853027344,7443000,0.0,0.0
2022-08-03 00:00:00-04:00,77.33678555733543,78.01929633400816,76.90246051763462,77.66474914550781,8187600,0.0,0.0
2022-08-04 00:00:00-04:00,77.83313535551261,77.904047478486,76.79607091659771,76.95561981201172,7993800,0.0,0.0
2022-08-05 00:00:00-04:00,76.69857205456377,77.5849533458682,76.24651570248379,77.47859191894531,8801200,0.0,0.0
2022-08-08 00:00:00-04:00,77.38110843011984,78.69294927622973,77.04427912871127,78.43589782714844,8149400,0.0,0.0
2022-08-09 00:00:00-04:00,78.66635097687703,79.98705739835411,76.94676885911181,79.34886169433594,13215500,0.0,0.0
2022-08-10 00:00:00-04:00,79.80090775772142,79.889544535656,78.16996940355673,79.05635070800781,8140200,0.0,0.0
2022-08-11 00:00:00-04:00,77.83315515962236,79.61478381797652,77.43428620087403,78.8259048461914,7396800,0.0,0.0
2022-08-12 00:00:00-04:00,78.87907556579775,80.6872943570434,78.84361949978668,80.67842864990234,12317300,0.0,0.0
2022-08-15 00:00:00-04:00,80.510038335896,80.51889728241464,79.67683750943098,80.30616760253906,6339800,0.0,0.0
2022-08-16 00:00:00-04:00,79.7388539926628,80.57205450612275,79.6590829286347,80.29727172851562,5661200,0.0,0.0
2022-08-17 00:00:00-04:00,80.07569592755426,81.44958986258514,80.04024662105289,80.6961669921875,6486000,0.0,0.0
2022-08-18 00:00:00-04:00,81.10389557379098,81.40526199437844,80.24410456056304,81.0152587890625,6111600,0.0,0.0
2022-08-19 00:00:00-04:00,81.1482227684727,82.4511977923872,81.13049135281055,81.61800384521484,8828700,0.0,0.0
2022-08-22 00:00:00-04:00,81.37868622544391,81.74210589930665,80.66958505792952,80.80254364013672,6652100,0.0,0.0
2022-08-23 00:00:00-04:00,80.55433874017413,80.65184123462488,79.526139838539,79.95159912109375,5208800,0.0,0.0
2022-08-24 00:00:00-04:00,79.95160337106513,80.05797157863469,79.36659513581682,79.78319549560547,5553300,0.0,0.0
2022-08-25 00:00:00-04:00,80.22639304946867,80.22639304946867,78.95000150013948,80.01365661621094,5884300,0.0,0.0
2022-08-26 00:00:00-04:00,80.02250656811327,80.43024117440771,78.96771060587253,79.11840057373047,5695300,0.0,0.0
2022-08-29 00:00:00-04:00,78.73725554084065,78.88793874464356,77.61154745936499,77.63813781738281,7850200,0.0,0.0
2022-08-30 00:00:00-04:00,77.53178816323386,77.62042495760912,76.74290919695235,77.00881958007812,6754000,0.0,0.0
2022-08-31 00:00:00-04:00,77.15063525428977,77.23040633156215,75.48424071325246,75.66151428222656,11602000,0.0,0.0
2022-09-01 00:00:00-04:00,75.9097081509463,77.5229221473679,75.66152242265896,77.2481460571289,7528600,0.0,0.0
2022-09-02 00:00:00-04:00,77.32790321356087,77.80654993013162,76.12242409683884,76.43266296386719,6997500,0.0,0.0
2022-09-06 00:00:00-04:00,76.74290612350823,77.35450471399163,76.370627544509,76.60108184814453,8244300,0.0,0.0
2022-09-07 00:00:00-04:00,76.72515618829064,77.11516608884858,75.40445006488125,76.99993896484375,6121700,0.0,0.0
2022-09-08 00:00:00-04:00,76.671988042918,77.51404763432187,76.34402450347541,77.48745727539062,8109200,0.0,0.0
2022-09-09 00:00:00-04:00,77.6381450367752,78.15224788143463,77.35450325395509,77.41654968261719,7480100,0.0,0.0
2022-09-12 00:00:00-04:00,78.11680497208515,79.03864261217299,77.84202885066014,78.14340209960938,6351500,0.0,0.0
2022-09-13 00:00:00-04:00,77.39882725742898,77.6558786871569,76.32630652394232,76.47698974609375,7650000,0.0,0.0
2022-09-14 00:00:00-04:00,77.73685589964121,78.30871268503155,77.18286665632594,77.69217681884766,9418700,0.69,0.0
2022-09-15 00:00:00-04:00,77.87087803845085,78.12106450330211,77.02202331319704,77.51346588134766,8006800,0.0,0.0
2022-09-16 00:00:00-04:00,77.3794654417618,78.51424896882095,77.20076270252804,78.38021850585938,14842500,0.0,0.0
2022-09-19 00:00:00-04:00,77.60283153364759,77.68325252194123,76.52166450131679,77.41519165039062,7748600,0.0,0.0
2022-09-20 00:00:00-04:00,76.90588464304604,77.2454225196541,76.47698859416143,76.84333801269531,5454800,0.0,0.0
2022-09-21 00:00:00-04:00,77.06670614041263,77.29008789734137,75.5209013829549,75.52983856201172,7190800,0.0,0.0
2022-09-22 00:00:00-04:00,75.54771152406636,78.7644074009842,75.54771152406636,78.19255065917969,12329700,0.0,0.0
2022-09-23 00:00:00-04:00,78.09426479362787,78.63931683433023,76.92373973360839,77.54027557373047,9038500,0.0,0.0
2022-09-26 00:00:00-04:00,76.9505790771963,77.47775695000368,76.20894972863795,77.00418853759766,8841000,0.0,0.0
2022-09-27 00:00:00-04:00,77.57602271860166,78.29977748971838,76.5484651879452,76.70036315917969,6532100,0.0,0.0
2022-09-28 00:00:00-04:00,77.72791543440451,77.96023437398347,77.02202825354293,77.54027557373047,6840000,0.0,0.0
2022-09-29 00:00:00-04:00,77.73686196942289,78.11214173593683,77.04884906414735,77.41519165039062,6601300,0.0,0.0
2022-09-30 00:00:00-04:00,77.96025249025043,78.29086002658993,76.93269479028832,76.95056915283203,9035600,0.0,0.0
2022-10-03 00:00:00-04:00,77.48668041408827,78.54104279011017,76.86120727949167,78.22830963134766,9186900,0.0,0.0
2022-10-04 00:00:00-04:00,78.21935472856413,79.21117024812064,77.73684932847691,78.97885131835938,7373000,0.0,0.0
2022-10-05 00:00:00-04:00,79.14862363053915,79.32732630446625,78.64824387281719,78.97885131835938,6065700,0.0,0.0
2022-10-06 00:00:00-04:00,78.41596388605694,78.63934572851728,77.94239547077268,78.13003540039062,8055500,0.0,0.0
2022-10-07 00:00:00-04:00,78.5231662564178,78.8984528536237,77.84409050676624,78.27297973632812,8837400,0.0,0.0
2022-10-10 00:00:00-04:00,80.35488614164998,81.83813746770069,80.15830910416936,80.84632873535156,14485000,0.0,0.0
2022-10-11 00:00:00-04:00,80.80165497643692,82.18662469199481,80.59614074634014,81.35564422607422,9743500,0.0,0.0
2022-10-12 00:00:00-04:00,81.53435379229518,81.9543126505047,80.74805234137541,80.792724609375,8522200,0.0,0.0
2022-10-13 00:00:00-04:00,79.97066724991791,82.8478253076294,79.76515303847991,82.6423110961914,9382800,0.0,0.0
2022-10-14 00:00:00-04:00,82.44574009217486,83.41968814740093,81.97217183383718,82.36532592773438,9847600,0.0,0.0
2022-10-17 00:00:00-04:00,82.95506481885279,84.3221672080464,82.60658974427552,84.09878540039062,12139700,0.0,0.0
2022-10-18 00:00:00-04:00,84.36682587765587,85.17100161898122,84.00941367961452,84.5365982055664,9530400,0.0,0.0
2022-10-19 00:00:00-04:00,84.80464304345873,84.80464304345873,83.18735468657886,83.330322265625,8546100,0.0,0.0
2022-10-20 00:00:00-04:00,83.27672284285612,83.45543235277601,82.52616335240486,83.0444107055664,7626000,0.0,0.0
2022-10-21 00:00:00-04:00,82.95505085767154,85.74285780217865,82.77634816845095,85.48373413085938,10297200,0.0,0.0
2022-10-24 00:00:00-04:00,86.18068125616857,87.94093063561422,86.01984611446616,87.00273132324219,11414900,0.0,0.0
2022-10-25 00:00:00-04:00,86.54702200113465,87.82476582824393,86.09132134217505,87.3065185546875,8747900,0.0,0.0
2022-10-26 00:00:00-04:00,87.82477350768552,88.70936336778101,87.56564984824941,87.93199920654297,10374700,0.0,0.0
2022-10-27 00:00:00-04:00,89.20974319309153,90.69300146460817,88.90594724855679,89.12039184570312,12218400,0.0,0.0
2022-10-28 00:00:00-04:00,89.56715742079945,90.37133319958298,88.05710120976975,90.04072570800781,11228000,0.0,0.0
2022-10-31 00:00:00-04:00,89.30803311413824,90.56790962831091,88.73617630144271,90.42494201660156,11043800,0.0,0.0
2022-11-01 00:00:00-04:00,89.93350610956895,90.30878586436498,88.41450591333073,89.13826751708984,11079300,0.0,0.0
2022-11-02 00:00:00-04:00,89.03998641317844,90.27305148907459,88.4413248281683,88.81660461425781,9503500,0.0,0.0
2022-11-03 00:00:00-04:00,88.45917582451543,88.67362040258307,87.56564879598497,88.23579406738281,9912700,0.0,0.0
2022-11-04 00:00:00-04:00,88.45918335327589,88.79872119887024,87.5299143464657,88.63788604736328,8877600,0.0,0.0
2022-11-07 00:00:00-05:00,88.01241547302513,89.67437635118088,87.27078637659714,89.41525268554688,8644500,0.0,0.0
2022-11-08 00:00:00-05:00,89.41524924384659,91.11295195712978,88.93274383162483,90.6929931640625,8503900,0.0,0.0
2022-11-09 00:00:00-05:00,90.51430536003991,92.71238138777319,90.49643099901833,90.77342224121094,10602900,0.0,0.0
2022-11-10 00:00:00-05:00,91.76523583009053,91.86352436222606,89.88883017335355,91.0414810180664,9556000,0.0,0.0
2022-11-11 00:00:00-05:00,89.82626359630129,90.07645005269409,86.9669800702842,87.52989959716797,13342800,0.0,0.0
2022-11-14 00:00:00-05:00,88.19112233708259,90.86277328327725,88.19112233708259,89.66544342041016,8958200,0.0,0.0
2022-11-15 00:00:00-05:00,89.7101247198484,90.01392067017612,88.20006169702738,88.99530029296875,7965900,0.0,0.0
2022-11-16 00:00:00-05:00,88.97743562175522,90.06753984024824,88.89701463302694,89.29016876220703,8757700,0.0,0.0
2022-11-17 00:00:00-05:00,89.71905214744896,91.45248994604094,89.59395209183305,91.416748046875,8496800,0.0,0.0
2022-11-18 00:00:00-05:00,91.7027055833619,93.46295547886685,91.7027055833619,93.13235473632812,11626300,0.0,0.0
2022-11-21 00:00:00-05:00,93.82034253315547,94.59771353971844,93.13232968742336,94.36539459228516,8899300,0.0,0.0
2022-11-22 00:00:00-05:00,94.83003144277569,95.69675384585994,94.75855445365866,95.51805114746094,8295700,0.0,0.0
2022-11-23 00:00:00-05:00,95.384009472534,95.87545206081307,94.98192503999307,95.4465560913086,5749600,0.0,0.0
2022-11-25 00:00:00-05:00,95.21424343536154,96.05416107177734,95.21424343536154,96.05416107177734,3163700,0.0,0.0
2022-11-28 00:00:00-05:00,95.72356712684886,97.30511409906553,95.72356712684886,96.90302276611328,9524500,0.0,0.0
2022-11-29 00:00:00-05:00,96.50092065850005,97.44805714275985,96.09883621591776,97.25148010253906,9352400,0.0,0.0
2022-11-30 00:00:00-05:00,97.12638149520762,98.58283485796605,96.17030788456404,98.39519500732422,20305800,0.0,0.0
2022-12-01 00:00:00-05:00,98.06460436309635,99.16364575319179,97.18894475970502,98.10928344726562,10110500,0.0,0.0
2022-12-02 00:00:00-05:00,97.39444628061126,98.36838747122366,97.1353226238346,98.32371520996094,6943600,0.0,0.0
2022-12-05 00:00:00-05:00,98.11821126140397,98.49349783429125,97.58209635065626,98.29692077636719,6961900,0.0,0.0
2022-12-06 00:00:00-05:00,98.60966095991645,98.96707319833817,96.87621603466755,97.33191680908203,7458700,0.0,0.0
2022-12-07 00:00:00-05:00,97.52848212492044,98.92238218796494,97.39445169953449,98.36839294433594,8270400,0.0,0.0
2022-12-08 00:00:00-05:00,98.5381675475907,99.19937569314855,98.3952067563945,99.04747772216797,7354800,0.0,0.0
2022-12-09 00:00:00-05:00,99.16365523658362,99.5121303118023,97.17108650911501,97.19789123535156,9667800,0.0,0.0
2022-12-12 00:00:00-05:00,96.43838385555905,97.48380896635318,95.8933317583954,97.3676528930664,10956600,0.0,0.0
2022-12-13 00:00:00-05:00,99.4138302385348,99.4138302385348,97.394457019084,99.1010971069336,15836900,0.0,0.0
2022-12-14 00:00:00-05:00,99.40689951491498,100.89098873735878,98.97516871049628,100.33333587646484,10788300,0.73,0.0
2022-12-15 00:00:00-05:00,99.15504756385921,99.63175343458056,98.24661092284701,98.60638427734375,9871400,0.0,0.0
2022-12-16 00:00:00-05:00,98.25560609033234,98.66935096153074,97.38314124492466,98.2196273803711,29465900,0.0,0.0
2022-12-19 00:00:00-05:00,98.21064691668755,99.02914034160071,97.83287385833587,98.43550872802734,6949500,0.0,0.0
2022-12-20 00:00:00-05:00,98.88522823316008,99.5328313208108,98.183660508951,98.67835235595703,8022000,0.0,0.0
2022-12-21 00:00:00-05:00,99.02913272458062,100.0095337149764,98.52544450183777,99.93757629394531,6640900,0.0,0.0
2022-12-22 00:00:00-05:00,99.74870324712924,100.45926741127408,99.12808243720468,100.05451202392578,8373700,0.0,0.0
2022-12-23 00:00:00-05:00,100.06350400096468,100.85501509029706,99.72171652511979,100.61216735839844,4547400,0.0,0.0
2022-12-27 00:00:00-05:00,101.1068564245623,101.2687503222121,100.31533854856539,100.84601593017578,5125800,0.0,0.0
2022-12-28 00:00:00-05:00,101.53859602570589,101.53859602570589,99.89260596764585,99.91059875488281,5107800,0.0,0.0
2022-12-29 00:00:00-05:00,100.18941953579804,100.46824596207692,99.61377389701998,99.6767349243164,4467200,0.0,0.0
2022-12-30 00:00:00-05:00,100.045514002481,100.21640430232681,99.04712707220885,99.79366302490234,5498600,0.0,0.0
2023-01-03 00:00:00-05:00,99.30796884791951,100.01852609859611,98.4804722069354,99.96456146240234,8062500,0.0,0.0
2023-01-04 00:00:00-05:00,101.02590874048951,101.28674925069541,100.05450412225464,100.81004333496094,8698600,0.0,0.0
2023-01-05 00:00:00-05:00,100.36931850571753,102.45604277941518,100.21641411532221,102.21318817138672,9578900,0.0,0.0
2023-01-06 00:00:00-05:00,102.82479387667989,103.87714535392838,102.58194617509828,103.2925033569336,8632300,0.0,0.0
2023-01-09 00:00:00-05:00,103.32848757367684,103.37346267670375,98.88522325655663,99.28097534179688,12858800,0.0,0.0
2023-01-10 00:00:00-05:00,99.44288568523689,100.74708831404556,98.83126128123232,99.6677474975586,12122800,0.0,0.0
2023-01-11 00:00:00-05:00,98.34554945874943,100.1174614669202,97.81487892672203,99.90159606933594,8626500,0.0,0.0
2023-01-12 00:00:00-05:00,99.7666755239986,100.82802342796612,98.96616811515091,100.53120422363281,8914800,0.0,0.0
2023-01-13 00:00:00-05:00,100.01852176486636,101.13384118762058,99.79365997415198,100.96294403076172,5757800,0.0,0.0
2023-01-17 00:00:00-05:00,100.76506122269603,101.17880608045138,99.22700744857171,99.34393310546875,10241100,0.0,0.0
2023-01-18 00:00:00-05:00,98.86724115834893,99.02914193961567,97.6619851239928,97.85086822509766,8799500,0.0,0.0
2023-01-19 00:00:00-05:00,97.53605114844308,99.1010872681214,97.23023554905929,98.8492431640625,6772900,0.0,0.0
2023-01-20 00:00:00-05:00,98.38154349166402,98.93020689524961,97.72495080359491,98.88523864746094,9216500,0.0,0.0
2023-01-23 00:00:00-05:00,98.8762205225059,99.26298305212725,98.19263880131163,98.83124542236328,8998800,0.0,0.0
2023-01-24 00:00:00-05:00,98.93919424395489,98.93919424395489,95.69218922933335,97.6080093383789,7424200,0.0,0.0
2023-01-25 00:00:00-05:00,97.77891087311943,98.87623762897317,97.43712338450842,97.67097473144531,6168000,0.0,0.0
2023-01-26 00:00:00-05:00,97.61701077946759,97.63500356765904,95.17950950961796,96.12393188476562,9672700,0.0,0.0
2023-01-27 00:00:00-05:00,95.53029533503923,95.9530366570299,94.54090469379364,94.78375244140625,7784900,0.0,0.0
2023-01-30 00:00:00-05:00,94.95464610029305,95.79113231897645,94.89168506715507,95.42235565185547,6476600,0.0,0.0
2023-01-31 00:00:00-05:00,95.4313462750624,96.63660908798448,95.25145958047106,96.60962677001953,7938900,0.0,0.0
2023-02-01 00:00:00-05:00,96.21386585043449,96.62761072936983,95.41335840997995,96.22286224365234,10103200,0.0,0.0
2023-02-02 00:00:00-05:00,93.56049671849786,95.17050806427756,91.51875455037049,93.05680847167969,16229900,0.0,0.0
2023-02-03 00:00:00-05:00,92.84094018494466,93.35362480950168,92.17535118480198,92.58909606933594,11210800,0.0,0.0
2023-02-06 00:00:00-05:00,93.0298215927914,94.10016592704999,92.49914419113203,93.56948852539062,9054500,0.0,0.0
2023-02-07 00:00:00-05:00,93.27267274615879,95.27844303984469,93.14675068598883,95.05358123779297,7904700,0.0,0.0
2023-02-08 00:00:00-05:00,95.17051036575614,96.70856432425961,94.72978313913228,95.91705322265625,8596300,0.0,0.0
2023-02-09 00:00:00-05:00,96.11492810118732,96.9963825121352,95.82710527239489,95.98900604248047,7976800,0.0,0.0
2023-02-10 00:00:00-05:00,96.2138704363721,97.83287131864755,96.12392708661864,97.65298461914062,7609600,0.0,0.0
2023-02-13 00:00:00-05:00,97.77889990442658,98.5524250107231,97.45509837796584,98.53443908691406,7383100,0.0,0.0
2023-02-14 00:00:00-05:00,98.89422330339058,98.93919841119995,97.31120106962273,97.80589294433594,6983900,0.0,0.0
2023-02-15 00:00:00-05:00,97.61699911098599,97.85085729385465,96.74453426841663,96.85247039794922,6416600,0.0,0.0
2023-02-16 00:00:00-05:00,96.07895156376762,96.65459723437749,95.5482809989582,95.80012512207031,5959300,0.0,0.0
2023-02-17 00:00:00-05:00,95.63821462143602,98.5254390744478,94.90965778254508,98.5074462890625,9474600,0.0,0.0
2023-02-21 00:00:00-05:00,97.94978729542743,98.83124158117478,97.706932743675,98.10269165039062,6741500,0.0,0.0
2023-02-22 00:00:00-05:00,99.12807018105913,99.22700991713998,97.96778252703227,98.18365478515625,7213900,0.0,0.0
2023-02-23 00:00:00-05:00,98.27360431481715,100.0545059519102,98.12968946700805,99.46986389160156,6922800,0.0,0.0
2023-02-24 00:00:00-05:00,99.02014243874007,99.23601471514785,97.94080850565229,98.84025573730469,5787900,0.0,0.0
2023-02-27 00:00:00-05:00,98.96618394388007,99.0561273001808,97.60801661835289,98.36355590820312,5654800,0.0,0.0
2023-02-28 00:00:00-05:00,97.88683799390753,97.89582752487343,95.48531567643752,95.55726623535156,10209900,0.0,0.0
2023-03-01 00:00:00-05:00,95.30542749531267,96.73555215679505,95.30542749531267,95.9260482788086,6099000,0.0,0.0
2023-03-02 00:00:00-05:00,95.908060684382,96.5736566102309,95.43135472548896,96.2498550415039,5097500,0.0,0.0
2023-03-03 00:00:00-05:00,96.58263527004308,96.59163166322783,95.45832630025764,96.1329116821289,6124300,0.0,0.0
2023-03-06 00:00:00-05:00,96.83449496983386,100.054510934172,96.64560500711913,99.9285888671875,17776600,0.0,0.0
2023-03-07 00:00:00-05:00,100.53120551116622,100.8999821386495,99.58679011560635,100.08148193359375,13805300,0.0,0.0
2023-03-08 00:00:00-05:00,99.77567192332651,100.0904770511684,96.77151489505952,97.39213562011719,8440800,0.0,0.0
2023-03-09 00:00:00-05:00,98.30958968904403,98.84925668042523,96.33979796515267,96.78052520751953,5842500,0.0,0.0
2023-03-10 00:00:00-05:00,96.63660366735677,99.58678921149047,96.54665346286914,96.86146545410156,9738500,0.0,0.0
2023-03-13 00:00:00-04:00,93.96525111269654,97.89583102798045,93.9022900824954,95.09855651855469,10687100,0.0,0.0
2023-03-14 00:00:00-04:00,95.50611337570336,97.02769046684438,94.66381164828698,96.88278198242188,9806900,0.73,0.0
2023-03-15 00:00:00-04:00,96.43898742000044,97.84281897828164,95.61479668976409,97.48053741455078,10942700,0.0,0.0
2023-03-16 00:00:00-04:00,96.45710277890791,97.55299954936203,94.40116569432544,97.21788787841797,9441500,0.0,0.0
2023-03-17 00:00:00-04:00,97.04581377510178,97.19072226763082,93.73094649790933,94.2834243774414,26402100,0.0,0.0
2023-03-20 00:00:00-04:00,94.93551501479025,96.82843243126463,94.93551501479025,95.8683853149414,12865800,0.0,0.0
2023-03-21 00:00:00-04:00,96.00426028741146,96.39371180837146,94.88119351694763,95.58763885498047,11571800,0.0,0.0
2023-03-22 00:00:00-04:00,95.52422922682305,96.00424936807202,94.54607106544051,94.55513000488281,5705800,0.0,0.0
2023-03-23 00:00:00-04:00,94.28343095242735,94.76345116419643,93.7037831219952,94.40117645263672,6801700,0.0,0.0
2023-03-24 00:00:00-04:00,94.27435839120844,95.1076080732733,92.77995814706269,94.91741180419922,6661800,0.0,0.0
2023-03-27 00:00:00-04:00,96.07672112006443,97.46244192978554,95.99520447304998,96.84656524658203,7563100,0.0,0.0
2023-03-28 00:00:00-04:00,96.55673335799248,96.93712591945504,95.49706540394106,95.57857513427734,6679500,0.0,0.0
2023-03-29 00:00:00-04:00,95.66010237069686,95.88652752664062,94.67288509760948,95.02610778808594,6310200,0.0,0.0
2023-03-30 00:00:00-04:00,95.20723697463426,96.18538824177767,94.68192903768463,95.93179321289062,5017400,0.0,0.0
2023-03-31 00:00:00-04:00,96.21255917655647,96.48426515805627,95.56950579413143,96.35746765136719,7184300,0.0,0.0
2023-04-03 00:00:00-04:00,95.95896412548719,99.15609265867472,95.61480042696125,98.6036148071289,6964100,0.0,0.0
2023-04-04 00:00:00-04:00,98.4496373302242,99.02928507237138,97.96056516211877,98.5673828125,6108200,0.0,0.0
2023-04-05 00:00:00-04:00,99.54554031337113,101.74638578519756,99.24665750487146,101.35694122314453,8006100,0.0,0.0
2023-04-06 00:00:00-04:00,102.34415286010938,103.40382074903494,101.11239967112122,101.73733520507812,6894500,0.0,0.0
2023-04-10 00:00:00-04:00,102.30793007983375,102.42566866004842,100.68672531714903,101.99093627929688,6446500,0.0,0.0
2023-04-11 00:00:00-04:00,102.09056208143775,102.6249220628869,101.72828049726304,101.88224792480469,5639800,0.0,0.0
2023-04-12 00:00:00-04:00,101.66488667582418,103.53062759650932,101.32977498494662,103.0234375,6136700,0.0,0.0
2023-04-13 00:00:00-04:00,104.12839217403807,104.89823625093521,102.93286773781222,104.68087005615234,7332300,0.0,0.0
2023-04-14 00:00:00-04:00,104.82576891660023,105.2152203893528,103.84761767498927,104.43631744384766,5005100,0.0,0.0
2023-04-17 00:00:00-04:00,104.78048073096465,105.468808054836,103.43098216954333,104.16460418701172,6575500,0.0,0.0
2023-04-18 00:00:00-04:00,103.68460834296204,104.26425617760209,103.00533288893567,104.00160217285156,5454500,0.0,0.0
2023-04-19 00:00:00-04:00,103.69363692551346,104.50876866800805,103.25890460281347,103.36758422851562,4683400,0.0,0.0
2023-04-20 00:00:00-04:00,103.41288279227378,103.7208176437899,102.34415593180924,103.40382385253906,4657900,0.0,0.0
2023-04-21 00:00:00-04:00,104.03782659648027,104.74427193299671,103.78422463341941,104.49067687988281,6554600,0.0,0.0
2023-04-24 00:00:00-04:00,104.73519933286211,105.3148470672233,103.94723745492766,105.00691223144531,4299100,0.0,0.0
2023-04-25 00:00:00-04:00,105.26051008893675,105.8401578389232,104.97974515345945,105.54127502441406,5662800,0.0,0.0
2023-04-26 00:00:00-04:00,104.33668347177479,104.33668347177479,102.09055034599136,102.73359680175781,6607900,0.0,0.0
2023-04-27 00:00:00-04:00,103.79327148770977,104.481605773114,100.22481636878892,104.30046844482422,9975200,0.0,0.0
2023-04-28 00:00:00-04:00,103.57590212957683,104.63556997840242,102.76077035742411,104.58123016357422,8050400,0.0,0.0
2023-05-01 00:00:00-04:00,104.88011424206643,105.60467045173327,104.40008720210393,105.36918640136719,5238900,0.0,0.0
2023-05-02 00:00:00-04:00,105.66808495883015,107.22589106126416,104.88918190761314,106.77304077148438,8175600,0.0,0.0
2023-05-03 00:00:00-04:00,107.18966088855763,108.36707439146089,106.80926830821547,107.0719223022461,6738600,0.0,0.0
2023-05-04 00:00:00-04:00,106.87265944748417,106.87265944748417,105.50504975197286,106.30207061767578,6490200,0.0,0.0
2023-05-05 00:00:00-04:00,106.31111942953423,106.77302860727137,105.56844531530305,106.58283233642578,4534000,0.0,0.0
2023-05-08 00:00:00-04:00,106.0394208370408,107.27117412371908,105.45977304448003,107.21682739257812,5157300,0.0,0.0
2023-05-09 00:00:00-04:00,107.09908127939677,107.44324497267168,106.27489052952107,106.35640716552734,4933100,0.0,0.0
2023-05-10 00:00:00-04:00,106.33829033006282,107.02661767863997,105.44164193319021,106.7820816040039,5605400,0.0,0.0
2023-05-11 00:00:00-04:00,106.49226542916806,106.68246170315415,105.4054206936022,106.46509552001953,5596700,0.0,0.0
2023-05-12 00:00:00-04:00,106.87266062402637,107.3707986705746,105.69524719215593,106.09375762939453,5233100,0.0,0.0
2023-05-15 00:00:00-04:00,106.09374092068254,106.63715976136791,104.59933392633866,105.39635467529297,5697200,0.0,0.0
2023-05-16 00:00:00-04:00,104.95257614388406,105.74959704187727,104.41821614177204,105.13372039794922,4278200,0.0,0.0
2023-05-17 00:00:00-04:00,105.39637267422638,105.65902665590023,102.77889870747751,103.93819427490234,7210400,0.0,0.0
2023-05-18 00:00:00-04:00,103.37665255630303,104.21895428172367,102.64303737640148,103.2498550415039,6437100,0.0,0.0
2023-05-19 00:00:00-04:00,103.54872587152508,105.27861000027325,103.34041174421631,104.59933471679688,7647000,0.0,0.0
2023-05-22 00:00:00-04:00,104.59030546600974,106.03942500436163,103.54874842252504,103.69365692138672,5607400,0.0,0.0
2023-05-23 00:00:00-04:00,103.22267852539159,103.96535259736821,102.38943579291946,102.58868408203125,7733000,0.0,0.0
2023-05-24 00:00:00-04:00,103.34948242220423,103.53967869398848,101.93659188326632,102.8875732421875,4509500,0.0,0.0
2023-05-25 00:00:00-04:00,102.79701245690548,102.79701245690548,100.61427081395354,101.71017456054688,7037500,0.0,0.0
2023-05-26 00:00:00-04:00,101.43846268558397,102.51624856280131,100.21576831198819,100.59616088867188,6378200,0.0,0.0
2023-05-30 00:00:00-04:00,99.74479207225629,100.27010001271647,98.69418310128228,98.87532043457031,7768100,0.0,0.0
2023-05-31 00:00:00-04:00,98.24132911011884,100.66860659728587,98.24132911011884,99.9983901977539,14563500,0.0,0.0
2023-06-01 00:00:00-04:00,100.22482424815202,101.06711910986961,99.51837202841207,100.4693603515625,6959900,0.0,0.0
2023-06-02 00:00:00-04:00,100.6323820996955,102.09961938257796,100.27915946102968,101.90941619873047,5792800,0.0,0.0
2023-06-05 00:00:00-04:00,102.34415901085383,103.68459882411585,102.26264928062841,102.44378662109375,5185500,0.0,0.0
2023-06-06 00:00:00-04:00,102.84229669421666,102.99626412405617,98.97495160859975,99.63611602783203,6960200,0.0,0.0
2023-06-07 00:00:00-04:00,99.29192962829988,99.32815847249503,96.79220156834407,98.36811828613281,12420500,0.0,0.0
2023-06-08 00:00:00-04:00,98.09641782751324,100.5961531138521,97.81565288689112,99.91687774658203,8352700,0.0,0.0
2023-06-09 00:00:00-04:00,99.79914222590693,100.99466663250602,98.73946736896386,100.27010345458984,6521900,0.0,0.0
2023-06-12 00:00:00-04:00,99.79914222855842,100.52369849654728,98.35907481264705,99.50025939941406,7468500,0.0,0.0
2023-06-13 00:00:00-04:00,98.3500065995662,100.20669524924766,97.86093444701146,99.61798858642578,7304200,0.0,0.0
2023-06-14 00:00:00-04:00,100.03740034192208,100.2288673693656,98.78829797494636,99.0709457397461,6137300,0.73,0.0
2023-06-15 00:00:00-04:00,98.83389941829914,100.2015271585262,98.77918957853227,99.74565124511719,7305700,0.0,0.0
2023-06-16 00:00:00-04:00,99.83682220642342,100.71210310062274,99.43564918803924,99.6727066040039,15844300,0.0,0.0
2023-06-20 00:00:00-04:00,99.45387975571921,101.07679671198864,99.40828938705894,100.50239562988281,7744400,0.0,0.0
2023-06-21 00:00:00-04:00,100.39297687338318,101.67854311004884,99.85503977126228,101.3503189086914,6854800,0.0,0.0
2023-06-22 00:00:00-04:00,101.75149388153145,103.7938158532727,101.75149388153145,103.68441009521484,7884100,0.0,0.0
2023-06-23 00:00:00-04:00,104.08558170729734,104.76939551052327,103.0461783267693,104.48674774169922,16407900,0.0,0.0
2023-06-26 00:00:00-04:00,104.34087406845791,104.4867507334772,101.9156110379726,103.10089111328125,7685100,0.0,0.0
2023-06-27 00:00:00-04:00,102.87296095689871,103.67530006550385,101.99768003220734,103.31971740722656,7093900,0.0,0.0
2023-06-28 00:00:00-04:00,103.43822102275799,103.54763372402014,101.60560523037964,102.5173568725586,8173800,0.0,0.0
2023-06-29 00:00:00-04:00,102.34412605837353,103.83027879225871,101.94295309330205,103.5202865600586,6281800,0.0,0.0
2023-06-30 00:00:00-04:00,103.74823740124035,105.40762538691214,103.42000619914138,105.20703887939453,8090600,0.0,0.0
2023-07-03 00:00:00-04:00,104.36823002310464,104.50499418480463,103.51118110215798,104.24058532714844,2834600,0.0,0.0
2023-07-05 00:00:00-04:00,103.9761750683687,104.33175771032852,103.41088645381289,103.66617584228516,5861500,0.0,0.0
2023-07-06 00:00:00-04:00,102.93677581020087,103.42912259875428,101.85178898230832,101.88825988769531,7257400,0.0,0.0
2023-07-07 00:00:00-04:00,101.26826919099037,101.660322731788,99.16212482044074,99.38094329833984,11316600,0.0,0.0
2023-07-10 00:00:00-04:00,99.50858182692241,100.83973849887542,99.47211092351243,100.25621795654297,5949200,0.0,0.0
2023-07-11 00:00:00-04:00,99.81857878253803,100.31091857721411,98.69712113527639,99.10740661621094,6084400,0.0,0.0
2023-07-12 00:00:00-04:00,98.80653218891307,99.42652361033011,97.73066492692801,97.98595428466797,8376700,0.0,0.0
2023-07-13 00:00:00-04:00,97.85830241342632,98.38712001908547,96.88272846455784,96.93743133544922,9764400,0.0,0.0
2023-07-14 00:00:00-04:00,96.88274501579477,98.17743085956549,96.88274501579477,97.867431640625,7209900,0.0,0.0
2023-07-17 00:00:00-04:00,97.59391550764863,97.95861762634875,95.99834982493562,96.2536392211914,7376400,0.0,0.0
2023-07-18 00:00:00-04:00,96.53627531032552,97.5847912414681,96.05304798316683,96.60009765625,7499100,0.0,0.0
2023-07-19 00:00:00-04:00,96.7915716501374,97.90390297109045,96.56363370667658,96.60009765625,6608600,0.0,0.0
2023-07-20 00:00:00-04:00,97.14715332736766,99.33535199811999,96.70038995418842,98.88859558105469,8073000,0.0,0.0
2023-07-21 00:00:00-04:00,99.13477296246246,100.85798325039853,98.8156542782333,100.64827728271484,8194000,0.0,0.0
2023-07-24 00:00:00-04:00,100.28358306961309,100.60269482282209,98.92507477388654,99.18948364257812,6045500,0.0,0.0
2023-07-25 00:00:00-04:00,98.14095792195148,99.12565148250684,97.84919763987365,98.04066467285156,6498700,0.0,0.0
2023-07-26 00:00:00-04:00,97.37508922731712,98.47830800492704,96.7003879270687,97.6850814819336,7042700,0.0,0.0
2023-07-27 00:00:00-04:00,97.7762623506993,98.12273249109992,95.88893637849897,95.98011016845703,9813100,0.0,0.0
2023-07-28 00:00:00-04:00,96.1259903453953,97.23832862883663,95.95275528141586,96.95568084716797,6903800,0.0,0.0
2023-07-31 00:00:00-04:00,97.14715324118572,97.3477327861394,96.34480723691532,97.23832702636719,7397500,0.0,0.0
2023-08-01 00:00:00-04:00,99.9279868052458,99.9279868052458,95.86157498161948,95.98921966552734,10009200,0.0,0.0
2023-08-02 00:00:00-04:00,96.67304162679008,98.59683846905598,95.6245256722292,96.37216186523438,10873500,0.0,0.0
2023-08-03 00:00:00-04:00,95.80686564782285,96.44508902435028,95.6153986348646,96.39950561523438,6039300,0.0,0.0
2023-08-04 00:00:00-04:00,96.31745305097928,97.0286182936791,95.28717609118515,95.73393249511719,6700700,0.0,0.0
2023-08-07 00:00:00-04:00,95.99834779032544,96.90098012398906,95.20512122067305,96.72774505615234,8259100,0.0,0.0
2023-08-08 00:00:00-04:00,96.36305355777742,97.73068130872576,96.36305355777742,97.01951599121094,10152200,0.0,0.0
2023-08-09 00:00:00-04:00,96.89185831529453,97.3659731349257,96.45422135760393,96.73686218261719,6479500,0.0,0.0
2023-08-10 00:00:00-04:00,96.83715982866588,97.59391550764863,96.11687505716456,96.2536392211914,6525700,0.0,0.0
2023-08-11 00:00:00-04:00,96.6000954147621,98.20478044720342,96.2718642273056,97.95861053466797,5904300,0.0,0.0
2023-08-14 00:00:00-04:00,98.39623477436511,99.77298169085162,97.84006572055641,99.29887390136719,8427200,0.0,0.0
2023-08-15 00:00:00-04:00,99.2806447409927,99.76387204208069,98.85212031742753,99.0709457397461,5118700,0.0,0.0
2023-08-16 00:00:00-04:00,98.9250825126045,99.80948298076471,98.7244959788632,99.1347885131836,5332900,0.0,0.0
2023-08-17 00:00:00-04:00,99.07095582248776,100.54798931483518,98.76095658737707,99.3080062866211,6457800,0.0,0.0
2023-08-18 00:00:00-04:00,99.35357921247909,99.83680647788712,98.66064600519488,99.56327819824219,6711400,0.0,0.0
2023-08-21 00:00:00-04:00,99.46301121272238,100.29270877882786,99.33536650349308,99.9644775390625,6012500,0.0,0.0
2023-08-22 00:00:00-04:00,99.9279982439209,99.9279982439209,97.73979248112553,97.76715087890625,6026000,0.0,0.0
2023-08-23 00:00:00-04:00,100.28358193867811,102.01591180870945,100.12858579688377,101.47798156738281,10588200,0.0,0.0
2023-08-24 00:00:00-04:00,101.15884144615644,102.13441542049961,99.46298284311311,99.79121398925781,6487700,0.0,0.0
2023-08-25 00:00:00-04:00,100.23798384992149,100.5935664554603,99.36270305504797,100.4841537475586,4839100,0.0,0.0
2023-08-28 00:00:00-04:00,100.50238808939858,100.84885121443591,99.0618188036259,99.31710815429688,4335600,0.0,0.0
2023-08-29 00:00:00-04:00,99.63621887190186,100.76678896647837,99.31710718667216,100.28356170654297,5673100,0.0,0.0
2023-08-30 00:00:00-04:00,100.56621501751323,101.02209086626694,100.0373973634917,100.4841537475586,4785000,0.0,0.0
2023-08-31 00:00:00-04:00,100.40211319594529,100.78504729192038,99.28065539360182,99.36271667480469,9212000,0.0,0.0
2023-09-01 00:00:00-04:00,99.97358433046799,100.63004672676823,99.60888222628851,100.14681243896484,4941300,0.0,0.0
2023-09-05 00:00:00-04:00,99.80034351061202,100.03740090807526,98.00419148990196,98.02243041992188,6379900,0.0,0.0
2023-09-06 00:00:00-04:00,97.33862225024119,97.55744073033561,95.66099535321311,97.09244537353516,7926100,0.0,0.0
2023-09-07 00:00:00-04:00,97.475371408795,99.09828821897052,97.42978104423875,98.41447448730469,8532600,0.0,0.0
2023-09-08 00:00:00-04:00,98.04979691826937,99.50859851880443,98.04979691826937,99.42654418945312,6807500,0.0,0.0
2023-09-11 00:00:00-04:00,99.68181716752166,99.7821104131609,98.77917795676852,99.0162353515625,5069300,0.0,0.0
2023-09-12 00:00:00-04:00,98.85212786592682,99.8185894980169,98.05890825681983,99.39917755126953,4605400,0.0,0.0
2023-09-13 00:00:00-04:00,99.36272207902142,99.9918261405926,98.16832239644998,98.29596710205078,6761500,0.0,0.0
2023-09-14 00:00:00-04:00,98.85591617586418,99.608649198968,98.18579686093156,99.36079406738281,6872400,0.73,0.0
2023-09-15 00:00:00-04:00,99.25063036185087,99.99418165892602,98.4611778968058,98.69984436035156,9639000,0.0,0.0
2023-09-18 00:00:00-04:00,98.92933381848343,99.08539358371422,98.08480557497401,98.97523498535156,3911300,0.0,0.0
2023-09-19 00:00:00-04:00,98.8191822463503,99.30570379971125,98.13988839846148,98.55297088623047,5818300,0.0,0.0
2023-09-20 00:00:00-04:00,99.33325214407607,99.5076681923145,98.45200427490677,98.507080078125,4593600,0.0,0.0
2023-09-21 00:00:00-04:00,98.47035134108795,99.03031196660623,97.69008051974545,97.97465515136719,5856600,0.0,0.0
2023-09-22 00:00:00-04:00,98.42446926551074,98.42446926551074,97.26782833919121,97.61665344238281,5027200,0.0,0.0
2023-09-25 00:00:00-04:00,97.35045603460841,97.47897092413831,96.48756434473376,97.15767669677734,6052200,0.0,0.0
2023-09-26 00:00:00-04:00,96.49675023466273,97.8094440957607,96.4875685982812,96.74459838867188,5400500,0.0,0.0
2023-09-27 00:00:00-04:00,96.79965409604586,96.86391153029821,94.82602989963694,95.41352844238281,5635500,0.0,0.0
2023-09-28 00:00:00-04:00,95.99185141408884,96.35903977738266,95.26665632255583,95.74400329589844,4758800,0.0,0.0
2023-09-29 00:00:00-04:00,95.79910614176886,96.09285551461774,94.28445809282975,94.50476837158203,7232700,0.0,0.0
2023-10-02 00:00:00-04:00,94.39460303067497,94.39460303067497,93.03600800126574,94.1375732421875,7079700,0.0,0.0
2023-10-03 00:00:00-04:00,93.85298510562285,94.03658278792139,92.64126841659439,93.42153930664062,5924000,0.0,0.0
2023-10-04 00:00:00-04:00,93.24712940678708,94.02740028966976,93.01763755867245,93.78872680664062,6720500,0.0,0.0
2023-10-05 00:00:00-04:00,93.96315504690823,95.20240978685106,93.94479177469604,95.10143280029297,6449100,0.0,0.0
2023-10-06 00:00:00-04:00,95.22077757161577,95.86335205876799,94.47721908958347,95.35846710205078,6854900,0.0,0.0
2023-10-09 00:00:00-04:00,95.00962961005253,96.56099681776357,94.83521355611036,95.92759704589844,5061100,0.0,0.0
2023-10-10 00:00:00-04:00,95.76235166755959,95.89086653358697,94.69751320568481,95.110595703125,7177200,0.0,0.0
2023-10-11 00:00:00-04:00,95.46861126508946,95.6613835820274,94.4129473359703,94.97290802001953,5375100,0.0,0.0
2023-10-12 00:00:00-04:00,95.02798956641494,95.42271585929429,94.48639211993697,95.09224700927734,5124000,0.0,0.0
2023-10-13 00:00:00-04:00,95.11061007341368,95.94595682880447,94.34869539289417,95.47779846191406,5787500,0.0,0.0
2023-10-16 00:00:00-04:00,95.65219799393597,96.72622514896982,95.52368312128839,95.59712219238281,6473500,0.0,0.0
2023-10-17 00:00:00-04:00,95.46861152634034,95.9184136004264,94.68834062130334,95.62466430664062,5827200,0.0,0.0
2023-10-18 00:00:00-04:00,95.56959828644052,95.89088551510753,93.55007256035964,93.62350463867188,7136400,0.0,0.0
2023-10-19 00:00:00-04:00,93.32058572691018,93.38484317611719,91.00730354838493,92.19148254394531,7647600,0.0,0.0
2023-10-20 00:00:00-04:00,91.78756570223638,94.8811186087986,91.78756570223638,94.24771881103516,12467500,0.0,0.0
2023-10-23 00:00:00-04:00,94.3945929988706,95.60630973263358,94.24771484760929,94.87193298339844,8493000,0.0,0.0
2023-10-24 00:00:00-04:00,94.84440508915145,95.52369910157663,94.25690642918323,94.57819366455078,6347900,0.0,0.0
2023-10-25 00:00:00-04:00,94.87193751171642,96.02857849573172,94.50474911957265,95.12896728515625,7849200,0.0,0.0
2023-10-26 00:00:00-04:00,94.64245475105652,98.43366528479224,94.54147775840991,96.8914794921875,11335700,0.0,0.0
2023-10-27 00:00:00-04:00,96.68033277758293,96.9098246429877,93.83463504727088,94.38541412353516,8933800,0.0,0.0
2023-10-30 00:00:00-04:00,94.8076683617003,95.92758966786202,94.19263190783613,94.25688934326172,6915500,0.0,0.0
2023-10-31 00:00:00-04:00,94.33951837115804,95.05553891534406,93.08190735872226,94.27526092529297,7522600,0.0,0.0
2023-11-01 00:00:00-04:00,95.05553001038736,95.67974814182865,94.3027969992554,94.41294860839844,5838100,0.0,0.0
2023-11-02 00:00:00-04:00,94.31197163099354,94.60572092793441,93.31139049575411,94.41294860839844,5379100,0.0,0.0
2023-11-03 00:00:00-04:00,94.8902928367901,95.69810162902854,94.34868842793844,94.89946746826172,6005900,0.0,0.0
2023-11-06 00:00:00-05:00,95.54204184858101,95.80825321599062,94.67915031308328,95.78070831298828,5951200,0.0,0.0
2023-11-07 00:00:00-05:00,95.78989987052606,96.12955034072421,95.22076454648162,95.46861267089844,6616400,0.0,0.0
2023-11-08 00:00:00-05:00,95.4502631335571,96.5426396893087,95.32174124110898,95.83580780029297,8152100,0.0,0.0
2023-11-09 00:00:00-05:00,96.12036441442682,96.12036441442682,93.77037014087551,93.98149871826172,7377000,0.0,0.0
2023-11-10 00:00:00-05:00,94.403765711225,94.88111268958299,92.34752066012487,93.07271575927734,7627100,0.0,0.0
2023-11-13 00:00:00-05:00,92.79733303332098,94.13757177271873,92.32917464168516,94.06413269042969,5878200,0.0,0.0
2023-11-14 00:00:00-05:00,94.2385358714908,94.75259537013625,93.5408786922324,93.78872680664062,6944400,0.0,0.0
2023-11-15 00:00:00-05:00,93.52252475880002,93.78873616961324,92.45768611908319,93.03600311279297,7392600,0.0,0.0
2023-11-16 00:00:00-05:00,93.47663347851109,93.68776208440528,92.74225666709823,93.62350463867188,7889700,0.0,0.0
2023-11-17 00:00:00-05:00,93.63267483348051,94.01821946076986,92.67798789671488,93.40318298339844,6767000,0.0,0.0
2023-11-20 00:00:00-05:00,92.68716598912093,94.4863811845724,92.61372691905306,94.25688934326172,7449900,0.0,0.0
2023-11-21 00:00:00-05:00,94.55064216870375,95.12895910923956,93.49497825834608,93.82544708251953,7403500,0.0,0.0
2023-11-22 00:00:00-05:00,93.816275871374,94.25690335374148,92.81569465622854,93.33893585205078,5724000,0.0,0.0
2023-11-24 00:00:00-05:00,93.87137352118175,94.1008654328779,93.11864033095989,93.51336669921875,3168000,0.0,0.0
2023-11-27 00:00:00-05:00,93.5500711454414,93.7703813841186,92.4393243090067,93.10944366455078,7356500,0.0,0.0
2023-11-28 00:00:00-05:00,92.99929117701902,93.03601071980968,91.80593755223751,91.96199035644531,8738500,0.0,0.0
2023-11-29 00:00:00-05:00,92.05376691550684,92.87075731605474,91.61314649906102,92.83403778076172,10286800,0.0,0.0
2023-11-30 00:00:00-05:00,92.56783022757486,94.26607553825883,92.05377071930131,94.07330322265625,29299700,0.0,0.0
2023-12-01 00:00:00-05:00,94.4129473359703,95.17486197210754,94.23853828933251,94.97290802001953,6863400,0.0,0.0
2023-12-04 00:00:00-05:00,95.22075156903831,96.73539201850346,95.22075156903831,96.44164276123047,10169900,0.0,0.0
2023-12-05 00:00:00-05:00,96.31315143943563,97.67174646359574,95.63385742912378,97.51569366455078,10789100,0.0,0.0
2023-12-06 00:00:00-05:00,97.53403180972956,97.8277810842151,96.7812988561394,96.96488952636719,9954800,0.0,0.0
2023-12-07 00:00:00-05:00,96.92819078083974,96.93737241738097,95.22077757161577,95.35846710205078,9602200,0.0,0.0
2023-12-08 00:00:00-05:00,95.27584765321261,95.47780162375251,94.22936526362963,95.23912811279297,7530300,0.0,0.0
2023-12-11 00:00:00-05:00,96.2488784774507,96.81802077482696,95.07388135057674,95.80825805664062,7429700,0.0,0.0
2023-12-12 00:00:00-05:00,95.909246144151,96.19381382405126,94.93619584531505,95.79908752441406,7933500,0.0,0.0
2023-12-13 00:00:00-05:00,95.6154927861783,98.32349395751953,95.44107672985241,98.32349395751953,10995000,0.0,0.0
2023-12-14 00:00:00-05:00,98.63787250249027,99.12791704569621,97.21396536408604,97.89817810058594,10723000,0.77,0.0
2023-12-15 00:00:00-05:00,96.98279435556209,98.2587595630963,96.40028988012749,97.18621063232422,26393300,0.0,0.0
2023-12-18 00:00:00-05:00,98.15707596637408,99.12791693172761,97.66702436948292,98.0461196899414,12805600,0.0,0.0
2023-12-19 00:00:00-05:00,98.05536316820523,98.61937853510396,97.49134780130649,98.46218872070312,8043100,0.0,0.0
2023-12-20 00:00:00-05:00,99.06318615900757,99.06318615900757,97.30641738980104,97.41737365722656,8441600,0.0,0.0
2023-12-21 00:00:00-05:00,97.81496084435844,98.57314439051099,97.39888012065691,98.3697280883789,5919400,0.0,0.0
2023-12-22 00:00:00-05:00,99.07242947245766,99.91382486664794,98.78579422574096,99.58096313476562,6028700,0.0,0.0
2023-12-26 00:00:00-05:00,99.3960380311469,99.94155708639539,99.13714715379186,99.5162353515625,4727700,0.0,0.0
2023-12-27 00:00:00-05:00,99.22036204303882,99.92307091290992,98.94298197505506,99.83985900878906,5387000,0.0,0.0
2023-12-28 00:00:00-05:00,100.13574202952856,100.83844389227932,99.97855222079008,100.57030487060547,5530400,0.0,0.0
2023-12-29 00:00:00-05:00,100.77373058968034,101.00488421057416,100.58881051466476,100.80146789550781,5889200,0.0,0.0
2024-01-02 00:00:00-05:00,100.93090966366853,104.77730183747994,100.93090966366853,104.70333099365234,11920100,0.0,0.0
2024-01-03 00:00:00-05:00,105.6556813994854,107.16280734362967,105.55398030826653,106.11798858642578,10721900,0.0,0.0
2024-01-04 00:00:00-05:00,107.18130688667479,108.78089301196299,107.12583227623945,108.18914031982422,11492200,0.0,0.0
2024-01-05 00:00:00-05:00,108.2723368924596,108.59595049788813,107.84701514614675,108.38329315185547,6861500,0.0,0.0
2024-01-08 00:00:00-05:00,108.72539527388383,109.00278239355015,107.42169274164614,108.5312271118164,8193100,0.0,0.0
2024-01-09 00:00:00-05:00,108.65143927632543,110.89825253306569,108.37405213677805,109.50208282470703,8822300,0.0,0.0
2024-01-10 00:00:00-05:00,109.2801683042044,110.1862863838276,108.8640876293082,109.899658203125,7129100,0.0,0.0
2024-01-11 00:00:00-05:00,109.8441926895824,109.93665271801554,108.25385480523977,109.50208282470703,5754400,0.0,0.0
2024-01-12 00:00:00-05:00,109.16922987440982,109.72399714395266,108.7808934911547,109.68701171875,6823300,0.0,0.0
2024-01-16 00:00:00-05:00,109.55755615234375,110.3434769662254,109.04902247477229,109.55755615234375,6832300,0.0,0.0
2024-01-17 00:00:00-05:00,110.19553351408366,110.3989497905315,108.74388933263462,109.22468566894531,5591400,0.0,0.0
2024-01-18 00:00:00-05:00,108.7808840431001,109.67776112718379,107.82853235315488,109.60379028320312,10524700,0.0,0.0
2024-01-19 00:00:00-05:00,109.29866064619235,110.04759600670883,108.84560159328402,109.92739868164062,7605600,0.0,0.0
2024-01-22 00:00:00-05:00,110.0660901254377,110.92598173009922,109.89965926472102,110.42668914794922,8786200,0.0,0.0
2024-01-23 00:00:00-05:00,109.23394447702466,110.94447970344038,108.42952741078142,110.8057861328125,6501400,0.0,0.0
2024-01-24 00:00:00-05:00,110.67634302553994,110.90749663006633,109.5113339377856,109.91815948486328,5859900,0.0,0.0
2024-01-25 00:00:00-05:00,109.71475154774119,111.1201623761641,109.71475154774119,111.07392883300781,6689800,0.0,0.0
2024-01-26 00:00:00-05:00,111.42527062971247,111.89681884095242,111.02768620082078,111.71189880371094,8300300,0.0,0.0
2024-01-29 00:00:00-05:00,112.20195264331058,112.30366078858125,111.406783718966,112.1372299194336,9138200,0.0,0.0
2024-01-30 00:00:00-05:00,112.13723605982013,112.58105408659897,111.12016160566853,112.48859405517578,7469500,0.0,0.0
2024-01-31 00:00:00-05:00,113.29299422735754,113.58887053470801,111.41602824126726,111.67491912841797,10779000,0.0,0.0
2024-02-01 00:00:00-05:00,114.32855959711813,116.89898622224226,113.514894498462,116.85275268554688,11650700,0.0,0.0
2024-02-02 00:00:00-05:00,117.15788850729545,117.9438093279251,116.6031212841597,116.88050842285156,10175600,0.0,0.0
2024-02-05 00:00:00-05:00,117.40753335253174,118.16571683791501,116.22402105810018,116.66783905029297,8027700,0.0,0.0
2024-02-06 00:00:00-05:00,117.06542832486174,117.90682375042167,116.56613570842322,117.31507110595703,6153000,0.0,0.0
2024-02-07 00:00:00-05:00,117.33355819540238,118.40610713452295,116.96371105788762,117.86058807373047,6742800,0.0,0.0
2024-02-08 00:00:00-05:00,117.72190506464905,117.86984675461123,116.45518079777808,117.0654296875,6308300,0.0,0.0
2024-02-09 00:00:00-05:00,116.7048235106539,117.13939338057521,115.61377830366439,115.99286651611328,7891200,0.0,0.0
2024-02-12 00:00:00-05:00,115.57679356515884,116.02061155631802,115.0220263668956,115.89115905761719,5257400,0.0,0.0
2024-02-13 00:00:00-05:00,116.48292888025577,117.296587038323,115.0960072366252,115.9743881225586,7273400,0.0,0.0
2024-02-14 00:00:00-05:00,116.14081564769289,116.5291520036743,115.4103694233004,116.3349838256836,6622400,0.0,0.0
2024-02-15 00:00:00-05:00,116.47368719157761,117.63870341174027,116.45519095159563,117.00071716308594,5756700,0.0,0.0
2024-02-16 00:00:00-05:00,116.96372542036745,118.43385897834713,116.6586009653817,118.15647888183594,6266800,0.0,0.0
2024-02-20 00:00:00-05:00,118.47083629361073,119.54337817291477,117.62018576546957,117.76812744140625,6952800,0.0,0.0
2024-02-21 00:00:00-05:00,117.8328626015611,118.4985861050668,117.24110994383341,118.46159362792969,4849200,0.0,0.0
2024-02-22 00:00:00-05:00,118.48934050518501,119.9409920174376,118.02704031734012,119.51566314697266,6517400,0.0,0.0
2024-02-23 00:00:00-05:00,120.00569546259533,120.42178322486515,119.14581085202903,119.69132995605469,5177400,0.0,0.0
2024-02-26 00:00:00-05:00,119.62660370431125,119.92247294650485,118.78520129784796,119.12730407714844,5158400,0.0,0.0
2024-02-27 00:00:00-05:00,118.59104432663713,119.42320579707695,118.16572958022073,119.3030014038086,4780200,0.0,0.0
2024-02-28 00:00:00-05:00,119.58962232071701,119.64509692699153,118.07325527906427,118.52632141113281,5697200,0.0,0.0
2024-02-29 00:00:00-05:00,118.44310036339499,119.13656110531535,117.48149356717494,117.56471252441406,11246100,0.0,0.0
2024-03-01 00:00:00-05:00,117.30581855574113,118.2119366176263,116.88973788899007,117.38903045654297,6023400,0.0,0.0
2024-03-04 00:00:00-05:00,115.07749823986956,117.00069773217923,113.99570117078817,114.69841003417969,12706200,0.0,0.0
2024-03-05 00:00:00-05:00,115.28091628404673,115.61377801104835,113.16354859727156,113.57038116455078,8277800,0.0,0.0
2024-03-06 00:00:00-05:00,113.57963324886455,115.35489831653264,113.27451584804898,114.42103576660156,8251400,0.0,0.0
2024-03-07 00:00:00-05:00,114.060447359265,115.14224465092475,113.56115467367228,114.64295196533203,8982200,0.0,0.0
2024-03-08 00:00:00-05:00,113.94023758265367,114.68917300222208,112.85843335475154,114.18988037109375,9822700,0.0,0.0
2024-03-11 00:00:00-04:00,115.25317969352913,115.25317969352913,112.65500858316838,113.51490020751953,7769300,0.0,0.0
2024-03-12 00:00:00-04:00,113.72758117474012,113.92174936926033,112.27593672159023,113.41321563720703,11621800,0.0,0.0
2024-03-13 00:00:00-04:00,113.8755039145255,113.92173039833315,111.69341353817507,112.95088958740234,9186000,0.0,0.0
2024-03-14 00:00:00-04:00,112.8857584773877,112.8857584773877,111.34116639286873,112.13207244873047,10132500,0.77,0.0
2024-03-15 00:00:00-04:00,111.50864796072283,113.46266038118428,110.94106205743002,113.07185363769531,46477400,0.0,0.0
2024-03-18 00:00:00-04:00,113.37890647423706,113.99302624786057,112.7089602117365,112.9974136352539,8311900,0.0,0.0
2024-03-19 00:00:00-04:00,112.99740780297665,113.76040054055565,112.0576217277534,113.7045669555664,11696600,0.0,0.0
2024-03-20 00:00:00-04:00,112.84852900415069,115.29569412029834,112.01109620963236,115.23986053466797,9793200,0.0,0.0
2024-03-21 00:00:00-04:00,115.0909969201783,115.55623661072927,114.50479036672772,115.02586364746094,8156300,0.0,0.0
2024-03-22 00:00:00-04:00,115.18403404803132,115.83536672210461,114.653661128002,115.23986053466797,7022500,0.0,0.0
2024-03-25 00:00:00-04:00,115.45388015168973,116.84959918515118,115.16542672412503,116.5983657836914,7605800,0.0,0.0
2024-03-26 00:00:00-04:00,117.03568882019532,117.31483545838414,116.17034276060261,116.79376220703125,8864400,0.0,0.0
2024-03-27 00:00:00-04:00,123.63280016684328,123.84682066322249,121.06468199219985,122.59066772460938,16061600,0.0,0.0
2024-03-28 00:00:00-04:00,122.82326783251759,123.21406743549892,121.9672285786555,122.77674102783203,10189700,0.0,0.0
2024-04-01 00:00:00-04:00,122.5255179916504,122.75813783674208,121.06467274742879,121.88349914550781,5377600,0.0,0.0
2024-04-02 00:00:00-04:00,121.05536692208345,121.66947249149204,120.2923670538658,121.2879867553711,6584200,0.0,0.0
2024-04-03 00:00:00-04:00,121.28800507565742,123.10243720976943,120.43195146562456,120.86927795410156,7741400,0.0,0.0
2024-04-04 00:00:00-04:00,121.73461383876261,121.83696713415175,118.48723582867807,118.78499603271484,6753200,0.0,0.0
2024-04-05 00:00:00-04:00,118.77569668631357,119.65965637464238,118.17088365724531,119.09205627441406,5692900,0.0,0.0
2024-04-08 00:00:00-04:00,118.76639409941325,119.02692720446139,117.1287483118318,117.761474609375,6282500,0.0,0.0
2024-04-09 00:00:00-04:00,117.78008698366344,118.17088663728788,116.7844742857185,117.90104675292969,4696600,0.0,0.0
2024-04-10 00:00:00-04:00,117.11012927264515,118.1708751430173,116.35644328553704,117.9382553100586,5787700,0.0,0.0
2024-04-11 00:00:00-04:00,117.75216753436476,118.30114695711156,116.7379413259593,117.37997436523438,6187200,0.0,0.0
2024-04-12 00:00:00-04:00,118.20810014298391,118.27323341499374,116.40296789157699,116.99847412109375,7370000,0.0,0.0
2024-04-15 00:00:00-04:00,117.88243022320596,118.93386932504089,117.11943744599077,117.41719055175781,6241000,0.0,0.0
2024-04-16 00:00:00-04:00,117.7614491312865,117.98476925786427,116.3378170445706,116.36573028564453,5587300,0.0,0.0
2024-04-17 00:00:00-04:00,116.9333448837989,117.41719814884772,116.04008550870238,116.65420532226562,6122800,0.0,0.0
2024-04-18 00:00:00-04:00,116.79375853094729,116.79375853094729,115.84467276916675,116.52392578125,5992700,0.0,0.0
2024-04-19 00:00:00-04:00,116.91473054899481,117.35205697485154,116.2075642625245,117.03569030761719,8404300,0.0,0.0
2024-04-22 00:00:00-04:00,117.90103789491425,119.17579716338543,117.4451049999404,118.11505126953125,7805800,0.0,0.0
2024-04-23 00:00:00-04:00,119.19440471854547,119.19440471854547,117.92894519610128,118.05921173095703,7744000,0.0,0.0
2024-04-24 00:00:00-04:00,118.00338898505053,118.71985494946937,116.63558322671155,118.1708755493164,7128300,0.0,0.0
2024-04-25 00:00:00-04:00,120.6738630084982,123.56765420708707,119.80850987425134,121.63225555419922,12750100,0.0,0.0
2024-04-26 00:00:00-04:00,121.08328998459892,122.73954219606951,121.08328998459892,122.07889556884766,7758200,0.0,0.0
2024-04-29 00:00:00-04:00,122.5627473239561,123.00937345913489,120.33890213276847,121.073974609375,6788000,0.0,0.0
2024-04-30 00:00:00-04:00,121.81835379036193,121.81835379036193,120.01322159461881,120.23654174804688,6945000,0.0,0.0
2024-05-01 00:00:00-04:00,119.66894030838027,120.8971655703023,118.91525436615746,119.84573364257812,5895700,0.0,0.0
2024-05-02 00:00:00-04:00,120.08766330123971,120.67386983832705,119.0920506752117,119.34327697753906,7422500,0.0,0.0
2024-05-03 00:00:00-04:00,119.11064880578827,119.54797520794254,118.33835639029643,118.64541625976562,6221900,0.0,0.0
2024-05-06 00:00:00-04:00,118.33836179717186,118.85012826966978,117.94756218126105,118.70124816894531,6552000,0.0,0.0
2024-05-07 00:00:00-04:00,118.26393934080444,121.36243058390664,118.23602609251446,121.31591796875,6682300,0.0,0.0
2024-05-08 00:00:00-04:00,121.50200226935267,122.36734129997583,120.33890301443621,120.54360961914062,6659100,0.0,0.0
2024-05-09 00:00:00-04:00,119.97601081111681,121.42755633935745,119.97601081111681,121.17632293701172,9216700,0.0,0.0
2024-05-10 00:00:00-04:00,121.72530842308458,121.78113490921493,120.91578178023272,121.01813507080078,5722600,0.0,0.0
2024-05-13 00:00:00-04:00,120.50637284808755,120.69248007237134,119.11996773389286,120.30166625976562,7109700,0.0,0.0
2024-05-14 00:00:00-04:00,120.21793725477279,120.21793725477279,119.12927804591219,119.71548461914062,6154300,0.0,0.0
2024-05-15 00:00:00-04:00,119.92017920222834,122.79535689104833,119.77129910363884,122.57203674316406,7237100,0.0,0.0
2024-05-16 00:00:00-04:00,122.23708430411033,122.61858429705431,121.69740450389472,121.78115844726562,5518100,0.0,0.0
2024-05-17 00:00:00-04:00,121.60435563470645,122.19056220284452,120.78552921546456,122.06959533691406,8281600,0.0,0.0
2024-05-20 00:00:00-04:00,121.71600547408774,122.58135868078283,121.56712536571182,121.88349914550781,4860400,0.0,0.0
2024-05-21 00:00:00-04:00,122.52551101818038,123.55834363952386,121.40893866488716,121.66947174072266,6254700,0.0,0.0
2024-05-22 00:00:00-04:00,121.12048672644859,122.45107948587264,121.10187316532729,121.98583984375,4407500,0.0,0.0
2024-05-23 00:00:00-04:00,121.79973863801449,122.74883153020856,121.25075924074048,121.97653198242188,6830900,0.0,0.0
2024-05-24 00:00:00-04:00,122.31150930880888,122.31150930880888,120.18071781670844,120.48777770996094,5983800,0.0,0.0
2024-05-28 00:00:00-04:00,119.88296076936125,120.10628093343483,116.99847609052364,117.32414245605469,10263400,0.0,0.0
2024-05-29 00:00:00-04:00,117.37065954316424,117.65910585745766,116.57044676900142,117.14734649658203,8527800,0.0,0.0
2024-05-30 00:00:00-04:00,117.22178839086733,118.96178018383344,114.16981024421686,115.87258911132812,13000300,0.0,0.0
2024-05-31 00:00:00-04:00,116.43087799037252,117.80799054578553,115.8912053650159,116.8123779296875,18150500,0.0,0.0
2024-06-03 00:00:00-04:00,117.02638527358413,119.9853099043906,117.02638527358413,119.49215698242188,7702500,0.0,0.0
2024-06-04 00:00:00-04:00,118.31045598966429,120.36681459196824,118.05922257864849,119.76200866699219,6440100,0.0,0.0
2024-06-05 00:00:00-04:00,119.54798775216577,120.90649390527629,119.16650199369325,120.45055389404297,5009400,0.0,0.0
2024-06-06 00:00:00-04:00,120.18072207635052,121.82766038309428,119.93878834691627,121.44617462158203,8088500,0.0,0.0
2024-06-07 00:00:00-04:00,121.2879855057608,122.2370641932449,121.15771896838135,121.58573150634766,4945600,0.0,0.0
2024-06-10 00:00:00-04:00,121.54854194282261,122.52553406195791,120.63666180791033,122.3487548828125,6033700,0.0,0.0
2024-06-11 00:00:00-04:00,121.8928010433938,122.98146023445018,120.72040211409974,122.67440032958984,11453200,0.0,0.0
2024-06-12 00:00:00-04:00,123.47460532769874,123.48391920779214,121.11119405601214,121.14840698242188,5822000,0.0,0.0
2024-06-13 00:00:00-04:00,120.98093401264201,121.07397343265605,119.650341104744,120.37611389160156,5004200,0.0,0.0
2024-06-14 00:00:00-04:00,120.18070859975964,120.84134094531365,119.70615507476938,120.47845458984375,7338500,0.0,0.0
2024-06-17 00:00:00-04:00,120.01045460566222,120.6937641332693,119.22417231328676,119.34585571289062,8524000,0.77,0.0
2024-06-18 00:00:00-04:00,120.0666108731855,120.49718398616787,118.96206929067817,119.80451202392578,6532400,0.0,0.0
2024-06-20 00:00:00-04:00,119.24289159704193,122.08846496709351,118.64382276740331,121.3770751953125,10348400,0.0,0.0
2024-06-21 00:00:00-04:00,121.84508860437528,122.80921470325515,120.83415735563274,122.35991668701172,17170800,0.0,0.0
2024-06-24 00:00:00-04:00,122.87476783228836,124.78429547192128,122.55650132324196,124.4566879272461,8553800,0.0,0.0
2024-06-25 00:00:00-04:00,124.60642629510576,126.0198647526388,124.1196927082443,124.41921997070312,6750600,0.0,0.0
2024-06-26 00:00:00-04:00,124.84980532788306,124.89659619602257,123.08067916782073,123.09003448486328,8492100,0.0,0.0
2024-06-27 00:00:00-04:00,123.54871223459298,123.82951459814244,118.67190646565003,121.51749420166016,11927600,0.0,0.0
2024-06-28 00:00:00-04:00,121.25538670512138,122.593939847661,113.13987713209816,115.88249206542969,57055500,0.0,0.0
2024-07-01 00:00:00-04:00,117.36142865694225,120.92776827927365,117.09933695587081,119.72026824951172,11533000,0.0,0.0
2024-07-02 00:00:00-04:00,120.01044832283348,120.03852855654402,118.55957435510679,119.5517807006836,5645400,0.0,0.0
2024-07-03 00:00:00-04:00,119.52370453069891,119.75771600819407,117.2865553771622,117.80137634277344,4002100,0.0,0.0
2024-07-05 00:00:00-04:00,118.43789198116038,118.50341491148748,116.9215021246005,118.36300659179688,6786700,0.0,0.0
2024-07-08 00:00:00-04:00,118.69062594362606,119.30841253950855,117.3146372935948,117.73585510253906,5743400,0.0,0.0
2024-07-09 00:00:00-04:00,117.23039316900524,118.03539326000464,115.78888154422643,117.97923278808594,6339000,0.0,0.0
2024-07-10 00:00:00-04:00,117.82946257197041,119.3271418173042,117.78266455896868,119.15865325927734,4588500,0.0,0.0
2024-07-11 00:00:00-04:00,119.44880937065845,120.86223343722926,119.43008445477133,120.72183227539062,7048800,0.0,0.0
2024-07-12 00:00:00-04:00,121.1243487815994,121.62045202754493,119.17737849544056,119.58924102783203,7022300,0.0,0.0
2024-07-15 00:00:00-04:00,119.81387230255756,120.13212447295884,119.06503274408125,119.92619323730469,6918500,0.0,0.0
2024-07-16 00:00:00-04:00,119.69218663408041,120.7779961176202,117.19293876151781,117.41759490966797,8194400,0.0,0.0
2024-07-17 00:00:00-04:00,117.44568383496869,118.58766101079526,116.59387861181605,117.83882141113281,7628000,0.0,0.0
2024-07-18 00:00:00-04:00,117.28655436166078,117.5673638473455,114.54393958350526,116.30370330810547,9501400,0.0,0.0
2024-07-19 00:00:00-04:00,117.28655824582748,118.86847101619095,117.17423016295552,117.72649383544922,6848800,0.0,0.0
2024-07-22 00:00:00-04:00,117.89497047483,118.40043608447698,117.03381001756317,117.65160369873047,4341800,0.0,0.0
2024-07-23 00:00:00-04:00,116.99638841586322,117.5861019708131,116.23819343545827,116.42539978027344,4285400,0.0,0.0
2024-07-24 00:00:00-04:00,116.97765683784516,118.10090905715202,116.70620267086225,117.86689758300781,6338500,0.0,0.0
2024-07-25 00:00:00-04:00,117.9698648922285,119.67346816273476,117.67033048669323,117.80137634277344,7357100,0.0,0.0
2024-07-26 00:00:00-04:00,119.10248192923471,120.49718836293184,117.0525462022473,117.24911499023438,6467000,0.0,0.0
2024-07-29 00:00:00-04:00,117.73584892525304,119.80450945045291,116.9308489020487,119.60794067382812,9139500,0.0,0.0
2024-07-30 00:00:00-04:00,115.5829648063407,116.01354511526621,106.62500474922795,107.87930297851562,35509400,0.0,0.0
2024-07-31 00:00:00-04:00,108.58132899024997,110.30365009115823,105.04307648130535,105.8948745727539,22733000,0.0,0.0
2024-08-01 00:00:00-04:00,105.89487461237725,107.14917988543304,104.28488159454207,106.5407485961914,14117500,0.0,0.0
2024-08-02 00:00:00-04:00,107.79504583395914,109.79818342475532,107.04620628125674,107.83248138427734,16562300,0.0,0.0
2024-08-05 00:00:00-04:00,107.59846447811152,107.75759769550498,104.219338486366,105.12730407714844,13334000,0.0,0.0
2024-08-06 00:00:00-04:00,105.11795812671231,105.848072790941,103.82621020557214,104.04150390625,9761900,0.0,0.0
2024-08-07 00:00:00-04:00,104.53761195075818,105.35197449794444,103.63900869599945,105.29580688476562,9756500,0.0,0.0
2024-08-08 00:00:00-04:00,105.69830768130797,106.92453274037084,105.37069302486518,106.63435363769531,8278200,0.0,0.0
2024-08-09 00:00:00-04:00,106.5032931425866,107.38317850597133,105.65149515286421,107.22405242919922,5914100,0.0,0.0
2024-08-12 00:00:00-04:00,107.37382853556845,107.37382853556845,105.87615646522926,106.22249603271484,6536000,0.0,0.0
2024-08-13 00:00:00-04:00,106.30673008023894,107.52359257824071,105.62341344704585,107.07428741455078,9040300,0.0,0.0
2024-08-14 00:00:00-04:00,106.39097882965473,106.64370807662844,104.37847874648111,106.31609344482422,11029400,0.0,0.0
2024-08-15 00:00:00-04:00,106.86834681869504,107.1772436453357,105.37067497334097,106.06334686279297,9685100,0.0,0.0
2024-08-16 00:00:00-04:00,106.34418437509288,106.44715000422548,105.41750085436361,106.40034484863281,10102300,0.0,0.0
2024-08-19 00:00:00-04:00,106.39098146668799,107.27085976513345,106.06335968529989,107.10237121582031,6177500,0.0,0.0
2024-08-20 00:00:00-04:00,107.42063415398947,107.92609981894147,107.22406536341877,107.77632904052734,5392300,0.0,0.0
2024-08-21 00:00:00-04:00,107.4393481330632,109.14295139925838,107.22406157353204,108.60940551757812,8144100,0.0,0.0
2024-08-22 00:00:00-04:00,108.86214178265209,109.25527934943126,107.85121048967976,109.09615325927734,8201200,0.0,0.0
2024-08-23 00:00:00-04:00,109.33017307518479,109.33952839310966,108.5064480440967,109.14295959472656,8368200,0.0,0.0
2024-08-26 00:00:00-04:00,109.2646480951997,110.35982015487089,108.7311021834524,108.83406066894531,6518700,0.0,0.0
2024-08-27 00:00:00-04:00,108.83404561109359,109.16166736506267,107.87928200586671,109.0493392944336,5502600,0.0,0.0
2024-08-28 00:00:00-04:00,109.14296028312981,110.4721438661786,108.80598315764362,109.89179992675781,5403200,0.0,0.0
2024-08-29 00:00:00-04:00,110.38789499299826,110.82783771548868,109.32080322168524,109.94795227050781,7202500,0.0,0.0
2024-08-30 00:00:00-04:00,109.77009934348952,111.15545041511764,109.65777840623822,110.8746337890625,8876500,0.0,0.0
2024-09-03 00:00:00-04:00,110.6967945205259,111.23969573652884,108.97446628270899,109.12423706054688,7640300,0.0,0.0
2024-09-04 00:00:00-04:00,109.19911163076614,109.26463455421272,107.14916894635283,108.39411163330078,7693400,0.0,0.0
2024-09-05 00:00:00-04:00,109.15230944658254,112.39102729905227,108.90893552082954,111.00567626953125,12009700,0.0,0.0
2024-09-06 00:00:00-04:00,111.48306207282262,112.60632140557075,110.12579841323145,110.30364227294922,8577300,0.0,0.0
2024-09-09 00:00:00-04:00,105.91358715766955,109.4237590223197,105.22091524265488,108.029052734375,14880200,0.0,0.0
2024-09-10 00:00:00-04:00,107.84184215346583,108.66555993536602,106.08207851608053,107.95417022705078,12734500,0.0,0.0
2024-09-11 00:00:00-04:00,107.58911877397232,108.47835952852549,106.96196258913072,107.37382507324219,7836600,0.0,0.0
2024-09-12 00:00:00-04:00,107.14918823114348,108.12267694146112,106.74668815996853,107.87930297851562,8330900,0.0,0.0
2024-09-13 00:00:00-04:00,108.66556579499107,109.3020772967024,107.64527918539719,108.45027923583984,6709600,0.0,0.0
2024-09-16 00:00:00-04:00,109.11932625783199,111.54105879489167,109.11932625783199,111.15470886230469,7846100,0.77,0.0
2024-09-17 00:00:00-04:00,112.1064377599692,112.26662847149842,110.93797729169292,111.46566772460938,7914900,0.0,0.0
2024-09-18 00:00:00-04:00,111.3808531830158,112.49277741431885,111.06989686596572,111.79547119140625,11135600,0.0,0.0
2024-09-19 00:00:00-04:00,112.04047310662024,112.3231613204138,109.58104754362974,110.4668197631836,9963000,0.0,0.0
2024-09-20 00:00:00-04:00,110.50450772657567,110.72124183129955,109.69412908131811,110.4102783203125,21200900,0.0,0.0
2024-09-23 00:00:00-04:00,110.43855339183096,111.34317587891822,108.85547482329325,108.9591293334961,6665300,0.0,0.0
2024-09-24 00:00:00-04:00,109.16643564682272,109.55278557331515,107.72470482697173,108.3277816772461,9840400,0.0,0.0
2024-09-25 00:00:00-04:00,108.64817667214268,109.32663277657306,108.00740658247769,108.1110610961914,7902300,0.0,0.0
2024-09-26 00:00:00-04:00,107.31009078611169,107.42317039570848,106.41490057517815,106.56566619873047,11132100,0.0,0.0
2024-09-27 00:00:00-04:00,106.6410456892981,107.74354485170535,106.4808549780238,107.13105010986328,11920100,0.0,0.0
2024-09-30 00:00:00-04:00,107.05567848542171,107.43260335575103,106.19817422569142,107.00856018066406,10936900,0.0,0.0
2024-10-01 00:00:00-04:00,107.38546870844694,108.16758643723534,106.58450797416947,108.12046813964844,7715500,0.0,0.0
2024-10-02 00:00:00-04:00,107.94143270303508,107.98854381062752,105.51970034410755,105.61392974853516,9041800,0.0,0.0
2024-10-03 00:00:00-04:00,105.36893267672563,105.61393489156235,103.49374083710283,103.82354736328125,10280600,0.0,0.0
2024-10-04 00:00:00-04:00,103.17334960994904,103.93662433893542,103.079120203316,103.43719482421875,9704700,0.0,0.0
2024-10-07 00:00:00-04:00,103.37123456590727,104.57739542643247,101.93892887857035,102.32527160644531,8654800,0.0,0.0
2024-10-08 00:00:00-04:00,101.74104253735511,102.47604196392095,101.59026973742223,102.25930786132812,8832400,0.0,0.0
2024-10-09 00:00:00-04:00,102.15566850719173,103.93663100701316,101.9577773945508,103.90835571289062,8627800,0.0,0.0
2024-10-10 00:00:00-04:00,104.3135434349013,104.43604813556857,102.871812644302,103.08854675292969,6006700,0.0,0.0
2024-10-11 00:00:00-04:00,102.8058467122441,103.57853932552752,101.67507948913172,103.39950561523438,8578400,0.0,0.0
2024-10-14 00:00:00-04:00,103.1168141957282,103.71989102990267,102.41008285668845,103.36181640625,8130700,0.0,0.0
2024-10-15 00:00:00-04:00,103.61624093293823,105.1427832783316,103.5502796260582,105.09566497802734,9109500,0.0,0.0
2024-10-16 00:00:00-04:00,104.59623850529643,104.78469732059976,102.73046460112423,104.04969787597656,8729200,0.0,0.0
2024-10-17 00:00:00-04:00,103.78584993238388,103.8329682295934,103.18277311216454,103.41835021972656,8541700,0.0,0.0
2024-10-18 00:00:00-04:00,103.5597067158036,103.57854972274177,102.29700957364399,102.4289321899414,9523000,0.0,0.0
2024-10-21 00:00:00-04:00,102.78700065411743,102.87180495817272,100.05430489198193,100.20507049560547,11444900,0.0,0.0
2024-10-22 00:00:00-04:00,99.79988137766134,100.73276463657943,99.61141539302389,100.48776245117188,11576100,0.0,0.0
2024-10-23 00:00:00-04:00,100.58200659622227,101.16624045039548,100.07315914695721,100.2427749633789,8271700,0.0,0.0
2024-10-24 00:00:00-04:00,99.93181197178318,100.46892748982185,99.18738744866944,99.77161407470703,8295900,0.0,0.0
2024-10-25 00:00:00-04:00,100.34642843717332,100.34642843717332,97.8681597126525,97.98123931884766,9625500,0.0,0.0
2024-10-28 00:00:00-04:00,98.56546165642968,98.94238647131182,97.93411672531674,98.21681213378906,6968900,0.0,0.0
2024-10-29 00:00:00-04:00,98.30162508306047,99.04604968084253,97.71739120917945,97.74566650390625,9296200,0.0,0.0
2024-10-30 00:00:00-04:00,97.49123088675036,98.94238675520248,96.963540457947,98.78219604492188,13897200,0.0,0.0
2024-10-31 00:00:00-04:00,95.10718412756954,97.27449625554031,92.91160389876092,96.4169921875,17413100,0.0,0.0
2024-11-01 00:00:00-04:00,95.90815096583353,96.79392319161371,95.37103544768323,96.00238037109375,10180600,0.0,0.0
2024-11-04 00:00:00-05:00,96.11547084941513,96.61489322413802,95.12604400909136,95.99297332763672,9182600,0.0,0.0
2024-11-05 00:00:00-05:00,95.51239707187771,95.86105383032705,94.72085413598414,95.7856674194336,6741400,0.0,0.0
2024-11-06 00:00:00-05:00,97.22740010623058,97.27451841118706,94.79624223105291,94.91874694824219,9551300,0.0,0.0
2024-11-07 00:00:00-05:00,95.58777081158675,95.82334792246763,95.03180509150155,95.33334350585938,8676100,0.0,0.0
2024-11-08 00:00:00-05:00,95.62545692914978,97.27449658317319,95.17314574649387,96.98237609863281,9208000,0.0,0.0
2024-11-11 00:00:00-05:00,96.61489808801612,97.43470914524876,94.66431960426752,94.91874694824219,10075300,0.0,0.0
2024-11-12 00:00:00-05:00,94.947001571384,94.95641947964262,92.81738245833668,92.89276885986328,12282900,0.0,0.0
2024-11-13 00:00:00-05:00,92.82682317037603,93.71258837495917,92.25201434322142,92.81739807128906,8869700,0.0,0.0
2024-11-14 00:00:00-05:00,93.45814792705708,93.66545692650597,92.2991054252486,92.68545532226562,8704500,0.0,0.0
2024-11-15 00:00:00-05:00,92.27083254426081,92.27083254426081,89.0292966865434,90.75371551513672,16464500,0.0,0.0
2024-11-18 00:00:00-05:00,90.98929595947266,91.67718424835888,89.91506496857608,90.98929595947266,14139900,0.0,0.0
2024-11-19 00:00:00-05:00,91.14949224672853,91.92218482640207,89.76429778566003,90.97045135498047,13093100,0.0,0.0
2024-11-20 00:00:00-05:00,91.38507384008427,93.13776088919896,91.0835354329068,91.81853485107422,12136800,0.0,0.0
2024-11-21 00:00:00-05:00,92.08238321440216,94.68315655871417,91.35680167932485,94.09892272949219,15670300,0.0,0.0
2024-11-22 00:00:00-05:00,94.54180121326871,95.91757058132075,93.22256804729315,93.45814514160156,14031200,0.0,0.0
2024-11-25 00:00:00-05:00,94.31564431384759,95.87045461183926,93.76911090562162,95.32392120361328,34659100,0.0,0.0
2024-11-26 00:00:00-05:00,95.62547026771674,95.92700870180076,93.94815508955325,95.75739288330078,9324100,0.0,0.0
2024-11-27 00:00:00-05:00,95.78565053010078,97.48180134066791,95.77622543309,97.17084503173828,9802200,0.0,0.0
2024-11-29 00:00:00-05:00,96.94469804070441,97.09547085488316,95.67258297535595,95.77623748779297,6081200,0.0,0.0
2024-12-02 00:00:00-05:00,95.86104451532823,95.97411693143711,94.66430872372622,94.80565643310547,13703100,0.0,0.0
2024-12-03 00:00:00-05:00,94.93757561509139,96.53949709220471,94.81507810565097,95.97411346435547,11395600,0.0,0.0
2024-12-04 00:00:00-05:00,96.14373997143389,96.20027618373784,95.22028162066549,95.52182006835938,11315000,0.0,0.0
2024-12-05 00:00:00-05:00,95.63488937110847,98.1320083788444,95.50296675387655,97.5760498046875,11062700,0.0,0.0
2024-12-06 00:00:00-05:00,97.63258256245582,97.95296399604807,96.76566048294869,97.142578125,11470700,0.0,0.0
2024-12-09 00:00:00-05:00,96.9258531226655,99.00835405005968,96.42643076672056,97.80220031738281,19162500,0.0,0.0
2024-12-10 00:00:00-05:00,97.7833480716978,97.7833480716978,94.92815451982827,95.17315673828125,11359400,0.0,0.0
2024-12-11 00:00:00-05:00,94.8904522431181,95.5971835374489,93.53353304668786,93.9952621459961,21613000,0.0,0.0
2024-12-12 00:00:00-05:00,95.823355229944,97.05777708453897,94.34393114836105,95.40873718261719,9554400,0.0,0.0
2024-12-13 00:00:00-05:00,95.29565230563543,96.65257879334854,94.73026866550265,96.11546325683594,10118200,0.0,0.0
2024-12-16 00:00:00-05:00,96.1724550105131,97.1508008007631,95.03263622021606,95.04212951660156,11701100,0.81,0.0
2024-12-17 00:00:00-05:00,94.89015705973115,95.7450247758495,94.37723643006015,95.04212951660156,13975100,0.0,0.0
2024-12-18 00:00:00-05:00,95.16561717495811,96.40992023038693,93.34189692018151,93.40838623046875,11993400,0.0,0.0
2024-12-19 00:00:00-05:00,93.61735643085473,94.92815606753058,92.91446838817393,94.52921295166016,12110800,0.0,0.0
2024-12-20 00:00:00-05:00,93.87380982786613,94.68118201885345,92.99044779032242,93.13292694091797,29289700,0.0,0.0
2024-12-23 00:00:00-05:00,94.12077714363093,94.59570287085916,93.27540992890799,94.3867416381836,8460500,0.0,0.0
2024-12-24 00:00:00-05:00,94.24426100539509,94.6431968708344,93.84532513995579,94.46272277832031,3713500,0.0,0.0
2024-12-26 00:00:00-05:00,94.12076605447443,94.92814549307147,93.95929306547127,94.86165618896484,4760300,0.0,0.0
2024-12-27 00:00:00-05:00,94.51020506160219,95.31757722332314,94.26324169264143,94.7001724243164,6173600,0.0,0.0
2024-12-30 00:00:00-05:00,94.57670848853877,94.57670848853877,93.34189870610285,93.4368896484375,6848700,0.0,0.0
2024-12-31 00:00:00-05:00,93.56036102496172,94.53870678786818,93.49387171816588,94.49121856689453,6598200,0.0,0.0
2025-01-02 00:00:00-05:00,95.25109772414612,95.31758703261765,93.87381608575379,94.19676208496094,6153300,0.0,0.0
2025-01-03 00:00:00-05:00,94.35823367581462,94.74767622447011,93.74083606927844,94.16826629638672,6070300,0.0,0.0
2025-01-06 00:00:00-05:00,93.81681412061987,95.29858714606193,93.48436759935714,94.71917724609375,10111100,0.0,0.0
2025-01-07 00:00:00-05:00,95.10861993874316,97.8062017359885,95.03263733281395,95.95398712158203,10890900,0.0,0.0
2025-01-08 00:00:00-05:00,95.65003122152578,95.71652052836137,93.13293085789952,94.84265899658203,8654700,0.0,0.0
2025-01-10 00:00:00-05:00,94.23475592911727,95.37458194999179,93.85481392215908,94.27275085449219,11328500,0.0,0.0
2025-01-13 00:00:00-05:00,94.47222213777621,96.0869739130837,94.02579080723116,95.91600036621094,8168100,0.0,0.0
2025-01-14 00:00:00-05:00,96.18195605597093,96.40041782263633,94.04479037790993,94.65269470214844,10927400,0.0,0.0
2025-01-15 00:00:00-05:00,95.08011821833595,95.76401234646121,94.61469308822484,95.07061767578125,9170300,0.0,0.0
2025-01-16 00:00:00-05:00,95.40307589982615,95.84000666947041,94.93764350118663,95.65003204345703,7749600,0.0,0.0
2025-01-17 00:00:00-05:00,95.43157693101618,95.43157693101618,93.00945281982422,93.00945281982422,16182000,0.0,0.0
2025-01-21 00:00:00-05:00,93.16141885014504,93.34188567244045,90.95776408600642,91.41368865966797,17756100,0.0,0.0
2025-01-22 00:00:00-05:00,91.14773211337872,92.1355783592161,90.37835486048606,90.88177490234375,13070900,0.0,0.0
2025-01-23 00:00:00-05:00,91.29021439465618,92.28756121706053,90.44484726765432,91.78413391113281,11522800,0.0,0.0
2025-01-24 00:00:00-05:00,91.93611444418774,92.23056604822447,90.62532216995659,90.75830078125,12244800,0.0,0.0
2025-01-27 00:00:00-05:00,91.78413972929266,93.67434926502945,91.16674210625797,93.02845001220703,15093400,0.0,0.0
2025-01-28 00:00:00-05:00,92.46803510534643,93.92130663131127,91.74614599066113,92.56301879882812,12840900,0.0,0.0
2025-01-29 00:00:00-05:00,92.53452186764484,94.17776798211975,92.50602748506402,93.35139465332031,10225500,0.0,0.0
2025-01-30 00:00:00-05:00,94.42473098917056,94.42473098917056,93.30390604923716,93.98779296875,10164700,0.0,0.0
2025-01-31 00:00:00-05:00,94.13026843989519,95.0421248769774,93.63634892068886,93.86431121826172,11420200,0.0,0.0
2025-02-03 00:00:00-05:00,93.2089181969091,95.12762214329753,93.08544011988066,94.78567504882812,13363900,0.0,0.0
2025-02-04 00:00:00-05:00,84.53677475031893,86.65494656467342,82.9505246487282,86.18951416015625,50837600,0.0,0.0
2025-02-05 00:00:00-05:00,85.85706615410494,86.18951268966595,83.5869219225428,85.17317199707031,21670600,0.0,0.0
2025-02-06 00:00:00-05:00,84.92622084211207,85.0781933043832,83.43494712240367,83.6344223022461,19509700,0.0,0.0
2025-02-07 00:00:00-05:00,83.1309927061542,84.15683397424974,82.75105793734062,82.90303039550781,15815000,0.0,0.0
2025-02-10 00:00:00-05:00,82.82704602415677,83.56793626467096,81.94368385930491,82.06716918945312,21212100,0.0,0.0
2025-02-11 00:00:00-05:00,81.74420245418568,82.62756447353716,81.4307570254794,82.20013427734375,20922300,0.0,0.0
2025-02-12 00:00:00-05:00,81.75371369536897,82.32362311380602,81.3167828996742,81.37377166748047,14785300,0.0,0.0
2025-02-13 00:00:00-05:00,81.29777145493925,81.40225568046674,80.0819629180272,80.18644714355469,20415100,0.0,0.0
2025-02-14 00:00:00-05:00,80.18646245422366,80.52840957636981,77.97330670444224,78.84717559814453,26779000,0.0,0.0
2025-02-18 00:00:00-05:00,77.06143860657491,79.3980720940404,76.97595546221449,79.11312103271484,25897800,0.0,0.0
2025-02-19 00:00:00-05:00,79.06563152483356,81.33577587774168,78.6951900444371,81.30728149414062,17435100,0.0,0.0
2025-02-20 00:00:00-05:00,81.59223984566094,83.30196808330608,81.59223984566094,83.28297424316406,14851500,0.0,0.0
2025-02-21 00:00:00-05:00,83.58692633772696,85.040197874794,82.64657544552911,85.01170349121094,15678900,0.0,0.0
2025-02-24 00:00:00-05:00,85.2111737963806,87.24385534555525,84.47029081542051,86.69293975830078,19452300,0.0,0.0
2025-02-25 00:00:00-05:00,87.14886181166368,88.39316476760378,85.9045588557236,86.84490966796875,18417300,0.0,0.0
2025-02-26 00:00:00-05:00,86.721432842597,86.78792214852024,84.40379318448846,84.89771270751953,13534200,0.0,0.0
2025-02-27 00:00:00-05:00,84.86922380324646,86.40798572836687,84.77424010962474,86.03754425048828,10717500,0.0,0.0
2025-02-28 00:00:00-05:00,86.16102248154263,87.71877824945557,86.16102248154263,87.62379455566406,15482100,0.0,0.0
2025-03-03 00:00:00-05:00,87.17735402146202,88.53564171500281,87.17735402146202,88.47865295410156,13636100,0.0,0.0
2025-03-04 00:00:00-05:00,88.8776030655124,90.57783809143966,87.69028871054574,87.91825103759766,15073000,0.0,0.0
2025-03-05 00:00:00-05:00,86.51246791904747,88.76361111647847,85.9615523635649,88.51665496826172,13117100,0.0,0.0
2025-03-06 00:00:00-05:00,88.4596527259527,89.33352146671461,87.17735486572232,89.28602600097656,11300200,0.0,0.0
2025-03-07 00:00:00-05:00,89.53299329419048,92.48703167188015,89.14355074912054,89.90343475341797,24100900,0.0,0.0
2025-03-10 00:00:00-04:00,89.94143269940861,92.13558714650159,89.94143269940861,90.45435333251953,20897600,0.0,0.0
2025-03-11 00:00:00-04:00,90.21689401512153,90.5968287981328,88.88710053420768,89.97943115234375,21734800,0.0,0.0
2025-03-12 00:00:00-04:00,89.35253440752821,89.66598715611458,88.20321490950371,88.66864013671875,11896000,0.0,0.0
2025-03-13 00:00:00-04:00,88.71613082410647,91.50868928345893,88.71613082410647,89.96043395996094,16570100,0.0,0.0
2025-03-14 00:00:00-04:00,89.55198821018604,90.12189759686733,88.7636098144349,89.82744598388672,12681100,0.0,0.0
2025-03-17 00:00:00-04:00,89.72206245679133,91.30285837293233,89.17597011951317,90.81424713134766,12237900,0.81,0.0
2025-03-18 00:00:00-04:00,91.23578833172706,91.4082389162462,89.90408212886483,90.74717712402344,8670100,0.0,0.0
2025-03-19 00:00:00-04:00,91.25495170200341,91.42740229680825,89.712478967748,90.0765380859375,11355900,0.0,0.0
2025-03-20 00:00:00-04:00,90.05738225842472,91.16873218629448,89.75080422821873,90.75676727294922,12970200,0.0,0.0
2025-03-21 00:00:00-04:00,90.61305725340905,90.70886151736936,89.16638874659903,89.2047119140625,68435800,0.0,0.0
2025-03-24 00:00:00-04:00,89.00352052123309,89.20471166781338,87.71971999763917,88.43826293945312,16950100,0.0,0.0
2025-03-25 00:00:00-04:00,88.4382632800875,88.4382632800875,83.42762790646786,84.18449401855469,20640200,0.0,0.0
2025-03-26 00:00:00-04:00,84.53896588705258,85.57366942472089,83.64797239229317,84.41442108154297,13808800,0.0,0.0
2025-03-27 00:00:00-04:00,84.78806473523954,84.84554582995143,83.71503800777238,83.92581176757812,12931900,0.0,0.0
2025-03-28 00:00:00-04:00,84.50065210287302,86.35928562954075,83.9928828963662,85.48745727539062,12393500,0.0,0.0
2025-03-31 00:00:00-04:00,85.50659756466264,86.48381260641038,84.66350993434311,85.99520874023438,15003000,0.0,0.0
2025-04-01 00:00:00-04:00,85.98563794110392,85.98563794110392,82.97733876947608,83.46595001220703,13922100,0.0,0.0
2025-04-02 00:00:00-04:00,83.23600539093465,83.41803859463114,81.74143852512084,82.9677505493164,10590800,0.0,0.0
2025-04-03 00:00:00-04:00,85.0084211319206,85.17128910656977,82.64201860715971,82.76656341552734,12684100,0.0,0.0
2025-04-04 00:00:00-04:00,82.50789277184909,82.65159551143192,77.67928336815449,78.05292510986328,22965700,0.0,0.0
2025-04-07 00:00:00-04:00,77.61221747599592,79.7199404372466,75.97394050613902,77.77508544921875,26582000,0.0,0.0
2025-04-08 00:00:00-04:00,79.71994448210332,79.77742557924046,74.28776152073738,75.63861846923828,20571600,0.0,0.0
2025-04-09 00:00:00-04:00,73.540475797454,78.55111106996574,72.81235024833953,78.47447204589844,22928300,0.0,0.0
2025-04-10 00:00:00-04:00,77.22900107999834,77.71761235938699,72.77403308415415,74.29734802246094,19466900,0.0,0.0
2025-04-11 00:00:00-04:00,74.60391802835454,76.10806756483763,73.14766696702526,75.85897064208984,16194400,0.0,0.0
2025-04-14 00:00:00-04:00,76.66373529520364,76.66373529520364,75.07336411572464,75.8493881225586,15796700,0.0,0.0
2025-04-15 00:00:00-04:00,76.21346180259701,76.60626149813189,74.46021517407048,75.10211181640625,16042500,0.0,0.0
2025-04-16 00:00:00-04:00,75.1787565833453,75.38953035627746,72.7452901939052,73.25305938720703,16551300,0.0,0.0
2025-04-17 00:00:00-04:00,73.66501813367434,75.44700512519249,73.65543551496394,74.72846221923828,21416500,0.0,0.0
2025-04-21 00:00:00-04:00,74.80511897792013,74.91050587023601,73.76083267480762,74.58476257324219,11010000,0.0,0.0
2025-04-22 00:00:00-04:00,74.75719980016491,75.72483958842552,74.4027233253042,75.65777587890625,12918200,0.0,0.0
2025-04-23 00:00:00-04:00,75.20749201912408,76.8361863747605,74.72846340753729,75.43742370605469,17935700,0.0,0.0
2025-04-24 00:00:00-04:00,74.99672026240704,76.61583935179632,72.84109145272642,76.49128723144531,18471500,0.0,0.0
2025-04-25 00:00:00-04:00,76.80743913430298,79.78699742347546,74.78593798481566,79.26964569091797,28378000,0.0,0.0
2025-04-28 00:00:00-04:00,79.51875717634456,80.17023644317726,78.94392424899743,79.70079040527344,14241000,0.0,0.0
2025-04-29 00:00:00-04:00,80.26603466964752,82.09592751275783,79.2792368786076,81.15702819824219,18802900,0.0,0.0
2025-04-30 00:00:00-04:00,81.69353618637646,82.23005320162838,80.27561558964537,81.62647247314453,13825100,0.0,0.0
2025-05-01 00:00:00-04:00,80.96542440728089,81.03248812585336,79.68162382538303,79.76785278320312,10036400,0.0,0.0
2025-05-02 00:00:00-04:00,80.65884010008871,81.15702664088217,79.47084387849505,79.69120025634766,11755600,0.0,0.0
2025-05-05 00:00:00-04:00,79.73911232863829,80.07443092189975,78.47447698448282,79.36546325683594,8688000,0.0,0.0
2025-05-06 00:00:00-04:00,79.01098254476554,79.02056516389271,75.00630294902365,75.72484588623047,16991100,0.0,0.0
2025-05-07 00:00:00-04:00,76.2805193994163,76.5487742547188,75.45658959561774,75.8014907836914,12216900,0.0,0.0
2025-05-08 00:00:00-04:00,75.20748985457578,75.49490993701423,73.70334034986011,74.39314270019531,15059100,0.0,0.0
2025-05-09 00:00:00-04:00,74.69013928600509,75.15958527272369,72.63989743939324,72.78360748291016,15614500,0.0,0.0
2025-05-12 00:00:00-04:00,72.73570139314755,77.8613059881519,72.64947975303735,77.0565414428711,21761100,0.0,0.0
2025-05-13 00:00:00-04:00,73.72250209837034,75.25539953829066,73.34886035747387,73.41592407226562,23353200,0.0,0.0
2025-05-14 00:00:00-04:00,74.2111121837061,74.2111121837061,70.24475583491986,70.38846588134766,23721800,0.0,0.0
2025-05-15 00:00:00-04:00,70.67587652237728,71.67225688883727,70.23517108691551,71.66268157958984,15274800,0.0,0.0
2025-05-16 00:00:00-04:00,71.84471389533327,72.97522178620919,71.25072305549142,72.86983489990234,15021800,0.0,0.0
2025-05-19 00:00:00-04:00,72.77403156938287,74.00992636246627,72.51535931473616,73.99076843261719,11682600,0.0,0.0
2025-05-20 00:00:00-04:00,74.29734760193094,75.85897839189442,74.17279547313447,74.6997299194336,13262400,0.0,0.0
2025-05-21 00:00:00-04:00,74.50811002516565,74.82427067577719,73.64586433716595,73.75125122070312,11879500,0.0,0.0
2025-05-22 00:00:00-04:00,73.50214546856937,75.07335860449636,73.46382230557164,74.57516479492188,11800000,0.0,0.0
2025-05-23 00:00:00-04:00,74.29733977538545,74.6326583379816,73.84705171587215,74.32608032226562,10902200,0.0,0.0
2025-05-27 00:00:00-04:00,74.74762777562955,74.92007838303387,73.81831832898112,74.33566284179688,11884500,0.0,0.0
2025-05-28 00:00:00-04:00,74.18237392057225,74.4602114030489,72.41954476160916,72.9752197265625,12293200,0.0,0.0
2025-05-29 00:00:00-04:00,72.51535971971218,73.77041244965373,72.51535971971218,73.1955795288086,10785200,0.0,0.0
2025-05-30 00:00:00-04:00,73.71293041220159,74.30692125544275,72.4195472200152,73.61711883544922,20641500,0.0,0.0
2025-06-02 00:00:00-04:00,73.78955777699784,73.78955777699784,72.2375098867319,73.0518569946289,11271800,0.0,0.0
2025-06-03 00:00:00-04:00,72.81234873988393,73.95243917100215,72.27583903554431,73.90453338623047,18139200,0.0,0.0
2025-06-04 00:00:00-04:00,74.2207029870775,75.82065698389155,74.08657554479353,74.98714447021484,13009300,0.0,0.0
2025-06-05 00:00:00-04:00,75.1212688389288,75.2553962626742,74.0099189742996,74.3644027709961,13983700,0.0,0.0
2025-06-06 00:00:00-04:00,75.01587932930796,76.15596239113574,74.92965038312823,75.65777587890625,9863100,0.0,0.0
2025-06-09 00:00:00-04:00,76.27093275863764,77.03738142714062,75.37035666955609,76.00267791748047,18305800,0.0,0.0
2025-06-10 00:00:00-04:00,76.01226059665527,78.44572694929488,76.0026852866828,77.93795776367188,13254100,0.0,0.0
2025-06-11 00:00:00-04:00,77.9379466688764,78.25410727848667,76.62541306859679,76.9511489868164,11803300,0.0,0.0
2025-06-12 00:00:00-04:00,76.82661392832027,78.66608211110807,76.71164442587222,78.38824462890625,13169200,0.0,0.0
2025-06-13 00:00:00-04:00,78.22537108041793,78.98223713817801,78.03375525664534,78.28285217285156,14550500,0.0,0.0
2025-06-16 00:00:00-04:00,78.26350574614877,78.71830229024287,77.13135735930686,78.3409194946289,12569400,0.81,0.0
2025-06-17 00:00:00-04:00,77.68291126319912,78.08932233675407,75.66052707628457,75.74761199951172,14040600,0.0,0.0
2025-06-18 00:00:00-04:00,75.5250615157793,77.71194450719852,74.60578987758724,76.72494506835938,23803400,0.0,0.0
2025-06-20 00:00:00-04:00,76.68622852266508,77.33455196359262,76.05725482482747,76.50237274169922,34052300,0.0,0.0
2025-06-23 00:00:00-04:00,76.67655210785783,77.62485196259762,76.43463970826488,77.5667953491211,18553800,0.0,0.0
2025-06-24 00:00:00-04:00,77.76999645314652,78.82473091171043,76.53139883634888,77.72161102294922,15906400,0.0,0.0
2025-06-25 00:00:00-04:00,77.06361543029887,77.52809049794674,76.59914774523175,77.09264373779297,12753200,0.0,0.0
2025-06-26 00:00:00-04:00,77.25713640227538,77.65387626076637,75.83469776746419,76.27981567382812,13760100,0.0,0.0
2025-06-27 00:00:00-04:00,76.50237741842437,76.96685248936058,75.61214153025917,76.54108428955078,60202500,0.0,0.0
2025-06-30 00:00:00-04:00,76.68622890013744,76.82169925017477,75.84437111126503,76.5991439819336,13895200,0.0,0.0
2025-07-01 00:00:00-04:00,76.4056066642163,80.38264685754581,76.05725223979472,79.16340637207031,21800800,0.0,0.0
2025-07-02 00:00:00-04:00,79.40532139189204,80.13105856975871,79.2408227367282,79.72464752197266,16052700,0.0,0.0
2025-07-03 00:00:00-04:00,79.87947702067976,79.92785507088168,78.08931936385643,78.31188201904297,7734500,0.0,0.0
2025-07-07 00:00:00-04:00,78.33123022210205,78.9021473108688,77.5571149908707,78.28285217285156,15777400,0.0,0.0
2025-07-08 00:00:00-04:00,78.32156598976457,79.71497648262364,77.7409702866105,78.73765563964844,12752900,0.0,0.0
2025-07-09 00:00:00-04:00,79.71496978175516,81.74703980681582,79.24082355444521,81.00194549560547,18394600,0.0,0.0
2025-07-10 00:00:00-04:00,80.93422142587288,82.25022562650344,80.47942487943094,81.30192565917969,14725600,0.0,0.0
2025-07-11 00:00:00-04:00,81.30192161237937,81.40836366614558,79.59886351728241,80.66327667236328,9717400,0.0,0.0
2025-07-14 00:00:00-04:00,80.73101534400391,81.57287324675741,80.42136773309136,80.96324920654297,10368700,0.0,0.0
2025-07-15 00:00:00-04:00,81.06968754565423,81.63092612174181,78.66992051682215,78.88279724121094,10827000,0.0,0.0
2025-07-16 00:00:00-04:00,78.82474528979027,79.96657225446901,78.82474528979027,79.76336669921875,11517800,0.0,0.0
2025-07-17 00:00:00-04:00,79.32792258264664,79.98592464847111,78.70862000665208,78.88279724121094,8984800,0.0,0.0
2025-07-18 00:00:00-04:00,79.05696872117052,79.2698528126444,77.27649701535343,77.37326049804688,11823600,0.0,0.0
2025-07-21 00:00:00-04:00,77.56680134110934,77.71194288601275,76.39593873996016,76.74429321289062,11620800,0.0,0.0
2025-07-22 00:00:00-04:00,77.28618595989131,79.12471452576938,77.28618595989131,78.96989440917969,10571000,0.0,0.0
2025-07-23 00:00:00-04:00,79.94721010593639,81.41803420353756,79.74400458221007,81.26321411132812,11542100,0.0,0.0
2025-07-24 00:00:00-04:00,81.47610012533885,81.77607654637642,80.81809804745492,81.3890151977539,8016700,0.0,0.0
2025-07-25 00:00:00-04:00,81.43739401147971,82.46310022671447,81.12773905170106,81.96959686279297,10058800,0.0,0.0
2025-07-28 00:00:00-04:00,81.73736948929168,82.2211943283356,81.15678115895523,81.34062957763672,12882000,0.0,0.0
2025-07-29 00:00:00-04:00,77.26681412785383,80.20846960909574,74.18001712198526,79.95687866210938,27826400,0.0,0.0
2025-07-30 00:00:00-04:00,80.22783138175475,80.876154837912,78.88279165412779,79.10535430908203,13055200,0.0,0.0
2025-07-31 00:00:00-04:00,78.18608989511687,78.85376309266063,75.33151917250979,75.59278869628906,19813300,0.0,0.0
2025-08-01 00:00:00-04:00,75.49602582361176,77.28618366229794,75.02187954101325,76.72494506835938,11900300,0.0,0.0
2025-08-04 00:00:00-04:00,76.50238936771524,77.4023039598694,75.89277266306188,77.2765121459961,13380700,0.0,0.0
2025-08-05 00:00:00-04:00,77.31520690969512,78.50541182029104,76.99588075999151,78.1764144897461,9984300,0.0,0.0
2025-08-06 00:00:00-04:00,77.69258735429916,78.68926526216886,76.70558062698196,76.87008666992188,13028700,0.0,0.0
2025-08-07 00:00:00-04:00,77.07330291106457,78.20545132980898,76.1056531755398,77.77001190185547,10830100,0.0,0.0
2025-08-08 00:00:00-04:00,77.51841232260851,78.54411856629828,77.51841232260851,78.07965087890625,6882900,0.0,0.0
2025-08-11 00:00:00-04:00,78.34091638029788,78.99891845105842,77.05394054765758,77.44100189208984,8210700,0.0,0.0
2025-08-12 00:00:00-04:00,77.86676917788985,78.32156569846454,77.0926464982843,77.7022705078125,7852700,0.0,0.0
2025-08-13 00:00:00-04:00,78.1377093275368,80.1600935547283,77.60549906639116,80.0343017578125,11043800,0.0,0.0
2025-08-14 00:00:00-04:00,79.35695013792116,80.70198256546381,78.96021023641097,80.08268737792969,10217600,0.0,0.0
2025-08-15 00:00:00-04:00,81.01163253169194,81.9986319586726,80.66327805567965,81.48577880859375,10481400,0.0,0.0
2025-08-18 00:00:00-04:00,81.53415975190308,82.39536733052822,81.35998252349683,81.49545288085938,8273600,0.0,0.0
2025-08-19 00:00:00-04:00,81.65027721160179,83.02434536579142,81.65027721160179,82.18248748779297,14307700,0.0,0.0
2025-08-20 00:00:00-04:00,82.550192895454,83.4597859687276,81.81478444469533,81.92122650146484,8904700,0.0,0.0
2025-08-21 00:00:00-04:00,82.13409649142686,84.49516390950701,81.86315578100731,83.29528045654297,13889000,0.0,0.0
2025-08-22 00:00:00-04:00,84.66934037481222,84.99833769662995,83.95328173476496,84.54354858398438,11977400,0.0,0.0
2025-08-25 00:00:00-04:00,84.3887218992138,84.56289912493008,82.201831705794,82.55018615722656,9417700,0.0,0.0
2025-08-26 00:00:00-04:00,82.79209954165528,82.82112784918853,81.93089196612532,82.24053955078125,14062700,0.0,0.0
2025-08-27 00:00:00-04:00,82.31795327456281,82.71469316431237,81.16644785879102,81.35030364990234,10588100,0.0,0.0
2025-08-28 00:00:00-04:00,81.52447625044917,81.52447625044917,79.976238415384,80.51811981201172,14485300,0.0,0.0
2025-08-29 00:00:00-04:00,80.72132253575566,81.51479486011455,80.5858521912978,81.398681640625,10872900,0.0,0.0
2025-09-02 00:00:00-04:00,81.76639130456127,82.73404090579868,81.6115638247246,82.71469116210938,11642700,0.0,0.0
2025-09-03 00:00:00-04:00,82.60825442430378,83.03401525605558,81.35030690881914,81.45674896240234,12714400,0.0,0.0
2025-09-04 00:00:00-04:00,81.47609704586021,81.6793099677068,80.3149204264618,81.3309555053711,12554800,0.0,0.0
2025-09-05 00:00:00-04:00,81.07936100117108,82.51147827724445,80.55682933041547,81.96959686279297,13231100,0.0,0.0
2025-09-08 00:00:00-04:00,81.43739435410562,81.59221445206573,80.14074004360921,81.3696517944336,13111200,0.0,0.0
2025-09-09 00:00:00-04:00,81.45674362862273,82.05668903839091,81.40835819558734,81.87283325195312,9767500,0.0,0.0
2025-09-10 00:00:00-04:00,81.54383358267367,81.83413143364487,80.83745346526796,81.31159973144531,13073300,0.0,0.0
2025-09-11 00:00:00-04:00,81.61156923428764,82.78243182606559,81.28257189169825,82.39537048339844,9667200,0.0,0.0
2025-09-12 00:00:00-04:00,81.88251625999749,82.42439770302266,80.12139418758473,80.13106536865234,9939500,0.0,0.0
2025-09-15 00:00:00-04:00,80.23856163720222,80.86397425554782,79.07568155519722,79.17340087890625,10229800,0.81,0.0
2025-09-16 00:00:00-04:00,79.16362742187455,79.62291640523982,78.70433843850927,79.2417984008789,10065900,0.0,0.0
2025-09-17 00:00:00-04:00,79.13431525364516,80.37536626077484,78.95841749734662,79.29066467285156,12642100,0.0,0.0
2025-09-18 00:00:00-04:00,79.36884369028421,79.82813269372637,78.97795895615216,79.6717758178711,10458900,0.0,0.0
2025-09-19 00:00:00-04:00,79.94539490481549,80.52195157964287,79.1538587035421,79.65223693847656,25627800,0.0,0.0
2025-09-22 00:00:00-04:00,79.89653905798329,80.07243682017956,78.43072685818312,78.56753540039062,11986400,0.0,0.0
2025-09-23 00:00:00-04:00,78.26459235111895,79.26134877802352,77.85416674263169,78.13755798339844,13145300,0.0,0.0
2025-09-24 00:00:00-04:00,78.07893290852161,78.28414572597168,77.5219245595838,77.85417175292969,11804200,0.0,0.0
2025-09-25 00:00:00-04:00,77.96165849148038,78.05937780720342,75.81180372354993,75.83134460449219,14923800,0.0,0.0
2025-09-26 00:00:00-04:00,76.96491631900462,77.16035496765895,75.91930389214025,76.76947021484375,12205400,0.0,0.0
2025-09-29 00:00:00-04:00,76.80855760583009,77.00400370533475,76.25154926937795,76.78901672363281,12739000,0.0,0.0
2025-09-30 00:00:00-04:00,76.6326630964561,82.0854864882087,76.61312221342946,82.01708221435547,21636600,0.0,0.0
2025-10-01 00:00:00-04:00,83.24836434547959,88.68163925160657,83.24836434547959,88.07576751708984,33460900,0.0,0.0
2025-10-02 00:00:00-04:00,87.89986854718374,88.92594006863983,86.20930265283053,87.46990203857422,14575400,0.0,0.0
2025-10-03 00:00:00-04:00,87.5871625550635,88.63277496247505,86.09203529970465,87.15719604492188,12970600,0.0,0.0
2025-10-06 00:00:00-04:00,86.80539995091243,88.25166380779054,86.53178286747638,86.77608489990234,11648300,0.0,0.0
2025-10-07 00:00:00-04:00,86.64904318918536,86.91289355964727,85.15391594158916,85.61320495605469,9449100,0.0,0.0
2025-10-08 00:00:00-04:00,85.92590565346347,85.92590565346347,84.23533241666,84.43077850341797,9696200,0.0,0.0
2025-10-09 00:00:00-04:00,84.97801353056249,85.79887219258185,84.66530724396131,85.50570678710938,10938200,0.0,0.0
2025-10-10 00:00:00-04:00,85.9356810820413,86.22883903321897,83.96171658211732,84.03012084960938,11230700,0.0,0.0
2025-10-13 00:00:00-04:00,83.70765285438473,84.48941489311207,83.29721976938345,83.74673461914062,6553900,0.0,0.0
2025-10-14 00:00:00-04:00,83.43402543110328,83.72719084519291,82.23206363544938,82.76952362060547,9675000,0.0,0.0
2025-10-15 00:00:00-04:00,82.27115634641649,82.75976042030089,81.70437383138903,82.19297790527344,9168700,0.0,0.0
2025-10-16 00:00:00-04:00,82.4861463377822,83.55129967902359,81.6946026394995,82.00730895996094,11709100,0.0,0.0
2025-10-17 00:00:00-04:00,81.38188896957321,82.95519459917352,81.26462876968147,82.85747528076172,10758900,0.0,0.0
2025-10-20 00:00:00-04:00,83.3069877635365,85.01710188184957,83.09200079578191,84.35260009765625,8611800,0.0,0.0
2025-10-21 00:00:00-04:00,84.978017272214,85.67183414317515,84.26465951926373,85.62297821044922,9852400,0.0,0.0
2025-10-22 00:00:00-04:00,85.68160922700659,86.76631084889137,85.02688156853745,85.61320495605469,10926300,0.0,0.0
2025-10-23 00:00:00-04:00,85.56433718022723,86.10180460693961,84.92915789202931,85.19300079345703,7687500,0.0,0.0
2025-10-24 00:00:00-04:00,85.33958411549591,86.052941844662,85.12459714325207,85.49593353271484,7902100,0.0,0.0
2025-10-27 00:00:00-04:00,85.51548620123503,86.28748152453045,85.04642301480635,85.99431610107422,7226600,0.0,0.0
2025-10-28 00:00:00-04:00,86.10180374245462,86.10180374245462,84.94869792031773,85.04641723632812,8345900,0.0,0.0
2025-10-29 00:00:00-04:00,84.9682517228988,85.83796644201361,84.1083111735232,84.606689453125,10921900,0.0,0.0
2025-10-30 00:00:00-04:00,82.69135312043525,85.31027115878425,81.4014387108309,84.31351470947266,16678800,0.0,0.0
2025-10-31 00:00:00-04:00,83.47311362208151,84.48941093476915,82.6327140645803,84.02035522460938,12385000,0.0,0.0
2025-11-03 00:00:00-05:00,83.8151351627091,84.1376156238999,80.46331109324083,80.60989379882812,13875800,0.0,0.0
2025-11-04 00:00:00-05:00,80.81511201640814,83.02360455010307,80.14084345436252,81.94867706298828,12846100,0.0,0.0
2025-11-05 00:00:00-05:00,82.11479536925361,83.43402481185323,81.02032706985536,82.46659088134766,9440200,0.0,0.0
2025-11-06 00:00:00-05:00,82.55455443045342,84.20603126700063,82.4275125892141,83.82492065429688,10601400,0.0,0.0
2025-11-07 00:00:00-05:00,83.991034243195,84.61644683842705,83.29721737834404,84.31351470947266,9214300,0.0,0.0
2025-11-10 00:00:00-05:00,84.71417415891949,85.37867597756593,83.84445953009629,84.7728042602539,8319600,0.0,0.0
2025-11-11 00:00:00-05:00,85.35912746773256,88.9943428532508,85.27118231590853,88.8770751953125,15436000,0.0,0.0
2025-11-12 00:00:00-05:00,89.32659511711434,90.7924072526324,89.08229309452798,89.36567687988281,13218900,0.0,0.0
2025-11-13 00:00:00-05:00,89.22887084880652,92.11163926956377,88.82821939737964,90.81195068359375,16086100,0.0,0.0
2025-11-14 00:00:00-05:00,90.09858638443126,92.9129505635031,89.40476950848128,90.80217742919922,19632000,0.0,0.0
2025-11-17 00:00:00-05:00,91.10511521627599,92.59046826045369,90.56764777451416,90.74354553222656,14345800,0.0,0.0
2025-11-18 00:00:00-05:00,91.96505523209873,95.43414698230234,90.01063902477415,94.232177734375,28153500,0.0,0.0
2025-11-19 00:00:00-05:00,93.81197351761391,94.92599010669511,91.94550254919359,92.88362884521484,14641300,0.0,0.0
2025-11-20 00:00:00-05:00,92.80545806884766,93.81198125821624,91.75984565929404,92.80545806884766,12554200,0.0,0.0
2025-11-21 00:00:00-05:00,93.30383465832057,97.98465499630338,93.1865669998374,95.53186798095703,23183300,0.0,0.0
2025-11-24 00:00:00-05:00,96.86087669798387,100.02702908789725,96.86087669798387,98.11170196533203,28320900,0.0,0.0
2025-11-25 00:00:00-05:00,98.43417936071936,103.42770610405901,98.41463102280834,103.25181579589844,22225500,0.0,0.0
2025-11-26 00:00:00-05:00,102.21596235564505,103.33975312422001,101.82507763759646,102.24527740478516,12624000,0.0,0.0
2025-11-28 00:00:00-05:00,102.45049394695296,103.00750972298734,101.74691037536954,102.44072723388672,6154500,0.0,0.0
2025-12-01 00:00:00-05:00,102.33323265910177,103.27135153342091,99.39183421257111,99.50910186767578,14178300,0.0,0.0
2025-12-02 00:00:00-05:00,99.21593711844544,99.47978748031167,98.02374204454586,98.72733306884766,11795000,0.0,0.0
2025-12-03 00:00:00-05:00,99.57750942057663,100.7403820194886,99.20616556158251,99.93907165527344,12541600,0.0,0.0
2025-12-04 00:00:00-05:00,99.77294365030765,100.26154769115686,98.24850142862003,98.59052276611328,12770700,0.0,0.0
2025-12-05 00:00:00-05:00,99.08890693465739,99.76317548183661,96.92927783888169,97.44719696044922,16430400,0.0,0.0
2025-12-08 00:00:00-05:00,97.11493443193095,97.39832566432172,95.58071807416422,96.6751937866211,12902600,0.0,0.0
2025-12-09 00:00:00-05:00,97.05631005758246,97.57422916764725,93.87060950286474,94.68169403076172,16283900,0.0,0.0
2025-12-10 00:00:00-05:00,95.81526512364285,95.93252533383166,94.27127440843162,95.39506530761719,18077700,0.0,0.0
2025-12-11 00:00:00-05:00,96.19637148139024,96.88041419572302,95.35597188634915,96.75337982177734,11808200,0.0,0.0
2025-12-12 00:00:00-05:00,96.70451429802672,98.365772569103,96.07910170001168,98.01397705078125,11810800,0.0,0.0
2025-12-15 00:00:00-05:00,98.54617325319415,99.48246005886712,96.58491034244079,98.8122787475586,16735900,0.85,0.0
2025-12-16 00:00:00-05:00,98.85170702878708,98.89112282623105,95.39238806284422,96.85101318359375,16663600,0.0,0.0
2025-12-17 00:00:00-05:00,96.76231109343924,98.69400838988547,96.64404114985862,97.74787139892578,13180600,0.0,0.0
2025-12-18 00:00:00-05:00,97.83656738902786,99.90625002841301,97.43249157719755,99.23606872558594,14312800,0.0,0.0
2025-12-19 00:00:00-05:00,99.1473723209527,100.72426741869415,98.6644498421007,99.63029479980469,44980200,0.0,0.0
2025-12-22 00:00:00-05:00,99.17693248620952,103.43455277606276,98.95025782293973,103.20787811279297,17136200,0.0,0.0
2025-12-23 00:00:00-05:00,103.05018973851938,103.86820664910292,102.82351506450107,103.52326202392578,13587500,0.0,0.0
2025-12-24 00:00:00-05:00,103.8484957498747,105.40567537271811,103.75979140926114,104.91289520263672,5335000,0.0,0.0
2025-12-26 00:00:00-05:00,104.91289195530771,105.50423415648473,104.49895842986655,105.23812866210938,6280700,0.0,0.0
2025-12-29 00:00:00-05:00,105.30711899943958,106.03643153301142,104.89318546843084,105.0804443359375,8086900,0.0,0.0
2025-12-30 00:00:00-05:00,105.18885744257679,105.33668547685303,104.11459277172168,104.52852630615234,6497900,0.0,0.0
2025-12-31 00:00:00-05:00,104.41026310805307,104.56794884986,103.47397628891915,103.74008178710938,7557300,0.0,0.0
2026-01-02 00:00:00-05:00,104.00618149430184,105.08044617507818,102.9220666239685,104.91289520263672,9992400,0.0,0.0
2026-01-05 00:00:00-05:00,105.46481197198604,106.8741635306679,104.27228488682884,105.88860321044922,15863300,0.0,0.0
2026-01-06 00:00:00-05:00,106.12513914740683,108.57918232181594,106.12513914740683,107.29795837402344,14479000,0.0,0.0
2026-01-07 00:00:00-05:00,107.92870855838349,109.85054810007901,106.39122940579885,107.03184509277344,16322300,0.0,0.0
2026-01-08 00:00:00-05:00,109.01282651997846,111.26976053279331,107.67246389647944,109.38733673095703,20278800,0.0,0.0
2026-01-09 00:00:00-05:00,109.26907727371102,110.85583001787157,108.6284615507942,108.9339828491211,11040800,0.0,0.0
2026-01-12 00:00:00-05:00,109.36763083710042,109.85055329259478,107.2092513119195,107.61333465576172,10671900,0.0,0.0
2026-01-13 00:00:00-05:00,107.47535563814463,107.73159590686699,105.67177845238601,106.69676208496094,9338600,0.0,0.0
2026-01-14 00:00:00-05:00,107.39651465987542,109.62388320017156,106.39123887228854,109.40705871582031,11964600,0.0,0.0
2026-01-15 00:00:00-05:00,109.02268539644022,109.96882240212355,106.88401378563911,109.36763000488281,11775800,0.0,0.0
2026-01-16 00:00:00-05:00,109.12124579754939,109.13110350667216,106.86431163908819,107.25853729248047,14852100,0.0,0.0
2026-01-20 00:00:00-05:00,106.54892826274715,108.0568343700179,105.3859667683768,107.86957550048828,15241100,0.0,0.0
2026-01-21 00:00:00-05:00,107.61334109537512,110.35319776899081,107.15998421952487,109.505615234375,12844400,0.0,0.0
2026-01-22 00:00:00-05:00,109.18037250727937,109.7125759895073,107.02199297144867,107.60347747802734,9362600,0.0,0.0
2026-01-23 00:00:00-05:00,107.5147759384355,107.5147759384355,105.66192517070749,106.617919921875,10489500,0.0,0.0
2026-01-26 00:00:00-05:00,106.24340776915818,106.8544503682814,105.51408770296209,105.84918212890625,9903200,0.0,0.0
2026-01-27 00:00:00-05:00,105.94773790427767,106.78546270014016,105.29726446233323,106.3616714477539,7907100,0.0,0.0
2026-01-28 00:00:00-05:00,105.30712613834945,106.37153316386821,104.49896691954349,105.35640716552734,7491700,0.0,0.0
2026-01-29 00:00:00-05:00,105.78019371269596,108.34264910776955,105.55351152471555,106.77560424804688,13572800,0.0,0.0
2026-01-30 00:00:00-05:00,107.02199271839324,108.94383987509906,106.39123470818386,108.677734375,19060600,0.0,0.0
2026-02-02 00:00:00-05:00,108.529907705249,112.24546689082844,108.36235673228326,111.73297882080078,18000100,0.0,0.0
2026-02-03 00:00:00-05:00,110.0575202221012,116.74947576362598,109.83084555701943,114.16730499267578,25793600,0.0,0.0
2026-02-04 00:00:00-05:00,115.21200914420105,118.65161274168128,114.81778349102984,116.6213607788086,21954600,0.0,0.0
2026-02-05 00:00:00-05:00,116.60164183444715,120.66215315662832,116.60164183444715,118.0208511352539,24010600,0.0,0.0
2026-02-06 00:00:00-05:00,119.01626876539304,120.88883491526408,118.70088975735793,120.16937255859375,13083300,0.0,0.0
2026-02-09 00:00:00-05:00,119.656880742777,120.12008777192425,115.29084827248629,115.951171875,16158700,0.0,0.0
2026-02-10 00:00:00-05:00,115.99060040479665,116.47352287260773,114.42355553279715,115.4583969116211,11849500,0.0,0.0
2026-02-11 00:00:00-05:00,115.34997778967295,117.63647737252214,114.63051546610845,117.58719635009766,10885300,0.0,0.0
2026-02-12 00:00:00-05:00,117.29153670015239,119.85399204822163,116.41438861007363,117.5182113647461,13453300,0.0,0.0
2026-02-13 00:00:00-05:00,119.74558769524047,121.54916501822821,119.28237310766372,119.65689086914062,10102300,0.0,0.0
2026-02-17 00:00:00-05:00,120.59316111949364,121.3027657515742,119.05568942947146,119.81456756591797,9899800,0.0,0.0
2026-02-18 00:00:00-05:00,119.49919118762942,120.05110257170365,118.65160869395619,119.90327453613281,7803400,0.0,0.0
2026-02-19 00:00:00-05:00,119.6470231036845,120.82969246765546,118.76001732109208,120.10037994384766,8933300,0.0,0.0
2026-02-20 00:00:00-05:00,120.86912388333248,120.92825509972563,118.85857981444691,120.49461364746094,9442500,0.0,0.0
2026-02-23 00:00:00-05:00,120.54388337782994,122.39674163853701,119.745581904619,122.0320816040039,9661100,0.0,0.0
2026-02-24 00:00:00-05:00,121.62800722329611,123.03735131484468,120.85926382895761,122.14049530029297,8460300,0.0,0.0
2026-02-25 00:00:00-05:00,122.21934059899417,123.33302108292563,120.49460999368961,120.69171905517578,11082500,0.0,0.0
2026-02-26 00:00:00-05:00,120.63259005566138,120.73114458821415,117.28168331426518,117.57735443115234,10327300,0.0,0.0
2026-02-27 00:00:00-05:00,117.95186237768111,122.20948276685397,117.95186237768111,122.0320816040039,17636400,0.0,0.0
2026-03-02 00:00:00-05:00,121.72656618965699,121.91381755116637,119.29223081697339,119.65689086914062,11564500,0.0,0.0
2026-03-03 00:00:00-05:00,117.94200004011583,119.2232314458865,116.89730852168118,118.09969329833984,9334100,0.0,0.0
2026-03-04 00:00:00-05:00,117.70547283862751,119.12468214802543,116.15814339072014,118.54319763183594,6700900,0.0,0.0
2026-03-05 00:00:00-05:00,117.39009393032391,117.80402747285108,112.79737908851801,114.39398956298828,14516000,0.0,0.0
2026-03-06 00:00:00-05:00,113.49713404630998,114.67980346415247,112.17647926113138,114.11803436279297,12809300,0.0,0.0
2026-03-09 00:00:00-04:00,113.31972745285235,115.56680375063868,112.46228727849561,115.4189682006836,8321600,0.0,0.0
2026-03-10 00:00:00-04:00,115.54709703569812,117.28168541273273,114.98532791894411,115.39926147460938,9739300,0.0,0.0
2026-03-11 00:00:00-04:00,115.0740283622925,115.26127971537672,113.62525344734834,114.53196716308594,6760700,0.0,0.0
2026-03-12 00:00:00-04:00,113.80265627112442,114.91633677392659,112.64955245151127,114.2363052368164,8349200,0.0,0.0
2026-03-13 00:00:00-04:00,115.23170965183071,116.18770435570056,113.8617814223353,113.94062805175781,7111000,0.0,0.0
2026-03-16 00:00:00-04:00,114.51648124163657,115.23134173151435,113.40448276842358,114.60584259033203,8785300,0.85,0.0
2026-03-17 00:00:00-04:00,114.95334799731634,115.96606960145509,113.56334225972854,115.04270935058594,7952200,0.0,0.0
2026-03-18 00:00:00-04:00,114.2384867493478,114.73491682571371,112.54069679716702,113.68248748779297,6736300,0.0,0.0
2026-03-19 00:00:00-04:00,113.84135063967476,114.93349531084145,112.9378442497145,113.38462829589844,8383800,0.0,0.0
2026-03-20 00:00:00-04:00,113.43426888744546,114.35762910348673,111.91519411345661,113.3647689819336,36355400,0.0,0.0
2026-03-23 00:00:00-04:00,115.34055664274894,115.6384177043799,113.95055098000685,114.85405731201172,9096400,0.0,0.0
2026-03-24 00:00:00-04:00,113.88105658059976,115.70792320206517,113.20591137319848,115.53913879394531,7411900,0.0,0.0
2026-03-25 00:00:00-04:00,116.46249530518288,119.2623605453753,115.9660652443337,118.51771545410156,10220300,0.0,0.0
2026-03-26 00:00:00-04:00,118.11064091534625,119.20278555038522,117.8028566970419,118.08085632324219,6497200,0.0,0.0
2026-03-27 00:00:00-04:00,118.43828720586941,120.20557704601073,117.75321128415914,118.7758560180664,8345800,0.0,0.0
2026-03-30 00:00:00-04:00,119.70914832116357,120.77150838167215,116.38306832423837,117.25678253173828,11084000,0.0,0.0
2026-03-31 00:00:00-04:00,118.18013884248576,120.4041433897596,117.92199309037134,119.43114471435547,10713300,0.0,0.0
2026-04-01 00:00:00-04:00,120.01693394349559,121.3175859097826,119.41128863722896,119.97721862792969,6351700,0.0,0.0
2026-04-02 00:00:00-04:00,119.51058132882778,120.78144113379113,118.36879061892661,120.00701141357422,6387900,0.0,0.0
2026-04-06 00:00:00-04:00,119.55029116660226,120.61265119628362,119.1829301937511,119.98714447021484,4890200,0.0,0.0
2026-04-07 00:00:00-04:00,118.7063519739413,118.7063519739413,115.6682024703683,118.42835235595703,11376400,0.0,0.0
2026-04-08 00:00:00-04:00,118.74607304757502,122.74729826106507,117.09792912889351,122.3005142211914,9256900,0.0,0.0
2026-04-09 00:00:00-04:00,122.02251522510208,123.11465988653049,120.4835789465517,121.80408477783203,8666300,0.0,0.0
2026-04-10 00:00:00-04:00,122.08208323904753,122.13172927655856,120.08643221486874,120.5530776977539,9707000,0.0,0.0
2026-04-13 00:00:00-04:00,120.16585895286461,120.43393542686654,118.20992330706109,119.29214477539062,6357300,0.0,0.0
2026-04-14 00:00:00-04:00,118.18014014169076,119.50064593346337,117.30642595367274,119.10350036621094,12449400,0.0,0.0
2026-04-15 00:00:00-04:00,118.94464806543633,119.39143209945728,115.80720638012433,117.05821228027344,7689400,0.0,0.0
2026-04-16 00:00:00-04:00,116.29370231743515,117.00856281083617,113.89098266177622,114.63562774658203,11399900,0.0,0.0
2026-04-17 00:00:00-04:00,114.73491505880799,118.34892535310267,114.73491505880799,118.21985626220703,16194900,0.0,0.0
2026-04-20 00:00:00-04:00,118.29929001041107,118.50778973578083,115.9164241027366,116.26392364501953,7392000,0.0,0.0
2026-04-21 00:00:00-04:00,115.65827296208042,115.69798827576946,111.11097938104838,111.75633239746094,12769500,0.0,0.0
2026-04-22 00:00:00-04:00,111.80597712794946,112.69955273821624,110.74361711766603,112.08397674560547,8037500,0.0,0.0
2026-04-23 00:00:00-04:00,112.56055297989926,114.19876609538179,112.2924765092382,113.80162811279297,6826300,0.0,0.0
2026-04-24 00:00:00-04:00,112.92791035466358,113.21584070464185,110.70390575904736,111.1010513305664,7060000,0.0,0.0
2026-04-27 00:00:00-04:00,110.42590733493114,111.94498215574443,109.35361655261993,109.44297790527344,9133600,0.0,0.0
2026-04-28 00:00:00-04:00,110.72375951247204,111.11098193611417,108.92668508251728,109.24440002441406,7157600,0.0,0.0
2026-04-29 00:00:00-04:00,107.77497101332884,110.43583648625113,107.12961040862378,110.15782928466797,9769900,0.0,0.0
2026-04-30 00:00:00-04:00,108.55932059730206,111.43861642613733,107.85439082945325,108.40046691894531,17131200,0.0,0.0
2026-05-01 00:00:00-04:00,111.52798393366345,113.72220398501874,111.08119231533671,111.35919952392578,11953700,0.0,0.0
2026-05-04 00:00:00-04:00,110.61455468882706,113.80163491150948,109.95926334354859,112.30241394042969,7659100,0.0,0.0
2026-05-05 00:00:00-04:00,112.85840887228717,113.25555443826215,112.02441000116919,112.34212493896484,7910400,0.0,0.0
2026-05-06 00:00:00-04:00,112.34212257942326,113.67255148633632,111.93504629974535,112.74919128417969,7256100,0.0,0.0
2026-05-07 00:00:00-04:00,112.6995593525094,112.93784367092486,110.30676272096949,111.49819946289062,7329000,0.0,0.0
2026-05-08 00:00:00-04:00,111.57762273934215,112.20312949193516,110.38619356999095,110.58476257324219,5725100,0.0,0.0
2026-05-11 00:00:00-04:00,111.34926466958817,112.86833945070408,110.21740473170094,110.4854736328125,7750600,0.0,0.0
2026-05-12 00:00:00-04:00,110.70390457696445,112.87827068724926,110.59468935658985,111.56769561767578,9117400,0.0,0.0
2026-05-13 00:00:00-04:00,111.44854739888412,113.2555524969204,111.24004768467857,112.63997650146484,8110500,0.0,0.0
2026-05-14 00:00:00-04:00,112.81869600216656,113.08677248434866,111.7662666682177,112.60027313232422,5284200,0.0,0.0
2026-05-15 00:00:00-04:00,113.08677443377037,113.11655902676586,110.1479092511051,110.58476257324219,10028900,0.0,0.0
2026-05-18 00:00:00-04:00,110.63440319170151,112.08397805420431,110.17768844665993,111.75633239746094,8047200,0.0,0.0
2026-05-19 00:00:00-04:00,111.75633397062185,114.27819961346351,111.3294038111069,113.4243392944336,7555400,0.0,0.0
2026-05-20 00:00:00-04:00,113.81155850708873,114.1292734583438,112.09391465574551,112.19319915771484,9130600,0.0,0.0
2026-05-21 00:00:00-04:00,111.98469343970913,115.15191963505553,111.28968681326403,115.05262756347656,7402700,0.0,0.0
2026-05-22 00:00:00-04:00,119.68929031577404,121.78422577181381,119.22264484808915,121.5360107421875,14749200,0.0,0.0
2026-05-26 00:00:00-04:00,122.02251471602898,122.25086831000635,118.55743489175369,118.86521911621094,10008700,0.0,0.0
2026-05-27 00:00:00-04:00,118.96450080635545,121.52608176690157,118.92478549205376,119.38150024414062,7162300,0.0,0.0
2026-05-28 00:00:00-04:00,119.40136519832296,120.63250967817561,118.50778953757433,119.03400421142578,9258900,0.0,0.0
2026-05-29 00:00:00-04:00,118.79572048773063,119.80843452502992,117.34614555300868,117.87236022949219,16596000,0.0,0.0
2026-06-01 00:00:00-04:00,116.71071403893946,117.11778276279318,113.54348772624803,114.34770202636719,9406700,0.0,0.0
2026-06-02 00:00:00-04:00,113.6824890785532,115.94620904647051,113.6824890785532,114.82427978515625,8311500,0.0,0.0
2026-06-03 00:00:00-04:00,114.62570286198597,116.49228481757457,113.88105773925781,113.88105773925781,8225100,0.0,0.0
2026-06-04 00:00:00-04:00,116.32349471640346,119.68928990046348,116.25398723642459,119.40135955810547,15933900,0.0,0.0
2026-06-05 00:00:00-04:00,120.07650468989684,122.57850884585251,119.50064400541795,119.92757415771484,15967200,0.0,0.0
2026-06-08 00:00:00-04:00,119.98714704660472,121.7246523009099,117.84257307167879,118.66664123535156,12312200,0.0,0.0
2026-06-09 00:00:00-04:00,119.17300102369308,119.63964650003754,117.15749615771311,118.7460708618164,9669100,0.0,0.0
2026-06-10 00:00:00-04:00,118.92478385292615,119.18292960486828,116.42277968577825,118.23970794677734,10302100,0.0,0.0
2026-06-11 00:00:00-04:00,119.18292851029597,121.83386318594597,119.09356716143911,119.89778900146484,13180300,0.0,0.0
2026-06-12 00:00:00-04:00,120.63250892937135,121.02965450667465,117.98157413137382,118.20000457763672,10926900,0.0,0.0
2026-06-15 00:00:00-04:00,118.70999908447266,118.94999694824219,114.87000274658203,114.9000015258789,15395700,0.85,0.0
2026-06-16 00:00:00-04:00,115.87999725341797,115.9000015258789,113.56999969482422,115.16999816894531,10665400,0.0,0.0
2026-06-17 00:00:00-04:00,114.86000061035156,115.98999786376953,114.0199966430664,115.44000244140625,10459900,0.0,0.0
2026-06-18 00:00:00-04:00,114.63999938964844,114.94000244140625,111.56999969482422,113.87000274658203,29521600,0.0,0.0
2026-06-22 00:00:00-04:00,113.97000122070312,115.62999725341797,113.0,115.4800033569336,10521200,0.0,0.0
2026-06-23 00:00:00-04:00,116.52999877929688,119.80000305175781,116.52999877929688,119.5999984741211,10469300,0.0,0.0
2026-06-24 00:00:00-04:00,120.9000015258789,121.80999755859375,119.51000213623047,120.5999984741211,10478100,0.0,0.0
2026-06-25 00:00:00-04:00,121.62999725341797,125.95999908447266,121.0,125.44999694824219,14043800,0.0,0.0
2026-06-26 00:00:00-04:00,125.83000183105469,128.77999877929688,125.83000183105469,128.66000366210938,18891500,0.0,0.0
2026-06-29 00:00:00-04:00,127.6500015258789,129.97000122070312,126.73999786376953,129.3800048828125,9584600,0.0,0.0
2026-06-30 00:00:00-04:00,129.22000122070312,130.2899932861328,126.68000030517578,128.5,11837200,0.0,0.0
2026-07-01 00:00:00-04:00,128.00999450683594,128.4199981689453,124.70999908447266,125.37000274658203,10761500,0.0,0.0
2026-07-02 00:00:00-04:00,126.18000030517578,129.61000061035156,125.98999786376953,129.55999755859375,7832200,0.0,0.0
2026-07-06 00:00:00-04:00,129.30999755859375,130.0,125.62000274658203,126.77999877929688,9499300,0.0,0.0
2026-07-07 00:00:00-04:00,128.77000427246094,129.69000244140625,127.88999938964844,128.86000061035156,10174300,0.0,0.0
2026-07-08 00:00:00-04:00,128.33999633789062,128.99000549316406,125.13999938964844,125.98999786376953,7910200,0.0,0.0
2026-07-09 00:00:00-04:00,125.4800033569336,128.07000732421875,124.44999694824219,125.06999969482422,6975500,0.0,0.0
2026-07-10 00:00:00-04:00,125.12000274658203,125.55999755859375,122.9000015258789,123.54000091552734,8388400,0.0,0.0
2026-07-13 00:00:00-04:00,123.58000183105469,124.73999786376953,122.44000244140625,124.02999877929688,5225800,0.0,0.0
2026-07-14 00:00:00-04:00,123.30000305175781,123.66000366210938,120.16000366210938,120.77999877929688,9932900,0.0,0.0
2026-07-15 00:00:00-04:00,124.25,124.9000015258789,122.75,123.61000061035156,9053800,0.0,0.0
2026-07-16 00:00:00-04:00,124.33000183105469,128.92999267578125,124.0,127.62999725341797,13038800,0.0,0.0
2026-07-17 00:00:00-04:00,128.4499969482422,131.74000549316406,127.02999877929688,127.5,13472700,0.0,0.0
2026-07-20 00:00:00-04:00,127.29000091552734,127.88999938964844,124.22000122070312,124.4000015258789,7729000,0.0,0.0
2026-07-21 00:00:00-04:00,124.80000305175781,126.7699966430664,124.0999984741211,126.26000213623047,7344800,0.0,0.0
2026-07-22 00:00:00-04:00,127.31999969482422,128.8300018310547,126.62000274658203,127.47000122070312,7792400,0.0,0.0
2026-07-23 00:00:00-04:00,127.81999969482422,131.0399932861328,127.81999969482422,130.47999572753906,8531300,0.0,0.0
2026-07-24 00:00:00-04:00,131.44000244140625,131.7100067138672,130.24000549316406,131.07000732421875,6154400,0.0,0.0
2026-07-27 00:00:00-04:00,131.00999450683594,132.52999877929688,130.4499969482422,130.75999450683594,6909800,0.0,0.0
2026-07-28 00:00:00-04:00,132.8800048828125,135.0500030517578,131.13999938964844,131.82000732421875,10260200,0.0,0.0
2026-07-29 00:00:00-04:00,132.3699951171875,132.69000244140625,129.64999389648438,130.36000061035156,7537700,0.0,0.0
2026-07-30 00:00:00-04:00,128.1999969482422,130.2100067138672,127.25,129.7899932861328,7832900,0.0,0.0
2026-07-31 00:00:00-04:00,128.9199981689453,131.0399932861328,128.13999938964844,130.1999969482422,7738800,0.0,0.0
2026-08-03 00:00:00-04:00,129.8699951171875,131.47000122070312,126.72000122070312,127.7699966430664,11153800,0.0,0.0
2026-08-04 00:00:00-04:00,128.4600067138672,129.99000549316406,126.22000122070312,128.0,11816900,0.0,0.0
2026-08-05 00:00:00-04:00,129.41000366210938,131.08999633789062,127.55999755859375,128.3300018310547,10501900,0.0,0.0
2026-08-06 00:00:00-04:00,130.9600067138672,131.0800018310547,127.80000305175781,128.3699951171875,7051700,0.0,0.0
2026-08-07 00:00:00-04:00,127.83999633789062,128.75,126.68000030517578,128.5800018310547,7347500,0.0,0.0
2026-08-10 00:00:00-04:00,128.2899932861328,130.97999572753906,128.24000549316406,130.9199981689453,6007600,0.0,0.0
2026-08-11 00:00:00-04:00,129.92999267578125,132.83999633789062,129.6999969482422,130.4199981689453,6342200,0.0,0.0
2026-08-12 00:00:00-04:00,130.25,134.05999755859375,128.91000366210938,132.9199981689453,10447100,0.0,0.0
2026-08-13 00:00:00-04:00,133.86000061035156,135.67999267578125,133.05999755859375,135.5500030517578,8895200,0.0,0.0
2026-08-14 00:00:00-04:00,134.42999267578125,135.97000122070312,133.39999389648438,135.83999633789062,6869000,0.0,0.0
2026-08-17 00:00:00-04:00,134.9499969482422,137.1699981689453,134.5500030517578,135.97000122070312,8477300,0.0,0.0
2026-08-18 00:00:00-04:00,137.24000549316406,137.97999572753906,134.8800048828125,135.1699981689453,10284200,0.0,0.0
2026-08-19 00:00:00-04:00,146.94000244140625,153.5,144.89999389648438,152.1999969482422,32776300,0.0,0.0
2026-08-20 00:00:00-04:00,150.77999877929688,152.52000427246094,148.52000427246094,148.99000549316406,16204700,0.0,0.0
2026-08-21 00:00:00-04:00,149.1199951171875,154.49000549316406,148.58999633789062,152.5500030517578,15976200,0.0,0.0
2026-08-24 00:00:00-04:00,150.72000122070312,151.52000427246094,149.13999938964844,150.66000366210938,15032000,0.0,0.0
2026-08-25 00:00:00-04:00,151.0,156.9199981689453,150.66000366210938,156.4499969482422,14005100,0.0,0.0
2026-08-26 00:00:00-04:00,154.35000610351562,155.19000244140625,152.61000061035156,153.10000610351562,8627600,0.0,0.0
2026-08-27 00:00:00-04:00,149.52999877929688,152.0800018310547,149.02000427246094,149.5399932861328,8522600,0.0,0.0
2026-08-28 00:00:00-04:00,146.72000122070312,149.00999450683594,145.75,148.35000610351562,8067000,0.0,0.0
2026-08-31 00:00:00-04:00,147.0,148.69000244140625,145.9499969482422,147.75999450683594,11124700,0.0,0.0
2026-09-01 00:00:00-04:00,150.22999572753906,151.67999267578125,148.5500030517578,149.86000061035156,9865600,0.0,0.0
2026-09-02 00:00:00-04:00,151.5,152.69000244140625,149.97000122070312,151.63999938964844,8969200,0.0,0.0
2026-09-03 00:00:00-04:00,152.8000030517578,152.8000030517578,148.89999389648438,152.33999633789062,6498300,0.0,0.0
2026-09-04 00:00:00-04:00,150.8300018310547,152.22000122070312,150.08999633789062,150.3300018310547,4395400,0.0,0.0
