Date,Open,High,Low,Close,Volume,Dividends,Stock Splits
2021-01-04 00:00:00-05:00,212.18027520947413,212.62841698318834,204.81932615715849,207.5653839111328,37130100,0.0,0.0
2021-01-05 00:00:00-05:00,207.15537629858184,208.35678384593277,205.66793319149298,207.76560974121094,23823000,0.0,0.0
2021-01-06 00:00:00-05:00,202.30212170745105,206.42120854830253,202.0828229184312,202.37840270996094,35930700,0.0,0.0
2021-01-07 00:00:00-05:00,204.0851461523831,209.1386498496108,203.77050701978357,208.13748168945312,27694500,0.0,0.0
2021-01-08 00:00:00-05:00,208.50934079732144,210.32098186986488,206.93608695061204,209.40562438964844,22956200,0.0,0.0
2021-01-11 00:00:00-05:00,208.3090962965024,208.728634495914,206.65001738495062,207.3746795654297,23031300,0.0,0.0
2021-01-12 00:00:00-05:00,206.43073369979606,207.00283393154243,203.39864029923487,204.93374633789062,23249300,0.0,0.0
2021-01-13 00:00:00-05:00,204.06609203445853,206.6786473478846,203.98026681062188,206.27818298339844,20087100,0.0,0.0
2021-01-14 00:00:00-05:00,205.8681976332636,207.34611125087815,202.8456336090287,203.11260986328125,29480800,0.0,0.0
2021-01-15 00:00:00-05:00,203.58932764260769,204.5332740745868,202.1686213365607,202.75978088378906,31746500,0.0,0.0
2021-01-19 00:00:00-05:00,203.80864277429654,206.88841374691182,202.740737816412,206.37353515625,30480900,0.0,0.0
2021-01-20 00:00:00-05:00,207.57490501983722,215.28864064220252,207.1839703739338,213.9060821533203,37777300,0.0,0.0
2021-01-21 00:00:00-05:00,214.2493283744459,215.7749191075521,212.075371036692,214.50677490234375,30709400,0.0,0.0
2021-01-22 00:00:00-05:00,216.51861096279615,219.3695526174147,215.29814436295163,215.441162109375,30172700,0.0,0.0
2021-01-25 00:00:00-05:00,218.46374069262419,219.0930479201383,213.79164301974544,218.85467529296875,33152100,0.0,0.0
2021-01-26 00:00:00-05:00,221.07636380300931,223.28845475671793,219.3791514478603,221.52450561523438,49169600,0.0,0.0
2021-01-27 00:00:00-05:00,226.93080188116176,229.25732167368406,219.4363638925336,222.0679931640625,69870600,0.0,0.0
2021-01-28 00:00:00-05:00,224.65189352379872,231.35493046258668,224.15607439835333,227.81747436523438,49111200,0.0,0.0
2021-01-29 00:00:00-05:00,225.014257951401,226.949842757254,220.59006203100665,221.17169189453125,42503100,0.0,0.0
2021-02-01 00:00:00-05:00,224.1274947645994,231.22146705062914,221.61980986829332,228.50401306152344,33314200,0.0,0.0
2021-02-02 00:00:00-05:00,230.07728550233475,231.04030577405533,227.58867444558177,228.3705291748047,25916300,0.0,0.0
2021-02-03 00:00:00-05:00,228.42774595379248,233.691003496613,228.13215165180748,231.69821166992188,27158100,0.0,0.0
2021-02-04 00:00:00-05:00,231.37405012765626,231.9270764637122,229.19054833968426,230.7542724609375,25296100,0.0,0.0
2021-02-05 00:00:00-05:00,230.96401309862384,231.9651810913466,229.23819752167216,230.93540954589844,18054800,0.0,0.0
2021-02-08 00:00:00-05:00,231.84122242822716,232.3465712580115,229.61005802324223,231.19285583496094,22211900,0.0,0.0
2021-02-09 00:00:00-05:00,230.62079300643464,233.37638057200232,230.1535918707079,232.43243408203125,23565000,0.0,0.0
2021-02-10 00:00:00-05:00,233.6051986080707,234.48240822021572,229.68635163313002,231.52659606933594,22186700,0.0,0.0
2021-02-11 00:00:00-05:00,233.39541760335146,233.74820445406567,230.88773278031027,233.11891174316406,15751100,0.0,0.0
2021-02-12 00:00:00-05:00,232.58494513457302,233.89123709414287,231.44075937329384,233.5956573486328,16561100,0.0,0.0
2021-02-16 00:00:00-05:00,233.63379055190723,234.68263598664956,231.6219248900733,232.3656463623047,26728500,0.0,0.0
2021-02-17 00:00:00-05:00,230.6263097281633,233.48380348312867,230.26314413417265,233.37867736816406,21653500,0.56,0.0
2021-02-18 00:00:00-05:00,231.0850549171446,233.12065774190984,230.1867070550558,232.9868621826172,16925600,0.0,0.0
2021-02-19 00:00:00-05:00,232.94861675471643,233.05374286763362,229.53680847582015,230.29180908203125,25262600,0.0,0.0
2021-02-22 00:00:00-05:00,226.89913962744436,227.38653460557697,222.10158820325069,224.1180877685547,36446900,0.0,0.0
2021-02-23 00:00:00-05:00,220.12330808748274,224.4238980172316,218.59420361274584,222.9330291748047,30228700,0.0,0.0
2021-02-24 00:00:00-05:00,219.81750035690945,224.77751683776836,218.85226200566777,224.1563262939453,26339700,0.0,0.0
2021-02-25 00:00:00-05:00,221.795750007288,224.19451814657435,217.78186916527636,218.84268188476562,39542200,0.0,0.0
2021-02-26 00:00:00-05:00,221.27013424972316,224.93996757449008,219.36831252056643,222.0824737548828,37819200,0.0,0.0
2021-03-01 00:00:00-05:00,225.44652245437769,226.94695781101586,222.8183836125361,226.44044494628906,25324000,0.0,0.0
2021-03-02 00:00:00-05:00,226.50729480119938,226.78445210469692,223.10505255325617,223.50643920898438,22812500,0.0,0.0
2021-03-03 00:00:00-05:00,221.87223909617876,223.22931252952912,217.18936527759203,217.47607421875,34029500,0.0,0.0
2021-03-04 00:00:00-05:00,216.69241226941966,222.18761091263715,214.32229870294404,216.68284606933594,44727800,0.0,0.0
2021-03-05 00:00:00-05:00,219.34922125325087,222.93304647278703,216.4248222073289,221.33705139160156,41872800,0.0,0.0
2021-03-08 00:00:00-05:00,221.11721209862156,223.0285853688386,217.06511009863868,217.31358337402344,35267400,0.0,0.0
2021-03-09 00:00:00-05:00,222.5603436572341,224.9495606251016,221.40395622843207,223.4204559326172,33080500,0.0,0.0
2021-03-10 00:00:00-05:00,226.49774377773664,226.49774377773664,221.75753141565502,222.12069702148438,29746800,0.0,0.0
2021-03-11 00:00:00-05:00,224.54814049035522,228.57157309890684,223.92693542163005,226.62197875976562,29907600,0.0,0.0
2021-03-12 00:00:00-05:00,223.64023105792842,225.37003616967326,222.89479662640136,225.30313110351562,22653700,0.0,0.0
2021-03-15 00:00:00-04:00,224.5481774437209,224.7679813250752,221.53775526745213,224.40481567382812,26034900,0.0,0.0
2021-03-16 00:00:00-04:00,225.8096756026788,229.42217053471424,225.48474559099003,227.1763153076172,28092200,0.0,0.0
2021-03-17 00:00:00-04:00,225.6853891995927,227.9790458343157,222.89478602257378,226.53594970703125,29562100,0.0,0.0
2021-03-18 00:00:00-04:00,222.2545388535398,223.81231313700073,220.1233611906888,220.49607849121094,34833000,0.0,0.0
2021-03-19 00:00:00-04:00,220.78273384233583,222.1684765675346,219.18673888764525,220.14242553710938,46430700,0.0,0.0
2021-03-22 00:00:00-04:00,220.06598722171685,226.40218032029384,219.94174328047853,225.5325164794922,30127000,0.0,0.0
2021-03-23 00:00:00-04:00,226.9660546794086,230.36829722374003,226.56466798871335,227.05206298828125,31638400,0.0,0.0
2021-03-24 00:00:00-04:00,227.31010706233886,227.453454246672,224.89222066909963,225.02601623535156,25620100,0.0,0.0
2021-03-25 00:00:00-04:00,224.87307416129178,226.4403997014099,221.30836700029914,222.0442352294922,34061900,0.0,0.0
2021-03-26 00:00:00-04:00,221.28924994482534,226.2205966304287,221.28924994482534,226.0007781982422,25479900,0.0,0.0
2021-03-29 00:00:00-04:00,226.10596448849742,226.30666515768456,221.60468726981873,224.8157958984375,25227500,0.0,0.0
2021-03-30 00:00:00-04:00,223.1815048432536,223.48733157452293,220.85919325598945,221.57595825195312,24792000,0.0,0.0
2021-03-31 00:00:00-04:00,222.5890009792201,228.50470420290134,222.09203979381766,225.322265625,43623500,0.0,0.0
2021-04-01 00:00:00-04:00,227.9026180384794,232.07896442554832,227.50123135762215,231.61068725585938,30338000,0.0,0.0
2021-04-05 00:00:00-04:00,232.0024876345528,238.8834432319684,231.94514876834452,238.0328826904297,36910600,0.0,0.0
2021-04-06 00:00:00-04:00,236.63757369710436,238.3482463965933,235.93992652070483,236.87649536132812,22931900,0.0,0.0
2021-04-07 00:00:00-04:00,236.82868365664768,239.81042105182266,236.23616265699613,238.82606506347656,22719800,0.0,0.0
2021-04-08 00:00:00-04:00,241.56893863766072,242.87822479030498,240.8330557729979,242.0276641845703,23625200,0.0,0.0
2021-04-09 00:00:00-04:00,241.66450935083208,244.646261995429,241.25357103856228,244.51246643066406,24326800,0.0,0.0
2021-04-12 00:00:00-04:00,243.42298773302826,246.25182703657708,243.33696483947543,244.56980895996094,27148700,0.0,0.0
2021-04-13 00:00:00-04:00,245.85997018976445,247.70443852421852,245.44900274248587,247.0354461669922,23837500,0.0,0.0
2021-04-14 00:00:00-04:00,246.07025440967453,247.36040829232343,243.85305397413032,244.2639923095703,23070900,0.0,0.0
2021-04-15 00:00:00-04:00,246.50028193242102,248.41165547510374,246.30916207730016,248.00071716308594,25627500,0.0,0.0
2021-04-16 00:00:00-04:00,247.97204879271342,249.43424839254266,246.1849191890606,249.18576049804688,24878600,0.0,0.0
2021-04-19 00:00:00-04:00,248.66011032775415,249.89295426523887,246.39513764707326,247.27435302734375,23209300,0.0,0.0
2021-04-20 00:00:00-04:00,246.39513885175572,248.6696777428783,245.45855543622233,246.81564331054688,19722900,0.0,0.0
2021-04-21 00:00:00-04:00,247.46549550693396,249.12838089145183,245.8503827872793,249.03280639648438,24030400,0.0,0.0
2021-04-22 00:00:00-04:00,248.67923824586626,250.17967342609856,244.31175743059978,245.7739715576172,25606200,0.0,0.0
2021-04-23 00:00:00-04:00,246.45247560871377,249.9216227814362,245.86949159186986,249.5775604248047,21462600,0.0,0.0
2021-04-26 00:00:00-04:00,250.06496430244533,250.8103986988795,248.64100057258497,249.95982360839844,19763300,0.0,0.0
2021-04-27 00:00:00-04:00,249.98855048214975,251.52722145867926,248.59325586365082,250.3612823486328,31014200,0.0,0.0
2021-04-28 00:00:00-04:00,244.73223532354257,245.1718722009615,241.74094589292326,243.27960205078125,46903100,0.0,0.0
2021-04-29 00:00:00-04:00,244.13976820979863,244.75140720821997,237.96602476539408,241.3204803466797,40589000,0.0,0.0
2021-04-30 00:00:00-04:00,238.67323283285344,241.86522332728813,238.53943726071017,241.00509643554688,30945100,0.0,0.0
2021-05-03 00:00:00-04:00,242.1710003473486,243.0789143649509,239.99203587034623,240.69924926757812,19626600,0.0,0.0
2021-05-04 00:00:00-04:00,239.84869211716045,240.07806217476235,234.86955799688863,236.80960083007812,32756100,0.0,0.0
2021-05-05 00:00:00-04:00,238.0233052697771,238.44380971230865,234.9268899795364,235.54808044433594,21901300,0.0,0.0
2021-05-06 00:00:00-04:00,235.52898404785154,238.787879191213,233.84698070738517,238.66363525390625,26491100,0.0,0.0
2021-05-07 00:00:00-04:00,240.97639942940194,243.03113461686635,240.03983053154383,241.27267456054688,27032900,0.0,0.0
2021-05-10 00:00:00-04:00,239.75314064553547,240.57503186928486,236.1693151784812,236.22665405273438,29299900,0.0,0.0
2021-05-11 00:00:00-04:00,233.71317897375303,235.67233957139493,231.82092344292948,235.3187255859375,33641600,0.0,0.0
2021-05-12 00:00:00-04:00,231.43864370631172,233.5507177051827,227.52033703130473,228.40911865234375,36684400,0.0,0.0
2021-05-13 00:00:00-04:00,231.0849925072958,234.7166040278101,230.72182698045887,232.26048278808594,29624300,0.0,0.0
2021-05-14 00:00:00-04:00,234.69754869490393,238.1380121702755,234.61154038910965,237.15365600585938,23901100,0.0,0.0
2021-05-17 00:00:00-04:00,235.6245472128188,235.66276826258542,232.728817820849,234.31524658203125,24970200,0.0,0.0
2021-05-18 00:00:00-04:00,235.35696192329095,235.4907574747066,232.13628790705022,232.30831909179688,20168000,0.0,0.0
2021-05-19 00:00:00-04:00,229.23349986422667,232.98844077307308,228.5534036384875,232.88307189941406,25739800,0.56,0.0
2021-05-20 00:00:00-04:00,233.68771184739012,237.50969767500212,233.59191664793866,236.10159301757812,21800700,0.0,0.0
2021-05-21 00:00:00-04:00,237.14566300838825,237.87365669047557,234.43482308155694,234.84671020507812,21863100,0.0,0.0
2021-05-24 00:00:00-04:00,237.35639824386888,240.58450892855902,237.08818926220172,240.2205047607422,21411500,0.0,0.0
2021-05-25 00:00:00-04:00,241.16883875801892,242.10757024941074,240.258842900914,241.12094116210938,17704300,0.0,0.0
2021-05-26 00:00:00-04:00,240.84314887956268,242.28957737809495,240.19178833380082,240.900634765625,17771600,0.0,0.0
2021-05-27 00:00:00-04:00,240.59409080987143,240.89103543425676,238.75493718013217,238.81240844726562,24426200,0.0,0.0
2021-05-28 00:00:00-04:00,240.4312813618604,241.46580815115777,239.05191230946394,239.16685485839844,18270200,0.0,0.0
2021-06-01 00:00:00-04:00,240.65156753252833,240.70903880096463,236.56137302167372,236.9828338623047,23213300,0.0,0.0
2021-06-02 00:00:00-04:00,237.68212307529706,238.77412110013952,235.48853873601223,236.88706970214844,19406700,0.0,0.0
2021-06-03 00:00:00-04:00,234.89467106098934,235.96750722171058,232.76814608791946,235.36404418945312,25307700,0.0,0.0
2021-06-04 00:00:00-04:00,237.32771657512865,241.0539221494448,237.088243171596,240.23013305664062,25281100,0.0,0.0
2021-06-07 00:00:00-04:00,239.45420630763013,243.39114906663502,239.2913661711621,243.12294006347656,23079200,0.0,0.0
2021-06-08 00:00:00-04:00,244.41605978678348,245.23027494446595,241.8776337527858,241.93511962890625,22455000,0.0,0.0
2021-06-09 00:00:00-04:00,243.1229386598986,244.7705165933857,242.54821134914607,242.91220092773438,17937600,0.0,0.0
2021-06-10 00:00:00-04:00,243.58274055491657,246.6192613065488,242.98885124050196,246.4085235595703,24563600,0.0,0.0
2021-06-11 00:00:00-04:00,247.12693967190552,247.60588643152087,245.80504193815267,247.0311737060547,18999700,0.0,0.0
2021-06-14 00:00:00-04:00,247.04073247004933,249.0044317216972,245.98704375362735,248.94696044921875,19150500,0.0,0.0
2021-06-15 00:00:00-04:00,248.8319564356378,249.04269415162125,246.82996275008827,247.4813232421875,18038900,0.0,0.0
2021-06-16 00:00:00-04:00,248.4775520192582,249.6078592604981,243.70724678964794,246.54261779785156,27220000,0.0,0.0
2021-06-17 00:00:00-04:00,245.28783056678435,250.7286594074443,245.2303592871896,249.91444396972656,27565500,0.0,0.0
2021-06-18 00:00:00-04:00,248.6979380831831,251.25549781043,247.85498697682934,248.50634765625,37202200,0.0,0.0
2021-06-21 00:00:00-04:00,248.87991563157925,252.42410431894385,247.0599236858956,251.57159423828125,26696100,0.0,0.0
2021-06-22 00:00:00-04:00,251.65774581795188,254.5984854619368,251.35121292558,254.3302764892578,24694100,0.0,0.0
2021-06-23 00:00:00-04:00,254.7900720336447,255.5946990320162,253.29576057487068,254.1003875732422,19518700,0.0,0.0
2021-06-24 00:00:00-04:00,254.95302605606392,256.5718689721681,254.29207697279776,255.46070861816406,21446900,0.0,0.0
2021-06-25 00:00:00-04:00,255.02001893731307,255.99705986751763,253.61191420204025,253.86094665527344,25611100,0.0,0.0
2021-06-28 00:00:00-04:00,254.98162143739555,257.577504111274,254.71341248104557,257.40509033203125,19590000,0.0,0.0
2021-06-29 00:00:00-04:00,257.5488206535005,260.2117634140492,256.6963106394944,259.9722900390625,19937800,0.0,0.0
2021-06-30 00:00:00-04:00,259.29219771509827,259.9339699994056,258.2480972924599,259.49334716796875,21656500,0.0,0.0
2021-07-01 00:00:00-04:00,258.25768175305313,260.39379502371696,258.24812269513154,260.1639099121094,16725300,0.0,0.0
2021-07-02 00:00:00-04:00,261.33249401548636,266.2943749941608,261.02596110039144,265.9591064453125,26458000,0.0,0.0
2021-07-06 00:00:00-04:00,266.32313540922155,267.6067092239565,262.75018203961656,265.9687194824219,31565600,0.0,0.0
2021-07-07 00:00:00-04:00,267.63550596204914,268.8711970757127,265.48024504018343,268.1431884765625,23260000,0.0,0.0
2021-07-08 00:00:00-04:00,265.24061585092875,266.99357674160086,263.29609386369236,265.7387390136719,24618600,0.0,0.0
2021-07-09 00:00:00-04:00,264.1103227820157,266.3422011475836,263.72717133618806,266.2368469238281,23916700,0.0,0.0
2021-07-12 00:00:00-04:00,267.4055564436705,267.9898574546222,264.93417481129705,265.6430358886719,18931700,0.0,0.0
2021-07-13 00:00:00-04:00,265.8346836537151,270.9402741085983,265.7101820119127,269.1490173339844,26120100,0.0,0.0
2021-07-14 00:00:00-04:00,270.4612964858512,271.7161349148636,268.7370702579605,270.61456298828125,23113700,0.0,0.0
2021-07-15 00:00:00-04:00,270.1260575899703,270.6145927932351,268.04741513553347,269.1968994140625,22604200,0.0,0.0
2021-07-16 00:00:00-04:00,270.19301525007796,272.1375378043733,267.69289811879054,268.9285888671875,26186800,0.0,0.0
2021-07-19 00:00:00-04:00,267.18520835778435,268.56457724046334,262.89386448508327,265.3460693359375,32935600,0.0,0.0
2021-07-20 00:00:00-04:00,266.32308625199624,269.13929503242093,264.6276255505508,267.55877685546875,26259700,0.0,0.0
2021-07-21 00:00:00-04:00,267.1564446467367,269.66612050122745,265.6142504127117,269.5511779785156,24364300,0.0,0.0
2021-07-22 00:00:00-04:00,271.8884415525597,274.35982273487036,271.4861427208434,274.09161376953125,23384100,0.0,0.0
2021-07-23 00:00:00-04:00,275.2697893251932,277.7794650609885,274.4364268423616,277.47296142578125,22768100,0.0,0.0
2021-07-26 00:00:00-04:00,276.83117586382014,277.49212460846854,274.57056160813,276.8790588378906,23176100,0.0,0.0
2021-07-27 00:00:00-04:00,277.2430893009287,277.386767469363,271.0359585638651,274.47479248046875,33604100,0.0,0.0
2021-07-28 00:00:00-04:00,276.82165916338664,277.9328192354718,271.87892473208046,274.1683044433594,33566900,0.0,0.0
2021-07-29 00:00:00-04:00,274.18743125080124,276.46722250096303,274.0341647800032,274.4364929199219,18168300,0.0,0.0
2021-07-30 00:00:00-04:00,273.1625443688404,274.58979654944085,271.9555890183441,272.9134826660156,20944800,0.0,0.0
2021-08-02 00:00:00-04:00,274.3023749668568,274.69511481884285,271.79269861607827,272.8272399902344,16267400,0.0,0.0
2021-08-03 00:00:00-04:00,273.401963651149,275.13574847156286,272.041742078418,275.0303649902344,17879000,0.0,0.0
2021-08-04 00:00:00-04:00,274.1682781399353,275.48058755485204,272.6643783324015,274.4460754394531,16191300,0.0,0.0
2021-08-05 00:00:00-04:00,274.80043107163067,277.4346376129882,274.05327547647624,277.3292541503906,13900200,0.0,0.0
2021-08-06 00:00:00-04:00,276.3618692799431,277.31017451192804,275.5093300140489,277.2718505859375,16589300,0.0,0.0
2021-08-09 00:00:00-04:00,277.5496749205149,279.27387173431777,275.6913589689798,276.189453125,16117600,0.0,0.0
2021-08-10 00:00:00-04:00,276.6396122772204,277.0706760159155,273.19121929801037,274.3789978027344,18616600,0.0,0.0
2021-08-11 00:00:00-04:00,275.1165861447633,276.50554342388034,273.82342406292844,274.8675537109375,13955900,0.0,0.0
2021-08-12 00:00:00-04:00,274.56093179515767,277.7602915659486,274.2831345828426,277.6070251464844,14561300,0.0,0.0
2021-08-13 00:00:00-04:00,277.2910077393741,280.56698698359713,277.1185647007926,280.51910400390625,18249000,0.0,0.0
2021-08-16 00:00:00-04:00,280.84474046702564,282.40611123158624,277.80820582745525,282.19537353515625,22507600,0.0,0.0
2021-08-17 00:00:00-04:00,280.0784298966578,281.07461785942274,278.82356280710985,280.7393493652344,20075300,0.0,0.0
2021-08-18 00:00:00-04:00,280.2787552513025,282.9467958439038,278.58001926830815,279.0215148925781,21813000,0.56,0.0
2021-08-19 00:00:00-04:00,277.0636542331081,285.490058075922,277.01567958739867,284.8182373046875,29850500,0.0,0.0
2021-08-20 00:00:00-04:00,287.64948045556423,293.52300710937357,286.0563295513358,292.10260009765625,40817600,0.0,0.0
2021-08-23 00:00:00-04:00,291.03727765066435,293.1006853030909,289.6936654087505,292.3808898925781,22830200,0.0,0.0
2021-08-24 00:00:00-04:00,292.73598718389235,293.3406200208981,289.8376215126441,290.4326477050781,18175800,0.0,0.0
2021-08-25 00:00:00-04:00,292.04495251552714,292.3232815826595,288.32123587171554,289.8471984863281,20006100,0.0,0.0
2021-08-26 00:00:00-04:00,288.8682755956676,290.25028508302194,286.9104532290402,287.0447998046875,17666100,0.0,0.0
2021-08-27 00:00:00-04:00,286.9489244928355,288.7532169333331,284.8759095157889,287.6495361328125,22605700,0.0,0.0
2021-08-30 00:00:00-04:00,288.9931195332121,291.96828042904804,288.93553823039747,291.3636474609375,16348100,0.0,0.0
2021-08-31 00:00:00-04:00,292.16025016143493,292.2370154722946,289.3578330538483,289.7225341796875,26285300,0.0,0.0
2021-09-01 00:00:00-04:00,290.67250168746045,292.8990752792187,289.34807378738793,289.67437744140625,18983800,0.0,0.0
2021-09-02 00:00:00-04:00,290.02961237848854,291.14287031326114,288.0909444169398,289.0218811035156,16285600,0.0,0.0
2021-09-03 00:00:00-04:00,288.8683160554501,290.4134922673868,288.1677338580256,289.0122985839844,14747900,0.0,0.0
2021-09-07 00:00:00-04:00,288.8875324668998,288.96429776620096,286.1907010174333,288.0909423828125,17180400,0.0,0.0
2021-09-08 00:00:00-04:00,287.7070752289388,288.5036360740859,285.4901073055441,288.1197509765625,15046800,0.0,0.0
2021-09-09 00:00:00-04:00,288.705194927188,289.97204208683576,285.0390293387629,285.2789611816406,19927000,0.0,0.0
2021-09-10 00:00:00-04:00,286.40178494786,287.84137565254247,283.48420625224344,283.8009033203125,19633400,0.0,0.0
2021-09-13 00:00:00-04:00,285.56686392320825,286.51701392472955,282.2366088163071,285.0294189453125,23652900,0.0,0.0
2021-09-14 00:00:00-04:00,287.495835484481,289.25215240424126,286.09464217897033,287.7165832519531,21853400,0.0,0.0
2021-09-15 00:00:00-04:00,291.0468952158528,293.02393100782655,289.66488563272827,292.5440673828125,28356300,0.0,0.0
2021-09-16 00:00:00-04:00,291.52675443497674,293.0143199346179,288.647572728406,292.9279479980469,19550800,0.0,0.0
2021-09-17 00:00:00-04:00,291.92024060405146,292.2369376988319,287.4670922568032,287.79339599609375,41372500,0.0,0.0
2021-09-20 00:00:00-04:00,284.395999300158,286.6897617780861,277.86025823894886,282.44775390625,38278700,0.0,0.0
2021-09-21 00:00:00-04:00,283.78175309872546,285.5572543702067,282.22699963878074,282.9275817871094,22364100,0.0,0.0
2021-09-22 00:00:00-04:00,284.7799778318743,288.12941774283956,282.64938141421806,286.5554504394531,26626300,0.0,0.0
2021-09-23 00:00:00-04:00,286.81448200996863,288.781911071233,285.5476350659735,287.4958801269531,18604600,0.0,0.0
2021-09-24 00:00:00-04:00,286.2194218640375,287.72617114272504,284.9717590683759,287.2943115234375,14999000,0.0,0.0
2021-09-27 00:00:00-04:00,284.21360059113965,284.53029765067646,281.14246212180564,282.32293701171875,23571700,0.0,0.0
2021-09-28 00:00:00-04:00,278.1288914309859,279.06943449757966,271.36282734522354,272.101806640625,43186200,0.0,0.0
2021-09-29 00:00:00-04:00,273.61826695321446,275.2209951886973,271.6124403531808,272.56256103515625,26353700,0.0,0.0
2021-09-30 00:00:00-04:00,274.20365982638276,276.23827687630234,270.278378953934,270.5663146972656,32343600,0.0,0.0
2021-10-01 00:00:00-04:00,270.75818702227775,278.301656763977,269.9616264684392,277.45709228515625,30086300,0.0,0.0
2021-10-04 00:00:00-04:00,275.82558124270304,276.1614916080159,268.96353787366274,271.7083435058594,31350700,0.0,0.0
2021-10-05 00:00:00-04:00,272.6104627485689,278.70473550593067,272.6104627485689,277.13079833984375,24993000,0.0,0.0
2021-10-06 00:00:00-04:00,274.2709351187543,281.80480216296934,274.0118192269219,281.30572509765625,28002600,0.0,0.0
2021-10-07 00:00:00-04:00,283.29231359523686,284.6935366211754,282.0830770442581,282.9756164550781,20430500,0.0,0.0
2021-10-08 00:00:00-04:00,284.2904382451461,284.6935366211754,281.9295171528448,282.9756164550781,17685700,0.0,0.0
2021-10-11 00:00:00-04:00,281.1233746309737,285.96998648788195,280.96020807919734,282.380615234375,19298600,0.0,0.0
2021-10-12 00:00:00-04:00,283.44578977984327,283.54176834470167,280.57621520841667,281.0848693847656,17974100,0.0,0.0
2021-10-13 00:00:00-04:00,283.03312739677557,285.3076759763524,281.6703020046008,284.3767395019531,23416300,0.0,0.0
2021-10-14 00:00:00-04:00,287.16002147005213,291.0565122938527,285.8355929980948,290.5574645996094,27262900,0.0,0.0
2021-10-15 00:00:00-04:00,290.1639632249141,292.1890031616516,288.4172524202229,291.9586486816406,25384800,0.0,0.0
2021-10-18 00:00:00-04:00,291.3443647732367,295.7974833177158,290.49980023328027,294.91455078125,22729300,0.0,0.0
2021-10-19 00:00:00-04:00,295.9319350570906,296.84365846900545,294.8474384623916,295.8167724609375,17682100,0.0,0.0
2021-10-20 00:00:00-04:00,296.75725195686545,297.2275382211196,293.7820916523756,295.0297546386719,16537100,0.0,0.0
2021-10-21 00:00:00-04:00,294.7994554629315,298.49438223529035,294.0220493838015,298.244873046875,16918100,0.0,0.0
2021-10-22 00:00:00-04:00,297.89937264623074,298.5615868809637,295.40407560259746,296.7093200683594,17449300,0.0,0.0
2021-10-25 00:00:00-04:00,296.90120994069343,296.9396072317386,294.1180067552253,295.72076416015625,17554500,0.0,0.0
2021-10-26 00:00:00-04:00,298.4751735047065,299.81878579139044,296.1718339720267,297.6210021972656,28107300,0.0,0.0
2021-10-27 00:00:00-04:00,303.2738027325777,312.9670535510442,303.2738027325777,310.1550598144531,52588700,0.0,0.0
2021-10-28 00:00:00-04:00,311.2683538472866,311.78661480927093,308.41796248920383,311.2875671386719,26297900,0.0,0.0
2021-10-29 00:00:00-04:00,311.0764222231841,318.62947157711153,310.8556743947785,318.2647705078125,34766000,0.0,0.0
2021-11-01 00:00:00-04:00,318.0152251584686,318.1399943940643,313.2261952874065,316.1053771972656,27073200,0.0,0.0
2021-11-02 00:00:00-04:00,317.0075509960312,320.02110905104064,316.71003784901507,319.7139892578125,26487100,0.0,0.0
2021-11-03 00:00:00-04:00,320.4529410895813,321.41266839400566,317.33382735020217,320.5489196777344,21500100,0.0,0.0
2021-11-04 00:00:00-04:00,319.4836051186062,322.98660357874707,316.23972246138726,322.890625,23992200,0.0,0.0
2021-11-05 00:00:00-04:00,324.87734491876967,325.14606743028844,320.952063205826,322.5260009765625,22570100,0.0,0.0
2021-11-08 00:00:00-05:00,323.71603120896236,324.0519416472353,320.97122498059144,323.41851806640625,20897000,0.0,0.0
2021-11-09 00:00:00-05:00,323.5336374688277,325.078813563159,321.0575540639552,322.4203796386719,21307400,0.0,0.0
2021-11-10 00:00:00-05:00,321.0960047806577,321.15358608184823,316.633278207057,317.4778137207031,25500900,0.0,0.0
2021-11-11 00:00:00-05:00,317.90961275273645,320.32811458361215,317.1994240467713,319.0420837402344,16849800,0.0,0.0
2021-11-12 00:00:00-05:00,320.4721987193662,323.64889419343916,320.34742946636004,323.159423828125,23831000,0.0,0.0
2021-11-15 00:00:00-05:00,323.94638389817203,324.2726876885674,320.57773146516666,322.53558349609375,16723000,0.0,0.0
2021-11-16 00:00:00-05:00,322.16126404658087,326.95032335349225,321.99812680159425,325.8370361328125,20886800,0.0,0.0
2021-11-17 00:00:00-05:00,325.8851065761686,329.0099268651389,324.9813100529108,326.05816650390625,19053400,0.62,0.0
2021-11-18 00:00:00-05:00,325.15429587394624,329.2598468353323,324.1351262978114,328.1252746582031,22463500,0.0,0.0
2021-11-19 00:00:00-05:00,329.442570826056,331.8078109454933,329.0195159309197,329.8944396972656,21963400,0.0,0.0
2021-11-22 00:00:00-05:00,331.34626493417426,336.20177166262135,326.4715391090011,326.7407531738281,31031100,0.0,0.0
2021-11-23 00:00:00-05:00,324.067875438659,326.3754584116151,320.7123087229874,324.6736145019531,30427600,0.0,0.0
2021-11-24 00:00:00-05:00,323.32755315823283,325.1351461786082,321.0488427828943,324.894775390625,21661300,0.0,0.0
2021-11-26 00:00:00-05:00,321.47182770530526,324.9139237290462,315.4817784101395,316.981689453125,24217200,0.0,0.0
2021-11-29 00:00:00-05:00,322.03918406869917,325.9716468199308,321.84687569261206,323.6640930175781,28563500,0.0,0.0
2021-11-30 00:00:00-05:00,322.40448405275345,324.7697239982536,316.31828027928486,317.8566589355469,42885600,0.0,0.0
2021-12-01 00:00:00-05:00,322.2218403334276,326.2119893836903,316.7029366546509,317.3663330078125,33337600,0.0,0.0
2021-12-02 00:00:00-05:00,317.57784067361735,320.6449739601022,315.1741330410827,316.7990417480469,30766000,0.0,0.0
2021-12-03 00:00:00-05:00,319.20276398285586,319.8854381080619,305.7804681645628,310.56866455078125,41779300,0.0,0.0
2021-12-06 00:00:00-05:00,311.47238640090916,314.8375764343224,306.93418609644965,313.6260986328125,30032600,0.0,0.0
2021-12-07 00:00:00-05:00,318.8662948497607,322.8660390443126,317.38560254163633,322.01995849609375,31021900,0.0,0.0
2021-12-08 00:00:00-05:00,322.394924443513,322.5776085960502,318.05862588929494,322.0680236816406,24761000,0.0,0.0
2021-12-09 00:00:00-05:00,321.52959065515364,323.52946273979535,319.327785978313,320.2700500488281,22214200,0.0,0.0
2021-12-10 00:00:00-05:00,322.0775359880214,329.7886178898005,321.89485189896294,329.3463439941406,38095700,0.0,0.0
2021-12-13 00:00:00-05:00,327.55808990182186,330.5483179150928,326.0197109116661,326.327392578125,28899400,0.0,0.0
2021-12-14 00:00:00-05:00,320.38530871166824,321.75062723622483,311.6261849018413,315.6932678222656,44438700,0.0,0.0
2021-12-15 00:00:00-05:00,315.9528888428843,322.2794628998093,312.00120811857875,321.76025390625,35381100,0.0,0.0
2021-12-16 00:00:00-05:00,322.77946305235776,323.7890378493558,310.57824093079836,312.3858337402344,35034800,0.0,0.0
2021-12-17 00:00:00-05:00,308.5207023277349,312.405102273891,305.03051397428044,311.3282165527344,47750300,0.0,0.0
2021-12-20 00:00:00-05:00,307.722635580741,310.3667139438823,305.3381764176737,307.5880432128906,28326500,0.0,0.0
2021-12-21 00:00:00-05:00,310.83778459596084,315.10677060236134,307.4821896500678,314.6837158203125,24740600,0.0,0.0
2021-12-22 00:00:00-05:00,315.6549198284857,320.7603932246783,313.2031494286014,320.3662109375,24831500,0.0,0.0
2021-12-23 00:00:00-05:00,319.9335482909737,323.4333613707806,319.9143291893332,321.798828125,19617800,0.0,0.0
2021-12-27 00:00:00-05:00,322.539101111183,329.28873101360773,322.51025779288784,329.2598876953125,19947000,0.0,0.0
2021-12-28 00:00:00-05:00,329.9329216504245,330.567504020854,327.21193737349995,328.1061096191406,15661500,0.0,0.0
2021-12-29 00:00:00-05:00,328.15415682405353,331.0386060056612,326.59655896072684,328.7791442871094,15042000,0.0,0.0
2021-12-30 00:00:00-05:00,328.7406340105007,329.913644365541,325.76965526074713,326.2503967285156,15994500,0.0,0.0
2021-12-31 00:00:00-05:00,325.47164761227714,326.288884758608,322.9140990920403,323.3659973144531,18000800,0.0,0.0
2022-01-03 00:00:00-05:00,322.4333715730328,324.9812959837682,317.0779035290574,321.8564758300781,28865100,0.0,0.0
2022-01-04 00:00:00-05:00,321.93330199624364,322.2890753116592,313.5587942701049,316.3374938964844,32674300,0.0,0.0
2022-01-05 00:00:00-05:00,313.30884042531306,313.51077298431005,303.80941290749814,304.1940002441406,40054300,0.0,0.0
2022-01-06 00:00:00-05:00,301.08842050942394,306.42466920650463,299.49235507622586,301.7903137207031,39646100,0.0,0.0
2022-01-07 00:00:00-05:00,302.049962942499,304.30945449198936,298.14634321960966,301.9442138671875,32720000,0.0,0.0
2022-01-10 00:00:00-05:00,297.56939515988586,302.597962334878,292.95428801782003,302.165283203125,44289500,0.0,0.0
2022-01-11 00:00:00-05:00,301.3095522143525,304.41512357671206,297.95398587837894,302.8479309082031,29386800,0.0,0.0
2022-01-12 00:00:00-05:00,307.35726904389804,310.95320590504565,304.8670023701138,306.01116943359375,34372200,0.0,0.0
2022-01-13 00:00:00-05:00,308.126544870594,308.5207565325556,292.290914231785,293.0600891113281,45366000,0.0,0.0
2022-01-14 00:00:00-05:00,292.53120896925554,298.84815945566663,292.0504674590349,298.2520446777344,39846400,0.0,0.0
2022-01-18 00:00:00-05:00,292.358208481325,297.86748852909545,290.1179361568295,290.9928894042969,42333200,0.0,0.0
2022-01-19 00:00:00-05:00,294.49264788128625,301.8191439350218,291.04092729643247,291.6466369628906,45933900,0.0,0.0
2022-01-20 00:00:00-05:00,297.1656180407453,299.64623177263644,289.54106334856164,289.98333740234375,35380700,0.0,0.0
2022-01-21 00:00:00-05:00,291.0313502433303,292.39663994676283,284.22403280045586,284.62786865234375,57984400,0.0,0.0
2022-01-24 00:00:00-05:00,280.9453743252705,285.6662305381032,265.4173987440913,284.9547424316406,85731500,0.0,0.0
2022-01-25 00:00:00-05:00,280.29152732225515,283.627874669316,274.18613344698997,277.37823486328125,72848600,0.0,0.0
2022-01-26 00:00:00-05:00,296.1272067657119,296.6175725961171,281.74342604783857,285.28167724609375,90428900,0.0,0.0
2022-01-27 00:00:00-05:00,291.0024659264915,295.46373205879246,286.4546404978711,288.29107666015625,53481300,0.0,0.0
2022-01-28 00:00:00-05:00,288.666071926605,296.5983072336974,283.1087009699881,296.38677978515625,49743700,0.0,0.0
2022-01-31 00:00:00-05:00,297.05020471160907,300.34808458292423,294.56956197195456,299.00201416015625,46444500,0.0,0.0
2022-02-01 00:00:00-05:00,298.45396439636784,298.6654918462446,293.37733494145994,296.8675231933594,40950400,0.0,0.0
2022-02-02 00:00:00-05:00,297.70394707604055,302.98247866667543,296.98283492028696,301.38641357421875,36636000,0.0,0.0
2022-02-03 00:00:00-05:00,297.5693697082304,299.2423701113963,288.40643772478234,289.6467590332031,43730000,0.0,0.0
2022-02-04 00:00:00-05:00,288.6468494123292,296.9059861831538,288.41610284488047,294.1561584472656,35096500,0.0,0.0
2022-02-07 00:00:00-05:00,294.37728012769503,295.9829403994106,288.3487625883948,289.35833740234375,28533300,0.0,0.0
2022-02-08 00:00:00-05:00,289.646747832777,293.79073713074837,288.3968316951647,292.8292541503906,32421200,0.0,0.0
2022-02-09 00:00:00-05:00,297.9348214827328,299.91547470681274,295.55036170966486,299.22320556640625,31284700,0.0,0.0
2022-02-10 00:00:00-05:00,292.3294032697685,297.2137257324467,289.1180524312668,290.73333740234375,45386200,0.0,0.0
2022-02-11 00:00:00-05:00,291.5120766241171,292.5697139503908,282.8875716532668,283.6759948730469,39175600,0.0,0.0
2022-02-14 00:00:00-05:00,282.45490783075724,285.3297625384846,280.12813492881736,283.6375427246094,36359500,0.0,0.0
2022-02-15 00:00:00-05:00,288.4545460706531,289.2140965718555,285.57969173022536,288.8968200683594,27058300,0.0,0.0
2022-02-16 00:00:00-05:00,287.4709041609937,289.8795822189875,282.9522217719727,288.55963134765625,29982100,0.62,0.0
2022-02-17 00:00:00-05:00,285.53430336959343,285.958233038907,279.40664080865434,280.1099853515625,32461600,0.0,0.0
2022-02-18 00:00:00-05:00,282.34522991631013,283.12563925409984,275.85144328731116,277.4122619628906,34264000,0.0,0.0
2022-02-22 00:00:00-05:00,274.5893178506724,280.8904283246642,274.10758220532034,277.2099609375,41736100,0.0,0.0
2022-02-23 00:00:00-05:00,279.58004589911764,281.04454083688285,269.8682698302373,270.03204345703125,37811200,0.0,0.0
2022-02-24 00:00:00-05:00,262.55554816759064,284.3781651371424,261.6016916782459,283.8289794921875,56989700,0.0,0.0
2022-02-25 00:00:00-05:00,284.3588085894467,286.75784166291743,280.99627523672604,286.44952392578125,32546700,0.0,0.0
2022-02-28 00:00:00-05:00,283.5591880367457,288.212770094987,282.29704319923974,287.87554931640625,34627500,0.0,0.0
2022-03-01 00:00:00-05:00,285.5728578838848,289.01245712557574,281.47810528267394,284.17584228515625,31217800,0.0,0.0
2022-03-02 00:00:00-05:00,284.5707837842269,290.4576069527269,282.9714477799345,289.224365234375,31873000,0.0,0.0
2022-03-03 00:00:00-05:00,291.82580808856017,292.05703176941057,283.30869674167064,285.11041259765625,27314500,0.0,0.0
2022-03-04 00:00:00-05:00,283.53992798121607,284.8598787290603,276.68001821827283,279.271728515625,32356500,0.0,0.0
2022-03-07 00:00:00-05:00,277.9903600081898,279.1079901922431,268.35564745891236,268.7217712402344,43157200,0.0,0.0
2022-03-08 00:00:00-05:00,267.6523109324147,273.5872975701551,260.13724667838545,265.7735595703125,48159500,0.0,0.0
2022-03-09 00:00:00-05:00,273.0863240965653,279.0213111908961,270.52348675563985,277.96148681640625,35204500,0.0,0.0
2022-03-10 00:00:00-05:00,272.68149626891966,276.1307382116142,270.3306251557478,275.1576232910156,30628000,0.0,0.0
2022-03-11 00:00:00-05:00,277.44118984064033,278.9345880109205,269.2227807529442,269.83941650390625,27209300,0.0,0.0
2022-03-14 00:00:00-04:00,270.0994808190958,274.97464216380376,265.7446020938021,266.3419494628906,30660700,0.0,0.0
2022-03-15 00:00:00-04:00,270.1091142008014,277.3062441058317,268.5482958074122,276.66070556640625,34245100,0.0,0.0
2022-03-16 00:00:00-04:00,278.54910553558244,283.8096787213844,272.8550174149433,283.6362609863281,37826300,0.0,0.0
2022-03-17 00:00:00-04:00,282.5764817272433,284.81171260660994,278.7996616158856,284.43597412109375,30816600,0.0,0.0
2022-03-18 00:00:00-04:00,284.5805258339528,290.0048741986634,282.0369767782839,289.4556884765625,43390600,0.0,0.0
2022-03-21 00:00:00-04:00,287.9719290179041,289.17626805109586,284.1276588300462,288.2320556640625,28351200,0.0,0.0
2022-03-22 00:00:00-04:00,288.8486068783485,293.85866806216893,287.856232880349,292.9530029296875,27599700,0.0,0.0
2022-03-23 00:00:00-04:00,289.53277788187336,292.15342106739143,286.8446846467914,288.5500183105469,25715400,0.0,0.0
2022-03-24 00:00:00-04:00,288.21276856606795,293.08793014220737,287.42271518108265,292.9915771484375,24484500,0.0,0.0
2022-03-25 00:00:00-04:00,294.0803119983577,294.3404386258809,288.35729097039587,292.5869140625,22566500,0.0,0.0
2022-03-28 00:00:00-04:00,293.21315853638436,299.4468179763362,293.21315853638436,299.3504943847656,29578200,0.0,0.0
2022-03-29 00:00:00-04:00,302.4433121800482,304.2835460913771,297.7608258637069,303.8885192871094,30393400,0.0,0.0
2022-03-30 00:00:00-04:00,302.2986349296272,304.40863852449,300.19824604973223,302.39495849609375,28163600,0.0,0.0
2022-03-31 00:00:00-04:00,302.43355970417105,303.6282838118876,296.6431186303352,297.0477600097656,33422100,0.0,0.0
2022-04-01 00:00:00-04:00,298.0690878498517,298.8013353889546,294.3790059993479,298.1172790527344,27110500,0.0,0.0
2022-04-04 00:00:00-04:00,298.76270406982104,303.5993176653501,298.3965804034997,303.4644470214844,24289600,0.0,0.0
2022-04-05 00:00:00-04:00,301.82654511251576,303.3681045702332,298.5507496416169,299.52386474609375,23156700,0.0,0.0
2022-04-06 00:00:00-04:00,294.04178495987475,295.7856655216376,285.8715384021488,288.55963134765625,40110400,0.0,0.0
2022-04-07 00:00:00-04:00,285.8233266543766,292.5579799187454,285.5246529796034,290.36126708984375,31411200,0.0,0.0
2022-04-08 00:00:00-04:00,289.46525511827485,290.1204083993762,285.4572118764955,286.12200927734375,24361900,0.0,0.0
2022-04-11 00:00:00-04:00,281.13127920546333,281.9213032700954,274.58930130303617,274.8398132324219,34569300,0.0,0.0
2022-04-12 00:00:00-04:00,278.6744307786593,280.119637735793,270.24405686204636,271.7567138671875,30966700,0.0,0.0
2022-04-13 00:00:00-04:00,272.4022274692682,278.0385105603026,271.02444128433206,277.11358642578125,21907200,0.0,0.0
2022-04-14 00:00:00-04:00,277.56640502923614,277.7783698621316,269.1167734779353,269.6081237792969,28221600,0.0,0.0
2022-04-18 00:00:00-04:00,268.7217442498862,272.14205510022083,268.17255863306326,270.2729187011719,20778000,0.0,0.0
2022-04-19 00:00:00-04:00,269.17459327763214,275.71657107306396,268.2400250211419,274.8783264160156,22297700,0.0,0.0
2022-04-20 00:00:00-04:00,278.8285578322928,279.1176168323527,274.9457700942281,275.89959716796875,22906700,0.0,0.0
2022-04-21 00:00:00-04:00,278.0384980731543,282.5860831842899,269.82973426697856,270.5523376464844,29454600,0.0,0.0
2022-04-22 00:00:00-04:00,271.39053717811265,272.8550320937384,263.393738668187,264.0199890136719,29405800,0.0,0.0
2022-04-25 00:00:00-04:00,263.3070532274066,270.8413756866367,260.87908697872507,270.46563720703125,35678900,0.0,0.0
2022-04-26 00:00:00-04:00,267.3632511079873,268.19182220528097,260.13721729425794,260.34918212890625,46518400,0.0,0.0
2022-04-27 00:00:00-04:00,271.7952455176826,280.34123080111425,268.9626376903315,272.87432861328125,63477700,0.0,0.0
2022-04-28 00:00:00-04:00,274.7722962798131,280.3508015911793,271.1785388721603,279.05010986328125,33646600,0.0,0.0
2022-04-29 00:00:00-04:00,278.0673990236614,279.2910262219157,266.3997773201998,267.38250732421875,37073900,0.0,0.0
2022-05-02 00:00:00-04:00,267.56553951466765,274.53144585501184,266.12997704590924,274.07861328125,35151100,0.0,0.0
2022-05-03 00:00:00-04:00,273.58726807497914,273.7510711128351,269.9164452309345,271.4869079589844,25978600,0.0,0.0
2022-05-04 00:00:00-04:00,272.2672643508038,280.254447114598,266.62133844584713,279.3873291015625,33599300,0.0,0.0
2022-05-05 00:00:00-04:00,275.10958168100854,275.88999102064156,264.318692205309,267.21875,43260400,0.0,0.0
2022-05-06 00:00:00-04:00,264.77152276793004,269.04933732325316,261.36082642726797,264.6944580078125,37780300,0.0,0.0
2022-05-09 00:00:00-04:00,260.1950242973113,262.41099624830406,253.70123795853172,254.91519165039062,47726000,0.0,0.0
2022-05-10 00:00:00-04:00,261.7654605643178,263.75020864058513,255.38728670730274,259.65545654296875,39336400,0.0,0.0
2022-05-11 00:00:00-04:00,255.97505275215912,261.44756278263503,249.82810103784647,251.03244018554688,48975900,0.0,0.0
2022-05-12 00:00:00-04:00,248.27685759923378,250.38686155412384,240.88703639881442,246.0223388671875,51033800,0.0,0.0
2022-05-13 00:00:00-04:00,247.94932803549173,253.43148171105642,246.0223855668309,251.58160400390625,34925100,0.0,0.0
2022-05-16 00:00:00-04:00,250.46392397407843,256.1098795725535,246.4366220731242,251.9476776123047,32550900,0.0,0.0
2022-05-17 00:00:00-04:00,256.3893394840578,258.52824699584437,252.87267503794862,257.07342529296875,28828800,0.0,0.0
2022-05-18 00:00:00-04:00,253.98307348210693,254.56250844134237,244.10381205020883,245.368896484375,31356000,0.62,0.0
2022-05-19 00:00:00-04:00,245.19508938818183,248.83585464293373,243.24435524609143,244.46115112304688,32692300,0.0,0.0
2022-05-20 00:00:00-04:00,248.42057161150723,249.6760190694131,237.99085911430905,243.90103149414062,39199300,0.0,0.0
2022-05-23 00:00:00-04:00,246.73060439189265,252.5345479716084,244.7412185194128,251.71368408203125,33175400,0.0,0.0
2022-05-24 00:00:00-04:00,249.0483104249833,252.3703436440929,244.80880649372511,250.71897888183594,29043900,0.0,0.0
2022-05-25 00:00:00-04:00,249.289783654333,255.5089636207459,248.31440168457397,253.51959228515625,28547900,0.0,0.0
2022-05-26 00:00:00-04:00,253.2781100641193,257.9521680064266,252.46691284814418,256.7836608886719,25002100,0.0,0.0
2022-05-27 00:00:00-04:00,259.2752849819585,263.96864774816714,258.38681383363456,263.8720703125,26910800,0.0,0.0
2022-05-31 00:00:00-04:00,263.1863868585538,265.3495796777819,259.709805919586,262.54901123046875,37827700,0.0,0.0
2022-06-01 00:00:00-04:00,265.76485697863757,268.1694785962378,260.7817625947678,263.0801696777344,25292200,0.0,0.0
2022-06-02 00:00:00-04:00,255.38340607068776,265.2336837998182,252.63111175251524,265.16607666015625,44008200,0.0,0.0
2022-06-03 00:00:00-04:00,261.04245577782234,264.0748154478667,259.2076029156242,260.76239013671875,28059000,0.0,0.0
2022-06-06 00:00:00-04:00,262.732495427998,264.77980709613064,258.0584370323219,259.5359802246094,22400300,0.0,0.0
2022-06-07 00:00:00-04:00,257.49836222355793,263.76584558835543,256.8223496712607,263.1574401855469,22860700,0.0,0.0
2022-06-08 00:00:00-04:00,262.3945173250315,263.64029841566133,260.3665091352675,261.13909912109375,17372300,0.0,0.0
2022-06-09 00:00:00-04:00,258.5991790544163,263.36014725410655,255.5571824924227,255.71170043945312,26439700,0.0,0.0
2022-06-10 00:00:00-04:00,251.64605970485297,251.64605970485297,243.87206395245485,244.31629943847656,31422800,0.0,0.0
2022-06-13 00:00:00-04:00,236.70645685368288,240.4824068795414,233.24919461693813,233.95416259765625,46135800,0.0,0.0
2022-06-14 00:00:00-04:00,235.49930650770008,237.3148557778769,233.2298699199791,236.1077117919922,28651500,0.0,0.0
2022-06-15 00:00:00-04:00,239.79673406143797,246.54708847653447,237.97153296010552,243.12844848632812,33111700,0.0,0.0
2022-06-16 00:00:00-04:00,237.5466102902709,238.93724247462407,234.68810167633953,236.5712432861328,33169200,0.0,0.0
2022-06-17 00:00:00-04:00,236.3105360612127,241.91168786918539,235.66350856453076,239.15939331054688,43084800,0.0,0.0
2022-06-21 00:00:00-04:00,241.67985866138912,246.0159248197663,240.95557232727793,245.04055786132812,29928300,0.0,0.0
2022-06-22 00:00:00-04:00,243.254000161548,248.35298995386094,241.7861089374633,244.4514923095703,25939900,0.0,0.0
2022-06-23 00:00:00-04:00,246.8078492299289,250.47755532769025,244.93435931975776,249.9850311279297,25861400,0.0,0.0
2022-06-24 00:00:00-04:00,252.83392578793828,258.7924022848079,252.747014945619,258.5220031738281,33923200,0.0,0.0
2022-06-27 00:00:00-04:00,259.01450212809226,259.1014129718145,254.25353259267325,255.808349609375,24615100,0.0,0.0
2022-06-28 00:00:00-04:00,254.92950951957212,257.7590479870569,247.53212753900692,247.6866455078125,27295500,0.0,0.0
2022-06-29 00:00:00-04:00,248.75856369685934,252.9884007989355,246.99130319168566,251.3370361328125,20069800,0.0,0.0
2022-06-30 00:00:00-04:00,248.23710148525814,250.6320859946273,244.2293889586405,248.02464294433594,31730900,0.0,0.0
2022-07-01 00:00:00-04:00,247.59975426359935,250.86384714723536,245.88076751202806,250.68035888671875,22837700,0.0,0.0
2022-07-05 00:00:00-04:00,247.3775897790424,253.96377399992517,246.00627607080364,253.83822631835938,22941000,0.0,0.0
2022-07-06 00:00:00-04:00,254.70738716056056,258.8020102285566,253.4036657301254,257.0830383300781,23824400,0.0,0.0
2022-07-07 00:00:00-04:00,256.0304226841945,259.8353431316474,255.9338452648158,259.1979675292969,20859900,0.0,0.0
2022-07-08 00:00:00-04:00,255.7117696472832,258.90828502143717,254.26319665701553,258.4833679199219,19658800,0.0,0.0
2022-07-11 00:00:00-04:00,256.5421992795978,257.3920332460969,253.19116684927542,255.44129943847656,19455200,0.0,0.0
2022-07-12 00:00:00-04:00,256.7643979233419,256.8223384857245,243.3988864910708,244.97300720214844,35868500,0.0,0.0
2022-07-13 00:00:00-04:00,241.61228376039588,244.8570873615849,239.603594413408,244.0555419921875,29497400,0.0,0.0
2022-07-14 00:00:00-04:00,241.97924175908412,246.3925521414669,237.50797609226328,245.368896484375,25102800,0.0,0.0
2022-07-15 00:00:00-04:00,246.95272643826956,251.44329684800084,246.0352998179171,247.91844177246094,29774100,0.0,0.0
2022-07-18 00:00:00-04:00,250.84451446983314,251.89714046464383,244.6156545937457,245.5330810546875,20975000,0.0,0.0
2022-07-19 00:00:00-04:00,248.74889324561178,250.8155377951831,244.9826100870289,250.63204956054688,25012600,0.0,0.0
2022-07-20 00:00:00-04:00,250.98939669680948,255.78900284248536,250.0333479953983,253.27813720703125,22788300,0.0,0.0
2022-07-21 00:00:00-04:00,250.8831597992093,255.80831320834824,248.21777641916702,255.760009765625,22404700,0.0,0.0
2022-07-22 00:00:00-04:00,256.1462886118709,256.23319944277154,250.1878423691355,251.43359375,21881300,0.0,0.0
2022-07-25 00:00:00-04:00,252.05168504603222,252.53454268022003,248.00533571383517,249.95606994628906,21056000,0.0,0.0
2022-07-26 00:00:00-04:00,250.95072573000826,250.9700588947091,241.01353801634696,243.26364135742188,39348000,0.0,0.0
2022-07-27 00:00:00-04:00,252.20619754450755,260.7913907687193,249.97539768074358,259.52630615234375,45994000,0.0,0.0
2022-07-28 00:00:00-04:00,260.5016528744498,268.3142846363358,258.68610373864,266.9333190917969,33459300,0.0,0.0
2022-07-29 00:00:00-04:00,268.1790850711419,272.33164805798015,267.14576287951564,271.1148376464844,32152800,0.0,0.0
2022-08-01 00:00:00-04:00,268.29496636983305,271.6363322420064,266.38283993190936,268.47845458984375,21539600,0.0,0.0
2022-08-02 00:00:00-04:00,266.53736387741355,268.362579537139,263.04147997964446,265.3978271484375,22754200,0.0,0.0
2022-08-03 00:00:00-04:00,267.27132785781305,273.7802383800219,267.1264470117995,272.7855529785156,23518900,0.0,0.0
2022-08-04 00:00:00-04:00,272.13853085373546,274.0699612486414,270.56443983776984,273.92510986328125,18098700,0.0,0.0
2022-08-05 00:00:00-04:00,269.5794415241089,273.9251607194615,269.125554118187,273.2105407714844,16774600,0.0,0.0
2022-08-08 00:00:00-04:00,274.3113883534034,276.11730051736697,269.74357435929414,270.70928955078125,18739200,0.0,0.0
2022-08-09 00:00:00-04:00,270.05259210657965,273.37462502798235,268.0921621074516,272.6213684082031,23405200,0.0,0.0
2022-08-10 00:00:00-04:00,278.29019759892526,279.87395540358807,277.1023571419585,279.2462463378906,24687800,0.0,0.0
2022-08-11 00:00:00-04:00,280.8782402159332,281.22588350260514,276.6870402559907,277.1795349121094,20065900,0.0,0.0
2022-08-12 00:00:00-04:00,278.58952057102715,281.90191650390625,277.10231096943915,281.90191650390625,22619700,0.0,0.0
2022-08-15 00:00:00-04:00,281.02312948938925,284.09409682100915,280.1636287959346,283.408447265625,18085700,0.0,0.0
2022-08-16 00:00:00-04:00,281.9791529178918,283.958886627976,280.4630025536895,282.6744689941406,18102900,0.0,0.0
2022-08-17 00:00:00-04:00,280.4002359720042,283.8938831580585,280.1389500408416,281.9293212890625,18253400,0.62,0.0
2022-08-18 00:00:00-04:00,280.8357814390951,282.5003387388935,279.76154672598557,280.8164367675781,17186200,0.0,0.0
2022-08-19 00:00:00-04:00,279.5873182545467,279.9260419302894,276.35498651754625,276.92596435546875,20570000,0.0,0.0
2022-08-22 00:00:00-04:00,272.9871317684134,273.3548871851572,268.28380815555704,268.7967224121094,25061100,0.0,0.0
2022-08-23 00:00:00-04:00,267.52899169921875,269.8709667468448,266.5225077065828,267.52899169921875,17527400,0.0,0.0
2022-08-24 00:00:00-04:00,266.5322078904403,268.2935475805408,266.2418606203545,266.89996337890625,18137000,0.0,0.0
2022-08-25 00:00:00-04:00,268.39027578883355,270.0258011315452,265.67085828538086,269.8612976074219,16583400,0.0,0.0
2022-08-26 00:00:00-04:00,270.0838799821935,271.3032734990673,259.3417106465169,259.4481506347656,27549300,0.0,0.0
2022-08-29 00:00:00-04:00,257.2803379595906,258.7803619357156,255.34480790841272,256.6803283691406,20338500,0.0,0.0
2022-08-30 00:00:00-04:00,258.0739528081768,258.44167876709264,252.25767464216207,254.4932098388672,22767100,0.0,0.0
2022-08-31 00:00:00-04:00,256.83512454875284,258.499651717729,252.90597213510085,253.04147338867188,24791800,0.0,0.0
2022-09-01 00:00:00-04:00,250.52533262450333,252.48023691824085,247.17687383626492,252.00601196289062,23263400,0.0,0.0
2022-09-02 00:00:00-04:00,253.26411708214042,256.20610147316614,246.26716536821394,247.805908203125,22855400,0.0,0.0
2022-09-06 00:00:00-04:00,247.9414053865417,249.51883753175827,243.8187170261839,245.08648681640625,21328200,0.0,0.0
2022-09-07 00:00:00-04:00,246.48975437812405,250.48661397846638,245.0574662441124,249.77047729492188,24126700,0.0,0.0
2022-09-08 00:00:00-04:00,249.20920755279656,252.03506518749612,246.57687045645707,250.18663024902344,20319900,0.0,0.0
2022-09-09 00:00:00-04:00,252.10279358860814,256.6803328721326,251.8995711991458,255.9351348876953,22084700,0.0,0.0
2022-09-12 00:00:00-04:00,257.21261449388913,258.828795252262,256.61260484004885,258.0545654296875,18747700,0.0,0.0
2022-09-13 00:00:00-04:00,250.49630836570796,252.0060195193781,243.4800115748494,243.86712646484375,33353300,0.0,0.0
2022-09-14 00:00:00-04:00,245.35746095813147,246.03489350941175,241.8057651557058,244.08969116210938,23913000,0.0,0.0
2022-09-15 00:00:00-04:00,241.71870321883833,243.2961503559626,236.15405366231204,237.47021484375,31530900,0.0,0.0
2022-09-16 00:00:00-04:00,236.38627698047728,237.3927608644155,234.25719690326952,236.85081481933594,39791800,0.0,0.0
2022-09-19 00:00:00-04:00,234.6539876734692,237.2379185278828,233.08621305250247,236.63790893554688,26826900,0.0,0.0
2022-09-20 00:00:00-04:00,234.26685715668725,235.66042621279018,231.91518076360506,234.6345977783203,26660300,0.0,0.0
2022-09-21 00:00:00-04:00,236.3959844466539,239.67670753574686,231.19907583276708,231.24746704101562,28625600,0.0,0.0
2022-09-22 00:00:00-04:00,230.20225587391255,235.99917354124665,229.91193818738796,233.21200561523438,31061200,0.0,0.0
2022-09-23 00:00:00-04:00,231.8184307644762,233.35718839815166,227.61833404254136,230.2506561279297,34176000,0.0,0.0
2022-09-26 00:00:00-04:00,229.40870677369827,233.66686706312993,229.263533156856,229.79580688476562,27694200,0.0,0.0
2022-09-27 00:00:00-04:00,232.24423519066093,234.00557453802256,226.9408872481293,228.78932189941406,27018700,0.0,0.0
2022-09-28 00:00:00-04:00,229.1764146595356,234.5184812999227,227.16346179841986,233.29910278320312,29029700,0.0,0.0
2022-09-29 00:00:00-04:00,231.18940064159077,232.215229269323,226.85381719409244,229.84420776367188,27484200,0.0,0.0
2022-09-30 00:00:00-04:00,230.608739886535,232.78621136819163,225.2279682767935,225.39248657226562,35694800,0.0,0.0
2022-10-03 00:00:00-04:00,227.82160712397638,233.82174835391186,227.09578323083278,232.97979736328125,28880400,0.0,0.0
2022-10-04 00:00:00-04:00,237.1895532288344,242.2896796214913,237.08309847338114,240.85739135742188,34888400,0.0,0.0
2022-10-05 00:00:00-04:00,238.0605054835281,242.50254306214893,236.23143031780648,241.16702270507812,20347100,0.0,0.0
2022-10-06 00:00:00-04:00,239.93799895986987,242.27031644163847,238.14764234917035,238.83474731445312,20239900,0.0,0.0
2022-10-07 00:00:00-04:00,233.13457344372063,233.54104772265964,225.65375442204814,226.68927001953125,37769600,0.0,0.0
2022-10-10 00:00:00-04:00,225.5376480865996,226.99896799750226,219.42136587622,221.86013793945312,29743600,0.0,0.0
2022-10-11 00:00:00-04:00,220.28267336430167,221.67625738261597,216.8858233948525,218.1439208984375,30474000,0.0,0.0
2022-10-12 00:00:00-04:00,218.13423774935973,220.5149462849339,216.74066847271945,218.47296142578125,21903900,0.0,0.0
2022-10-13 00:00:00-04:00,212.76313280674802,228.4893134395643,212.06634085274027,226.68927001953125,42551800,0.0,0.0
2022-10-14 00:00:00-04:00,227.94733171572798,229.5925438135571,220.9794275826942,221.1923370361328,30198600,0.0,0.0
2022-10-17 00:00:00-04:00,228.21836002283007,231.25714167375685,227.5602721133645,229.87322998046875,28142300,0.0,0.0
2022-10-18 00:00:00-04:00,235.39917762563184,236.06692311030656,227.78285659055385,230.8119659423828,26329600,0.0,0.0
2022-10-19 00:00:00-04:00,229.39901697875123,231.88618020226818,226.7376631373762,228.85707092285156,19985700,0.0,0.0
2022-10-20 00:00:00-04:00,228.16999426870214,233.5314067191375,227.29899677080496,228.53773498535156,21811000,0.0,0.0
2022-10-21 00:00:00-04:00,227.1731364496684,235.16686915506187,226.9408675591029,234.3152313232422,26299700,0.0,0.0
2022-10-24 00:00:00-04:00,235.90240190553322,239.85088505869388,233.52170816579923,239.2799072265625,24911200,0.0,0.0
2022-10-25 00:00:00-04:00,239.28956155004425,242.94771196115997,237.90566472884615,242.57997131347656,34775500,0.0,0.0
2022-10-26 00:00:00-04:00,223.718229712473,230.61839877791698,222.64400998891642,223.8634033203125,82543200,0.0,0.0
2022-10-27 00:00:00-04:00,223.5923939728555,226.15697979477318,218.50195596106514,219.44068908691406,40424600,0.0,0.0
2022-10-28 00:00:00-04:00,218.94715681380413,228.97320270821285,218.76327910286216,228.2667236328125,40647700,0.0,0.0
2022-10-31 00:00:00-04:00,226.2247092598285,227.3473200459669,223.698842374477,224.6472625732422,28357300,0.0,0.0
2022-11-01 00:00:00-04:00,227.03766243441322,228.14091388312903,220.00200713618008,220.81492614746094,30592300,0.0,0.0
2022-11-02 00:00:00-04:00,222.0633621151271,223.84404616078317,212.94700287287873,213.0050811767578,38407000,0.0,0.0
2022-11-03 00:00:00-04:00,212.9954183740974,213.3051102957607,207.08237299301675,207.3436737060547,36633900,0.0,0.0
2022-11-04 00:00:00-04:00,210.5372801806807,214.447044310669,206.5500783111964,214.2534942626953,36789100,0.0,0.0
2022-11-07 00:00:00-05:00,214.83416409790135,221.04721381188003,214.14704442988435,220.5246124267578,33498000,0.0,0.0
2022-11-08 00:00:00-05:00,221.32783708020688,224.18274067732156,218.56002878294467,221.4923553466797,28192500,0.0,0.0
2022-11-09 00:00:00-05:00,220.04071178794467,221.2601050748425,217.0987128396381,217.2729034423828,27852900,0.0,0.0
2022-11-10 00:00:00-05:00,227.84093804560814,235.48629145215207,227.4248061267763,235.14756774902344,46268000,0.0,0.0
2022-11-11 00:00:00-05:00,235.15723711883936,239.99606241623323,234.1313937515766,239.14442443847656,34620200,0.0,0.0
2022-11-14 00:00:00-05:00,234.18950618471638,236.04761359764242,231.49912010868465,233.76368713378906,31123300,0.0,0.0
2022-11-15 00:00:00-05:00,237.74117578758222,239.03797746539766,232.2926536001012,234.1701202392578,31390100,0.0,0.0
2022-11-16 00:00:00-05:00,235.62584176038104,236.60604855552322,233.3257795259496,234.5971221923828,24093300,0.68,0.0
2022-11-17 00:00:00-05:00,230.76369976880173,236.0722947974397,230.6181318208113,234.54861450195312,23123500,0.0,0.0
2022-11-18 00:00:00-05:00,236.32460928740483,236.54783321127658,231.97680729240216,234.10218811035156,27613500,0.0,0.0
2022-11-21 00:00:00-05:00,234.30595375905,237.45035420758848,234.0730450796648,234.9076690673828,26394700,0.0,0.0
2022-11-22 00:00:00-05:00,236.40223227361014,238.07148033059326,233.6072243246812,237.79974365234375,19665700,0.0,0.0
2022-11-23 00:00:00-05:00,237.87737314142396,240.9538320187203,237.06216314669393,240.2744903564453,19508500,0.0,0.0
2022-11-25 00:00:00-05:00,240.01248322560096,241.36146712631268,239.44959583276983,240.1871795654297,9200800,0.0,0.0
2022-11-28 00:00:00-05:00,238.81875468278062,239.37192761122702,233.69455635778226,234.626220703125,24778200,0.0,0.0
2022-11-29 00:00:00-05:00,234.27685297681788,235.6258367832805,231.18099474535325,233.23843383789062,17956300,0.0,0.0
2022-11-30 00:00:00-05:00,233.47135371926146,247.7958155951577,232.78229762918565,247.61141967773438,47594200,0.0,0.0
2022-12-01 00:00:00-05:00,246.3788718348064,248.56247947765692,243.51592255366535,247.1746826171875,26041500,0.0,0.0
2022-12-02 00:00:00-05:00,242.44840731366295,248.50427013338341,242.3222385687394,247.49496459960938,21528500,0.0,0.0
2022-12-05 00:00:00-05:00,244.57380398114145,246.33040780500264,240.74036165582413,242.8172149658203,23435300,0.0,0.0
2022-12-06 00:00:00-05:00,243.41890331596056,244.42820886485632,236.58662873937655,237.8870849609375,22463700,0.0,0.0
2022-12-07 00:00:00-05:00,237.60565848816955,238.89641517033584,235.06297311301404,237.1592254638672,20481500,0.0,0.0
2022-12-08 00:00:00-05:00,237.61531942592248,241.40024809384906,235.8878444020433,240.0997772216797,22611800,0.0,0.0
2022-12-09 00:00:00-05:00,237.4794517893177,240.98292942150877,236.95539248747858,238.17820739746094,20609700,0.0,0.0
2022-12-12 00:00:00-05:00,240.1483469667902,245.08814984287235,239.87661027319498,245.0590362548828,30665100,0.0,0.0
2022-12-13 00:00:00-05:00,253.96815091092603,256.13235956018696,245.60251141247596,249.3389129638672,42196900,0.0,0.0
2022-12-14 00:00:00-05:00,249.54272515265737,254.84160556776638,246.8059293712521,249.63006591796875,35410900,0.0,0.0
2022-12-15 00:00:00-05:00,246.23330237453274,246.6991345223688,240.04155689170804,241.6622772216797,35560400,0.0,0.0
2022-12-16 00:00:00-05:00,241.21587335248572,242.4678019516118,236.3245836806278,237.4697723388672,86102000,0.0,0.0
2022-12-19 00:00:00-05:00,237.63473277219197,237.9744109828848,231.66621136200337,233.3548583984375,29696400,0.0,0.0
2022-12-20 00:00:00-05:00,232.3358335702815,235.74227076964473,231.38475533277932,234.66502380371094,25150800,0.0,0.0
2022-12-21 00:00:00-05:00,234.55828309775762,238.37231067567322,233.02490350803566,237.21742248535156,23690600,0.0,0.0
2022-12-22 00:00:00-05:00,234.14096367729437,234.84943370848737,226.9690262734001,231.16156005859375,28651700,0.0,0.0
2022-12-23 00:00:00-05:00,229.1429380757911,231.82149149891836,227.03697155694044,231.6856231689453,21207000,0.0,0.0
2022-12-27 00:00:00-05:00,231.65655824978924,231.87976737980617,228.87124949594994,229.96791076660156,16688600,0.0,0.0
2022-12-28 00:00:00-05:00,229.8999051151991,232.64639991916565,227.26016504949752,227.6095428466797,17457100,0.0,0.0
2022-12-29 00:00:00-05:00,228.69652150065144,234.7815128184782,228.69652150065144,233.8983612060547,19770700,0.0,0.0
2022-12-30 00:00:00-05:00,231.1809912077217,232.87935283490333,229.6767250905103,232.7434844970703,21938500,0.0,0.0
2023-01-03 00:00:00-05:00,235.9073132717817,238.4985264103855,230.3949082976441,232.51058959960938,25740000,0.0,0.0
2023-01-04 00:00:00-05:00,225.4259409938991,225.9985278733158,219.2924376104367,222.33978271484375,50623400,0.0,0.0
2023-01-05 00:00:00-05:00,220.49584400645332,220.83552222933494,215.21636361108918,215.75013732910156,39585600,0.0,0.0
2023-01-06 00:00:00-05:00,216.41981859861454,219.0983724573706,212.87752704272575,218.29286193847656,43613600,0.0,0.0
2023-01-09 00:00:00-05:00,219.76800002138827,224.41666688908288,219.7291868413214,220.41822814941406,27369800,0.0,0.0
2023-01-10 00:00:00-05:00,221.0393201111181,224.48457072526574,220.62201553173728,222.09716796875,27033900,0.0,0.0
2023-01-11 00:00:00-05:00,224.4651718383663,228.98766979827053,224.2904903213458,228.81298828125,28669300,0.0,0.0
2023-01-12 00:00:00-05:00,228.3180371449277,232.8211212975009,226.66820302336927,231.47213745117188,27269500,0.0,0.0
2023-01-13 00:00:00-05:00,230.00668936190732,232.30675151679418,227.98806347571494,232.17088317871094,21333300,0.0,0.0
2023-01-17 00:00:00-05:00,230.948051370512,233.80130107166906,230.0940134168222,233.25782775878906,29831300,0.0,0.0
2023-01-18 00:00:00-05:00,234.4418366169308,235.22793302598163,228.57035512507287,228.85179138183594,30028700,0.0,0.0
2023-01-19 00:00:00-05:00,226.8817052615486,228.57036731781892,223.8731729886452,225.08628845214844,28623000,0.0,0.0
2023-01-20 00:00:00-05:00,227.92982862321074,233.63632824749806,227.59015038517927,233.1316680908203,35389800,0.0,0.0
2023-01-23 00:00:00-05:00,233.98573343923675,237.9356299735096,232.578507553011,235.42205810546875,31934000,0.0,0.0
2023-01-24 00:00:00-05:00,235.34438219144687,236.7515930613996,233.34517042755766,234.89794921875,40234400,0.0,0.0
2023-01-25 00:00:00-05:00,227.56102470477651,236.12077368624207,224.08666058005855,233.51014709472656,66526600,0.0,0.0
2023-01-26 00:00:00-05:00,236.46045082013288,240.9829486422917,234.85914439539755,240.68209838867188,33454500,0.0,0.0
2023-01-27 00:00:00-05:00,241.6428822092,242.45809218411858,239.54661529494882,240.83737182617188,26498900,0.0,0.0
2023-01-30 00:00:00-05:00,237.2950768809861,238.35292478678218,235.05324194345323,235.54820251464844,25867400,0.0,0.0
2023-01-31 00:00:00-05:00,236.26634887736424,240.6335642533175,235.78110272448055,240.49769592285156,26541100,0.0,0.0
2023-02-01 00:00:00-05:00,240.68207771157887,247.6502049501311,238.22673350670416,245.2919158935547,31259900,0.0,0.0
2023-02-02 00:00:00-05:00,251.18282257259764,256.8796075980904,249.65914256333582,256.7922668457031,39940400,0.0,0.0
2023-02-03 00:00:00-05:00,251.8815727441677,256.4040702889057,249.5135692294624,250.7266845703125,29077300,0.0,0.0
2023-02-06 00:00:00-05:00,249.84355651391297,250.67816573061054,247.26204327207444,249.1933135986328,22518000,0.0,0.0
2023-02-07 00:00:00-05:00,252.84235731907512,260.83920438047807,252.40562393796253,259.6649169921875,50841400,0.0,0.0
2023-02-08 00:00:00-05:00,265.13846022946933,268.593409822923,258.35470014039424,258.859375,54686000,0.0,0.0
2023-02-09 00:00:00-05:00,265.7207597633259,265.89547087306715,255.04534527204862,255.84115600585938,42375100,0.0,0.0
2023-02-10 00:00:00-05:00,253.81288289399168,256.29734113427406,252.96855922241394,255.33656311035156,25818500,0.0,0.0
2023-02-13 00:00:00-05:00,259.7426507765096,266.4972709042155,259.267089268209,263.3140563964844,44630900,0.0,0.0
2023-02-14 00:00:00-05:00,264.62413161713886,266.85625191813295,261.33414871350027,264.1388854980469,37047900,0.0,0.0
2023-02-15 00:00:00-05:00,261.0547562578646,263.39950469785816,258.9726863891012,262.0276794433594,28922400,0.68,0.0
2023-02-16 00:00:00-05:00,256.8711651698153,259.5175173851741,254.8085727958793,255.0518035888672,29603600,0.0,0.0
2023-02-17 00:00:00-05:00,252.36656000925092,253.047588426155,249.06833614983722,251.0725555419922,30000100,0.0,0.0
2023-02-21 00:00:00-05:00,247.5894490058314,248.5721107692705,244.77770203741215,245.82846069335938,28397400,0.0,0.0
2023-02-22 00:00:00-05:00,247.2100181685843,247.45324893497764,243.5615566726842,244.6998748779297,22491100,0.0,0.0
2023-02-23 00:00:00-05:00,248.64023054148305,249.88557094928385,243.69777930306105,247.8716278076172,29219100,0.0,0.0
2023-02-24 00:00:00-05:00,243.19186174048357,244.20369522047608,241.38222420199676,242.47189331054688,24990900,0.0,0.0
2023-02-27 00:00:00-05:00,245.62417017099744,245.97442307770388,242.63728915469153,243.38644409179688,21190000,0.0,0.0
2023-02-28 00:00:00-05:00,242.3259744546454,244.68044668021838,241.99516930320846,242.66648864746094,22491000,0.0,0.0
2023-03-01 00:00:00-05:00,243.97017580621457,244.13557094129538,239.13474711689472,239.6017608642578,27565300,0.0,0.0
2023-03-02 00:00:00-05:00,239.87418786109544,244.5928558822364,238.95963779243274,244.3107147216797,24808200,0.0,0.0
2023-03-03 00:00:00-05:00,245.36148024067188,248.69859936512998,244.58313878749726,248.37753295898438,30760100,0.0,0.0
2023-03-06 00:00:00-05:00,249.48666061100502,253.07674918507004,249.04884819003743,249.9147491455078,24109800,0.0,0.0
2023-03-07 00:00:00-05:00,249.36016545686795,250.71254274610072,246.5289706683779,247.2683868408203,21473200,0.0,0.0
2023-03-08 00:00:00-05:00,247.1614177859818,247.64787941469785,244.01887982125263,246.83062744140625,17340200,0.0,0.0
2023-03-09 00:00:00-05:00,248.8932070956166,252.53193017156482,244.76800759955387,245.48797607421875,26653400,0.0,0.0
2023-03-10 00:00:00-05:00,244.2815470078051,245.9452372856859,240.89577859254197,241.8589630126953,28333900,0.0,0.0
2023-03-13 00:00:00-04:00,240.70115431743469,250.92658497582,239.07637462103207,247.04461669921875,33339700,0.0,0.0
2023-03-14 00:00:00-04:00,249.79801983882402,254.00105499083594,248.93211882541823,253.7286376953125,33620300,0.0,0.0
2023-03-15 00:00:00-04:00,252.9405641280701,259.26456442561187,252.19139432118732,258.2527160644531,46028000,0.0,0.0
2023-03-16 00:00:00-04:00,258.0289586598438,269.07164313641664,256.1512239726221,268.7214050292969,54768800,0.0,0.0
2023-03-17 00:00:00-04:00,270.72558821466924,275.6582857099673,268.83811504692954,271.8638916015625,69527400,0.0,0.0
2023-03-20 00:00:00-04:00,269.48030285180215,269.96676449553627,262.5433550615518,264.8589172363281,43466600,0.0,0.0
2023-03-21 00:00:00-04:00,267.43710366119547,267.5538496813645,262.2222204606799,266.36688232421875,34558700,0.0,0.0
2023-03-22 00:00:00-04:00,265.9971667055635,273.43031336043435,264.81019934883693,264.917236328125,34873300,0.0,0.0
2023-03-23 00:00:00-04:00,270.4142935461412,273.4498093699548,267.7484933121212,270.1418762207031,36610900,0.0,0.0
2023-03-24 00:00:00-04:00,269.733262600463,273.03148703992207,267.82634113000586,272.9731140136719,28172000,0.0,0.0
2023-03-27 00:00:00-04:00,272.9048917232196,273.83888945620816,268.05972466794566,268.8964538574219,26840200,0.0,0.0
2023-03-28 00:00:00-04:00,268.32248351379377,268.6630125541161,264.68373074732534,267.77764892578125,21878600,0.0,0.0
2023-03-29 00:00:00-04:00,271.4065938576128,273.52758857930763,270.8714980799914,272.9146423339844,25087000,0.0,0.0
2023-03-30 00:00:00-04:00,276.5340049635184,276.75775832392577,273.8584658428931,276.3588562011719,25053400,0.0,0.0
2023-03-31 00:00:00-04:00,276.0474774481902,281.43744995850153,275.33723290766795,280.49371337890625,32766000,0.0,0.0
2023-04-03 00:00:00-04:00,278.761931454292,280.46454697415277,276.26154151333856,279.4527282714844,24883300,0.0,0.0
2023-04-04 00:00:00-04:00,279.45268618193273,282.5854994542806,277.9349286652677,279.4040222167969,25824300,0.0,0.0
2023-04-05 00:00:00-04:00,278.11011480832366,279.3749031470758,275.2594568336865,276.6409912109375,22064800,0.0,0.0
2023-04-06 00:00:00-04:00,275.54153732325625,284.1713602969535,274.3934952141327,283.7043762207031,29770300,0.0,0.0
2023-04-10 00:00:00-04:00,281.3791115118309,281.75856581319096,277.00095709388467,281.55426025390625,23103000,0.0,0.0
2023-04-11 00:00:00-04:00,278.0127623432296,278.23654533423,274.01406284794314,275.17181396484375,27276600,0.0,0.0
2023-04-12 00:00:00-04:00,277.07875205265157,279.23864232032844,274.32536331001984,275.8139343261719,27403400,0.0,0.0
2023-04-13 00:00:00-04:00,275.91126538247534,282.05040792429327,275.50265429718814,281.9920349121094,24222700,0.0,0.0
2023-04-14 00:00:00-04:00,279.2288808643468,280.66881748936197,276.0085083418735,278.3921813964844,20987900,0.0,0.0
2023-04-17 00:00:00-04:00,282.0796326398558,283.70442754241606,278.4117226515916,280.980224609375,23836200,0.0,0.0
2023-04-18 00:00:00-04:00,283.67522525510293,283.86008303886325,279.2386978273748,280.5618591308594,20161800,0.0,0.0
2023-04-19 00:00:00-04:00,278.2462667608946,281.22340905975057,276.8355460862607,280.6396789550781,17150300,0.0,0.0
2023-04-20 00:00:00-04:00,277.52633742538336,281.20398586251105,277.3609274204324,278.363037109375,23244400,0.0,0.0
2023-04-21 00:00:00-04:00,277.2928600656761,278.5187231488767,275.3956478853203,278.0225524902344,21676400,0.0,0.0
2023-04-24 00:00:00-04:00,274.45187596772155,277.234451496004,271.173129844423,274.1405334472656,26611000,0.0,0.0
2023-04-25 00:00:00-04:00,271.941745821894,273.9751515427264,267.91382992661585,267.9624938964844,45772200,0.0,0.0
2023-04-26 00:00:00-04:00,288.66631890750085,291.45860367890464,284.80381270160626,287.372314453125,64599200,0.0,0.0
2023-04-27 00:00:00-04:00,287.95608640380885,296.9361784067996,287.2555804982626,296.576171875,46462600,0.0,0.0
2023-04-28 00:00:00-04:00,295.7783383038111,300.5651029592613,295.097280309873,298.9403381347656,36469600,0.0,0.0
2023-05-01 00:00:00-04:00,298.65820207273595,300.2440714597597,296.887474923344,297.286376953125,21294100,0.0,0.0
2023-05-02 00:00:00-04:00,299.42681707438953,300.8083512230657,295.6810572722288,297.14044189453125,26404400,0.0,0.0
2023-05-03 00:00:00-04:00,298.31772775720617,300.2538355598004,295.856233076209,296.1578369140625,22360800,0.0,0.0
2023-05-04 00:00:00-04:00,297.9479549880525,299.42681707438953,295.1848569994441,297.14044189453125,22519900,0.0,0.0
2023-05-05 00:00:00-04:00,297.442082171176,303.5228521768905,296.03133165334634,302.23858642578125,28197100,0.0,0.0
2023-05-08 00:00:00-04:00,301.7326922255804,301.8008039789724,297.80207398264633,300.2927551269531,21318600,0.0,0.0
2023-05-09 00:00:00-04:00,299.6603622188009,301.6451339704267,298.0161195443124,298.68743896484375,21340800,0.0,0.0
2023-05-10 00:00:00-04:00,300.2635789224399,304.5249876536261,299.3393196181208,303.8536682128906,30078000,0.0,0.0
2023-05-11 00:00:00-04:00,301.7034867589505,302.695857722587,297.9674652772338,301.71319580078125,31680200,0.0,0.0
2023-05-12 00:00:00-04:00,302.14130111816417,302.23859938067807,298.2982721245842,300.6040954589844,19774700,0.0,0.0
2023-05-15 00:00:00-04:00,300.7305724404115,301.50889913783726,299.26144888091557,301.080810546875,16336500,0.0,0.0
2023-05-16 00:00:00-04:00,301.44072470865035,305.2156707578937,301.44072470865035,303.29901123046875,26730300,0.0,0.0
2023-05-17 00:00:00-04:00,304.49841357542465,306.5850053814175,302.9870680194989,306.1657409667969,24315000,0.68,0.0
2023-05-18 00:00:00-04:00,306.6824666262682,311.07995152372933,305.8926785291236,310.5729064941406,27276000,0.0,0.0
2023-05-19 00:00:00-04:00,308.83731401909836,310.7971739556616,308.47655029580653,310.39739990234375,27546700,0.0,0.0
2023-05-22 00:00:00-04:00,310.6509186565906,314.54135841802827,310.0756427593572,313.1665344238281,24115700,0.0,0.0
2023-05-23 00:00:00-04:00,312.04532707650657,314.6682146022603,307.3845881201575,307.39434814453125,30797200,0.0,0.0
2023-05-24 00:00:00-04:00,306.8774884337067,308.6033161721185,304.8103574976606,306.0194396972656,23384900,0.0,0.0
2023-05-25 00:00:00-04:00,315.1751430242443,318.7438294879401,312.0159906409768,317.7882995605469,43301700,0.0,0.0
2023-05-26 00:00:00-04:00,315.9356633458704,325.0816363269195,315.7991718307155,324.5843811035156,36630600,0.0,0.0
2023-05-30 00:00:00-04:00,326.86600894737563,327.36326419300417,322.2735022093098,322.9462890625,29503100,0.0,0.0
2023-05-31 00:00:00-04:00,323.9993131036145,327.5582389963064,319.16304457072476,320.1966247558594,45950600,0.0,0.0
2023-06-01 00:00:00-04:00,317.79799826429337,325.2083832572948,316.6181962485788,324.2820739746094,26773900,0.0,0.0
2023-06-02 00:00:00-04:00,325.9104368208326,329.07934907114736,324.2528400489723,327.03173828125,25873800,0.0,0.0
2023-06-05 00:00:00-04:00,326.8563123114757,330.1129762401236,326.3102866082395,327.558349609375,21307100,0.0,0.0
2023-06-06 00:00:00-04:00,326.9635018339944,327.00251216553283,323.8823700342451,325.35467529296875,20396200,0.0,0.0
2023-06-07 00:00:00-04:00,323.37536016910263,326.14449888626166,314.45365769277373,315.31170654296875,40717100,0.0,0.0
2023-06-08 00:00:00-04:00,315.85770223750364,318.4903491637824,315.28242630303987,317.144775390625,23277700,0.0,0.0
2023-06-09 00:00:00-04:00,316.8814888323344,321.75673881470783,316.3159729270914,318.6365966796875,22529000,0.0,0.0
2023-06-12 00:00:00-04:00,320.3819105271756,323.81410551348466,317.0472562466259,323.5703430175781,24260300,0.0,0.0
2023-06-13 00:00:00-04:00,326.12499527780267,328.5723804542734,322.1468041193806,325.9494934082031,22951300,0.0,0.0
2023-06-14 00:00:00-04:00,325.9982505458626,330.58099797009817,324.50642506625707,328.92340087890625,26003800,0.0,0.0
2023-06-15 00:00:00-04:00,329.0598905688736,341.1114945004108,328.78687775426107,339.4149169921875,38899100,0.0,0.0
2023-06-16 00:00:00-04:00,342.5545998111812,342.70085137133475,333.41838536086453,333.78887939453125,46552000,0.0,0.0
2023-06-20 00:00:00-04:00,330.84423422142726,333.54511218147553,327.48029960440283,329.61566162109375,26375400,0.0,0.0
2023-06-21 00:00:00-04:00,327.97752820350655,329.3036115330344,323.78482556024073,325.2376403808594,25117800,0.0,0.0
2023-06-22 00:00:00-04:00,325.78366654570755,331.63396592269834,325.0231288169452,331.23419189453125,23556800,0.0,0.0
2023-06-23 00:00:00-04:00,326.01771828331994,329.5279043913859,325.13044892910204,326.6612548828125,23146900,0.0,0.0
2023-06-26 00:00:00-04:00,325.39367934124914,327.7240333118318,320.29415725203825,320.40142822265625,21520600,0.0,0.0
2023-06-27 00:00:00-04:00,323.5800965917035,327.7630696544983,321.08397083431,326.2225036621094,24354100,0.0,0.0
2023-06-28 00:00:00-04:00,326.31026905867196,329.5474425224492,325.48147052492266,327.4705810546875,20259500,0.0,0.0
2023-06-29 00:00:00-04:00,326.358946806659,327.72401072843235,324.32109606698276,326.6904602050781,16997000,0.0,0.0
2023-06-30 00:00:00-04:00,329.3231809112348,334.17894126353815,328.7869152430103,332.0435791015625,26832800,0.0,0.0
2023-07-03 00:00:00-04:00,330.7272007694062,332.3945278816647,328.17257461621756,329.55712890625,12508700,0.0,0.0
2023-07-05 00:00:00-04:00,326.7295145394102,333.12584042536054,326.3785108077479,329.7131652832031,18172400,0.0,0.0
2023-07-06 00:00:00-04:00,328.88439044633213,334.432427956872,327.1293121494876,332.7553405761719,28161200,0.0,0.0
2023-07-07 00:00:00-04:00,330.8539769415479,333.26235165945616,328.5918537740865,328.8063659667969,21214800,0.0,0.0
2023-07-10 00:00:00-04:00,326.25171917261997,326.86600540201454,319.4166095021663,323.5508117675781,32791400,0.0,0.0
2023-07-11 00:00:00-04:00,322.80007207810127,324.55515029230673,318.84137119543414,324.1748962402344,26698200,0.0,0.0
2023-07-12 00:00:00-04:00,328.2018902215588,333.12588163330713,327.2951007130947,328.78692626953125,29995300,0.0,0.0
2023-07-13 00:00:00-04:00,331.0879653631058,335.16366709536976,330.5614300476907,334.1106262207031,20567200,0.0,0.0
2023-07-14 00:00:00-04:00,338.9176246633776,342.66181307865304,335.71946186556954,336.6262512207031,28352700,0.0,0.0
2023-07-17 00:00:00-04:00,337.0552945851425,338.33260777182664,333.66213945063294,337.10406494140625,20363900,0.0,0.0
2023-07-18 00:00:00-04:00,337.2015639773949,357.6288755346599,333.63290678637566,350.520751953125,64738600,0.0,0.0
2023-07-19 00:00:00-04:00,352.7242990079896,353.41657610071684,343.6465868791131,346.220703125,39732900,0.0,0.0
2023-07-20 00:00:00-04:00,344.74845393864297,349.0386682151087,336.7530316118285,338.2156066894531,33778400,0.0,0.0
2023-07-21 00:00:00-04:00,340.4387369530099,341.56003861838775,331.35126286647005,335.1929626464844,69405400,0.0,0.0
2023-07-24 00:00:00-04:00,337.2210384138867,338.2643490243122,333.76935318489967,336.4994812011719,26678100,0.0,0.0
2023-07-25 00:00:00-04:00,338.4496147386664,343.11038262849917,336.4605340248674,342.22308349609375,41637700,0.0,0.0
2023-07-26 00:00:00-04:00,332.9211290652646,336.07055179479994,324.79894456768324,329.3426818847656,58383700,0.0,0.0
2023-07-27 00:00:00-04:00,331.98500245672983,332.8137710712754,320.8401594248719,322.468505859375,39635300,0.0,0.0
2023-07-28 00:00:00-04:00,325.34498615387326,331.5268003348271,324.8574610945914,329.9277038574219,28484900,0.0,0.0
2023-07-31 00:00:00-04:00,328.5138071701092,329.27434485965733,325.04260234307225,327.53875732421875,25446000,0.0,0.0
2023-08-01 00:00:00-04:00,326.8270321220212,330.093455775555,325.374217054016,327.9483337402344,18311900,0.0,0.0
2023-08-02 00:00:00-04:00,325.3059805314277,325.3059805314277,318.2173470228,319.32891845703125,27761300,0.0,0.0
2023-08-03 00:00:00-04:00,317.86625965352187,321.64945793431025,317.8175190621743,318.5097961425781,18253700,0.0,0.0
2023-08-04 00:00:00-04:00,323.5996401737791,326.7783131025437,319.07539331182784,319.6019287109375,23741500,0.0,0.0
2023-08-07 00:00:00-04:00,320.1771409046875,322.84876819218033,319.3483425125627,321.87371826171875,17741500,0.0,0.0
2023-08-08 00:00:00-04:00,318.802368731708,320.5477167225477,314.9411787114309,317.9150695800781,22327600,0.0,0.0
2023-08-09 00:00:00-04:00,318.324602002666,318.9486185830014,313.0398174565163,314.1903991699219,22373300,0.0,0.0
2023-08-10 00:00:00-04:00,317.88582607311884,320.06995855318496,313.16658711260004,314.8729248046875,20113700,0.0,0.0
2023-08-11 00:00:00-04:00,312.269445103178,314.3657961322113,311.24562500330785,313.000732421875,24355500,0.0,0.0
2023-08-14 00:00:00-04:00,313.37132372944086,315.974690482468,312.09398089474894,315.9552001953125,18836100,0.0,0.0
2023-08-15 00:00:00-04:00,314.9411611661193,316.9790121676308,312.89355014228914,313.82958984375,16966300,0.0,0.0
2023-08-16 00:00:00-04:00,313.45825308321696,316.99543186990195,312.48113879078903,313.0674133300781,20698900,0.68,0.0
2023-08-17 00:00:00-04:00,313.20426358487214,314.50381263909213,308.9733414603899,309.6280212402344,21257200,0.0,0.0
2023-08-18 00:00:00-04:00,307.29267431715726,311.0936633520083,304.4199558180871,309.2371520996094,24755000,0.0,0.0
2023-08-21 00:00:00-04:00,310.65399674996837,315.383227213463,309.7843803763491,314.51361083984375,24040000,0.0,0.0
2023-08-22 00:00:00-04:00,318.050696980202,318.6174101401044,314.1031469540319,315.08026123046875,16084600,0.0,0.0
2023-08-23 00:00:00-04:00,316.409231948521,321.66611285256477,316.0574552143243,319.5164489746094,21166400,0.0,0.0
2023-08-24 00:00:00-04:00,325.2325153533981,325.35954498918005,312.63749714645934,312.64727783203125,23281400,0.0,0.0
2023-08-25 00:00:00-04:00,314.11295718549064,317.91391657239774,311.5040487015702,315.5884094238281,21684100,0.0,0.0
2023-08-28 00:00:00-04:00,318.20709765634393,318.68587419815776,314.3572643100924,316.2919616699219,14808500,0.0,0.0
2023-08-29 00:00:00-04:00,314.5136087751781,321.45112744073015,314.5136087751781,320.8941650390625,19284600,0.0,0.0
2023-08-30 00:00:00-04:00,321.1482844605798,322.2621796532676,318.9790887493746,321.2655334472656,15222100,0.0,0.0
2023-08-31 00:00:00-04:00,321.66608035944125,323.3369376753796,319.30145033255354,320.259033203125,26411000,0.0,0.0
2023-09-01 00:00:00-04:00,323.7277749745022,324.3922056211829,319.3014478601216,321.138427734375,14942000,0.0,0.0
2023-09-05 00:00:00-04:00,321.47064520868975,327.18677054781415,321.13842988312655,325.91650390625,18553900,0.0,0.0
2023-09-06 00:00:00-04:00,325.7504285755841,326.8056990885685,322.6236503266788,325.2618713378906,17535800,0.0,0.0
2023-09-07 00:00:00-04:00,323.70825547986243,325.4572688809115,321.4999672739755,322.3598327636719,18381000,0.0,0.0
2023-09-08 00:00:00-04:00,322.5356945258159,328.4667861972207,321.92010767166425,326.6200256347656,19530100,0.0,0.0
2023-09-11 00:00:00-04:00,329.5220626550476,330.67508035139593,327.7534879124914,330.2060546875,16583300,0.0,0.0
2023-09-12 00:00:00-04:00,328.1345774558951,329.08237965274225,323.8939043767627,324.17724609375,17565500,0.0,0.0
2023-09-13 00:00:00-04:00,323.7277859536388,329.141008354495,323.59100543664357,328.36907958984375,16544400,0.0,0.0
2023-09-14 00:00:00-04:00,331.388322477558,333.05917964974554,328.86738060055865,330.9486389160156,20267000,0.0,0.0
2023-09-15 00:00:00-04:00,329.20939816193993,329.6783939916595,322.1057573596053,322.6627197265625,37679800,0.0,0.0
2023-09-18 00:00:00-04:00,320.29806225418173,322.83856545069517,318.8910152474716,321.52923583984375,16834200,0.0,0.0
2023-09-19 00:00:00-04:00,318.7054676141424,321.8517776748913,317.08345387408724,321.1286926269531,16505900,0.0,0.0
2023-09-20 00:00:00-04:00,321.9689546587249,322.0471106852366,313.1749256275898,313.428955078125,21436500,0.0,0.0
2023-09-21 00:00:00-04:00,311.95359703612553,317.90422099600227,307.7910795608823,312.2174072265625,35560400,0.0,0.0
2023-09-22 00:00:00-04:00,313.9663650092456,314.09339463566073,308.91467110299936,309.7550048828125,21447900,0.0,0.0
2023-09-25 00:00:00-04:00,309.34464808220946,310.39994834578414,307.7910397456029,310.2729187011719,17836000,0.0,0.0
2023-09-26 00:00:00-04:00,307.918083681108,308.650919524038,302.92501329864484,304.99652099609375,26297600,0.0,0.0
2023-09-27 00:00:00-04:00,305.1528159801847,307.1070447852302,302.6025617027996,305.6316223144531,19410100,0.0,0.0
2023-09-28 00:00:00-04:00,303.87284184688065,308.2601064170978,302.3681069221391,306.46221923828125,19683600,0.0,0.0
2023-09-29 00:00:00-04:00,310.4781242122937,312.1587623008752,307.7715278533527,308.5238952636719,24147300,0.0,0.0
2023-10-02 00:00:00-04:00,309.04173366618016,314.523360821819,307.96690188868587,314.4353942871094,20570000,0.0,0.0
2023-10-03 00:00:00-04:00,313.48766167957774,314.034873285169,304.0878240681493,306.21795654296875,21033500,0.0,0.0
2023-10-04 00:00:00-04:00,306.84326360549875,312.7157312613082,306.81395136342184,311.6604309082031,20720100,0.0,0.0
2023-10-05 00:00:00-04:00,311.78742886180316,312.65707498694155,307.6933171593875,312.0512390136719,16965600,0.0,0.0
2023-10-06 00:00:00-04:00,309.3055602997531,321.65630098463043,309.06128169271835,319.7704772949219,25673600,0.0,0.0
2023-10-09 00:00:00-04:00,317.3179339483483,322.7409074969346,315.7838570263933,322.27191162109375,19891200,0.0,0.0
2023-10-10 00:00:00-04:00,323.38576454759857,323.52257487302114,320.1710797301385,320.8746032714844,20557100,0.0,0.0
2023-10-11 00:00:00-04:00,323.6300784570828,325.203248275294,321.60747414676473,324.8124084472656,20063200,0.0,0.0
2023-10-12 00:00:00-04:00,323.00471335948436,325.99468102864705,321.1970457612764,323.5812072753906,19313100,0.0,0.0
2023-10-13 00:00:00-04:00,324.7732817040409,326.190079660526,318.8910340646987,320.2297058105469,21072400,0.0,0.0
2023-10-16 00:00:00-04:00,323.47370563502346,328.4472441018182,323.03402205271703,325.02734375,22158000,0.0,0.0
2023-10-17 00:00:00-04:00,322.0471583622745,325.828586634413,319.9170559493173,324.46063232421875,18338500,0.0,0.0
2023-10-18 00:00:00-04:00,324.88074324116036,327.909803713785,320.78663169696983,322.5552062988281,23153600,0.0,0.0
2023-10-19 00:00:00-04:00,324.5485406563444,329.1703024841639,323.33692834747904,323.737548828125,25052100,0.0,0.0
2023-10-20 00:00:00-04:00,324.12841643957864,324.3238512632102,318.0019193859901,319.1940002441406,25027700,0.0,0.0
2023-10-23 00:00:00-04:00,318.0214589074995,325.11531975085603,316.9661883632888,321.7833557128906,24374700,0.0,0.0
2023-10-24 00:00:00-04:00,323.71800459686386,324.24565474799095,320.1026990318568,322.96563720703125,31153600,0.0,0.0
2023-10-25 00:00:00-04:00,337.1240202368528,338.2770379621599,329.89337919706037,332.87359619140625,55053800,0.0,0.0
2023-10-26 00:00:00-04:00,332.74660165744723,333.81165295289384,319.45783763585234,320.3861083984375,37828500,0.0,0.0
2023-10-27 00:00:00-04:00,322.8679216685348,329.0139799295623,320.8843805209721,322.2621154785156,29856500,0.0,0.0
2023-10-30 00:00:00-04:00,325.77971392594014,331.6814932194884,324.23585648353105,329.5904541015625,22828100,0.0,0.0
2023-10-31 00:00:00-04:00,331.09524685603606,331.24180806391223,327.03044704898707,330.3721618652344,20265300,0.0,0.0
2023-11-01 00:00:00-04:00,332.01371654234873,339.46910432501784,331.8769062105877,338.1499938964844,28158800,0.0,0.0
2023-11-02 00:00:00-04:00,339.29318001958046,340.8467882699962,336.87970636333785,340.3484802246094,24348100,0.0,0.0
2023-11-03 00:00:00-04:00,341.62851616542054,346.27959030223104,339.38113512943426,344.7259521484375,23637700,0.0,0.0
2023-11-06 00:00:00-05:00,345.36113640793855,349.35753118619317,345.2634189928444,348.3706359863281,23828300,0.0,0.0
2023-11-07 00:00:00-05:00,351.17487827159056,354.164845685057,349.44539667177366,352.2790222167969,25833900,0.0,0.0
2023-11-08 00:00:00-05:00,353.40270657525184,355.54258936078696,352.2985626023582,354.887939453125,26767800,0.0,0.0
2023-11-09 00:00:00-05:00,354.0085341532929,356.44156927918397,352.1129298373234,352.4353942871094,24847300,0.0,0.0
2023-11-10 00:00:00-05:00,353.2170514609085,361.6300213922687,352.80668013888885,361.2098693847656,28042100,0.0,0.0
2023-11-13 00:00:00-05:00,359.7930947254669,360.03737334526807,357.5261819771122,358.288330078125,19986500,0.0,0.0
2023-11-14 00:00:00-05:00,362.51919694143055,363.43768679672274,358.94295491704753,361.7961120605469,27683900,0.0,0.0
2023-11-15 00:00:00-05:00,363.5193564786247,365.3306930182784,359.4365063311856,361.9430236816406,26860100,0.75,0.0
2023-11-16 00:00:00-05:00,363.20609957538716,368.48345088606146,362.4424045116938,368.3072204589844,27182300,0.0,0.0
2023-11-17 00:00:00-05:00,365.80068027610133,366.544804095545,359.3288587696676,362.1192932128906,40157000,0.0,0.0
2023-11-20 00:00:00-05:00,363.46066994605786,370.9507617987498,363.24526724468734,369.5506591796875,52465100,0.0,0.0
2023-11-21 00:00:00-05:00,367.81760182816333,368.35609354646346,363.36268990163154,365.2719421386719,28423100,0.0,0.0
2023-11-22 00:00:00-05:00,370.0989155578587,371.8515087359404,367.13225084262217,369.9520568847656,23345300,0.0,0.0
2023-11-24 00:00:00-05:00,369.44288626548433,370.0695230751344,367.2986899991627,369.5408020019531,10176600,0.0,0.0
2023-11-27 00:00:00-05:00,368.9044009726802,372.683733332582,368.336537498751,370.6961364746094,22179200,0.0,0.0
2023-11-28 00:00:00-05:00,370.44160282909473,374.994400937648,370.25557188472965,374.70068359375,20453100,0.0,0.0
2023-11-29 00:00:00-05:00,375.738494499301,376.2671856758015,369.5505906614915,370.9311218261719,28963400,0.0,0.0
2023-11-30 00:00:00-05:00,370.5786340328009,372.1451961390215,367.6217700935787,370.9898681640625,30554400,0.0,0.0
2023-12-01 00:00:00-05:00,368.884854564053,370.2555853515813,363.5487602115402,366.681884765625,33040500,0.0,0.0
2023-12-04 00:00:00-05:00,361.3849610271203,361.79616532164505,355.31454343634607,361.42413330078125,32063300,0.0,0.0
2023-12-05 00:00:00-05:00,358.7903592232799,365.2817517868028,357.9776914107373,364.73345947265625,23065000,0.0,0.0
2023-12-06 00:00:00-05:00,365.73209860202707,366.35870548187097,360.33726166675575,361.0911560058594,21182100,0.0,0.0
2023-12-07 00:00:00-05:00,360.53308164351836,363.68577677525514,358.66300184093467,363.19622802734375,23118900,0.0,0.0
2023-12-08 00:00:00-05:00,361.48282487936234,366.6328576380953,360.53309906732864,366.4076843261719,20154400,0.0,0.0
2023-12-11 00:00:00-05:00,360.77790780370736,363.83268764840955,358.44765064841334,363.5389404296875,27708800,0.0,0.0
2023-12-12 00:00:00-05:00,363.0983520859286,366.59373770012405,362.7164896784692,366.5545654296875,24838300,0.0,0.0
2023-12-13 00:00:00-05:00,368.16027437565873,369.7464376106383,363.0200118977458,366.5447692871094,30955500,0.0,0.0
2023-12-14 00:00:00-05:00,365.50693426286074,365.9475401487158,356.5188251808004,358.28118896484375,43277500,0.0,0.0
2023-12-15 00:00:00-05:00,359.1819619943408,364.6159417445296,358.6238691889497,362.9808654785156,78502300,0.0,0.0
2023-12-18 00:00:00-05:00,361.7276838655909,365.20346900477807,360.97375945804686,364.86077880859375,21802900,0.0,0.0
2023-12-19 00:00:00-05:00,363.7249554315047,365.4579772949219,362.1094503782396,365.4579772949219,20603700,0.0,0.0
2023-12-20 00:00:00-05:00,367.1615597082987,368.17002893044344,362.7849927213884,362.87310791015625,26316700,0.0,0.0
2023-12-21 00:00:00-05:00,364.77262075610525,366.58395739776404,362.30530541678434,365.7321472167969,17708000,0.0,0.0
2023-12-22 00:00:00-05:00,365.8691539017797,367.3378001809741,364.9194281127133,366.7503356933594,17107500,0.0,0.0
2023-12-26 00:00:00-05:00,367.1615944273694,369.0610461329153,365.69294804965995,366.8287048339844,12673100,0.0,0.0
2023-12-27 00:00:00-05:00,365.87900622442777,367.2203652351963,365.01739550459973,366.2510681152344,14905400,0.0,0.0
2023-12-28 00:00:00-05:00,367.5238451750327,368.59105792655595,366.3391454974242,367.43572998046875,14327000,0.0,0.0
2023-12-29 00:00:00-05:00,368.14075936374053,369.2765163558513,365.67344375448135,368.179931640625,18730800,0.0,0.0
2024-01-02 00:00:00-05:00,366.045381402949,368.04274869324354,359.1035836301592,363.1178894042969,25258600,0.0,0.0
2024-01-03 00:00:00-05:00,361.29684544783345,365.4580105992302,360.8072966064926,362.8536071777344,23083500,0.0,0.0
2024-01-04 00:00:00-05:00,362.92209250603474,365.3012923191343,359.49525117073273,360.2491455078125,20901500,0.0,0.0
2024-01-05 00:00:00-05:00,361.25764113124956,364.2830491168241,358.8392688743441,360.0631408691406,21004600,0.0,0.0
2024-01-08 00:00:00-05:00,361.58071261682426,367.35741205524755,361.2967958412056,366.8580627441406,23134000,0.0,0.0
2024-01-09 00:00:00-05:00,364.2341014424794,368.1308907001316,363.4312342532303,367.9350891113281,20830000,0.0,0.0
2024-01-10 00:00:00-05:00,368.50297659226095,376.1399561660862,368.45403366179033,374.7691955566406,25514200,0.0,0.0
2024-01-11 00:00:00-05:00,377.93172165061986,382.5138918300766,372.4291972197734,376.5903625488281,27850800,0.0,0.0
2024-01-12 00:00:00-05:00,377.4323150873344,380.55563874578314,376.6098767088899,380.35003662109375,21661200,0.0,0.0
2024-01-16 00:00:00-05:00,385.43152054781376,385.79378183747036,379.5177633564959,382.11236572265625,27202300,0.0,0.0
2024-01-17 00:00:00-05:00,379.87031666196907,381.9557695556543,376.7665639671979,381.32916259765625,22234100,0.0,0.0
2024-01-18 00:00:00-05:00,383.5321832992898,385.75472450159225,381.96562087648465,385.6372375488281,23392100,0.0,0.0
2024-01-19 00:00:00-05:00,387.48767542805655,390.33685302734375,385.2749052923237,390.33685302734375,29331100,0.0,0.0
2024-01-22 00:00:00-05:00,391.6586277842315,392.2460923450514,385.36303712070327,388.2220153808594,27016900,0.0,0.0
2024-01-23 00:00:00-05:00,387.47783009611624,391.0319587511522,385.6958655004186,390.5619812011719,20525900,0.0,0.0
2024-01-24 00:00:00-05:00,393.14686950723774,397.1513752160577,392.079656679383,394.1455383300781,24867000,0.0,0.0
2024-01-25 00:00:00-05:00,395.8687348533506,398.5025096949156,394.11614184479663,396.4072265625,21021200,0.0,0.0
2024-01-26 00:00:00-05:00,395.9177133168471,397.680107020746,394.0182614789132,395.4869079589844,17803300,0.0,0.0
2024-01-29 00:00:00-05:00,397.57229212823734,401.41036712456327,395.87844285134014,401.1557922363281,24510200,0.0,0.0
2024-01-30 00:00:00-05:00,403.64283177462937,404.41629745270484,397.9542764658384,400.0495300292969,33477600,0.0,0.0
2024-01-31 00:00:00-05:00,398.45356335794276,406.6388350866889,388.907361460185,389.2696228027344,47871100,0.0,0.0
2024-02-01 00:00:00-05:00,393.4307745878308,399.4718199134869,393.40140285508346,395.34002685546875,30657700,0.0,0.0
2024-02-02 00:00:00-05:00,395.36942496681314,404.02464472350925,395.12465055102524,402.6245422363281,28256700,0.0,0.0
2024-02-05 00:00:00-05:00,401.33212452419457,402.5657971362689,395.5456537728456,397.17095947265625,25352300,0.0,0.0
2024-02-06 00:00:00-05:00,397.39611409161796,399.44242436350055,394.4881932042721,397.0142517089844,18382600,0.0,0.0
2024-02-07 00:00:00-05:00,398.9235343367266,405.64012962816963,398.88436206584436,405.3953552246094,22340500,0.0,0.0
2024-02-08 00:00:00-05:00,405.3953580956046,406.8738050650789,403.90714046810643,405.4541015625,21225300,0.0,0.0
2024-02-09 00:00:00-05:00,406.5702855474464,412.0238664464446,406.41362634312986,411.7594909667969,22032800,0.0,0.0
2024-02-12 00:00:00-05:00,411.76925253567924,411.94548291897434,406.0806983084005,406.5800476074219,21202900,0.0,0.0
2024-02-13 00:00:00-05:00,396.4757753769111,401.49855072964925,394.9581860838381,397.8269348144531,27824900,0.0,0.0
2024-02-14 00:00:00-05:00,400.27921574475005,402.01541247950905,396.8460370500132,401.6720886230469,20401200,0.75,0.0
2024-02-15 00:00:00-05:00,400.34788638470263,401.3189759217452,396.5713838346197,398.79803466796875,21825500,0.0,0.0
2024-02-16 00:00:00-05:00,400.17130014605374,400.4950166150196,395.737605866878,396.34576416015625,22296500,0.0,0.0
2024-02-20 00:00:00-05:00,395.5414579178433,396.7675933071184,390.4113266074818,395.1000671386719,24307900,0.0,0.0
2024-02-21 00:00:00-05:00,392.53004284668083,394.60956341609165,389.6363517174895,394.50164794921875,18518900,0.0,0.0
2024-02-22 00:00:00-05:00,402.3588062354514,404.94838876318465,400.7697394674189,403.7909240722656,27009900,0.0,0.0
2024-02-23 00:00:00-05:00,407.7340858290021,407.92043082910567,401.1619895410124,402.5058288574219,16295900,0.0,0.0
2024-02-26 00:00:00-05:00,403.6045125913183,404.2911603614398,399.58278265548927,399.7593688964844,16193500,0.0,0.0
2024-02-27 00:00:00-05:00,400.20071277924296,400.52442923735737,396.13976854109416,399.7004699707031,14835800,0.0,0.0
2024-02-28 00:00:00-05:00,400.3870613953607,401.48567367865326,397.58167859587735,399.93585205078125,13183100,0.0,0.0
2024-02-29 00:00:00-05:00,400.83834831741547,406.29219561123216,398.17027676875426,405.7428894042969,31947300,0.0,0.0
2024-03-01 00:00:00-05:00,403.4181602950467,407.93034462455915,403.0356216104399,407.5674133300781,17823400,0.0,0.0
2024-03-04 00:00:00-05:00,405.54668869062186,409.38204334564557,404.4480762959748,406.9984436035156,17596000,0.0,0.0
2024-03-05 00:00:00-05:00,406.056714869292,406.3411866044012,392.9910415291509,394.962646484375,26919200,0.0,0.0
2024-03-06 00:00:00-05:00,395.2766257394995,397.4248173487459,390.78407881855424,394.4134216308594,22344100,0.0,0.0
2024-03-07 00:00:00-05:00,398.3664950410901,401.95662320085074,394.56056584653686,401.328857421875,18718500,0.0,0.0
2024-03-08 00:00:00-05:00,400.17133994719717,402.5843959078717,396.61063804407956,398.4645690917969,18002200,0.0,0.0
2024-03-11 00:00:00-04:00,396.05149669102667,397.9348236347475,393.5992262388283,396.7969665527344,16120800,0.0,0.0
2024-03-12 00:00:00-04:00,399.83777202306123,407.6360037253644,399.02363143663507,407.3515319824219,22457000,0.0,0.0
2024-03-13 00:00:00-04:00,410.1177430442753,410.19620253246603,403.5947092048327,407.1750183105469,17115900,0.0,0.0
2024-03-14 00:00:00-04:00,412.21687278632703,419.652174073812,410.0098292271171,417.101806640625,34157300,0.0,0.0
2024-03-15 00:00:00-04:00,411.28498921650765,414.5317928189051,404.9090862008724,408.46978759765625,45079900,0.0,0.0
2024-03-18 00:00:00-04:00,406.34123515822085,412.69753127897746,405.8802070917239,409.3526306152344,20106000,0.0,0.0
2024-03-19 00:00:00-04:00,409.8528643144651,413.61957818454806,407.61639479250874,413.3645324707031,19837900,0.0,0.0
2024-03-20 00:00:00-04:00,413.94328882066856,417.82767717758037,412.6288753346162,417.11163330078125,17860100,0.0,0.0
2024-03-21 00:00:00-04:00,421.6237557740876,422.5948752417206,419.004747660182,421.17254638671875,21296200,0.0,0.0
2024-03-22 00:00:00-04:00,421.49625883993525,421.6531778067011,417.9355573407252,420.5545654296875,17648500,0.0,0.0
2024-03-25 00:00:00-04:00,417.12140106535213,419.2499850699005,413.5606994442316,414.7868347167969,18060500,0.0,0.0
2024-03-26 00:00:00-04:00,417.48436404283126,417.8571139836089,413.305715072137,413.5999755859375,16725600,0.0,0.0
2024-03-27 00:00:00-04:00,416.33666794000516,416.34648660093063,411.0103437373624,413.3841247558594,16705000,0.0,0.0
2024-03-28 00:00:00-04:00,412.9231220201488,413.81575210575176,411.11825446083225,412.6877136230469,21871200,0.0,0.0
2024-04-01 00:00:00-04:00,415.8561055306923,419.72088681123745,414.1591233144295,416.4642639160156,16316000,0.0,0.0
2024-04-02 00:00:00-04:00,412.08932675524255,414.31600751259526,409.8626759328322,413.3939514160156,17912000,0.0,0.0
2024-04-03 00:00:00-04:00,411.71659648353796,415.17920112214335,411.0888008867087,412.4228515625,16502300,0.0,0.0
2024-04-04 00:00:00-04:00,416.8761903565226,420.4859554910503,409.59786785676073,409.9019470214844,19370900,0.0,0.0
2024-04-05 00:00:00-04:00,411.99124304246095,418.36714603884514,410.33350586860576,417.3960266113281,16554800,0.0,0.0
2024-04-08 00:00:00-04:00,417.052799785157,419.1225019527215,415.2184760981184,416.4838562011719,14272400,0.0,0.0
2024-04-09 00:00:00-04:00,418.2984589003378,419.5736274756939,413.5704746022745,418.1415100097656,12496900,0.0,0.0
2024-04-10 00:00:00-04:00,414.1296507389469,415.93451830181,411.68719880938414,415.1792297363281,16216600,0.0,0.0
2024-04-11 00:00:00-04:00,417.6903687099733,421.1725811111206,414.2964045264092,419.76007080078125,17966400,0.0,0.0
2024-04-12 00:00:00-04:00,415.95410040174403,417.06253143112855,411.75581460240056,413.84515380859375,19253800,0.0,0.0
2024-04-15 00:00:00-04:00,418.4554515197094,418.6712525249299,405.5368771254888,405.7428894042969,20273500,0.0,0.0
2024-04-16 00:00:00-04:00,406.65512826574127,410.4119935798852,405.8311689524943,406.6649169921875,16765600,0.0,0.0
2024-04-17 00:00:00-04:00,409.2839199801292,410.88280503231437,402.49602250375233,403.9772033691406,15855500,0.0,0.0
2024-04-18 00:00:00-04:00,402.7903496970384,404.02630364117994,396.23788993068626,396.5517578125,21029900,0.0,0.0
2024-04-19 00:00:00-04:00,396.31635459832717,397.738683518828,390.1758594431205,391.5000915527344,30565800,0.0,0.0
2024-04-22 00:00:00-04:00,392.441727661041,395.1588624515417,388.1944084543801,393.304931640625,20286900,0.0,0.0
2024-04-23 00:00:00-04:00,396.52234656320184,400.40676483693346,395.3648819975192,399.7887878417969,15734500,0.0,0.0
2024-04-24 00:00:00-04:00,401.7407287200192,404.59517495198185,399.01380533371923,401.2502746582031,15065300,0.0,0.0
2024-04-25 00:00:00-04:00,386.507271018032,392.25540884693,380.6218216022703,391.421630859375,40586500,0.0,0.0
2024-04-26 00:00:00-04:00,404.30094095620495,405.1150815807432,398.01331587991365,398.5626220703125,29694700,0.0,0.0
2024-04-29 00:00:00-04:00,397.5130062731547,398.56258512123486,391.5687056006696,394.5702819824219,19582100,0.0,0.0
2024-04-30 00:00:00-04:00,393.8247883748175,394.4820099813431,381.7400231834723,381.8969421386719,28781400,0.0,0.0
2024-05-01 00:00:00-04:00,385.11433904555116,394.05042796595137,382.85826224732904,387.3998718261719,23562500,0.0,0.0
2024-05-02 00:00:00-04:00,390.06788954033726,392.29453998465783,387.11534680040717,390.24444580078125,17709400,0.0,0.0
2024-05-03 00:00:00-04:00,394.5997356096934,399.37675358596374,394.18774100881984,398.8961181640625,17446700,0.0,0.0
2024-05-06 00:00:00-04:00,400.95597517816435,406.02725292029163,398.6115906220434,405.64471435546875,16996600,0.0,0.0
2024-05-07 00:00:00-04:00,406.74340224425765,406.75322090554647,401.27973632622934,401.52496337890625,20018200,0.0,0.0
2024-05-08 00:00:00-04:00,400.3773092630151,404.3597941214035,398.9451617518151,402.7020568847656,11792300,0.0,0.0
2024-05-09 00:00:00-04:00,402.73150019277335,404.84044690561177,401.28956389363333,404.4480895996094,14689700,0.0,0.0
2024-05-10 00:00:00-04:00,405.0562460600837,407.44966453116945,403.93799631140473,406.8218688964844,13402300,0.0,0.0
2024-05-13 00:00:00-04:00,410.02939307645266,410.36289822900073,402.9766616384639,405.8212890625,15440200,0.0,0.0
2024-05-14 00:00:00-04:00,404.15378509704203,409.51935413927424,403.69275704643184,408.60711669921875,15109300,0.0,0.0
2024-05-15 00:00:00-04:00,410.660957995032,416.4685861383269,410.0418663164104,415.751220703125,22239500,0.75,0.0
2024-05-16 00:00:00-04:00,414.49335406459187,418.05067177577746,413.0684896947791,413.6973876953125,17530100,0.0,0.0
2024-05-17 00:00:00-04:00,415.2205635959117,415.5939858480529,410.7886784280323,412.930908203125,15352200,0.0,0.0
2024-05-20 00:00:00-04:00,412.9309356548489,419.3772981518083,412.71474538865465,417.9720764160156,16272100,0.0,0.0
2024-05-21 00:00:00-04:00,419.43623228216074,425.46988664412265,417.49054998726376,421.60797119140625,21453300,0.0,0.0
2024-05-22 00:00:00-04:00,422.63977275649836,424.91959180983645,419.7310556819618,423.06231689453125,18073700,0.0,0.0
2024-05-23 00:00:00-04:00,425.4698880093599,426.0889796466093,418.0506847119264,419.6033020019531,17211700,0.0,0.0
2024-05-24 00:00:00-04:00,419.7900340603218,423.59299146281916,417.0581916118114,422.7085876464844,11855300,0.0,0.0
2024-05-28 00:00:00-04:00,422.1877338257991,423.35712243524114,419.2102222377172,422.86578369140625,15718000,0.0,0.0
2024-05-29 00:00:00-04:00,418.3159892619867,423.4750461602697,418.3159892619867,421.7357177734375,15517100,0.0,0.0
2024-05-30 00:00:00-04:00,416.9500674611062,416.9500674611062,407.0643338259667,407.4869079589844,28394500,0.0,0.0
2024-05-31 00:00:00-04:00,409.53083651523417,409.53083651523417,397.5028738526741,407.93890380859375,47995300,0.0,0.0
2024-06-03 00:00:00-04:00,408.3319723384426,409.21637607324783,401.83648858598,406.3567810058594,17484700,0.0,0.0
2024-06-04 00:00:00-04:00,405.2856798357907,409.22622626275023,402.58331667273,408.8626403808594,14348900,0.0,0.0
2024-06-05 00:00:00-04:00,410.57248754759564,416.7338647316788,409.0886349128657,416.66510009765625,16988000,0.0,0.0
2024-06-06 00:00:00-04:00,416.6651450920817,417.94261399588106,413.29453808136446,417.1662902832031,14861300,0.0,0.0
2024-06-07 00:00:00-04:00,418.8172023955245,418.89580340788024,415.67262210037114,416.5079040527344,13621700,0.0,0.0
2024-06-10 00:00:00-04:00,417.34315052242914,420.66457531575907,416.5471841383872,420.4582214355469,13982900,0.0,0.0
2024-06-11 00:00:00-04:00,418.10961578141064,425.3224647271418,417.8835891699695,425.18487548828125,14551100,0.0,0.0
2024-06-12 00:00:00-04:00,427.7791794767063,435.71920053687387,425.7450298401941,433.41973876953125,22366200,0.0,0.0
2024-06-13 00:00:00-04:00,433.21338970261115,435.7093989946261,431.75901618030764,433.93072509765625,15960600,0.0,0.0
2024-06-14 00:00:00-04:00,430.68786981308114,435.4636977946633,429.15489539650804,434.903564453125,13582000,0.0,0.0
2024-06-17 00:00:00-04:00,434.92324397820295,443.1286073434569,433.0856417971322,440.6031188964844,20790000,0.0,0.0
2024-06-18 00:00:00-04:00,441.9198947788086,442.34246889984814,437.18341197055486,438.6082763671875,17112500,0.0,0.0
2024-06-20 00:00:00-04:00,438.5689526211533,438.79497924029823,433.6260860366594,437.9793701171875,19877400,0.0,0.0
2024-06-21 00:00:00-04:00,439.6302276576991,442.77477739903867,438.77530310305696,441.9886474609375,34187100,0.0,0.0
2024-06-24 00:00:00-04:00,442.00833058442447,444.9072412251996,438.677069430459,439.9152526855469,15913700,0.0,0.0
2024-06-25 00:00:00-04:00,440.48515617122325,443.6002568065394,439.01114003233465,443.1383972167969,16413400,0.0,0.0
2024-06-26 00:00:00-04:00,441.2221891732116,445.7425115856911,440.42622281234816,444.32745361328125,16507000,0.0,0.0
2024-06-27 00:00:00-04:00,444.3470555991846,448.2679587829335,443.9441542700809,445.0054626464844,14806300,0.0,0.0
2024-06-28 00:00:00-04:00,445.22168389223947,447.49166642517747,438.6770484115445,439.20770263671875,28362300,0.0,0.0
2024-07-01 00:00:00-04:00,440.88808384173325,449.447196335744,437.94005138791704,448.81829833984375,17662800,0.0,0.0
2024-07-02 00:00:00-04:00,445.3494309967801,451.6287242891569,445.2609636362825,451.3240966796875,13979800,0.0,0.0
2024-07-03 00:00:00-04:00,450.2529744663604,453.0339384006955,449.94834686189404,452.78826904296875,9932800,0.0,0.0
2024-07-05 00:00:00-04:00,451.6483951731934,460.2370169877969,451.01949716215944,459.460693359375,16000300,0.0,0.0
2024-07-08 00:00:00-04:00,458.4682018620652,459.59830504287737,456.41440936822374,458.16357421875,12962300,0.0,0.0
2024-07-09 00:00:00-04:00,458.91038601076474,459.23465638604694,450.06628863582495,451.5796203613281,17207200,0.0,0.0
2024-07-10 00:00:00-04:00,453.2305038870679,458.37972423311413,450.91136946375343,458.1733703613281,18196100,0.0,0.0
2024-07-11 00:00:00-04:00,454.96002402992053,456.72883147324404,443.7279978013262,446.8234558105469,23111200,0.0,0.0
2024-07-12 00:00:00-04:00,446.45987718044813,448.4547114032981,442.8436310012122,445.6933898925781,16324300,0.0,0.0
2024-07-15 00:00:00-04:00,445.4476817175394,449.33910606074033,443.61007966105154,446.09625244140625,14429400,0.0,0.0
2024-07-16 00:00:00-04:00,446.35171944746327,446.43032044250424,438.92268087534336,441.7331237792969,17175700,0.0,0.0
2024-07-17 00:00:00-04:00,434.92321432561624,437.1440749862863,431.5722805813875,435.83709716796875,21778000,0.0,0.0
2024-07-18 00:00:00-04:00,436.6428994208888,436.94752703468305,426.8750830594602,432.7416687011719,20794800,0.0,0.0
2024-07-19 00:00:00-04:00,425.5976305961669,433.49836608097274,424.51667935003445,429.53814697265625,20940400,0.0,0.0
2024-07-22 00:00:00-04:00,434.1371082507153,436.898429671943,431.306992206013,435.2671813964844,15808800,0.0,0.0
2024-07-23 00:00:00-04:00,436.21051790501895,440.6227600869156,435.4243879336588,437.1440734863281,13107100,0.0,0.0
2024-07-24 00:00:00-04:00,432.82034171919196,433.83249840274334,420.18309274942834,421.47039794921875,26805800,0.0,0.0
2024-07-25 00:00:00-04:00,421.3721232816147,422.35480083589914,410.2777152857788,411.15228271484375,29943800,0.0,0.0
2024-07-26 00:00:00-04:00,410.95572197330205,421.49002544679837,410.04180915234855,417.9032287597656,23583800,0.0,0.0
2024-07-29 00:00:00-04:00,424.10394408211863,424.66407745687695,417.34314804369717,419.3379821777344,15125800,0.0,0.0
2024-07-30 00:00:00-04:00,420.31083428857175,421.6177822082065,410.13027948455533,415.593994140625,32687600,0.0,0.0
2024-07-31 00:00:00-04:00,413.2159000993034,414.4737261342931,405.06949500365346,411.1031494140625,42891400,0.0,0.0
2024-08-01 00:00:00-04:00,413.50088916463085,420.05533154219523,405.9342601346404,409.8846130371094,30296400,0.0,0.0
2024-08-02 00:00:00-04:00,405.3445889736249,407.8111188309651,397.33577420400843,401.41387939453125,29437900,0.0,0.0
2024-08-05 00:00:00-04:00,382.42860065253456,394.09297731515574,378.9007621776494,388.30499267578125,40709200,0.0,0.0
2024-08-06 00:00:00-04:00,393.07103331037194,398.64282840268,391.59701693545804,392.6877746582031,24946500,0.0,0.0
2024-08-07 00:00:00-04:00,401.5613573427881,402.97638538590667,390.58483621712907,391.5281982421875,20650900,0.0,0.0
2024-08-08 00:00:00-04:00,395.46877762031824,398.8295182344643,393.01208360865684,395.7144470214844,20203000,0.0,0.0
2024-08-09 00:00:00-04:00,397.0312365091721,400.98158973460994,395.29190792260925,398.98675537109375,19276700,0.0,0.0
2024-08-12 00:00:00-04:00,400.008700380632,401.6792641246606,397.23754263585204,399.7630310058594,16762900,0.0,0.0
2024-08-13 00:00:00-04:00,402.4949305468702,407.76209828599673,402.4752877901098,406.83837890625,19414300,0.0,0.0
2024-08-14 00:00:00-04:00,407.61463319199424,410.48406481515934,405.3053649551057,409.6389465332031,18267000,0.0,0.0
2024-08-15 00:00:00-04:00,413.27153919674845,414.56116454959863,411.16483466760724,414.482421875,20752100,0.75,0.0
2024-08-16 00:00:00-04:00,414.0591609720714,414.787643452163,410.81046198721873,411.9622802734375,22775600,0.0,0.0
2024-08-19 00:00:00-04:00,412.44459964164133,415.19121979816396,409.98347800679744,414.9746398925781,15234000,0.0,0.0
2024-08-20 00:00:00-04:00,415.14205004692775,419.2373304106215,415.08298552534507,418.1938171386719,16387600,0.0,0.0
2024-08-21 00:00:00-04:00,417.48497282390196,419.7689009161739,415.1616884163413,417.5440673828125,16067300,0.0,0.0
2024-08-22 00:00:00-04:00,417.76066831830366,420.1529016775488,408.1622927487291,409.0876770019531,19361900,0.0,0.0
2024-08-23 00:00:00-04:00,410.4954277824997,412.73996960606866,405.6814592418378,410.3083801269531,18493800,0.0,0.0
2024-08-26 00:00:00-04:00,409.89490950861074,410.7907614506505,404.94313363943934,407.0596923828125,13152800,0.0,0.0
2024-08-27 00:00:00-04:00,406.4394348780717,407.9161077791715,403.8700384507919,407.4042053222656,13492900,0.0,0.0
2024-08-28 00:00:00-04:00,408.42810007077503,408.54622911327857,400.975815861933,404.21466064453125,14882700,0.0,0.0
2024-08-29 00:00:00-04:00,408.4871383812944,415.48655408743093,404.2146347079457,406.6954345703125,17045200,0.0,0.0
2024-08-30 00:00:00-04:00,409.1368642535232,410.99745657650817,405.7208262421071,410.6529235839844,24308300,0.0,0.0
2024-09-03 00:00:00-04:00,411.4109125689516,413.35027748692255,400.7001071362785,403.0726318359375,20313600,0.0,0.0
2024-09-04 00:00:00-04:00,399.59758459335677,404.8446830658677,398.0815251485243,402.54107666015625,15135800,0.0,0.0
2024-09-05 00:00:00-04:00,401.2809872314555,406.67577709695456,399.8141682348964,402.0390319824219,14195500,0.0,0.0
2024-09-06 00:00:00-04:00,402.6985610672717,404.26383081056673,394.5670056307313,395.4530334472656,19609500,0.0,0.0
2024-09-09 00:00:00-04:00,400.9068736495872,402.2949499033103,395.89603343829765,399.4105224609375,15295100,0.0,0.0
2024-09-10 00:00:00-04:00,401.8519747424291,409.85551750473985,401.3597503882825,407.7586669921875,19594300,0.0,0.0
2024-09-11 00:00:00-04:00,409.03840014283475,417.3963592828998,403.21045111442425,416.4611511230469,19266900,0.0,0.0
2024-09-12 00:00:00-04:00,416.72697057085117,420.7238298297295,413.2223356546228,420.3595886230469,17395700,0.0,0.0
2024-09-13 00:00:00-04:00,419.20778281644255,425.11447510259467,418.84354159900835,423.8937683105469,15874600,0.0,0.0
2024-09-16 00:00:00-04:00,423.90362815097126,426.7880557127787,421.5606353721957,424.6321105957031,13834700,0.0,0.0
2024-09-17 00:00:00-04:00,433.3838900790578,434.9786922694464,425.54765628869114,428.38287353515625,18874200,0.0,0.0
2024-09-18 00:00:00-04:00,428.23510166835473,429.24908243150526,423.7164866145295,424.1102600097656,18898000,0.0,0.0
2024-09-19 00:00:00-04:00,434.3683366283435,434.6341269777226,430.1056566789826,431.8678283691406,21706600,0.0,0.0
2024-09-20 00:00:00-04:00,430.4206022438477,432.4091775271448,427.4672565526022,428.50091552734375,55167100,0.0,0.0
2024-09-23 00:00:00-04:00,427.52635570448473,429.6724465370328,423.6968661035608,426.7683410644531,15128900,0.0,0.0
2024-09-24 00:00:00-04:00,426.2662748026867,426.61083784634445,419.4735849772464,422.495849609375,17015800,0.0,0.0
2024-09-25 00:00:00-04:00,423.14550369143143,426.38434780743177,421.905118957441,425.3900451660156,13396400,0.0,0.0
2024-09-26 00:00:00-04:00,428.32378449228514,428.5305103087993,422.45647860828996,424.6025695800781,14492000,0.0,0.0
2024-09-27 00:00:00-04:00,424.80927883764434,425.1341637224931,420.8222737453315,421.36370849609375,14896100,0.0,0.0
2024-09-30 00:00:00-04:00,421.5507517579481,423.7264049247719,418.7549211722127,423.6082458496094,16807300,0.0,0.0
2024-10-01 00:00:00-04:00,421.78706729834266,421.81659955830685,412.2969671899716,414.1477355957031,19092900,0.0,0.0
2024-10-02 00:00:00-04:00,416.0082934736332,416.2445815766932,410.22958475813624,410.64306640625,16582300,0.0,0.0
2024-10-03 00:00:00-04:00,411.1353013004486,413.02542591560956,407.84724636027164,410.062255859375,13686400,0.0,0.0
2024-10-04 00:00:00-04:00,411.73581262468696,413.2223397680441,408.51667620718774,409.5897216796875,19169700,0.0,0.0
2024-10-07 00:00:00-04:00,409.5306419831522,410.6233655735784,402.6395013728588,403.1711120605469,20919800,0.0,0.0
2024-10-08 00:00:00-04:00,404.5099645290717,409.19594995144206,401.82243880752753,408.2607116699219,19229300,0.0,0.0
2024-10-09 00:00:00-04:00,409.3928021729279,413.84252930935924,407.8570646785986,410.9679260253906,14974300,0.0,0.0
2024-10-10 00:00:00-04:00,408.77257820362894,410.85960430218415,406.72490841573625,409.3730773925781,13848400,0.0,0.0
2024-10-11 00:00:00-04:00,409.66854006802475,410.6431347710615,406.82346860139154,409.8457336425781,14144900,0.0,0.0
2024-10-14 00:00:00-04:00,411.27310627026066,417.4456186019399,411.02699410502277,412.621826171875,16653100,0.0,0.0
2024-10-15 00:00:00-04:00,415.6144716426646,415.9098242263595,408.8021046644181,412.22796630859375,18900200,0.0,0.0
2024-10-16 00:00:00-04:00,408.7135954364056,409.88506179410496,404.0965284555642,409.6488037109375,15508900,0.0,0.0
2024-10-17 00:00:00-04:00,415.79171565844746,415.9295528895068,409.12700914123224,410.23944091796875,14820000,0.0,0.0
2024-10-18 00:00:00-04:00,410.65297755440105,413.12392355721715,409.78665782313783,411.6571044921875,17145300,0.0,0.0
2024-10-21 00:00:00-04:00,409.6487883889798,412.44461909285747,407.31564977599334,412.2674255371094,14206100,0.0,0.0
2024-10-22 00:00:00-04:00,411.9819175179694,423.8838984262341,411.53893363879695,420.8616638183594,25482200,0.0,0.0
2024-10-23 00:00:00-04:00,424.1595460644349,424.37612597688815,415.95910173602493,417.9969177246094,19654400,0.0,0.0
2024-10-24 00:00:00-04:00,418.71552307399537,419.3554387186423,415.8310957950025,418.1248779296875,13581600,0.0,0.0
2024-10-25 00:00:00-04:00,420.1233311665373,425.7937351729216,419.9362835126177,421.49169921875,16899100,0.0,0.0
2024-10-28 00:00:00-04:00,424.9471560845272,425.222800536086,419.67049509941035,419.95599365234375,14882400,0.0,0.0
2024-10-29 00:00:00-04:00,421.34405104712135,426.4336641349943,419.1782518516455,425.2326354980469,17644100,0.0,0.0
2024-10-30 00:00:00-04:00,430.6372355196224,431.68074872313076,425.3802831426112,425.8035888671875,29749100,0.0,0.0
2024-10-31 00:00:00-04:00,408.9006246633273,409.6882017012257,399.9815212546983,400.03076171875,53971000,0.0,0.0
2024-11-01 00:00:00-04:00,402.6493843637014,409.0384470027673,401.162857168779,403.98822021484375,24230400,0.0,0.0
2024-11-04 00:00:00-05:00,403.4270065821216,404.0373899234799,399.2628084141344,402.10784912109375,19672300,0.0,0.0
2024-11-05 00:00:00-05:00,402.019305938334,408.4477546696806,401.73380740675793,405.0612487792969,17626000,0.0,0.0
2024-11-06 00:00:00-05:00,406.00632872643234,413.91145024796907,404.1358522419557,413.6456298828125,26681800,0.0,0.0
2024-11-07 00:00:00-05:00,414.7285393416903,420.2119257079772,413.35031719618456,418.8139953613281,19901800,0.0,0.0
2024-11-08 00:00:00-05:00,418.70569909892066,419.8673412736044,415.22074253188157,415.96893310546875,16891400,0.0,0.0
2024-11-11 00:00:00-05:00,415.94927334689254,418.20366938728347,409.5306783384117,411.5094299316406,24503300,0.0,0.0
2024-11-12 00:00:00-05:00,411.7456911405818,417.8394313280264,410.7120319666306,416.45135498046875,19401200,0.0,0.0
2024-11-13 00:00:00-05:00,415.0829505962656,422.65333320998997,411.70626883397995,418.58758544921875,21502200,0.0,0.0
2024-11-14 00:00:00-05:00,418.3906594438851,421.5113747579457,413.4684163916041,420.25128173828125,30246900,0.0,0.0
2024-11-15 00:00:00-05:00,413.29122260558944,416.22486023548765,407.207337406915,408.5461730957031,28247600,0.0,0.0
2024-11-18 00:00:00-05:00,408.41819885611204,411.89330132284374,405.69128696291637,409.29437255859375,24727000,0.0,0.0
2024-11-19 00:00:00-05:00,406.68560375296545,411.4405079817959,405.1498661250552,411.2928466796875,18133500,0.0,0.0
2024-11-20 00:00:00-05:00,410.38713903081657,410.8006207181085,404.19494808048387,409.0285949707031,19191700,0.0,0.0
2024-11-21 00:00:00-05:00,413.80284233986384,414.0790385036892,404.71793020151534,407.26287841796875,20780200,0.83,0.0
2024-11-22 00:00:00-05:00,405.7832472742104,411.73135363774225,405.4774597411712,411.3367919921875,24814600,0.0,0.0
2024-11-25 00:00:00-05:00,412.698073057269,415.36138685697927,409.21601445717323,413.1025085449219,27691100,0.0,0.0
2024-11-26 00:00:00-05:00,413.8916059444426,423.21327891734404,413.16166540924917,422.1775207519531,23458900,0.0,0.0
2024-11-27 00:00:00-05:00,419.33668746447955,421.4279216336492,416.28865548862075,417.2454833984375,18332400,0.0,0.0
2024-11-29 00:00:00-05:00,414.384847961252,419.10980447039015,412.1259395107062,417.7090759277344,16271900,0.0,0.0
2024-12-02 00:00:00-05:00,415.84477479075025,427.11953971126485,415.58829615007085,425.1269836425781,20207200,0.0,0.0
2024-12-03 00:00:00-05:00,424.00241788094525,426.5967051479557,421.93093157664276,425.3439636230469,18302000,0.0,0.0
2024-12-04 00:00:00-05:00,427.1490975254907,433.698935348809,426.754535872994,431.4794921875,26009400,0.0,0.0
2024-12-05 00:00:00-05:00,431.9726738856543,438.62112911545074,430.24644042721326,436.60882568359375,21697800,0.0,0.0
2024-12-06 00:00:00-05:00,436.2931878578621,440.04159877439776,435.7703869006791,437.54595947265625,18821000,0.0,0.0
2024-12-09 00:00:00-05:00,436.5891099408423,442.2412722506749,434.5176237615362,439.962646484375,19144400,0.0,0.0
2024-12-10 00:00:00-05:00,438.3548667232301,443.5138201555157,435.60274857576576,437.3092346191406,18469500,0.0,0.0
2024-12-11 00:00:00-05:00,438.01948123467236,444.23394093068583,438.01948123467236,442.89239501953125,19200200,0.0,0.0
2024-12-12 00:00:00-05:00,443.01071967285327,449.96499320791463,443.01071967285327,443.4546203613281,20834800,0.0,0.0
2024-12-13 00:00:00-05:00,442.34983294961415,445.2992167545738,439.5286583553318,441.1957092285156,20177800,0.0,0.0
2024-12-16 00:00:00-05:00,441.19569319284585,446.039014950384,439.23272866925197,445.45703125,23598800,0.0,0.0
2024-12-17 00:00:00-05:00,444.88489699979203,449.1067696297947,443.46445105856475,448.28802490234375,22733500,0.0,0.0
2024-12-18 00:00:00-05:00,445.19070178831043,446.50262602359174,431.08488976149135,431.44989013671875,24444500,0.0,0.0
2024-12-19 00:00:00-05:00,435.6224173363725,437.1612287919841,430.39440791706704,431.0947570800781,22963700,0.0,0.0
2024-12-20 00:00:00-05:00,427.22800034083093,437.7136411325363,422.80886164173944,430.6706237792969,64263700,0.0,0.0
2024-12-23 00:00:00-05:00,430.8087749659741,431.7064201820156,426.95187171586906,429.3390197753906,19152500,0.0,0.0
2024-12-24 00:00:00-05:00,428.74712104240933,433.6299083717355,428.2933766162313,433.3635559082031,7164500,0.0,0.0
2024-12-26 00:00:00-05:00,433.1169230295789,434.9516783695283,430.7002140852734,432.16009521484375,8194200,0.0,0.0
2024-12-27 00:00:00-05:00,428.69777768381334,429.30935275325726,420.5598195240772,424.68304443359375,18117700,0.0,0.0
2024-12-30 00:00:00-05:00,420.2737923808389,421.7435474622816,416.17028459927946,419.06048583984375,13158700,0.0,0.0
2024-12-31 00:00:00-05:00,420.313230174155,420.9346790911402,414.94710727917607,415.77569580078125,13246500,0.0,0.0
2025-01-02 00:00:00-05:00,419.7509500092328,420.2836247921959,409.21600045312425,412.89532470703125,16896500,0.0,0.0
2025-01-03 00:00:00-05:00,415.3613950253171,418.27134378737713,413.8423310893823,417.6005859375,16662900,0.0,0.0
2025-01-06 00:00:00-05:00,422.1874466156374,428.42162361284306,419.7016808979234,422.03948974609375,20573600,0.0,0.0
2025-01-07 00:00:00-05:00,423.1738138555601,424.80139942668757,415.0851648128758,416.63385009765625,18139100,0.0,0.0
2025-01-08 00:00:00-05:00,417.70903085107875,421.17137158470763,415.8151230042094,418.7940979003906,15054600,0.0,0.0
2025-01-10 00:00:00-05:00,418.8631994200863,418.9420997125399,409.383695034764,413.2603454589844,20201100,0.0,0.0
2025-01-13 00:00:00-05:00,409.6007318390263,412.81646832203865,406.69081302742603,411.5242614746094,17604800,0.0,0.0
2025-01-14 00:00:00-05:00,412.1357932076061,414.03957499111027,405.14208486737954,410.0248718261719,16935900,0.0,0.0
2025-01-15 00:00:00-05:00,413.43787278736687,422.3353628905166,412.58953664498,420.5203552246094,19637800,0.0,0.0
2025-01-16 00:00:00-05:00,422.87788427352234,423.6571336957602,418.6264203199314,418.8138122558594,15300000,0.0,0.0
2025-01-17 00:00:00-05:00,428.1947089431654,428.57942688248704,422.3551241092644,423.20343017578125,26197500,0.0,0.0
2025-01-21 00:00:00-05:00,424.3575582513444,425.0480336398343,419.82002384260585,422.6806335449219,26085700,0.0,0.0
2025-01-22 00:00:00-05:00,431.61761238386987,441.1957350447454,430.0788007344463,440.1402893066406,27803800,0.0,0.0
2025-01-23 00:00:00-05:00,435.9972845633218,440.68277574358376,435.50407496539947,440.643310546875,18389300,0.0,0.0
2025-01-24 00:00:00-05:00,439.11439458237174,440.5841496239721,435.40544858930485,438.0293273925781,15549500,0.0,0.0
2025-01-27 00:00:00-05:00,418.2516444520013,429.2896784954125,417.74856099112463,428.6583557128906,35647800,0.0,0.0
2025-01-28 00:00:00-05:00,428.6978201786795,442.29067649663904,425.5215489294809,441.126708984375,23491700,0.0,0.0
2025-01-29 00:00:00-05:00,440.62361853818396,440.81104060450724,434.41903300783486,436.32281494140625,23581400,0.0,0.0
2025-01-30 00:00:00-05:00,413.0827588425547,417.1172097708342,407.54896156269734,409.3540954589844,54586300,0.0,0.0
2025-01-31 00:00:00-05:00,413.2899333042713,414.976701732093,409.27519987674,409.42315673828125,34161900,0.0,0.0
2025-02-03 00:00:00-05:00,406.01014380943144,409.7683985075356,403.1100689884043,405.3393859863281,25679100,0.0,0.0
2025-02-04 00:00:00-05:00,407.0853452090854,408.29865167160733,404.1753965052981,406.7696838378906,20532100,0.0,0.0
2025-02-05 00:00:00-05:00,406.74997908357795,408.2098602907994,404.8264495269334,407.6772155761719,16316700,0.0,0.0
2025-02-06 00:00:00-05:00,408.37753095462284,412.5205034548323,408.37753095462284,410.1728210449219,16309800,0.0,0.0
2025-02-07 00:00:00-05:00,410.8238533335017,412.96436600470287,402.5576561425311,404.18524169921875,22886800,0.0,0.0
2025-02-10 00:00:00-05:00,408.0914896331453,409.81772327895646,405.3394016663598,406.6217346191406,20817900,0.0,0.0
2025-02-11 00:00:00-05:00,404.07678288840276,406.88805357704496,403.741373863551,405.8523254394531,18140600,0.0,0.0
2025-02-12 00:00:00-05:00,401.67976029438313,405.17169274595005,398.8783333348811,403.48492431640625,19121700,0.0,0.0
2025-02-13 00:00:00-05:00,401.4725759938153,405.41825241635894,400.8412533167097,404.9645080566406,23891700,0.0,0.0
2025-02-14 00:00:00-05:00,402.25191655873215,403.35670130819824,400.3678521686821,402.8832092285156,22758500,0.0,0.0
2025-02-18 00:00:00-05:00,402.4590098668831,405.0237056562673,400.9793811541372,404.0767517089844,21423100,0.0,0.0
2025-02-19 00:00:00-05:00,402.34067225656025,409.8473079963777,402.11378500109834,409.1370849609375,24114200,0.0,0.0
2025-02-20 00:00:00-05:00,410.47141636340496,414.4447616167347,407.75332449561745,411.3016662597656,23508700,0.83,0.0
2025-02-21 00:00:00-05:00,412.4976421272199,413.1993956224997,403.15730762956775,403.47357177734375,27524800,0.0,0.0
2025-02-24 00:00:00-05:00,403.77011965609864,404.62012670611466,394.6867476536957,399.31243896484375,26443700,0.0,0.0
2025-02-25 00:00:00-05:00,396.4460551720573,397.2565479767241,392.0971142682963,393.2831726074219,29387400,0.0,0.0
2025-02-26 00:00:00-05:00,393.3919357776839,398.9170718958632,389.6755530638089,395.09197998046875,19619000,0.0,0.0
2025-02-27 00:00:00-05:00,396.61407498406965,401.0322110218146,387.61968592381214,387.9754943847656,21127400,0.0,0.0
2025-02-28 00:00:00-05:00,388.10398215130573,393.01631660620876,382.0846478468725,392.38372802734375,32845700,0.0,0.0
2025-03-03 00:00:00-05:00,394.1925506012372,394.1925506012372,381.6794393165997,383.9823913574219,23007700,0.0,0.0
2025-03-04 00:00:00-05:00,378.9514121108331,388.02488953137174,376.5792652913011,384.1009521484375,29342900,0.0,0.0
2025-03-05 00:00:00-05:00,384.82253320835395,397.00948665687173,384.29868393839774,396.36700439453125,23433100,0.0,0.0
2025-03-06 00:00:00-05:00,389.70521049036057,397.4838909032578,388.12376908504734,392.2849426269531,23304600,0.0,0.0
2025-03-07 00:00:00-05:00,387.76795648683793,390.2191619837315,381.0666253730808,388.7464599609375,22034100,0.0,0.0
2025-03-10 00:00:00-04:00,381.3631114017718,381.9166113327009,372.8431337183802,375.7490234375,32840100,0.0,0.0
2025-03-11 00:00:00-04:00,374.6025176419591,381.5212976511773,372.53677123025375,376.03570556640625,30380200,0.0,0.0
2025-03-12 00:00:00-04:00,378.5067033632867,380.75035405096787,374.55311473502826,378.8229675292969,24253600,0.0,0.0
2025-03-13 00:00:00-04:00,378.7141993931464,380.84914053983084,373.07046095024094,374.3751220703125,20473000,0.0,0.0
2025-03-14 00:00:00-04:00,375.3734493768336,385.7022111357248,375.10659301872727,384.05157470703125,19952800,0.0,0.0
2025-03-17 00:00:00-04:00,382.2131776873556,388.15342385678485,381.0962841175908,384.1899719238281,22474300,0.0,0.0
2025-03-18 00:00:00-04:00,382.57889637930924,382.8754034622388,376.6781641211092,379.070068359375,19486900,0.0,0.0
2025-03-19 00:00:00-04:00,381.0567221702146,385.158563988563,379.54447585576617,383.3201599121094,19185500,0.0,0.0
2025-03-20 00:00:00-04:00,381.2642891356356,387.24410971121733,378.8328407062668,382.3515319824219,18470500,0.0,0.0
2025-03-21 00:00:00-04:00,378.7735544022507,387.19468720298374,378.35841433019584,386.72027587890625,39675900,0.0,0.0
2025-03-24 00:00:00-04:00,390.81219242783766,390.81219242783766,385.2870564688155,388.51910400390625,21004500,0.0,0.0
2025-03-25 00:00:00-04:00,389.34940942223693,391.7610706609813,388.0842623065983,390.57501220703125,15775000,0.0,0.0
2025-03-26 00:00:00-04:00,390.4168571879551,390.72325787798576,384.0614710304359,385.4452209472656,16108400,0.0,0.0
2025-03-27 00:00:00-04:00,385.6033351411741,387.6888383797828,382.9050004114053,386.048095703125,13766800,0.0,0.0
2025-03-28 00:00:00-04:00,383.5771397086297,384.6149747790714,372.5565178920864,374.4048156738281,21632000,0.0,0.0
2025-03-31 00:00:00-04:00,368.2174556076631,372.6948931611048,362.97893300010196,371.0343933105469,35184700,0.0,0.0
2025-04-01 00:00:00-04:00,370.30297052308924,378.4078388750376,368.89946352111616,377.7554931640625,19689500,0.0,0.0
2025-04-02 00:00:00-04:00,373.584455994143,380.61194495123306,372.2501138660857,377.7060852050781,16092600,0.0,0.0
2025-04-03 00:00:00-04:00,370.4413527847735,373.10014336261634,365.0644702169303,368.78082275390625,30198000,0.0,0.0
2025-04-04 00:00:00-04:00,359.90502676066706,370.2436515761853,355.30898645827625,355.664794921875,49209900,0.0,0.0
2025-04-07 00:00:00-04:00,346.8087713756296,366.6953157485582,340.7894367933375,353.707763671875,50425000,0.0,0.0
2025-04-08 00:00:00-04:00,363.98712785508354,369.3145725706382,346.18608632628985,350.4460754394531,35868900,0.0,0.0
2025-04-09 00:00:00-04:00,349.4379409733939,388.667426732123,349.0030438091915,385.9591979980469,50199700,0.0,0.0
2025-04-10 00:00:00-04:00,377.6269854135807,379.44563241847453,363.5324334212975,376.92523193359375,38024400,0.0,0.0
2025-04-11 00:00:00-04:00,376.2234920445777,385.52428234575257,374.4937970946495,383.94287109375,23839200,0.0,0.0
2025-04-14 00:00:00-04:00,388.6575350248574,390.07093573374146,379.75206690221165,383.310302734375,19251200,0.0,0.0
2025-04-15 00:00:00-04:00,384.0021985236263,387.3429858222691,379.70266475267175,381.25445556640625,17199900,0.0,0.0
2025-04-16 00:00:00-04:00,376.25315416820064,377.18221973337427,363.730149078798,367.2982482910156,21967800,0.0,0.0
2025-04-17 00:00:00-04:00,369.41342738591277,369.97682098932336,362.6330375516977,363.5126953125,21120200,0.0,0.0
2025-04-21 00:00:00-04:00,358.6102676210093,360.2510105389955,351.5432339047138,354.95318603515625,20807300,0.0,0.0
2025-04-22 00:00:00-04:00,359.1637542302739,363.5028019496421,355.68457702509073,362.5638427734375,19485000,0.0,0.0
2025-04-23 00:00:00-04:00,371.6965961898571,375.9763723537339,368.69186067990836,370.0459899902344,20545500,0.0,0.0
2025-04-24 00:00:00-04:00,371.34077108557176,383.9428330432701,370.8366789549492,382.80615234375,22232300,0.0,0.0
2025-04-25 00:00:00-04:00,382.50973412207856,387.60986752999173,380.13758676487225,387.303466796875,18973200,0.0,0.0
2025-04-28 00:00:00-04:00,387.4121350910717,388.1830836548117,382.15388522315925,386.6214294433594,16579400,0.0,0.0
2025-04-29 00:00:00-04:00,386.75978890275064,390.5157161336794,385.8504804253008,389.468017578125,14974000,0.0,0.0
2025-04-30 00:00:00-04:00,385.7713871677669,392.0576085897077,379.97939447353656,390.6738586425781,36461100,0.0,0.0
2025-05-01 00:00:00-04:00,426.1078502028247,431.91962985286955,419.9699127886788,420.464111328125,58938100,0.0,0.0
2025-05-02 00:00:00-04:00,426.7305579775838,434.3412277785372,425.0008630376841,430.2294921875,30757400,0.0,0.0
2025-05-05 00:00:00-04:00,427.8474632490504,434.40054108405303,427.09627177369964,431.10919189453125,20136100,0.0,0.0
2025-05-06 00:00:00-04:00,427.18524232094876,432.65107712392626,426.1671945058241,428.2823486328125,15104200,0.0,0.0
2025-05-07 00:00:00-04:00,428.8061738000786,433.0365119798482,426.10783898687293,428.3218688964844,23295300,0.0,0.0
2025-05-08 00:00:00-04:00,432.8487322038109,438.5221520354275,430.60508165893515,433.0859680175781,23491300,0.0,0.0
2025-05-09 00:00:00-04:00,434.8946881691784,435.6260923106028,430.82249727884243,433.6394348144531,15324200,0.0,0.0
2025-05-12 00:00:00-04:00,440.7657862582039,444.15598092637396,434.6772567640601,444.0472717285156,22821900,0.0,0.0
2025-05-13 00:00:00-04:00,442.5844751269483,445.4409573721911,440.19254074927665,443.9287109375,23618800,0.0,0.0
2025-05-14 00:00:00-04:00,442.940276452347,448.6334230518337,442.940276452347,447.6845703125,19902800,0.0,0.0
2025-05-15 00:00:00-04:00,446.35766502511365,451.7246251089068,446.0209967126778,448.694580078125,21992300,0.83,0.0
2025-05-16 00:00:00-04:00,447.6251846388841,449.9125712368337,444.33770477780746,449.8234558105469,23849800,0.0,0.0
2025-05-19 00:00:00-04:00,446.46660651740484,455.0913410046994,446.3873726676465,454.3783874511719,21336500,0.0,0.0
2025-05-20 00:00:00-04:00,451.1305396548173,453.85362179890075,449.87298168888566,453.685302734375,15441800,0.0,0.0
2025-05-21 00:00:00-04:00,450.12049890400635,453.29906971148773,447.3875051898017,448.14007568359375,19216900,0.0,0.0
2025-05-22 00:00:00-04:00,450.49682997275477,455.7449399531106,449.45708954496587,450.4076843261719,18025600,0.0,0.0
2025-05-23 00:00:00-04:00,445.5754438212613,449.2491205375805,444.51591011589574,445.7734680175781,16883500,0.0,0.0
2025-05-27 00:00:00-04:00,452.0117902439012,456.4380371890779,451.6552983634028,456.1805725097656,20974300,0.0,0.0
2025-05-28 00:00:00-04:00,456.7054113344306,457.9926743719098,452.45739496057166,452.8831787109375,17086300,0.0,0.0
2025-05-29 00:00:00-04:00,457.03221043821725,457.2005597280811,450.85329893273473,454.1903076171875,13974800,0.0,0.0
2025-05-30 00:00:00-04:00,455.2200705832806,457.16087682654637,451.08099341488645,455.8537902832031,34770500,0.0,0.0
2025-06-02 00:00:00-04:00,452.6653804963421,457.5867035205711,452.41782757710985,457.4480895996094,16626500,0.0,0.0
2025-06-03 00:00:00-04:00,456.9529759669727,459.5968543955761,456.3489311405408,458.43829345703125,15743800,0.0,0.0
2025-06-04 00:00:00-04:00,459.4581695952893,461.13162957016016,458.48775137554446,459.3294372558594,14162700,0.0,0.0
2025-06-05 00:00:00-04:00,460.408765640122,465.0528603462912,459.48787612751937,463.1021423339844,20131700,0.0,0.0
2025-06-06 00:00:00-04:00,465.4885564998141,468.70674412433226,464.1913817517478,465.7757263183594,15285600,0.0,0.0
2025-06-09 00:00:00-04:00,465.10242514198006,468.7958952647425,464.0329796350046,468.12255859375,16469900,0.0,0.0
2025-06-10 00:00:00-04:00,466.57783210788693,468.172058367284,462.38922592870773,466.31048583984375,15375900,0.0,0.0
2025-06-11 00:00:00-04:00,465.41924870930376,470.81591405576256,465.0627870357861,467.9938049316406,16399200,0.0,0.0
2025-06-12 00:00:00-04:00,470.37032681118086,475.7174938929388,468.88500933710617,474.1826477050781,18950600,0.0,0.0
2025-06-13 00:00:00-04:00,471.7467014438283,474.48957663576516,468.13243522834,470.3108825683594,16814500,0.0,0.0
2025-06-16 00:00:00-04:00,470.5584575569121,475.98482813726486,470.3505215770748,474.45001220703125,15626100,0.0,0.0
2025-06-17 00:00:00-04:00,470.7466055851971,474.0539088222925,469.4395189734987,473.36077880859375,15414100,0.0,0.0
2025-06-18 00:00:00-04:00,473.3211811212961,476.291816149254,469.8158233270243,475.53924560546875,17526500,0.0,0.0
2025-06-20 00:00:00-04:00,477.5097592999014,478.7277002496467,472.2022093150259,472.7270202636719,37576200,0.0,0.0
2025-06-23 00:00:00-04:00,473.52910172023695,482.97572926336846,467.8849134818946,481.24285888671875,24864000,0.0,0.0
2025-06-24 00:00:00-04:00,484.16397269221426,487.0355802812341,482.03499358247046,485.3125915527344,22305600,0.0,0.0
2025-06-25 00:00:00-04:00,487.223778215148,489.71910084538035,484.5997232276066,487.4515075683594,17495100,0.0,0.0
2025-06-26 00:00:00-04:00,488.15456314430565,493.1650318097281,487.98621386300664,492.580810546875,21578900,0.0,0.0
2025-06-27 00:00:00-04:00,492.6797975508017,494.4126679494895,488.2040517426954,491.0855712890625,34539200,0.0,0.0
2025-06-30 00:00:00-04:00,492.17482524139086,495.85841392483957,490.4815414994746,492.54119873046875,28369000,0.0,0.0
2025-07-01 00:00:00-04:00,491.61036068604886,493.1748817381986,486.1741086010328,487.2336120605469,19945400,0.0,0.0
2025-07-02 00:00:00-04:00,485.1938116448169,488.66946431331223,483.9164603345879,486.2830505371094,16319600,0.0,0.0
2025-07-03 00:00:00-04:00,488.9764203666982,495.2345653483035,488.6100468852986,493.9571838378906,13984800,0.0,0.0
2025-07-07 00:00:00-04:00,492.51147619590915,493.86806132382594,490.38252718836065,492.84814453125,13981600,0.0,0.0
2025-07-08 00:00:00-04:00,492.3727764173614,493.3234012532191,489.27340946253565,491.75885009765625,11846600,0.0,0.0
2025-07-09 00:00:00-04:00,495.4028504286207,501.8194324629264,494.84833435120834,498.5814514160156,18659500,0.0,0.0
2025-07-10 00:00:00-04:00,498.12592881176073,499.50233742843255,492.877819466512,496.5713195800781,16492100,0.0,0.0
2025-07-11 00:00:00-04:00,493.59080845907414,500.08659454551145,492.9273533491097,498.3933410644531,16459500,0.0,0.0
2025-07-14 00:00:00-04:00,496.6109349689791,499.0369655948213,496.1257409313552,498.09625244140625,12058800,0.0,0.0
2025-07-15 00:00:00-04:00,498.0962552049,503.3245715280963,497.8685258646023,500.8688659667969,14927200,0.0,0.0
2025-07-16 00:00:00-04:00,500.23514183467364,501.760076321519,496.97736708309617,500.67083740234375,15154400,0.0,0.0
2025-07-17 00:00:00-04:00,500.7302212088446,508.34495123446135,500.67081092720053,506.6913146972656,17503100,0.0,0.0
2025-07-18 00:00:00-04:00,509.44409517028413,509.6025628871289,502.46311478523944,505.0574645996094,21209700,0.0,0.0
2025-07-21 00:00:00-04:00,501.7501069031347,507.0774803175347,500.60145783110823,505.06732177734375,14066800,0.0,0.0
2025-07-22 00:00:00-04:00,505.968437121084,506.19619667447284,500.32421875,500.32421875,13868600,0.0,0.0
2025-07-23 00:00:00-04:00,501.78972599996087,501.8293429250601,495.79895793496456,500.9183349609375,16396600,0.0,0.0
2025-07-24 00:00:00-04:00,503.7899408054956,508.6419715627398,502.33432855643633,505.8793029785156,16107000,0.0,0.0
2025-07-25 00:00:00-04:00,507.4537274302719,513.2167663968169,505.3643953860848,508.681640625,19125700,0.0,0.0
2025-07-28 00:00:00-04:00,509.04798015617376,509.9589578768102,505.1267205865717,507.4834289550781,14308000,0.0,0.0
2025-07-29 00:00:00-04:00,510.48381297361453,512.5533213636355,506.55264151082275,507.5527648925781,16469200,0.0,0.0
2025-07-30 00:00:00-04:00,510.12728763864055,510.8996816885534,504.4533945708925,508.2161865234375,26380400,0.0,0.0
2025-07-31 00:00:00-04:00,549.7951084550788,550.0129864113624,526.6935178159886,528.27783203125,51617300,0.0,0.0
2025-08-01 00:00:00-04:00,529.7632164041114,530.5553736121248,515.7616096000787,518.9797973632812,28977600,0.0,0.0
2025-08-04 00:00:00-04:00,523.0991779644736,532.9814718412621,522.960533815094,530.3970336914062,25349000,0.0,0.0
2025-08-05 00:00:00-04:00,531.9219176627233,532.0407382325785,522.0792108748774,522.584228515625,19171600,0.0,0.0
2025-08-06 00:00:00-04:00,525.7034415927023,526.495598904166,518.9006917137275,519.8017578125,21355700,0.0,0.0
2025-08-07 00:00:00-04:00,521.6435053063135,522.9209170643583,512.4840471895837,515.7418823242188,16079100,0.0,0.0
2025-08-08 00:00:00-04:00,517.4845698020915,519.524403327164,514.3257923084495,516.9300537109375,15531000,0.0,0.0
2025-08-11 00:00:00-04:00,517.1875004407061,522.4257584225397,514.6327376205326,516.6627197265625,20194400,0.0,0.0
2025-08-12 00:00:00-04:00,518.6233183732385,525.7825288027884,517.5836082950698,524.0595703125,18667000,0.0,0.0
2025-08-13 00:00:00-04:00,526.901545781552,527.4857972911225,514.2862580919234,515.4844360351562,19619200,0.0,0.0
2025-08-14 00:00:00-04:00,517.445017549053,520.8018496782777,515.0487221853349,517.3657836914062,20269100,0.0,0.0
2025-08-15 00:00:00-04:00,517.6529556536844,520.9503168823401,513.9990723038397,515.078369140625,25213300,0.0,0.0
2025-08-18 00:00:00-04:00,516.4844919382945,517.7024328589179,508.9885829187347,512.0383911132812,23760600,0.0,0.0
2025-08-19 00:00:00-04:00,509.9589996924715,510.11740696385556,503.5721224631474,504.7801818847656,21481000,0.0,0.0
2025-08-20 00:00:00-04:00,504.87923949406314,505.9981835608303,499.50239716393804,500.7698669433594,27723000,0.0,0.0
2025-08-21 00:00:00-04:00,499.57959198776825,503.48744166230597,498.617506554828,500.1250915527344,18443300,0.83,0.0
2025-08-22 00:00:00-04:00,500.13506667774504,506.5621975190336,498.3100856343386,503.09075927734375,24324200,0.0,0.0
2025-08-25 00:00:00-04:00,502.4956437530773,504.04291093011733,500.00611695670057,500.1449890136719,21638600,0.0,0.0
2025-08-26 00:00:00-04:00,500.2441598895975,500.85912581033193,494.4419229807315,497.943115234375,30835700,0.0,0.0
2025-08-27 00:00:00-04:00,497.9034268047853,503.1502662118434,495.8205578102606,502.604736328125,17277900,0.0,0.0
2025-08-28 00:00:00-04:00,502.95190067142187,506.919258768041,501.3748794602406,505.4811096191406,18015600,0.0,0.0
2025-08-29 00:00:00-04:00,504.5090702372647,505.44140176386463,500.3730863144936,502.5551452636719,20961600,0.0,0.0
2025-09-02 00:00:00-04:00,496.38587753866574,501.87074834041937,492.75574161607386,500.9979248046875,18128000,0.0,0.0
2025-09-03 00:00:00-04:00,499.6788070917271,503.64616490840893,498.220801883355,501.22607421875,16345100,0.0,0.0
2025-09-04 00:00:00-04:00,500.1846427841772,504.00323087503085,499.0440334241921,503.82470703125,15509500,0.0,0.0
2025-09-05 00:00:00-04:00,504.9157294675595,507.79205789513924,488.35199810583333,490.9605407714844,31994800,0.0,0.0
2025-09-08 00:00:00-04:00,494.0451377441344,497.1099483047291,490.990285532587,494.1344299316406,16771000,0.0,0.0
2025-09-09 00:00:00-04:00,497.33805669614713,498.15137232357364,493.63851485593227,494.34271240234375,14410500,0.0,0.0
2025-09-10 00:00:00-04:00,498.8754294126598,499.1233892811019,492.66650462093776,496.2867126464844,21611800,0.0,0.0
2025-09-11 00:00:00-04:00,498.15138006137016,499.0638857033828,493.8170463660224,496.9215087890625,18881600,0.0,0.0
2025-09-12 00:00:00-04:00,502.5154742767582,508.367321245748,499.73833579713096,505.73895263671875,23624900,0.0,0.0
2025-09-15 00:00:00-04:00,504.63802593930427,511.2634762434591,502.86262476523797,511.1543884277344,17143800,0.0,0.0
2025-09-16 00:00:00-04:00,512.6619733694059,513.0090929577493,504.449544036503,504.8859558105469,19711900,0.0,0.0
2025-09-17 00:00:00-04:00,506.4530809454648,507.11762672901375,501.8013512662406,505.85797119140625,15816600,0.0,0.0
2025-09-18 00:00:00-04:00,507.31598208941665,508.88310546808697,503.51725007824297,504.3008117675781,18913700,0.0,0.0
2025-09-19 00:00:00-04:00,506.39357782967863,515.0622454615835,506.1456179521661,513.7034301757812,52474100,0.0,0.0
2025-09-22 00:00:00-04:00,511.3825425873763,513.5149611406991,508.35738375283694,510.2518310546875,20009300,0.0,0.0
2025-09-23 00:00:00-04:00,509.6071466116137,510.3907385966617,503.17011764420596,505.074462890625,19799600,0.0,0.0
2025-09-24 00:00:00-04:00,506.215041937542,508.29788064425674,502.7832857896144,505.9869079589844,13533700,0.0,0.0
2025-09-25 00:00:00-04:00,504.15198973027213,505.84805701475193,500.9186136455738,502.8923645019531,15786500,0.0,0.0
2025-09-26 00:00:00-04:00,505.8975942449135,509.745935901324,502.4856643393456,507.2861633300781,16213100,0.0,0.0
2025-09-29 00:00:00-04:00,507.3258652143003,512.6321819161793,504.7272507672145,510.4005432128906,17617800,0.0,0.0
2025-09-30 00:00:00-04:00,509.05168089535164,513.9315141469417,505.5009089039439,513.7232666015625,19728200,0.0,0.0
2025-10-01 00:00:00-04:00,510.5989067561486,516.2623314762835,507.51430077675985,515.4688720703125,22632300,0.0,0.0
2025-10-02 00:00:00-04:00,513.4157691025699,517.3434144406598,506.51254498360566,511.53125,21222900,0.0,0.0
2025-10-03 00:00:00-04:00,512.8801529316524,516.2425031799986,510.7973143114264,513.1281127929688,15112300,0.0,0.0
2025-10-06 00:00:00-04:00,514.377848960065,526.6965386672223,513.9712214168786,524.256591796875,21388600,0.0,0.0
2025-10-07 00:00:00-04:00,523.9788663400786,525.4765536672338,517.1847899970462,519.7040405273438,14615200,0.0,0.0
2025-10-08 00:00:00-04:00,519.0097599169904,522.6497936321297,518.8213080060119,520.56689453125,13363400,0.0,0.0
2025-10-09 00:00:00-04:00,518.07745494396,520.0512058016051,513.1777655449532,518.136962890625,18343600,0.0,0.0
2025-10-10 00:00:00-04:00,515.3994727403434,519.3073226434543,505.47115003636685,506.790283203125,24133800,0.0,0.0
2025-10-13 00:00:00-04:00,512.1958293204747,512.1958293204747,507.50444767633473,509.8551025390625,14284200,0.0,0.0
2025-10-14 00:00:00-04:00,506.06619700641784,511.07500383118867,501.87070570435134,509.3789367675781,14684300,0.0,0.0
2025-10-15 00:00:00-04:00,510.75768630195654,512.9694689959882,505.83814063109804,509.2401428222656,14694700,0.0,0.0
2025-10-16 00:00:00-04:00,508.3970827878481,512.6321960787722,503.9833851231019,507.4349670410156,15559600,0.0,0.0
2025-10-17 00:00:00-04:00,504.8859867353243,511.2734052578957,503.1700935064365,509.3889465332031,19867800,0.0,0.0
2025-10-20 00:00:00-04:00,510.41049011219013,514.4671401409408,509.2401268135401,512.5726928710938,14665600,0.0,0.0
2025-10-21 00:00:00-04:00,513.2769402267872,514.4572316509175,508.8533142722573,513.4356079101562,15586200,0.0,0.0
2025-10-22 00:00:00-04:00,516.8971212574951,520.9437823737373,513.4851913413816,516.2920532226562,18962700,0.0,0.0
2025-10-23 00:00:00-04:00,518.1964698863214,519.6743010066873,514.3778516149157,516.3119506835938,14023500,0.0,0.0
2025-10-24 00:00:00-04:00,518.5237205252405,521.0628270774097,516.4607380708425,519.3370361328125,15532400,0.0,0.0
2025-10-27 00:00:00-04:00,527.4404441110845,530.2175826339089,524.6930292943027,527.1825561523438,18734700,0.0,0.0
2025-10-28 00:00:00-04:00,545.5116410650497,549.2012543795508,536.356983260493,537.6463623046875,29986700,0.0,0.0
2025-10-29 00:00:00-04:00,540.4929653309738,541.8121286840217,532.3499420595073,537.130615234375,36023000,0.0,0.0
2025-10-30 00:00:00-04:00,526.150935240438,530.6042843733296,517.8591725476514,521.469482421875,41023100,0.0,0.0
2025-10-31 00:00:00-04:00,524.5640198650095,525.0004316167937,510.896444053691,513.5843505859375,34006400,0.0,0.0
2025-11-03 00:00:00-05:00,515.5680119038287,520.676008789008,510.3906395365282,512.8107299804688,22374700,0.0,0.0
2025-11-04 00:00:00-05:00,507.5838081580189,511.342858187808,503.6957838776707,510.1328430175781,20958700,0.0,0.0
2025-11-05 00:00:00-05:00,509.11117977922714,510.6287232020861,502.4460174356622,503.02130126953125,23024300,0.0,0.0
2025-11-06 00:00:00-05:00,501.53353925537283,501.5732213085109,491.7639146320967,493.04339599609375,27406500,0.0,0.0
2025-11-07 00:00:00-05:00,492.89463000746537,495.30479262227396,489.2248119110569,492.76568603515625,24019800,0.0,0.0
2025-11-10 00:00:00-05:00,495.95940345274505,502.7138276367279,494.72950196106785,501.8707580566406,26101500,0.0,0.0
2025-11-11 00:00:00-05:00,500.68055811559174,505.4414057875519,498.2505695472254,504.5289001464844,17980000,0.0,0.0
2025-11-12 00:00:00-05:00,505.203338237195,507.494515261433,495.0469117437556,506.9688415527344,26574900,0.0,0.0
2025-11-13 00:00:00-05:00,506.1455630365654,509.309533151825,497.1991825232493,499.182861328125,25273100,0.0,0.0
2025-11-14 00:00:00-05:00,494.16422868288754,507.42511859094293,493.38066696511515,506.0166931152344,28505700,0.0,0.0
2025-11-17 00:00:00-05:00,504.300789978241,507.94082387806293,500.7896697837805,503.3486022949219,19092800,0.0,0.0
2025-11-18 00:00:00-05:00,491.3275301094218,498.87544447228873,482.8076324047851,489.76043701171875,33815100,0.0,0.0
2025-11-19 00:00:00-05:00,486.1005596390223,491.14901921379453,478.88986688506054,483.1448669433594,23245300,0.0,0.0
2025-11-20 00:00:00-05:00,489.6038857855625,490.4584800066478,472.50238827815747,475.4139099121094,26802500,0.91,0.0
2025-11-21 00:00:00-05:00,475.4834301610789,475.9007957312625,465.3179114267742,469.1436462402344,31769200,0.0,0.0
2025-11-24 00:00:00-05:00,472.005536687022,473.89355276873187,465.06952862032074,471.0118408203125,34421000,0.0,0.0
2025-11-25 00:00:00-05:00,471.08136597664605,476.12932719889915,461.9592459889855,473.9829406738281,28019800,0.0,0.0
2025-11-26 00:00:00-05:00,483.24419169180504,485.2315832491155,478.16642081896737,482.4393005371094,25709100,0.0,0.0
2025-11-28 00:00:00-05:00,484.5260924315005,489.5243812398697,483.5820692635899,488.9082946777344,14386700,0.0,0.0
2025-12-01 00:00:00-05:00,485.3607732415945,486.7718042788117,481.59465771305275,483.6714782714844,23964000,0.0,0.0
2025-12-02 00:00:00-05:00,483.6516286444489,490.38888506208144,483.2541563831954,486.91094970703125,19562700,0.0,0.0
2025-12-03 00:00:00-05:00,473.3171775583083,481.18723109312356,472.2042431453193,474.7182922363281,34615100,0.0,0.0
2025-12-04 00:00:00-05:00,476.7355071807625,478.2856702042714,473.4861025034468,477.8086853027344,22318200,0.0,0.0
2025-12-05 00:00:00-05:00,479.4780948278929,480.35255199911325,475.86105782216015,480.11407470703125,22608700,0.0,0.0
2025-12-08 00:00:00-05:00,481.8331998835391,489.1964595164875,481.32640529111774,487.9245300292969,21965900,0.0,0.0
2025-12-09 00:00:00-05:00,486.016607703579,489.01755801519323,485.42038417588924,488.9181823730469,14696100,0.0,0.0
2025-12-10 00:00:00-05:00,480.97857754952304,481.19719183884354,472.084987996716,475.5430603027344,35756200,0.0,0.0
2025-12-11 00:00:00-05:00,473.6252433732215,482.96597801292137,472.86007818396723,480.422119140625,24669200,0.0,0.0
2025-12-12 00:00:00-05:00,476.79512068758515,479.40854546431024,473.3370484252935,475.51324462890625,21248100,0.0,0.0
2025-12-15 00:00:00-05:00,477.0733729131614,477.6894594742654,469.5411415575728,471.82666015625,23727700,0.0,0.0
2025-12-16 00:00:00-05:00,468.9350114671635,474.87732355778707,467.911505956298,473.38677978515625,20705600,0.0,0.0
2025-12-17 00:00:00-05:00,473.903466892556,476.9739832708393,472.0055042784347,473.1184387207031,24527200,0.0,0.0
2025-12-18 00:00:00-05:00,475.17538699144035,486.5134594689822,474.8772903878124,480.92889404296875,28573500,0.0,0.0
2025-12-19 00:00:00-05:00,484.2875529363844,484.77448448182145,479.4482594182398,482.8566589355469,70836100,0.0,0.0
2025-12-22 00:00:00-05:00,483.0554234208069,485.64898536737695,479.6470539215635,481.8630065917969,16963000,0.0,0.0
2025-12-23 00:00:00-05:00,481.9226163967179,484.7546252629152,481.6841087754749,483.78082275390625,14683600,0.0,0.0
2025-12-24 00:00:00-05:00,482.61817584356095,486.0762481946253,481.77352833631136,484.94342041015625,5855900,0.0,0.0
2025-12-26 00:00:00-05:00,483.64171061957336,485.04282544173617,482.8964387136479,484.6354064941406,8842200,0.0,0.0
2025-12-29 00:00:00-05:00,481.80333660098637,485.27135560420123,481.1276307272214,484.02923583984375,10893400,0.0,0.0
2025-12-30 00:00:00-05:00,482.8666136001516,486.5929730105466,482.43933166580535,484.4068603515625,13944500,0.0,0.0
2025-12-31 00:00:00-05:00,484.7645645601486,485.06269150087525,480.25317705215497,480.5711669921875,15601600,0.0,0.0
2026-01-02 00:00:00-05:00,481.3363251826272,481.6046121327098,467.1960229709088,469.95849609375,25571600,0.0,0.0
2026-01-05 00:00:00-05:00,471.071443053882,473.0687813775576,466.5401924921144,469.86907958984375,25250300,0.0,0.0
2026-01-06 00:00:00-05:00,470.8130789419108,475.7219388392127,466.7886229022075,475.493408203125,23037700,0.0,0.0
2026-01-07 00:00:00-05:00,476.73551614076564,486.6128550141313,474.936929133209,480.422119140625,25564200,0.0,0.0
2026-01-08 00:00:00-05:00,478.20615894860083,479.61722033317443,472.8600706717694,475.09588623046875,18162600,0.0,0.0
2026-01-09 00:00:00-05:00,471.0714211959582,476.7951186190047,469.2231615927928,476.2585144042969,18491000,0.0,0.0
2026-01-12 00:00:00-05:00,473.6649886945649,477.95773148860775,472.68120923483104,474.1717529296875,23519900,0.0,0.0
2026-01-13 00:00:00-05:00,471.68751939768345,472.7805908527595,463.01257439213845,467.70281982421875,28545800,0.0,0.0
2026-01-14 00:00:00-05:00,463.51936213123724,465.24841354789686,454.2879494306214,456.4840087890625,28184300,0.0,0.0
2026-01-15 00:00:00-05:00,461.1941211270383,461.3233064418312,453.02593988397814,453.7811584472656,23225800,0.0,0.0
2026-01-16 00:00:00-05:00,454.94376661538865,460.2699922453042,453.6023014516422,456.9609680175781,34246700,0.0,0.0
2026-01-20 00:00:00-05:00,448.37541805572727,453.92022725149957,446.44764578645413,451.65460205078125,26130000,0.0,0.0
2026-01-21 00:00:00-05:00,449.74670883889326,449.8361378186282,435.9144504613163,441.3102111816406,37980500,0.0,0.0
2026-01-22 00:00:00-05:00,444.79810039972057,449.9851935867555,441.89652570286836,448.2959289550781,25349400,0.0,0.0
2026-01-23 00:00:00-05:00,449.02131930234236,468.1301005814363,447.6897705604439,463.0125732421875,38000200,0.0,0.0
2026-01-26 00:00:00-05:00,462.376577380716,471.26022001105116,459.0874468004336,467.31524658203125,29291200,0.0,0.0
2026-01-27 00:00:00-05:00,470.7137518035326,479.8259260665289,470.17714753577707,477.55035400390625,29213900,0.0,0.0
2026-01-28 00:00:00-05:00,480.1637149068934,480.69037244143027,474.9865685400099,478.59368896484375,36875400,0.0,0.0
2026-01-29 00:00:00-05:00,437.2162272399066,439.7104135269112,418.36581575660404,430.76715087890625,128855300,0.0,0.0
2026-01-30 00:00:00-05:00,436.4013853645445,436.8286672682951,423.7615739365565,427.5773620605469,58566800,0.0,0.0
2026-02-02 00:00:00-05:00,427.5277051213245,428.0245530606437,419.58808475506504,420.7010192871094,42219900,0.0,0.0
2026-02-03 00:00:00-05:00,419.34957819955315,419.3893041977899,405.9843574339844,408.6176452636719,61424100,0.0,0.0
2026-02-04 00:00:00-05:00,408.4089957411405,417.15350712085007,406.6600813351222,411.5788879394531,45012400,0.0,0.0
2026-02-05 00:00:00-05:00,404.87141244319446,405.72597626088844,389.84673704915224,391.188232421875,66289200,0.0,0.0
2026-02-06 00:00:00-05:00,396.6535630940219,399.25704122003975,390.4429643868461,398.61114501953125,53515300,0.0,0.0
2026-02-09 00:00:00-05:00,402.297746078297,412.2744602868579,398.34282592261525,410.9925842285156,45480500,0.0,0.0
2026-02-10 00:00:00-05:00,416.97464756162884,421.0090502850332,410.0982892644293,410.6646728515625,44857900,0.0,0.0
2026-02-11 00:00:00-05:00,413.5562839573264,413.83451755028244,398.4819366306212,401.82073974609375,42491000,0.0,0.0
2026-02-12 00:00:00-05:00,402.4467839094351,403.6392309547976,395.5008602319473,399.30670166015625,40802400,0.0,0.0
2026-02-13 00:00:00-05:00,401.90028127287496,402.98340606348665,395.54060384789733,398.7900085449219,34091600,0.0,0.0
2026-02-17 00:00:00-05:00,396.7032617740463,397.9950542597942,392.04282577248057,394.3581237792969,32078800,0.0,0.0
2026-02-18 00:00:00-05:00,395.6201070500213,400.02217209191446,393.8215201082963,397.0808410644531,23223400,0.0,0.0
2026-02-19 00:00:00-05:00,399.07278661262325,402.7976819572589,395.0690225854118,396.8517761230469,28234000,0.91,0.0
2026-02-20 00:00:00-05:00,394.51123443489973,398.5050592846536,393.56508699389525,395.6267395019531,34015200,0.0,0.0
2026-02-23 00:00:00-05:00,393.4057107487328,393.7642431363039,381.55374731391754,382.918212890625,43238300,0.0,0.0
2026-02-24 00:00:00-05:00,382.58959213032324,387.7884945775691,380.16937672197673,387.4299621582031,33884700,0.0,0.0
2026-02-25 00:00:00-05:00,388.95376053046306,399.84960746436826,388.5852587696308,398.9831237792969,43625500,0.0,0.0
2026-02-26 00:00:00-05:00,403.0765245044552,405.8453028142193,397.1306190557743,400.0986022949219,34405900,0.0,0.0
2026-02-27 00:00:00-05:00,389.30236795593413,395.2183958601928,388.30640407164015,391.15484619140625,51367200,0.0,0.0
2026-03-02 00:00:00-05:00,391.2743390590049,399.57073485574693,389.0533591512552,396.9413757324219,35474900,0.0,0.0
2026-03-03 00:00:00-05:00,391.5532542396072,405.05852201627056,391.0851500003899,402.2996826171875,38199200,0.0,0.0
2026-03-04 00:00:00-05:00,399.6504140582061,409.3710312257941,398.69429724653685,403.5645751953125,35808000,0.0,0.0
2026-03-05 00:00:00-05:00,402.78771732924594,409.9486695143622,402.7677785996419,409.0224304199219,39001300,0.0,0.0
2026-03-06 00:00:00-05:00,407.54843921074234,411.38287590243635,406.8612216895844,407.30938720703125,31123900,0.0,0.0
2026-03-09 00:00:00-04:00,403.2857003455267,408.55432729115563,401.8714182880504,407.757568359375,30131900,0.0,0.0
2026-03-10 00:00:00-04:00,408.37506928692744,408.5443965203919,401.30371964643086,404.122314453125,31706400,0.0,0.0
2026-03-11 00:00:00-04:00,403.9330670994013,407.35918518479474,399.96912002302975,403.245849609375,25512100,0.0,0.0
2026-03-12 00:00:00-04:00,402.99687655683135,404.4808530373378,400.08864860368743,400.238037109375,27263900,0.0,0.0
2026-03-13 00:00:00-04:00,399.3815063856616,403.16615688192843,392.65875035547907,393.9534912109375,26848000,0.0,0.0
2026-03-16 00:00:00-04:00,396.4633374914087,399.01300251860397,393.1965772756644,398.33575439453125,27733700,0.0,0.0
2026-03-17 00:00:00-04:00,398.6544268926901,402.7677623283013,396.1446090107731,397.79791259765625,26228300,0.0,0.0
2026-03-18 00:00:00-04:00,395.5271533612366,396.39363710184665,389.42188971563326,390.2087097167969,25908500,0.0,0.0
2026-03-19 00:00:00-04:00,388.52551763585893,390.90585551603124,385.4977789148814,387.4498596191406,25138800,0.0,0.0
2026-03-20 00:00:00-04:00,385.22889118681917,385.43803509853177,378.58579850034175,380.3287353515625,50853200,0.0,0.0
2026-03-23 00:00:00-04:00,382.3505545919761,385.64719283721575,380.1395134056624,381.4541931152344,29680100,0.0,0.0
2026-03-24 00:00:00-04:00,380.8167328036651,380.9263046350485,370.34917314154325,371.2355651855469,42733600,0.0,0.0
2026-03-25 00:00:00-04:00,375.39872248264555,375.5381416220395,368.13813722010167,369.5424499511719,31181200,0.0,0.0
2026-03-26 00:00:00-04:00,369.3233510512375,373.2076042912997,363.71606927386256,364.492919921875,36836600,0.0,0.0
2026-03-27 00:00:00-04:00,360.43931657918756,360.9871149414508,355.07108715320055,355.33001708984375,37883400,0.0,0.0
2026-03-30 00:00:00-04:00,360.4393055378546,363.8853318939423,354.8419936524484,357.51116943359375,44797000,0.0,0.0
2026-03-31 00:00:00-04:00,363.07862179545566,371.3949263066763,361.6046146993887,368.67596435546875,45244400,0.0,0.0
2026-04-01 00:00:00-04:00,371.98254731341393,372.48052926345224,366.7139201659809,367.8791809082031,29417200,0.0,0.0
2026-04-02 00:00:00-04:00,365.7278929006101,372.1319638369453,362.680245817395,371.9526672363281,24099100,0.0,0.0
2026-04-06 00:00:00-04:00,371.98252335059567,372.22157533941066,368.0086373714944,371.375,16146600,0.0,0.0
2026-04-07 00:00:00-04:00,368.8452727581139,370.9467724245638,365.080530373921,370.78741455078125,21443300,0.0,0.0
2026-04-08 00:00:00-04:00,383.426192668859,383.4461010048471,369.9109552686541,372.81915283203125,33064800,0.0,0.0
2026-04-09 00:00:00-04:00,370.9965632857518,371.99252721403565,365.5685477188417,371.56427001953125,30435300,0.0,0.0
2026-04-10 00:00:00-04:00,371.47463812837884,374.12390583360843,368.5365323725683,369.3731384277344,28111100,0.0,0.0
2026-04-13 00:00:00-04:00,372.10205289266787,382.98796126737693,369.5225100750242,382.8186340332031,35745800,0.0,0.0
2026-04-14 00:00:00-04:00,386.3543213772784,393.09698589720546,384.95994763093,391.5233459472656,37504500,0.0,0.0
2026-04-15 00:00:00-04:00,396.3936283702306,412.69755239260473,395.1287651714373,409.5602722167969,45063400,0.0,0.0
2026-04-16 00:00:00-04:00,418.16537187855886,419.12151906860663,410.4765600541581,418.56378173828125,41642400,0.0,0.0
2026-04-17 00:00:00-04:00,423.10539315661504,429.83808848207923,418.99205736838906,421.0835876464844,48568200,0.0,0.0
2026-04-20 00:00:00-04:00,419.4501847919345,421.6213787702164,414.6197538627068,416.38262939453125,27582200,0.0,0.0
2026-04-21 00:00:00-04:00,418.54386715015573,425.4558591722327,415.51615872358184,422.44805908203125,32048500,0.0,0.0
2026-04-22 00:00:00-04:00,424.4698510786937,431.9495495900464,421.9600330275293,431.1726989746094,29378200,0.0,0.0
2026-04-23 00:00:00-04:00,418.19526527607866,421.9500379562064,409.7494810939023,414.07196044921875,38308000,0.0,0.0
2026-04-24 00:00:00-04:00,415.28707116170386,423.23487407473965,414.12178001797366,422.90618896484375,27457400,0.0,0.0
2026-04-27 00:00:00-04:00,420.6752229306716,425.38611256831246,415.3866572294081,423.1053771972656,30867300,0.0,0.0
2026-04-28 00:00:00-04:00,422.8563830057505,428.1847957314844,420.197146128082,427.5174865722656,30438100,0.0,0.0
2026-04-29 00:00:00-04:00,422.866306449911,425.0972860808559,418.59364353468584,422.7467956542969,38288300,0.0,0.0
2026-04-30 00:00:00-04:00,409.15192465494977,412.74737011555624,396.4035989759817,406.1341552734375,70909400,0.0,0.0
2026-05-01 00:00:00-04:00,411.1338775963461,415.4264794885345,408.7834174283456,412.76727294921875,31372400,0.0,0.0
2026-05-04 00:00:00-04:00,409.87897009526375,419.0816663151199,409.14193618030583,411.9505615234375,28066500,0.0,0.0
2026-05-05 00:00:00-04:00,413.6437352165572,415.09783400354706,407.1500311208482,409.7196350097656,25700900,0.0,0.0
2026-05-06 00:00:00-04:00,406.3532485673598,416.73120520087787,403.4748984673602,412.2891845703125,30285900,0.0,0.0
2026-05-07 00:00:00-04:00,418.41437649189606,426.25263786097554,417.06984955189336,419.07171630859375,34942400,0.0,0.0
2026-05-08 00:00:00-04:00,415.70537649227293,416.9403619714099,412.32904436576047,413.44451904296875,33383800,0.0,0.0
2026-05-11 00:00:00-04:00,406.22377045102496,411.02432350049145,403.86334099070683,410.99444580078125,35657900,0.0,0.0
2026-05-12 00:00:00-04:00,412.8071154720842,413.8229876767416,404.9987623844293,406.1241760253906,38594200,0.0,0.0
2026-05-13 00:00:00-04:00,401.57265715241186,404.6700902960666,399.41140211310335,403.57452392578125,29667100,0.0,0.0
2026-05-14 00:00:00-04:00,402.847493220503,410.1777730080913,399.2620170659624,407.7774963378906,27077500,0.0,0.0
2026-05-15 00:00:00-04:00,412.5979239362014,426.4418454559798,411.2434277199191,420.2170715332031,50771200,0.0,0.0
2026-05-18 00:00:00-04:00,414.93848271907115,423.40417602339767,413.9325494355234,421.83056640625,32564100,0.0,0.0
2026-05-19 00:00:00-04:00,428.16486989475214,430.9535870211983,414.808990493047,415.7352600097656,33018700,0.0,0.0
2026-05-20 00:00:00-04:00,412.49835957243755,420.3963455784958,409.63991780241736,419.36053466796875,27864000,0.0,0.0
2026-05-21 00:00:00-04:00,423.9518891931334,425.5388979071037,414.92886694253497,418.3025207519531,31393500,0.91,0.0
2026-05-22 00:00:00-04:00,418.7517174636334,423.60257118762803,415.54772693408205,417.7835388183594,22390300,0.0,0.0
2026-05-26 00:00:00-04:00,415.6475333356961,418.9812539216563,412.24393696715845,415.248291015625,30398000,0.0,0.0
2026-05-27 00:00:00-04:00,410.23773822181624,415.15846763645,408.8104019854481,411.8946228027344,28901500,0.0,0.0
2026-05-28 00:00:00-04:00,412.2040283766931,428.68298564682067,411.89461329838434,426.18768310546875,47250500,0.0,0.0
2026-05-29 00:00:00-04:00,431.7372486144539,449.48383969057267,431.54760317786213,449.3940124511719,79654400,0.0,0.0
2026-06-01 00:00:00-04:00,463.96658383705716,465.4438139523178,457.40892124774234,459.6546936035156,53628900,0.0,0.0
2026-06-02 00:00:00-04:00,446.0403151791343,452.64787129328397,439.6024225764256,440.48077392578125,37036800,0.0,0.0
2026-06-03 00:00:00-04:00,437.62618910935214,439.56254639446627,423.45285793258154,426.53704833984375,39037000,0.0,0.0
2026-06-04 00:00:00-04:00,434.9911260035114,435.33048350032107,425.60879436274143,427.2456970214844,26899500,0.0,0.0
2026-06-05 00:00:00-04:00,427.5351398188391,428.66302140752947,413.6213308264138,415.8870849609375,34782200,0.0,0.0
2026-06-08 00:00:00-04:00,413.3618539280056,416.37616844333525,407.79232157753756,410.9663391113281,32086700,0.0,0.0
2026-06-09 00:00:00-04:00,408.26144336727174,411.20591258759293,397.7312786929967,402.6520080566406,35317300,0.0,0.0
2026-06-10 00:00:00-04:00,397.80110870103243,404.2789346443135,396.41373636313654,396.61334228515625,32576000,0.0,0.0
2026-06-11 00:00:00-04:00,394.46741202742857,396.1043451719433,383.278483574852,389.6065673828125,47224100,0.0,0.0
2026-06-12 00:00:00-04:00,390.6945042817559,391.003919361718,381.55171206615995,390.00579833984375,34865800,0.0,0.0
2026-06-15 00:00:00-04:00,396.05442037645633,400.99513175706005,392.11186050588947,399.0088806152344,32266400,0.0,0.0
2026-06-16 00:00:00-04:00,395.0463355104342,396.094350419825,389.9559121071713,393.0899963378906,31506800,0.0,0.0
2026-06-17 00:00:00-04:00,389.51671695343225,389.6364865987809,376.6110198431126,378.1980285644531,41987800,0.0,0.0
2026-06-18 00:00:00-04:00,377.11008548581106,380.6534028700893,372.5786075934489,378.6871032714844,59714200,0.0,0.0
2026-06-22 00:00:00-04:00,375.0339909424311,380.9129385065033,366.3802985575179,366.6497802734375,45171100,0.0,0.0
2026-06-23 00:00:00-04:00,371.6802994138851,376.51120135394876,369.9735210485466,373.23736572265625,40647600,0.0,0.0
2026-06-24 00:00:00-04:00,370.87185096853153,378.16811350773463,364.09460041679364,364.7733154296875,44509900,0.0,0.0
2026-06-25 00:00:00-04:00,362.0883479855026,363.5456265920902,348.54386902384044,352.1670227050781,66179000,0.0,0.0
2026-06-26 00:00:00-04:00,356.4789138154501,375.90234020580533,354.762144454129,372.2691955566406,186201600,0.0,0.0
2026-06-29 00:00:00-04:00,376.790685328561,379.7850483907747,359.2237492715265,367.8774719238281,51229900,0.0,0.0
2026-06-30 00:00:00-04:00,370.3328407149792,373.44697342275583,366.7595808670141,372.319091796875,44945700,0.0,0.0
2026-07-01 00:00:00-04:00,380.1144231011508,388.09939143880604,374.18561213385976,383.5579528808594,48065800,0.0,0.0
2026-07-02 00:00:00-04:00,383.7575696594082,391.4630649298244,382.97903650468743,389.7562561035156,42128900,0.0,0.0
2026-07-06 00:00:00-04:00,386.31276024010407,388.418780928489,380.5036887115837,386.0133056640625,34224500,0.0,0.0
2026-07-07 00:00:00-04:00,391.75251064257776,394.8267404517197,387.4905448392632,388.109375,29297500,0.0,0.0
2026-07-08 00:00:00-04:00,383.3084264217563,384.58602015004215,380.6134873969759,382.6197204589844,25908300,0.0,0.0
2026-07-09 00:00:00-04:00,373.74643420118315,383.92725049460796,372.64849496928053,383.6377868652344,31083200,0.0,0.0
2026-07-10 00:00:00-04:00,387.07131223677504,391.1736053926777,380.783162110783,384.37640380859375,24644600,0.0,0.0
2026-07-13 00:00:00-04:00,387.02143811329415,392.91034623109437,383.4281962321871,390.2553405761719,28914900,0.0,0.0
2026-07-14 00:00:00-04:00,382.1007052927433,387.46061042423804,377.93852713765,384.20672607421875,27863900,0.0,0.0
2026-07-15 00:00:00-04:00,387.07132248997675,398.2103568181361,385.6739591427675,394.8866271972656,36253700,0.0,0.0
2026-07-16 00:00:00-04:00,397.56157784187184,405.2271399033625,391.31333055964967,400.3463439941406,37047400,0.0,0.0
2026-07-17 00:00:00-04:00,394.1180409920291,397.64143734197864,388.6583483977542,393.08001708984375,33049800,0.0,0.0
2026-07-20 00:00:00-04:00,390.67455694621333,402.4224305318551,388.91785418191677,401.53411865234375,27915800,0.0,0.0
2026-07-21 00:00:00-04:00,398.0606303262699,400.7156358198418,395.57531880381754,397.00262451171875,24126600,0.0,0.0
2026-07-22 00:00:00-04:00,398.8291961465565,400.246541441447,386.2329133568751,389.6065673828125,28142500,0.0,0.0
2026-07-23 00:00:00-04:00,389.23725659651495,391.04385321150613,376.68090752842744,380.8630065917969,30351800,0.0,0.0
2026-07-24 00:00:00-04:00,386.32274187573427,388.29903252889795,379.9347732203772,380.9828186035156,27659400,0.0,0.0
2026-07-27 00:00:00-04:00,389.3470355932277,393.45931979821836,387.2609663085435,388.368896484375,27856200,0.0,0.0
2026-07-28 00:00:00-04:00,392.4212554523594,399.56780545733704,390.5647345556998,392.61090087890625,32367500,0.0,0.0
2026-07-29 00:00:00-04:00,392.6607942930367,400.4960502148319,388.00954678983055,389.8061828613281,47209000,0.0,0.0
2026-07-30 00:00:00-04:00,437.07720086969465,457.8281459885008,431.6274684759506,450.2524108886719,110160700,0.0,0.0
2026-07-31 00:00:00-04:00,449.1544591210436,465.962813447145,448.4857046349594,463.8468017578125,60846000,0.0,0.0
2026-08-03 00:00:00-04:00,475.2353605631651,490.7261876465455,474.10747895013026,486.73370361328125,66762100,0.0,0.0
2026-08-04 00:00:00-04:00,479.99640781848416,498.50158065157444,478.2696778930625,491.884033203125,50455500,0.0,0.0
2026-08-05 00:00:00-04:00,495.42733843271316,497.3038108374591,484.7674131728324,486.5440673828125,33388900,0.0,0.0
2026-08-06 00:00:00-04:00,487.6319998350186,500.61756372489685,487.60205742358346,498.9207458496094,36441500,0.0,0.0
2026-08-07 00:00:00-04:00,498.2719734340298,504.23075699317457,497.79289485093346,499.0505065917969,28846200,0.0,0.0
2026-08-10 00:00:00-04:00,502.4940586092805,512.7647021753171,501.32624359045303,505.109130859375,31206100,0.0,0.0
2026-08-11 00:00:00-04:00,503.3823542433026,504.38047525067043,498.61133704649393,502.86334228515625,23049800,0.0,0.0
2026-08-12 00:00:00-04:00,499.0505227551261,500.557695253814,490.59643643442394,491.5047302246094,29001500,0.0,0.0
2026-08-13 00:00:00-04:00,492.34314786956145,500.3979918654044,492.0836571155829,495.9463806152344,23039000,0.0,0.0
2026-08-14 00:00:00-04:00,495.42733437790497,499.07050046550256,492.991947114923,494.4691467285156,16217600,0.0,0.0
2026-08-17 00:00:00-04:00,489.21906226283284,491.73431632358415,477.51109147171053,479.44744873046875,29635800,0.0,0.0
2026-08-18 00:00:00-04:00,480.6352093836093,483.36006030134655,476.2534434403709,480.72503662109375,24087600,0.0,0.0
2026-08-19 00:00:00-04:00,479.16797047398614,488.3806080919379,478.4592826108848,483.3999938964844,19961900,0.0,0.0
2026-08-20 00:00:00-04:00,483.29998779296875,484.1600036621094,479.5,481.1499938964844,20020800,0.91,0.0
2026-08-21 00:00:00-04:00,479.8800048828125,486.3599853515625,478.5299987792969,483.239990234375,22510800,0.0,0.0
2026-08-24 00:00:00-04:00,483.2099914550781,490.6099853515625,481.8599853515625,487.30999755859375,17230800,0.0,0.0
2026-08-25 00:00:00-04:00,485.44000244140625,492.44000244140625,484.29998779296875,491.7099914550781,19519000,0.0,0.0
2026-08-26 00:00:00-04:00,487.8500061035156,497.3999938964844,487.30999755859375,496.3699951171875,20758900,0.0,0.0
2026-08-27 00:00:00-04:00,494.8800048828125,506.4800109863281,490.0799865722656,505.05999755859375,28688800,0.0,0.0
2026-08-28 00:00:00-04:00,505.3299865722656,517.780029296875,504.8699951171875,513.530029296875,29207300,0.0,0.0
2026-08-31 00:00:00-04:00,510.3800048828125,512.1900024414062,506.3900146484375,507.2900085449219,27208900,0.0,0.0
2026-09-01 00:00:00-04:00,497.5199890136719,505.9700012207031,496.7799987792969,501.0199890136719,21046900,0.0,0.0
2026-09-02 00:00:00-04:00,499.8500061035156,500.2699890136719,493.80999755859375,496.82000732421875,15336100,0.0,0.0
2026-09-03 00:00:00-04:00,501.6600036621094,515.6500244140625,500.79998779296875,510.1199951171875,24125900,0.0,0.0
2026-09-04 00:00:00-04:00,510.0,511.0,499.3599853515625,499.70001220703125,18074400,0.0,0.0
