Date,Open,High,Low,Close,Volume,Dividends,Stock Splits
2016-01-04 00:00:00-05:00,47.2633261045879,47.68096923828125,46.45414149582809,47.68096923828125,53778000,0.0,0.0
2016-01-05 00:00:00-05:00,47.79408095431318,48.19432186747634,47.45474612275605,47.89849090576172,34079700,0.0,0.0
2016-01-06 00:00:00-05:00,47.26331380093469,47.332922631329204,46.671652019108194,47.02838897705078,39518900,0.0,0.0
2016-01-07 00:00:00-05:00,45.85377416512637,46.541146518948196,45.305616171142816,45.39262390136719,56564900,0.0,0.0
2016-01-08 00:00:00-05:00,45.56664619606853,46.35842855106603,45.375228510982076,45.53184509277344,48754000,0.0,0.0
2016-01-11 00:00:00-05:00,45.68845936245787,45.984290321347295,44.77486482795986,45.505741119384766,36943800,0.0,0.0
2016-01-12 00:00:00-05:00,45.905971968241836,46.2018028622987,45.29691129147632,45.92337417602539,36095500,0.0,0.0
2016-01-13 00:00:00-05:00,46.81086812092808,47.04579295364553,44.63564187628336,44.93147277832031,66883600,0.0,0.0
2016-01-14 00:00:00-05:00,45.244705464577116,46.48023236677268,44.87056628847411,46.210506439208984,52381900,0.0,0.0
2016-01-15 00:00:00-05:00,44.64436126204872,45.21862107167915,43.80037210276874,44.36593246459961,71820700,0.0,0.0
2016-01-19 00:00:00-05:00,44.79225715472535,44.96627591316328,43.556730276166356,43.99177551269531,43564500,0.0,0.0
2016-01-20 00:00:00-05:00,43.48713509082575,44.70526346299208,42.72145430491741,44.19190979003906,63273000,0.0,0.0
2016-01-21 00:00:00-05:00,44.37462005108581,44.87927418602671,43.765555974793486,43.92217254638672,40191200,0.0,0.0
2016-01-22 00:00:00-05:00,44.73134786041512,45.53183276383337,44.600832971218516,45.49702835083008,37555800,0.0,0.0
2016-01-25 00:00:00-05:00,45.1925042428421,45.81027108692258,44.94018049320426,45.06199264526367,34707700,0.0,0.0
2016-01-26 00:00:00-05:00,45.06199187120886,45.627548755931564,44.85316867188536,45.39262390136719,28900800,0.0,0.0
2016-01-27 00:00:00-05:00,45.25340519300372,45.41872451132904,44.39201746150629,44.566036224365234,36775200,0.0,0.0
2016-01-28 00:00:00-05:00,45.12290578126719,45.427436209062854,44.59214990499528,45.29692459106445,62513800,0.0,0.0
2016-01-29 00:00:00-05:00,47.62006302442164,47.93329620361328,46.98489721956418,47.93329620361328,83611700,0.0,0.0
2016-02-01 00:00:00-05:00,47.750570623828374,47.93328884392471,47.419935283321635,47.60265350341797,44208500,0.0,0.0
2016-02-02 00:00:00-05:00,47.13281555426909,47.21112385656128,45.810280500874384,46.114810943603516,56313800,0.0,0.0
2016-02-03 00:00:00-05:00,46.3323175068496,46.45412964153423,44.60083601190336,45.38391876220703,57559800,0.0,0.0
2016-02-04 00:00:00-05:00,45.33173203117006,45.94949905821732,44.696566107931666,45.24472427368164,46987100,0.0,0.0
2016-02-05 00:00:00-05:00,45.19250171575843,45.24470834334983,43.121688608280174,43.643741607666016,62009000,0.0,0.0
2016-02-08 00:00:00-05:00,43.11298110769561,43.130383314980925,41.92965756534757,42.99116897583008,59290500,0.0,0.0
2016-02-09 00:00:00-05:00,42.65183731441026,43.71334880161732,42.3473036436035,42.87805938720703,46740500,0.0,0.0
2016-02-10 00:00:00-05:00,43.408813818646976,43.84385906167872,43.08688126816038,43.252197265625,38237000,0.0,0.0
2016-02-11 00:00:00-05:00,42.35602338095385,43.60025357777159,42.20810620862778,43.23481369018555,48878600,0.0,0.0
2016-02-12 00:00:00-05:00,43.72206393326863,44.09620325335262,43.2870185209973,43.9395866394043,34243300,0.0,0.0
2016-02-16 00:00:00-05:00,44.605595561962204,44.772098541259766,43.93081505170879,44.772098541259766,37291200,0.36,0.0
2016-02-17 00:00:00-05:00,45.12262731225474,46.244338440543714,45.087573003755004,45.937618255615234,40789000,0.0,0.0
2016-02-18 00:00:00-05:00,45.858751176208784,46.402079587291425,45.65719057337595,45.736061096191406,27176000,0.0,0.0
2016-02-19 00:00:00-05:00,45.543279101994685,45.814941695805594,45.15768830877106,45.411827087402344,33559100,0.0,0.0
2016-02-22 00:00:00-05:00,45.814943251613,46.44590759434112,45.814943251613,46.139190673828125,25008300,0.0,0.0
2016-02-23 00:00:00-05:00,45.867530791794834,45.893819861896176,44.675710583726385,44.85097885131836,28895300,0.0,0.0
2016-02-24 00:00:00-05:00,44.42156843228586,45.13140335847845,43.99216471899313,45.00871658325195,33014500,0.0,0.0
2016-02-25 00:00:00-05:00,45.33295200914008,45.657196044921875,44.35145465211874,45.657196044921875,26939500,0.0,0.0
2016-02-26 00:00:00-05:00,46.095361693727895,46.16547031436674,44.78085514341668,44.95612335205078,35975900,0.0,0.0
2016-02-29 00:00:00-05:00,44.999942574470275,45.26284657646496,44.395270724401655,44.58806610107422,31654000,0.0,0.0
2016-03-01 00:00:00-05:00,44.666934634381704,46.08660080399665,44.62311507403454,46.07783889770508,33024500,0.0,0.0
2016-03-02 00:00:00-05:00,45.92885361352809,46.41083862631288,45.70976921290203,46.402076721191406,29289900,0.0,0.0
2016-03-03 00:00:00-05:00,46.41959813277342,46.41959813277342,45.37675437528626,45.87626647949219,24427800,0.0,0.0
2016-03-04 00:00:00-05:00,45.92009542963179,45.9639116447152,45.31542029540674,45.595848083496094,33034200,0.0,0.0
2016-03-07 00:00:00-05:00,45.18397035158781,45.39428951512888,44.32515985737565,44.71950912475586,38407800,0.0,0.0
2016-03-08 00:00:00-05:00,44.51795877788997,45.68348963573722,44.34269055242139,45.262847900390625,33835100,0.0,0.0
2016-03-09 00:00:00-05:00,45.47316916378136,46.31445267271909,45.44688009880315,46.30569076538086,28251600,0.0,0.0
2016-03-10 00:00:00-05:00,46.38454697109511,46.39330887572604,44.83342910034818,45.61336898803711,38387800,0.0,0.0
2016-03-11 00:00:00-05:00,46.44589692539855,46.507240295410156,45.9025685011688,46.507240295410156,32275700,0.0,0.0
2016-03-14 00:00:00-04:00,46.191757001926995,46.96293507450999,46.12165172785374,46.594871520996094,24083600,0.0,0.0
2016-03-15 00:00:00-04:00,46.226820126311395,46.96294403076172,46.21805821899234,46.96294403076172,21104800,0.0,0.0
2016-03-16 00:00:00-04:00,46.840257615658466,47.84804411295099,46.796441392813314,47.62895965576172,31691700,0.0,0.0
2016-03-17 00:00:00-04:00,47.506259298768,48.19856678766548,47.32222920970793,47.900611877441406,28223900,0.0,0.0
2016-03-18 00:00:00-04:00,48.12847284813889,48.172292414764634,46.840258489060616,46.87531280517578,67625500,0.0,0.0
2016-03-21 00:00:00-04:00,46.66498785047973,47.26089782192293,46.38456002191392,47.199554443359375,23925700,0.0,0.0
2016-03-22 00:00:00-04:00,46.980472278246566,47.54132796265533,46.8490202646667,47.38358688354492,23124100,0.0,0.0
2016-03-23 00:00:00-04:00,47.41864242422153,47.532567282735464,47.09439835010428,47.295955657958984,20129000,0.0,0.0
2016-03-24 00:00:00-04:00,47.182027312152776,47.61143430529726,47.085629619224626,47.50627136230469,19950000,0.0,0.0
2016-03-28 00:00:00-04:00,47.50626543704866,47.576374056966024,46.735090675735634,46.91912078857422,17025100,0.0,0.0
2016-03-29 00:00:00-04:00,47.024281196409476,48.07588711278728,46.84025108035819,47.944435119628906,23924300,0.0,0.0
2016-03-30 00:00:00-04:00,48.13723770383021,48.759436766435016,48.11094863844125,48.24239730834961,23008300,0.0,0.0
2016-03-31 00:00:00-04:00,48.1547463509498,48.71560181674388,48.07587584213737,48.40011978149414,26360500,0.0,0.0
2016-04-01 00:00:00-04:00,48.2423860001628,48.73313627782564,47.82174433772156,48.698081970214844,24399200,0.0,0.0
2016-04-04 00:00:00-04:00,48.57539367675781,48.776950924603625,48.19856823944875,48.57539367675781,18928800,0.0,0.0
2016-04-05 00:00:00-04:00,48.36507093283448,48.461468603693156,47.72534488609183,47.81298065185547,19272300,0.0,0.0
2016-04-06 00:00:00-04:00,47.637714872315726,48.37383862714261,47.506262888504104,48.30373001098633,21188700,0.0,0.0
2016-04-07 00:00:00-04:00,48.08465158609043,48.119705898532544,47.52379595886947,47.7253532409668,19225100,0.0,0.0
2016-04-08 00:00:00-04:00,47.90938443097753,48.44395100722199,47.60266754770447,47.69029998779297,22167200,0.0,0.0
2016-04-11 00:00:00-04:00,47.75164364430201,48.33002640348939,47.58513733866605,47.593902587890625,21414200,0.0,0.0
2016-04-12 00:00:00-04:00,47.64647272510951,48.005770994942,47.11190627275722,47.891849517822266,24944300,0.0,0.0
2016-04-13 00:00:00-04:00,48.30373751150215,48.584165333745965,48.10218022319962,48.50529479980469,20818000,0.0,0.0
2016-04-14 00:00:00-04:00,48.391374217422,48.70685635919875,48.25992221069388,48.514060974121094,20877100,0.0,0.0
2016-04-15 00:00:00-04:00,48.46146452197033,49.004792852091846,48.29496159548729,48.768184661865234,28793800,0.0,0.0
2016-04-18 00:00:00-04:00,48.62798576956646,49.59195600795379,48.38260891347829,49.478031158447266,23786000,0.0,0.0
2016-04-19 00:00:00-04:00,49.6270133813191,49.74970014544441,48.79449175522992,49.416690826416016,29596800,0.0,0.0
2016-04-20 00:00:00-04:00,49.32905139559985,49.513081515736566,48.62798188343868,48.715614318847656,36195700,0.0,0.0
2016-04-21 00:00:00-04:00,48.899637748979636,49.27646318701801,48.56662852265121,48.882110595703125,38909100,0.0,0.0
2016-04-22 00:00:00-04:00,45.490698693346744,45.946394786855954,44.49167405652271,45.376773834228516,126834100,0.0,0.0
2016-04-25 00:00:00-04:00,45.376776728494114,45.683497008304606,45.24532804540153,45.66596984863281,33226900,0.0,0.0
2016-04-26 00:00:00-04:00,45.79741219246106,45.87628272858493,44.77209856581414,45.07881546020508,33532600,0.0,0.0
2016-04-27 00:00:00-04:00,45.113867263892416,45.13139442016263,44.298872883625236,44.64064407348633,43369300,0.0,0.0
2016-04-28 00:00:00-04:00,44.36021272217626,44.491664712240365,43.43129691466153,43.729251861572266,43134800,0.0,0.0
2016-04-29 00:00:00-04:00,43.24727250430961,44.035977923710796,43.24727250430961,43.70296859741211,48411700,0.0,0.0
2016-05-02 00:00:00-04:00,43.81688910650309,44.47414244310063,43.624093724686205,44.35145568847656,33114500,0.0,0.0
2016-05-03 00:00:00-04:00,44.11484630286734,44.17618968326181,43.466354840601255,43.62409591674805,26460200,0.0,0.0
2016-05-04 00:00:00-04:00,43.67667953108663,43.86947493204329,43.34367020478794,43.70296859741211,24257600,0.0,0.0
2016-05-05 00:00:00-04:00,43.70296555031849,44.07979107520753,43.58027879206874,43.76430892944336,25390700,0.0,0.0
2016-05-06 00:00:00-04:00,43.74676971854424,44.15864944458008,43.5189234221396,44.15864944458008,24787300,0.0,0.0
2016-05-09 00:00:00-04:00,44.2462946433804,44.33392708154167,43.81688767327845,43.878231048583984,17951600,0.0,0.0
2016-05-10 00:00:00-04:00,44.10607499739307,44.78085203795087,43.983384919783404,44.71074676513672,22891000,0.0,0.0
2016-05-11 00:00:00-04:00,44.80715009801804,45.37676762979717,44.69322525447693,44.73704147338867,24039100,0.0,0.0
2016-05-12 00:00:00-04:00,44.86849702241295,45.403063627127544,44.62312015976283,45.140159606933594,24102800,0.0,0.0
2016-05-13 00:00:00-04:00,45.07881113822857,45.481929030303164,44.72827805581285,44.76333236694336,22592300,0.0,0.0
2016-05-16 00:00:00-04:00,44.51795550750728,45.53450712899104,44.47413929009981,45.42058563232422,20032000,0.0,0.0
2016-05-17 00:00:00-04:00,45.64120164882327,45.650024839049024,44.44104579742063,44.57341384887695,27803500,0.36,0.0
2016-05-18 00:00:00-04:00,44.54694187488808,45.12937006638405,44.38809751663053,44.838157653808594,24907500,0.0,0.0
2016-05-19 00:00:00-04:00,44.53812170429638,44.67048976758926,43.96451666432468,44.4057502746582,23842400,0.0,0.0
2016-05-20 00:00:00-04:00,44.5469339787981,45.19996104325516,44.4763383689442,44.67047882080078,23905800,0.0,0.0
2016-05-23 00:00:00-04:00,44.65284358048615,44.723442579615856,44.1057148026132,44.149837493896484,26118700,0.0,0.0
2016-05-24 00:00:00-04:00,44.74108263350724,45.632372923121046,44.476343176833964,45.5264778137207,34757900,0.0,0.0
2016-05-25 00:00:00-04:00,45.81769230007078,46.320701666986295,45.70297399562135,45.99418640136719,24040200,0.0,0.0
2016-05-26 00:00:00-04:00,45.82651347864351,45.87063615720334,45.323507537103374,45.79121398925781,24335200,0.0,0.0
2016-05-27 00:00:00-04:00,45.81768143676422,46.17066955566406,45.68531341693492,46.17066955566406,17721400,0.0,0.0
2016-05-31 00:00:00-04:00,46.117739924366965,46.77076721191406,45.9588989063456,46.77076721191406,37653100,0.0,0.0
2016-06-01 00:00:00-04:00,46.27657438949909,46.726634504185135,46.27657438949909,46.63838577270508,25324800,0.0,0.0
2016-06-02 00:00:00-04:00,46.4530613425642,46.54131006047337,45.74708843101272,46.311866760253906,22840800,0.0,0.0
2016-06-03 00:00:00-04:00,46.22362428324949,46.25892040626378,45.53529770612973,45.70296859741211,23368300,0.0,0.0
2016-06-06 00:00:00-04:00,45.87948016144014,46.19716558769863,45.791231404413445,46.00302505493164,18243300,0.0,0.0
2016-06-07 00:00:00-04:00,46.10008784711201,46.53249488843842,45.976539611816406,45.976539611816406,20866800,0.0,0.0
2016-06-08 00:00:00-04:00,45.90594567991637,46.276580300439335,45.77357424896084,45.9235954284668,21149400,0.0,0.0
2016-06-09 00:00:00-04:00,45.88829026107473,45.88829026107473,45.438233510859796,45.55295181274414,20305700,0.0,0.0
2016-06-10 00:00:00-04:00,45.04994787870583,45.93241503937135,45.041124688291,45.42940902709961,25833200,0.0,0.0
2016-06-13 00:00:00-04:00,43.752730559310166,44.75874274751111,43.29384715715181,44.246910095214844,83217800,0.0,0.0
2016-06-14 00:00:00-04:00,44.03511533118868,44.21160608093672,43.74389953468294,43.97334289550781,42577100,0.0,0.0
2016-06-15 00:00:00-04:00,43.92921466044982,44.22925363300662,43.84979248046875,43.84979248046875,33757600,0.0,0.0
2016-06-16 00:00:00-04:00,43.69976864841934,44.53811301781579,43.69094209278079,44.46751403808594,31188600,0.0,0.0
2016-06-17 00:00:00-04:00,44.48516112324205,44.50281086711923,43.96450546107074,44.23807144165039,45710500,0.0,0.0
2016-06-20 00:00:00-04:00,44.68814866656081,44.85581962728178,44.14984301311217,44.185142517089844,35607900,0.0,0.0
2016-06-21 00:00:00-04:00,44.29985931559306,45.38529369509889,44.26455981552484,45.173500061035156,34097800,0.0,0.0
2016-06-22 00:00:00-04:00,45.0764238264353,45.411758921069854,44.961702153878726,44.99700164794922,28816800,0.0,0.0
2016-06-23 00:00:00-04:00,45.252909407455256,45.941235998013745,45.13819111431605,45.80886459350586,29028800,0.0,0.0
2016-06-24 00:00:00-04:00,43.95569314726396,44.95287867545238,43.69977684724593,43.97334289550781,133503000,0.0,0.0
2016-06-27 00:00:00-04:00,43.329139766067975,43.37326582076604,42.39372665414687,42.73788833618164,50216300,0.0,0.0
2016-06-28 00:00:00-04:00,43.17029752077796,43.65565721559482,42.94968070180502,43.629180908203125,38140700,0.0,0.0
2016-06-29 00:00:00-04:00,44.04394016903352,44.758739851083895,43.946868233235215,44.59989547729492,31304000,0.0,0.0
2016-06-30 00:00:00-04:00,44.75873052729064,45.270559673499505,44.56458669613657,45.15583801269531,28527800,0.0,0.0
2016-07-01 00:00:00-04:00,45.12055693321367,45.64121280881168,45.06760767987723,45.147029876708984,21400400,0.0,0.0
2016-07-05 00:00:00-04:00,44.85580244286767,45.252909928272345,44.7763802725178,45.15583801269531,24806400,0.0,0.0
2016-07-06 00:00:00-04:00,44.811681319308164,45.48235824623709,44.46751966543322,45.341163635253906,28167500,0.0,0.0
2016-07-07 00:00:00-04:00,45.3764597632409,45.54413067814566,45.06759760369802,45.341163635253906,19585200,0.0,0.0
2016-07-08 00:00:00-04:00,45.650028171987266,46.205983454460466,45.49118380556635,46.15303421020508,28391000,0.0,0.0
2016-07-11 00:00:00-04:00,46.32952862194406,46.62074441769915,46.30305568281915,46.40895080566406,22269200,0.0,0.0
2016-07-12 00:00:00-04:00,46.71782242048446,47.1237599783575,46.58545433177568,46.95608901977539,27317600,0.0,0.0
2016-07-13 00:00:00-04:00,47.264951254747224,47.52969077962705,46.929612727848394,47.2208251953125,25356800,0.0,0.0
2016-07-14 00:00:00-04:00,47.512042997255385,47.64441444835149,47.282602963880755,47.423797607421875,24545500,0.0,0.0
2016-07-15 00:00:00-04:00,47.60909790208675,47.65322058120783,46.956070805523005,47.38848114013672,32024400,0.0,0.0
2016-07-18 00:00:00-04:00,47.38848377259037,47.953262175941035,47.2561123615292,47.617923736572266,31433900,0.0,0.0
2016-07-19 00:00:00-04:00,47.397317993777826,47.56498893565892,46.70899457528459,46.850189208984375,53336500,0.0,0.0
2016-07-20 00:00:00-04:00,49.55052725076135,50.159428316239925,49.00339524443539,49.3387336730957,89893300,0.0,0.0
2016-07-21 00:00:00-04:00,49.40050923823299,49.62112601941464,49.20636539356276,49.24166488647461,32776700,0.0,0.0
2016-07-22 00:00:00-04:00,49.488766019413156,49.97412234368261,49.224023145861196,49.921173095703125,32157200,0.0,0.0
2016-07-25 00:00:00-04:00,49.83292268550359,50.071189227843504,49.64760201945357,50.06236267089844,25610600,0.0,0.0
2016-07-26 00:00:00-04:00,49.8770312333159,50.55653117263819,49.86820467887275,50.08882141113281,28079000,0.0,0.0
2016-07-27 00:00:00-04:00,49.956457132837826,50.12412465002824,49.51522363527359,49.585819244384766,32327500,0.0,0.0
2016-07-28 00:00:00-04:00,49.41816018525544,49.744672086759984,49.171070461559566,49.603477478027344,37550400,0.0,0.0
2016-07-29 00:00:00-04:00,49.647596329651286,50.08882986867406,49.46227905118446,50.01823425292969,30558700,0.0,0.0
2016-08-01 00:00:00-04:00,49.94763524025071,50.080006648414376,49.5417011925211,49.929988861083984,26003400,0.0,0.0
2016-08-02 00:00:00-04:00,50.16825200962698,50.21237805657804,49.691722346196244,49.929988861083984,35122000,0.0,0.0
2016-08-03 00:00:00-04:00,50.018230790849046,50.397691877451294,49.85056326950984,50.274147033691406,22075600,0.0,0.0
2016-08-04 00:00:00-04:00,50.12414620779868,50.759523794789374,50.00942450651516,50.64480209350586,26587700,0.0,0.0
2016-08-05 00:00:00-04:00,50.87423016690532,51.36840959335364,50.69773607188312,51.14779281616211,29335200,0.0,0.0
2016-08-08 00:00:00-04:00,51.23604965209961,51.2625225923201,50.98895653344184,51.23604965209961,19473500,0.0,0.0
2016-08-09 00:00:00-04:00,51.33310850679441,51.62432425948829,51.20074046439745,51.35958480834961,16920700,0.0,0.0
2016-08-10 00:00:00-04:00,51.32428949173007,51.465484101578014,51.02425052501006,51.20074462890625,15756900,0.0,0.0
2016-08-11 00:00:00-04:00,51.20955988709645,51.580197784502666,51.20955988709645,51.44782638549805,18162300,0.0,0.0
2016-08-12 00:00:00-04:00,51.209564385023874,51.350758985403004,50.847753011155795,51.13014221191406,21655200,0.0,0.0
2016-08-15 00:00:00-04:00,51.191918095248134,51.62432848167104,51.1477954108405,51.28899002075195,19283900,0.0,0.0
2016-08-16 00:00:00-04:00,51.15581235824982,51.16469054354458,50.85390324831592,51.00485610961914,20523500,0.36,0.0
2016-08-17 00:00:00-04:00,51.093644664585796,51.21795955777562,50.81837355300348,51.11140441894531,18856400,0.0,0.0
2016-08-18 00:00:00-04:00,50.98709245816285,51.235725662686804,50.85389936494768,51.14692687988281,14214300,0.0,0.0
2016-08-19 00:00:00-04:00,50.995971697036154,51.262361258606354,50.79173958692143,51.1646842956543,17271000,0.0,0.0
2016-08-22 00:00:00-04:00,51.14691086350492,51.280107302337555,50.84500187116694,51.209068298339844,15221900,0.0,0.0
2016-08-23 00:00:00-04:00,51.41331195998687,51.66194173907196,51.36891088172737,51.4044303894043,18732400,0.0,0.0
2016-08-24 00:00:00-04:00,51.32450999957269,51.53762364505671,51.25347437596234,51.457706451416016,18151500,0.0,0.0
2016-08-25 00:00:00-04:00,51.39554915135319,51.759615615085934,51.306750387438804,51.65305709838867,18552600,0.0,0.0
2016-08-26 00:00:00-04:00,51.75073174814263,52.12367976537725,51.22683091994313,51.52873992919922,20971200,0.0,0.0
2016-08-29 00:00:00-04:00,51.661935613375874,52.03488023778245,51.59089660644531,51.59089660644531,16417200,0.0,0.0
2016-08-30 00:00:00-04:00,51.48434758801403,51.67081992232785,51.155800610319204,51.4044303894043,16930200,0.0,0.0
2016-08-31 00:00:00-04:00,51.19132186957097,51.32451494692677,50.88053124775382,51.022605895996094,20860300,0.0,0.0
2016-09-01 00:00:00-04:00,50.623015958289045,51.34227071453518,50.623015958289045,51.138038635253906,26075400,0.0,0.0
2016-09-02 00:00:00-04:00,51.209068298339844,51.67081166234652,50.98707649183622,51.209068298339844,18900500,0.0,0.0
2016-09-06 00:00:00-04:00,51.30674503825467,51.32450478918594,50.8006039923551,51.155792236328125,16278400,0.0,0.0
2016-09-07 00:00:00-04:00,51.031478939745796,51.36002587378351,50.97819968531012,51.200191497802734,17493400,0.0,0.0
2016-09-08 00:00:00-04:00,51.17353905390889,51.31561363812563,50.773953227260144,50.99594497680664,20146100,0.0,0.0
2016-09-09 00:00:00-04:00,50.427662262336995,51.07587796534976,49.91263961791992,49.91263961791992,35113900,0.0,0.0
2016-09-12 00:00:00-04:00,49.7261699937447,50.80060963957975,49.37986328040336,50.65853500366211,29303000,0.0,0.0
2016-09-13 00:00:00-04:00,50.170143228288005,50.30333965373591,49.770557339270106,50.196781158447266,30130200,0.0,0.0
2016-09-14 00:00:00-04:00,50.072467929987965,50.28558154017144,49.75279920837571,49.95703125,24062500,0.0,0.0
2016-09-15 00:00:00-04:00,49.85936494614895,50.92492298979561,49.70840874465895,50.7828483581543,26847000,0.0,0.0
2016-09-16 00:00:00-04:00,51.17355675937142,51.17355675937142,50.39214458215705,50.83612823486328,44607000,0.0,0.0
2016-09-19 00:00:00-04:00,50.85389192233255,51.28011585543095,50.48094386379225,50.55198287963867,20937100,0.0,0.0
2016-09-20 00:00:00-04:00,50.9249228899914,50.9249228899914,50.39214386921223,50.4454231262207,17384000,0.0,0.0
2016-09-21 00:00:00-04:00,51.06698680005401,51.368895751731394,50.68516406063108,51.288978576660156,33707300,0.0,0.0
2016-09-22 00:00:00-04:00,51.43105381017243,51.50209280547564,51.17354592051261,51.34225845336914,19822200,0.0,0.0
2016-09-23 00:00:00-04:00,51.386649236571365,51.42216872945687,50.95154730436239,50.99594497680664,19955300,0.0,0.0
2016-09-26 00:00:00-04:00,50.68517541989918,50.738451290336094,50.463183593541515,50.52534103393555,21688700,0.0,0.0
2016-09-27 00:00:00-04:00,50.55197938593028,51.55538339779092,50.3299875577424,51.457706451416016,28065100,0.0,0.0
2016-09-28 00:00:00-04:00,51.395546870228976,51.55538125085434,51.209071167948494,51.52873992919922,20536400,0.0,0.0
2016-09-29 00:00:00-04:00,51.33338480464927,51.65305014975858,50.80060245481502,50.96931838989258,25463500,0.0,0.0
2016-09-30 00:00:00-04:00,51.12028893870522,51.29788311698599,50.91605681924686,51.14692687988281,29910800,0.0,0.0
2016-10-03 00:00:00-04:00,50.978201437979926,51.10251631527763,50.66741424473567,50.98707962036133,19189500,0.0,0.0
2016-10-04 00:00:00-04:00,50.85388937026842,51.14691682761277,50.587499848866315,50.82725143432617,20085900,0.0,0.0
2016-10-05 00:00:00-04:00,50.87164688528934,51.46658334400283,50.84500556319261,51.18243408203125,16726400,0.0,0.0
2016-10-06 00:00:00-04:00,51.27122116088867,51.37777626301692,50.86275372596675,51.27122116088867,16212600,0.0,0.0
2016-10-07 00:00:00-04:00,51.36891017200886,51.484346876700634,50.987083938074,51.32451248168945,20089000,0.0,0.0
2016-10-10 00:00:00-04:00,51.422168627657804,51.84839237946425,51.386649134842614,51.53760528564453,18196500,0.0,0.0
2016-10-11 00:00:00-04:00,51.40442614183245,51.51986283858052,50.51645884724263,50.7828483581543,26497400,0.0,0.0
2016-10-12 00:00:00-04:00,50.711814880371094,50.853889518020104,50.08135888751151,50.711814880371094,22177500,0.0,0.0
2016-10-13 00:00:00-04:00,50.34774794183402,50.880526981235356,50.0103194103057,50.54309844970703,25313700,0.0,0.0
2016-10-14 00:00:00-04:00,50.72069011367677,51.271232266461396,50.72069011367677,50.98707962036133,27402500,0.0,0.0
2016-10-17 00:00:00-04:00,50.933797436347305,51.02259279845734,50.49869203242592,50.80948257446289,23830000,0.0,0.0
2016-10-18 00:00:00-04:00,51.08475480685523,51.45770281325246,50.97819968531012,51.200191497802734,19149500,0.0,0.0
2016-10-19 00:00:00-04:00,51.03147907659536,51.36002601151413,50.96932163991684,51.084754943847656,22878400,0.0,0.0
2016-10-20 00:00:00-04:00,51.05812006121639,51.075879813803816,50.31222738917687,50.83612823486328,49455600,0.0,0.0
2016-10-21 00:00:00-04:00,53.52666638794775,53.67762258648787,52.82517481329794,52.97612762451172,80032200,0.0,0.0
2016-10-24 00:00:00-04:00,53.22475764291723,54.1660041809082,53.215879460524285,54.1660041809082,54067000,0.0,0.0
2016-10-25 00:00:00-04:00,54.0328053064727,54.49454867866967,53.988407621849696,54.15712356567383,35137200,0.0,0.0
2016-10-26 00:00:00-04:00,53.997286300762525,54.34359296454134,53.69537731923017,53.83745193481445,29911600,0.0,0.0
2016-10-27 00:00:00-04:00,53.819697947609875,54.015051835204545,53.35795455068472,53.3668327331543,28479900,0.0,0.0
2016-10-28 00:00:00-04:00,53.28690105689876,53.73976614825418,52.905078342620826,53.1625862121582,33574700,0.0,0.0
2016-10-31 00:00:00-04:00,53.42011055184768,53.650980550431896,53.20699691772461,53.20699691772461,26434700,0.0,0.0
2016-11-01 00:00:00-04:00,53.25138569659068,53.295783372145955,52.61204832915301,53.10042953491211,24533000,0.0,0.0
2016-11-02 00:00:00-04:00,53.11821074319954,53.215887701279506,52.65646727875682,52.77190399169922,22147000,0.0,0.0
2016-11-03 00:00:00-04:00,52.86069499491258,52.95837194489213,52.48775033571059,52.57654571533203,21600400,0.0,0.0
2016-11-04 00:00:00-04:00,52.07928485847962,52.638701833197636,51.963848158016916,52.13256072998047,28697000,0.0,0.0
2016-11-07 00:00:00-05:00,53.0826947037253,53.73979212728533,53.0826947037253,53.65099334716797,31664800,0.0,0.0
2016-11-08 00:00:00-05:00,53.76642442325477,53.97065651509374,53.41123950205399,53.69538879394531,22935400,0.0,0.0
2016-11-09 00:00:00-05:00,53.27803659928572,53.80193742800509,52.56766345542718,53.42898941040039,49632500,0.0,0.0
2016-11-10 00:00:00-05:00,53.70426079227286,53.71314236199288,51.173555394286026,52.123680114746094,57822400,0.0,0.0
2016-11-11 00:00:00-05:00,51.70633432034114,52.49662465775876,51.51098043474978,52.40782928466797,38767800,0.0,0.0
2016-11-14 00:00:00-05:00,52.407829751150004,52.461109007874526,50.86276517940265,51.60865783691406,41328400,0.0,0.0
2016-11-15 00:00:00-05:00,52.145038054721624,53.182038471110644,52.136096485066325,52.627777099609375,35904100,0.39,0.0
2016-11-16 00:00:00-05:00,52.69035855998042,53.33401521702825,52.574145427065595,53.325077056884766,27332500,0.0,0.0
2016-11-17 00:00:00-05:00,54.004494094113554,54.487236625599614,53.61115022227871,54.210105895996094,32132700,0.0,0.0
2016-11-18 00:00:00-05:00,54.33524175925704,54.65707000193208,53.90613857242664,53.950836181640625,27686300,0.0,0.0
2016-11-21 00:00:00-05:00,54.08495567655279,54.50512088629914,54.01343674288938,54.40678405761719,19652600,0.0,0.0
2016-11-22 00:00:00-05:00,54.514055032831855,54.76436446179706,54.36208242530589,54.63920974731445,23206700,0.0,0.0
2016-11-23 00:00:00-05:00,54.540864648605044,54.62132172573494,53.861451983004635,53.995548248291016,21848900,0.0,0.0
2016-11-25 00:00:00-05:00,53.90614742148695,54.111759185791016,53.75417484317029,54.111759185791016,8409600,0.0,0.0
2016-11-28 00:00:00-05:00,53.941921103635885,54.54981839762797,53.82570454178757,54.183292388916016,20732600,0.0,0.0
2016-11-29 00:00:00-05:00,54.21903339698765,54.898445982975474,54.10281687470485,54.61237716674805,22366700,0.0,0.0
2016-11-30 00:00:00-05:00,54.40676195555725,54.692830753578114,53.83462435951552,53.87038040161133,34655400,0.0,0.0
2016-12-01 00:00:00-05:00,53.73630723826861,53.77206670366145,52.69036504189515,52.92279815673828,34542100,0.0,0.0
2016-12-02 00:00:00-05:00,52.81550333558342,53.16414946670161,52.56519058205036,52.96747589111328,25515700,0.0,0.0
2016-12-05 00:00:00-05:00,53.36976636892302,54.165395496008514,53.24461168514004,53.83462905883789,23552700,0.0,0.0
2016-12-06 00:00:00-05:00,54.022364984214086,54.049182872615084,53.45916545632576,53.59326171875,19907000,0.0,0.0
2016-12-07 00:00:00-05:00,53.64689199138066,54.8716277259159,53.45915997141574,54.86268615722656,30809000,0.0,0.0
2016-12-08 00:00:00-05:00,54.80011782305435,55.0504306343531,54.38889426120546,54.54086685180664,21220800,0.0,0.0
2016-12-09 00:00:00-05:00,54.69284435641043,55.416958099739986,54.64814673501699,55.399078369140625,27349400,0.0,0.0
2016-12-12 00:00:00-05:00,55.26498265216332,55.694085960246284,55.17558740847476,55.5778694152832,20198100,0.0,0.0
2016-12-13 00:00:00-05:00,55.872864431242746,56.69531135877031,55.640434815700736,56.30196762084961,35718900,0.0,0.0
2016-12-14 00:00:00-05:00,56.319859442891094,56.72214483523941,55.89969432085955,56.033790588378906,30352700,0.0,0.0
2016-12-15 00:00:00-05:00,56.0516757656691,56.453961197115134,55.694087957670384,55.944400787353516,27669900,0.0,0.0
2016-12-16 00:00:00-05:00,56.275155754386105,56.275155754386105,55.53316239850156,55.69407653808594,42453100,0.0,0.0
2016-12-19 00:00:00-05:00,55.92650947787275,57.00820742832818,55.80135138383672,56.87411117553711,34338200,0.0,0.0
2016-12-20 00:00:00-05:00,56.936689891716696,57.03502669144242,56.34667250357179,56.80259704589844,26028400,0.0,0.0
2016-12-21 00:00:00-05:00,56.70426024617271,56.94563146089691,56.42712957514652,56.80259704589844,17096300,0.0,0.0
2016-12-22 00:00:00-05:00,57.0707934872019,57.30322316263696,56.686387808043605,56.81154251098633,22176600,0.0,0.0
2016-12-23 00:00:00-05:00,56.72214825641275,56.802605339735145,56.14106894239431,56.53441619873047,12403800,0.0,0.0
2016-12-27 00:00:00-05:00,56.507586383674195,57.27639763954069,56.507586383674195,56.57016372680664,11763200,0.0,0.0
2016-12-28 00:00:00-05:00,56.67743512603693,56.67743512603693,56.167874874495396,56.310909271240234,14653300,0.0,0.0
2016-12-29 00:00:00-05:00,56.19470166320031,56.498650230725026,56.07848513173833,56.23046112060547,10250600,0.0,0.0
2016-12-30 00:00:00-05:00,56.284096281864095,56.310917579729846,55.452707662425794,55.55104446411133,25579900,0.0,0.0
2017-01-03 00:00:00-05:00,56.13213285195831,56.17683047540563,55.54211535590748,55.944400787353516,20694100,0.0,0.0
2017-01-04 00:00:00-05:00,55.85499067767031,56.09636188704687,55.53316239850156,55.69407653808594,21340000,0.0,0.0
2017-01-05 00:00:00-05:00,55.59573974053889,56.015904817254686,55.45270532870937,55.69407653808594,24876000,0.0,0.0
2017-01-06 00:00:00-05:00,55.694080211757914,56.45395334551979,55.46165055603203,56.176822662353516,19922900,0.0,0.0
2017-01-09 00:00:00-05:00,56.10529511901874,56.39136732776615,55.90862495140431,55.99802017211914,20382700,0.0,0.0
2017-01-10 00:00:00-05:00,56.0784927609619,56.38244136983744,55.67620733594868,55.98015594482422,18593000,0.0,0.0
2017-01-11 00:00:00-05:00,55.971217021165955,56.525475037954344,55.81030285335481,56.489715576171875,21517300,0.0,0.0
2017-01-12 00:00:00-05:00,56.37350353647831,56.67745214711749,55.38120061909128,55.97121810913086,20968200,0.0,0.0
2017-01-13 00:00:00-05:00,55.98015877570063,56.20365031087533,55.73878750848672,56.05167770385742,19422300,0.0,0.0
2017-01-17 00:00:00-05:00,56.03377732709193,56.05165705254364,55.45269818564271,55.899681091308594,20664000,0.0,0.0
2017-01-18 00:00:00-05:00,56.024855447449724,56.05167675015726,55.533174760473194,55.87288284301758,19670100,0.0,0.0
2017-01-19 00:00:00-05:00,55.640440765030725,56.30197364091371,55.604681309521006,55.69407653808594,18451700,0.0,0.0
2017-01-20 00:00:00-05:00,56.02484447800915,56.15894073466094,55.75665537491505,56.087425231933594,30213500,0.0,0.0
2017-01-23 00:00:00-05:00,56.05166231717769,56.427126356302075,55.935445795930455,56.28409194946289,23097600,0.0,0.0
2017-01-24 00:00:00-05:00,56.49864493311835,56.981387332194856,56.266211891988526,56.78471374511719,24672900,0.0,0.0
2017-01-25 00:00:00-05:00,57.16912850135662,57.303221360201775,56.72214548478652,56.927757263183594,23672700,0.0,0.0
2017-01-26 00:00:00-05:00,57.32109550892131,57.69655954704426,56.81153181256849,57.45518493652344,43554600,0.0,0.0
2017-01-27 00:00:00-05:00,58.45643043908035,58.92129653274711,58.00944748308774,58.805076599121094,44818000,0.0,0.0
2017-01-30 00:00:00-05:00,58.72462073856226,58.81401596232457,57.928991652366456,58.223995208740234,31651400,0.0,0.0
2017-01-31 00:00:00-05:00,57.98264249573749,58.241893486336075,57.446264193308075,57.7949104309082,25270500,0.0,0.0
2017-02-01 00:00:00-05:00,57.53565222046439,57.768085289837735,56.7400230272757,56.83835983276367,39671500,0.0,0.0
2017-02-02 00:00:00-05:00,56.54335501396287,56.68638945150283,56.09637197037423,56.47183609008789,45827000,0.0,0.0
2017-02-03 00:00:00-05:00,56.76684310440157,56.94563699307157,56.38243743733452,56.927757263183594,30301800,0.0,0.0
2017-02-06 00:00:00-05:00,56.76683217202055,56.90092841525071,56.44500391643548,56.89198684692383,19796400,0.0,0.0
2017-02-07 00:00:00-05:00,56.98138862496573,57.01714466961988,56.5254641009799,56.70425796508789,20277200,0.0,0.0
2017-02-08 00:00:00-05:00,56.829421596985924,57.04397494974745,56.51653484317729,56.623809814453125,18096400,0.0,0.0
2017-02-09 00:00:00-05:00,56.78472460291034,57.607175152324494,56.60593070867162,57.26746368408203,22644400,0.0,0.0
2017-02-10 00:00:00-05:00,57.437320560216904,57.48202159232278,57.195949309726984,57.213829040527344,18170700,0.0,0.0
2017-02-13 00:00:00-05:00,57.428383784932024,57.982645255393656,57.330046962423985,57.85749053955078,22920100,0.0,0.0
2017-02-14 00:00:00-05:00,57.92943559792561,58.20824296611452,57.57866886592992,58.073333740234375,23108400,0.39,0.0
2017-02-15 00:00:00-05:00,58.01037685757376,58.07333358124303,57.70458901739965,58.037357330322266,17005200,0.0,0.0
2017-02-16 00:00:00-05:00,58.226216742697915,58.675909503464,57.95640520329845,58.028350830078125,20546300,0.0,0.0
2017-02-17 00:00:00-05:00,57.983403593410436,58.1812695671895,57.83050965431537,58.11831283569336,21248800,0.0,0.0
2017-02-21 00:00:00-05:00,58.10929820748967,58.41508598649142,57.965393232594586,58.00136947631836,20655900,0.0,0.0
2017-02-22 00:00:00-05:00,57.85748379076959,57.91144473706243,57.60565689237856,57.884464263916016,19292700,0.0,0.0
2017-02-23 00:00:00-05:00,57.93843155872643,58.21724582258289,57.73157666742584,58.11831283569336,20273100,0.0,0.0
2017-02-24 00:00:00-05:00,58.037364545615965,58.28020255407904,57.68660463274183,58.11831283569336,21796800,0.0,0.0
2017-02-27 00:00:00-05:00,58.04634348452999,58.04634348452999,57.60564649191174,57.76753616333008,15871500,0.0,0.0
2017-02-28 00:00:00-05:00,57.63262707497141,57.74054894828717,57.34482054563395,57.542686462402344,23239800,0.0,0.0
2017-03-01 00:00:00-05:00,57.67760178189951,58.451074023603134,57.578668807139636,58.40610885620117,26937500,0.0,0.0
2017-03-02 00:00:00-05:00,58.18126565194474,58.23522660051903,57.45276196823302,57.56968307495117,24539600,0.0,0.0
2017-03-03 00:00:00-05:00,57.551676125470856,57.81249529700581,57.21890104064086,57.78551483154297,18135900,0.0,0.0
2017-03-06 00:00:00-05:00,57.53369719903288,58.0643314026438,57.38979564209621,57.80350875854492,18750300,0.0,0.0
2017-03-07 00:00:00-05:00,57.73157430177622,58.26220860810454,57.73157430177622,57.92044448852539,18521000,0.0,0.0
2017-03-08 00:00:00-05:00,57.79450990985435,58.53200569126012,57.785514134219824,58.45105743408203,21510900,0.0,0.0
2017-03-09 00:00:00-05:00,58.63095597846851,58.63994489499526,57.992392954883954,58.21723937988281,19846800,0.0,0.0
2017-03-10 00:00:00-05:00,58.5589958500428,58.69390505982779,58.235216491265795,58.3971061706543,19538200,0.0,0.0
2017-03-13 00:00:00-04:00,58.469056231832035,58.630945904486026,58.07332439606291,58.19923782348633,20100000,0.0,0.0
2017-03-14 00:00:00-04:00,58.03735762151599,58.05534917795077,57.69559352870637,57.92943572998047,14280200,0.0,0.0
2017-03-15 00:00:00-04:00,58.05533606558948,58.38810430502278,57.785517674155216,58.23521041870117,24833800,0.0,0.0
2017-03-16 00:00:00-04:00,58.235224480536665,58.244220258894444,57.83050365742562,58.13629150390625,20674300,0.0,0.0
2017-03-17 00:00:00-04:00,58.37912734287059,58.675919400092006,58.1722656188502,58.3431510925293,49219700,0.0,0.0
2017-03-20 00:00:00-04:00,58.37912147817444,58.621952566373466,58.20823602166229,58.3971061706543,14598100,0.0,0.0
2017-03-21 00:00:00-04:00,58.63096241169901,58.909769813523624,57.677608799095495,57.74956130981445,26640500,0.0,0.0
2017-03-22 00:00:00-04:00,57.66861171007522,58.58598207556093,57.66861171007522,58.4870491027832,20680000,0.0,0.0
2017-03-23 00:00:00-04:00,58.40610781518453,58.675919400092006,58.253207035792,58.3431510925293,19269200,0.0,0.0
2017-03-24 00:00:00-04:00,58.78385703273482,58.86479846190602,58.24422691961932,58.44209289550781,22617100,0.0,0.0
2017-03-27 00:00:00-04:00,58.12729070841671,58.657931797430365,57.87546383028187,58.55000305175781,18614700,0.0,0.0
2017-03-28 00:00:00-04:00,58.42408733775193,58.88277591178996,58.145279999497205,58.72088623046875,20080400,0.0,0.0
2017-03-29 00:00:00-04:00,58.567994570253134,58.909758638683904,58.415093798537455,58.88277816772461,13618400,0.0,0.0
2017-03-30 00:00:00-04:00,58.8378025435027,59.341463130424465,58.78384160488398,59.09862518310547,15122800,0.0,0.0
2017-03-31 00:00:00-04:00,59.04466941781765,59.53033849324124,58.86478817038226,59.23353958129883,21040300,0.0,0.0
2017-04-03 00:00:00-04:00,59.18856631165477,59.30549083547557,58.63095161072909,58.95473098754883,20400900,0.0,0.0
2017-04-04 00:00:00-04:00,58.81083581976401,59.18857620191722,58.71190283466165,59.11663055419922,12997400,0.0,0.0
2017-04-05 00:00:00-04:00,59.629264848632374,59.67423000917682,58.85579272488894,58.963714599609375,21448600,0.0,0.0
2017-04-06 00:00:00-04:00,58.99970601084062,59.41342264773733,58.89178410837911,59.11663055419922,18103500,0.0,0.0
2017-04-07 00:00:00-04:00,59.22454537679599,59.32347835007163,58.85580081785163,59.071651458740234,14108500,0.0,0.0
2017-04-10 00:00:00-04:00,59.008701013178474,59.197571201768795,58.783854570318255,58.93674850463867,17952700,0.0,0.0
2017-04-11 00:00:00-04:00,58.9997103931436,59.008706172939895,58.32517100558075,58.891788482666016,18791500,0.0,0.0
2017-04-12 00:00:00-04:00,58.83780211458529,58.918750383690636,58.55899478473118,58.66692352294922,17108500,0.0,0.0
2017-04-13 00:00:00-04:00,58.72087947362816,59.233528928528344,58.41508483886719,58.41508483886719,17896500,0.0,0.0
2017-04-17 00:00:00-04:00,58.49605651286291,58.900777400692824,58.46907603524351,58.891788482666016,16689300,0.0,0.0
2017-04-18 00:00:00-04:00,58.756872028672234,59.09863613956367,58.60397809972885,58.81083297729492,15155600,0.0,0.0
2017-04-19 00:00:00-04:00,59.04468536246156,59.13462257958224,58.36115016115867,58.49605941772461,26992800,0.0,0.0
2017-04-20 00:00:00-04:00,58.87378708477788,59.1346097611289,58.58598393531612,58.90976333618164,22299500,0.0,0.0
2017-04-21 00:00:00-04:00,59.0626720922368,59.989038497798596,58.864806090705144,59.7192268371582,32522600,0.0,0.0
2017-04-24 00:00:00-04:00,60.69054280252233,60.852432483646886,60.34877188583298,60.73550796508789,29770000,0.0,0.0
2017-04-25 00:00:00-04:00,61.06829231267212,61.19420576566944,60.79847384952441,61.08627700805664,30242700,0.0,0.0
2017-04-26 00:00:00-04:00,61.230190855354046,61.43704576008921,60.81647418411416,61.00534439086914,26190800,0.0,0.0
2017-04-27 00:00:00-04:00,61.293124881495096,61.4999797095894,60.78047540687978,61.40104675292969,34971000,0.0,0.0
2017-04-28 00:00:00-04:00,61.976672879010316,62.183527750752205,60.879421209452126,61.57194519042969,39548800,0.0,0.0
2017-05-01 00:00:00-04:00,61.769780120119634,62.552247768947275,61.607890498354095,62.426334381103516,31954400,0.0,0.0
2017-05-02 00:00:00-04:00,62.69618679968458,62.69618679968458,62.17454135969685,62.32744216918945,23906100,0.0,0.0
2017-05-03 00:00:00-04:00,62.39937778725876,62.39937778725876,61.79679101130251,62.12956619262695,28928000,0.0,0.0
2017-05-04 00:00:00-04:00,62.084592326667575,62.12956435532715,61.73383246078106,61.88672637939453,21749400,0.0,0.0
2017-05-05 00:00:00-04:00,61.96766093837568,62.0845785805284,61.59890959796325,62.05759811401367,19128800,0.0,0.0
2017-05-08 00:00:00-04:00,62.030634954022744,62.10258745931452,61.53597005735247,62.00365447998047,18566100,0.0,0.0
2017-05-09 00:00:00-04:00,61.93168486263454,62.30942511839188,61.7697952013433,62.09357452392578,22858400,0.0,0.0
2017-05-10 00:00:00-04:00,62.04859982561777,62.56124925394086,61.98564311904358,62.336402893066406,17977800,0.0,0.0
2017-05-11 00:00:00-04:00,61.48200799133459,61.81478317593176,61.266157341152656,61.57194519042969,28789400,0.0,0.0
2017-05-12 00:00:00-04:00,61.70685793058185,61.70685793058185,61.194208318628824,61.499996185302734,18714100,0.0,0.0
2017-05-15 00:00:00-04:00,61.284133562724705,61.58992823148905,60.771484050819566,61.54495620727539,31530300,0.0,0.0
2017-05-16 00:00:00-04:00,61.71683627624076,62.81133007246906,61.65351868145401,62.78419494628906,34956000,0.39,0.0
2017-05-17 00:00:00-04:00,62.31381289452712,62.503765627489656,60.993184202669696,61.038414001464844,30548800,0.0,0.0
2017-05-18 00:00:00-04:00,60.96606969547155,61.626380814091554,60.73088708420244,61.24647521972656,25201300,0.0,0.0
2017-05-19 00:00:00-04:00,61.05649809338405,61.59922114066121,60.99318051955335,61.228363037109375,26961100,0.0,0.0
2017-05-22 00:00:00-04:00,61.409291736549854,61.961062332769124,61.05652127681629,61.91583251953125,16237600,0.0,0.0
2017-05-23 00:00:00-04:00,62.16004186389368,62.18717698240118,61.85249441824597,62.12385940551758,15425800,0.0,0.0
2017-05-24 00:00:00-04:00,62.29574756353645,62.30478800567444,61.91583505961399,62.20528793334961,14593900,0.0,0.0
2017-05-25 00:00:00-04:00,62.38618342083559,63.20931200434125,62.331913178281084,62.97413635253906,21854100,0.0,0.0
2017-05-26 00:00:00-04:00,63.136958104162225,63.516863629049695,62.88368085313779,63.281681060791016,19827900,0.0,0.0
2017-05-30 00:00:00-04:00,63.127902925700525,63.688720703125,63.10980824518115,63.688720703125,17072800,0.0,0.0
2017-05-31 00:00:00-04:00,63.79726543404519,63.98721818556773,63.14599491391132,63.17313003540039,30436400,0.0,0.0
2017-06-01 00:00:00-04:00,63.534948921221236,63.86963152827933,62.820360804161545,63.4083137512207,21603600,0.0,0.0
2017-06-02 00:00:00-04:00,63.71586495878041,65.00031141588404,63.53495263313932,64.90985870361328,34770300,0.0,0.0
2017-06-05 00:00:00-04:00,65.0998130208091,65.93198903528716,64.95508315684782,65.38021850585938,33316800,0.0,0.0
2017-06-06 00:00:00-04:00,65.39831969615031,65.68777255177196,65.37117766813229,65.5973129272461,31511100,0.0,0.0
2017-06-07 00:00:00-04:00,65.70584865886677,65.82343648831225,65.08171324628101,65.4797134399414,22301800,0.0,0.0
2017-06-08 00:00:00-04:00,65.58827375720215,65.59731419894965,64.67468536036299,65.08172607421875,24588300,0.0,0.0
2017-06-09 00:00:00-04:00,65.16311477333488,65.19929723053117,62.042445125861065,63.607303619384766,49187400,0.0,0.0
2017-06-12 00:00:00-04:00,62.63945279921594,63.26358818347313,61.62636458001713,63.118858337402344,47761700,0.0,0.0
2017-06-13 00:00:00-04:00,63.33593860626314,64.05957394759636,63.28166837104748,63.90580368041992,25258600,0.0,0.0
2017-06-14 00:00:00-04:00,64.1409736098926,64.31283162137049,62.8022505615626,63.56206130981445,25510700,0.0,0.0
2017-06-15 00:00:00-04:00,62.6575404071326,63.507810997713186,62.23241201294118,63.2274055480957,26068700,0.0,0.0
2017-06-16 00:00:00-04:00,63.07366705593345,63.34502530170305,62.61234906669207,63.31789016723633,48345100,0.0,0.0
2017-06-19 00:00:00-04:00,63.77016038091207,64.16816075334425,63.63447780839179,64.10484313964844,23798300,0.0,0.0
2017-06-20 00:00:00-04:00,64.05959032200185,64.10482013030824,63.20027917297916,63.2364616394043,21512200,0.0,0.0
2017-06-21 00:00:00-04:00,63.50779108525267,63.878656022682776,63.26356817362792,63.56206130981445,19891100,0.0,0.0
2017-06-22 00:00:00-04:00,63.806321364330955,63.851544272534156,63.05555069693788,63.55305099487305,22965700,0.0,0.0
2017-06-23 00:00:00-04:00,63.399280291494414,64.44855124535056,63.245509965839844,64.41236877441406,27617300,0.0,0.0
2017-06-26 00:00:00-04:00,64.58420166432326,64.86460704824206,63.71584349703841,63.79724884033203,19607000,0.0,0.0
2017-06-27 00:00:00-04:00,63.41737122359711,63.480688818712785,62.57614780214583,62.6032829284668,25215100,0.0,0.0
2017-06-28 00:00:00-04:00,62.60326121390512,63.17311937228525,62.22335577498504,63.13694381713867,25806200,0.0,0.0
2017-06-29 00:00:00-04:00,62.757036588599114,62.85653662610108,61.590178158793,61.951995849609375,28918700,0.0,0.0
2017-06-30 00:00:00-04:00,62.21431597204277,62.757039079257325,62.178133511415304,62.349998474121094,24161100,0.0,0.0
2017-07-03 00:00:00-04:00,62.711818763320835,62.95604175624597,61.52686555751646,61.66254806518555,16165500,0.0,0.0
2017-07-05 00:00:00-04:00,61.743960221786025,62.81131869855639,61.707777759731215,62.48568344116211,21176300,0.0,0.0
2017-07-06 00:00:00-04:00,61.75300705786048,62.21432487046891,61.61733143747539,62.02437210083008,21117600,0.0,0.0
2017-07-07 00:00:00-04:00,62.141961304518205,63.17313744870463,62.141961304518205,62.82941436767578,16878300,0.0,0.0
2017-07-10 00:00:00-04:00,62.82939768604427,63.54398568414722,62.59421516615136,63.29976272583008,15014500,0.0,0.0
2017-07-11 00:00:00-04:00,63.31786234365545,63.932950425323504,63.091727120999536,63.308815002441406,17460000,0.0,0.0
2017-07-12 00:00:00-04:00,63.942020391724604,64.47569639350031,63.81538517431675,64.35810852050781,17750900,0.0,0.0
2017-07-13 00:00:00-04:00,64.6746993234958,65.16315242623907,64.50283427778001,64.9189224243164,20269800,0.0,0.0
2017-07-14 00:00:00-04:00,65.34405121977005,66.27572750688176,65.090780800101,65.83250427246094,25868100,0.0,0.0
2017-07-17 00:00:00-04:00,65.8505824956234,66.43852857952213,65.77821756492523,66.34807586669922,21803900,0.0,0.0
2017-07-18 00:00:00-04:00,66.11288155189958,66.3842465432779,65.72393564594154,66.30284118652344,26435300,0.0,0.0
2017-07-19 00:00:00-04:00,66.48374435929924,66.97219718680546,66.43851456188085,66.80937957763672,22416200,0.0,0.0
2017-07-20 00:00:00-04:00,67.0988578117517,67.20740522610599,66.28476945684649,67.13504028320312,42361000,0.0,0.0
2017-07-21 00:00:00-04:00,66.43853856944415,67.19835665382456,66.18526817501755,66.74608612060547,46717100,0.0,0.0
2017-07-24 00:00:00-04:00,66.51091639791424,66.70991657526424,66.14909852101445,66.57423400878906,21394800,0.0,0.0
2017-07-25 00:00:00-04:00,66.75510930252916,67.21642011065536,66.48374432037409,67.10787963867188,22018700,0.0,0.0
2017-07-26 00:00:00-04:00,67.24358833632913,67.27977081183762,66.76418261276937,66.98127746582031,16252200,0.0,0.0
2017-07-27 00:00:00-04:00,66.71893928993455,67.31593270049561,65.41639817438394,66.17621612548828,36844200,0.0,0.0
2017-07-28 00:00:00-04:00,65.7329976797153,66.3119034104816,65.61540982540674,66.06768035888672,18306700,0.0,0.0
2017-07-31 00:00:00-04:00,66.30286198897514,66.42949718439043,65.49782100336337,65.7601318359375,23600100,0.0,0.0
2017-08-01 00:00:00-04:00,66.12193136253806,66.41138414364436,65.57016092025754,65.65157318115234,22132300,0.0,0.0
2017-08-02 00:00:00-04:00,65.62444690796272,65.63348734842636,64.62040592853153,65.36212921142578,26499200,0.0,0.0
2017-08-03 00:00:00-04:00,65.29881674533557,65.52495199445936,64.99126921795516,65.26263427734375,18214400,0.0,0.0
2017-08-04 00:00:00-04:00,65.4887569564852,66.06766253103832,65.34402711229752,65.74202728271484,22579000,0.0,0.0
2017-08-07 00:00:00-04:00,65.85057196700241,65.94102466536316,65.3621191145362,65.48875427246094,18705700,0.0,0.0
2017-08-08 00:00:00-04:00,65.20835466130028,66.14907809024764,64.90081404663856,65.84153747558594,22044600,0.0,0.0
2017-08-09 00:00:00-04:00,65.35306293813484,65.5882454429531,65.17215756587316,65.55206298828125,22213400,0.0,0.0
2017-08-10 00:00:00-04:00,65.03648477760677,65.29880243724406,64.53898457810526,64.59326171875,24734500,0.0,0.0
2017-08-11 00:00:00-04:00,64.77416007378267,65.76010612417494,64.47565998654363,65.5792007446289,21443700,0.0,0.0
2017-08-14 00:00:00-04:00,66.08577980099716,66.68278032302744,65.98627971399212,66.565185546875,20096600,0.0,0.0
2017-08-15 00:00:00-04:00,66.91980228177401,66.91980228177401,66.41965842048833,66.58334350585938,19181400,0.39,0.0
2017-08-16 00:00:00-04:00,66.69245891727081,67.38357445829249,66.53786938271232,66.974365234375,18150400,0.0,0.0
2017-08-17 00:00:00-04:00,66.9107455299861,67.17446090073135,65.83769989013672,65.83769989013672,22977500,0.0,0.0
2017-08-18 00:00:00-04:00,65.71943434867633,66.23776919387878,65.4102553249502,65.91949462890625,18761500,0.0,0.0
2017-08-21 00:00:00-04:00,65.90133893784397,65.91043448301747,65.20112765471598,65.61034393310547,17734800,0.0,0.0
2017-08-22 00:00:00-04:00,65.79220687986992,66.60153687574619,65.79220687986992,66.52879333496094,14343700,0.0,0.0
2017-08-23 00:00:00-04:00,66.34693719100605,66.51971789556065,65.95591192239851,66.12869262695312,13766500,0.0,0.0
2017-08-24 00:00:00-04:00,66.14685086561053,66.25597657381431,65.53758127167325,66.10138702392578,17098300,0.0,0.0
2017-08-25 00:00:00-04:00,66.25597209640274,66.70155656685633,65.91041778390947,66.21959686279297,12794300,0.0,0.0
2017-08-28 00:00:00-04:00,66.43784001787758,66.46511970808093,65.97407140868772,66.22869110107422,14569700,0.0,0.0
2017-08-29 00:00:00-04:00,65.70127341952477,66.52879451872224,65.51940415752435,66.42876434326172,11478400,0.0,0.0
2017-08-30 00:00:00-04:00,66.3923975115961,67.48362709753337,66.22871237991866,67.3017578125,16897800,0.0,0.0
2017-08-31 00:00:00-04:00,67.31992672955931,68.16563189550901,67.11077779289377,67.99285125732422,27652800,0.0,0.0
2017-09-01 00:00:00-04:00,67.93827934782928,67.96555903559451,66.96526450296405,67.23807525634766,21736200,0.0,0.0
2017-09-05 00:00:00-04:00,66.69247240573726,67.19262328089457,66.36510912311418,66.93800354003906,21556000,0.0,0.0
2017-09-06 00:00:00-04:00,67.05621126674774,67.32902206959731,66.70156138576344,66.74703216552734,16535800,0.0,0.0
2017-09-07 00:00:00-04:00,67.00166300530357,67.83827276406929,66.92891252074968,67.60183715820312,17471200,0.0,0.0
2017-09-08 00:00:00-04:00,67.59272680466353,67.69275695427578,67.14713543353047,67.27445220947266,14703800,0.0,0.0
2017-09-11 00:00:00-04:00,67.57455601437756,68.14745739564023,67.57455601437756,67.98377227783203,17910400,0.0,0.0
2017-09-12 00:00:00-04:00,67.98376885091135,68.42025785115212,67.6291189365154,67.91101837158203,14394900,0.0,0.0
2017-09-13 00:00:00-04:00,68.13834752503378,68.4111583099796,67.79279321025336,68.3929672241211,13380800,0.0,0.0
2017-09-14 00:00:00-04:00,68.2020071318567,68.64759163584876,67.76551123355136,67.99285125732422,15733900,0.0,0.0
2017-09-15 00:00:00-04:00,68.04741304618771,68.55665244538643,67.35629747737055,68.48390197753906,38578400,0.0,0.0
2017-09-18 00:00:00-04:00,68.4111585871391,69.08408307143416,68.23837796011566,68.34750366210938,23307000,0.0,0.0
2017-09-19 00:00:00-04:00,68.39297880898762,68.84765890233646,68.21110954679514,68.60213470458984,16093300,0.0,0.0
2017-09-20 00:00:00-04:00,68.5203180543704,68.70219433239986,67.57458222222908,68.1474838256836,21587900,0.0,0.0
2017-09-21 00:00:00-04:00,68.30204525849106,68.42025958699966,67.3926850574065,67.4836196899414,19186100,0.0,0.0
2017-09-22 00:00:00-04:00,67.28356026366892,67.75643145996102,67.15625038879054,67.66549682617188,14111400,0.0,0.0
2017-09-25 00:00:00-04:00,67.37447632607463,67.51997725032506,66.31052683449067,66.61971282958984,24149200,0.0,0.0
2017-09-26 00:00:00-04:00,66.99254680671618,67.11985664650233,66.37418175438374,66.61971282958984,18019600,0.0,0.0
2017-09-27 00:00:00-04:00,66.88344610021191,67.4472449891613,66.53788478079876,67.15625,19565100,0.0,0.0
2017-09-28 00:00:00-04:00,66.87435554969838,67.26538074601072,66.66519963349342,67.17444610595703,10883800,0.0,0.0
2017-09-29 00:00:00-04:00,67.23808398195133,67.78369862165826,67.18351766147406,67.73822784423828,17079100,0.0,0.0
2017-10-02 00:00:00-04:00,67.9382780482574,68.2110887964225,67.56544409282168,67.84734344482422,15304800,0.0,0.0
2017-10-03 00:00:00-04:00,67.90194030137798,68.09290515536048,67.46545118880921,67.52910614013672,12190400,0.0,0.0
2017-10-04 00:00:00-04:00,67.37449096325325,67.9473923046203,67.02893659988536,67.92011260986328,13317700,0.0,0.0
2017-10-05 00:00:00-04:00,68.40207863322225,69.22050424003073,68.16564302728467,69.08409881591797,21195300,0.0,0.0
2017-10-06 00:00:00-04:00,68.81129097218447,69.13866122920176,68.69307663298815,69.11138153076172,13959800,0.0,0.0
2017-10-09 00:00:00-04:00,69.0840889644008,69.61151949556127,68.98405879684046,69.37508392333984,11386500,0.0,0.0
2017-10-10 00:00:00-04:00,69.4114591604406,69.68426303189572,69.23867851867874,69.37508392333984,13944500,0.0,0.0
2017-10-11 00:00:00-04:00,69.43874200241004,69.52967663035172,69.06590100862151,69.49330139160156,15388900,0.0,0.0
2017-10-12 00:00:00-04:00,69.55695856786211,70.28444949058887,69.44783978596043,70.1298599243164,16876500,0.0,0.0
2017-10-13 00:00:00-04:00,70.55723557227456,70.81186218746024,70.28443174851728,70.46630096435547,15335700,0.0,0.0
2017-10-16 00:00:00-04:00,70.40267573454271,70.75732571149274,70.33902078836883,70.61183166503906,12380100,0.0,0.0
2017-10-17 00:00:00-04:00,70.44812458078731,70.58452997662977,70.24806425860059,70.55724334716797,16824000,0.0,0.0
2017-10-18 00:00:00-04:00,70.6300064754884,70.79369159226285,70.35720257277622,70.57544708251953,13300700,0.0,0.0
2017-10-19 00:00:00-04:00,70.53907288574119,70.86644312413756,70.33901252473586,70.84825897216797,15092800,0.0,0.0
2017-10-20 00:00:00-04:00,71.22107963664423,71.81216506334172,71.13014501819848,71.66666412353516,22866400,0.0,0.0
2017-10-23 00:00:00-04:00,71.83037717625814,72.14865193365961,71.62122816619548,71.68488311767578,20627200,0.0,0.0
2017-10-24 00:00:00-04:00,71.74853344989604,72.02133739387554,71.34841267328342,71.712158203125,17517200,0.0,0.0
2017-10-25 00:00:00-04:00,71.45752687493544,71.93039113086512,70.93919183341715,71.50299072265625,20410800,0.0,0.0
2017-10-26 00:00:00-04:00,72.02131427181274,72.22137459589075,71.61210501828351,71.62120056152344,32120700,0.0,0.0
2017-10-27 00:00:00-04:00,76.72273221150809,78.38685631381853,76.03161643006945,76.21348571777344,71066700,0.0,0.0
2017-10-30 00:00:00-04:00,76.11343610011554,76.68633739209959,75.57691698182799,76.28621673583984,31756700,0.0,0.0
2017-10-31 00:00:00-04:00,76.71362450182579,76.71362450182579,75.57692428924287,75.64057922363281,27086600,0.0,0.0
2017-11-01 00:00:00-04:00,76.09525930866599,76.1680097873595,75.36776839746591,75.64057922363281,22307400,0.0,0.0
2017-11-02 00:00:00-04:00,75.79515313920373,76.80454327461361,75.58600422847401,76.43170928955078,23992900,0.0,0.0
2017-11-03 00:00:00-04:00,76.45900567274191,76.87731052339858,75.84064047223477,76.51356506347656,17633500,0.0,0.0
2017-11-06 00:00:00-05:00,76.56812852088706,77.02280863547158,76.45900973362225,76.81365966796875,19860900,0.0,0.0
2017-11-07 00:00:00-05:00,77.08645496615652,77.20467622298284,76.3225957891273,76.63177490234375,17939700,0.0,0.0
2017-11-08 00:00:00-05:00,76.51356295336619,76.94096333664753,76.23166352518803,76.89549255371094,18034200,0.0,0.0
2017-11-09 00:00:00-05:00,76.4863154856347,76.63180956417322,75.38599006605654,76.46812438964844,21178400,0.0,0.0
2017-11-10 00:00:00-05:00,76.19529303597997,76.4771924817301,75.68605353711064,76.2680435180664,19397800,0.0,0.0
2017-11-13 00:00:00-05:00,76.07705430422091,76.33167397198613,75.89517815734175,76.32257843017578,14196900,0.0,0.0
2017-11-14 00:00:00-05:00,75.93155852412568,76.47717312594737,75.45869438597782,76.43170928955078,18801300,0.0,0.0
2017-11-15 00:00:00-05:00,76.2854839984559,76.4865490440549,75.57262208966623,75.83766174316406,19383100,0.42,0.0
2017-11-16 00:00:00-05:00,75.94734311756632,76.23979952029298,75.80111840255833,76.03873443603516,20962800,0.0,0.0
2017-11-17 00:00:00-05:00,75.96561522970923,75.96561522970923,75.16135500209815,75.30758666992188,22079000,0.0,0.0
2017-11-20 00:00:00-05:00,75.30759884057619,75.48124025829237,75.17050837301333,75.42640686035156,16315000,0.0,0.0
2017-11-21 00:00:00-05:00,75.618310354879,76.62362855833045,75.618310354879,76.51396179199219,21237500,0.0,0.0
2017-11-22 00:00:00-05:00,76.61448747557925,76.678462074473,75.8924844465164,75.95645904541016,20553100,0.0,0.0
2017-11-24 00:00:00-05:00,75.86506992278463,76.24891752710327,75.65486367887193,76.09355163574219,7425600,0.0,0.0
2017-11-27 00:00:00-05:00,76.13927329375016,76.75160982097567,76.13013904204307,76.65107727050781,18265200,0.0,0.0
2017-11-28 00:00:00-05:00,76.83385605836547,77.7386419943602,76.78815691128345,77.57413482666016,21926000,0.0,0.0
2017-11-29 00:00:00-05:00,77.41875423534856,77.61067806590161,76.02044706081242,76.16667175292969,27381100,0.0,0.0
2017-11-30 00:00:00-05:00,76.32204375495158,77.24510498080622,76.1666708696974,76.92523193359375,33054600,0.0,0.0
2017-12-01 00:00:00-05:00,76.40428175069923,77.51013238055009,76.05699206475951,77.00747680664062,29532100,0.0,0.0
2017-12-04 00:00:00-05:00,77.15372473993054,77.16286596336427,73.75391478447482,74.10121154785156,39094900,0.0,0.0
2017-12-05 00:00:00-05:00,74.33881714435056,75.56348292233895,74.00980984671747,74.56729888916016,26152300,0.0,0.0
2017-12-06 00:00:00-05:00,74.53076542440529,75.98390631527414,74.42109165100133,75.65489196777344,26162100,0.0,0.0
2017-12-07 00:00:00-05:00,75.43553067918259,75.67315363661797,74.94200929345183,75.38983154296875,23184500,0.0,0.0
2017-12-08 00:00:00-05:00,76.43171238201037,77.29994721429784,76.1575384660588,76.91609954833984,24489100,0.0,0.0
2017-12-11 00:00:00-05:00,77.03492626192556,78.02196933363487,76.87956030787262,77.8940200805664,22857900,0.0,0.0
2017-12-12 00:00:00-05:00,77.96712583129955,78.64343696777271,77.7569264837098,78.2138900756836,23924100,0.0,0.0
2017-12-13 00:00:00-05:00,78.36013903992644,78.59776213362034,77.83920066283306,78.00370788574219,22062700,0.0,0.0
2017-12-14 00:00:00-05:00,78.07681700984861,78.47894729170326,77.25428096637894,77.4005126953125,19306000,0.0,0.0
2017-12-15 00:00:00-05:00,77.92142442115016,79.59390567030567,77.57412766987363,79.37456512451172,53936700,0.0,0.0
2017-12-18 00:00:00-05:00,79.62134137091965,79.96863120196353,78.80794670851085,78.94503021240234,22283800,0.0,0.0
2017-12-19 00:00:00-05:00,78.91759891959384,78.91759891959384,77.93055603781379,78.4423599243164,23524800,0.0,0.0
2017-12-20 00:00:00-05:00,78.78049768387285,78.87189595400406,77.41874852596798,78.15902709960938,23674900,0.0,0.0
2017-12-21 00:00:00-05:00,78.64343267128999,78.68912484436446,78.04937863963647,78.1407699584961,17990700,0.0,0.0
2017-12-22 00:00:00-05:00,78.04936219298102,78.25956148479362,77.61067419310079,78.14989471435547,14145800,0.0,0.0
2017-12-26 00:00:00-05:00,77.96712037479796,78.16818545682872,77.71122189683537,78.04937744140625,9891200,0.0,0.0
2017-12-27 00:00:00-05:00,78.27783873755767,78.5794362816814,77.8848498998928,78.33267211914062,14678000,0.0,0.0
2017-12-28 00:00:00-05:00,78.506349830374,78.53376653142325,78.18647669694724,78.34184265136719,10594300,0.0,0.0
2017-12-29 00:00:00-05:00,78.25955720223394,78.6434117958896,78.14074921652434,78.17730712890625,18717400,0.0,0.0
2018-01-02 00:00:00-05:00,78.71655492048146,78.88106211147071,78.14078323837496,78.55204772949219,22483800,0.0,0.0
2018-01-03 00:00:00-05:00,78.65254763966074,79.0638189327669,78.57029756466488,78.91758728027344,26061400,0.0,0.0
2018-01-04 00:00:00-05:00,79.13693666596708,80.11484526314953,79.11866119370926,79.6121826171875,21912000,0.0,0.0
2018-01-05 00:00:00-05:00,80.11484768960844,80.80029296974796,79.90464140237326,80.59922790527344,23407100,0.0,0.0
2018-01-08 00:00:00-05:00,80.60835694637981,80.95565366174243,80.06000215224509,80.68147277832031,22113000,0.0,0.0
2018-01-09 00:00:00-05:00,81.01962920514615,81.09274503792919,80.29762604501008,80.62664031982422,19484300,0.0,0.0
2018-01-10 00:00:00-05:00,80.29762816882331,80.59922575749823,79.88636380078277,80.26107025146484,18652200,0.0,0.0
2018-01-11 00:00:00-05:00,80.54437990819368,80.54437990819368,79.73098547733065,80.49868774414062,17808900,0.0,0.0
2018-01-12 00:00:00-05:00,81.037918264908,82.0523779535648,80.8368531773961,81.88787078857422,24271500,0.0,0.0
2018-01-16 00:00:00-05:00,82.34483298714574,82.97544493787335,80.43472863307318,80.7454605102539,36599700,0.0,0.0
2018-01-17 00:00:00-05:00,81.41261025774632,82.50931975313912,81.11101270606517,82.3813705444336,25621200,0.0,0.0
2018-01-18 00:00:00-05:00,82.07068222944143,82.86579459444556,81.94273295294163,82.34485626220703,24159700,0.0,0.0
2018-01-19 00:00:00-05:00,82.38138245474288,82.8109292772314,81.9427013822469,82.25343322753906,36875000,0.0,0.0
2018-01-22 00:00:00-05:00,82.25343047923523,83.73399473803696,82.01580750549206,83.724853515625,23601600,0.0,0.0
2018-01-23 00:00:00-05:00,83.98990631103516,84.35547856484388,83.66089197987839,83.98990631103516,23412800,0.0,0.0
2018-01-24 00:00:00-05:00,84.58395604603881,85.38820938530789,83.69744564181252,83.91678619384766,33277500,0.0,0.0
2018-01-25 00:00:00-05:00,84.51083802706177,85.21455880920227,84.01731656816533,84.38288879394531,26383200,0.0,0.0
2018-01-26 00:00:00-05:00,85.1048873343799,85.96397399902344,84.611365902669,85.96397399902344,29172200,0.0,0.0
2018-01-29 00:00:00-05:00,86.95103665481558,87.23435186664142,85.65326165345093,85.83604431152344,31569900,0.0,0.0
2018-01-30 00:00:00-05:00,85.26939512844444,85.59840941876038,84.17267850315469,84.7575912475586,38635100,0.0,0.0
2018-01-31 00:00:00-05:00,85.68067933168079,87.18866068246068,85.46133874495092,86.83222961425781,48756300,0.0,0.0
2018-02-01 00:00:00-05:00,86.63113154437364,87.80095685880447,85.5252808339286,86.1467514038086,47227900,0.0,0.0
2018-02-02 00:00:00-05:00,85.58014662682174,85.88174429099155,83.62434288118793,83.88024139404297,47867800,0.0,0.0
2018-02-05 00:00:00-05:00,82.7652339747874,85.21455882339797,80.42558288574219,80.42558288574219,51031500,0.0,0.0
2018-02-06 00:00:00-05:00,79.41109603835241,83.60602351473497,77.91225670184613,83.46893310546875,67998600,0.0,0.0
2018-02-07 00:00:00-05:00,82.70127187300271,83.8710975945494,81.52230492693138,81.89701843261719,41107600,0.0,0.0
2018-02-08 00:00:00-05:00,81.98837796230006,82.14374385540707,77.46444278398663,77.69292449951172,55628700,0.0,0.0
2018-02-09 00:00:00-05:00,78.87191500622977,81.27554087532496,76.61451385379014,80.59009552001953,63499100,0.0,0.0
2018-02-12 00:00:00-05:00,81.10188960340845,82.05237463235815,80.36161087727021,81.45832061767578,35720300,0.0,0.0
2018-02-13 00:00:00-05:00,81.2755173952334,82.25341887404986,80.24278253510101,82.09805297851562,26407700,0.0,0.0
2018-02-14 00:00:00-05:00,81.27168058548008,83.54886300280381,81.17985995671887,83.38358306884766,34960900,0.42,0.0
2018-02-15 00:00:00-05:00,83.75088963052212,85.137404524971,83.20914290677392,85.08231353759766,27823900,0.0,0.0
2018-02-16 00:00:00-05:00,84.88946127348312,85.85359536046568,84.29262370155219,84.47626495361328,30596900,0.0,0.0
2018-02-20 00:00:00-05:00,83.9987838340805,85.44956637162063,83.56721923536097,85.13737487792969,30911700,0.0,0.0
2018-02-21 00:00:00-05:00,85.37613375261326,85.72505497397412,84.00798034667969,84.00798034667969,26922500,0.0,0.0
2018-02-22 00:00:00-05:00,84.52218563816994,85.14657575357019,83.88861135778087,84.22835540771484,24392800,0.0,0.0
2018-02-23 00:00:00-05:00,85.94542495277975,86.37698964615764,84.80683365919467,86.36780548095703,26329200,0.0,0.0
2018-02-26 00:00:00-05:00,86.68000309615876,87.64413026766574,86.54226864152479,87.61658477783203,30199800,0.0,0.0
2018-02-27 00:00:00-05:00,87.910397804178,88.00221842080582,86.496337890625,86.496337890625,25869100,0.0,0.0
2018-02-28 00:00:00-05:00,87.08399675746891,87.88285081997239,85.9729512026658,86.10150146484375,31167300,0.0,0.0
2018-03-01 00:00:00-05:00,86.30350713191159,86.8360764829132,84.32933247248396,85.2567367553711,37135600,0.0,0.0
2018-03-02 00:00:00-05:00,84.09061424828909,85.53221979609141,83.42949453112489,85.44039916992188,32830400,0.0,0.0
2018-03-05 00:00:00-05:00,84.78845804008719,86.56062347632951,84.71500574119285,85.98214721679688,23901600,0.0,0.0
2018-03-06 00:00:00-05:00,86.62490566224236,86.76264011775277,85.33940275871971,85.68832397460938,22175800,0.0,0.0
2018-03-07 00:00:00-05:00,85.54140691434773,86.2576176308536,84.87110300977957,86.18415832519531,26716100,0.0,0.0
2018-03-08 00:00:00-05:00,86.56060096074715,87.32272528293889,86.10149093612027,86.70751953125,25887800,0.0,0.0
2018-03-09 00:00:00-05:00,87.49719857213178,88.64497375488281,87.2309138890779,88.64497375488281,36937300,0.0,0.0
2018-03-12 00:00:00-04:00,88.60826948501467,89.26020513487028,88.18588893745184,88.85618591308594,26073700,0.0,0.0
2018-03-13 00:00:00-04:00,89.06738126477433,89.28775220534229,86.28517449665642,86.68919372558594,35387800,0.0,0.0
2018-03-14 00:00:00-04:00,87.34111622173435,87.60740094562114,85.85359683482145,86.17497253417969,32132000,0.0,0.0
2018-03-15 00:00:00-04:00,85.88115217008969,86.84528638418135,85.23840069767235,86.47799682617188,27611000,0.0,0.0
2018-03-16 00:00:00-04:00,86.93710677342222,87.57985824399941,86.23925731574867,86.8636474609375,49081300,0.0,0.0
2018-03-19 00:00:00-04:00,86.07395804496848,86.22087663696011,84.57726166773998,85.29347229003906,33344100,0.0,0.0
2018-03-20 00:00:00-04:00,85.44040267979456,86.1015154186524,85.3944888620913,85.51385498046875,23075200,0.0,0.0
2018-03-21 00:00:00-04:00,85.33018840237034,86.35859736678626,84.66906885420745,84.9169921875,24457100,0.0,0.0
2018-03-22 00:00:00-04:00,83.80596842313675,84.24671727438843,82.32764010182407,82.44700622558594,38604700,0.0,0.0
2018-03-23 00:00:00-04:00,82.18070069486299,83.0621911689232,79.9586096869947,80.05043029785156,44068900,0.0,0.0
2018-03-26 00:00:00-04:00,83.19993097007492,86.31269681609042,83.00710557316275,86.11068725585938,56396800,0.0,0.0
2018-03-27 00:00:00-04:00,87.17582556827018,87.35946680089926,81.27166956876013,82.15316009521484,56569000,0.0,0.0
2018-03-28 00:00:00-04:00,82.47453925650076,83.76923311953303,81.60223285628295,82.07970428466797,52501100,0.0,0.0
2018-03-29 00:00:00-04:00,82.80510486946633,84.74255021459317,81.1706738970954,83.80596160888672,45867500,0.0,0.0
2018-04-02 00:00:00-04:00,83.07136356599679,83.44783011882886,80.353433237894,81.28083038330078,48515400,0.0,0.0
2018-04-03 00:00:00-04:00,82.25416143119028,82.68572601581133,80.7023671602245,82.37352752685547,37213800,0.0,0.0
2018-04-04 00:00:00-04:00,80.66564434826935,85.17410895880761,80.55546240615551,84.7792739868164,35560000,0.0,0.0
2018-04-05 00:00:00-04:00,84.8803009328017,85.45877729633112,83.92535082084876,84.82520294189453,29771900,0.0,0.0
2018-04-06 00:00:00-04:00,84.00795014011355,84.89862470659473,82.16233288954147,82.85099792480469,38026000,0.0,0.0
2018-04-09 00:00:00-04:00,83.59475561617175,85.55056183401004,83.20910486991572,83.34683227539062,31533900,0.0,0.0
2018-04-10 00:00:00-04:00,84.83436057919798,85.65157596652875,84.14569545467448,85.28428649902344,26812000,0.0,0.0
2018-04-11 00:00:00-04:00,84.48542880563636,85.6607493493689,83.99877329975925,84.34769439697266,24872100,0.0,0.0
2018-04-12 00:00:00-04:00,84.87110063732773,86.45962480182462,84.87110063732773,85.92705535888672,26758900,0.0,0.0
2018-04-13 00:00:00-04:00,86.35860061654576,86.4779667039981,84.8802657394567,85.46792602539062,23346100,0.0,0.0
2018-04-16 00:00:00-04:00,86.37699039874647,86.91874406285557,85.78014575388461,86.46881103515625,20288100,0.0,0.0
2018-04-17 00:00:00-04:00,87.23091414473232,88.64497401468152,87.12072520489833,88.21340942382812,26771000,0.0,0.0
2018-04-18 00:00:00-04:00,88.35115966070136,88.81026981732072,87.70840123815526,88.55316925048828,21043300,0.0,0.0
2018-04-19 00:00:00-04:00,88.55316696474958,89.13164322519089,87.5431190418864,88.25015258789062,23552500,0.0,0.0
2018-04-20 00:00:00-04:00,88.06648722283886,88.25012842828629,86.35859739141857,87.23090362548828,31154400,0.0,0.0
2018-04-23 00:00:00-04:00,87.91040483683267,88.4154287768825,86.89117979816088,87.55229949951172,22331800,0.0,0.0
2018-04-24 00:00:00-04:00,88.36951967003938,88.58071342134734,84.85274124680171,85.50467681884766,34524800,0.0,0.0
2018-04-25 00:00:00-04:00,85.6699454251039,85.6699454251039,82.89691656398176,84.76090240478516,33729300,0.0,0.0
2018-04-26 00:00:00-04:00,85.89949430944567,87.36864508806025,85.48629105562489,86.55142974853516,42529000,0.0,0.0
2018-04-27 00:00:00-04:00,89.61830252127729,89.89377142158538,86.23007427809249,87.98387145996094,48272800,0.0,0.0
2018-04-30 00:00:00-04:00,88.45213599716557,88.51641111819391,85.53219606030409,85.87193298339844,41523600,0.0,0.0
2018-05-01 00:00:00-04:00,85.5872889165209,87.49718827721111,85.20163818180353,87.23090362548828,31408900,0.0,0.0
2018-05-02 00:00:00-04:00,87.22173975960612,87.38701968515375,85.56894750959458,85.86277770996094,27471000,0.0,0.0
2018-05-03 00:00:00-04:00,85.35775100621007,87.1666459646309,84.88945673140658,86.3769760131836,31142500,0.0,0.0
2018-05-04 00:00:00-04:00,85.68832427722681,87.57067882976406,85.32103472972375,87.37785339355469,22531300,0.0,0.0
2018-05-07 00:00:00-04:00,87.38703157371367,88.80109179456014,87.32275642756,88.35116577148438,24242000,0.0,0.0
2018-05-08 00:00:00-04:00,88.01138479168583,88.29603775278966,87.28599015768347,87.97465515136719,23484600,0.0,0.0
2018-05-09 00:00:00-04:00,88.1583381160763,89.03982881493054,87.27684741722204,89.01228332519531,27327400,0.0,0.0
2018-05-10 00:00:00-04:00,89.48974316359573,89.9396691167187,89.11327651050307,89.90294647216797,22388100,0.0,0.0
2018-05-11 00:00:00-04:00,89.80194878981935,89.86622393106428,89.10409939525641,89.71012115478516,16778300,0.0,0.0
2018-05-14 00:00:00-04:00,89.91212539982517,90.61915891696698,89.352010485635,90.01313018798828,19454100,0.0,0.0
2018-05-15 00:00:00-04:00,89.28772387446783,89.84783871668154,88.46132435272106,89.3611831665039,24594000,0.0,0.0
2018-05-16 00:00:00-04:00,89.7854122968985,89.82230114930566,89.10298611693905,89.59175109863281,17384700,0.42,0.0
2018-05-17 00:00:00-04:00,89.2320669777399,89.95138179564144,88.3744207635126,88.69718933105469,17246700,0.0,0.0
2018-05-18 00:00:00-04:00,88.54042871652265,89.38885107340639,88.54042871652265,88.86319732666016,17865800,0.0,0.0
2018-05-21 00:00:00-04:00,89.45342563337461,90.38484987031111,89.26898839485415,90.00674438476562,19422500,0.0,0.0
2018-05-22 00:00:00-04:00,90.08050129555572,90.53237735067661,89.63784217515196,89.91450500488281,15441200,0.0,0.0
2018-05-23 00:00:00-04:00,89.1859886709671,91.04883718574835,88.82633112287336,90.98428344726562,21251200,0.0,0.0
2018-05-24 00:00:00-04:00,91.0488207910246,91.24248197160114,89.27819121635746,90.66149139404297,26649300,0.0,0.0
2018-05-25 00:00:00-04:00,90.65227369941097,91.27937005614272,90.24650339922322,90.70760345458984,18363900,0.0,0.0
2018-05-29 00:00:00-04:00,90.22805492442178,91.18714387822328,89.66551933315677,90.38483428955078,28671000,0.0,0.0
2018-05-30 00:00:00-04:00,90.66147866610426,91.52834890721931,90.29260429917045,91.2516860961914,22158500,0.0,0.0
2018-05-31 00:00:00-04:00,91.56527054927267,92.21080795846247,90.93817405070399,91.15027618408203,34140900,0.0,0.0
2018-06-01 00:00:00-04:00,91.55603078071445,93.01310872245789,91.45458820022417,92.94855499267578,28655600,0.0,0.0
2018-06-04 00:00:00-04:00,93.38200286001583,93.93532162403287,93.00389736584248,93.76010131835938,27281600,0.0,0.0
2018-06-05 00:00:00-04:00,94.06441899537772,94.36874674543232,93.63098378211734,94.23963928222656,23514400,0.0,0.0
2018-06-06 00:00:00-04:00,94.50707182187898,94.61773133385046,93.97219406125488,94.51628875732422,21122900,0.0,0.0
2018-06-07 00:00:00-04:00,94.66384573348027,94.7007345833623,92.57044747660437,93.03154754638672,28232200,0.0,0.0
2018-06-08 00:00:00-04:00,93.22519383811498,94.01828639430563,92.71798806388077,93.72318267822266,22165100,0.0,0.0
2018-06-11 00:00:00-04:00,93.15145037864107,93.68632118304893,92.8378986311182,93.18833923339844,23490900,0.0,0.0
2018-06-12 00:00:00-04:00,93.23443938704428,93.55720805186631,92.91167072222225,93.4281005859375,18325200,0.0,0.0
2018-06-13 00:00:00-04:00,93.80616154606678,94.07360032314111,92.7364064377694,93.00384521484375,29492900,0.0,0.0
2018-06-14 00:00:00-04:00,93.74165780050387,94.09209136627189,93.14222622456599,93.52954864501953,25691800,0.0,0.0
2018-06-15 00:00:00-04:00,93.61253784735032,93.63097875431988,92.28456739902437,92.33989715576172,65738600,0.0,0.0
2018-06-18 00:00:00-04:00,92.22925371297003,93.24367263294366,91.6851518788727,93.01312255859375,23586000,0.0,0.0
2018-06-19 00:00:00-04:00,91.89726104303978,93.1422300373633,91.75892959126385,93.01312255859375,28653100,0.0,0.0
2018-06-20 00:00:00-04:00,93.4834342145444,94.54395878647206,93.2528841709377,93.94453430175781,26180800,0.0,0.0
2018-06-21 00:00:00-04:00,94.13819456458198,94.48862809450561,93.03155014469925,93.27132415771484,23198200,0.0,0.0
2018-06-22 00:00:00-04:00,92.59811401367188,92.9300995716742,91.87879203648667,92.59811401367188,38923100,0.0,0.0
2018-06-25 00:00:00-04:00,92.22001812320461,92.32146070600645,89.73008044820969,90.73527526855469,35433300,0.0,0.0
2018-06-26 00:00:00-04:00,91.13182326856993,92.29379748787353,91.06726953615468,91.37159729003906,26897200,0.0,0.0
2018-06-27 00:00:00-04:00,91.83269763923961,92.23846094302884,89.8223009210481,89.95140838623047,31298400,0.0,0.0
2018-06-28 00:00:00-04:00,89.80383867822557,91.3992478665679,89.69317917473393,90.95658874511719,26650700,0.0,0.0
2018-06-29 00:00:00-04:00,91.23325989051662,92.13701912109275,90.67994121514471,90.93815612792969,28053200,0.0,0.0
2018-07-02 00:00:00-04:00,90.46782724248035,92.27533857099753,90.37560864082884,92.22923278808594,19564500,0.0,0.0
2018-07-03 00:00:00-04:00,92.66267194030688,92.80099633081876,91.24248289914642,91.34392547607422,14670300,0.0,0.0
2018-07-05 00:00:00-04:00,91.75891373820976,92.1462361076013,91.3254785475831,91.99868774414062,18977400,0.0,0.0
2018-07-06 00:00:00-04:00,92.11856635090348,93.5387553326261,91.91568120553906,93.28976440429688,19234600,0.0,0.0
2018-07-09 00:00:00-04:00,93.74166443392104,94.29498322169897,93.37278289679239,93.92610168457031,18212000,0.0,0.0
2018-07-10 00:00:00-04:00,94.06438993646131,94.53471385617514,93.93528251314017,94.17505645751953,19293100,0.0,0.0
2018-07-11 00:00:00-04:00,93.28056205018972,94.3779756263315,93.23444922071042,94.04598999023438,19644600,0.0,0.0
2018-07-12 00:00:00-04:00,94.77449314379889,96.28690765249935,94.73761133445569,96.08402252197266,24335900,0.0,0.0
2018-07-13 00:00:00-04:00,96.25003959729743,97.38434192904685,95.99181762532447,97.22756958007812,24635200,0.0,0.0
2018-07-16 00:00:00-04:00,97.19988477364616,97.58720709846229,96.38834424260908,96.74800872802734,21786900,0.0,0.0
2018-07-17 00:00:00-04:00,96.47135513076026,98.21431279495945,96.2039162516201,97.70709991455078,25901700,0.0,0.0
2018-07-18 00:00:00-04:00,97.69787704999767,97.799319619923,96.5727918459736,96.9416732788086,29493900,0.0,0.0
2018-07-19 00:00:00-04:00,96.76645197578351,97.11688546350729,95.80736307504533,96.2776870727539,40171600,0.0,0.0
2018-07-20 00:00:00-04:00,99.67139191767527,99.78205143054332,97.8269916543689,98.00220489501953,56004000,0.0,0.0
2018-07-23 00:00:00-04:00,98.02988882777288,99.72673390085441,97.87310943894052,99.56996154785156,29707000,0.0,0.0
2018-07-24 00:00:00-04:00,100.12326367137263,100.35381369429057,98.91518380274765,99.28406524658203,26316600,0.0,0.0
2018-07-25 00:00:00-04:00,99.56071886993736,102.5025393493425,99.22872628134745,102.20743560791016,30702100,0.0,0.0
2018-07-26 00:00:00-04:00,102.12444291984318,102.36421692952999,100.98091670075256,101.09158325195312,31372100,0.0,0.0
2018-07-27 00:00:00-04:00,101.60800570703225,101.60800570703225,97.88231651712185,99.30250549316406,37005300,0.0,0.0
2018-07-30 00:00:00-04:00,98.850629833409,99.16417448660474,96.60968333475296,97.17222595214844,34668300,0.0,0.0
2018-07-31 00:00:00-04:00,98.20508660228886,98.41719572088773,97.18144392922186,97.82698822021484,27655200,0.0,0.0
2018-08-01 00:00:00-04:00,97.78088641162107,98.1682088083346,97.21834372484842,98.01143646240234,23628700,0.0,0.0
2018-08-02 00:00:00-04:00,97.19987757224041,99.68059069000353,96.68344080825311,99.2010498046875,26104300,0.0,0.0
2018-08-03 00:00:00-04:00,99.41316493211374,99.64371493702511,98.50940581709695,99.63449096679688,18659600,0.0,0.0
2018-08-06 00:00:00-04:00,99.70828184367745,99.98493766466297,99.19184498001282,99.71749877929688,20265900,0.0,0.0
2018-08-07 00:00:00-04:00,100.11403779823254,100.6120266825728,99.7543803321804,100.40914154052734,16080200,0.0,0.0
2018-08-08 00:00:00-04:00,100.8241389590315,101.21146131372895,100.2984851817054,100.97168731689453,15487500,0.0,0.0
2018-08-09 00:00:00-04:00,101.17457653301145,101.58957081758214,101.0731339547272,101.13768768310547,13677200,0.0,0.0
2018-08-10 00:00:00-04:00,100.9071435599541,101.15614155245039,99.9480545136943,100.51982116699219,18183700,0.0,0.0
2018-08-13 00:00:00-04:00,100.74111692464606,101.05466855493658,99.68980958253299,99.79125213623047,18472500,0.0,0.0
2018-08-14 00:00:00-04:00,100.11403197412787,101.211452249989,99.63449105923155,101.0362319946289,16788300,0.0,0.0
2018-08-15 00:00:00-04:00,100.43451166232066,100.89738618365872,98.88851245614863,99.66614532470703,29982800,0.42,0.0
2018-08-16 00:00:00-04:00,100.25861888105392,100.77703605759397,99.33286988700137,99.64762115478516,21384300,0.0,0.0
2018-08-17 00:00:00-04:00,99.38842086622823,99.88832621231116,98.7681706835143,99.59208679199219,18061500,0.0,0.0
2018-08-20 00:00:00-04:00,99.5272703203383,99.88831184119255,98.57375004408718,98.9347915649414,17914200,0.0,0.0
2018-08-21 00:00:00-04:00,98.98108490831858,99.37915727500489,97.99053372557424,98.11088562011719,22881900,0.0,0.0
2018-08-22 00:00:00-04:00,97.99052425242935,99.36988820056841,97.92572210890347,99.11067962646484,18000600,0.0,0.0
2018-08-23 00:00:00-04:00,99.19401679578431,100.1475372321656,98.93480817963076,99.57357025146484,18167700,0.0,0.0
2018-08-24 00:00:00-04:00,99.67537365527302,100.4992895392222,99.57354072014196,100.3511734008789,17234000,0.0,0.0
2018-08-27 00:00:00-04:00,101.15660588466304,101.49913561068199,100.45304162032396,101.46210479736328,19662300,0.0,0.0
2018-08-28 00:00:00-04:00,101.77685019376133,102.29526738826925,101.63798642725969,102.07308959960938,19151500,0.0,0.0
2018-08-29 00:00:00-04:00,102.24900464520131,103.71169019546568,102.0823694931091,103.70243072509766,20818000,0.0,0.0
2018-08-30 00:00:00-04:00,103.37837993411111,104.24858617679116,103.16546163828751,103.63758850097656,22798700,0.0,0.0
2018-08-31 00:00:00-04:00,103.3969314713308,104.4059947195119,103.23954873790402,103.98941040039062,23222700,0.0,0.0
2018-09-04 00:00:00-04:00,102.61926825199427,103.6468501370778,102.03604896434032,103.41541290283203,22634600,0.0,0.0
2018-09-05 00:00:00-04:00,102.76740076471602,103.14695419048971,100.07346772430594,100.43450927734375,32872400,0.0,0.0
2018-09-06 00:00:00-04:00,100.21233951101011,100.89739186354123,99.52728715847898,100.66595458984375,23477600,0.0,0.0
2018-09-07 00:00:00-04:00,100.19381953376949,100.6474345759177,99.2680705138481,100.17530059814453,22498600,0.0,0.0
2018-09-10 00:00:00-04:00,100.75852513685747,101.49912721616901,100.31416953959445,101.25843048095703,20727900,0.0,0.0
2018-09-11 00:00:00-04:00,100.81407437425726,103.30433455097608,100.8048149060138,102.9803237915039,24301800,0.0,0.0
2018-09-12 00:00:00-04:00,103.1562043305414,103.54501718897735,102.30451700361388,103.41541290283203,18891100,0.0,0.0
2018-09-13 00:00:00-04:00,103.7949788645626,105.28543529722147,103.7949788645626,104.52632141113281,26055600,0.0,0.0
2018-09-14 00:00:00-04:00,104.94289660021701,105.28542623824886,104.09120930137978,104.95215606689453,19122300,0.0,0.0
2018-09-17 00:00:00-04:00,105.24839012020702,105.25764252351372,103.5542680118466,103.8134765625,20736500,0.0,0.0
2018-09-18 00:00:00-04:00,103.85977816915505,105.25765401463005,103.4246750275275,104.80403900146484,22170900,0.0,0.0
2018-09-19 00:00:00-04:00,104.65593294468725,104.90588208054983,102.79517537627122,103.40616607666016,21728400,0.0,0.0
2018-09-20 00:00:00-04:00,103.94309678300668,105.35023922084686,103.61908604498572,105.13731384277344,23714500,0.0,0.0
2018-09-21 00:00:00-04:00,105.53539578935687,106.72961295767978,105.08178071489321,105.77609252929688,71229700,0.0,0.0
2018-09-24 00:00:00-04:00,104.6373967626603,106.3685497437679,103.88754241575496,106.15562438964844,27334500,0.0,0.0
2018-09-25 00:00:00-04:00,106.27597546466534,106.55369589409963,105.30393630438653,105.95195770263672,22668000,0.0,0.0
2018-09-26 00:00:00-04:00,105.97050658647409,106.51669519609844,105.29470659766366,105.51689147949219,19352000,0.0,0.0
2018-09-27 00:00:00-04:00,106.25746246876888,106.37781435152824,105.72052638712965,105.9149398803711,19091300,0.0,0.0
2018-09-28 00:00:00-04:00,105.71128694553958,106.06306904410987,105.23915294945213,105.87792205810547,21647800,0.0,0.0
2018-10-01 00:00:00-04:00,106.22971121214125,107.09065817376239,106.21119933747322,107.0258560180664,18883100,0.0,0.0
2018-10-02 00:00:00-04:00,106.73889279365841,107.23879118006133,105.94274786285915,106.60002899169922,20787200,0.0,0.0
2018-10-03 00:00:00-04:00,106.84996756606695,107.55353891327407,106.39635245012681,106.6185302734375,16648000,0.0,0.0
2018-10-04 00:00:00-04:00,106.1000849300768,106.23894868150022,103.3413500240584,104.41522216796875,34821700,0.0,0.0
2018-10-05 00:00:00-04:00,104.26712721278942,104.76703261567803,102.42488832905777,103.80425262451172,29068900,0.0,0.0
2018-10-08 00:00:00-04:00,103.36913178158373,103.71165437492729,101.22138742401492,102.61927032470703,29640600,0.0,0.0
2018-10-09 00:00:00-04:00,102.887749578486,104.68370500829724,102.57299828945773,103.92459106445312,26198600,0.0,0.0
2018-10-10 00:00:00-04:00,102.98031087929608,103.22100758311196,97.93498194366879,98.27751159667969,61376300,0.0,0.0
2018-10-11 00:00:00-04:00,97.52765729193052,100.84184045985295,96.46304451238059,98.04608154296875,63904300,0.0,0.0
2018-10-12 00:00:00-04:00,100.91590135803565,102.98031769102441,99.16623629763,101.43431854248047,47742100,0.0,0.0
2018-10-15 00:00:00-04:00,100.82333947559324,101.35101618847393,99.00886499536306,99.61060333251953,32068100,0.0,0.0
2018-10-16 00:00:00-04:00,101.40654785094232,103.1377010499358,100.86035225991903,102.75814056396484,31610200,0.0,0.0
2018-10-17 00:00:00-04:00,103.38766284233901,103.50800768626881,101.41581974339805,102.48968505859375,26548200,0.0,0.0
2018-10-18 00:00:00-04:00,101.92496842142594,102.32304079321209,99.82352119737652,100.44377136230469,32506200,0.0,0.0
2018-10-19 00:00:00-04:00,100.84184519517206,102.62854116006616,100.17530474318393,100.5918960571289,32785500,0.0,0.0
2018-10-22 00:00:00-04:00,101.20289581985338,102.33231090203031,100.20308505239457,101.48987579345703,26545600,0.0,0.0
2018-10-23 00:00:00-04:00,99.76795697499085,100.87885990531173,97.30546854581807,100.07345581054688,43770400,0.0,0.0
2018-10-24 00:00:00-04:00,100.36044012083705,100.43449466390994,94.04682593796849,94.72262573242188,63897800,0.0,0.0
2018-10-25 00:00:00-04:00,98.63855293238873,101.15658413039557,98.26825194174234,100.25861358642578,61646800,0.0,0.0
2018-10-26 00:00:00-04:00,97.84242159921828,100.6752114970754,96.98147468045124,99.01811981201172,55523100,0.0,0.0
2018-10-29 00:00:00-04:00,100.08271515874553,100.62890362508948,94.08385911824708,96.13902282714844,55162000,0.0,0.0
2018-10-30 00:00:00-04:00,95.96311382797371,96.62964696049582,92.67670311110807,96.02791595458984,65350900,0.0,0.0
2018-10-31 00:00:00-04:00,97.61097794835354,100.11049745208217,97.56468767265675,98.8792495727539,51062400,0.0,0.0
2018-11-01 00:00:00-04:00,99.10145234892298,99.35140151935202,97.69430964286796,98.05535125732422,33384200,0.0,0.0
2018-11-02 00:00:00-04:00,98.57375097718233,99.35137670241276,97.18512755678172,98.27751159667969,37680200,0.0,0.0
2018-11-05 00:00:00-05:00,98.47191426194436,99.74018575048021,98.03681114346132,99.52726745605469,27922100,0.0,0.0
2018-11-06 00:00:00-05:00,99.40692136653952,100.75851400853666,98.3885989171339,99.7216796875,24340200,0.0,0.0
2018-11-07 00:00:00-05:00,101.31397381998696,103.90606680782544,101.27694301207298,103.64685821533203,37901700,0.0,0.0
2018-11-08 00:00:00-05:00,103.49874388972418,103.87829731751893,102.67482782195279,103.45245361328125,25644100,0.0,0.0
2018-11-09 00:00:00-05:00,102.61927614287114,103.17472413519121,100.6844641059936,101.43431854248047,32039200,0.0,0.0
2018-11-12 00:00:00-05:00,101.2954471195342,101.79535239369481,98.22196092732383,98.9347915649414,33621800,0.0,0.0
2018-11-13 00:00:00-05:00,99.56431841626532,100.66595504122962,98.72188334603456,98.9996109008789,35374600,0.0,0.0
2018-11-14 00:00:00-05:00,100.5058134343671,100.6545766021726,97.1308288657352,97.595703125,39495100,0.46,0.0
2018-11-15 00:00:00-05:00,97.6142536287169,100.2268506827164,96.61013104500954,99.74337768554688,38505200,0.0,0.0
2018-11-16 00:00:00-05:00,99.55744714809275,101.23098978971016,99.29711876562448,100.68244171142578,33502100,0.0,0.0
2018-11-19 00:00:00-05:00,100.66383908184476,100.93346692334615,96.27543333626045,97.270263671875,44773900,0.0,0.0
2018-11-20 00:00:00-05:00,94.64839357218705,95.73619753931239,92.37050564913933,94.56471252441406,64052500,0.0,0.0
2018-11-21 00:00:00-05:00,96.32190761845342,97.0936002909583,95.05744955782859,95.8663330078125,28130600,0.0,0.0
2018-11-23 00:00:00-05:00,94.99238009729554,96.51716670953772,94.83432459206205,95.82915496826172,13823100,0.0,0.0
2018-11-26 00:00:00-05:00,97.42831058742644,99.1390437978617,97.23306432493646,98.99028778076172,32336200,0.0,0.0
2018-11-27 00:00:00-05:00,98.80433673830372,99.7898746403149,97.95826957647941,99.61322021484375,29124500,0.0,0.0
2018-11-28 00:00:00-05:00,100.31053915106988,103.50887543367779,100.28264783823118,103.31362915039062,46788500,0.0,0.0
2018-11-29 00:00:00-05:00,102.57911589573814,103.31361779120361,101.37044045390068,102.4489517211914,28123200,0.0,0.0
2018-11-30 00:00:00-05:00,102.92314564293937,103.17418168471728,101.67728618451315,103.09980010986328,33665600,0.0,0.0
2018-12-03 00:00:00-05:00,105.06154360305639,105.45203613349756,102.95101837036336,104.21546936035156,34732800,0.0,0.0
2018-12-04 00:00:00-05:00,104.07602283185734,104.72684377860173,100.60805868970606,100.89627838134766,45197000,0.0,0.0
2018-12-06 00:00:00-05:00,98.3859789297097,101.5657168692285,97.6235854981277,101.51923370361328,49107400,0.0,0.0
2018-12-07 00:00:00-05:00,100.7661165279575,101.76094690870966,96.97274891791253,97.45621490478516,45044900,0.0,0.0
2018-12-10 00:00:00-05:00,97.43762469565718,100.39422457394883,96.59155033765839,100.0316162109375,40801500,0.0,0.0
2018-12-11 00:00:00-05:00,102.08636643412991,103.15557130708585,99.89215987313781,100.96136474609375,42381900,0.0,0.0
2018-12-12 00:00:00-05:00,103.09977305465799,103.45307480237577,101.37974037467627,101.41693115234375,36183000,0.0,0.0
2018-12-13 00:00:00-05:00,101.88181236098754,103.08118842436713,100.99854728977421,101.76094055175781,31333400,0.0,0.0
2018-12-14 00:00:00-05:00,100.64527292336989,101.58432087398515,98.08846460430044,98.58123016357422,47043100,0.0,0.0
2018-12-17 00:00:00-05:00,98.00478957342818,98.36739090905455,94.56471598027686,95.66181945800781,56957300,0.0,0.0
2018-12-18 00:00:00-05:00,96.46138594110346,97.16799663391299,95.31779241318033,96.66593170166016,49319200,0.0,0.0
2018-12-19 00:00:00-05:00,96.36841071902464,99.37149369355274,94.22998683591966,96.40560150146484,68198200,0.0,0.0
2018-12-20 00:00:00-05:00,95.81055917662205,96.98203685429655,91.84053021092112,94.37874603271484,70334200,0.0,0.0
2018-12-21 00:00:00-05:00,94.4903242684013,95.76408208864746,90.61327526878587,91.32918548583984,111242100,0.0,0.0
2018-12-24 00:00:00-05:00,90.81779772861478,91.08742553784074,87.37773248094764,87.5171890258789,43935200,0.0,0.0
2018-12-26 00:00:00-05:00,88.4562494970154,93.61635521285486,87.35914625893676,93.4954833984375,51634800,0.0,0.0
2018-12-27 00:00:00-05:00,92.32400574344346,94.0812294004665,89.6277343506653,94.07192993164062,49498500,0.0,0.0
2018-12-28 00:00:00-05:00,94.91800216091694,95.21552843167096,92.52854927290323,93.33743286132812,38196300,0.0,0.0
2018-12-31 00:00:00-05:00,94.17421139140227,95.20623262922426,93.38392671117005,94.43453979492188,33173800,0.0,0.0
2019-01-02 00:00:00-05:00,92.55643184699129,94.60187495458918,91.98928490386892,94.0161361694336,35329300,0.0,0.0
2019-01-03 00:00:00-05:00,93.06780510614082,93.15148614324133,90.37153356835667,90.55748748779297,42579100,0.0,0.0
2019-01-04 00:00:00-05:00,92.71450597391993,95.30850470419871,91.98000393114563,94.76924896240234,44060600,0.0,0.0
2019-01-07 00:00:00-05:00,94.49962882604429,96.0151161967689,93.88599855752062,94.89012145996094,35656100,0.0,0.0
2019-01-08 00:00:00-05:00,95.80126259865891,96.66592877355556,94.56469569705315,95.578125,31514400,0.0,0.0
2019-01-09 00:00:00-05:00,96.56367681040736,97.51201713016418,95.98723020448902,96.94486999511719,32280800,0.0,0.0
2019-01-10 00:00:00-05:00,95.9686052996386,96.46137068481697,95.18761316407223,96.32190704345703,30067600,0.0,0.0
2019-01-11 00:00:00-05:00,95.94072625785186,96.173163325368,94.49961360188529,95.578125,28314200,0.0,0.0
2019-01-14 00:00:00-05:00,94.74136517609254,95.64322227614912,94.146326756277,94.88082885742188,28437100,0.0,0.0
2019-01-15 00:00:00-05:00,95.308517619586,97.67007958394521,94.72277154386,97.63288879394531,31587600,0.0,0.0
2019-01-16 00:00:00-05:00,97.86530242597253,98.7950506725982,97.58637511461836,97.97686767578125,29853900,0.0,0.0
2019-01-17 00:00:00-05:00,97.62355078712818,99.13903764095608,97.40041322862811,98.66487121582031,28393000,0.0,0.0
2019-01-18 00:00:00-05:00,99.9107514017139,100.31984292334074,98.46964579370251,100.1431884765625,37427600,0.0,0.0
2019-01-22 00:00:00-05:00,99.25060559401817,99.57601599695495,97.4933823247448,98.25577545166016,32371300,0.0,0.0
2019-01-23 00:00:00-05:00,98.66487667648335,99.52024327592027,97.9396671577446,99.21342468261719,25874300,0.0,0.0
2019-01-24 00:00:00-05:00,99.35291039420565,99.48307459723334,97.93968891359495,98.73927307128906,23164800,0.0,0.0
2019-01-25 00:00:00-05:00,99.70620300614567,100.30124133456077,98.73926394911703,99.64112091064453,31225600,0.0,0.0
2019-01-28 00:00:00-05:00,98.7950863995833,98.99963222275686,97.30749008571028,97.69798278808594,29476700,0.0,0.0
2019-01-29 00:00:00-05:00,97.51201248399933,97.59569353101836,94.99239509768105,95.70830535888672,31490500,0.0,0.0
2019-01-30 00:00:00-05:00,97.27024939302107,98.90660095214844,97.00062159109989,98.90660095214844,49471900,0.0,0.0
2019-01-31 00:00:00-05:00,96.50790414457796,97.8281454080172,95.93145747909301,97.09364318847656,55636400,0.0,0.0
2019-02-01 00:00:00-05:00,96.48926508772374,96.78678422190245,95.15972490517791,95.55951690673828,35535700,0.0,0.0
2019-02-04 00:00:00-05:00,95.64321878073363,98.36738182859409,95.55023826763384,98.31159210205078,31315100,0.0,0.0
2019-02-05 00:00:00-05:00,98.60910300180335,99.73409760013845,98.51612958994576,99.68761444091797,27325400,0.0,0.0
2019-02-06 00:00:00-05:00,99.48308732379286,99.48308732379286,98.11635592374341,98.58123016357422,20609800,0.0,0.0
2019-02-07 00:00:00-05:00,97.80022117271709,98.1721147998296,96.96344632488143,97.87459564208984,29760700,0.0,0.0
2019-02-08 00:00:00-05:00,97.05644406674521,98.34879389721759,96.93557931697069,98.24652099609375,21461100,0.0,0.0
2019-02-11 00:00:00-05:00,98.73926850145178,99.0925774019612,97.59568204300483,97.85601043701172,18914100,0.0,0.0
2019-02-12 00:00:00-05:00,98.68349466881229,99.61324306938027,98.06986441301446,99.38080596923828,25056600,0.0,0.0
2019-02-13 00:00:00-05:00,99.94794032771897,100.20826871176546,99.21343833363552,99.30641174316406,18394900,0.0,0.0
2019-02-14 00:00:00-05:00,98.84152060291028,99.75267688378484,98.23718999820194,99.39007568359375,21784700,0.0,0.0
2019-02-15 00:00:00-05:00,100.32913566309254,100.69173690806221,99.81777129535784,100.61735534667969,26606900,0.0,0.0
2019-02-19 00:00:00-05:00,100.21755244889691,101.02643588099372,100.20825298137892,100.57085418701172,18038500,0.0,0.0
2019-02-20 00:00:00-05:00,100.71092082439031,100.78562004585854,99.2449824406983,100.04798126220703,21607700,0.46,0.0
2019-02-21 00:00:00-05:00,99.81457380489852,102.22357080683251,99.78656337152674,102.15821075439453,29063200,0.0,0.0
2019-02-22 00:00:00-05:00,102.75577972149443,103.8295508821607,102.54102121513476,103.61479949951172,27763200,0.0,0.0
2019-02-25 00:00:00-05:00,104.35243270518517,104.74459295772115,103.88557322634414,104.19369506835938,23750600,0.0,0.0
2019-02-26 00:00:00-05:00,103.88556930150195,105.7343287785877,103.8015308941562,104.91265869140625,21536700,0.0,0.0
2019-02-27 00:00:00-05:00,104.28707127592295,104.91266125955818,103.53075408613762,104.7352523803711,21487100,0.0,0.0
2019-02-28 00:00:00-05:00,104.61389240861591,105.39821306014798,104.3244417572712,104.60455322265625,29083900,0.0,0.0
2019-03-01 00:00:00-05:00,105.40753527734225,105.52891618043107,104.26839697984079,105.07139587402344,23501200,0.0,0.0
2019-03-04 00:00:00-05:00,105.52894215038545,105.74370070346605,103.45609148475235,104.81932067871094,26608000,0.0,0.0
2019-03-05 00:00:00-05:00,104.80997324111033,104.94069335053415,103.85758285477792,104.29642486572266,19538300,0.0,0.0
2019-03-06 00:00:00-05:00,104.45515034949226,105.1927892373233,104.04431169710259,104.34310150146484,17687000,0.0,0.0
2019-03-07 00:00:00-05:00,104.01628499521844,104.15634425241615,102.58769624396326,103.07322692871094,25339000,0.0,0.0
2019-03-08 00:00:00-05:00,101.9247833374845,103.37204371031744,101.58864388181881,103.185302734375,22818400,0.0,0.0
2019-03-11 00:00:00-04:00,103.63345504537266,105.4635431697006,103.62412298577433,105.35150146484375,26491600,0.0,0.0
2019-03-12 00:00:00-04:00,105.34218661829166,106.43463623528764,105.18345608393388,106.08916473388672,26132700,0.0,0.0
2019-03-13 00:00:00-04:00,106.56535664001859,107.37769480876005,106.23855638490811,106.91083526611328,35513800,0.0,0.0
2019-03-14 00:00:00-04:00,106.9481532336796,107.56440394326765,106.75207313864209,106.99483489990234,30763400,0.0,0.0
2019-03-15 00:00:00-04:00,107.69513696252727,109.47854352157728,106.9948477715577,108.22736358642578,54681100,0.0,0.0
2019-03-18 00:00:00-04:00,108.47012817236444,109.81468573326495,108.35808645809621,109.77733612060547,31207600,0.0,0.0
2019-03-19 00:00:00-04:00,110.26286701495503,110.58967434532315,109.23577759815444,109.85203552246094,37588700,0.0,0.0
2019-03-20 00:00:00-04:00,109.60927857305046,110.87913704936534,108.97434933489302,109.73065948486328,28113300,0.0,0.0
2019-03-21 00:00:00-04:00,109.37583763921738,112.81192367292404,109.32914884205992,112.25169372558594,29854400,0.0,0.0
2019-03-22 00:00:00-04:00,111.57942551475436,111.6634568091499,109.28247752636707,109.29181671142578,33624500,0.0,0.0
2019-03-25 00:00:00-04:00,108.83430004258565,110.18819706189802,108.61020944493492,109.86139678955078,27067100,0.0,0.0
2019-03-26 00:00:00-04:00,110.7577501196485,110.84178141009679,109.10506350372624,110.09481048583984,26097700,0.0,0.0
2019-03-27 00:00:00-04:00,110.06680905867063,110.37493808288177,107.86323133038577,109.03038024902344,22733400,0.0,0.0
2019-03-28 00:00:00-04:00,109.65595481957276,109.78667490154581,108.43277816152457,109.17975616455078,18334800,0.0,0.0
2019-03-29 00:00:00-04:00,110.24419125735626,110.47762098451452,109.20776269887678,110.12281036376953,25399800,0.0,0.0
2019-04-01 00:00:00-04:00,111.0658731697101,111.21527163039491,110.27221343752652,111.13123321533203,22789100,0.0,0.0
2019-04-02 00:00:00-04:00,111.16856712607418,111.5607344681162,110.66435807805702,111.28995513916016,18142300,0.0,0.0
2019-04-03 00:00:00-04:00,111.91557035980969,112.4477899545563,111.25263066275419,112.01828002929688,22860700,0.0,0.0
2019-04-04 00:00:00-04:00,112.13965001368894,112.2610380423641,110.53365220050554,111.44869995117188,20112800,0.0,0.0
2019-04-05 00:00:00-04:00,111.47670588938573,112.261033518883,111.4580346446476,111.94356536865234,15826200,0.0,0.0
2019-04-08 00:00:00-04:00,111.86885479729182,112.06493490385344,110.77640543628729,111.98090362548828,15116200,0.0,0.0
2019-04-09 00:00:00-04:00,110.76708936583132,111.616777128605,110.72040768712434,111.37400817871094,17612000,0.0,0.0
2019-04-10 00:00:00-04:00,111.82218677287042,112.37307755037614,111.61676745796643,112.22368621826172,16477200,0.0,0.0
2019-04-11 00:00:00-04:00,112.55050368348473,112.83995433136408,111.97159526401448,112.35442352294922,14209100,0.0,0.0
2019-04-12 00:00:00-04:00,112.64386845859573,112.96133664791964,112.3917674431804,112.93331909179688,19745100,0.0,0.0
2019-04-15 00:00:00-04:00,112.92398558479621,113.52156521429849,112.57850696748258,113.02669525146484,15792600,0.0,0.0
2019-04-16 00:00:00-04:00,113.57760469973613,113.58694388652204,112.13967625433463,112.76526641845703,14071800,0.0,0.0
2019-04-17 00:00:00-04:00,113.20407422863484,113.77364331136728,112.55047386666793,113.69894409179688,19300900,0.0,0.0
2019-04-18 00:00:00-04:00,114.09113570938965,115.33297666136994,113.2601263050454,115.19292449951172,27991000,0.0,0.0
2019-04-22 00:00:00-04:00,114.49262119943018,115.78115079698999,114.44593240204404,115.55706024169922,15648700,0.0,0.0
2019-04-23 00:00:00-04:00,115.87453750901095,117.256444895031,115.62243648943817,117.12572479248047,24025500,0.0,0.0
2019-04-24 00:00:00-04:00,117.45249696309723,117.50851781544827,116.26667001446314,116.72419738769531,31257000,0.0,0.0
2019-04-25 00:00:00-04:00,121.43947796338145,122.66264744389186,120.29100770462844,120.58979034423828,38033900,0.0,0.0
2019-04-26 00:00:00-04:00,121.1033604453802,121.869016921011,120.46843831698403,121.28076934814453,23654900,0.0,0.0
2019-04-29 00:00:00-04:00,121.29009021022529,121.55153038570931,120.77655616743802,121.16871643066406,16324200,0.0,0.0
2019-04-30 00:00:00-04:00,121.20607190230884,122.03708131640306,120.81391159708238,121.94371795654297,24166500,0.0,0.0
2019-05-01 00:00:00-04:00,121.87835643850454,121.99039817450567,119.23592960089998,119.40399932861328,26821700,0.0,0.0
2019-05-02 00:00:00-04:00,119.49735976229465,119.51603100770696,117.20040477249998,117.84467315673828,27350200,0.0,0.0
2019-05-03 00:00:00-04:00,118.91844054153367,120.85123126997718,118.81573089188751,120.35636138916016,24911100,0.0,0.0
2019-05-06 00:00:00-04:00,118.01274186982826,120.03891035630994,117.75130169398682,119.65608215332031,24239800,0.0,0.0
2019-05-07 00:00:00-04:00,118.07810709902361,118.75038593711551,115.98657847673503,117.20040893554688,36017700,0.0,0.0
2019-05-08 00:00:00-04:00,117.12573338875195,117.99409249011882,116.48146489053117,117.19109344482422,28419000,0.0,0.0
2019-05-09 00:00:00-04:00,116.05191795329704,117.45249624316492,115.37963923436693,117.18171691894531,27235800,0.0,0.0
2019-05-10 00:00:00-04:00,116.63083945472908,119.45066759743007,115.613082077527,118.70368957519531,30915100,0.0,0.0
2019-05-13 00:00:00-04:00,115.88386856473176,117.22842623802289,114.8847894946365,115.17424011230469,33944900,0.0,0.0
2019-05-14 00:00:00-04:00,115.65976968236609,117.53653965547308,115.50103204577395,116.4627685546875,25266300,0.0,0.0
2019-05-15 00:00:00-04:00,116.4533980652619,118.74947455783695,115.92857506546898,118.10282135009766,24722700,0.46,0.0
2019-05-16 00:00:00-04:00,118.78698908853909,121.25176511471228,118.51520734819658,120.83002471923828,30112200,0.0,0.0
2019-05-17 00:00:00-04:00,120.24897605943552,122.2639117960057,119.88347821701203,120.02406311035156,25770500,0.0,0.0
2019-05-20 00:00:00-04:00,118.57140095026452,119.57417810959048,117.85915295958311,118.29025268554688,23706900,0.0,0.0
2019-05-21 00:00:00-04:00,119.4242530523501,119.5179691556985,118.62765544876815,118.92755126953125,15293300,0.0,0.0
2019-05-22 00:00:00-04:00,118.66514013798412,120.18336671180455,118.57141688706866,119.649169921875,15396500,0.0,0.0
2019-05-23 00:00:00-04:00,118.27152508977515,118.35587458844678,116.90324995090113,118.2527847290039,23603800,0.0,0.0
2019-05-24 00:00:00-04:00,118.93692628093338,119.4148805580818,118.05597916997831,118.30901336669922,14123400,0.0,0.0
2019-05-28 00:00:00-04:00,119.00252276681033,119.95843842699016,118.13094945161102,118.23403930664062,23128400,0.0,0.0
2019-05-29 00:00:00-04:00,117.5030352488129,117.51240900373234,116.24722379265059,117.09068298339844,22763100,0.0,0.0
2019-05-30 00:00:00-04:00,117.3905887493526,117.85917643395794,116.940741426096,117.83106231689453,16829600,0.0,0.0
2019-05-31 00:00:00-04:00,116.42530039231634,116.79079821784713,115.57246736602409,115.90985107421875,26646800,0.0,0.0
2019-06-03 00:00:00-04:00,116.0691794216544,116.55651466544859,111.53325362218689,112.31110382080078,37983600,0.0,0.0
2019-06-04 00:00:00-04:00,113.6606066652262,115.53495705785876,113.07018886557549,115.42250061035156,29382600,0.0,0.0
2019-06-05 00:00:00-04:00,117.10007045078997,117.96227730498747,116.40656261487749,117.92478942871094,24926100,0.0,0.0
2019-06-06 00:00:00-04:00,118.49645732464687,119.93033451190594,117.70922628747518,119.78975677490234,21459000,0.0,0.0
2019-06-07 00:00:00-04:00,121.07366438769985,123.94141816457893,120.20208402993082,123.14481353759766,33885600,0.0,0.0
2019-06-10 00:00:00-04:00,124.08200844920516,125.65647044574472,123.70714403582754,124.26945495605469,26477100,0.0,0.0
2019-06-11 00:00:00-04:00,125.4690283624345,125.80641202798061,123.032366966806,123.80085754394531,23913700,0.0,0.0
2019-06-12 00:00:00-04:00,123.14482274128426,123.6790195005128,122.49818382770798,123.22917938232422,17092500,0.0,0.0
2019-06-13 00:00:00-04:00,123.68839146264668,124.6443142678434,123.29477955466218,124.00704193115234,17200800,0.0,0.0
2019-06-14 00:00:00-04:00,123.95078726754689,125.38466418489722,123.36974321742443,124.12885284423828,17821700,0.0,0.0
2019-06-17 00:00:00-04:00,124.2975739366343,125.32845826384839,124.20385067954152,124.50375366210938,14517800,0.0,0.0
2019-06-18 00:00:00-04:00,125.75954848695467,126.74358535480289,125.17850441077125,126.66860961914062,25934500,0.0,0.0
2019-06-19 00:00:00-04:00,126.51865291062886,127.39021898882586,125.40341212657643,127.1653060913086,23744400,0.0,0.0
2019-06-20 00:00:00-04:00,128.8147332475897,129.01154633909664,127.19342409436848,128.3461456298828,33042600,0.0,0.0
2019-06-21 00:00:00-04:00,127.99940089605285,129.0771467432538,127.8869444389981,128.36489868164062,36727900,0.0,0.0
2019-06-24 00:00:00-04:00,128.3929974361956,129.70503694540736,128.3929974361956,129.12399291992188,20628800,0.0,0.0
2019-06-25 00:00:00-04:00,128.62730331336337,128.94593946694656,124.39126717105714,125.04728698730469,33327400,0.0,0.0
2019-06-26 00:00:00-04:00,125.90948766004978,127.21216055210435,125.20660629454929,125.51586151123047,23657700,0.0,0.0
2019-06-27 00:00:00-04:00,125.71270218108188,126.24689900020067,125.12227712840556,125.7220687866211,16557500,0.0,0.0
2019-06-28 00:00:00-04:00,126.1156838383989,126.14379795268461,124.79426326633084,125.54400634765625,30043000,0.0,0.0
2019-07-01 00:00:00-04:00,128.04624979980656,128.11184462651903,126.49053556434735,127.15592193603516,22613500,0.0,0.0
2019-07-02 00:00:00-04:00,127.56831318213736,128.00878677212702,126.83731750091239,127.99942016601562,15237800,0.0,0.0
2019-07-03 00:00:00-04:00,128.20557286169355,129.08651985587076,127.7276043477435,128.82411193847656,13629300,0.0,0.0
2019-07-05 00:00:00-04:00,127.39961746728143,128.70229061234994,127.19343774934305,128.44924926757812,18141100,0.0,0.0
2019-07-08 00:00:00-04:00,127.83068443150086,128.48671847504428,126.86539517334259,128.3555145263672,16779700,0.0,0.0
2019-07-09 00:00:00-04:00,127.45577987268987,128.36484062314705,127.26834776231954,127.88688659667969,19953100,0.0,0.0
2019-07-10 00:00:00-04:00,128.51488396908354,129.87378561659764,128.41179408960792,129.1896514892578,24204400,0.0,0.0
2019-07-11 00:00:00-04:00,129.51764589277087,130.47356886735088,129.20837627451962,129.705078125,22327900,0.0,0.0
2019-07-12 00:00:00-04:00,130.12679769409456,130.38920563724577,129.3395595644805,130.17364501953125,18936800,0.0,0.0
2019-07-15 00:00:00-04:00,130.67972769572316,130.77343664675695,129.7612998946939,130.17364501953125,16651500,0.0,0.0
2019-07-16 00:00:00-04:00,130.22986566699126,130.3142079987972,127.94315600364351,128.4679718017578,22726100,0.0,0.0
2019-07-17 00:00:00-04:00,129.04903133042646,129.26457763766572,127.66201594012202,127.70887756347656,20211000,0.0,0.0
2019-07-18 00:00:00-04:00,127.03409608394132,128.036866071316,126.20937736523457,127.84943389892578,30381800,0.0,0.0
2019-07-19 00:00:00-04:00,131.41068585511186,131.83241176501352,127.87753193407447,128.03684997558594,48992400,0.0,0.0
2019-07-22 00:00:00-04:00,128.7772459020683,130.44541659123118,128.7022701710751,129.733154296875,25074900,0.0,0.0
2019-07-23 00:00:00-04:00,130.97961232068786,131.19517293175588,129.3583030861742,130.5391387939453,18034600,0.0,0.0
2019-07-24 00:00:00-04:00,130.1736220895351,131.8980352266951,130.12677477235053,131.87928771972656,20738300,0.0,0.0
2019-07-25 00:00:00-04:00,131.60751178192618,131.77621076081525,130.56726099610725,131.38259887695312,18356900,0.0,0.0
2019-07-26 00:00:00-04:00,131.5512812981361,132.77897855057645,131.4856864686977,132.46034240722656,19037600,0.0,0.0
2019-07-29 00:00:00-04:00,132.6103344729188,132.6197010799464,130.61414606345792,132.16986083984375,16605900,0.0,0.0
2019-07-30 00:00:00-04:00,131.33576438198668,132.34791556389962,131.01712816735542,131.53257751464844,16846500,0.0,0.0
2019-07-31 00:00:00-04:00,131.51380685724666,131.66375833191734,126.59363670837297,127.70887756347656,38598800,0.0,0.0
2019-08-01 00:00:00-04:00,128.39302523237436,132.08549846503925,128.32741609263078,129.3864288330078,40557500,0.0,0.0
2019-08-02 00:00:00-04:00,129.41451133176076,129.63007190954335,126.7623039760753,128.2992706298828,30791600,0.0,0.0
2019-08-05 00:00:00-04:00,124.92547889648668,125.51588965176916,122.56379297487317,123.90396118164062,42749600,0.0,0.0
2019-08-06 00:00:00-04:00,125.3940487716643,127.15592848188993,124.84111881739561,126.22813415527344,32696700,0.0,0.0
2019-08-07 00:00:00-04:00,125.38467816692935,127.12782481183912,123.54782257131453,126.78107452392578,33414500,0.0,0.0
2019-08-08 00:00:00-04:00,128.0181359828158,130.25798410281516,127.3902160247668,130.1642608642578,27496500,0.0,0.0
2019-08-09 00:00:00-04:00,129.90187801239043,130.62350704802847,127.88695669618893,129.0584259033203,23466700,0.0,0.0
2019-08-12 00:00:00-04:00,128.45866160044474,129.19902400496346,126.74362859991675,127.25906372070312,20484300,0.0,0.0
2019-08-13 00:00:00-04:00,127.50271694270506,130.07994931115306,126.51867990562891,129.89251708984375,25154600,0.0,0.0
2019-08-14 00:00:00-04:00,128.2187747525953,128.7453382646659,125.68937598774652,125.98086547851562,32527300,0.46,0.0
2019-08-15 00:00:00-04:00,126.36636978196297,126.54502830476424,124.3541370605279,125.6987533569336,28074400,0.0,0.0
2019-08-16 00:00:00-04:00,126.82711729178372,128.31278655553047,126.67666650229056,128.0024871826172,24449100,0.0,0.0
2019-08-19 00:00:00-04:00,129.6197988828094,130.27800316015703,128.71710848260608,130.1463623046875,24355700,0.0,0.0
2019-08-20 00:00:00-04:00,129.95834106503386,130.42848915399998,129.04625262461713,129.06504821777344,21170800,0.0,0.0
2019-08-21 00:00:00-04:00,130.2780002751543,131.16188071992357,129.7608346587705,130.503662109375,14970300,0.0,0.0
2019-08-22 00:00:00-04:00,130.38143533542126,130.889188817738,128.1529242549466,129.55397033691406,18697000,0.0,0.0
2019-08-23 00:00:00-04:00,128.99921419674513,130.0899610311682,124.8713152135032,125.42608642578125,38508600,0.0,0.0
2019-08-26 00:00:00-04:00,126.93059280320504,127.46655419155967,125.90565901182205,127.36312103271484,20312600,0.0,0.0
2019-08-27 00:00:00-04:00,128.24698997461041,128.55728942257775,126.62028166961235,127.63580322265625,23102100,0.0,0.0
2019-08-28 00:00:00-04:00,126.82712782998844,127.65457854540064,125.57653244049504,127.46652221679688,17393300,0.0,0.0
2019-08-29 00:00:00-04:00,129.05561959722627,130.17457407735668,128.73592241655405,129.87367248535156,20168700,0.0,0.0
2019-08-30 00:00:00-04:00,130.84220239448865,130.87041013092067,128.13415926255126,129.6292266845703,23940100,0.0,0.0
2019-09-03 00:00:00-04:00,128.4538605312194,129.00863182880175,127.59818757189551,127.91788482666016,18869300,0.0,0.0
2019-09-04 00:00:00-04:00,129.1026339711861,129.46934880972682,128.3315844221748,129.41293334960938,17995900,0.0,0.0
2019-09-05 00:00:00-04:00,130.80456558730077,131.99874541926397,130.47545627724116,131.68844604492188,26101800,0.0,0.0
2019-09-06 00:00:00-04:00,131.6696496804195,131.81068834339504,129.94890625322523,130.79518127441406,20824500,0.0,0.0
2019-09-09 00:00:00-04:00,131.2559300150329,131.40638083548524,128.31281295925083,129.3095245361328,25773900,0.0,0.0
2019-09-10 00:00:00-04:00,128.63249675645295,128.71711995370117,126.4792108635026,127.95548248291016,28903400,0.0,0.0
2019-09-11 00:00:00-04:00,127.7956184067655,128.13412550254242,127.02456888669381,127.99307250976562,24726100,0.0,0.0
2019-09-12 00:00:00-04:00,129.61982397289833,130.15578529256243,128.6983234584626,129.3095245361328,27010000,0.0,0.0
2019-09-13 00:00:00-04:00,129.55398810746613,129.81726985259985,128.41623792623386,129.1214599609375,23363100,0.0,0.0
2019-09-16 00:00:00-04:00,127.72041897400321,128.53847197683487,127.56057036125333,128.19056701660156,16731400,0.0,0.0
2019-09-17 00:00:00-04:00,128.78293550075657,129.30949892024898,128.2845654632615,129.187255859375,17814200,0.0,0.0
2019-09-18 00:00:00-04:00,129.15902460628268,130.39080974134936,128.3785774131835,130.24977111816406,23982100,0.0,0.0
2019-09-19 00:00:00-04:00,131.92356614004032,133.86997190777456,131.7073020209103,132.64759826660156,35772100,0.0,0.0
2019-09-20 00:00:00-04:00,132.59114075955173,133.1929296572514,129.99592882843055,131.11488342285156,39167300,0.0,0.0
2019-09-23 00:00:00-04:00,130.91740212335822,131.29352911496164,130.17457463008014,130.83277893066406,17139300,0.0,0.0
2019-09-24 00:00:00-04:00,131.9799654136106,132.29026485832162,128.70773889777342,129.17788696289062,29773200,0.0,0.0
2019-09-25 00:00:00-04:00,129.29070637265758,131.603840959693,127.90847003670576,131.03965759277344,21382000,0.0,0.0
2019-09-26 00:00:00-04:00,131.11491757786888,131.8107276530966,130.17462128353282,131.2089385986328,17456600,0.0,0.0
2019-09-27 00:00:00-04:00,131.7824569727974,131.9799254133215,128.49142151441941,129.50694274902344,22477700,0.0,0.0
2019-09-30 00:00:00-04:00,129.80786877374024,130.90801339831535,129.553984830291,130.72935485839844,17280900,0.0,0.0
2019-10-01 00:00:00-04:00,131.32176186546792,131.8765331425289,128.82057069894088,128.8863983154297,21466600,0.0,0.0
2019-10-02 00:00:00-04:00,128.11534993453395,128.2281808808012,125.60476094562391,126.61087036132812,30521700,0.0,0.0
2019-10-03 00:00:00-04:00,126.89295912029398,128.58549501379764,125.2662508424339,128.1435546875,24132900,0.0,0.0
2019-10-04 00:00:00-04:00,128.58547162055152,129.99591555057583,128.27517223421285,129.87367248535156,22897700,0.0,0.0
2019-10-07 00:00:00-04:00,128.95220532493747,129.93010694639597,128.83937438532524,128.9333953857422,15303700,0.0,0.0
2019-10-08 00:00:00-04:00,128.89579011144485,129.53518456755847,127.52295150305427,127.5699691772461,25550500,0.0,0.0
2019-10-09 00:00:00-04:00,129.25311191688624,130.41906993166458,128.79236164950365,129.98654174804688,19749900,0.0,0.0
2019-10-10 00:00:00-04:00,130.22160013201596,131.33114254149964,129.99592392347657,130.79518127441406,17654600,0.0,0.0
2019-10-11 00:00:00-04:00,131.75423229224864,132.6099048447925,131.17125353449418,131.3404998779297,25446000,0.0,0.0
2019-10-14 00:00:00-04:00,131.3499483590246,131.91411734100868,131.1900997634069,131.2183074951172,13304300,0.0,0.0
2019-10-15 00:00:00-04:00,131.6978804049396,133.32458877562325,131.46280636042192,133.11773681640625,19695700,0.0,0.0
2019-10-16 00:00:00-04:00,132.3842802970394,132.57235099340375,131.19951238795443,132.0269775390625,20751600,0.0,0.0
2019-10-17 00:00:00-04:00,132.53474360668926,132.9766839587958,130.71997886752163,131.3499755859375,21460600,0.0,0.0
2019-10-18 00:00:00-04:00,131.41580337958663,131.64147965276456,128.40685814279428,129.20611572265625,32273500,0.0,0.0
2019-10-21 00:00:00-04:00,130.18400159112943,130.231019269086,128.82997281355318,130.16519165039062,20078200,0.0,0.0
2019-10-22 00:00:00-04:00,130.67295563305845,131.6508573049573,128.1247467824011,128.22817993164062,27431000,0.0,0.0
2019-10-23 00:00:00-04:00,128.70774220016742,129.24370354730698,127.51356206675086,129.04624938964844,29844600,0.0,0.0
2019-10-24 00:00:00-04:00,131.06784111435604,132.03634471536037,130.3908269382281,131.5850067138672,37029300,0.0,0.0
2019-10-25 00:00:00-04:00,131.02086970885873,132.71340574673843,130.8892288141226,132.327880859375,25959700,0.0,0.0
2019-10-28 00:00:00-04:00,135.7787376960855,136.97291764256804,134.94187482361625,135.58128356933594,35280100,0.0,0.0
2019-10-29 00:00:00-04:00,135.4778911138363,135.87281383369512,134.13325995899493,134.30252075195312,20589500,0.0,0.0
2019-10-30 00:00:00-04:00,134.95127715919725,136.34291113129765,134.26485079344687,135.9761962890625,18496600,0.0,0.0
2019-10-31 00:00:00-04:00,136.24887810336656,136.2770858341867,134.4529237341156,134.8102264404297,24605100,0.0,0.0
2019-11-01 00:00:00-04:00,135.6470967924306,135.7975475970039,134.4341212565321,135.13934326171875,33128400,0.0,0.0
2019-11-04 00:00:00-05:00,136.18306626815146,136.34291486039237,135.55306969363332,135.91978454589844,16912000,0.0,0.0
2019-11-05 00:00:00-05:00,136.31473569655643,136.3617533741931,135.31802406089378,135.83518981933594,18250200,0.0,0.0
2019-11-06 00:00:00-05:00,135.75051959568236,135.8915725946518,134.65037507305217,135.4590301513672,16575800,0.0,0.0
2019-11-07 00:00:00-05:00,135.25217213140596,136.23008799846062,135.18635887276898,135.6470947265625,17786700,0.0,0.0
2019-11-08 00:00:00-05:00,135.3838241780317,137.2738284618244,135.1769578947531,137.24562072753906,16732700,0.0,0.0
2019-11-11 00:00:00-05:00,136.66261055386926,137.67813190624193,136.0890294478378,137.3866424560547,14362600,0.0,0.0
2019-11-12 00:00:00-05:00,137.54651047342517,138.75950046054308,137.3396441864404,138.2893524169922,18641600,0.0,0.0
2019-11-13 00:00:00-05:00,137.97906853801624,138.6560829448576,137.54652597617488,138.51502990722656,16919200,0.0,0.0
2019-11-14 00:00:00-05:00,138.24232852893402,139.5493394573427,138.2235185906592,139.22023010253906,19729800,0.0,0.0
2019-11-15 00:00:00-05:00,140.03828887208496,141.03501477303848,139.4177043610953,141.01620483398438,23485700,0.0,0.0
2019-11-18 00:00:00-05:00,141.110220389206,141.56155842874233,140.0852868973194,141.3640899658203,21534000,0.0,0.0
2019-11-19 00:00:00-05:00,141.87186776766802,142.29499810615428,141.23245901467087,141.41111755371094,23935700,0.0,0.0
2019-11-20 00:00:00-05:00,141.81684690437555,142.31689851081478,140.07138836760183,141.16583251953125,25696800,0.51,0.0
2019-11-21 00:00:00-05:00,140.9582100450285,141.33561685113608,140.10906992533216,141.03369140625,18576100,0.0,0.0
2019-11-22 00:00:00-05:00,141.59040048900815,141.8074004595796,140.41103091498735,141.13751220703125,15901800,0.0,0.0
2019-11-25 00:00:00-05:00,141.52434933718655,142.79807423986176,141.44886795661458,142.68484497070312,22420900,0.0,0.0
2019-11-26 00:00:00-05:00,142.80748070872573,143.80758364404392,142.76974722289816,143.4396209716797,24620100,0.0,0.0
2019-11-27 00:00:00-05:00,143.72267134937988,143.88306385690717,142.95844229726785,143.71324157714844,15184400,0.0,0.0
2019-11-29 00:00:00-05:00,143.50567289972844,143.6943691225008,142.73199967078307,142.82635498046875,11977300,0.0,0.0
2019-12-02 00:00:00-05:00,143.23208769554265,143.2509616416166,139.93929673746592,141.09979248046875,27418400,0.0,0.0
2019-12-03 00:00:00-05:00,139.15619722421118,140.98656693702017,138.36364983072966,140.87335205078125,24066000,0.0,0.0
2019-12-04 00:00:00-05:00,141.65646573719098,141.69419923652376,140.76957733852805,141.3828582763672,17574700,0.0,0.0
2019-12-05 00:00:00-05:00,141.5715117276472,141.82625956002167,141.03371234781216,141.45828247070312,17869100,0.0,0.0
2019-12-06 00:00:00-05:00,142.4584245069698,143.2886909541522,141.77910643416462,143.17547607421875,16403500,0.0,0.0
2019-12-09 00:00:00-05:00,142.53388772668518,143.60947213877773,142.38292497494575,142.8074951171875,16687400,0.0,0.0
2019-12-10 00:00:00-05:00,142.74144823806375,143.30755137751936,142.241396703405,142.5904998779297,16476100,0.0,0.0
2019-12-11 00:00:00-05:00,142.97730264471568,143.2886578892875,141.83568114455122,143.12826538085938,18856600,0.0,0.0
2019-12-12 00:00:00-05:00,143.08111449274102,144.76997982651594,142.48672200245406,144.58128356933594,24612100,0.0,0.0
2019-12-13 00:00:00-05:00,144.35479306482947,146.137998756237,144.19440057790462,145.79833984375,23845400,0.0,0.0
2019-12-16 00:00:00-05:00,146.34563108280756,147.09098641486455,146.0720236409799,146.7418975830078,24144200,0.0,0.0
2019-12-17 00:00:00-05:00,146.66637698018368,146.91169503134057,145.72288145197845,145.94932556152344,25425600,0.0,0.0
2019-12-18 00:00:00-05:00,145.58137795355316,146.69469588173047,145.46814868875833,145.6474151611328,24129200,0.0,0.0
2019-12-19 00:00:00-05:00,145.2983287653003,146.9683200815082,145.06245485496703,146.91171264648438,24958900,0.0,0.0
2019-12-20 00:00:00-05:00,148.45904808134978,149.53463255949202,147.45893058711115,148.51565551757812,53477500,0.0,0.0
2019-12-23 00:00:00-05:00,149.1855293750818,149.1855293750818,148.3835667008449,148.51565551757812,17718200,0.0,0.0
2019-12-24 00:00:00-05:00,148.58169139119875,148.79870575692377,148.24203238028258,148.4873504638672,8989200,0.0,0.0
2019-12-26 00:00:00-05:00,148.6571111629095,149.76099889175148,148.50614846582124,149.7043914794922,14520600,0.0,0.0
2019-12-27 00:00:00-05:00,150.44037676943395,150.53473209198071,149.2798811644335,149.9780731201172,18412800,0.0,0.0
2019-12-30 00:00:00-05:00,150.00634229193025,150.0346460028559,147.87403342487997,148.68544006347656,16348400,0.0,0.0
2019-12-31 00:00:00-05:00,147.911816821668,148.8553124700103,147.60989130382995,148.7892608642578,18369400,0.0,0.0
2020-01-02 00:00:00-05:00,149.80823721712613,151.6480508437844,149.38366705660513,151.5442657470703,22622100,0.0,0.0
2020-01-03 00:00:00-05:00,149.37423516693,150.91212325532504,149.12891708911667,149.6572723388672,21116200,0.0,0.0
2020-01-06 00:00:00-05:00,148.20431457930582,150.11018003103487,147.6665150898337,150.04412841796875,20813700,0.0,0.0
2020-01-07 00:00:00-05:00,150.31775905585243,150.6479739507231,148.4307674396651,148.6760711669922,21634100,0.0,0.0
2020-01-08 00:00:00-05:00,149.94976152661232,151.71410823807295,149.02513979117086,151.04421997070312,27746500,0.0,0.0
2020-01-09 00:00:00-05:00,152.69527851470605,153.05381134176358,151.931049612059,152.93115234375,21385000,0.0,0.0
2020-01-10 00:00:00-05:00,153.61994018744716,153.99733261890012,152.07259378733414,152.2235565185547,20725900,0.0,0.0
2020-01-13 00:00:00-05:00,152.61986801825498,154.08228931660122,152.1481201411499,154.05398559570312,21626500,0.0,0.0
2020-01-14 00:00:00-05:00,154.15776303140277,154.35590346442973,152.5821269278907,152.96896362304688,23477400,0.0,0.0
2020-01-15 00:00:00-05:00,153.43126994245833,154.6766912077971,153.384106673567,153.95962524414062,21417900,0.0,0.0
2020-01-16 00:00:00-05:00,155.06353066383713,156.84673703698928,154.76160511659748,156.7806854248047,23865400,0.0,0.0
2020-01-17 00:00:00-05:00,157.96005323691986,158.0072309026949,156.08249155325078,157.65814208984375,34371700,0.0,0.0
2020-01-21 00:00:00-05:00,157.26187861407058,158.68656653645183,157.0260046557006,157.09205627441406,29517200,0.0,0.0
2020-01-22 00:00:00-05:00,157.94115889124797,158.02608443731478,156.31834529508856,156.33721923828125,24138800,0.0,0.0
2020-01-23 00:00:00-05:00,156.799539537116,157.37507244171542,155.93152529350064,157.29959106445312,19680800,0.0,0.0
2020-01-24 00:00:00-05:00,158.04494334885658,158.06381729197344,155.15784910579725,155.71450805664062,24918100,0.0,0.0
2020-01-27 00:00:00-05:00,152.04430378397066,154.14830924899513,151.14798588100405,153.11045837402344,32078100,0.0,0.0
2020-01-28 00:00:00-05:00,154.52571391469783,156.39383124054007,153.85584007609117,156.1107940673828,24899900,0.0,0.0
2020-01-29 00:00:00-05:00,158.3563171642766,159.21490171910187,156.32780713805184,158.54501342773438,34754500,0.0,0.0
2020-01-30 00:00:00-05:00,164.21540956252485,164.21540956252485,161.13960473946636,163.0171661376953,51597500,0.0,0.0
2020-01-31 00:00:00-05:00,162.47938348314258,162.65863555385778,159.99798545017555,160.6112518310547,36142700,0.0,0.0
2020-02-03 00:00:00-05:00,160.79995976933012,164.63999404803988,160.77165605102132,164.5267791748047,30107000,0.0,0.0
2020-02-04 00:00:00-05:00,167.13075561185823,170.43298913707574,166.34765279114376,169.94236755371094,36433300,0.0,0.0
2020-02-05 00:00:00-05:00,173.63152056859474,173.79191311743807,168.3290790956933,169.73487854003906,39186300,0.0,0.0
2020-02-06 00:00:00-05:00,170.7444178576712,173.433386359374,169.88583331610553,173.25411987304688,27751400,0.0,0.0
2020-02-07 00:00:00-05:00,172.51817581999805,175.1410924302092,172.1690726591165,173.49940490722656,33529100,0.0,0.0
2020-02-10 00:00:00-05:00,173.20690531169305,178.16968645015277,172.89555006965108,178.03759765625,35844300,0.0,0.0
2020-02-11 00:00:00-05:00,179.87744102505104,179.9246186871627,173.1314528445182,174.01834106445312,53159900,0.0,0.0
2020-02-12 00:00:00-05:00,175.09390781966596,175.34865565201176,171.57467341056173,174.2730712890625,47062900,0.0,0.0
2020-02-13 00:00:00-05:00,172.73521339832718,175.70721942012503,172.53707294512571,173.32962036132812,35295800,0.0,0.0
2020-02-14 00:00:00-05:00,172.89559109097496,174.93354530608588,172.32948789902122,174.87693786621094,23149500,0.0,0.0
2020-02-18 00:00:00-05:00,175.12219199408864,177.0940940400316,175.01840691816543,176.65065002441406,27792200,0.0,0.0
2020-02-19 00:00:00-05:00,177.91840113107367,178.0319252173796,176.41414924383423,177.1804656982422,29997500,0.51,0.0
2020-02-20 00:00:00-05:00,176.8682633653664,177.1520880224131,171.33374751460371,174.47470092773438,36862400,0.0,0.0
2020-02-21 00:00:00-05:00,173.29212079528097,173.60432649349278,167.69137259385064,168.9591064453125,48572600,0.0,0.0
2020-02-24 00:00:00-05:00,158.72261999532847,165.1369917090435,154.42744187826224,161.6743621826172,68311100,0.0,0.0
2020-02-25 00:00:00-05:00,164.80585480979238,165.41134073594938,158.60907598738845,159.00643920898438,68073300,0.0,0.0
2020-02-26 00:00:00-05:00,160.5579939912632,163.9165403125389,159.13888503210237,160.99317932128906,56206100,0.0,0.0
2020-02-27 00:00:00-05:00,154.5126553180342,158.0225782008648,149.4606143296077,149.6498260498047,93174900,0.0,0.0
2020-02-28 00:00:00-05:00,144.1909495095758,154.88157433959893,143.8030562222492,153.2732391357422,97012700,0.0,0.0
2020-03-02 00:00:00-05:00,156.39527365057177,163.5948873794093,153.5570555882588,163.47189331054688,71030800,0.0,0.0
2020-03-03 00:00:00-05:00,164.4274519386793,165.56273638671752,153.50976398083148,155.638427734375,71677000,0.0,0.0
2020-03-04 00:00:00-05:00,159.40378432160293,161.49459677203134,156.6885460281868,161.35269165039062,49814400,0.0,0.0
2020-03-05 00:00:00-05:00,157.09537542343918,161.65543835111438,156.75478867248188,157.3035125732422,47817300,0.0,0.0
2020-03-06 00:00:00-05:00,153.84085795286106,154.3138942279223,147.58731781911428,152.85694885253906,72821100,0.0,0.0
2020-03-09 00:00:00-04:00,142.8569792905139,149.24297008661304,141.9109065799807,142.49746704101562,70419300,0.0,0.0
2020-03-10 00:00:00-04:00,149.63084915826624,152.34607296024774,144.35176220231784,152.24200439453125,65354400,0.0,0.0
2020-03-11 00:00:00-04:00,148.6564082651572,149.19566219854573,142.99888311407793,145.34515380859375,56371600,0.0,0.0
2020-03-12 00:00:00-04:00,137.46433426560162,145.19374469682643,131.1067260435362,131.5608367919922,93226400,0.0,0.0
2020-03-13 00:00:00-04:00,139.54574792995695,153.17866141268556,133.1408305761294,150.26475524902344,92727400,0.0,0.0
2020-03-16 00:00:00-04:00,132.45018724186286,141.29597337845718,127.71982341179633,128.11717224121094,87905900,0.0,0.0
2020-03-17 00:00:00-04:00,132.4501739191631,139.54571895054684,127.71981056490728,138.66587829589844,81059800,0.0,0.0
2020-03-18 00:00:00-04:00,130.55802937295286,138.12661078587766,127.73873683869692,132.82859802246094,81593200,0.0,0.0
2020-03-19 00:00:00-04:00,135.0707696064013,142.05277456804424,131.50407237825715,135.01400756835938,85922700,0.0,0.0
2020-03-20 00:00:00-04:00,138.12657495470134,139.16726040338546,128.53340107980478,129.94305419921875,84866200,0.0,0.0
2020-03-23 00:00:00-04:00,129.62142646533584,132.9894576902478,125.3735689196874,128.64697265625,78975200,0.0,0.0
2020-03-24 00:00:00-04:00,135.99790891117829,141.53243828297485,133.6516533768898,140.3403778076172,82516700,0.0,0.0
2020-03-25 00:00:00-04:00,140.8797147471842,146.00742797794797,136.65076785708044,138.9970245361328,75638200,0.0,0.0
2020-03-26 00:00:00-04:00,140.39716505007598,148.21173379721907,140.36878402755934,147.69139099121094,64568100,0.0,0.0
2020-03-27 00:00:00-04:00,143.56651157981065,146.53717885318503,141.15402365454713,141.62705993652344,57042300,0.0,0.0
2020-03-30 00:00:00-04:00,144.21936202721082,151.9393207220518,141.9203972644708,151.58926391601562,63420300,0.0,0.0
2020-03-31 00:00:00-04:00,150.80397455281383,155.89385002651397,148.11713169291087,149.2051239013672,77927200,0.0,0.0
2020-04-01 00:00:00-04:00,144.749169925289,149.2430167040153,142.6867377013508,143.90716552734375,57969900,0.0,0.0
2020-04-02 00:00:00-04:00,143.67062609444574,147.0954052519253,142.25151679459384,146.88726806640625,49630700,0.0,0.0
2020-04-03 00:00:00-04:00,146.73589452913959,148.89293932114418,143.98281926389615,145.5343780517578,41243300,0.0,0.0
2020-04-06 00:00:00-04:00,151.674380216992,157.52110249756834,149.08213585583528,156.35743713378906,67111700,0.0,0.0
2020-04-07 00:00:00-04:00,160.44448205082196,160.83237536190506,154.45583951827058,154.67344665527344,62769000,0.0,0.0
2020-04-08 00:00:00-04:00,156.73587906377395,157.6819518638952,154.68290281982192,156.22500610351562,48318200,0.0,0.0
2020-04-09 00:00:00-04:00,157.38863044554174,158.34415852684268,154.5220317657175,156.2344207763672,51385100,0.0,0.0
2020-04-13 00:00:00-04:00,155.48705455059172,156.641264403409,153.54760262178084,156.58448791503906,41905300,0.0,0.0
2020-04-14 00:00:00-04:00,159.88630076083996,164.38014649228367,158.94022797527285,164.3328399658203,52874300,0.0,0.0
2020-04-15 00:00:00-04:00,161.9676098456837,164.20981149725526,160.11331582140903,162.61094665527344,40940800,0.0,0.0
2020-04-16 00:00:00-04:00,164.90044626603395,167.71973838730918,163.57593605123742,167.49267578125,50479600,0.0,0.0
2020-04-17 00:00:00-04:00,169.82004176943852,170.2930780974871,166.38579340831046,168.9685821533203,52765600,0.0,0.0
2020-04-20 00:00:00-04:00,167.10481731275797,169.11048671754907,165.5532587393318,165.61947631835938,36669600,0.0,0.0
2020-04-21 00:00:00-04:00,164.1436140033889,164.30444463062025,157.152137304255,158.76992797851562,56203700,0.0,0.0
2020-04-22 00:00:00-04:00,162.1473971791377,164.6166474686037,161.60814325445529,164.16253662109375,34620200,0.0,0.0
2020-04-23 00:00:00-04:00,164.72071913449065,165.61948531645297,161.69328936770626,162.17578125,32790800,0.0,0.0
2020-04-24 00:00:00-04:00,162.78126717777104,165.14644893831272,161.50407768863286,165.13699340820312,34277600,0.0,0.0
2020-04-27 00:00:00-04:00,167.0669739854221,167.36025421154562,163.95440116620728,164.66395568847656,33194400,0.0,0.0
2020-04-28 00:00:00-04:00,166.12093376614055,166.19662132895724,160.25528478914947,160.6526336669922,34392700,0.0,0.0
2020-04-29 00:00:00-04:00,163.87866134490363,168.09813614063847,162.6109278007802,167.8616180419922,51286600,0.0,0.0
2020-04-30 00:00:00-04:00,170.29312182926319,170.67154521451303,166.72642295777965,169.5457305908203,53875900,0.0,0.0
2020-05-01 00:00:00-04:00,166.31957965837367,169.00642259892936,164.6261014808525,165.15591430664062,39370500,0.0,0.0
2020-05-04 00:00:00-04:00,165.0802254792797,169.34700802647814,164.4274330268601,169.1956329345703,30372900,0.0,0.0
2020-05-05 00:00:00-04:00,170.87965061593798,173.74624981187438,170.19847710047543,171.01210021972656,36839200,0.0,0.0
2020-05-06 00:00:00-04:00,172.26092059498853,174.26659011866553,171.83519076310364,172.69610595703125,32139300,0.0,0.0
2020-05-07 00:00:00-04:00,174.23819799492594,174.5977102209606,172.73394594797495,173.69894409179688,28316000,0.0,0.0
2020-05-08 00:00:00-04:00,175.00451254481112,175.02343803963055,173.47187949066208,174.72068786621094,30877800,0.0,0.0
2020-05-11 00:00:00-04:00,173.27315992501275,177.39803630069852,172.98934974451117,176.66957092285156,30892700,0.0,0.0
2020-05-12 00:00:00-04:00,176.72638460773848,176.95343281849526,172.46905742496284,172.667724609375,32038200,0.0,0.0
2020-05-13 00:00:00-04:00,172.7055862202919,174.12469536846862,167.01967966093866,170.05657958984375,44711500,0.0,0.0
2020-05-14 00:00:00-04:00,167.96574720991572,170.94588499008822,166.20605134339007,170.7945098876953,41873900,0.0,0.0
2020-05-15 00:00:00-04:00,169.40378036697825,176.97236219102498,167.45487285703408,173.28268432617188,46610400,0.0,0.0
2020-05-18 00:00:00-04:00,175.7329910015149,176.15872079777952,174.0395273458231,174.93829345703125,35264500,0.0,0.0
2020-05-19 00:00:00-04:00,175.05183675097177,176.53717787203394,173.59489109296922,173.7273406982422,26799100,0.0,0.0
2020-05-20 00:00:00-04:00,175.33064720227907,176.31731120144525,174.50527623223215,176.13705444335938,31261300,0.51,0.0
2020-05-21 00:00:00-04:00,175.89037841860198,177.0952410908258,173.88860485853687,174.02142333984375,29119500,0.0,0.0
2020-05-22 00:00:00-04:00,173.793711198166,174.99857365139462,173.17704270151106,174.0972900390625,20826900,0.0,0.0
2020-05-26 00:00:00-04:00,176.78214484582574,176.9339415138883,171.81092701385654,172.25682067871094,36073600,0.0,0.0
2020-05-27 00:00:00-04:00,170.95709263901247,172.65528721071786,167.54175424409405,172.48451232910156,39517100,0.0,0.0
2020-05-28 00:00:00-04:00,171.46939932810795,174.70448091194282,171.12786404793408,172.0955352783203,33810200,0.0,0.0
2020-05-29 00:00:00-04:00,173.35736067262624,174.81837869376722,171.15636625108633,173.85069274902344,42130400,0.0,0.0
2020-06-01 00:00:00-04:00,173.17709140100695,173.61350329791978,172.15249985824332,173.4522247314453,22622400,0.0,0.0
2020-06-02 00:00:00-04:00,174.79937137437696,175.51090205839748,172.04812518661575,175.42552185058594,30794600,0.0,0.0
2020-06-03 00:00:00-04:00,175.34013654287895,176.40268436775008,174.1637339681085,175.85243225097656,27311000,0.0,0.0
2020-06-04 00:00:00-04:00,174.84681881585217,176.30782219414553,172.94940355898157,173.53759765625,28761800,0.0,0.0
2020-06-05 00:00:00-04:00,173.25289617352826,178.10079031909424,172.67418422939963,177.5979766845703,39893600,0.0,0.0
2020-06-08 00:00:00-04:00,176.40267692363886,178.87880410656408,174.9796156570411,178.69854736328125,33211600,0.0,0.0
2020-06-09 00:00:00-04:00,178.35702076730806,180.91852827671923,177.65497196351984,180.064697265625,29783900,0.0,0.0
2020-06-10 00:00:00-04:00,181.32647928613525,188.3374275256502,181.21262453597723,186.74359130859375,43872300,0.0,0.0
2020-06-11 00:00:00-04:00,183.22390946591682,185.71900069247567,176.52603590509813,176.7157745361328,52854700,0.0,0.0
2020-06-12 00:00:00-04:00,180.76676744517252,181.88625011237096,175.68169335061015,178.1103973388672,43373600,0.0,0.0
2020-06-15 00:00:00-04:00,175.11244424815027,181.0323846706777,174.5716739870542,179.24880981445312,32770200,0.0,0.0
2020-06-16 00:00:00-04:00,182.99619824445867,185.54822386322215,181.63955340017736,183.64132690429688,42556700,0.0,0.0
2020-06-17 00:00:00-04:00,185.02645020652403,186.25029117097526,183.75518544089064,184.2769775390625,25687800,0.0,0.0
2020-06-18 00:00:00-04:00,184.04926617601018,186.4115532058611,184.04926617601018,186.25027465820312,23061600,0.0,0.0
2020-06-19 00:00:00-04:00,188.40379930616814,189.06789159169878,184.40025291552126,185.14024353027344,44441100,0.0,0.0
2020-06-22 00:00:00-04:00,185.74746691069572,190.46254515240918,185.21619293576407,190.2823028564453,32818900,0.0,0.0
2020-06-23 00:00:00-04:00,191.72428822727903,193.48888469214174,191.09813782578294,191.55352783203125,30917400,0.0,0.0
2020-06-24 00:00:00-04:00,191.25947187782361,192.82483374136044,186.4779771190064,187.69232177734375,36740600,0.0,0.0
2020-06-25 00:00:00-04:00,187.6543607899241,190.32022675323847,185.44387040822522,190.06407165527344,27803900,0.0,0.0
2020-06-26 00:00:00-04:00,189.48538121109078,189.63717791443284,184.88415764056126,186.25978088378906,54675800,0.0,0.0
2020-06-29 00:00:00-04:00,185.73798504625432,188.3469311186925,183.62237101173906,188.2615509033203,26701600,0.0,0.0
2020-06-30 00:00:00-04:00,187.73024356126592,193.9158059998674,187.59742509113957,193.0714569091797,34310300,0.0,0.0
2020-07-01 00:00:00-04:00,192.72044279649725,195.76580026984053,191.42071814154644,194.20042419433594,32061200,0.0,0.0
2020-07-02 00:00:00-04:00,195.13013735746952,197.35012374670447,194.4850232532677,195.68038940429688,29315800,0.0,0.0
2020-07-06 00:00:00-04:00,198.11860638784356,200.3006367249916,197.41655756468825,199.89268493652344,31897600,0.0,0.0
2020-07-07 00:00:00-04:00,199.65552863745535,203.65907621069388,197.32171584805417,197.56837463378906,33600700,0.0,0.0
2020-07-08 00:00:00-04:00,199.29500916856912,202.32137420232715,197.985788069965,201.91343688964844,33600000,0.0,0.0
2020-07-09 00:00:00-04:00,205.23389268976726,205.28133095940976,200.62317371738888,203.32699584960938,33121700,0.0,0.0
2020-07-10 00:00:00-04:00,202.66290413404784,203.09931598071202,200.25319330353184,202.71034240722656,26177600,0.0,0.0
2020-07-13 00:00:00-04:00,203.4788109385705,204.73111197415724,195.9081280111182,196.4488983154297,38135600,0.0,0.0
2020-07-14 00:00:00-04:00,195.55707625734152,198.1375617448352,191.66736982330443,197.6632080078125,37591800,0.0,0.0
2020-07-15 00:00:00-04:00,198.8111496204807,200.49036601836565,194.51350562552136,197.36911010742188,32179400,0.0,0.0
2020-07-16 00:00:00-04:00,194.8645323928501,195.14914756390348,191.93302942609668,193.46044921875,29940700,0.0,0.0
2020-07-17 00:00:00-04:00,193.9822114975741,194.5229672110187,191.0601908439934,192.47377014160156,31635300,0.0,0.0
2020-07-20 00:00:00-04:00,194.48506023255374,201.4106286872803,192.59712687547508,200.7465362548828,36884800,0.0,0.0
2020-07-21 00:00:00-04:00,202.7008358549193,202.96647278101233,197.35960831558944,198.0426788330078,37990400,0.0,0.0
2020-07-22 00:00:00-04:00,198.469647456198,201.41064710941038,197.70119653727062,200.88885498046875,49605700,0.0,0.0
2020-07-23 00:00:00-04:00,196.56271325026265,200.10138824412152,191.78121924610807,192.15121459960938,67457000,0.0,0.0
2020-07-24 00:00:00-04:00,190.13998614831087,192.4548351386783,187.37924340277607,190.974853515625,39827000,0.0,0.0
2020-07-27 00:00:00-04:00,191.136129411708,193.50789851199113,190.5574171721937,193.39405822753906,30160900,0.0,0.0
2020-07-28 00:00:00-04:00,193.16637019506712,194.20045808606014,191.39229147601208,191.65792846679688,23251400,0.0,0.0
2020-07-29 00:00:00-04:00,192.11329538850467,194.15301100588138,191.6484234376394,193.59327697753906,19632600,0.0,0.0
2020-07-30 00:00:00-04:00,190.69020608720186,193.97274038237816,189.33356132079433,193.4414520263672,25079600,0.0,0.0
2020-07-31 00:00:00-04:00,193.91580993255508,194.5799167727827,188.80227701479487,194.49452209472656,51044000,0.0,0.0
2020-08-03 00:00:00-04:00,200.6706342883955,206.47672012993115,199.64602834998408,205.43313598632812,78983000,0.0,0.0
2020-08-04 00:00:00-04:00,203.18469025802023,203.75392056729805,199.5226786078573,202.34982299804688,49280100,0.0,0.0
2020-08-05 00:00:00-04:00,203.87721967531724,203.97209620819024,200.71803669164214,202.01776123046875,28806400,0.0,0.0
2020-08-06 00:00:00-04:00,201.4485573768755,205.27184763929066,200.6990847830471,205.2528839111328,32656800,0.0,0.0
2020-08-07 00:00:00-04:00,203.82980641865512,204.63619908524305,200.11086038451512,201.58135986328125,27820400,0.0,0.0
2020-08-10 00:00:00-04:00,200.81295316674974,201.0121881493232,195.76583582974325,197.56837463378906,36716500,0.0,0.0
2020-08-11 00:00:00-04:00,196.53426409900342,196.99912154458283,192.7204556060686,192.94815063476562,36446500,0.0,0.0
2020-08-12 00:00:00-04:00,194.76016076380623,199.4942165085806,194.2478650715753,198.4601287841797,28013100,0.0,0.0
2020-08-13 00:00:00-04:00,198.69733391145982,200.50936900980943,197.47349292783164,197.9952850341797,22588900,0.0,0.0
2020-08-14 00:00:00-04:00,198.05219433177936,198.83962338076026,196.8663098259881,198.1850128173828,17958900,0.0,0.0
2020-08-17 00:00:00-04:00,198.84913317028403,200.35757488939987,198.20400442791444,199.49424743652344,20184800,0.0,0.0
2020-08-18 00:00:00-04:00,199.73141570438264,201.46755240023344,198.4791291633885,200.64218139648438,21336200,0.0,0.0
2020-08-19 00:00:00-04:00,201.12716528826644,201.70727635922714,198.9969182630244,199.42486572265625,27627600,0.51,0.0
2020-08-20 00:00:00-04:00,199.27269804095937,204.4651687103095,198.6735774141608,204.0657501220703,26981500,0.0,0.0
2020-08-21 00:00:00-04:00,203.38103630421907,205.6539276875815,202.42053069832917,202.5821990966797,36249300,0.0,0.0
2020-08-24 00:00:00-04:00,204.2654371725125,204.9596781424091,202.0210749048594,203.21934509277344,25460100,0.0,0.0
2020-08-25 00:00:00-04:00,202.65830591741502,205.99631398949958,202.65830591741502,205.86317443847656,23043700,0.0,0.0
2020-08-26 00:00:00-04:00,207.20409531837257,211.20780126292092,206.70957075245423,210.31385803222656,39600800,0.0,0.0
2020-08-27 00:00:00-04:00,211.968557579832,219.8238185876198,208.649559722784,215.47775268554688,57602200,0.0,0.0
2020-08-28 00:00:00-04:00,216.9993776717254,219.3388462628036,215.4777849434819,217.69361877441406,26292900,0.0,0.0
2020-08-31 00:00:00-04:00,215.8771899200654,217.49388844015004,213.3189953476914,214.47921752929688,28774200,0.0,0.0
2020-09-01 00:00:00-04:00,214.46020134670846,216.30514535953128,213.4331186639683,216.13397216796875,25725500,0.0,0.0
2020-09-02 00:00:00-04:00,216.7996706686181,221.45006436765206,216.21005476958462,220.29934692382812,34080800,0.0,0.0
2020-09-03 00:00:00-04:00,218.0359298562455,218.07396349853397,204.4271124541194,206.65245056152344,58400300,0.0,0.0
2020-09-04 00:00:00-04:00,204.5602790966604,207.66053649902892,195.13585763014288,203.75192260742188,59664100,0.0,0.0
2020-09-08 00:00:00-04:00,196.38165196529374,199.7386834021644,192.29234589865933,192.7298126220703,52924300,0.0,0.0
2020-09-09 00:00:00-04:00,197.42776995522604,204.3130063928278,196.57186053691743,200.93695068359375,45679000,0.0,0.0
2020-09-10 00:00:00-04:00,202.943541206919,204.21789315849605,194.10875119192568,195.3070068359375,35461500,0.0,0.0
2020-09-11 00:00:00-04:00,197.04737049649287,198.40730923899483,191.379413634997,194.03269958496094,33620100,0.0,0.0
2020-09-14 00:00:00-04:00,194.23239314979273,198.94934861596653,194.03267661280256,195.34506225585938,30375800,0.0,0.0
2020-09-15 00:00:00-04:00,198.20762685222402,199.5009887938015,196.7906301369787,198.54998779296875,21823900,0.0,0.0
2020-09-16 00:00:00-04:00,200.29981429738623,200.3283431648329,194.6128327120966,195.00274658203125,26328100,0.0,0.0
2020-09-17 00:00:00-04:00,190.2477423026266,194.31802519389234,190.1621557000872,192.9676055908203,34011300,0.0,0.0
2020-09-18 00:00:00-04:00,192.8629448324001,193.67128672060363,186.63388734613952,190.57102966308594,55225300,0.0,0.0
2020-09-21 00:00:00-04:00,187.52786151375366,192.7773903131104,186.75755314054098,192.61570739746094,39839700,0.0,0.0
2020-09-22 00:00:00-04:00,195.01224432710944,197.9032952203945,192.17826567778008,197.25660705566406,33517100,0.0,0.0
2020-09-23 00:00:00-04:00,197.7130433929197,197.9032551453432,190.22867238865066,190.76123046875,30803800,0.0,0.0
2020-09-24 00:00:00-04:00,190.05753199798957,195.49725820179677,189.43937271825766,193.23387145996094,31202500,0.0,0.0
2020-09-25 00:00:00-04:00,193.576230870522,198.79721638343335,192.6157107003386,197.6370086669922,29437300,0.0,0.0
2020-09-28 00:00:00-04:00,200.54708652258188,202.15428046222738,197.8652568576087,199.17764282226562,32004900,0.0,0.0
2020-09-29 00:00:00-04:00,199.09204937202554,199.77677119863617,196.67649889728182,197.1044464111328,24221900,0.0,0.0
2020-09-30 00:00:00-04:00,197.55145444582712,201.5932091209487,196.41976081501306,200.02406311035156,33829100,0.0,0.0
2020-10-01 00:00:00-04:00,203.02919717182243,203.50469764479027,200.96552686047664,202.04966735839844,27158400,0.0,0.0
2020-10-02 00:00:00-04:00,197.8081467235527,200.65164405670666,195.4686786033721,196.0868377685547,33154800,0.0,0.0
2020-10-05 00:00:00-04:00,197.0664426370019,200.10013836824425,196.83819715648573,200.0716094970703,21331600,0.0,0.0
2020-10-06 00:00:00-04:00,198.58803404418717,199.88138146216883,194.7840300775394,195.82061767578125,28554300,0.0,0.0
2020-10-07 00:00:00-04:00,196.9142011898731,199.81475620602782,196.59086443689034,199.54847717285156,25681100,0.0,0.0
2020-10-08 00:00:00-04:00,200.1951569928357,200.8418450303163,198.11247759861763,200.26173400878906,19925800,0.0,0.0
2020-10-09 00:00:00-04:00,200.87987343456683,205.28301131116126,200.87987343456683,205.23545837402344,26458000,0.0,0.0
2020-10-12 00:00:00-04:00,208.06947707751453,212.89105852593914,206.18649938983765,210.5515899658203,40461400,0.0,0.0
2020-10-13 00:00:00-04:00,211.80692392954865,214.17492142049753,209.6291237184592,211.9400634765625,28950800,0.0,0.0
2020-10-14 00:00:00-04:00,212.0731659140789,213.23338798265985,208.39279767832116,210.03802490234375,23421700,0.0,0.0
2020-10-15 00:00:00-04:00,206.4622756461877,209.56253297254858,205.4256737650071,208.89683532714844,22733100,0.0,0.0
2020-10-16 00:00:00-04:00,209.36281642336837,211.39795751708903,208.5734985438284,208.89683532714844,26057900,0.0,0.0
2020-10-19 00:00:00-04:00,209.61965341943647,211.40754006872294,203.24794917359333,203.72344970703125,27625800,0.0,0.0
2020-10-20 00:00:00-04:00,205.22602991152633,206.71909401729215,202.648810675866,204.1323699951172,22753500,0.0,0.0
2020-10-21 00:00:00-04:00,202.67725943855305,206.29106490980843,202.67725943855305,204.2749481201172,22724900,0.0,0.0
2020-10-22 00:00:00-04:00,203.4476132060578,205.47324974306363,201.32688528683093,204.36058044433594,22351500,0.0,0.0
2020-10-23 00:00:00-04:00,204.49372004805122,205.682471159576,202.71535302876916,205.63491821289062,18879600,0.0,0.0
2020-10-26 00:00:00-04:00,203.37157865089443,205.73956195852656,197.90332265899798,199.7863006591797,37111600,0.0,0.0
2020-10-27 00:00:00-04:00,201.2222537841639,204.15133796031026,200.02399801210788,202.80091857910156,36700300,0.0,0.0
2020-10-28 00:00:00-04:00,197.49433967491123,198.60700889932528,192.19727262307057,192.74884033203125,51195600,0.0,0.0
2020-10-29 00:00:00-04:00,194.0707590331236,197.199545583512,193.40504679969789,194.68890380859375,31432600,0.0,0.0
2020-10-30 00:00:00-04:00,193.52864762831226,194.27993181652224,189.83876017002257,192.5491180419922,36953700,0.0,0.0
2020-11-02 00:00:00-05:00,194.2799538734767,195.22144992256125,190.31428213947027,192.41600036621094,30842200,0.0,0.0
2020-11-03 00:00:00-05:00,193.89957334651695,197.92230309923994,193.16729858879407,196.3151092529297,27512000,0.0,0.0
2020-11-04 00:00:00-05:00,203.53321142617264,207.62251809281693,202.01160422100955,205.78707885742188,42311800,0.0,0.0
2020-11-05 00:00:00-05:00,211.16024781755988,213.13833156547503,210.31385753941993,212.3489990234375,36080100,0.0,0.0
2020-11-06 00:00:00-05:00,211.36943647428635,213.36654399549167,207.3467070793611,212.75790405273438,25231900,0.0,0.0
2020-11-09 00:00:00-05:00,213.44264528742468,216.94232164998468,207.20408167686315,207.6890869140625,44395000,0.0,0.0
2020-11-10 00:00:00-05:00,203.98965199387854,205.89165341107088,199.4438697676784,200.670654296875,44045100,0.0,0.0
2020-11-11 00:00:00-05:00,201.98305746897677,207.35620613498025,201.8023649968637,205.93922424316406,29440800,0.0,0.0
2020-11-12 00:00:00-05:00,206.56691213283364,208.37380804064978,203.9516596545553,204.88363647460938,21593900,0.0,0.0
2020-11-13 00:00:00-05:00,205.75857025869104,206.7666289641758,203.66637102885733,205.90121459960938,18621100,0.0,0.0
2020-11-16 00:00:00-05:00,204.34154443508726,207.0709266945876,204.0087028500602,206.58590698242188,24953300,0.0,0.0
2020-11-17 00:00:00-05:00,205.511285682122,207.01385422749843,203.59025993759715,203.95164489746094,24154100,0.0,0.0
2020-11-18 00:00:00-05:00,203.71326545564156,205.16257527401476,201.11976980133684,201.26280212402344,28372800,0.56,0.0
2020-11-19 00:00:00-05:00,201.5489032479821,203.1221573520619,200.16632985753603,202.54052734375,24792700,0.0,0.0
2020-11-20 00:00:00-05:00,202.3307199828359,203.37002133531357,200.23304339047263,200.6049041748047,22843100,0.0,0.0
2020-11-23 00:00:00-05:00,201.13886511693934,202.41653919403498,198.47863240124832,200.3379364013672,25683500,0.0,0.0
2020-11-24 00:00:00-05:00,199.84213389881677,204.28540453235834,199.14608968641437,203.91354370117188,33979700,0.0,0.0
2020-11-25 00:00:00-05:00,205.10538362416776,205.27700496539273,202.57863910648877,203.9230499267578,21012900,0.0,0.0
2020-11-27 00:00:00-05:00,204.85748627754103,206.2114413491955,204.08514657585314,205.2198028564453,14512200,0.0,0.0
2020-11-30 00:00:00-05:00,204.14234256764314,204.77163530412324,201.03395391105286,204.11373901367188,33064800,0.0,0.0
2020-12-01 00:00:00-05:00,204.53327483092292,207.2125957883334,203.4272367302626,206.1542205810547,30904500,0.0,0.0
2020-12-02 00:00:00-05:00,204.8861008371722,205.44865689837735,202.90283829428745,205.35330200195312,23724500,0.0,0.0
2020-12-03 00:00:00-05:00,204.628604714045,206.3162870381748,203.7132473969765,204.27581787109375,25120900,0.0,0.0
2020-12-04 00:00:00-05:00,204.2568011760588,205.36285400037403,203.2651625924951,204.39028930664062,24666000,0.0,0.0
2020-12-07 00:00:00-05:00,204.39976731905256,205.51534953178438,203.08396023560834,204.323486328125,24620000,0.0,0.0
2020-12-08 00:00:00-05:00,204.0184318820954,206.85983045142456,202.98866005078952,205.9635467529297,23284100,0.0,0.0
2020-12-09 00:00:00-05:00,205.15303927393487,205.21977604983914,201.38675434522085,201.94931030273438,32440600,0.0,0.0
2020-12-10 00:00:00-05:00,201.92076065294535,203.1698313341001,200.5763350674868,200.72889709472656,26733300,0.0,0.0
2020-12-11 00:00:00-05:00,200.2806884384495,203.39860654066334,199.38440501372477,203.3413848876953,30979400,0.0,0.0
2020-12-14 00:00:00-05:00,203.18888557447357,206.15424240250815,202.9791164445845,204.2377166748047,28798400,0.0,0.0
2020-12-15 00:00:00-05:00,205.16259868933062,205.40097137190162,202.36887783317297,204.1709747314453,27000600,0.0,0.0
2020-12-16 00:00:00-05:00,204.76209463274458,209.87280453825505,204.73349108031036,209.08140563964844,35023300,0.0,0.0
2020-12-17 00:00:00-05:00,209.64398793352765,210.6165524859304,207.7846840459289,209.2149200439453,32515800,0.0,0.0
2020-12-18 00:00:00-05:00,208.42352294921875,209.47236851032108,205.97305948244417,208.42352294921875,63354900,0.0,0.0
2020-12-21 00:00:00-05:00,207.43185640885523,213.58186708243366,207.17440990603185,212.23744201660156,37181900,0.0,0.0
2020-12-22 00:00:00-05:00,212.33285580996105,215.13612092122844,211.53192707791726,213.52471923828125,22612200,0.0,0.0
2020-12-23 00:00:00-05:00,212.73330101406674,213.16236889979098,210.53073992478457,210.74050903320312,18699600,0.0,0.0
2020-12-24 00:00:00-05:00,211.12188567075353,213.2100324003929,210.912116576052,212.39002990722656,10550600,0.0,0.0
2020-12-28 00:00:00-05:00,214.01099434520955,215.5175114649636,212.64750956636644,214.49728393554688,17933500,0.0,0.0
2020-12-29 00:00:00-05:00,215.7844577615069,216.61398993703023,213.18143246826625,213.72491455078125,17403200,0.0,0.0
2020-12-30 00:00:00-05:00,214.75472241960352,215.13612745772272,211.16960235597048,211.3698272705078,20272300,0.0,0.0
2020-12-31 00:00:00-05:00,211.3888488096935,212.62838941566082,209.46279385424006,212.0753631591797,20942100,0.0,0.0
2021-01-04 00:00:00-05:00,212.1802596114298,212.6284013521997,204.81931110024084,207.56536865234375,37130100,0.0,0.0
2021-01-05 00:00:00-05:00,207.15537629858184,208.35678384593277,205.66793319149298,207.76560974121094,23823000,0.0,0.0
2021-01-06 00:00:00-05:00,202.3020912013757,206.42117742109096,202.0827924454249,202.3783721923828,35930700,0.0,0.0
2021-01-07 00:00:00-05:00,204.08513119067524,209.138634517425,203.77049208114227,208.13746643066406,27694500,0.0,0.0
2021-01-08 00:00:00-05:00,208.50934079732144,210.32098186986488,206.93608695061204,209.40562438964844,22956200,0.0,0.0
2021-01-11 00:00:00-05:00,208.3091269515907,208.72866521274221,206.65004779588634,207.3747100830078,23031300,0.0,0.0
2021-01-12 00:00:00-05:00,206.43071832954556,207.00281851869494,203.39862515474547,204.93373107910156,23249300,0.0,0.0
2021-01-13 00:00:00-05:00,204.06609203445853,206.6786473478846,203.98026681062188,206.27818298339844,20087100,0.0,0.0
2021-01-14 00:00:00-05:00,205.8681976332636,207.34611125087815,202.8456336090287,203.11260986328125,29480800,0.0,0.0
2021-01-15 00:00:00-05:00,203.58934296382472,204.53328946684098,202.16863655086178,202.75979614257812,31746500,0.0,0.0
2021-01-19 00:00:00-05:00,203.8085824977095,206.88835255947976,202.7406778556588,206.37347412109375,30480900,0.0,0.0
2021-01-20 00:00:00-05:00,207.5748754055162,215.2886099273774,207.18394081538668,213.9060516357422,37777300,0.0,0.0
2021-01-21 00:00:00-05:00,214.2493131339701,215.7749037585545,212.07535595085912,214.5067596435547,30709400,0.0,0.0
2021-01-22 00:00:00-05:00,216.51864163299658,219.3695836914555,215.29817486027105,215.44119262695312,30172700,0.0,0.0
2021-01-25 00:00:00-05:00,218.46377115568953,219.09307847095562,213.79167283132318,218.85470581054688,33152100,0.0,0.0
2021-01-26 00:00:00-05:00,221.07630289132658,223.28839323555263,219.37909100379906,221.52444458007812,49169600,0.0,0.0
2021-01-27 00:00:00-05:00,226.93080188116176,229.25732167368406,219.4363638925336,222.0679931640625,69870600,0.0,0.0
2021-01-28 00:00:00-05:00,224.65195371085622,231.35499244547177,224.15613445257466,227.81753540039062,49111200,0.0,0.0
2021-01-29 00:00:00-05:00,225.014257951401,226.949842757254,220.59006203100665,221.17169189453125,42503100,0.0,0.0
2021-02-01 00:00:00-05:00,224.12750973113813,231.22148249088136,221.61982466737663,228.5040283203125,33314200,0.0,0.0
2021-02-02 00:00:00-05:00,230.0773162479899,231.04033664840065,227.58870485867922,228.3705596923828,25916300,0.0,0.0
2021-02-03 00:00:00-05:00,228.42774595379248,233.691003496613,228.13215165180748,231.69821166992188,27158100,0.0,0.0
2021-02-04 00:00:00-05:00,231.37406542742858,231.9270918000538,229.19056349507096,230.75428771972656,25296100,0.0,0.0
2021-02-05 00:00:00-05:00,230.96402835930283,231.96519641817662,229.2382126683199,230.9354248046875,18054800,0.0,0.0
2021-02-08 00:00:00-05:00,231.84123772980857,232.34658659294607,229.61007317756622,231.19287109375,22211900,0.0,0.0
2021-02-09 00:00:00-05:00,230.62076272671874,233.37634993048727,230.1535616523339,232.43240356445312,23565000,0.0,0.0
2021-02-10 00:00:00-05:00,233.60515242073183,234.48236185943904,229.68630622060743,231.52655029296875,22186700,0.0,0.0
2021-02-11 00:00:00-05:00,233.39546343401466,233.74825035400383,230.88777811855226,233.11895751953125,15751100,0.0,0.0
2021-02-12 00:00:00-05:00,232.58494513457302,233.89123709414287,231.44075937329384,233.5956573486328,16561100,0.0,0.0
2021-02-16 00:00:00-05:00,233.63377520984275,234.68262057571042,231.62190968012231,232.36563110351562,26728500,0.0,0.0
2021-02-17 00:00:00-05:00,230.62629464932985,233.48378821746624,230.2631290790837,233.378662109375,21653500,0.56,0.0
2021-02-18 00:00:00-05:00,231.08502464867303,233.12062720680663,230.18667690425352,232.98683166503906,16925600,0.0,0.0
2021-02-19 00:00:00-05:00,232.9486476243667,233.05377375121492,229.53683889334786,230.29183959960938,25262600,0.0,0.0
2021-02-22 00:00:00-05:00,226.899124179311,227.38651912425996,222.1015730817524,224.11807250976562,36446900,0.0,0.0
2021-02-23 00:00:00-05:00,220.1233231539587,224.4239133780641,218.5942185745613,222.93304443359375,30228700,0.0,0.0
2021-02-24 00:00:00-05:00,219.81748539347333,224.7775015366936,218.85224710793744,224.15631103515625,26339700,0.0,0.0
2021-02-25 00:00:00-05:00,221.795780936671,224.1945494104652,217.78189953492432,218.84271240234375,39542200,0.0,0.0
2021-02-26 00:00:00-05:00,221.27013424972316,224.93996757449008,219.36831252056643,222.0824737548828,37819200,0.0,0.0
2021-03-01 00:00:00-05:00,225.44650726256452,226.94694251809523,222.81836859782126,226.4404296875,25324000,0.0,0.0
2021-03-02 00:00:00-05:00,226.50732572851445,226.78448306985507,223.10508301602894,223.5064697265625,22812500,0.0,0.0
2021-03-03 00:00:00-05:00,221.87220796170382,223.2292812046213,217.18933480024668,217.47604370117188,34029500,0.0,0.0
2021-03-04 00:00:00-05:00,216.69239700995695,222.18759526620298,214.32228361038455,216.68283081054688,44727800,0.0,0.0
2021-03-05 00:00:00-05:00,219.3492363750006,222.93306184160264,216.42483712747304,221.33706665039062,41872800,0.0,0.0
2021-03-08 00:00:00-05:00,221.11725867621018,223.02863234905152,217.06515582266582,217.31362915039062,35267400,0.0,0.0
2021-03-09 00:00:00-05:00,222.56029805709437,224.94951453543788,221.40391086522325,223.42041015625,33080500,0.0,0.0
2021-03-10 00:00:00-05:00,226.49772821826227,226.49772821826227,221.75751618181397,222.1206817626953,29746800,0.0,0.0
2021-03-11 00:00:00-05:00,224.54814049035522,228.57157309890684,223.92693542163005,226.62197875976562,29907600,0.0,0.0
2021-03-12 00:00:00-05:00,223.64023105792842,225.37003616967326,222.89479662640136,225.30313110351562,22653700,0.0,0.0
2021-03-15 00:00:00-04:00,224.5481927122581,224.76799660855832,221.53777033129052,224.4048309326172,26034900,0.0,0.0
2021-03-16 00:00:00-04:00,225.80963010169157,229.42212430580386,225.48470015547667,227.17626953125,28092200,0.0,0.0
2021-03-17 00:00:00-04:00,225.68540440109052,227.97906119030745,222.8948010361049,226.5359649658203,29562100,0.0,0.0
2021-03-18 00:00:00-04:00,222.2545388535398,223.81231313700073,220.1233611906888,220.49607849121094,34833000,0.0,0.0
2021-03-19 00:00:00-04:00,220.78273384233583,222.1684765675346,219.18673888764525,220.14242553710938,46430700,0.0,0.0
2021-03-22 00:00:00-04:00,220.0659425548919,226.40213436741084,219.94169863887137,225.532470703125,30127000,0.0,0.0
2021-03-23 00:00:00-04:00,226.96602417339062,230.36826626043398,226.5646375366449,227.05203247070312,31638400,0.0,0.0
2021-03-24 00:00:00-04:00,227.31009164866788,227.45343882328078,224.8922054193831,225.0260009765625,25620100,0.0,0.0
2021-03-25 00:00:00-04:00,224.87305870810607,226.4403841405182,221.30835179207864,222.04421997070312,34061900,0.0,0.0
2021-03-26 00:00:00-04:00,221.28926488550835,226.22061190405913,221.28926488550835,226.00079345703125,25479900,0.0,0.0
2021-03-29 00:00:00-04:00,226.1059337957856,226.3066344377287,221.60465718813197,224.81576538085938,25227500,0.0,0.0
2021-03-30 00:00:00-04:00,223.1815355819631,223.4873623553538,220.85922367484778,221.57598876953125,24792000,0.0,0.0
2021-03-31 00:00:00-04:00,222.58897083183447,228.50467325429472,222.09200971374034,225.32223510742188,43623500,0.0,0.0
2021-04-01 00:00:00-04:00,227.90263305297643,232.07897971518804,227.50124634567533,231.61070251464844,30338000,0.0,0.0
2021-04-05 00:00:00-04:00,232.0024876345528,238.8834432319684,231.94514876834452,238.0328826904297,36910600,0.0,0.0
2021-04-06 00:00:00-04:00,236.63757369710436,238.3482463965933,235.93992652070483,236.87649536132812,22931900,0.0,0.0
2021-04-07 00:00:00-04:00,236.82871391899718,239.8104516951834,236.23619284363235,238.8260955810547,22719800,0.0,0.0
2021-04-08 00:00:00-04:00,241.56893863766072,242.87822479030498,240.8330557729979,242.0276641845703,23625200,0.0,0.0
2021-04-09 00:00:00-04:00,241.66450935083208,244.646261995429,241.25357103856228,244.51246643066406,24326800,0.0,0.0
2021-04-12 00:00:00-04:00,243.42295735855123,246.25179630911566,243.3369344757324,244.5697784423828,27148700,0.0,0.0
2021-04-13 00:00:00-04:00,245.8600157483126,247.70448442455188,245.44904822488058,247.03549194335938,23837500,0.0,0.0
2021-04-14 00:00:00-04:00,246.0702236664277,247.3603773878888,243.85302350789357,244.2639617919922,23070900,0.0,0.0
2021-04-15 00:00:00-04:00,246.50023643300656,248.41160962288492,246.3091166131629,248.00067138671875,25627500,0.0,0.0
2021-04-16 00:00:00-04:00,247.9720184237776,249.4342178445324,246.18488903899308,249.18572998046875,24878600,0.0,0.0
2021-04-19 00:00:00-04:00,248.6600796391516,249.89292342448383,246.39510723800427,247.27432250976562,23209300,0.0,0.0
2021-04-20 00:00:00-04:00,246.39518455013285,248.66972386310928,245.45860096089334,246.81568908691406,19722900,0.0,0.0
2021-04-21 00:00:00-04:00,247.46554099520336,249.12842668538718,245.85042797866416,249.03285217285156,24030400,0.0,0.0
2021-04-22 00:00:00-04:00,248.67919192838173,250.1796268291521,244.3117119265757,245.77392578125,25606200,0.0,0.0
2021-04-23 00:00:00-04:00,246.4524605409876,249.9216075016117,245.86947655978645,249.57754516601562,21462600,0.0,0.0
2021-04-26 00:00:00-04:00,250.06501009806746,250.81044463101668,248.64104610742964,249.95986938476562,19763300,0.0,0.0
2021-04-27 00:00:00-04:00,249.98853524607762,251.52720612882962,248.5932407126178,250.36126708984375,31014200,0.0,0.0
2021-04-28 00:00:00-04:00,244.73225067344254,245.171887578436,241.740961055206,243.2796173095703,46903100,0.0,0.0
2021-04-29 00:00:00-04:00,244.13972189863736,244.7513607810362,237.96597962533752,241.3204345703125,40589000,0.0,0.0
2021-04-30 00:00:00-04:00,238.67321772170197,241.8652080140417,238.5394221580297,241.0050811767578,30945100,0.0,0.0
2021-05-03 00:00:00-04:00,242.1710003473486,243.0789143649509,239.99203587034623,240.69924926757812,19626600,0.0,0.0
2021-05-04 00:00:00-04:00,239.84872302638533,240.07809311354603,234.86958826445405,236.80963134765625,32756100,0.0,0.0
2021-05-05 00:00:00-04:00,238.02332068891104,238.44382515868284,234.9269051980848,235.548095703125,21901300,0.0,0.0
2021-05-06 00:00:00-04:00,235.52901416460628,238.787909724678,233.84701060906457,238.66366577148438,26491100,0.0,0.0
2021-05-07 00:00:00-04:00,240.9764146694537,243.03114998686556,240.03984571236424,241.27268981933594,27032900,0.0,0.0
2021-05-10 00:00:00-04:00,239.75309418580025,240.57498525028228,236.16926941322524,236.2266082763672,29299900,0.0,0.0
2021-05-11 00:00:00-04:00,233.71319412843349,235.6723548531134,231.8209384749103,235.31874084472656,33641600,0.0,0.0
2021-05-12 00:00:00-04:00,231.4386591674871,233.55073330745444,227.52035223071903,228.4091339111328,36684400,0.0,0.0
2021-05-13 00:00:00-04:00,231.08503805198484,234.71665028825578,230.7218724535714,232.26052856445312,29624300,0.0,0.0
2021-05-14 00:00:00-04:00,234.69753359414418,238.13799684815163,234.61152529388377,237.1536407470703,23901100,0.0,0.0
2021-05-17 00:00:00-04:00,235.62456255687053,235.6627836091261,232.7288329763286,234.3152618408203,24970200,0.0,0.0
2021-05-18 00:00:00-04:00,235.35696192329095,235.4907574747066,232.13628790705022,232.30831909179688,20168000,0.0,0.0
2021-05-19 00:00:00-04:00,229.23343978556846,232.98837971030122,228.55334373807227,232.8830108642578,25739800,0.56,0.0
2021-05-20 00:00:00-04:00,233.68772695017472,237.50971302479425,233.5919317445322,236.1016082763672,21800700,0.0,0.0
2021-05-21 00:00:00-04:00,237.14570923286777,237.87370305685576,234.434868777639,234.8467559814453,21863100,0.0,0.0
2021-05-24 00:00:00-04:00,237.35641332073013,240.58452421046962,237.08820432202634,240.22052001953125,21411500,0.0,0.0
2021-05-25 00:00:00-04:00,241.16889980529953,242.1076315343133,240.25890371784655,241.12100219726562,17704300,0.0,0.0
2021-05-26 00:00:00-04:00,240.84316413471055,242.28959272486048,240.19180354769114,240.90065002441406,17771600,0.0,0.0
2021-05-27 00:00:00-04:00,240.5941215551288,240.89106621746035,238.7549676903661,238.81243896484375,24426200,0.0,0.0
2021-05-28 00:00:00-04:00,240.43126602240122,241.465792745696,239.0518970580082,239.16683959960938,18270200,0.0,0.0
2021-06-01 00:00:00-04:00,240.65156753252833,240.70903880096463,236.56137302167372,236.9828338623047,23213300,0.0,0.0
2021-06-02 00:00:00-04:00,237.6821077652956,238.77410571979837,235.48852356730782,236.88705444335938,19406700,0.0,0.0
2021-06-03 00:00:00-04:00,234.8946406042707,235.96747662588672,232.76811590692853,235.364013671875,25307700,0.0,0.0
2021-06-04 00:00:00-04:00,237.327656277388,241.05386090498885,237.08818293469824,240.23007202148438,25281100,0.0,0.0
2021-06-07 00:00:00-04:00,239.45422133616353,243.39116434225733,239.2913811894754,243.12295532226562,23079200,0.0,0.0
2021-06-08 00:00:00-04:00,244.41610603256754,245.23032134430707,241.87767951827612,241.93516540527344,22455000,0.0,0.0
2021-06-09 00:00:00-04:00,243.12290811584506,244.77048584234345,242.54818087729674,242.91217041015625,17937600,0.0,0.0
2021-06-10 00:00:00-04:00,243.58274055491657,246.6192613065488,242.98885124050196,246.4085235595703,24563600,0.0,0.0
2021-06-11 00:00:00-04:00,247.1269091424967,247.60585584294424,245.8050115720476,247.03114318847656,18999700,0.0,0.0
2021-06-14 00:00:00-04:00,247.04074761199934,249.00444698400887,245.98705883099325,248.9469757080078,19150500,0.0,0.0
2021-06-15 00:00:00-04:00,248.83197177770197,249.0427095066787,246.82997796871686,247.48133850097656,18038900,0.0,0.0
2021-06-16 00:00:00-04:00,248.47752126216974,249.60782836349776,243.7072166230382,246.54258728027344,27220000,0.0,0.0
2021-06-17 00:00:00-04:00,245.28780061417174,250.72862879044064,245.2303293415949,249.91441345214844,27565500,0.0,0.0
2021-06-18 00:00:00-04:00,248.6978770009707,251.25543610006036,247.8549261016525,248.50628662109375,37202200,0.0,0.0
2021-06-21 00:00:00-04:00,248.8799760136927,252.4241655609322,247.05998362645087,251.5716552734375,26696100,0.0,0.0
2021-06-22 00:00:00-04:00,251.6577609163999,254.59850073681733,251.35122800563727,254.33029174804688,24694100,0.0,0.0
2021-06-23 00:00:00-04:00,254.7901332344638,255.59476042610748,253.29582141675476,254.10044860839844,19518700,0.0,0.0
2021-06-24 00:00:00-04:00,254.9529042283444,256.5717463708945,254.29195546090864,255.46058654785156,21446900,0.0,0.0
2021-06-25 00:00:00-04:00,255.01997295194124,255.99701370596514,253.61186847057874,253.86090087890625,25611100,0.0,0.0
2021-06-28 00:00:00-04:00,254.98168189790582,257.57756518731253,254.7134728779589,257.4051513671875,19590000,0.0,0.0
2021-06-29 00:00:00-04:00,257.5487904204081,260.21173286835983,256.69628050647634,259.9722595214844,19937800,0.0,0.0
2021-06-30 00:00:00-04:00,259.2921672211762,259.93393943000825,258.2480669213287,259.4933166503906,21656500,0.0,0.0
2021-07-01 00:00:00-04:00,258.25768175305313,260.39379502371696,258.24812269513154,260.1639099121094,16725300,0.0,0.0
2021-07-02 00:00:00-04:00,261.33255398887786,266.2944361062581,261.0260210034365,265.95916748046875,26458000,0.0,0.0
2021-07-06 00:00:00-04:00,266.32319652571005,267.6067706350027,262.75024233617495,265.9687805175781,31565600,0.0,0.0
2021-07-07 00:00:00-04:00,267.6354450424523,268.871135874846,265.48018461117033,268.14312744140625,23260000,0.0,0.0
2021-07-08 00:00:00-04:00,265.240707232049,266.99366872665394,263.2961845748827,265.73883056640625,24618600,0.0,0.0
2021-07-09 00:00:00-04:00,264.1104136034873,266.3422927365469,263.72726202590263,266.2369384765625,23916700,0.0,0.0
2021-07-12 00:00:00-04:00,267.40558716373033,267.98988824180765,264.9342052474398,265.64306640625,18931700,0.0,0.0
2021-07-13 00:00:00-04:00,265.83459322837217,270.94018194655666,265.7100916289199,269.14892578125,26120100,0.0,0.0
2021-07-14 00:00:00-04:00,270.4612049849691,271.71604298945186,268.7369793404085,270.6144714355469,23113700,0.0,0.0
2021-07-15 00:00:00-04:00,270.1259350983207,270.61447008005376,268.0472935864673,269.19677734375,22604200,0.0,0.0
2021-07-16 00:00:00-04:00,270.19301525007796,272.1375378043733,267.69289811879054,268.9285888671875,26186800,0.0,0.0
2021-07-19 00:00:00-04:00,267.18523908688275,268.5646081282036,262.89389472063215,265.3460998535156,32935600,0.0,0.0
2021-07-20 00:00:00-04:00,266.3231470052684,269.13935642812294,264.6276859170567,267.558837890625,26259700,0.0,0.0
2021-07-21 00:00:00-04:00,267.1564144002814,269.666089970636,265.61422034085786,269.5511474609375,24364300,0.0,0.0
2021-07-22 00:00:00-04:00,271.88850209711006,274.3598838297518,271.48620317580924,274.0916748046875,23384100,0.0,0.0
2021-07-23 00:00:00-04:00,275.2698801509867,277.7795567148543,274.43651739318557,277.4730529785156,22768100,0.0,0.0
2021-07-26 00:00:00-04:00,276.8312063761206,277.4921551936187,274.57059187126583,276.87908935546875,23176100,0.0,0.0
2021-07-27 00:00:00-04:00,277.2430584755565,277.3867366280159,271.035928428635,274.4747619628906,33604100,0.0,0.0
2021-07-28 00:00:00-04:00,276.82156672462025,277.93272642565694,271.8788339438363,274.168212890625,33566900,0.0,0.0
2021-07-29 00:00:00-04:00,274.18743125080124,276.46722250096303,274.0341647800032,274.4364929199219,18168300,0.0,0.0
2021-07-30 00:00:00-04:00,273.16248327798326,274.58973513938895,271.9555281974139,272.9134216308594,20944800,0.0,0.0
2021-08-02 00:00:00-04:00,274.3023442842748,274.69508409233026,271.7926682142206,272.82720947265625,16267400,0.0,0.0
2021-08-03 00:00:00-04:00,273.40190297737007,275.13568741301975,272.0416817065015,275.0303039550781,17879000,0.0,0.0
2021-08-04 00:00:00-04:00,274.1682171665595,275.48052628962654,272.66431769348395,274.4460144042969,16191300,0.0,0.0
2021-08-05 00:00:00-04:00,274.8004915502387,277.43469867133746,274.0533357906488,277.3293151855469,13900200,0.0,0.0
2021-08-06 00:00:00-04:00,276.36180844509875,277.3101134683356,275.5092693668719,277.27178955078125,16589300,0.0,0.0
2021-08-09 00:00:00-04:00,277.5496749205149,279.27387173431777,275.6913589689798,276.189453125,16117600,0.0,0.0
2021-08-10 00:00:00-04:00,276.6396122772204,277.0706760159155,273.19121929801037,274.3789978027344,18616600,0.0,0.0
2021-08-11 00:00:00-04:00,275.11655559953596,276.5055127244419,273.8233936612764,274.8675231933594,13955900,0.0,0.0
2021-08-12 00:00:00-04:00,274.56099216059465,277.76035263480225,274.28319488720257,277.6070861816406,14561300,0.0,0.0
2021-08-13 00:00:00-04:00,277.29094740658485,280.5669259380225,277.1185044055234,280.51904296875,18249000,0.0,0.0
2021-08-16 00:00:00-04:00,280.84480121005765,282.40617231232227,277.8082659137247,282.1954345703125,22507600,0.0,0.0
2021-08-17 00:00:00-04:00,280.0784298966578,281.07461785942274,278.82356280710985,280.7393493652344,20075300,0.0,0.0
2021-08-18 00:00:00-04:00,280.27872459621557,282.94676489700373,278.579988799018,279.021484375,21813000,0.56,0.0
2021-08-19 00:00:00-04:00,277.0636839198015,285.490088665484,277.01570926895175,284.8182678222656,29850500,0.0,0.0
2021-08-20 00:00:00-04:00,287.6494504032282,293.5229764433976,286.0562996654451,292.1025695800781,40817600,0.0,0.0
2021-08-23 00:00:00-04:00,291.03727765066435,293.1006853030909,289.6936654087505,292.3808898925781,22830200,0.0,0.0
2021-08-24 00:00:00-04:00,292.73598718389235,293.3406200208981,289.8376215126441,290.4326477050781,18175800,0.0,0.0
2021-08-25 00:00:00-04:00,292.04495251552714,292.3232815826595,288.32123587171554,289.8471984863281,20006100,0.0,0.0
2021-08-26 00:00:00-04:00,288.86833701855477,290.25034679976966,286.91051423562993,287.04486083984375,17666100,0.0,0.0
2021-08-27 00:00:00-04:00,286.94883316309097,288.7531250293206,284.87581884584097,287.6494445800781,22605700,0.0,0.0
2021-08-30 00:00:00-04:00,288.99305899463644,291.96821926723266,288.935477703884,291.36358642578125,16348100,0.0,0.0
2021-08-31 00:00:00-04:00,292.16012706402677,292.2368923425425,289.35771113719727,289.722412109375,26285300,0.0,0.0
2021-09-01 00:00:00-04:00,290.6725629329241,292.8991369938273,289.34813475379116,289.6744384765625,18983800,0.0,0.0
2021-09-02 00:00:00-04:00,290.02961237848854,291.14287031326114,288.0909444169398,289.0218811035156,16285600,0.0,0.0
2021-09-03 00:00:00-04:00,288.8683160554501,290.4134922673868,288.1677338580256,289.0122985839844,14747900,0.0,0.0
2021-09-07 00:00:00-04:00,288.8875324668998,288.96429776620096,286.1907010174333,288.0909423828125,17180400,0.0,0.0
2021-09-08 00:00:00-04:00,287.70704475507114,288.50360551584674,285.49007706649724,288.1197204589844,15046800,0.0,0.0
2021-09-09 00:00:00-04:00,288.705194927188,289.97204208683576,285.0390293387629,285.2789611816406,19927000,0.0,0.0
2021-09-10 00:00:00-04:00,286.40178494786,287.84137565254247,283.48420625224344,283.8009033203125,19633400,0.0,0.0
2021-09-13 00:00:00-04:00,285.56683334808685,286.51698324787736,282.2365785977501,285.0293884277344,23652900,0.0,0.0
2021-09-14 00:00:00-04:00,287.4958964728086,289.25221376514764,286.0947028700539,287.7166442871094,21853400,0.0,0.0
2021-09-15 00:00:00-04:00,291.0468648544565,293.02390044019006,289.66485541550026,292.5440368652344,28356300,0.0,0.0
2021-09-16 00:00:00-04:00,291.52681517817695,293.0143809877708,288.6476328716932,292.9280090332031,19550800,0.0,0.0
2021-09-17 00:00:00-04:00,291.92030251442793,292.23699967637344,287.467153222757,287.79345703125,41372500,0.0,0.0
2021-09-20 00:00:00-04:00,284.395999300158,286.6897617780861,277.86025823894886,282.44775390625,38278700,0.0,0.0
2021-09-21 00:00:00-04:00,283.78178370843756,285.5572851714307,282.22703008079156,282.9276123046875,22364100,0.0,0.0
2021-09-22 00:00:00-04:00,284.7798868463927,288.12932568723215,282.6492911094491,286.55535888671875,26626300,0.0,0.0
2021-09-23 00:00:00-04:00,286.8144515647207,288.7818804171432,285.54760475520084,287.495849609375,18604600,0.0,0.0
2021-09-24 00:00:00-04:00,286.2194218640375,287.72617114272504,284.9717590683759,287.2943115234375,14999000,0.0,0.0
2021-09-27 00:00:00-04:00,284.21363131308823,284.5303284068583,281.14249251178086,282.3229675292969,23571700,0.0,0.0
2021-09-28 00:00:00-04:00,278.12895381807755,279.0694970956445,271.3628882146194,272.10186767578125,43186200,0.0,0.0
2021-09-29 00:00:00-04:00,273.61826695321446,275.2209951886973,271.6124403531808,272.56256103515625,26353700,0.0,0.0
2021-09-30 00:00:00-04:00,274.20365982638276,276.23827687630234,270.278378953934,270.5663146972656,32343600,0.0,0.0
2021-10-01 00:00:00-04:00,270.75821680304153,278.301687374449,269.9616561615891,277.4571228027344,30086300,0.0,0.0
2021-10-04 00:00:00-04:00,275.8256432027342,276.1615536435043,268.9635982922401,271.7084045410156,31350700,0.0,0.0
2021-10-05 00:00:00-04:00,272.6105528079684,278.7048275786298,272.6105528079684,277.1308898925781,24993000,0.0,0.0
2021-10-06 00:00:00-04:00,274.270845855537,281.80471044780717,274.0117300480355,281.3056335449219,28002600,0.0,0.0
2021-10-07 00:00:00-04:00,283.29231359523686,284.6935366211754,282.0830770442581,282.9756164550781,20430500,0.0,0.0
2021-10-08 00:00:00-04:00,284.2904382451461,284.6935366211754,281.9295171528448,282.9756164550781,17685700,0.0,0.0
2021-10-11 00:00:00-04:00,281.12343539438365,285.9700482988629,280.96026880733973,282.38067626953125,19298600,0.0,0.0
2021-10-12 00:00:00-04:00,283.44585132765303,283.54182991335233,280.57627613312303,281.0849304199219,17974100,0.0,0.0
2021-10-13 00:00:00-04:00,283.0331881435553,285.30773721131357,281.6703624588803,284.3768005371094,23416300,0.0,0.0
2021-10-14 00:00:00-04:00,287.1599008270888,291.056390013878,285.83547291155634,290.5573425292969,27262900,0.0,0.0
2021-10-15 00:00:00-04:00,290.1639328949292,292.18897261999524,288.41722227281656,291.9586181640625,25384800,0.0,0.0
2021-10-18 00:00:00-04:00,291.34445521764906,295.7975751445461,290.49989041550754,294.9146423339844,22729300,0.0,0.0
2021-10-19 00:00:00-04:00,295.9318739981731,296.8435972219743,294.8473776272357,295.81671142578125,17682100,0.0,0.0
2021-10-20 00:00:00-04:00,296.75728265313415,297.22756896603414,293.7821220408967,295.02978515625,16537100,0.0,0.0
2021-10-21 00:00:00-04:00,294.79939513287235,298.49432114907256,294.02198921283684,298.24481201171875,16918100,0.0,0.0
2021-10-22 00:00:00-04:00,297.89937264623074,298.5615868809637,295.40407560259746,296.7093200683594,17449300,0.0,0.0
2021-10-25 00:00:00-04:00,296.90120994069343,296.9396072317386,294.1180067552253,295.72076416015625,17554500,0.0,0.0
2021-10-26 00:00:00-04:00,298.475142899543,299.81875504845516,296.171803603044,297.6209716796875,28107300,0.0,0.0
2021-10-27 00:00:00-04:00,303.2738027325777,312.9670535510442,303.2738027325777,310.1550598144531,52588700,0.0,0.0
2021-10-28 00:00:00-04:00,311.2683538472866,311.78661480927093,308.41796248920383,311.2875671386719,26297900,0.0,0.0
2021-10-29 00:00:00-04:00,311.0764222231841,318.62947157711153,310.8556743947785,318.2647705078125,34766000,0.0,0.0
2021-11-01 00:00:00-04:00,318.01516375454963,318.1399329660543,313.2261348081766,316.1053161621094,27073200,0.0,0.0
2021-11-02 00:00:00-04:00,317.0075509960312,320.02110905104064,316.71003784901507,319.7139892578125,26487100,0.0,0.0
2021-11-03 00:00:00-04:00,320.4529715980219,321.41269899381626,317.3338575616903,320.5489501953125,21500100,0.0,0.0
2021-11-04 00:00:00-04:00,319.48366550974254,322.98666463204586,316.2397822393411,322.89068603515625,23992200,0.0,0.0
2021-11-05 00:00:00-04:00,324.87734491876967,325.14606743028844,320.952063205826,322.5260009765625,22570100,0.0,0.0
2021-11-08 00:00:00-05:00,323.71593957200855,324.0518499151926,320.9711341206324,323.4184265136719,20897000,0.0,0.0
2021-11-09 00:00:00-05:00,323.53360684587807,325.07878279395607,321.0575236753706,322.42034912109375,21307400,0.0,0.0
2021-11-10 00:00:00-05:00,321.0960356460347,321.1536169527602,316.6333086434541,317.47784423828125,25500900,0.0,0.0
2021-11-11 00:00:00-05:00,317.90964316198944,320.328145224204,317.1994543880921,319.0421142578125,16849800,0.0,0.0
2021-11-12 00:00:00-05:00,320.4721079279366,323.6488025020353,320.3473387102782,323.1593322753906,23831000,0.0,0.0
2021-11-15 00:00:00-05:00,323.9463532471072,324.27265700662844,320.57770113283607,322.5355529785156,16723000,0.0,0.0
2021-11-16 00:00:00-05:00,322.161233873272,326.95029273164477,321.9980966435647,325.8370056152344,20886800,0.0,0.0
2021-11-17 00:00:00-05:00,325.8850760747881,329.0098960712893,324.9812796361216,326.0581359863281,19053400,0.62,0.0
2021-11-18 00:00:00-05:00,325.15429587394624,329.2598468353323,324.1351262978114,328.1252746582031,22463500,0.0,0.0
2021-11-19 00:00:00-05:00,329.44260130183307,331.8078416400719,329.01954636756113,329.89447021484375,21963400,0.0,0.0
2021-11-22 00:00:00-05:00,331.3463577773727,336.2018658663324,326.4716305863018,326.7408447265625,31031100,0.0,0.0
2021-11-23 00:00:00-05:00,324.06784497801704,326.3754277340728,320.7122785777508,324.673583984375,30427600,0.0,0.0
2021-11-24 00:00:00-05:00,323.3275227878649,325.13511563845185,321.04881262656716,324.8947448730469,21661300,0.0,0.0
2021-11-26 00:00:00-05:00,321.4718586551738,324.91395501030433,315.4818087833129,316.9817199707031,24217200,0.0,0.0
2021-11-29 00:00:00-05:00,322.0391233399611,325.97158534962614,321.8468150001387,323.6640319824219,28563500,0.0,0.0
2021-11-30 00:00:00-05:00,322.4045150069706,324.7697551795586,316.31831064916247,317.856689453125,42885600,0.0,0.0
2021-12-01 00:00:00-05:00,322.22177836447145,326.2119266473579,316.7028757470775,317.36627197265625,33337600,0.0,0.0
2021-12-02 00:00:00-05:00,317.5779324514192,320.6450666242844,315.17422412422974,316.79913330078125,30766000,0.0,0.0
2021-12-03 00:00:00-05:00,319.20276398285586,319.8854381080619,305.7804681645628,310.56866455078125,41779300,0.0,0.0
2021-12-06 00:00:00-05:00,311.47238640090916,314.8375764343224,306.93418609644965,313.6260986328125,30032600,0.0,0.0
2021-12-07 00:00:00-05:00,318.86626463105284,322.8660084465521,317.38557246325246,322.0199279785156,31021900,0.0,0.0
2021-12-08 00:00:00-05:00,322.39489389495935,322.5775780301863,318.0585957516276,322.0679931640625,24761000,0.0,0.0
2021-12-09 00:00:00-05:00,321.5295600175577,323.5294319116375,319.3277555505204,320.27001953125,22214200,0.0,0.0
2021-12-10 00:00:00-05:00,322.0775359880214,329.7886178898005,321.89485189896294,329.3463439941406,38095700,0.0,0.0
2021-12-13 00:00:00-05:00,327.5580286364802,330.5482560904691,326.01964993405755,326.32733154296875,28899400,0.0,0.0
2021-12-14 00:00:00-05:00,320.3853706539691,321.75068944249216,311.6262451506804,315.6933288574219,44438700,0.0,0.0
2021-12-15 00:00:00-05:00,315.9529188096588,322.2794934666321,312.00123771055326,321.7602844238281,35381100,0.0,0.0
2021-12-16 00:00:00-05:00,322.7794315194058,323.7890062177765,310.57821058980744,312.38580322265625,35034800,0.0,0.0
2021-12-17 00:00:00-05:00,308.5206418429851,312.40504102761383,305.03045417377376,311.3281555175781,47750300,0.0,0.0
2021-12-20 00:00:00-05:00,307.7225439879455,310.3666215640842,305.33808553460597,307.58795166015625,28326500,0.0,0.0
2021-12-21 00:00:00-05:00,310.8378750297764,315.10686227817746,307.48227910762097,314.6838073730469,24740600,0.0,0.0
2021-12-22 00:00:00-05:00,315.6549198284857,320.7603932246783,313.2031494286014,320.3662109375,24831500,0.0,0.0
2021-12-23 00:00:00-05:00,319.93351795028815,323.43333069819255,319.91429885047023,321.7987976074219,19617800,0.0,0.0
2021-12-27 00:00:00-05:00,322.5391310058425,329.2887615338592,322.5102876848739,329.2599182128906,19947000,0.0,0.0
2021-12-28 00:00:00-05:00,329.93295233791673,330.5675347673697,327.21196780790996,328.10614013671875,15661500,0.0,0.0
2021-12-29 00:00:00-05:00,328.15415682405353,331.0386060056612,326.59655896072684,328.7791442871094,15042000,0.0,0.0
2021-12-30 00:00:00-05:00,328.7406647610165,329.91367522578065,325.76968573335654,326.25042724609375,15994500,0.0,0.0
2021-12-31 00:00:00-05:00,325.4715861796805,326.28882317175834,322.9140381421796,323.3659362792969,18000800,0.0,0.0
2022-01-03 00:00:00-05:00,322.433341000755,324.98126516990294,317.0778734645708,321.8564453125,28865100,0.0,0.0
2022-01-04 00:00:00-05:00,321.9333330536582,322.28910640339575,313.5588245196175,316.3375244140625,32674300,0.0,0.0
2022-01-05 00:00:00-05:00,313.308871857317,313.5108044365724,303.8094433864934,304.19403076171875,40054300,0.0,0.0
2022-01-06 00:00:00-05:00,301.0885118492282,306.424762165142,299.4924459318391,301.7904052734375,39646100,0.0,0.0
2022-01-07 00:00:00-05:00,302.0499324142328,304.3094237353557,298.14631308588326,301.9441833496094,32720000,0.0,0.0
2022-01-10 00:00:00-05:00,297.56939515988586,302.597962334878,292.95428801782003,302.165283203125,44289500,0.0,0.0
2022-01-11 00:00:00-05:00,301.30964330202585,304.41521560321814,297.95407595164454,302.8480224609375,29386800,0.0,0.0
2022-01-12 00:00:00-05:00,307.3572996957186,310.95323691547827,304.8670327735876,306.0111999511719,34372200,0.0,0.0
2022-01-13 00:00:00-05:00,308.1264486110597,308.52066014986855,292.2908229193429,293.05999755859375,45366000,0.0,0.0
2022-01-14 00:00:00-05:00,292.5312389014695,298.8481900342401,292.05049734205875,298.2520751953125,39846400,0.0,0.0
2022-01-18 00:00:00-05:00,292.3581778205605,297.8674572905509,290.1179057310112,290.99285888671875,42333200,0.0,0.0
2022-01-19 00:00:00-05:00,294.49264788128625,301.8191439350218,291.04092729643247,291.6466369628906,45933900,0.0,0.0
2022-01-20 00:00:00-05:00,297.1656180407453,299.64623177263644,289.54106334856164,289.98333740234375,35380700,0.0,0.0
2022-01-21 00:00:00-05:00,291.03128783502143,292.39657724568343,284.2239718518976,284.6278076171875,57984400,0.0,0.0
2022-01-24 00:00:00-05:00,280.94540441346044,285.666261131879,265.4174271692936,284.95477294921875,85731500,0.0,0.0
2022-01-25 00:00:00-05:00,280.29165067466727,283.6279994900083,274.1862541125029,277.37835693359375,72848600,0.0,0.0
2022-01-26 00:00:00-05:00,296.1272067657119,296.6175725961171,281.74342604783857,285.28167724609375,90428900,0.0,0.0
2022-01-27 00:00:00-05:00,291.0024659264915,295.46373205879246,286.4546404978711,288.29107666015625,53481300,0.0,0.0
2022-01-28 00:00:00-05:00,288.66613137183003,296.5983683124137,283.10875927077944,296.3868408203125,49743700,0.0,0.0
2022-01-31 00:00:00-05:00,297.05017439324195,300.3480539279597,294.56953190677376,299.0019836425781,46444500,0.0,0.0
2022-02-01 00:00:00-05:00,298.45396439636784,298.6654918462446,293.37733494145994,296.8675231933594,40950400,0.0,0.0
2022-02-02 00:00:00-05:00,297.70403751014493,302.98257070424955,296.9829251353378,301.3865051269531,36636000,0.0,0.0
2022-02-03 00:00:00-05:00,297.5694324128608,299.2424331685659,288.4064984985747,289.6468200683594,43730000,0.0,0.0
2022-02-04 00:00:00-05:00,288.6467895203125,296.9059245774293,288.4160430007419,294.1560974121094,35096500,0.0,0.0
2022-02-07 00:00:00-05:00,294.37728012769503,295.9829403994106,288.3487625883948,289.35833740234375,28533300,0.0,0.0
2022-02-08 00:00:00-05:00,289.64680820459523,293.79079836630905,288.3968918064597,292.8293151855469,32421200,0.0,0.0
2022-02-09 00:00:00-05:00,297.9348214827328,299.91547470681274,295.55036170966486,299.22320556640625,31284700,0.0,0.0
2022-02-10 00:00:00-05:00,292.3293112144285,297.21363213902004,289.1179613871902,290.7332458496094,45386200,0.0,0.0
2022-02-11 00:00:00-05:00,291.51213934526896,292.5697768991017,282.8876325187875,283.6760559082031,39175600,0.0,0.0
2022-02-14 00:00:00-05:00,282.45487744042305,285.3297318388345,280.128104788829,283.63751220703125,36359500,0.0,0.0
2022-02-15 00:00:00-05:00,288.45451559979455,289.21406602076195,285.5796615630517,288.89678955078125,27058300,0.0,0.0
2022-02-16 00:00:00-05:00,287.47084335612135,289.8795209046397,282.95216192287677,288.5595703125,29982100,0.62,0.0
2022-02-17 00:00:00-05:00,285.5342722610437,285.9582018841707,279.4066103677046,280.1099548339844,32461600,0.0,0.0
2022-02-18 00:00:00-05:00,282.3451677958216,283.1255769619088,275.8513825955601,277.4122009277344,34264000,0.0,0.0
2022-02-22 00:00:00-05:00,274.5892573925205,280.89036647915503,274.10752185323537,277.20989990234375,41736100,0.0,0.0
2022-02-23 00:00:00-05:00,279.58010909240227,281.04460436118626,269.8683308283759,270.0321044921875,37811200,0.0,0.0
2022-02-24 00:00:00-05:00,262.55554816759064,284.3781651371424,261.6016916782459,283.8289794921875,56989700,0.0,0.0
2022-02-25 00:00:00-05:00,284.3588691791243,286.75790276376836,280.9963351099328,286.4495849609375,32546700,0.0,0.0
2022-02-28 00:00:00-05:00,283.5591579767434,288.2127395416602,282.29701327303695,287.8755187988281,34627500,0.0,0.0
2022-03-01 00:00:00-05:00,285.5728272162815,289.0124260885947,281.4780750548052,284.1758117675781,31217800,0.0,0.0
2022-03-02 00:00:00-05:00,284.5707837842269,290.4576069527269,282.9714477799345,289.224365234375,31873000,0.0,0.0
2022-03-03 00:00:00-05:00,291.8259017976971,292.0571255527965,283.30878771585014,285.1105041503906,27314500,0.0,0.0
2022-03-04 00:00:00-05:00,283.5400209331803,284.8599721137397,276.68010892137534,279.2718200683594,32356500,0.0,0.0
2022-03-07 00:00:00-05:00,277.99029686784587,279.10792679805024,268.35558650691434,268.7217102050781,43157200,0.0,0.0
2022-03-08 00:00:00-05:00,267.6522801991081,273.58726615536074,260.1372168079997,265.7735290527344,48159500,0.0,0.0
2022-03-09 00:00:00-05:00,273.0862341495731,279.02121928908525,270.5233976527745,277.9613952636719,35204500,0.0,0.0
2022-03-10 00:00:00-05:00,272.6815567548242,276.1307994626257,270.3306851201847,275.1576843261719,30628000,0.0,0.0
2022-03-11 00:00:00-05:00,277.44118984064033,278.9345880109205,269.2227807529442,269.83941650390625,27209300,0.0,0.0
2022-03-14 00:00:00-04:00,270.0994808190958,274.97464216380376,265.7446020938021,266.3419494628906,30660700,0.0,0.0
2022-03-15 00:00:00-04:00,270.1091737905865,277.3063052834026,268.54835505285934,276.6607666015625,34245100,0.0,0.0
2022-03-16 00:00:00-04:00,278.54916547604324,283.80973979385806,272.8550761301039,283.6363220214844,37826300,0.0,0.0
2022-03-17 00:00:00-04:00,282.5764817272433,284.81171260660994,278.7996616158856,284.43597412109375,30816600,0.0,0.0
2022-03-18 00:00:00-04:00,284.5805258339528,290.0048741986634,282.0369767782839,289.4556884765625,43390600,0.0,0.0
2022-03-21 00:00:00-04:00,287.9718985278678,289.17623743354596,284.12762874703543,288.2320251464844,28351200,0.0,0.0
2022-03-22 00:00:00-04:00,288.8486670583763,293.85872928601555,287.85629285362114,292.95306396484375,27599700,0.0,0.0
2022-03-23 00:00:00-04:00,289.53277788187336,292.15342106739143,286.8446846467914,288.5500183105469,25715400,0.0,0.0
2022-03-24 00:00:00-04:00,288.2127385462436,293.08789961459325,287.42268524354915,292.9915466308594,24484500,0.0,0.0
2022-03-25 00:00:00-04:00,294.0803119983577,294.3404386258809,288.35729097039587,292.5869140625,22566500,0.0,0.0
2022-03-28 00:00:00-04:00,293.2131286444829,299.44678744893827,293.2131286444829,299.3504638671875,29578200,0.0,0.0
2022-03-29 00:00:00-04:00,302.4432514351578,304.2834849768808,297.7607660592807,303.8884582519531,30393400,0.0,0.0
2022-03-30 00:00:00-04:00,302.2987264531988,304.40873068688376,300.1983369373926,302.3950500488281,28163600,0.0,0.0
2022-03-31 00:00:00-04:00,302.4335907750661,303.6283150055242,296.643149106342,297.04779052734375,33422100,0.0,0.0
2022-04-01 00:00:00-04:00,298.06902682456194,298.8012742137478,294.37894572954843,298.1172180175781,27110500,0.0,0.0
2022-04-04 00:00:00-04:00,298.7628242488305,303.5994397899151,298.3967004352338,303.4645690917969,24289600,0.0,0.0
2022-04-05 00:00:00-04:00,301.8266373690895,303.36819729800135,298.550840896908,299.5239562988281,23156700,0.0,0.0
2022-04-06 00:00:00-04:00,294.041722765152,295.7856029580551,285.8714779355689,288.5595703125,40110400,0.0,0.0
2022-04-07 00:00:00-04:00,285.8233566950077,292.5580106672026,285.5246829888432,290.3612976074219,31411200,0.0,0.0
2022-04-08 00:00:00-04:00,289.46531686660774,290.1204702874654,285.4572727698381,286.1220703125,24361900,0.0,0.0
2022-04-11 00:00:00-04:00,281.13127920546333,281.9213032700954,274.58930130303617,274.8398132324219,34569300,0.0,0.0
2022-04-12 00:00:00-04:00,278.6743681898196,280.11957482236716,270.24399616662504,271.75665283203125,30966700,0.0,0.0
2022-04-13 00:00:00-04:00,272.4022274692682,278.0385105603026,271.02444128433206,277.11358642578125,21907200,0.0,0.0
2022-04-14 00:00:00-04:00,277.5663736108414,277.7783384197441,269.11674301597424,269.60809326171875,28221600,0.0,0.0
2022-04-18 00:00:00-04:00,268.7216532225995,272.1419629143318,268.17246779180863,270.2728271484375,20778000,0.0,0.0
2022-04-19 00:00:00-04:00,269.1745633932946,275.7165404624221,268.2399952405621,274.8782958984375,22297700,0.0,0.0
2022-04-20 00:00:00-04:00,278.8286503569545,279.11770945293387,274.9458613304507,275.8996887207031,22906700,0.0,0.0
2022-04-21 00:00:00-04:00,278.03846671115735,282.5860513093376,269.82970383090816,270.55230712890625,29454600,0.0,0.0
2022-04-22 00:00:00-04:00,271.39056854763874,272.8550636325426,263.393769113378,264.02001953125,29405800,0.0,0.0
2022-04-25 00:00:00-04:00,263.3070829372568,270.84140624661075,260.8791164146194,270.4656677246094,35678900,0.0,0.0
2022-04-26 00:00:00-04:00,267.3633137874921,268.19188507903243,260.137278279722,260.3492431640625,46518400,0.0,0.0
2022-04-27 00:00:00-04:00,271.7951847238902,280.3411680957989,268.96257753012264,272.874267578125,63477700,0.0,0.0
2022-04-28 00:00:00-04:00,274.7723263295594,280.3508322510041,271.17856852888485,279.0501403808594,33646600,0.0,0.0
2022-04-29 00:00:00-04:00,278.0673355494749,279.2909624684129,266.3997165093704,267.3824462890625,37073900,0.0,0.0
2022-05-02 00:00:00-04:00,267.56556930704056,274.5314764230111,266.1300066784379,274.0786437988281,35151100,0.0,0.0
2022-05-03 00:00:00-04:00,273.5872988286567,273.7511018849256,269.9164755719785,271.4869384765625,25978600,0.0,0.0
2022-05-04 00:00:00-04:00,272.26732383050563,280.25450833918546,266.62139669213593,279.38739013671875,33599300,0.0,0.0
2022-05-05 00:00:00-04:00,275.1095502622621,275.8899595127689,264.3186620189304,267.2187194824219,43260400,0.0,0.0
2022-05-06 00:00:00-04:00,264.77155329439324,269.049368342921,261.3608565604997,264.6944885253906,37780300,0.0,0.0
2022-05-09 00:00:00-04:00,260.19500872248045,262.4109805408289,253.70122277240785,254.91517639160156,47726000,0.0,0.0
2022-05-10 00:00:00-04:00,261.765522095456,263.7502706382624,255.38734673917406,259.655517578125,39336400,0.0,0.0
2022-05-11 00:00:00-04:00,255.97503719293763,261.4475468907718,249.82808585226212,251.0324249267578,48975900,0.0,0.0
2022-05-12 00:00:00-04:00,248.27691919370875,250.38692367206517,240.88709615996444,246.02239990234375,51033800,0.0,0.0
2022-05-13 00:00:00-04:00,247.94929795851922,253.4314509690828,246.02235572360212,251.58157348632812,34925100,0.0,0.0
2022-05-16 00:00:00-04:00,250.46393914300643,256.10989508341936,246.43663699814542,251.94769287109375,32550900,0.0,0.0
2022-05-17 00:00:00-04:00,256.3893090476885,258.5282163055622,252.87264501904795,257.0733947753906,28828800,0.0,0.0
2022-05-18 00:00:00-04:00,253.98310507106706,254.56254010236933,244.10384241044304,245.36892700195312,31356000,0.62,0.0
2022-05-19 00:00:00-04:00,245.19513530198202,248.83590123848234,243.2444007946085,244.46119689941406,32692300,0.0,0.0
2022-05-20 00:00:00-04:00,248.420587153045,249.67603468949343,237.99087400334946,243.9010467529297,39199300,0.0,0.0
2022-05-23 00:00:00-04:00,246.7305445650261,252.5344867374103,244.74115917492952,251.713623046875,33175400,0.0,0.0
2022-05-24 00:00:00-04:00,249.04828011075938,252.37031292551026,244.80877669553468,250.7189483642578,29043900,0.0,0.0
2022-05-25 00:00:00-04:00,249.2897536459207,255.50893286369595,248.31437179357388,253.51956176757812,28547900,0.0,0.0
2022-05-26 00:00:00-04:00,253.27814016507855,257.95219866287647,252.4669428526963,256.78369140625,25002100,0.0,0.0
2022-05-27 00:00:00-04:00,259.27522501006564,263.96858669067194,258.38675406725025,263.87200927734375,26910800,0.0,0.0
2022-05-31 00:00:00-04:00,263.1864174502178,265.34961052088613,259.70983610714705,262.5490417480469,37827700,0.0,0.0
2022-06-01 00:00:00-04:00,265.7648261496329,268.16944748829445,260.78173234380733,263.08013916015625,25292200,0.0,0.0
2022-06-02 00:00:00-04:00,255.38343546239255,265.2337143251771,252.63114082746247,265.1661071777344,44008200,0.0,0.0
2022-06-03 00:00:00-04:00,261.04251687853196,264.0748772583433,259.20766358686035,260.762451171875,28059000,0.0,0.0
2022-06-06 00:00:00-04:00,262.73246453455715,264.7797759619563,258.0584066884809,259.53594970703125,22400300,0.0,0.0
2022-06-07 00:00:00-04:00,257.49833236224606,263.76581500022235,256.82231988834405,263.15740966796875,22860700,0.0,0.0
2022-06-08 00:00:00-04:00,262.3944559964506,263.64023679590827,260.36644828068603,261.1390380859375,17372300,0.0,0.0
2022-06-09 00:00:00-04:00,258.5992099165968,263.36017868447857,255.5572129915601,255.71173095703125,26439700,0.0,0.0
2022-06-10 00:00:00-04:00,251.64605970485297,251.64605970485297,243.87206395245485,244.31629943847656,31422800,0.0,0.0
2022-06-13 00:00:00-04:00,236.70647229198008,240.48242256411086,233.24920982974828,233.9541778564453,46135800,0.0,0.0
2022-06-14 00:00:00-04:00,235.49930650770008,237.3148557778769,233.2298699199791,236.1077117919922,28651500,0.0,0.0
2022-06-15 00:00:00-04:00,239.79673406143797,246.54708847653447,237.97153296010552,243.12844848632812,33111700,0.0,0.0
2022-06-16 00:00:00-04:00,237.5466256119709,238.9372578860195,234.6881168136664,236.57125854492188,33169200,0.0,0.0
2022-06-17 00:00:00-04:00,236.31050590715876,241.91165700040483,235.6634784930398,239.15936279296875,43084800,0.0,0.0
2022-06-21 00:00:00-04:00,241.67984361187237,246.0159095002407,240.95555732286283,245.04054260253906,29928300,0.0,0.0
2022-06-22 00:00:00-04:00,243.25401534558895,248.3530054561835,241.78612402987773,244.45150756835938,25939900,0.0,0.0
2022-06-23 00:00:00-04:00,246.80778897049828,250.47749417228164,244.9342995177495,249.98497009277344,25861400,0.0,0.0
2022-06-24 00:00:00-04:00,252.83392578793828,258.7924022848079,252.747014945619,258.5220031738281,33923200,0.0,0.0
2022-06-27 00:00:00-04:00,259.01451757812606,259.1014284270325,254.25354775871855,255.80836486816406,24615100,0.0,0.0
2022-06-28 00:00:00-04:00,254.92950951957212,257.7590479870569,247.53212753900692,247.6866455078125,27295500,0.0,0.0
2022-06-29 00:00:00-04:00,248.75856369685934,252.9884007989355,246.99130319168566,251.3370361328125,20069800,0.0,0.0
2022-06-30 00:00:00-04:00,248.23710148525814,250.6320859946273,244.2293889586405,248.02464294433594,31730900,0.0,0.0
2022-07-01 00:00:00-04:00,247.599724121051,250.86381660731956,245.88073757874744,250.68032836914062,22837700,0.0,0.0
2022-07-05 00:00:00-04:00,247.3775600381912,253.96374346725312,246.00624649481796,253.83819580078125,22941000,0.0,0.0
2022-07-06 00:00:00-04:00,254.70744763170356,258.8020716718211,253.40372589174646,257.0830993652344,23824400,0.0,0.0
2022-07-07 00:00:00-04:00,256.030332250286,259.8352513537821,255.93375486501992,259.1978759765625,20859900,0.0,0.0
2022-07-08 00:00:00-04:00,255.71173945693104,258.9082544536916,254.26316663768768,258.48333740234375,19658800,0.0,0.0
2022-07-11 00:00:00-04:00,256.5422452532518,257.3920793720454,253.1912122224075,255.44134521484375,19455200,0.0,0.0
2022-07-12 00:00:00-04:00,256.764381930095,256.8223224888686,243.39887133033,244.97299194335938,35868500,0.0,0.0
2022-07-13 00:00:00-04:00,241.61228376039588,244.8570873615849,239.603594413408,244.0555419921875,29497400,0.0,0.0
2022-07-14 00:00:00-04:00,241.9792718550764,246.39258278636146,237.50800563214514,245.36892700195312,25102800,0.0,0.0
2022-07-15 00:00:00-04:00,246.952711238918,251.44328137226535,246.0352846750309,247.91842651367188,29774100,0.0,0.0
2022-07-18 00:00:00-04:00,250.8444988809621,251.89712481035676,244.6156393919706,245.53306579589844,20975000,0.0,0.0
2022-07-19 00:00:00-04:00,248.748908389752,250.81555306514318,244.98262500187312,250.63206481933594,25012600,0.0,0.0
2022-07-20 00:00:00-04:00,250.98936645500257,255.78897202237206,250.03331786878604,253.27810668945312,22788300,0.0,0.0
2022-07-21 00:00:00-04:00,250.8831747670427,255.80832847001912,248.21779122798213,255.76002502441406,22404700,0.0,0.0
2022-07-22 00:00:00-04:00,256.14627306708184,256.23318389270804,250.18782718594753,251.43357849121094,21881300,0.0,0.0
2022-07-25 00:00:00-04:00,252.05165427259675,252.5345118478316,248.00530543442562,249.95603942871094,21056000,0.0,0.0
2022-07-26 00:00:00-04:00,250.95075721193598,250.97009037906219,241.01356825164817,243.263671875,39348000,0.0,0.0
2022-07-27 00:00:00-04:00,252.2061678876976,260.79136010238045,249.97536828625238,259.5262756347656,45994000,0.0,0.0
2022-07-28 00:00:00-04:00,260.50171243898495,268.3143459872542,258.68616288804407,266.9333801269531,33459300,0.0,0.0
2022-07-29 00:00:00-04:00,268.1791152582621,272.33167871252647,267.1457929503217,271.1148681640625,32152800,0.0,0.0
2022-08-01 00:00:00-04:00,268.29496636983305,271.6363322420064,266.38283993190936,268.47845458984375,21539600,0.0,0.0
2022-08-02 00:00:00-04:00,266.5373945260248,268.3626103956282,263.0415102262708,265.3978576660156,22754200,0.0,0.0
2022-08-03 00:00:00-04:00,267.27132785781305,273.7802383800219,267.1264470117995,272.7855529785156,23518900,0.0,0.0
2022-08-04 00:00:00-04:00,272.13853085373546,274.0699612486414,270.56443983776984,273.92510986328125,18098700,0.0,0.0
2022-08-05 00:00:00-04:00,269.57935118815436,273.9250689272582,269.1254639343299,273.21044921875,16774600,0.0,0.0
2022-08-08 00:00:00-04:00,274.31132650610414,276.1172382628998,269.7435135418717,270.709228515625,18739200,0.0,0.0
2022-08-09 00:00:00-04:00,270.05262233660574,273.3746556298809,268.09219211802474,272.62139892578125,23405200,0.0,0.0
2022-08-10 00:00:00-04:00,278.2901367727336,279.8738942312327,277.10229657539446,279.2461853027344,24687800,0.0,0.0
2022-08-11 00:00:00-04:00,280.87827114074025,281.2259144656879,276.687070719345,277.1795654296875,20065900,0.0,0.0
2022-08-12 00:00:00-04:00,278.58955073001846,281.9019470214844,277.10234096743113,281.9019470214844,22619700,0.0,0.0
2022-08-15 00:00:00-04:00,281.02315975011504,284.09412741241835,280.1636589641089,283.4084777832031,18085700,0.0,0.0
2022-08-16 00:00:00-04:00,281.97918336040345,283.9589172842201,280.46303283251734,282.67449951171875,18102900,0.0,0.0
2022-08-17 00:00:00-04:00,280.4002056199427,283.8938524278254,280.1389197170631,281.9292907714844,18253400,0.62,0.0
2022-08-18 00:00:00-04:00,280.8357509194147,282.5003080383182,279.76151632304703,280.81640625,17186200,0.0,0.0
2022-08-19 00:00:00-04:00,279.5873182545467,279.9260419302894,276.35498651754625,276.92596435546875,20570000,0.0,0.0
2022-08-22 00:00:00-04:00,272.98719375507784,273.3549492553272,268.2838690742468,268.7967834472656,25061100,0.0,0.0
2022-08-23 00:00:00-04:00,267.52899169921875,269.8709667468448,266.5225077065828,267.52899169921875,17527400,0.0,0.0
2022-08-24 00:00:00-04:00,266.53214693938304,268.29348622669727,266.24179973569437,266.89990234375,18137000,0.0,0.0
2022-08-25 00:00:00-04:00,268.3902454376077,270.02577059536407,265.67082824168347,269.86126708984375,16583400,0.0,0.0
2022-08-26 00:00:00-04:00,270.08391175079885,271.3033054111038,259.34174115157504,259.44818115234375,27549300,0.0,0.0
2022-08-29 00:00:00-04:00,257.2803379595906,258.7803619357156,255.34480790841272,256.6803283691406,20338500,0.0,0.0
2022-08-30 00:00:00-04:00,258.0739528081768,258.44167876709264,252.25767464216207,254.4932098388672,22767100,0.0,0.0
2022-08-31 00:00:00-04:00,256.8351555238569,258.4996828935802,252.9060026363371,253.04150390625,24791800,0.0,0.0
2022-09-01 00:00:00-04:00,250.5253174553684,252.4802216307378,247.1768588698768,252.00599670410156,23263400,0.0,0.0
2022-09-02 00:00:00-04:00,253.2641326770218,256.20611724920184,246.26718053225406,247.80592346191406,22855400,0.0,0.0
2022-09-06 00:00:00-04:00,247.9414053865417,249.51883753175827,243.8187170261839,245.08648681640625,21328200,0.0,0.0
2022-09-07 00:00:00-04:00,246.48975437812405,250.48661397846638,245.0574662441124,249.77047729492188,24126700,0.0,0.0
2022-09-08 00:00:00-04:00,249.20919235362013,252.0350498159717,246.57685541782593,250.18661499023438,20319900,0.0,0.0
2022-09-09 00:00:00-04:00,252.10274849769064,256.68028696247984,251.89952614457653,255.93508911132812,22084700,0.0,0.0
2022-09-12 00:00:00-04:00,257.21261449388913,258.828795252262,256.61260484004885,258.0545654296875,18747700,0.0,0.0
2022-09-13 00:00:00-04:00,250.49630836570796,252.0060195193781,243.4800115748494,243.86712646484375,33353300,0.0,0.0
2022-09-14 00:00:00-04:00,245.35743028204908,246.0348627486326,241.80573492367802,244.08966064453125,23913000,0.0,0.0
2022-09-15 00:00:00-04:00,241.71865662350373,243.29610345654862,236.15400813965698,237.4701690673828,31530900,0.0,0.0
2022-09-16 00:00:00-04:00,236.38627698047728,237.3927608644155,234.25719690326952,236.85081481933594,39791800,0.0,0.0
2022-09-19 00:00:00-04:00,234.65400280433187,237.23793382536144,233.0862280822725,236.63792419433594,26826900,0.0,0.0
2022-09-20 00:00:00-04:00,234.26688762643548,235.66045686379198,231.91521092748422,234.63462829589844,26660300,0.0,0.0
2022-09-21 00:00:00-04:00,236.3959844466539,239.67670753574686,231.19907583276708,231.24746704101562,28625600,0.0,0.0
2022-09-22 00:00:00-04:00,230.20225587391255,235.99917354124665,229.91193818738796,233.21200561523438,31061200,0.0,0.0
2022-09-23 00:00:00-04:00,231.8184307644762,233.35718839815166,227.61833404254136,230.2506561279297,34176000,0.0,0.0
2022-09-26 00:00:00-04:00,229.40867630752822,233.6668360314633,229.26350270996545,229.7957763671875,27694200,0.0,0.0
2022-09-27 00:00:00-04:00,232.24423519066093,234.00557453802256,226.9408872481293,228.78932189941406,27018700,0.0,0.0
2022-09-28 00:00:00-04:00,229.1764596269769,234.51852731554808,227.16350637089323,233.2991485595703,29029700,0.0,0.0
2022-09-29 00:00:00-04:00,231.18940064159077,232.215229269323,226.85381719409244,229.84420776367188,27484200,0.0,0.0
2022-09-30 00:00:00-04:00,230.60869305076636,232.7861640901867,225.22792253383935,225.39244079589844,35694800,0.0,0.0
2022-10-03 00:00:00-04:00,227.82157728205974,233.82171772604818,227.09575348399042,232.97976684570312,28880400,0.0,0.0
2022-10-04 00:00:00-04:00,237.18950814956145,242.28963357290925,237.08305341434055,240.8573455810547,34888400,0.0,0.0
2022-10-05 00:00:00-04:00,238.06052054576585,242.5025584054372,236.23144526431753,241.1670379638672,20347100,0.0,0.0
2022-10-06 00:00:00-04:00,239.93793764277336,242.27025452850907,238.14758148960647,238.83468627929688,20239900,0.0,0.0
2022-10-07 00:00:00-04:00,233.1346048289845,233.5410791626443,225.65378480022213,226.68930053710938,37769600,0.0,0.0
2022-10-10 00:00:00-04:00,225.53766359831536,226.99898360972267,219.4213809672786,221.8601531982422,29743600,0.0,0.0
2022-10-11 00:00:00-04:00,220.28267336430167,221.67625738261597,216.8858233948525,218.1439208984375,30474000,0.0,0.0
2022-10-12 00:00:00-04:00,218.13423774935973,220.5149462849339,216.74066847271945,218.47296142578125,21903900,0.0,0.0
2022-10-13 00:00:00-04:00,212.76316144954848,228.4893441994696,212.06636940173655,226.68930053710938,42551800,0.0,0.0
2022-10-14 00:00:00-04:00,227.94737889006004,229.5925913283704,220.9794733149992,221.1923828125,30198600,0.0,0.0
2022-10-17 00:00:00-04:00,228.21836002283007,231.25714167375685,227.5602721133645,229.87322998046875,28142300,0.0,0.0
2022-10-18 00:00:00-04:00,235.39914650154014,236.06689189792664,227.78282647347956,230.8119354248047,26329600,0.0,0.0
2022-10-19 00:00:00-04:00,229.39901697875123,231.88618020226818,226.7376631373762,228.85707092285156,19985700,0.0,0.0
2022-10-20 00:00:00-04:00,228.16994856599382,233.5313599425322,227.29895124255845,228.53768920898438,21811000,0.0,0.0
2022-10-21 00:00:00-04:00,227.17316603704901,235.16689978355862,226.9408971162325,234.3152618408203,26299700,0.0,0.0
2022-10-24 00:00:00-04:00,235.90240190553322,239.85088505869388,233.52170816579923,239.2799072265625,24911200,0.0,0.0
2022-10-25 00:00:00-04:00,239.28957660185964,242.9477272430807,237.90567969361152,242.57998657226562,34775500,0.0,0.0
2022-10-26 00:00:00-04:00,223.71826021026072,230.61843021635175,222.64404034026404,223.86343383789062,82543200,0.0,0.0
2022-10-27 00:00:00-04:00,223.592409520333,226.15699552057893,218.50197115457948,219.44070434570312,40424600,0.0,0.0
2022-10-28 00:00:00-04:00,218.94715681380413,228.97320270821285,218.76327910286216,228.2667236328125,40647700,0.0,0.0
2022-10-31 00:00:00-04:00,226.22478608950092,227.3473972568966,223.69891834632307,224.6473388671875,28357300,0.0,0.0
2022-11-01 00:00:00-04:00,227.03766243441322,228.14091388312903,220.00200713618008,220.81492614746094,30592300,0.0,0.0
2022-11-02 00:00:00-04:00,222.06337802281334,223.8440621960301,212.94701812750728,213.00509643554688,38407000,0.0,0.0
2022-11-03 00:00:00-04:00,212.9954183740974,213.3051102957607,207.08237299301675,207.3436737060547,36633900,0.0,0.0
2022-11-04 00:00:00-04:00,210.5372801806807,214.447044310669,206.5500783111964,214.2534942626953,36789100,0.0,0.0
2022-11-07 00:00:00-05:00,214.83414923285227,221.04719851693054,214.14702961237924,220.52459716796875,33498000,0.0,0.0
2022-11-08 00:00:00-05:00,221.3279133174832,224.18281789798107,218.56010406683816,221.492431640625,28192500,0.0,0.0
2022-11-09 00:00:00-05:00,220.04071178794467,221.2601050748425,217.0987128396381,217.2729034423828,27852900,0.0,0.0
2022-11-10 00:00:00-05:00,227.84092326094827,235.48627617138314,227.42479136911933,235.14755249023438,46268000,0.0,0.0
2022-11-11 00:00:00-05:00,235.15723711883936,239.99606241623323,234.1313937515766,239.14442443847656,34620200,0.0,0.0
2022-11-14 00:00:00-05:00,234.18944503837977,236.0475519661583,231.49905966480162,233.7636260986328,31123300,0.0,0.0
2022-11-15 00:00:00-05:00,237.74119127906528,239.03799304138178,232.2926687365524,234.17013549804688,31390100,0.0,0.0
2022-11-16 00:00:00-05:00,235.6258724117802,236.60607933443262,233.32580987814504,234.59715270996094,24093300,0.68,0.0
2022-11-17 00:00:00-05:00,230.76365473112853,236.07224872369898,230.61808681154827,234.54856872558594,23123500,0.0,0.0
2022-11-18 00:00:00-05:00,236.32456307646515,236.5477869566877,231.97676193163215,234.10214233398438,27613500,0.0,0.0
2022-11-21 00:00:00-05:00,234.30595375905,237.45035420758848,234.0730450796648,234.9076690673828,26394700,0.0,0.0
2022-11-22 00:00:00-05:00,236.40221710449453,238.0714650543678,233.6072093349116,237.7997283935547,19665700,0.0,0.0
2022-11-23 00:00:00-05:00,237.8773882479825,240.95384732065142,237.06217820148206,240.27450561523438,19508500,0.0,0.0
2022-11-25 00:00:00-05:00,240.0124222348377,241.3614057927524,239.44953498504466,240.18711853027344,9200800,0.0,0.0
2022-11-28 00:00:00-05:00,238.8187857456771,239.3719587460741,233.69458675417982,234.62625122070312,24778200,0.0,0.0
2022-11-29 00:00:00-05:00,234.27683765009397,235.62582136830417,231.1809796211648,233.23841857910156,17956300,0.0,0.0
2022-11-30 00:00:00-05:00,233.47135371926146,247.7958155951577,232.78229762918565,247.61141967773438,47594200,0.0,0.0
2022-12-01 00:00:00-05:00,246.37888704446783,248.5624948221186,243.51593758658888,247.17469787597656,26041500,0.0,0.0
2022-12-02 00:00:00-05:00,242.44839236600893,248.50425481236772,242.32222362886404,247.4949493408203,21528500,0.0,0.0
2022-12-05 00:00:00-05:00,244.57378861196725,246.3303923254423,240.74034652754588,242.81719970703125,23435300,0.0,0.0
2022-12-06 00:00:00-05:00,243.41887208872768,244.4281775081437,236.58659838862874,237.88705444335938,22463700,0.0,0.0
2022-12-07 00:00:00-05:00,237.60561262563206,238.8963690586571,235.06292774126453,237.1591796875,20481500,0.0,0.0
2022-12-08 00:00:00-05:00,237.61533452681962,241.4002634352855,235.88785939315616,240.09979248046875,22611800,0.0,0.0
2022-12-09 00:00:00-05:00,237.4794517893177,240.98292942150877,236.95539248747858,238.17820739746094,20609700,0.0,0.0
2022-12-12 00:00:00-05:00,240.14831706074776,245.08811932166867,239.8765804009923,245.0590057373047,30665100,0.0,0.0
2022-12-13 00:00:00-05:00,253.96813536884156,256.13234388565945,245.6024963823434,249.33889770507812,42196900,0.0,0.0
2022-12-14 00:00:00-05:00,249.54272515265737,254.84160556776638,246.8059293712521,249.63006591796875,35410900,0.0,0.0
2022-12-15 00:00:00-05:00,246.23334901675673,246.69918125283206,240.0416023610737,241.66232299804688,35560400,0.0,0.0
2022-12-16 00:00:00-05:00,241.21585785298825,242.46778637167077,236.32456849542362,237.46975708007812,86102000,0.0,0.0
2022-12-19 00:00:00-05:00,237.6347483108368,237.9744265437408,231.6662265103739,233.35487365722656,29696400,0.0,0.0
2022-12-20 00:00:00-05:00,232.33584867761797,235.74228609848038,231.38477037827317,234.6650390625,25150800,0.0,0.0
2022-12-21 00:00:00-05:00,234.5582680100152,238.37229534259706,233.02488851892647,237.2174072265625,23690600,0.0,0.0
2022-12-22 00:00:00-05:00,234.14096367729437,234.84943370848737,226.9690262734001,231.16156005859375,28651700,0.0,0.0
2022-12-23 00:00:00-05:00,229.14296825844733,231.821522034393,227.03700146219919,231.68565368652344,21207000,0.0,0.0
2022-12-27 00:00:00-05:00,231.65652750812146,231.8797366085177,228.87121912390276,229.96788024902344,16688600,0.0,0.0
2022-12-28 00:00:00-05:00,229.8999051151991,232.64639991916565,227.26016504949752,227.6095428466797,17457100,0.0,0.0
2022-12-29 00:00:00-05:00,228.69647674233894,234.78146686926897,228.69647674233894,233.8983154296875,19770700,0.0,0.0
2022-12-30 00:00:00-05:00,231.18097605137052,232.87933756720665,229.67671003277965,232.74346923828125,21938500,0.0,0.0
2023-01-03 00:00:00-05:00,235.90728230837536,238.49849510687616,230.39487805775428,232.51055908203125,25740000,0.0,0.0
2023-01-04 00:00:00-05:00,225.4259564644858,225.99854338319813,219.2924526600918,222.3397979736328,50623400,0.0,0.0
2023-01-05 00:00:00-05:00,220.49584400645332,220.83552222933494,215.21636361108918,215.75013732910156,39585600,0.0,0.0
2023-01-06 00:00:00-05:00,216.4197883428899,219.09834182718123,212.8774972822173,218.29283142089844,43613600,0.0,0.0
2023-01-09 00:00:00-05:00,219.76800002138827,224.41666688908288,219.7291868413214,220.41822814941406,27369800,0.0,0.0
2023-01-10 00:00:00-05:00,221.03928973889506,224.48453987964314,220.6219852168546,222.09713745117188,27033900,0.0,0.0
2023-01-11 00:00:00-05:00,224.46514190067145,228.98763925739453,224.29046040694882,228.81295776367188,28669300,0.0,0.0
2023-01-12 00:00:00-05:00,228.31799199232134,232.82107525435615,226.66815819703726,231.4720916748047,27269500,0.0,0.0
2023-01-13 00:00:00-05:00,230.00668936190732,232.30675151679418,227.98806347571494,232.17088317871094,21333300,0.0,0.0
2023-01-17 00:00:00-05:00,230.948051370512,233.80130107166906,230.0940134168222,233.25782775878906,29831300,0.0,0.0
2023-01-18 00:00:00-05:00,234.4418366169308,235.22793302598163,228.57035512507287,228.85179138183594,30028700,0.0,0.0
2023-01-19 00:00:00-05:00,226.88168988104673,228.57035182284125,223.87315781209423,225.08627319335938,28623000,0.0,0.0
2023-01-20 00:00:00-05:00,227.92984354153225,233.63634353931783,227.59016528126836,233.13168334960938,35389800,0.0,0.0
2023-01-23 00:00:00-05:00,233.98571827354252,237.93561455180438,232.57849247852556,235.4220428466797,31934000,0.0,0.0
2023-01-24 00:00:00-05:00,235.34441276702486,236.75162381980027,233.34520074340116,234.89797973632812,40234400,0.0,0.0
2023-01-25 00:00:00-05:00,227.56105444486033,236.12080454500452,224.0866898660757,233.5101776123047,66526600,0.0,0.0
2023-01-26 00:00:00-05:00,236.46045082013288,240.9829486422917,234.85914439539755,240.68209838867188,33454500,0.0,0.0
2023-01-27 00:00:00-05:00,241.64289751902396,242.458107545592,239.5466304719591,240.83738708496094,26498900,0.0,0.0
2023-01-30 00:00:00-05:00,237.2950922529375,238.3529402272609,235.0532571701788,235.5482177734375,25867400,0.0,0.0
2023-01-31 00:00:00-05:00,236.26636386768823,240.63357952072695,235.78111768401726,240.49771118164062,26541100,0.0,0.0
2023-02-01 00:00:00-05:00,240.6821076556318,247.65023576111176,238.2267631452796,245.2919464111328,31259900,0.0,0.0
2023-02-02 00:00:00-05:00,251.18282257259764,256.8796075980904,249.65914256333582,256.7922668457031,39940400,0.0,0.0
2023-02-03 00:00:00-05:00,251.88160340231477,256.4041014975154,249.51359959938435,250.72671508789062,29077300,0.0,0.0
2023-02-06 00:00:00-05:00,249.84354121530777,250.67815038089995,247.26202813154237,249.19329833984375,22518000,0.0,0.0
2023-02-07 00:00:00-05:00,252.84235731907512,260.83920438047807,252.40562393796253,259.6649169921875,50841400,0.0,0.0
2023-02-08 00:00:00-05:00,265.13852274513965,268.59347315321855,258.35476105655573,258.85943603515625,54686000,0.0,0.0
2023-02-09 00:00:00-05:00,265.7207756113508,265.89548673151216,255.04536048337422,255.84117126464844,42375100,0.0,0.0
2023-02-10 00:00:00-05:00,253.81282222305296,256.2972798694553,252.96849875330074,255.3365020751953,25818500,0.0,0.0
2023-02-13 00:00:00-05:00,259.742590569191,266.49720913120274,259.26702917112374,263.3139953613281,44630900,0.0,0.0
2023-02-14 00:00:00-05:00,264.62416219078045,266.856282749665,261.33417890703004,264.138916015625,37047900,0.0,0.0
2023-02-15 00:00:00-05:00,261.0547258535999,263.3994740205076,258.972656227329,262.02764892578125,28922400,0.68,0.0
2023-02-16 00:00:00-05:00,256.8711651698153,259.5175173851741,254.8085727958793,255.0518035888672,29603600,0.0,0.0
2023-02-17 00:00:00-05:00,252.36656000925092,253.047588426155,249.06833614983722,251.0725555419922,30000100,0.0,0.0
2023-02-21 00:00:00-05:00,247.58947974202172,248.5721416274502,244.77773242454728,245.8284912109375,28397400,0.0,0.0
2023-02-22 00:00:00-05:00,247.21003358389876,247.45326436545926,243.56157186049097,244.69989013671875,22491100,0.0,0.0
2023-02-23 00:00:00-05:00,248.6402152353794,249.88555556651798,243.69776430121092,247.87161254882812,29219100,0.0,0.0
2023-02-24 00:00:00-05:00,243.19187704458037,244.2037105882477,241.38223939221282,242.47190856933594,24990900,0.0,0.0
2023-02-27 00:00:00-05:00,245.6242163682384,245.97446934082075,242.6373347901569,243.38648986816406,21190000,0.0,0.0
2023-02-28 00:00:00-05:00,242.32598969202303,244.68046206564443,241.99518451978517,242.66650390625,22491000,0.0,0.0
2023-03-01 00:00:00-05:00,243.97022241717565,244.13561758385552,239.13479280403806,239.601806640625,27565300,0.0,0.0
2023-03-02 00:00:00-05:00,239.87418786109544,244.5928558822364,238.95963779243274,244.3107147216797,24808200,0.0,0.0
2023-03-03 00:00:00-05:00,245.36146516717056,248.69858408661656,244.58312376181246,248.3775177001953,30760100,0.0,0.0
2023-03-06 00:00:00-05:00,249.48667584365674,253.07676463691814,249.04886339595808,249.91476440429688,24109800,0.0,0.0
2023-03-07 00:00:00-05:00,249.36019623261095,250.71257368875254,246.5290010946981,247.26841735839844,21473200,0.0,0.0
2023-03-08 00:00:00-05:00,247.16138722750551,247.64784879607657,244.0188496513126,246.83059692382812,17340200,0.0,0.0
2023-03-09 00:00:00-05:00,248.8931916251687,252.53191447494493,244.76799238551584,245.4879608154297,26653400,0.0,0.0
2023-03-10 00:00:00-05:00,244.2815470078051,245.9452372856859,240.89577859254197,241.8589630126953,28333900,0.0,0.0
2023-03-13 00:00:00-04:00,240.7011840514009,250.92661597294014,239.0764041542882,247.04464721679688,33339700,0.0,0.0
2023-03-14 00:00:00-04:00,249.79801983882402,254.00105499083594,248.93211882541823,253.7286376953125,33620300,0.0,0.0
2023-03-15 00:00:00-04:00,252.94053423822598,259.2645337884642,252.19136451987217,258.252685546875,46028000,0.0,0.0
2023-03-16 00:00:00-04:00,258.028987963125,269.0716736937698,256.1512530626568,268.721435546875,54768800,0.0,0.0
2023-03-17 00:00:00-04:00,270.72555782486927,275.6582547664565,268.8380848690044,271.8638610839844,69527400,0.0,0.0
2023-03-20 00:00:00-04:00,269.48030285180215,269.96676449553627,262.5433550615518,264.8589172363281,43466600,0.0,0.0
2023-03-21 00:00:00-04:00,267.4371343013886,267.5538803349331,262.2222505034053,266.3669128417969,34558700,0.0,0.0
2023-03-22 00:00:00-04:00,265.9972279895284,273.4303763569465,264.8102603593326,264.91729736328125,34873300,0.0,0.0
2023-03-23 00:00:00-04:00,270.4142935461412,273.4498093699548,267.7484933121212,270.1418762207031,36610900,0.0,0.0
2023-03-24 00:00:00-04:00,269.7332324450906,273.03145651581804,267.8263111878216,272.97308349609375,28172000,0.0,0.0
2023-03-27 00:00:00-04:00,272.90492269572303,273.8389205347129,268.0597550905618,268.896484375,26840200,0.0,0.0
2023-03-28 00:00:00-04:00,268.32245293412296,268.66298193563654,264.68370058234905,267.7776184082031,21878600,0.0,0.0
2023-03-29 00:00:00-04:00,271.4066545555062,273.5276497515444,270.87155865821495,272.9147033691406,25087000,0.0,0.0
2023-03-30 00:00:00-04:00,276.53397442659906,276.757727762298,273.8584356014265,276.35882568359375,25053400,0.0,0.0
2023-03-31 00:00:00-04:00,276.0474774481902,281.43744995850153,275.33723290766795,280.49371337890625,32766000,0.0,0.0
2023-04-03 00:00:00-04:00,278.7619618964318,280.4645776022263,276.2615716824238,279.4527587890625,24883300,0.0,0.0
2023-04-04 00:00:00-04:00,279.45280827350626,282.58562291456565,277.9350500937401,279.4041442871094,25824300,0.0,0.0
2023-04-05 00:00:00-04:00,278.1100534490355,279.37484150873803,275.25939610333745,276.64093017578125,22064800,0.0,0.0
2023-04-06 00:00:00-04:00,275.5415966022882,284.171421432575,274.39355424617895,283.7044372558594,29770300,0.0,0.0
2023-04-10 00:00:00-04:00,281.3791115118309,281.75856581319096,277.00095709388467,281.55426025390625,23103000,0.0,0.0
2023-04-11 00:00:00-04:00,278.0127931758795,278.2365761916983,274.0140932371224,275.1718444824219,27276600,0.0,0.0
2023-04-12 00:00:00-04:00,277.07875205265157,279.23864232032844,274.32536331001984,275.8139343261719,27403400,0.0,0.0
2023-04-13 00:00:00-04:00,275.9112355229667,282.0503774003979,275.50262448189994,281.99200439453125,24222700,0.0,0.0
2023-04-14 00:00:00-04:00,279.2289726922403,280.6689097907965,276.00859911070734,278.39227294921875,20987900,0.0,0.0
2023-04-17 00:00:00-04:00,282.0795713658837,283.7043659155023,278.41166217437114,280.98016357421875,23836200,0.0,0.0
2023-04-18 00:00:00-04:00,283.67522525510293,283.86008303886325,279.2386978273748,280.5618591308594,20161800,0.0,0.0
2023-04-19 00:00:00-04:00,278.2462970182061,281.2234396408052,276.8355761901663,280.63970947265625,17150300,0.0,0.0
2023-04-20 00:00:00-04:00,277.5262765736857,281.20392420443534,277.3608666050033,278.36297607421875,23244400,0.0,0.0
2023-04-21 00:00:00-04:00,277.2928296281938,278.51869257683563,275.3956176560884,278.02252197265625,21676400,0.0,0.0
2023-04-24 00:00:00-04:00,274.45190651995864,277.234482358,271.173160031667,274.14056396484375,26611000,0.0,0.0
2023-04-25 00:00:00-04:00,271.941745821894,273.9751515427264,267.91382992661585,267.9624938964844,45772200,0.0,0.0
2023-04-26 00:00:00-04:00,288.66631890750085,291.45860367890464,284.80381270160626,287.372314453125,64599200,0.0,0.0
2023-04-27 00:00:00-04:00,287.9560567732343,296.936147852177,287.2555509397699,296.5761413574219,46462600,0.0,0.0
2023-04-28 00:00:00-04:00,295.77839869337646,300.56516432614853,295.0973405603856,298.9403991699219,36469600,0.0,0.0
2023-05-01 00:00:00-04:00,298.65817141433473,300.244040638563,296.88744444671465,297.2863464355469,21294100,0.0,0.0
2023-05-02 00:00:00-04:00,299.42687857918656,300.8084130116415,295.6811180076152,297.1405029296875,26404400,0.0,0.0
2023-05-03 00:00:00-04:00,298.31772775720617,300.2538355598004,295.856233076209,296.1578369140625,22360800,0.0,0.0
2023-05-04 00:00:00-04:00,297.9480161890788,299.42687857918656,295.1849176329067,297.1405029296875,22519900,0.0,0.0
2023-05-05 00:00:00-04:00,297.4420521379096,303.5228215296377,296.03130176252597,302.2385559082031,28197100,0.0,0.0
2023-05-08 00:00:00-04:00,301.7326922255804,301.8008039789724,297.80207398264633,300.2927551269531,21318600,0.0,0.0
2023-05-09 00:00:00-04:00,299.66033160181695,301.6451031506541,298.0160890953245,298.6874084472656,21340800,0.0,0.0
2023-05-10 00:00:00-04:00,300.26351860842567,304.5249264836218,299.33925948976275,303.8536071777344,30078000,0.0,0.0
2023-05-11 00:00:00-04:00,301.7034867589505,302.695857722587,297.9674652772338,301.71319580078125,31680200,0.0,0.0
2023-05-12 00:00:00-04:00,302.14127044452766,302.2385686971637,298.29824184109515,300.60406494140625,19774700,0.0,0.0
2023-05-15 00:00:00-04:00,300.73054195833356,301.50886857686805,299.26141854774806,301.0807800292969,16336500,0.0,0.0
2023-05-16 00:00:00-04:00,301.4408157004491,305.21576288918396,301.4408157004491,303.2991027832031,26730300,0.0,0.0
2023-05-17 00:00:00-04:00,304.49841357542465,306.5850053814175,302.9870680194989,306.1657409667969,24315000,0.68,0.0
2023-05-18 00:00:00-04:00,306.68252689685806,311.0800126585323,305.8927386445008,310.5729675292969,27276000,0.0,0.0
2023-05-19 00:00:00-04:00,308.8372532907104,310.79711284189557,308.4764896383576,310.3973388671875,27546700,0.0,0.0
2023-05-22 00:00:00-04:00,310.65094892902596,314.5413890695808,310.0756729757329,313.16656494140625,24115700,0.0,0.0
2023-05-23 00:00:00-04:00,312.04526511786804,314.66815212283035,307.3845270869392,307.394287109375,30797200,0.0,0.0
2023-05-24 00:00:00-04:00,306.8775496399996,308.6033777226254,304.8104182916671,306.0195007324219,23384900,0.0,0.0
2023-05-25 00:00:00-04:00,315.1751430242443,318.7438294879401,312.0159906409768,317.7882995605469,43301700,0.0,0.0
2023-05-26 00:00:00-04:00,315.93572275471354,325.0816974555801,315.79923121389265,324.5844421386719,36630600,0.0,0.0
2023-05-30 00:00:00-04:00,326.8660707233384,327.3633260629456,322.27356311731285,322.94635009765625,29503100,0.0,0.0
2023-05-31 00:00:00-04:00,323.99934398362257,327.55827021551164,319.1630749897936,320.1966552734375,45950600,0.0,0.0
2023-06-01 00:00:00-04:00,317.7980281716673,325.2084138620462,316.61822604492374,324.2821044921875,26773900,0.0,0.0
2023-06-02 00:00:00-04:00,325.9104976467162,329.07941048845686,324.2529005654924,327.03179931640625,25873800,0.0,0.0
2023-06-05 00:00:00-04:00,326.8562514071327,330.1129147289543,326.31022580563945,327.55828857421875,21307100,0.0,0.0
2023-06-06 00:00:00-04:00,326.96353250247705,327.0025428376745,323.88240041372416,325.3547058105469,20396200,0.0,0.0
2023-06-07 00:00:00-04:00,323.37536016910263,326.14449888626166,314.45365769277373,315.31170654296875,40717100,0.0,0.0
2023-06-08 00:00:00-04:00,315.85770223750364,318.4903491637824,315.28242630303987,317.144775390625,23277700,0.0,0.0
2023-06-09 00:00:00-04:00,316.8815191818162,321.7567696311191,316.3160032224107,318.6366271972656,22529000,0.0,0.0
2023-06-12 00:00:00-04:00,320.381970960897,323.8141665946219,317.04731605133065,323.5704040527344,24260300,0.0,0.0
2023-06-13 00:00:00-04:00,326.1249036757733,328.57228816482217,322.14671363474605,325.94940185546875,22951300,0.0,0.0
2023-06-14 00:00:00-04:00,325.9982505458626,330.58099797009817,324.50642506625707,328.92340087890625,26003800,0.0,0.0
2023-06-15 00:00:00-04:00,329.0598609823398,341.11146383028944,328.7868481922745,339.4148864746094,38899100,0.0,0.0
2023-06-16 00:00:00-04:00,342.5545998111812,342.70085137133475,333.41838536086453,333.78887939453125,46552000,0.0,0.0
2023-06-20 00:00:00-04:00,330.84423422142726,333.54511218147553,327.48029960440283,329.61566162109375,26375400,0.0,0.0
2023-06-21 00:00:00-04:00,327.97752820350655,329.3036115330344,323.78482556024073,325.2376403808594,25117800,0.0,0.0
2023-06-22 00:00:00-04:00,325.78366654570755,331.63396592269834,325.0231288169452,331.23419189453125,23556800,0.0,0.0
2023-06-23 00:00:00-04:00,326.01771828331994,329.5279043913859,325.13044892910204,326.6612548828125,23146900,0.0,0.0
2023-06-26 00:00:00-04:00,325.3937413274087,327.72409574191425,320.2942182667598,320.4014892578125,21520600,0.0,0.0
2023-06-27 00:00:00-04:00,323.5800965917035,327.7630696544983,321.08397083431,326.2225036621094,24354100,0.0,0.0
2023-06-28 00:00:00-04:00,326.3102386492254,329.5474118113246,325.48144019271336,327.4705505371094,20259500,0.0,0.0
2023-06-29 00:00:00-04:00,326.35900777987905,327.7240719566855,324.3211566594738,326.6905212402344,16997000,0.0,0.0
2023-06-30 00:00:00-04:00,329.32312037613315,334.17887983586667,328.78685480648323,332.04351806640625,26832800,0.0,0.0
2023-07-03 00:00:00-04:00,330.7272007694062,332.3945278816647,328.17257461621756,329.55712890625,12508700,0.0,0.0
2023-07-05 00:00:00-04:00,326.72948429799266,333.1258095919121,326.37848059881856,329.713134765625,18172400,0.0,0.0
2023-07-06 00:00:00-04:00,328.88439044633213,334.432427956872,327.1293121494876,332.7553405761719,28161200,0.0,0.0
2023-07-07 00:00:00-04:00,330.85400764917136,333.2623825906087,328.591884271755,328.806396484375,21214800,0.0,0.0
2023-07-10 00:00:00-04:00,326.25174994494995,326.8660362322845,319.41663962980306,323.55084228515625,32791400,0.0,0.0
2023-07-11 00:00:00-04:00,322.800041689948,324.55511973893175,318.84134117994995,324.17486572265625,26698200,0.0,0.0
2023-07-12 00:00:00-04:00,328.201859758283,333.12585071299276,327.2950703339859,328.7868957519531,29995300,0.0,0.0
2023-07-13 00:00:00-04:00,331.0879653631058,335.16366709536976,330.5614300476907,334.1106262207031,20567200,0.0,0.0
2023-07-14 00:00:00-04:00,338.91759393807007,342.66178201390807,335.71943143019837,336.626220703125,28352700,0.0,0.0
2023-07-17 00:00:00-04:00,337.05526407197954,338.33257714303016,333.6621092446477,337.1040344238281,20363900,0.0,0.0
2023-07-18 00:00:00-04:00,337.20147590350757,357.6287821253503,333.63281964458815,350.5206604003906,64738600,0.0,0.0
2023-07-19 00:00:00-04:00,352.72433009882633,353.4166072525743,343.64661716979606,346.2207336425781,39732900,0.0,0.0
2023-07-20 00:00:00-04:00,344.74842283159865,349.03863672095343,336.7530012262202,338.215576171875,33778400,0.0,0.0
2023-07-21 00:00:00-04:00,340.4387369530099,341.56003861838775,331.35126286647005,335.1929626464844,69405400,0.0,0.0
2023-07-24 00:00:00-04:00,337.2210689969038,338.2643797019485,333.7693834548789,336.49951171875,26678100,0.0,0.0
2023-07-25 00:00:00-04:00,338.4496147386664,343.11038262849917,336.4605340248674,342.22308349609375,41637700,0.0,0.0
2023-07-26 00:00:00-04:00,332.92106736693563,336.07048951280683,324.7988843745913,329.3426208496094,58383700,0.0,0.0
2023-07-27 00:00:00-04:00,331.9850652931189,332.81383406452954,320.84022015182325,322.46856689453125,39635300,0.0,0.0
2023-07-28 00:00:00-04:00,325.34498615387326,331.5268003348271,324.8574610945914,329.9277038574219,28484900,0.0,0.0
2023-07-31 00:00:00-04:00,328.51383777853505,329.2743755389443,325.04263262807757,327.5387878417969,25446000,0.0,0.0
2023-08-01 00:00:00-04:00,326.8270321220212,330.093455775555,325.374217054016,327.9483337402344,18311900,0.0,0.0
2023-08-02 00:00:00-04:00,325.3059183538415,325.3059183538415,318.2172862001048,319.328857421875,27761300,0.0,0.0
2023-08-03 00:00:00-04:00,317.86632056535905,321.6495195711113,317.81757996467144,318.5098571777344,18253700,0.0,0.0
2023-08-04 00:00:00-04:00,323.5996401737791,326.7783131025437,319.07539331182784,319.6019287109375,23741500,0.0,0.0
2023-08-07 00:00:00-04:00,320.17711054796575,322.84873758215554,319.3483122344212,321.8736877441406,17741500,0.0,0.0
2023-08-08 00:00:00-04:00,318.802307526203,320.54765518196075,314.94111824721926,317.9150085449219,22327600,0.0,0.0
2023-08-09 00:00:00-04:00,318.3245710835293,318.94858760325343,313.03978705069517,314.19036865234375,22373300,0.0,0.0
2023-08-10 00:00:00-04:00,317.8857952635295,320.0699275319088,313.16655676040074,314.8728942871094,20113700,0.0,0.0
2023-08-11 00:00:00-04:00,312.2695668882884,314.3659187348988,311.2457463891283,313.0008544921875,24355500,0.0,0.0
2023-08-14 00:00:00-04:00,313.37132372944086,315.974690482468,312.09398089474894,315.9552001953125,18836100,0.0,0.0
2023-08-15 00:00:00-04:00,314.9411305404492,316.97898134379494,312.8935197157339,313.8295593261719,16966300,0.0,0.0
2023-08-16 00:00:00-04:00,313.4583447502476,316.9955245713373,312.48123017207456,313.0675048828125,20698900,0.68,0.0
2023-08-17 00:00:00-04:00,313.2042327148122,314.50378164094593,308.9733110073384,309.62799072265625,21257200,0.0,0.0
2023-08-18 00:00:00-04:00,307.29270464284144,311.0936940527994,304.4199858602723,309.2371826171875,24755000,0.0,0.0
2023-08-21 00:00:00-04:00,310.65396660689254,315.3831966115051,309.78435031765304,314.5135803222656,24040000,0.0,0.0
2023-08-22 00:00:00-04:00,318.0506661749178,318.6173792799304,314.10311653109363,315.0802307128906,16084600,0.0,0.0
2023-08-23 00:00:00-04:00,316.40920172771865,321.66608212966844,316.05742502712076,319.51641845703125,21166400,0.0,0.0
2023-08-24 00:00:00-04:00,325.2324836073719,325.3595132307544,312.6374666298359,312.6472473144531,23281400,0.0,0.0
2023-08-25 00:00:00-04:00,314.11295718549064,317.91391657239774,311.5040487015702,315.5884094238281,21684100,0.0,0.0
2023-08-28 00:00:00-04:00,318.207066953983,318.68584344960186,314.3572339791844,316.29193115234375,14808500,0.0,0.0
2023-08-29 00:00:00-04:00,314.5136087751781,321.45112744073015,314.5136087751781,320.8941650390625,19284600,0.0,0.0
2023-08-30 00:00:00-04:00,321.14822344769897,322.262118428765,318.97902814860515,321.2654724121094,15222100,0.0,0.0
2023-08-31 00:00:00-04:00,321.6660497077852,323.33690686450706,319.30141990622377,320.2590026855469,26411000,0.0,0.0
2023-09-01 00:00:00-04:00,323.7277749745022,324.3922056211829,319.3014478601216,321.138427734375,14942000,0.0,0.0
2023-09-05 00:00:00-04:00,321.47064520868975,327.18677054781415,321.13842988312655,325.91650390625,18553900,0.0,0.0
2023-09-06 00:00:00-04:00,325.7503980121673,326.80566842614127,322.62362005663084,325.2618408203125,17535800,0.0,0.0
2023-09-07 00:00:00-04:00,323.7082861250948,325.4572996917217,321.4999977101508,322.35986328125,18381000,0.0,0.0
2023-09-08 00:00:00-04:00,322.5357246617766,328.46681688735,321.9201377501079,326.62005615234375,19530100,0.0,0.0
2023-09-11 00:00:00-04:00,329.5220626550476,330.67508035139593,327.7534879124914,330.2060546875,16583300,0.0,0.0
2023-09-12 00:00:00-04:00,328.1345774558951,329.08237965274225,323.8939043767627,324.17724609375,17565500,0.0,0.0
2023-09-13 00:00:00-04:00,323.7277558674077,329.1409777651763,323.59097536312447,328.3690490722656,16544400,0.0,0.0
2023-09-14 00:00:00-04:00,331.38838359380287,333.059241074138,328.86744125187914,330.9486999511719,20267000,0.0,0.0
2023-09-15 00:00:00-04:00,329.20939816193993,329.6783939916595,322.1057573596053,322.6627197265625,37679800,0.0,0.0
2023-09-18 00:00:00-04:00,320.29809265490445,322.8385960925468,318.89104551464607,321.5292663574219,16834200,0.0,0.0
2023-09-19 00:00:00-04:00,318.7054070395551,321.8517165023023,317.0833936077872,321.1286315917969,16505900,0.0,0.0
2023-09-20 00:00:00-04:00,321.96892330963425,322.04707932853614,313.1748951347457,313.4289245605469,21436500,0.0,0.0
2023-09-21 00:00:00-04:00,311.9535360525413,317.9041588491349,307.79101939102566,312.21734619140625,35560400,0.0,0.0
2023-09-22 00:00:00-04:00,313.96639594173394,314.0934255806642,308.9147015377864,309.7550354003906,21447900,0.0,0.0
2023-09-25 00:00:00-04:00,309.34464808220946,310.39994834578414,307.7910397456029,310.2729187011719,17836000,0.0,0.0
2023-09-26 00:00:00-04:00,307.918083681108,308.650919524038,302.92501329864484,304.99652099609375,26297600,0.0,0.0
2023-09-27 00:00:00-04:00,305.1528159801847,307.1070447852302,302.6025617027996,305.6316223144531,19410100,0.0,0.0
2023-09-28 00:00:00-04:00,303.87278132742597,308.26004502387354,302.36804670236813,306.462158203125,19683600,0.0,0.0
2023-09-29 00:00:00-04:00,310.4780935014134,312.1587314237549,307.77149741019485,308.52386474609375,24147300,0.0,0.0
2023-10-02 00:00:00-04:00,309.04173366618016,314.523360821819,307.96690188868587,314.4353942871094,20570000,0.0,0.0
2023-10-03 00:00:00-04:00,313.48759919542874,314.03481069195016,304.0877634575696,306.2178955078125,21033500,0.0,0.0
2023-10-04 00:00:00-04:00,306.84323355961436,312.71570064039577,306.8139213204077,311.660400390625,20720100,0.0,0.0
2023-10-05 00:00:00-04:00,311.78745935358154,312.6571055637684,307.6933472507753,312.05126953125,16965600,0.0,0.0
2023-10-06 00:00:00-04:00,309.30553078090355,321.65627028707706,309.0612521971817,319.77044677734375,25673600,0.0,0.0
2023-10-09 00:00:00-04:00,317.31787385142707,322.7408463729551,315.78379722001137,322.2718505859375,19891200,0.0,0.0
2023-10-10 00:00:00-04:00,323.3857337911902,323.5225441036011,320.1710492794707,320.87457275390625,20557100,0.0,0.0
2023-10-11 00:00:00-04:00,323.6300480505899,325.20321772099476,321.60744393030456,324.8123779296875,20063200,0.0,0.0
2023-10-12 00:00:00-04:00,323.00471335948436,325.99468102864705,321.1970457612764,323.5812072753906,19313100,0.0,0.0
2023-10-13 00:00:00-04:00,324.7733126546174,326.19011074612195,318.8910644547027,320.229736328125,21072400,0.0,0.0
2023-10-16 00:00:00-04:00,323.47367526332005,328.4472132631376,323.03399172229655,325.0273132324219,22158000,0.0,0.0
2023-10-17 00:00:00-04:00,322.0471280716989,325.8285559881701,319.91702585909127,324.4606018066406,18338500,0.0,0.0
2023-10-18 00:00:00-04:00,324.8807739787621,327.909834737972,320.7866620472197,322.55523681640625,23153600,0.0,0.0
2023-10-19 00:00:00-04:00,324.5485712503718,329.1703335138683,323.33695882729216,323.7375793457031,25052100,0.0,0.0
2023-10-20 00:00:00-04:00,324.12835446088064,324.32378924714186,318.0018585787794,319.1939392089844,25027700,0.0,0.0
2023-10-23 00:00:00-04:00,318.0214287466955,325.1152889172781,316.96615830256553,321.7833251953125,24374700,0.0,0.0
2023-10-24 00:00:00-04:00,323.71806577420506,324.2457160250493,320.1027595259651,322.9656982421875,31153600,0.0,0.0
2023-10-25 00:00:00-04:00,337.12395842234577,338.2769759362375,329.8933187083518,332.87353515625,55053800,0.0,0.0
2023-10-26 00:00:00-04:00,332.7465382675552,333.8115893601042,319.45777677753637,320.38604736328125,37828500,0.0,0.0
2023-10-27 00:00:00-04:00,322.8679216685348,329.0139799295623,320.8843805209721,322.2621154785156,29856500,0.0,0.0
2023-10-30 00:00:00-04:00,325.7797742554051,331.6815546418734,324.235916527097,329.59051513671875,22828100,0.0,0.0
2023-10-31 00:00:00-04:00,331.0952774404079,331.2418386618225,327.03047725787985,330.3721923828125,20265300,0.0,0.0
2023-11-01 00:00:00-04:00,332.01374650613616,339.4691349616439,331.8769361620282,338.1500244140625,28158800,0.0,0.0
2023-11-02 00:00:00-04:00,339.29324086548826,340.84684939451466,336.87976677643417,340.3485412597656,24348100,0.0,0.0
2023-11-03 00:00:00-04:00,341.62851616542054,346.27959030223104,339.38113512943426,344.7259521484375,23637700,0.0,0.0
2023-11-06 00:00:00-05:00,345.361075900052,349.3574699781312,345.26335850207806,348.3705749511719,23828300,0.0,0.0
2023-11-07 00:00:00-05:00,351.1749086935178,354.16487636600215,349.4454269438777,352.279052734375,25833900,0.0,0.0
2023-11-08 00:00:00-05:00,353.4027369651116,355.54261993465985,352.2985928972702,354.8879699707031,26767800,0.0,0.0
2023-11-09 00:00:00-05:00,354.00856480709007,356.441600143659,352.11296032697913,352.4354248046875,24847300,0.0,0.0
2023-11-10 00:00:00-05:00,353.2170514609085,361.6300213922687,352.80668013888885,361.2098693847656,28042100,0.0,0.0
2023-11-13 00:00:00-05:00,359.79306407971893,360.03734267871334,357.52615152445077,358.2882995605469,19986500,0.0,0.0
2023-11-14 00:00:00-05:00,362.5192275200011,363.4377174527681,358.9429851939613,361.796142578125,27683900,0.0,0.0
2023-11-15 00:00:00-05:00,363.51938712911283,365.3307238214912,359.4365366374243,361.94305419921875,26860100,0.75,0.0
2023-11-16 00:00:00-05:00,363.20606948048294,368.48342035388106,362.4423744800686,368.30718994140625,27182300,0.0,0.0
2023-11-17 00:00:00-05:00,365.80068027610133,366.544804095545,359.3288587696676,362.1192932128906,40157000,0.0,0.0
2023-11-20 00:00:00-05:00,363.46060991672704,370.95070053235196,363.24520725093254,369.55059814453125,52465100,0.0,0.0
2023-11-21 00:00:00-05:00,367.8176325584251,368.3561243217149,363.3627202596963,365.27197265625,28423100,0.0,0.0
2023-11-22 00:00:00-05:00,370.0988850281661,371.85147806167527,367.1322205576516,369.9520263671875,23345300,0.0,0.0
2023-11-24 00:00:00-05:00,369.44288626548433,370.0695230751344,367.2986899991627,369.5408020019531,10176600,0.0,0.0
2023-11-27 00:00:00-05:00,368.9043706026068,372.68370265137486,368.33650717542696,370.69610595703125,22179200,0.0,0.0
2023-11-28 00:00:00-05:00,370.44160282909473,374.994400937648,370.25557188472965,374.70068359375,20453100,0.0,0.0
2023-11-29 00:00:00-05:00,375.7385254123956,376.26721663239306,369.55062106548934,370.93115234375,28963400,0.0,0.0
2023-11-30 00:00:00-05:00,370.5786340328009,372.1451961390215,367.6217700935787,370.9898681640625,30554400,0.0,0.0
2023-12-01 00:00:00-05:00,368.8848238631299,370.25555453657734,363.54872995472044,366.6818542480469,33040500,0.0,0.0
2023-12-04 00:00:00-05:00,361.3849610271203,361.79616532164505,355.31454343634607,361.42413330078125,32063300,0.0,0.0
2023-12-05 00:00:00-05:00,358.7902991826528,365.2816906598943,357.9776315061035,364.7333984375,23065000,0.0,0.0
2023-12-06 00:00:00-05:00,365.73209860202707,366.35870548187097,360.33726166675575,361.0911560058594,21182100,0.0,0.0
2023-12-07 00:00:00-05:00,360.5331422311326,363.68583789268007,358.66306211428184,363.1962890625,23118900,0.0,0.0
2023-12-08 00:00:00-05:00,361.4828549867559,366.6328881744278,360.53312909562084,366.40771484375,20154400,0.0,0.0
2023-12-11 00:00:00-05:00,360.7778472321054,363.83262656393555,358.44759046804216,363.53887939453125,27708800,0.0,0.0
2023-12-12 00:00:00-05:00,363.0983520859286,366.59373770012405,362.7164896784692,366.5545654296875,24838300,0.0,0.0
2023-12-13 00:00:00-05:00,368.16027437565873,369.7464376106383,363.0200118977458,366.5447692871094,30955500,0.0,0.0
2023-12-14 00:00:00-05:00,365.50690312981,365.94750897813526,356.5187948133364,358.2811584472656,43277500,0.0,0.0
2023-12-15 00:00:00-05:00,359.1820223907122,364.6160030546236,358.62392949147795,362.9809265136719,78502300,0.0,0.0
2023-12-18 00:00:00-05:00,361.72762335454945,365.2034079122954,360.97369907312446,364.8607177734375,21802900,0.0,0.0
2023-12-19 00:00:00-05:00,363.7249858043668,365.4580078125,362.1094806161989,365.4580078125,20603700,0.0,0.0
2023-12-20 00:00:00-05:00,367.161590586535,368.1700598934919,362.785023231556,362.8731384277344,26316700,0.0,0.0
2023-12-21 00:00:00-05:00,364.77259031859234,366.5839268091088,362.3052751851502,365.73211669921875,17708000,0.0,0.0
2023-12-22 00:00:00-05:00,365.86921479028837,367.3378613138971,364.91948884316713,366.7503967285156,17107500,0.0,0.0
2023-12-26 00:00:00-05:00,367.1615944273694,369.0610461329153,365.69294804965995,366.8287048339844,12673100,0.0,0.0
2023-12-27 00:00:00-05:00,365.8789757378514,367.2203346368523,365.0173650898164,366.25103759765625,14905400,0.0,0.0
2023-12-28 00:00:00-05:00,367.5239062248259,368.59111915362496,366.33920635042557,367.435791015625,14327000,0.0,0.0
2023-12-29 00:00:00-05:00,368.14066782074684,369.2764245304369,365.6733528250178,368.1798400878906,18730800,0.0,0.0
2024-01-02 00:00:00-05:00,366.0454121665628,368.0427796247224,359.1036138103624,363.117919921875,25258600,0.0,0.0
2024-01-03 00:00:00-05:00,361.2967542878905,365.4579183893706,360.80720557006936,362.853515625,23083500,0.0,0.0
2024-01-04 00:00:00-05:00,362.92209250603474,365.3012923191343,359.49525117073273,360.2491455078125,20901500,0.0,0.0
2024-01-05 00:00:00-05:00,361.25764113124956,364.2830491168241,358.8392688743441,360.0631408691406,21004600,0.0,0.0
2024-01-08 00:00:00-05:00,361.58071261682426,367.35741205524755,361.2967958412056,366.8580627441406,23134000,0.0,0.0
2024-01-09 00:00:00-05:00,364.23407123187167,368.13086016631314,363.43120410921466,367.93505859375,20830000,0.0,0.0
2024-01-10 00:00:00-05:00,368.50300659957884,376.13998679528584,368.45406366512276,374.76922607421875,25514200,0.0,0.0
2024-01-11 00:00:00-05:00,377.93166039806545,382.5138298348758,372.42913685903,376.5903015136719,27850800,0.0,0.0
2024-01-12 00:00:00-05:00,377.4323150873344,380.55563874578314,376.6098767088899,380.35003662109375,21661200,0.0,0.0
2024-01-16 00:00:00-05:00,385.43158211314164,385.7938434606626,379.51782397721394,382.1124267578125,27202300,0.0,0.0
2024-01-17 00:00:00-05:00,379.8703470627965,381.95580012337945,376.7665941196336,381.3291931152344,22234100,0.0,0.0
2024-01-18 00:00:00-05:00,383.53215294829613,385.75469397471676,381.9655906494616,385.63720703125,23392100,0.0,0.0
2024-01-19 00:00:00-05:00,387.48767542805655,390.33685302734375,385.2749052923237,390.33685302734375,29331100,0.0,0.0
2024-01-22 00:00:00-05:00,391.6586277842315,392.2460923450514,385.36303712070327,388.2220153808594,27016900,0.0,0.0
2024-01-23 00:00:00-05:00,387.4778603727062,391.0319893054533,385.69589563777015,390.56201171875,20525900,0.0,0.0
2024-01-24 00:00:00-05:00,393.14689994749176,397.15140596636934,392.07968703700567,394.14556884765625,24867000,0.0,0.0
2024-01-25 00:00:00-05:00,395.8687043772285,398.5024790160312,394.11611150359863,396.4071960449219,21021200,0.0,0.0
2024-01-26 00:00:00-05:00,395.917682766026,397.68007633393063,394.01823107466254,395.48687744140625,17803300,0.0,0.0
2024-01-29 00:00:00-05:00,397.57235261817027,401.4104281984527,395.8785030835569,401.1558532714844,24510200,0.0,0.0
2024-01-30 00:00:00-05:00,403.64280098293807,404.41626660201007,397.9542461080957,400.04949951171875,33477600,0.0,0.0
2024-01-31 00:00:00-05:00,398.4535945955144,406.6388669659615,388.9073919493629,389.2696533203125,47871100,0.0,0.0
2024-02-01 00:00:00-05:00,393.4308049580275,399.4718507500115,393.40143322301293,395.3400573730469,30657700,0.0,0.0
2024-02-02 00:00:00-05:00,395.36939499914837,404.0246140998081,395.12462060191353,402.62451171875,28256700,0.0,0.0
2024-02-05 00:00:00-05:00,401.3320936868834,402.5657662041655,395.5456233801517,397.1709289550781,25352300,0.0,0.0
2024-02-06 00:00:00-05:00,397.39617518548,399.44248577195293,394.48825385108364,397.0143127441406,18382600,0.0,0.0
2024-02-07 00:00:00-05:00,398.9235643671154,405.640160164174,398.88439209328425,405.3953857421875,22340500,0.0,0.0
2024-02-08 00:00:00-05:00,405.3953275824479,406.87377444064305,403.9071100669644,405.4540710449219,21225300,0.0,0.0
2024-02-09 00:00:00-05:00,406.57025541446654,412.02383590927224,406.4135962217608,411.75946044921875,22032800,0.0,0.0
2024-02-12 00:00:00-05:00,411.769283442755,411.94551383927785,406.0807287884979,406.580078125,21202900,0.0,0.0
2024-02-13 00:00:00-05:00,396.4758057908408,401.4985815288795,394.9582163813525,397.82696533203125,27824900,0.0,0.0
2024-02-14 00:00:00-05:00,400.27921574475005,402.01541247950905,396.8460370500132,401.6720886230469,20401200,0.75,0.0
2024-02-15 00:00:00-05:00,400.34788638470263,401.3189759217452,396.5713838346197,398.79803466796875,21825500,0.0,0.0
2024-02-16 00:00:00-05:00,400.17133095818804,400.49504745207923,395.73763633762957,396.3457946777344,22296500,0.0,0.0
2024-02-20 00:00:00-05:00,395.5414273661721,396.76756266074034,390.4112964520626,395.10003662109375,24307900,0.0,0.0
2024-02-21 00:00:00-05:00,392.53004284668083,394.60956341609165,389.6363517174895,394.50164794921875,18518900,0.0,0.0
2024-02-22 00:00:00-05:00,402.3587454167674,404.9483275530714,400.76967888893086,403.7908630371094,27009900,0.0,0.0
2024-02-23 00:00:00-05:00,407.73411674298126,407.92046175721333,401.162019956702,402.505859375,16295900,0.0,0.0
2024-02-26 00:00:00-05:00,403.6045434024342,404.2911912249742,399.5828131595868,399.7593994140625,16193500,0.0,0.0
2024-02-27 00:00:00-05:00,400.2007433350152,400.5244598178457,396.13979878680874,399.70050048828125,14835800,0.0,0.0
2024-02-28 00:00:00-05:00,400.38709194736896,401.48570431449235,397.5817089338175,399.9358825683594,13183100,0.0,0.0
2024-02-29 00:00:00-05:00,400.83834831741547,406.29219561123216,398.17027676875426,405.7428894042969,31947300,0.0,0.0
2024-03-01 00:00:00-05:00,403.41813008815376,407.93031407980567,403.0355914321904,407.5673828125,17823400,0.0,0.0
2024-03-04 00:00:00-05:00,405.54668869062186,409.38204334564557,404.4480762959748,406.9984436035156,17596000,0.0,0.0
2024-03-05 00:00:00-05:00,406.0567462440755,406.3412180011649,392.991071894389,394.9626770019531,26919200,0.0,0.0
2024-03-06 00:00:00-05:00,395.27659515513125,397.4247865981622,390.784048581795,394.41339111328125,22344100,0.0,0.0
2024-03-07 00:00:00-05:00,398.3664647487739,401.9565926355365,394.5605358436286,401.3288269042969,18718500,0.0,0.0
2024-03-08 00:00:00-05:00,400.17133994719717,402.5843959078717,396.61063804407956,398.4645690917969,18002200,0.0,0.0
2024-03-11 00:00:00-04:00,396.05146623078247,397.93479302965693,393.5991959671877,396.79693603515625,16120800,0.0,0.0
2024-03-12 00:00:00-04:00,399.8378019777306,407.63603426425436,399.02366133031137,407.3515625,22457000,0.0,0.0
2024-03-13 00:00:00-04:00,410.11771230614136,410.1961717884516,403.5946789555971,407.17498779296875,17115900,0.0,0.0
2024-03-14 00:00:00-04:00,412.21684262615895,419.6521433696343,410.009799228429,417.1017761230469,34157300,0.0,0.0
2024-03-15 00:00:00-04:00,411.28498921650765,414.5317928189051,404.9090862008724,408.46978759765625,45079900,0.0,0.0
2024-03-18 00:00:00-04:00,406.34117457206867,412.697469745091,405.88014657431177,409.3525695800781,20106000,0.0,0.0
2024-03-19 00:00:00-04:00,409.8528643144651,413.61957818454806,407.61639479250874,413.3645324707031,19837900,0.0,0.0
2024-03-20 00:00:00-04:00,413.94319796336094,417.82758546767997,412.62878476581204,417.1115417480469,17860100,0.0,0.0
2024-03-21 00:00:00-04:00,421.6237252238155,422.59484462108253,419.00471729967956,421.1725158691406,21296200,0.0,0.0
2024-03-22 00:00:00-04:00,421.4962894258474,421.65320840400005,417.93558766825475,420.5545959472656,17648500,0.0,0.0
2024-03-25 00:00:00-04:00,417.1213703760103,419.24995422394994,413.5606690168653,414.78680419921875,18060500,0.0,0.0
2024-03-26 00:00:00-04:00,417.48427163026514,417.8570214885324,413.30562358453886,413.5998840332031,16725600,0.0,0.0
2024-03-27 00:00:00-04:00,416.33666794000516,416.34648660093063,411.0103437373624,413.3841247558594,16705000,0.0,0.0
2024-03-28 00:00:00-04:00,412.92315255513495,413.81578270674646,411.1182848623514,412.687744140625,21871200,0.0,0.0
2024-04-01 00:00:00-04:00,415.856044584665,419.720825298805,414.15906261710444,416.4642028808594,16316000,0.0,0.0
2024-04-02 00:00:00-04:00,412.08932675524255,414.31600751259526,409.8626759328322,413.3939514160156,17912000,0.0,0.0
2024-04-03 00:00:00-04:00,411.71659648353796,415.17920112214335,411.0888008867087,412.4228515625,16502300,0.0,0.0
2024-04-04 00:00:00-04:00,416.8761903565226,420.4859554910503,409.59786785676073,409.9019470214844,19370900,0.0,0.0
2024-04-05 00:00:00-04:00,411.9912731648726,418.36717662742586,410.33353586981326,417.39605712890625,16554800,0.0,0.0
2024-04-08 00:00:00-04:00,417.0527692258899,419.12247124179834,415.21844567326013,416.48382568359375,14272400,0.0,0.0
2024-04-09 00:00:00-04:00,418.29848942937065,419.5736580977935,413.57050478624086,418.14154052734375,12496900,0.0,0.0
2024-04-10 00:00:00-04:00,414.1296507389469,415.93451830181,411.68719880938414,415.1792297363281,16216600,0.0,0.0
2024-04-11 00:00:00-04:00,417.69033834286756,421.1725504908495,414.2963744060529,419.7600402832031,17966400,0.0,0.0
2024-04-12 00:00:00-04:00,415.9541310748391,417.06256218596104,411.75584496590756,413.8451843261719,19253800,0.0,0.0
2024-04-15 00:00:00-04:00,418.4554515197094,418.6712525249299,405.5368771254888,405.7428894042969,20273500,0.0,0.0
2024-04-16 00:00:00-04:00,406.65512826574127,410.4119935798852,405.8311689524943,406.6649169921875,16765600,0.0,0.0
2024-04-17 00:00:00-04:00,409.2839508985917,410.8828360715611,402.4960529094379,403.97723388671875,15855500,0.0,0.0
2024-04-18 00:00:00-04:00,402.7903806947221,404.0263347339794,396.23792042411,396.5517883300781,21029900,0.0,0.0
2024-04-19 00:00:00-04:00,396.31635459832717,397.738683518828,390.1758594431205,391.5000915527344,30565800,0.0,0.0
2024-04-22 00:00:00-04:00,392.44175811164087,395.1588931129713,388.1944385754191,393.3049621582031,20286900,0.0,0.0
2024-04-23 00:00:00-04:00,396.5223162949651,400.4067342721825,395.3648518176367,399.78875732421875,15734500,0.0,0.0
2024-04-24 00:00:00-04:00,401.7407592748994,404.5952057239604,399.01383568119996,401.25030517578125,15065300,0.0,0.0
2024-04-25 00:00:00-04:00,386.5072408836068,392.2553782643455,380.62179192671005,391.4216003417969,40586500,0.0,0.0
2024-04-26 00:00:00-04:00,404.30094095620495,405.1150815807432,398.01331587991365,398.5626220703125,29694700,0.0,0.0
2024-04-29 00:00:00-04:00,397.5130677635141,398.56264677395114,391.56876617151903,394.5703430175781,19582100,0.0,0.0
2024-04-30 00:00:00-04:00,393.8247883748175,394.4820099813431,381.7400231834723,381.8969421386719,28781400,0.0,0.0
2024-05-01 00:00:00-04:00,385.1143087080168,394.050396924473,382.85823208751793,387.39984130859375,23562500,0.0,0.0
2024-05-02 00:00:00-04:00,390.0679505478797,392.29460134045365,387.11540734616494,390.2445068359375,17709400,0.0,0.0
2024-05-03 00:00:00-04:00,394.5997356096934,399.37675358596374,394.18774100881984,398.8961181640625,17446700,0.0,0.0
2024-05-06 00:00:00-04:00,400.9560656726651,406.02734455936377,398.61168058742396,405.6448059082031,16996600,0.0,0.0
2024-05-07 00:00:00-04:00,406.74340224425765,406.75322090554647,401.27973632622934,401.52496337890625,20018200,0.0,0.0
2024-05-08 00:00:00-04:00,400.37727892161104,404.3597634781988,398.9451315189421,402.7020263671875,11792300,0.0,0.0
2024-05-09 00:00:00-04:00,402.73150019277335,404.84044690561177,401.28956389363333,404.4480895996094,14689700,0.0,0.0
2024-05-10 00:00:00-04:00,405.0562460600837,407.44966453116945,403.93799631140473,406.8218688964844,13402300,0.0,0.0
2024-05-13 00:00:00-04:00,410.0294239104783,410.36292908810583,402.9766919421273,405.8213195800781,15440200,0.0,0.0
2024-05-14 00:00:00-04:00,404.1537549120692,409.51932355356394,403.6927268958918,408.6070861816406,15109300,0.0,0.0
2024-05-15 00:00:00-04:00,410.660957995032,416.4685861383269,410.0418663164104,415.751220703125,22239500,0.75,0.0
2024-05-16 00:00:00-04:00,414.49335406459187,418.05067177577746,413.0684896947791,413.6973876953125,17530100,0.0,0.0
2024-05-17 00:00:00-04:00,415.2205022223224,415.5939244192682,410.78861770951823,412.93084716796875,15352200,0.0,0.0
2024-05-20 00:00:00-04:00,412.9308753558347,419.3772369114519,412.71468512121004,417.9720153808594,16272100,0.0,0.0
2024-05-21 00:00:00-04:00,419.4362626425402,425.46991744124085,417.4905802068074,421.6080017089844,21453300,0.0,0.0
2024-05-22 00:00:00-04:00,422.6397422694005,424.91956115828395,419.7310254046841,423.0622863769531,18073700,0.0,0.0
2024-05-23 00:00:00-04:00,425.4698570651074,426.0889486573305,418.05065430726955,419.603271484375,17211700,0.0,0.0
2024-05-24 00:00:00-04:00,419.7900037534496,423.59296088139126,417.05816150216543,422.70855712890625,11855300,0.0,0.0
2024-05-28 00:00:00-04:00,422.1877338257991,423.35712243524114,419.2102222377172,422.86578369140625,15718000,0.0,0.0
2024-05-29 00:00:00-04:00,418.31595899186647,423.4750155168305,418.31595899186647,421.7356872558594,15517100,0.0,0.0
2024-05-30 00:00:00-04:00,416.9500674611062,416.9500674611062,407.0643338259667,407.4869079589844,28394500,0.0,0.0
2024-05-31 00:00:00-04:00,409.53083651523417,409.53083651523417,397.5028738526741,407.93890380859375,47995300,0.0,0.0
2024-06-03 00:00:00-04:00,408.3319416725267,409.2163453409128,401.83645840787784,406.35675048828125,17484700,0.0,0.0
2024-06-04 00:00:00-04:00,405.2856798357907,409.22622626275023,402.58331667273,408.8626403808594,14348900,0.0,0.0
2024-06-05 00:00:00-04:00,410.57245747625547,416.7338342090642,409.08860495020656,416.6650695800781,16988000,0.0,0.0
2024-06-06 00:00:00-04:00,416.6651146111646,417.9425834215114,413.2945078470223,417.166259765625,14861300,0.0,0.0
2024-06-07 00:00:00-04:00,418.8171717087438,418.89577271534046,415.67259164399417,416.50787353515625,13621700,0.0,0.0
2024-06-10 00:00:00-04:00,417.34315052242914,420.66457531575907,416.5471841383872,420.4582214355469,13982900,0.0,0.0
2024-06-11 00:00:00-04:00,418.10961578141064,425.3224647271418,417.8835891699695,425.18487548828125,14551100,0.0,0.0
2024-06-12 00:00:00-04:00,427.7791794767063,435.71920053687387,425.7450298401941,433.41973876953125,22366200,0.0,0.0
2024-06-13 00:00:00-04:00,433.21335923548196,435.709368351957,431.7589858154619,433.9306945800781,15960600,0.0,0.0
2024-06-14 00:00:00-04:00,430.6879302565991,435.4637589084296,429.1549556248856,434.90362548828125,13582000,0.0,0.0
2024-06-17 00:00:00-04:00,434.9232138540311,443.1285766509554,433.08561180023855,440.60308837890625,20790000,0.0,0.0
2024-06-18 00:00:00-04:00,441.9199255268032,442.3424996772447,437.18344238899346,438.6083068847656,17112500,0.0,0.0
2024-06-20 00:00:00-04:00,438.5689526211533,438.79497924029823,433.6260860366594,437.9793701171875,19877400,0.0,0.0
2024-06-21 00:00:00-04:00,439.63025801243765,442.774807970896,438.77533339876635,441.9886779785156,34187100,0.0,0.0
2024-06-24 00:00:00-04:00,442.0083612472025,444.9072720890794,438.67709986214254,439.915283203125,15913700,0.0,0.0
2024-06-25 00:00:00-04:00,440.4851865060809,443.60028735592437,439.01117026568124,443.138427734375,16413400,0.0,0.0
2024-06-26 00:00:00-04:00,441.2221891732116,445.7425115856911,440.42622281234816,444.32745361328125,16507000,0.0,0.0
2024-06-27 00:00:00-04:00,444.3471165440364,448.2680202655606,443.94421515967235,445.0055236816406,14806300,0.0,0.0
2024-06-28 00:00:00-04:00,445.22168389223947,447.49166642517747,438.6770484115445,439.20770263671875,28362300,0.0,0.0
2024-07-01 00:00:00-04:00,440.8880538633733,449.44716577540373,437.9400216100097,448.8182678222656,17662800,0.0,0.0
2024-07-02 00:00:00-04:00,445.3494912239479,451.62878536550966,445.26102385148636,451.32415771484375,13979800,0.0,0.0
2024-07-03 00:00:00-04:00,450.2530351597629,453.0339994689676,449.9484075142332,452.788330078125,9932800,0.0,0.0
2024-07-05 00:00:00-04:00,451.6483651745115,460.2369864186551,451.0194672052492,459.4606628417969,16000300,0.0,0.0
2024-07-08 00:00:00-04:00,458.46817132419625,459.598274429734,456.4143789671548,458.1635437011719,12962300,0.0,0.0
2024-07-09 00:00:00-04:00,458.91038601076474,459.23465638604694,450.06628863582495,451.5796203613281,17207200,0.0,0.0
2024-07-10 00:00:00-04:00,453.2305340754163,458.3797547644369,450.9113994976311,458.17340087890625,18196100,0.0,0.0
2024-07-11 00:00:00-04:00,454.9600551032178,456.72886266734906,443.7280281074878,446.823486328125,23111200,0.0,0.0
2024-07-12 00:00:00-04:00,446.45987718044813,448.4547114032981,442.8436310012122,445.6933898925781,16324300,0.0,0.0
2024-07-15 00:00:00-04:00,445.4476817175394,449.33910606074033,443.61007966105154,446.09625244140625,14429400,0.0,0.0
2024-07-16 00:00:00-04:00,446.3517811207802,446.43038212668165,438.92274152217504,441.7331848144531,17175700,0.0,0.0
2024-07-17 00:00:00-04:00,434.92324477920374,437.14410559537976,431.5723108003405,435.8371276855469,21778000,0.0,0.0
2024-07-18 00:00:00-04:00,436.6429302135875,436.9475578488645,426.8751131633182,432.74169921875,20794800,0.0,0.0
2024-07-19 00:00:00-04:00,425.5976305961669,433.49836608097274,424.51667935003445,429.53814697265625,20940400,0.0,0.0
2024-07-22 00:00:00-04:00,434.1371082507153,436.898429671943,431.306992206013,435.2671813964844,15808800,0.0,0.0
2024-07-23 00:00:00-04:00,436.21051790501895,440.6227600869156,435.4243879336588,437.1440734863281,13107100,0.0,0.0
2024-07-24 00:00:00-04:00,432.82031037979385,433.8324669900576,420.18306232506063,421.4703674316406,26805800,0.0,0.0
2024-07-25 00:00:00-04:00,421.37209200547386,422.3547694868196,410.2776848331151,411.1522521972656,29943800,0.0,0.0
2024-07-26 00:00:00-04:00,410.95575198353527,421.490056226304,410.0418390958428,417.90325927734375,23583800,0.0,0.0
2024-07-29 00:00:00-04:00,424.10394408211863,424.66407745687695,417.34314804369717,419.3379821777344,15125800,0.0,0.0
2024-07-30 00:00:00-04:00,420.3108034246303,421.6177512482942,410.13024936818454,415.5939636230469,32687600,0.0,0.0
2024-07-31 00:00:00-04:00,413.2159000993034,414.4737261342931,405.06949500365346,411.1031494140625,42891400,0.0,0.0
2024-08-01 00:00:00-04:00,413.5009199514555,420.05536281702473,405.9342903580987,409.8846435546875,30296400,0.0,0.0
2024-08-02 00:00:00-04:00,405.3445889736249,407.8111188309651,397.33577420400843,401.41387939453125,29437900,0.0,0.0
2024-08-05 00:00:00-04:00,382.42860065253456,394.09297731515574,378.9007621776494,388.30499267578125,40709200,0.0,0.0
2024-08-06 00:00:00-04:00,393.07100276300895,398.6427974223072,391.59698650264767,392.687744140625,24946500,0.0,0.0
2024-08-07 00:00:00-04:00,401.5613886423986,402.9764167958112,390.58486666117705,391.5282287597656,20650900,0.0,0.0
2024-08-08 00:00:00-04:00,395.46871662305415,398.8294567188382,393.0120229903142,395.7143859863281,20203000,0.0,0.0
2024-08-09 00:00:00-04:00,397.0312061411671,400.9815590644515,395.2918776876415,398.9867248535156,19276700,0.0,0.0
2024-08-12 00:00:00-04:00,400.008700380632,401.6792641246606,397.23754263585204,399.7630310058594,16762900,0.0,0.0
2024-08-13 00:00:00-04:00,402.49483997156227,407.7620065253935,402.47519721922214,406.8382873535156,19414300,0.0,0.0
2024-08-14 00:00:00-04:00,407.6146635587636,410.4840953956977,405.3053951498375,409.63897705078125,18267000,0.0,0.0
2024-08-15 00:00:00-04:00,413.2715696251715,414.5611950729744,411.1648649409175,414.4824523925781,20752100,0.75,0.0
2024-08-16 00:00:00-04:00,414.05913029915934,414.787612725286,410.8104315549657,411.9622497558594,22775600,0.0,0.0
2024-08-19 00:00:00-04:00,412.44459964164133,415.19121979816396,409.98347800679744,414.9746398925781,15234000,0.0,0.0
2024-08-20 00:00:00-04:00,415.142080341804,419.2373610043497,415.0830158159111,418.19384765625,16387600,0.0,0.0
2024-08-21 00:00:00-04:00,417.48497282390196,419.7689009161739,415.1616884163413,417.5440673828125,16067300,0.0,0.0
2024-08-22 00:00:00-04:00,417.7606059891525,420.1528389914807,408.1622318516386,409.0876159667969,19361900,0.0,0.0
2024-08-23 00:00:00-04:00,410.4953667195193,412.7399082092029,405.68139889495615,410.3083190917969,18493800,0.0,0.0
2024-08-26 00:00:00-04:00,409.89487877847426,410.7907306533513,404.94310328054127,407.0596618652344,13152800,0.0,0.0
2024-08-27 00:00:00-04:00,406.43952621400086,407.91619944694173,403.87012920932085,407.404296875,13492900,0.0,0.0
2024-08-28 00:00:00-04:00,408.42810007077503,408.54622911327857,400.975815861933,404.21466064453125,14882700,0.0,0.0
2024-08-29 00:00:00-04:00,408.48716903331825,415.4865852646763,404.2146650393698,406.6954650878906,17045200,0.0,0.0
2024-08-30 00:00:00-04:00,409.1368946584357,410.9974871196902,405.72085639315753,410.6529541015625,24308300,0.0,0.0
2024-09-03 00:00:00-04:00,411.4109748667296,413.35034007836833,400.7001678121759,403.07269287109375,20313600,0.0,0.0
2024-09-04 00:00:00-04:00,399.59758459335677,404.8446830658677,398.0815251485243,402.54107666015625,15135800,0.0,0.0
2024-09-05 00:00:00-04:00,401.28095677141835,406.67574622741506,399.8141378862011,402.03900146484375,14195500,0.0,0.0
2024-09-06 00:00:00-04:00,402.6985610672717,404.26383081056673,394.5670056307313,395.4530334472656,19609500,0.0,0.0
2024-09-09 00:00:00-04:00,400.9068736495872,402.2949499033103,395.89603343829765,399.4105224609375,15295100,0.0,0.0
2024-09-10 00:00:00-04:00,401.8519747424291,409.85551750473985,401.3597503882825,407.7586669921875,19594300,0.0,0.0
2024-09-11 00:00:00-04:00,409.03843011648604,417.39638986900843,403.21048066101315,416.461181640625,19266900,0.0,0.0
2024-09-12 00:00:00-04:00,416.7270008247058,420.7238603737511,413.22236565404535,420.359619140625,17395700,0.0,0.0
2024-09-13 00:00:00-04:00,419.2077526362247,425.1144444971336,418.84351144501346,423.89373779296875,15874600,0.0,0.0
2024-09-16 00:00:00-04:00,423.9035976857479,426.7880250402565,421.5606050753592,424.632080078125,13834700,0.0,0.0
2024-09-17 00:00:00-04:00,433.3838900790578,434.9786922694464,425.54765628869114,428.38287353515625,18874200,0.0,0.0
2024-09-18 00:00:00-04:00,428.235163297131,429.249144206207,423.7165475930165,424.1103210449219,18898000,0.0,0.0
2024-09-19 00:00:00-04:00,434.3683366283435,434.6341269777226,430.1056566789826,431.8678283691406,21706600,0.0,0.0
2024-09-20 00:00:00-04:00,430.4206328981448,432.409208323067,427.4672869965637,428.5009460449219,55167100,0.0,0.0
2024-09-23 00:00:00-04:00,427.52635570448473,429.6724465370328,423.6968661035608,426.7683410644531,15128900,0.0,0.0
2024-09-24 00:00:00-04:00,426.2662748026867,426.61083784634445,419.4735849772464,422.495849609375,17015800,0.0,0.0
2024-09-25 00:00:00-04:00,423.14556440453987,426.384408985251,421.9051794925785,425.3901062011719,13396400,0.0,0.0
2024-09-26 00:00:00-04:00,428.3237537072511,428.53047950890726,422.45644824495844,424.6025390625,14492000,0.0,0.0
2024-09-27 00:00:00-04:00,424.80927883764434,425.1341637224931,420.8222737453315,421.36370849609375,14896100,0.0,0.0
2024-09-30 00:00:00-04:00,421.5508124966524,423.7264659769529,418.7549815080826,423.6083068847656,16807300,0.0,0.0
2024-10-01 00:00:00-04:00,421.78703621784,421.81656847562806,412.2969368087723,414.147705078125,19092900,0.0,0.0
2024-10-02 00:00:00-04:00,416.00832438993655,416.24461251055664,410.22961524498584,410.6430969238281,16582300,0.0,0.0
2024-10-03 00:00:00-04:00,411.1353318978847,413.0254566537122,407.84727671300476,410.0622863769531,13686400,0.0,0.0
2024-10-04 00:00:00-04:00,411.73584330216534,413.22237055628017,408.51670664481577,409.5897521972656,19169700,0.0,0.0
2024-10-07 00:00:00-04:00,409.5306419831522,410.6233655735784,402.6395013728588,403.1711120605469,20919800,0.0,0.0
2024-10-08 00:00:00-04:00,404.5099645290717,409.19594995144206,401.82243880752753,408.2607116699219,19229300,0.0,0.0
2024-10-09 00:00:00-04:00,409.3928325735408,413.8425600403991,407.857094965171,410.96795654296875,14974300,0.0,0.0
2024-10-10 00:00:00-04:00,408.77263914925425,410.859665558973,406.7249690560659,409.3731384277344,13848400,0.0,0.0
2024-10-11 00:00:00-04:00,409.6684790592566,410.6430736171545,406.8234080163179,409.8456726074219,14144900,0.0,0.0
2024-10-14 00:00:00-04:00,411.2731366880873,417.4456494762865,411.0270245046469,412.6218566894531,16653100,0.0,0.0
2024-10-15 00:00:00-04:00,415.61450241094855,415.90985501650863,408.80213492837686,412.2279968261719,18900200,0.0,0.0
2024-10-16 00:00:00-04:00,408.71353454058965,409.8850007237477,404.09646824766287,409.64874267578125,15508900,0.0,0.0
2024-10-17 00:00:00-04:00,415.7917465890575,415.9295838303706,409.127039576057,410.2394714355469,14820000,0.0,0.0
2024-10-18 00:00:00-04:00,410.6529166681237,413.1238623045801,409.7865970653071,411.65704345703125,17145300,0.0,0.0
2024-10-21 00:00:00-04:00,409.6487277415062,412.4445580314681,407.315589473935,412.2673645019531,14206100,0.0,0.0
2024-10-22 00:00:00-04:00,411.9819473916582,423.88392916296095,411.53896348036403,420.8616943359375,25482200,0.0,0.0
2024-10-23 00:00:00-04:00,424.15957703194096,424.3761569602065,415.95913210482394,417.9969482421875,19654400,0.0,0.0
2024-10-24 00:00:00-04:00,418.71552307399537,419.3554387186423,415.8310957950025,418.1248779296875,13581600,0.0,0.0
2024-10-25 00:00:00-04:00,420.1233007480341,425.79370434385993,419.9362531076575,421.4916687011719,16899100,0.0,0.0
2024-10-28 00:00:00-04:00,424.9471252042487,425.2227696357769,419.670464602579,419.9559631347656,14882400,0.0,0.0
2024-10-29 00:00:00-04:00,421.3440208086144,426.43363353122214,419.17822176857095,425.23260498046875,17644100,0.0,0.0
2024-10-30 00:00:00-04:00,430.6372663836306,431.68077966192817,425.3803136298507,425.8036193847656,29749100,0.0,0.0
2024-10-31 00:00:00-04:00,408.9005934690843,409.6881704469,399.9814907408766,400.0307312011719,53971000,0.0,0.0
2024-11-01 00:00:00-04:00,402.64935394725995,409.0384161036912,401.162826864631,403.9881896972656,24230400,0.0,0.0
2024-11-04 00:00:00-05:00,403.42706781751014,404.0374512515174,399.26286901744754,402.10791015625,19672300,0.0,0.0
2024-11-05 00:00:00-05:00,402.0193362267301,408.44778544240023,401.7338376736444,405.061279296875,17626000,0.0,0.0
2024-11-06 00:00:00-05:00,406.00632872643234,413.91145024796907,404.1358522419557,413.6456298828125,26681800,0.0,0.0
2024-11-07 00:00:00-05:00,414.7285695615749,420.21195632741785,413.3503473156427,418.81402587890625,19901800,0.0,0.0
2024-11-08 00:00:00-05:00,418.7057298172818,419.8673720771894,415.2207729945687,415.9689636230469,16891400,0.0,0.0
2024-11-11 00:00:00-05:00,415.9492425000552,418.2036383732599,409.530647967578,411.5093994140625,24503300,0.0,0.0
2024-11-12 00:00:00-05:00,411.7456911405818,417.8394313280264,410.7120319666306,416.45135498046875,19401200,0.0,0.0
2024-11-13 00:00:00-05:00,415.0829808583345,422.6533640239858,411.7062988498683,418.5876159667969,21502200,0.0,0.0
2024-11-14 00:00:00-05:00,418.39068982634956,421.51140536702854,413.4684464166278,420.2513122558594,30246900,0.0,0.0
2024-11-15 00:00:00-05:00,413.2912534776132,416.2248913266483,407.2073678244848,408.54620361328125,28247600,0.0,0.0
2024-11-18 00:00:00-05:00,408.41825976061074,411.8933627455597,405.6913474607701,409.29443359375,24727000,0.0,0.0
2024-11-19 00:00:00-05:00,406.6855735772408,411.4404774532615,405.149836063281,411.2928161621094,18133500,0.0,0.0
2024-11-20 00:00:00-05:00,410.3871084118776,410.8005900683197,404.19491792354364,409.028564453125,19191700,0.0,0.0
2024-11-21 00:00:00-05:00,413.80287334750346,414.07906953202513,404.717960528392,407.2629089355469,20780200,0.83,0.0
2024-11-22 00:00:00-05:00,405.7832773797643,411.73138418459337,405.4774898240383,411.3368225097656,24814600,0.0,0.0
2024-11-25 00:00:00-05:00,412.698073057269,415.36138685697927,409.21601445717323,413.1025085449219,27691100,0.0,0.0
2024-11-26 00:00:00-05:00,413.891635863064,423.21330950979313,413.161695275106,422.17755126953125,23458900,0.0,0.0
2024-11-27 00:00:00-05:00,419.33665679394954,421.42789081016514,416.28862504102557,417.2454528808594,18332400,0.0,0.0
2024-11-29 00:00:00-05:00,414.38481768654003,419.1097738504757,412.1259094010287,417.70904541015625,16271900,0.0,0.0
2024-12-02 00:00:00-05:00,415.84474493949193,427.1195090506518,415.58826631722377,425.126953125,20207200,0.0,0.0
2024-12-03 00:00:00-05:00,424.00241788094525,426.5967051479557,421.93093157664276,425.3439636230469,18302000,0.0,0.0
2024-12-04 00:00:00-05:00,427.1491277367897,433.69896602336337,426.7545660563865,431.4795227050781,26009400,0.0,0.0
2024-12-05 00:00:00-05:00,431.97270407918,438.6211597736825,430.2464705000807,436.6088562011719,21697800,0.0,0.0
2024-12-06 00:00:00-05:00,436.29321828806303,440.04162946603964,435.7704172944161,437.5459899902344,18821000,0.0,0.0
2024-12-09 00:00:00-05:00,436.5891099408423,442.2412722506749,434.5176237615362,439.962646484375,19144400,0.0,0.0
2024-12-10 00:00:00-05:00,438.3548361326827,443.51378920495125,435.6027181772746,437.3092041015625,18469500,0.0,0.0
2024-12-11 00:00:00-05:00,438.0194510528632,444.23391032066826,438.0194510528632,442.8923645019531,19200200,0.0,0.0
2024-12-12 00:00:00-05:00,443.01071967285327,449.96499320791463,443.01071967285327,443.4546203613281,20834800,0.0,0.0
2024-12-13 00:00:00-05:00,442.34983294961415,445.2992167545738,439.5286583553318,441.1957092285156,20177800,0.0,0.0
2024-12-16 00:00:00-05:00,441.19569319284585,446.039014950384,439.23272866925197,445.45703125,23598800,0.0,0.0
2024-12-17 00:00:00-05:00,444.88489699979203,449.1067696297947,443.46445105856475,448.28802490234375,22733500,0.0,0.0
2024-12-18 00:00:00-05:00,445.19070178831043,446.50262602359174,431.08488976149135,431.44989013671875,24444500,0.0,0.0
2024-12-19 00:00:00-05:00,435.6224173363725,437.1612287919841,430.39440791706704,431.0947570800781,22963700,0.0,0.0
2024-12-20 00:00:00-05:00,427.22806088809443,437.71370316583733,422.80892156271733,430.6706848144531,64263700,0.0,0.0
2024-12-23 00:00:00-05:00,430.8087749659741,431.7064201820156,426.95187171586906,429.3390197753906,19152500,0.0,0.0
2024-12-24 00:00:00-05:00,428.74709084992185,433.6298778354008,428.2933464556966,433.363525390625,7164500,0.0,0.0
2024-12-26 00:00:00-05:00,433.1169536147247,434.9517090842379,430.70024449975995,432.1601257324219,8194200,0.0,0.0
2024-12-27 00:00:00-05:00,428.6978084898888,429.3093836032803,420.5598497453618,424.6830749511719,18117700,0.0,0.0
2024-12-30 00:00:00-05:00,420.2737923808389,421.7435474622816,416.17028459927946,419.06048583984375,13158700,0.0,0.0
2024-12-31 00:00:00-05:00,420.313230174155,420.9346790911402,414.94710727917607,415.77569580078125,13246500,0.0,0.0
2025-01-02 00:00:00-05:00,419.7509500092328,420.2836247921959,409.21600045312425,412.89532470703125,16896500,0.0,0.0
2025-01-03 00:00:00-05:00,415.3613950253171,418.27134378737713,413.8423310893823,417.6005859375,16662900,0.0,0.0
2025-01-06 00:00:00-05:00,422.1874160873605,428.4215926337743,419.7016505493917,422.0394592285156,20573600,0.0,0.0
2025-01-07 00:00:00-05:00,423.1738138555601,424.80139942668757,415.0851648128758,416.63385009765625,18139100,0.0,0.0
2025-01-08 00:00:00-05:00,417.70903085107875,421.17137158470763,415.8151230042094,418.7940979003906,15054600,0.0,0.0
2025-01-10 00:00:00-05:00,418.86316848876044,418.94206877538755,409.3836648034606,413.26031494140625,20201100,0.0,0.0
2025-01-13 00:00:00-05:00,409.6007014640922,412.8164377086338,406.690782868284,411.52423095703125,17604800,0.0,0.0
2025-01-14 00:00:00-05:00,412.1357932076061,414.03957499111027,405.14208486737954,410.0248718261719,16935900,0.0,0.0
2025-01-15 00:00:00-05:00,413.43787278736687,422.3353628905166,412.58953664498,420.5203552246094,19637800,0.0,0.0
2025-01-16 00:00:00-05:00,422.87788427352234,423.6571336957602,418.6264203199314,418.8138122558594,15300000,0.0,0.0
2025-01-17 00:00:00-05:00,428.1947398206691,428.57945778773313,422.35515456567043,423.2034606933594,26197500,0.0,0.0
2025-01-21 00:00:00-05:00,424.3575582513444,425.0480336398343,419.82002384260585,422.6806335449219,26085700,0.0,0.0
2025-01-22 00:00:00-05:00,431.6175525305707,441.1956738632283,430.07874109453735,440.1402282714844,27803800,0.0,0.0
2025-01-23 00:00:00-05:00,435.9972845633218,440.68277574358376,435.50407496539947,440.643310546875,18389300,0.0,0.0
2025-01-24 00:00:00-05:00,439.1143639891968,440.5841189283991,435.40541825453283,438.029296875,15549500,0.0,0.0
2025-01-27 00:00:00-05:00,418.2516444520013,429.2896784954125,417.74856099112463,428.6583557128906,35647800,0.0,0.0
2025-01-28 00:00:00-05:00,428.6977608632086,442.2906153004339,425.5214900534852,441.12664794921875,23491700,0.0,0.0
2025-01-29 00:00:00-05:00,440.62355690140845,440.8109789415141,434.41897223898974,436.32275390625,23581400,0.0,0.0
2025-01-30 00:00:00-05:00,413.0827896381068,417.1172408671569,407.54899194570174,409.3541259765625,54586300,0.0,0.0
2025-01-31 00:00:00-05:00,413.2899333042713,414.976701732093,409.27519987674,409.42315673828125,34161900,0.0,0.0
2025-02-03 00:00:00-05:00,406.01011324135266,409.76836765650177,403.1100386386691,405.33935546875,25679100,0.0,0.0
2025-02-04 00:00:00-05:00,407.0853452090854,408.29865167160733,404.1753965052981,406.7696838378906,20532100,0.0,0.0
2025-02-05 00:00:00-05:00,406.74994863541014,408.20982973334895,404.82641922275565,407.67718505859375,16316700,0.0,0.0
2025-02-06 00:00:00-05:00,408.3775005706175,412.5204727625825,408.3775005706175,410.17279052734375,16309800,0.0,0.0
2025-02-07 00:00:00-05:00,410.8238533335017,412.96436600470287,402.5576561425311,404.18524169921875,22886800,0.0,0.0
2025-02-10 00:00:00-05:00,408.0914590052598,409.8176925215145,405.33937124502273,406.6217041015625,20817900,0.0,0.0
2025-02-11 00:00:00-05:00,404.0767525043344,406.88802298158646,403.74134350470337,405.852294921875,18140600,0.0,0.0
2025-02-12 00:00:00-05:00,401.67976029438313,405.17169274595005,398.8783333348811,403.48492431640625,19121700,0.0,0.0
2025-02-13 00:00:00-05:00,401.4726062482461,405.4182829681306,400.8412835235649,404.96453857421875,23891700,0.0,0.0
2025-02-14 00:00:00-05:00,402.25188608897315,403.3566707547541,400.3678218416371,402.8831787109375,22758500,0.0,0.0
2025-02-18 00:00:00-05:00,402.4590402622825,405.0237362453633,400.9794114377888,404.0767822265625,21423100,0.0,0.0
2025-02-19 00:00:00-05:00,402.34067225656025,409.8473079963777,402.11378500109834,409.1370849609375,24114200,0.0,0.0
2025-02-20 00:00:00-05:00,410.4714772753562,414.4448231183109,407.75338500421714,411.3017272949219,23508700,0.83,0.0
2025-02-21 00:00:00-05:00,412.4976421272199,413.1993956224997,403.15730762956775,403.47357177734375,27524800,0.0,0.0
2025-02-24 00:00:00-05:00,403.7700579395831,404.620064859675,394.68668732557927,399.3123779296875,26443700,0.0,0.0
2025-02-25 00:00:00-05:00,396.4460551720573,397.2565479767241,392.0971142682963,393.2831726074219,29387400,0.0,0.0
2025-02-26 00:00:00-05:00,393.3919661639477,398.91710270889797,389.6755831630129,395.0920104980469,19619000,0.0,0.0
2025-02-27 00:00:00-05:00,396.61410618114576,401.03224256641477,387.6197164134029,387.97552490234375,21127400,0.0,0.0
2025-02-28 00:00:00-05:00,388.1040123360274,393.0163471729864,382.0846775634414,392.3837585449219,32845700,0.0,0.0
2025-03-03 00:00:00-05:00,394.1925192721913,394.1925192721913,381.67940898205217,383.98236083984375,23007700,0.0,0.0
2025-03-04 00:00:00-05:00,378.9514121108331,388.02488953137174,376.5792652913011,384.1009521484375,29342900,0.0,0.0
2025-03-05 00:00:00-05:00,384.82253320835395,397.00948665687173,384.29868393839774,396.36700439453125,23433100,0.0,0.0
2025-03-06 00:00:00-05:00,389.70521049036057,397.4838909032578,388.12376908504734,392.2849426269531,23304600,0.0,0.0
2025-03-07 00:00:00-05:00,387.76795648683793,390.2191619837315,381.0666253730808,388.7464599609375,22034100,0.0,0.0
2025-03-10 00:00:00-04:00,381.3631114017718,381.9166113327009,372.8431337183802,375.7490234375,32840100,0.0,0.0
2025-03-11 00:00:00-04:00,374.6025176419591,381.5212976511773,372.53677123025375,376.03570556640625,30380200,0.0,0.0
2025-03-12 00:00:00-04:00,378.5067033632867,380.75035405096787,374.55311473502826,378.8229675292969,24253600,0.0,0.0
2025-03-13 00:00:00-04:00,378.71423026442886,380.8491715851453,373.07049136146827,374.3751525878906,20473000,0.0,0.0
2025-03-14 00:00:00-04:00,375.3734493768336,385.7022111357248,375.10659301872727,384.05157470703125,19952800,0.0,0.0
2025-03-17 00:00:00-04:00,382.2131776873556,388.15342385678485,381.0962841175908,384.1899719238281,22474300,0.0,0.0
2025-03-18 00:00:00-04:00,382.57886557924786,382.87537263830677,376.67813379609476,379.0700378417969,19486900,0.0,0.0
2025-03-19 00:00:00-04:00,381.0567525075918,385.1585946525035,379.5445060727477,383.3201904296875,19185500,0.0,0.0
2025-03-20 00:00:00-04:00,381.26425870483627,387.24407880313566,378.83281046953476,382.35150146484375,18470500,0.0,0.0
2025-03-21 00:00:00-04:00,378.7735544022507,387.19468720298374,378.35841433019584,386.72027587890625,39675900,0.0,0.0
2025-03-24 00:00:00-04:00,390.81219242783766,390.81219242783766,385.2870564688155,388.51910400390625,21004500,0.0,0.0
2025-03-25 00:00:00-04:00,389.34940942223693,391.7610706609813,388.0842623065983,390.57501220703125,15775000,0.0,0.0
2025-03-26 00:00:00-04:00,390.4168880991619,390.7232888134518,384.06150143845576,385.44525146484375,16108400,0.0,0.0
2025-03-27 00:00:00-04:00,385.60330465875484,387.6888077325019,382.9049701422927,386.0480651855469,13766800,0.0,0.0
2025-03-28 00:00:00-04:00,383.5771084434194,384.6149434292676,372.55648752516225,374.40478515625,21632000,0.0,0.0
2025-03-31 00:00:00-04:00,368.2174556076631,372.6948931611048,362.97893300010196,371.0343933105469,35184700,0.0,0.0
2025-04-01 00:00:00-04:00,370.302940607575,378.4078083047587,368.8994337189865,377.7554626464844,19689500,0.0,0.0
2025-04-02 00:00:00-04:00,373.584455994143,380.61194495123306,372.2501138660857,377.7060852050781,16092600,0.0,0.0
2025-04-03 00:00:00-04:00,370.4413527847735,373.10014336261634,365.0644702169303,368.78082275390625,30198000,0.0,0.0
2025-04-04 00:00:00-04:00,359.9050576420754,370.24368334469244,355.3090169453245,355.6648254394531,49209900,0.0,0.0
2025-04-07 00:00:00-04:00,346.808801297969,366.6953473866903,340.78946619633433,353.7077941894531,50425000,0.0,0.0
2025-04-08 00:00:00-04:00,363.98712785508354,369.3145725706382,346.18608632628985,350.4460754394531,35868900,0.0,0.0
2025-04-09 00:00:00-04:00,349.4379409733939,388.667426732123,349.0030438091915,385.9591979980469,50199700,0.0,0.0
2025-04-10 00:00:00-04:00,377.6269854135807,379.44563241847453,363.5324334212975,376.92523193359375,38024400,0.0,0.0
2025-04-11 00:00:00-04:00,376.22346214057205,385.52425170247653,374.49376732812806,383.9428405761719,23839200,0.0,0.0
2025-04-14 00:00:00-04:00,388.6575350248574,390.07093573374146,379.75206690221165,383.310302734375,19251200,0.0,0.0
2025-04-15 00:00:00-04:00,384.0021985236263,387.3429858222691,379.70266475267175,381.25445556640625,17199900,0.0,0.0
2025-04-16 00:00:00-04:00,376.25312290658945,377.1821883945702,363.7301188576812,367.2982177734375,21967800,0.0,0.0
2025-04-17 00:00:00-04:00,369.41342738591277,369.97682098932336,362.6330375516977,363.5126953125,21120200,0.0,0.0
2025-04-21 00:00:00-04:00,358.6102367890087,360.25097956592975,351.54320368031085,354.9531555175781,20807300,0.0,0.0
2025-04-22 00:00:00-04:00,359.1637542302739,363.5028019496421,355.68457702509073,362.5638427734375,19485000,0.0,0.0
2025-04-23 00:00:00-04:00,371.6966268435602,375.9764033603888,368.69189108581185,370.0460205078125,20545500,0.0,0.0
2025-04-24 00:00:00-04:00,371.3408006891215,383.9428636514652,370.8367085183124,382.8061828613281,22232300,0.0,0.0
2025-04-25 00:00:00-04:00,382.50964370251074,387.60977590482884,380.13749690604453,387.3033752441406,18973200,0.0,0.0
2025-04-28 00:00:00-04:00,387.4121350910717,388.1830836548117,382.15388522315925,386.6214294433594,16579400,0.0,0.0
2025-04-29 00:00:00-04:00,386.75978890275064,390.5157161336794,385.8504804253008,389.468017578125,14974000,0.0,0.0
2025-04-30 00:00:00-04:00,385.7713871677669,392.0576085897077,379.97939447353656,390.6738586425781,36461100,0.0,0.0
2025-05-01 00:00:00-04:00,426.1078502028247,431.91962985286955,419.9699127886788,420.464111328125,58938100,0.0,0.0
2025-05-02 00:00:00-04:00,426.73058824697114,434.34125858777406,425.00089318437847,430.2295227050781,30757400,0.0,0.0
2025-05-05 00:00:00-04:00,427.84743296236513,434.40051033348516,427.0962415401901,431.1091613769531,20136100,0.0,0.0
2025-05-06 00:00:00-04:00,427.1852727603517,432.65110795280134,426.1672248726853,428.2823791503906,15104200,0.0,0.0
2025-05-07 00:00:00-04:00,428.8061738000786,433.0365119798482,426.10783898687293,428.3218688964844,23295300,0.0,0.0
2025-05-08 00:00:00-04:00,432.84876270467214,438.52218293606853,430.6051120016966,433.08599853515625,23491300,0.0,0.0
2025-05-09 00:00:00-04:00,434.89471877509555,435.6261229679929,430.8225275981773,433.63946533203125,15324200,0.0,0.0
2025-05-12 00:00:00-04:00,440.7657862582039,444.15598092637396,434.6772567640601,444.0472717285156,22821900,0.0,0.0
2025-05-13 00:00:00-04:00,442.5844751269483,445.4409573721911,440.19254074927665,443.9287109375,23618800,0.0,0.0
2025-05-14 00:00:00-04:00,442.940276452347,448.6334230518337,442.940276452347,447.6845703125,19902800,0.0,0.0
2025-05-15 00:00:00-04:00,446.35766502511365,451.7246251089068,446.0209967126778,448.694580078125,21992300,0.83,0.0
2025-05-16 00:00:00-04:00,447.6251542704443,449.91254071320964,444.3376746324017,449.82342529296875,23849800,0.0,0.0
2025-05-19 00:00:00-04:00,446.46663650360125,455.0913715701619,446.3874026485213,454.37841796875,21336500,0.0,0.0
2025-05-20 00:00:00-04:00,451.1305396548173,453.85362179890075,449.87298168888566,453.685302734375,15441800,0.0,0.0
2025-05-21 00:00:00-04:00,450.12049890400635,453.29906971148773,447.3875051898017,448.14007568359375,19216900,0.0,0.0
2025-05-22 00:00:00-04:00,450.4967994491365,455.74490907390424,449.4570590917957,450.40765380859375,18025600,0.0,0.0
2025-05-23 00:00:00-04:00,445.5754743252827,449.2491512931012,444.51594054738166,445.77349853515625,16883500,0.0,0.0
2025-05-27 00:00:00-04:00,452.0118204825961,456.4380677238799,451.65532857824905,456.18060302734375,20974300,0.0,0.0
2025-05-28 00:00:00-04:00,456.7054113344306,457.9926743719098,452.45739496057166,452.8831787109375,17086300,0.0,0.0
2025-05-29 00:00:00-04:00,457.0321797296883,457.2005290082406,450.8532686393741,454.1902770996094,13974800,0.0,0.0
2025-05-30 00:00:00-04:00,455.2200705832806,457.16087682654637,451.08099341488645,455.8537902832031,34770500,0.0,0.0
2025-06-02 00:00:00-04:00,452.6653804963421,457.5867035205711,452.41782757710985,457.4480895996094,16626500,0.0,0.0
2025-06-03 00:00:00-04:00,456.9529759669727,459.5968543955761,456.3489311405408,458.43829345703125,15743800,0.0,0.0
2025-06-04 00:00:00-04:00,459.4582001214203,461.1316602074749,458.48778183720145,459.3294677734375,14162700,0.0,0.0
2025-06-05 00:00:00-04:00,460.40879598021155,465.05289099241804,459.487906406924,463.1021728515625,20131700,0.0,0.0
2025-06-06 00:00:00-04:00,465.4885869985769,468.7067748339504,464.19141216551986,465.7757568359375,15285600,0.0,0.0
2025-06-09 00:00:00-04:00,465.10242514198006,468.7958952647425,464.0329796350046,468.12255859375,16469900,0.0,0.0
2025-06-10 00:00:00-04:00,466.5778015728124,468.1720277278758,462.38919566775553,466.3104553222656,15375900,0.0,0.0
2025-06-11 00:00:00-04:00,465.41924870930376,470.81591405576256,465.0627870357861,467.9938049316406,16399200,0.0,0.0
2025-06-12 00:00:00-04:00,470.3702965389571,475.7174632765806,468.88497916047487,474.1826171875,18950600,0.0,0.0
2025-06-13 00:00:00-04:00,471.7467626653197,474.48963821321644,468.1324959807857,470.3109436035156,16814500,0.0,0.0
2025-06-16 00:00:00-04:00,470.5584575569121,475.98482813726486,470.3505215770748,474.45001220703125,15626100,0.0,0.0
2025-06-17 00:00:00-04:00,470.7466055851971,474.0539088222925,469.4395189734987,473.36077880859375,15414100,0.0,0.0
2025-06-18 00:00:00-04:00,473.3211811212961,476.291816149254,469.8158233270243,475.53924560546875,17526500,0.0,0.0
2025-06-20 00:00:00-04:00,477.50979012623617,478.72773115460745,472.2022397987241,472.72705078125,37576200,0.0,0.0
2025-06-23 00:00:00-04:00,473.5290716918197,482.97569863590195,467.8848838113984,481.2428283691406,24864000,0.0,0.0
2025-06-24 00:00:00-04:00,484.1640031375646,487.0356109071577,482.0350238939456,485.3126220703125,22305600,0.0,0.0
2025-06-25 00:00:00-04:00,487.223778215148,489.71910084538035,484.5997232276066,487.4515075683594,17495100,0.0,0.0
2025-06-26 00:00:00-04:00,488.15453290095326,493.1650012559548,487.9861836300842,492.5807800292969,21578900,0.0,0.0
2025-06-27 00:00:00-04:00,492.6797975508017,494.4126679494895,488.2040517426954,491.0855712890625,34539200,0.0,0.0
2025-06-30 00:00:00-04:00,492.17479474651304,495.8583832017286,490.4815111095117,492.5411682128906,28369000,0.0,0.0
2025-07-01 00:00:00-04:00,491.61036068604886,493.1748817381986,486.1741086010328,487.2336120605469,19945400,0.0,0.0
2025-07-02 00:00:00-04:00,485.1938116448169,488.66946431331223,483.9164603345879,486.2830505371094,16319600,0.0,0.0
2025-07-03 00:00:00-04:00,488.9764203666982,495.2345653483035,488.6100468852986,493.9571838378906,13984800,0.0,0.0
2025-07-07 00:00:00-04:00,492.51147619590915,493.86806132382594,490.38252718836065,492.84814453125,13981600,0.0,0.0
2025-07-08 00:00:00-04:00,492.37280697303856,493.3234318678901,489.2734398258723,491.7588806152344,11846600,0.0,0.0
2025-07-09 00:00:00-04:00,495.40291107466015,501.81949389446856,494.8483949293652,498.5815124511719,18659500,0.0,0.0
2025-07-10 00:00:00-04:00,498.12592881176073,499.50233742843255,492.877819466512,496.5713195800781,16492100,0.0,0.0
2025-07-11 00:00:00-04:00,493.59080845907414,500.08659454551145,492.9273533491097,498.3933410644531,16459500,0.0,0.0
2025-07-14 00:00:00-04:00,496.6109349689791,499.0369655948213,496.1257409313552,498.09625244140625,12058800,0.0,0.0
2025-07-15 00:00:00-04:00,498.09622485625505,503.3245408608939,497.8684955298327,500.86883544921875,14927200,0.0,0.0
2025-07-16 00:00:00-04:00,500.2351113436526,501.7600457375481,496.9773367906475,500.6708068847656,15154400,0.0,0.0
2025-07-17 00:00:00-04:00,500.7302212088446,508.34495123446135,500.67081092720053,506.6913146972656,17503100,0.0,0.0
2025-07-18 00:00:00-04:00,509.4440643876484,509.6025320949179,502.4630844244223,505.05743408203125,21209700,0.0,0.0
2025-07-21 00:00:00-04:00,501.7501069031347,507.0774803175347,500.60145783110823,505.06732177734375,14066800,0.0,0.0
2025-07-22 00:00:00-04:00,505.968437121084,506.19619667447284,500.32421875,500.32421875,13868600,0.0,0.0
2025-07-23 00:00:00-04:00,501.78975657062705,501.82937349813983,495.7989881406536,500.9183654785156,16396600,0.0,0.0
2025-07-24 00:00:00-04:00,503.79000158856684,508.6420329312165,502.33438916388565,505.8793640136719,16107000,0.0,0.0
2025-07-25 00:00:00-04:00,507.4537883180946,513.216827976129,505.364456023215,508.68170166015625,19125700,0.0,0.0
2025-07-28 00:00:00-04:00,509.0480107678364,509.9589885432546,505.12675096242896,507.48345947265625,14308000,0.0,0.0
2025-07-29 00:00:00-04:00,510.48381297361453,512.5533213636355,506.55264151082275,507.5527648925781,16469200,0.0,0.0
2025-07-30 00:00:00-04:00,510.12731827097724,510.89971236727115,504.4534248625209,508.2162170410156,26380400,0.0,0.0
2025-07-31 00:00:00-04:00,549.795171976257,550.0130499577134,526.6935786680993,528.2778930664062,51617300,0.0,0.0
2025-08-01 00:00:00-04:00,529.7632787074629,530.5554360086387,515.7616702567567,518.9798583984375,28977600,0.0,0.0
2025-08-04 00:00:00-04:00,523.0990575737549,532.9813491761439,522.9604134562841,530.3969116210938,25349000,0.0,0.0
2025-08-05 00:00:00-04:00,531.9219176627233,532.0407382325785,522.0792108748774,522.584228515625,19171600,0.0,0.0
2025-08-06 00:00:00-04:00,525.70337986457,526.4955370830186,518.9006307843745,519.8016967773438,21355700,0.0,0.0
2025-08-07 00:00:00-04:00,521.6434435727333,522.9208551796034,512.483986539974,515.7418212890625,16079100,0.0,0.0
2025-08-08 00:00:00-04:00,517.4845698020915,519.524403327164,514.3257923084495,516.9300537109375,15531000,0.0,0.0
2025-08-11 00:00:00-04:00,517.1875615378566,522.4258201385037,514.6327984158801,516.6627807617188,20194400,0.0,0.0
2025-08-12 00:00:00-04:00,518.6233183732385,525.7825288027884,517.5836082950698,524.0595703125,18667000,0.0,0.0
2025-08-13 00:00:00-04:00,526.9014833945702,527.4857348349631,514.2861971986356,515.484375,19619200,0.0,0.0
2025-08-14 00:00:00-04:00,517.445017549053,520.8018496782777,515.0487221853349,517.3657836914062,20269100,0.0,0.0
2025-08-15 00:00:00-04:00,517.6530169939211,520.9503786133035,513.9991332111027,515.0784301757812,25213300,0.0,0.0
2025-08-18 00:00:00-04:00,516.4844919382945,517.7024328589179,508.9885829187347,512.0383911132812,23760600,0.0,0.0
2025-08-19 00:00:00-04:00,509.9589996924715,510.11740696385556,503.5721224631474,504.7801818847656,21481000,0.0,0.0
2025-08-20 00:00:00-04:00,504.87920872605446,505.9981527246316,499.5023667236012,500.76983642578125,27723000,0.0,0.0
2025-08-21 00:00:00-04:00,499.57962247206007,503.48747238505433,498.6175369804135,500.1251220703125,18443300,0.83,0.0
2025-08-22 00:00:00-04:00,500.13506667774504,506.5621975190336,498.3100856343386,503.09075927734375,24324200,0.0,0.0
2025-08-25 00:00:00-04:00,502.4956437530773,504.04291093011733,500.00611695670057,500.1449890136719,21638600,0.0,0.0
2025-08-26 00:00:00-04:00,500.2440985723917,500.85906441774694,494.44186237473224,497.94305419921875,30835700,0.0,0.0
2025-08-27 00:00:00-04:00,497.90339657266526,503.1502356611414,495.82052770460996,502.6047058105469,17277900,0.0,0.0
2025-08-28 00:00:00-04:00,502.9518399416591,506.919197559233,501.3748189208979,505.4810485839844,18015600,0.0,0.0
2025-08-29 00:00:00-04:00,504.5090702372647,505.44140176386463,500.3730863144936,502.5551452636719,20961600,0.0,0.0
2025-09-02 00:00:00-04:00,496.38587753866574,501.87074834041937,492.75574161607386,500.9979248046875,18128000,0.0,0.0
2025-09-03 00:00:00-04:00,499.6787766683557,503.6461342434815,498.22077154875547,501.2260437011719,16345100,0.0,0.0
2025-09-04 00:00:00-04:00,500.1846427841772,504.00323087503085,499.0440334241921,503.82470703125,15509500,0.0,0.0
2025-09-05 00:00:00-04:00,504.9157608525771,507.7920894589463,488.3520284612672,490.9605712890625,31994800,0.0,0.0
2025-09-08 00:00:00-04:00,494.0451377441344,497.1099483047291,490.990285532587,494.1344299316406,16771000,0.0,0.0
2025-09-09 00:00:00-04:00,497.33805669614713,498.15137232357364,493.63851485593227,494.34271240234375,14410500,0.0,0.0
2025-09-10 00:00:00-04:00,498.8754294126598,499.1233892811019,492.66650462093776,496.2867126464844,21611800,0.0,0.0
2025-09-11 00:00:00-04:00,498.15138006137016,499.0638857033828,493.8170463660224,496.9215087890625,18881600,0.0,0.0
2025-09-12 00:00:00-04:00,502.51544395369297,508.3672905695674,499.73830564164535,505.7389221191406,23624900,0.0,0.0
2025-09-15 00:00:00-04:00,504.63805606783444,511.26350676755015,502.8626547877709,511.1544189453125,17143800,0.0,0.0
2025-09-16 00:00:00-04:00,512.6619733694059,513.0090929577493,504.449544036503,504.8859558105469,19711900,0.0,0.0
2025-09-17 00:00:00-04:00,506.4530503919847,507.1175961354426,501.80132099339164,505.8579406738281,15816600,0.0,0.0
2025-09-18 00:00:00-04:00,507.31598208941665,508.88310546808697,503.51725007824297,504.3008117675781,18913700,0.0,0.0
2025-09-19 00:00:00-04:00,506.39351766303514,515.0621842649809,506.1455578149837,513.703369140625,52474100,0.0,0.0
2025-09-22 00:00:00-04:00,511.3826037577857,513.5150225661836,508.3574445613838,510.25189208984375,20009300,0.0,0.0
2025-09-23 00:00:00-04:00,509.60711582016205,510.3907077578639,503.17008724169204,505.0744323730469,19799600,0.0,0.0
2025-09-24 00:00:00-04:00,506.215041937542,508.29788064425674,502.7832857896144,505.9869079589844,13533700,0.0,0.0
2025-09-25 00:00:00-04:00,504.1520203242895,505.8480877116936,500.9186440433766,502.89239501953125,15786500,0.0,0.0
2025-09-26 00:00:00-04:00,505.8976246789574,509.74596656687834,502.4856945681329,507.28619384765625,16213100,0.0,0.0
2025-09-29 00:00:00-04:00,507.325895548039,512.6322125671903,504.72728094557834,510.40057373046875,17617800,0.0,0.0
2025-09-30 00:00:00-04:00,509.05168089535164,513.9315141469417,505.5009089039439,513.7232666015625,19728200,0.0,0.0
2025-10-01 00:00:00-04:00,510.5989672146665,516.262392605391,507.5143608700387,515.4689331054688,22632300,0.0,0.0
2025-10-02 00:00:00-04:00,513.4157691025699,517.3434144406598,506.51254498360566,511.53125,21222900,0.0,0.0
2025-10-03 00:00:00-04:00,512.8801529316524,516.2425031799986,510.7973143114264,513.1281127929688,15112300,0.0,0.0
2025-10-06 00:00:00-04:00,514.377848960065,526.6965386672223,513.9712214168786,524.256591796875,21388600,0.0,0.0
2025-10-07 00:00:00-04:00,523.9788048028778,525.4764919541412,517.1847292577561,519.7039794921875,14615200,0.0,0.0
2025-10-08 00:00:00-04:00,519.0097599169904,522.6497936321297,518.8213080060119,520.56689453125,13363400,0.0,0.0
2025-10-09 00:00:00-04:00,518.07745494396,520.0512058016051,513.1777655449532,518.136962890625,18343600,0.0,0.0
2025-10-10 00:00:00-04:00,515.3994417043425,519.307291372133,505.4711195982234,506.7902526855469,24133800,0.0,0.0
2025-10-13 00:00:00-04:00,512.1958293204747,512.1958293204747,507.50444767633473,509.8551025390625,14284200,0.0,0.0
2025-10-14 00:00:00-04:00,506.0662576446326,511.07506506957225,501.87076583985106,509.3789978027344,14684300,0.0,0.0
2025-10-15 00:00:00-04:00,510.75768630195654,512.9694689959882,505.83814063109804,509.2401428222656,14694700,0.0,0.0
2025-10-16 00:00:00-04:00,508.3970827878481,512.6321960787722,503.9833851231019,507.4349670410156,15559600,0.0,0.0
2025-10-17 00:00:00-04:00,504.88595648751925,511.27337462741934,503.1700633614309,509.388916015625,19867800,0.0,0.0
2025-10-20 00:00:00-04:00,510.41049011219013,514.4671401409408,509.2401268135401,512.5726928710938,14665600,0.0,0.0
2025-10-21 00:00:00-04:00,513.2769402267872,514.4572316509175,508.8533142722573,513.4356079101562,15586200,0.0,0.0
2025-10-22 00:00:00-04:00,516.8971823641815,520.943843958813,513.4852520447155,516.2921142578125,18962700,0.0,0.0
2025-10-23 00:00:00-04:00,518.1964086283891,519.6742395740552,514.3777908083965,516.3118896484375,14023500,0.0,0.0
2025-10-24 00:00:00-04:00,518.5237814648117,521.0628883153897,516.4607987679614,519.3370971679688,15532400,0.0,0.0
2025-10-27 00:00:00-04:00,527.440383046071,530.2175212473691,524.6929685473742,527.1824951171875,18734700,0.0,0.0
2025-10-28 00:00:00-04:00,545.511702993095,549.2013167264516,536.3570441492753,537.6464233398438,29986700,0.0,0.0
2025-10-29 00:00:00-04:00,540.4929653309738,541.8121286840217,532.3499420595073,537.130615234375,36023000,0.0,0.0
2025-10-30 00:00:00-04:00,526.150935240438,530.6042843733296,517.8591725476514,521.469482421875,41023100,0.0,0.0
2025-10-31 00:00:00-04:00,524.5640822050067,525.0004940086545,510.89650476941233,513.5844116210938,34006400,0.0,0.0
2025-11-03 00:00:00-05:00,515.5680732671589,520.6760707602963,510.3907002836433,512.810791015625,22374700,0.0,0.0
2025-11-04 00:00:00-05:00,507.5837474278435,511.34279700787874,503.6957236126803,510.1327819824219,20958700,0.0,0.0
2025-11-05 00:00:00-05:00,509.1112106662694,510.6287541811956,502.4460479183387,503.0213317871094,23024300,0.0,0.0
2025-11-06 00:00:00-05:00,501.53353925537283,501.5732213085109,491.7639146320967,493.04339599609375,27406500,0.0,0.0
2025-11-07 00:00:00-05:00,492.89466053302914,495.304823297102,489.22484220934433,492.7657165527344,24019800,0.0,0.0
2025-11-10 00:00:00-05:00,495.9593732946225,502.71379706788474,494.7294718777327,501.8707275390625,26101500,0.0,0.0
2025-11-11 00:00:00-05:00,500.68055811559174,505.4414057875519,498.2505695472254,504.5289001464844,17980000,0.0,0.0
2025-11-12 00:00:00-05:00,505.203338237195,507.494515261433,495.0469117437556,506.9688415527344,26574900,0.0,0.0
2025-11-13 00:00:00-05:00,506.1455939798088,509.3095642884979,497.1992129195551,499.1828918457031,25273100,0.0,0.0
2025-11-14 00:00:00-05:00,494.16416907736203,507.42505738590404,493.38060745410195,506.0166320800781,28505700,0.0,0.0
2025-11-17 00:00:00-05:00,504.3007594029326,507.9407930820625,500.78963942134817,503.34857177734375,19092800,0.0,0.0
2025-11-18 00:00:00-05:00,491.3275301094218,498.87544447228873,482.8076324047851,489.76043701171875,33815100,0.0,0.0
2025-11-19 00:00:00-05:00,486.1005289347495,491.14898819063853,478.88983663624714,483.14483642578125,23245300,0.0,0.0
2025-11-20 00:00:00-05:00,489.60385435710714,490.45844852333465,472.50235794747454,475.41387939453125,26802500,0.91,0.0
2025-11-21 00:00:00-05:00,475.4834301610789,475.9007957312625,465.3179114267742,469.1436462402344,31769200,0.0,0.0
2025-11-24 00:00:00-05:00,472.0055061050608,473.89352206444323,465.0694984877541,471.0118103027344,34421000,0.0,0.0
2025-11-25 00:00:00-05:00,471.08139630740516,476.12935785467323,461.95927573241335,473.98297119140625,28019800,0.0,0.0
2025-11-26 00:00:00-05:00,483.244222260298,485.23161394332453,478.1664510662567,482.4393310546875,25709100,0.0,0.0
2025-11-28 00:00:00-05:00,484.5260924315005,489.5243812398697,483.5820692635899,488.9082946777344,14386700,0.0,0.0
2025-12-01 00:00:00-05:00,485.3607732415945,486.7718042788117,481.59465771305275,483.6714782714844,23964000,0.0,0.0
2025-12-02 00:00:00-05:00,483.6516286444489,490.38888506208144,483.2541563831954,486.91094970703125,19562700,0.0,0.0
2025-12-03 00:00:00-05:00,473.3171775583083,481.18723109312356,472.2042431453193,474.7182922363281,34615100,0.0,0.0
2025-12-04 00:00:00-05:00,476.7355376297969,478.28570075231454,473.48613274494215,477.8087158203125,22318200,0.0,0.0
2025-12-05 00:00:00-05:00,479.4780948278929,480.35255199911325,475.86105782216015,480.11407470703125,22608700,0.0,0.0
2025-12-08 00:00:00-05:00,481.8331697469475,489.19642891935564,481.3263751862239,487.92449951171875,21965900,0.0,0.0
2025-12-09 00:00:00-05:00,486.01663804004494,489.0175885389743,485.4204144751398,488.918212890625,14696100,0.0,0.0
2025-12-10 00:00:00-05:00,480.97857754952304,481.19719183884354,472.084987996716,475.5430603027344,35756200,0.0,0.0
2025-12-11 00:00:00-05:00,473.6252734590456,482.96600869209163,472.86010822118624,480.4221496582031,24669200,0.0,0.0
2025-12-12 00:00:00-05:00,476.79515128743174,479.4085762318817,473.3370788032073,475.5132751464844,21248100,0.0,0.0
2025-12-15 00:00:00-05:00,477.0733729131614,477.6894594742654,469.5411415575728,471.82666015625,23727700,0.0,0.0
2025-12-16 00:00:00-05:00,468.9350114671635,474.87732355778707,467.911505956298,473.38677978515625,20705600,0.0,0.0
2025-12-17 00:00:00-05:00,473.903466892556,476.9739832708393,472.0055042784347,473.1184387207031,24527200,0.0,0.0
2025-12-18 00:00:00-05:00,475.1754171439269,486.51349034093164,474.87732052138307,480.9289245605469,28573500,0.0,0.0
2025-12-19 00:00:00-05:00,484.2875835443981,484.7745151206103,479.44828972039977,482.856689453125,70836100,0.0,0.0
2025-12-22 00:00:00-05:00,483.05539282771,485.6489546100234,479.6470235443271,481.86297607421875,16963000,0.0,0.0
2025-12-23 00:00:00-05:00,481.922585996358,484.75459468390824,481.6840783901604,483.7807922363281,14683600,0.0,0.0
2025-12-24 00:00:00-05:00,482.61817584356095,486.0762481946253,481.77352833631136,484.94342041015625,5855900,0.0,0.0
2025-12-26 00:00:00-05:00,483.64171061957336,485.04282544173617,482.8964387136479,484.6354064941406,8842200,0.0,0.0
2025-12-29 00:00:00-05:00,481.80333660098637,485.27135560420123,481.1276307272214,484.02923583984375,10893400,0.0,0.0
2025-12-30 00:00:00-05:00,482.8666136001516,486.5929730105466,482.43933166580535,484.4068603515625,13944500,0.0,0.0
2025-12-31 00:00:00-05:00,484.7645645601486,485.06269150087525,480.25317705215497,480.5711669921875,15601600,0.0,0.0
2026-01-02 00:00:00-05:00,481.3363251826272,481.6046121327098,467.1960229709088,469.95849609375,25571600,0.0,0.0
2026-01-05 00:00:00-05:00,471.071443053882,473.0687813775576,466.5401924921144,469.86907958984375,25250300,0.0,0.0
2026-01-06 00:00:00-05:00,470.81304872472026,475.7219083069673,466.78859294331005,475.4933776855469,23037700,0.0,0.0
2026-01-07 00:00:00-05:00,476.73554642416184,486.61288592496,474.9369593023546,480.4221496582031,25564200,0.0,0.0
2026-01-08 00:00:00-05:00,478.20618966596595,479.6172511411785,472.86010104573086,475.0959167480469,18162600,0.0,0.0
2026-01-09 00:00:00-05:00,471.07145138115897,476.7951491709672,469.2231916595613,476.258544921875,18491000,0.0,0.0
2026-01-12 00:00:00-05:00,473.6649886945649,477.95773148860775,472.68120923483104,474.1717529296875,23519900,0.0,0.0
2026-01-13 00:00:00-05:00,471.68751939768345,472.7805908527595,463.01257439213845,467.70281982421875,28545800,0.0,0.0
2026-01-14 00:00:00-05:00,463.51936213123724,465.24841354789686,454.2879494306214,456.4840087890625,28184300,0.0,0.0
2026-01-15 00:00:00-05:00,461.1940901109254,461.32327541703046,453.02590941718984,453.7811279296875,23225800,0.0,0.0
2026-01-16 00:00:00-05:00,454.9437362325269,460.26996150673693,453.60227115836847,456.9609375,34246700,0.0,0.0
2026-01-20 00:00:00-05:00,448.37541805572727,453.92022725149957,446.44764578645413,451.65460205078125,26130000,0.0,0.0
2026-01-21 00:00:00-05:00,449.74670883889326,449.8361378186282,435.9144504613163,441.3102111816406,37980500,0.0,0.0
2026-01-22 00:00:00-05:00,444.7981306791853,449.98522421932967,441.8965557848095,448.29595947265625,25349400,0.0,0.0
2026-01-23 00:00:00-05:00,449.02131930234236,468.1301005814363,447.6897705604439,463.0125732421875,38000200,0.0,0.0
2026-01-26 00:00:00-05:00,462.3766075757791,471.2602507862521,459.0874767807031,467.3152770996094,29291200,0.0,0.0
2026-01-27 00:00:00-05:00,470.7137217228436,479.82589540353166,470.17711748937944,477.5503234863281,29213900,0.0,0.0
2026-01-28 00:00:00-05:00,480.16374552458444,480.69040309270366,474.9865988275796,478.5937194824219,36875400,0.0,0.0
2026-01-29 00:00:00-05:00,437.2162272399066,439.7104135269112,418.36581575660404,430.76715087890625,128855300,0.0,0.0
2026-01-30 00:00:00-05:00,436.4014165119217,436.8286984461687,423.7616041817895,427.577392578125,58566800,0.0,0.0
2026-02-02 00:00:00-05:00,427.5276741085398,428.02452201181774,419.58805431821895,420.70098876953125,42219900,0.0,0.0
2026-02-03 00:00:00-05:00,419.3496095186449,419.3893355198486,405.98438775489564,408.61767578125,61424100,0.0,0.0
2026-02-04 00:00:00-05:00,408.4089957411405,417.15350712085007,406.6600813351222,411.5788879394531,45012400,0.0,0.0
2026-02-05 00:00:00-05:00,404.87144402823185,405.7260079125925,389.8467674620769,391.1882629394531,66289200,0.0,0.0
2026-02-06 00:00:00-05:00,396.65359346172795,399.2570717870675,390.44299427907015,398.6111755371094,53515300,0.0,0.0
2026-02-09 00:00:00-05:00,402.2977759502542,412.2744908996196,398.3428555009064,410.99261474609375,45480500,0.0,0.0
2026-02-10 00:00:00-05:00,416.9746165751398,421.009018998737,410.09825878894065,410.6646423339844,44857900,0.0,0.0
2026-02-11 00:00:00-05:00,413.5563153661985,413.8345489802859,398.4819668946231,401.8207702636719,42491000,0.0,0.0
2026-02-12 00:00:00-05:00,402.44684542456184,403.6392926521932,395.50092068537,399.3067626953125,40802400,0.0,0.0
2026-02-13 00:00:00-05:00,401.90028127287496,402.98340606348665,395.54060384789733,398.7900085449219,34091600,0.0,0.0
2026-02-17 00:00:00-05:00,396.7032617740463,397.9950542597942,392.04282577248057,394.3581237792969,32078800,0.0,0.0
2026-02-18 00:00:00-05:00,395.6201070500213,400.02217209191446,393.8215201082963,397.0808410644531,23223400,0.0,0.0
2026-02-19 00:00:00-05:00,399.07278661262325,402.7976819572589,395.0690225854118,396.8517761230469,28234000,0.91,0.0
2026-02-20 00:00:00-05:00,394.51123443489973,398.5050592846536,393.56508699389525,395.6267395019531,34015200,0.0,0.0
2026-02-23 00:00:00-05:00,393.405742102137,393.7642745182822,381.55377772275136,382.9182434082031,43238300,0.0,0.0
2026-02-24 00:00:00-05:00,382.5895619940176,387.78846403174964,380.1693467763097,387.429931640625,33884700,0.0,0.0
2026-02-25 00:00:00-05:00,388.95376053046306,399.84960746436826,388.5852587696308,398.9831237792969,43625500,0.0,0.0
2026-02-26 00:00:00-05:00,403.0765245044552,405.8453028142193,397.1306190557743,400.0986022949219,34405900,0.0,0.0
2026-02-27 00:00:00-05:00,389.30236795593413,395.2183958601928,388.30640407164015,391.15484619140625,51367200,0.0,0.0
2026-03-02 00:00:00-05:00,391.2743390590049,399.57073485574693,389.0533591512552,396.9413757324219,35474900,0.0,0.0
2026-03-03 00:00:00-05:00,391.5532542396072,405.05852201627056,391.0851500003899,402.2996826171875,38199200,0.0,0.0
2026-03-04 00:00:00-05:00,399.6504140582061,409.3710312257941,398.69429724653685,403.5645751953125,35808000,0.0,0.0
2026-03-05 00:00:00-05:00,402.78771732924594,409.9486695143622,402.7677785996419,409.0224304199219,39001300,0.0,0.0
2026-03-06 00:00:00-05:00,407.54843921074234,411.38287590243635,406.8612216895844,407.30938720703125,31123900,0.0,0.0
2026-03-09 00:00:00-04:00,403.2857003455267,408.55432729115563,401.8714182880504,407.757568359375,30131900,0.0,0.0
2026-03-10 00:00:00-04:00,408.37506928692744,408.5443965203919,401.30371964643086,404.122314453125,31706400,0.0,0.0
2026-03-11 00:00:00-04:00,403.9330670994013,407.35918518479474,399.96912002302975,403.245849609375,25512100,0.0,0.0
2026-03-12 00:00:00-04:00,402.9968458288957,404.4808221962511,400.0886180975,400.2380065917969,27263900,0.0,0.0
2026-03-13 00:00:00-04:00,399.3815063856616,403.16615688192843,392.65875035547907,393.9534912109375,26848000,0.0,0.0
2026-03-16 00:00:00-04:00,396.4633374914087,399.01300251860397,393.1965772756644,398.33575439453125,27733700,0.0,0.0
2026-03-17 00:00:00-04:00,398.6544574759768,402.7677932271478,396.1446394015159,397.7979431152344,26228300,0.0,0.0
2026-03-18 00:00:00-04:00,395.5271224277118,396.3936061005556,389.42185925959103,390.20867919921875,25908500,0.0,0.0
2026-03-19 00:00:00-04:00,388.52551763585893,390.90585551603124,385.4977789148814,387.4498596191406,25138800,0.0,0.0
2026-03-20 00:00:00-04:00,385.2288602760525,385.43800417098345,378.58576812261686,380.3287048339844,50853200,0.0,0.0
2026-03-23 00:00:00-04:00,382.3505545919761,385.64719283721575,380.1395134056624,381.4541931152344,29680100,0.0,0.0
2026-03-24 00:00:00-04:00,380.8167328036651,380.9263046350485,370.34917314154325,371.2355651855469,42733600,0.0,0.0
2026-03-25 00:00:00-04:00,375.39872248264555,375.5381416220395,368.13813722010167,369.5424499511719,31181200,0.0,0.0
2026-03-26 00:00:00-04:00,369.32332012922615,373.2075730440749,363.7160388213271,364.4928894042969,36836600,0.0,0.0
2026-03-27 00:00:00-04:00,360.43934753557875,360.9871459448897,355.07111764854045,355.3300476074219,37883400,0.0,0.0
2026-03-30 00:00:00-04:00,360.43933630538186,363.88536295562653,354.84202394218255,357.5111999511719,44797000,0.0,0.0
2026-03-31 00:00:00-04:00,363.07862179545566,371.3949263066763,361.6046146993887,368.67596435546875,45244400,0.0,0.0
2026-04-01 00:00:00-04:00,371.98254731341393,372.48052926345224,366.7139201659809,367.8791809082031,29417200,0.0,0.0
2026-04-02 00:00:00-04:00,365.7278929006101,372.1319638369453,362.680245817395,371.9526672363281,24099100,0.0,0.0
2026-04-06 00:00:00-04:00,371.9825539180967,372.22160592655575,368.0086676124431,371.3750305175781,16146600,0.0,0.0
2026-04-07 00:00:00-04:00,368.8452727581139,370.9467724245638,365.080530373921,370.78741455078125,21443300,0.0,0.0
2026-04-08 00:00:00-04:00,383.4261612830284,383.44606961738685,369.91092498913014,372.8191223144531,33064800,0.0,0.0
2026-04-09 00:00:00-04:00,370.9965328148009,371.9924966612836,365.5685176937085,371.5642395019531,30435300,0.0,0.0
2026-04-10 00:00:00-04:00,371.47460743717505,374.1238749235223,368.5365019241105,369.37310791015625,28111100,0.0,0.0
2026-04-13 00:00:00-04:00,372.10205289266787,382.98796126737693,369.5225100750242,382.8186340332031,35745800,0.0,0.0
2026-04-14 00:00:00-04:00,386.3543213772784,393.09698589720546,384.95994763093,391.5233459472656,37504500,0.0,0.0
2026-04-15 00:00:00-04:00,396.3936283702306,412.69755239260473,395.1287651714373,409.5602722167969,45063400,0.0,0.0
2026-04-16 00:00:00-04:00,418.16537187855886,419.12151906860663,410.4765600541581,418.56378173828125,41642400,0.0,0.0
2026-04-17 00:00:00-04:00,423.10539315661504,429.83808848207923,418.99205736838906,421.0835876464844,48568200,0.0,0.0
2026-04-20 00:00:00-04:00,419.4501847919345,421.6213787702164,414.6197538627068,416.38262939453125,27582200,0.0,0.0
2026-04-21 00:00:00-04:00,418.5438369146158,425.45582843737157,415.516128706763,422.4480285644531,32048500,0.0,0.0
2026-04-22 00:00:00-04:00,424.4698510786937,431.9495495900464,421.9600330275293,431.1726989746094,29378200,0.0,0.0
2026-04-23 00:00:00-04:00,418.19529609754903,421.9500690544079,409.7495112929088,414.0719909667969,38308000,0.0,0.0
2026-04-24 00:00:00-04:00,415.28707116170386,423.23487407473965,414.12178001797366,422.90618896484375,27457400,0.0,0.0
2026-04-27 00:00:00-04:00,420.6752229306716,425.38611256831246,415.3866572294081,423.1053771972656,30867300,0.0,0.0
2026-04-28 00:00:00-04:00,422.8563830057505,428.1847957314844,420.197146128082,427.5174865722656,30438100,0.0,0.0
2026-04-29 00:00:00-04:00,422.8663369761165,425.0973167681131,418.59367375245296,422.746826171875,38288300,0.0,0.0
2026-04-30 00:00:00-04:00,409.15192465494977,412.74737011555624,396.4035989759817,406.1341552734375,70909400,0.0,0.0
2026-05-01 00:00:00-04:00,411.1338775963461,415.4264794885345,408.7834174283456,412.76727294921875,31372400,0.0,0.0
2026-05-04 00:00:00-04:00,409.87897009526375,419.0816663151199,409.14193618030583,411.9505615234375,28066500,0.0,0.0
2026-05-05 00:00:00-04:00,413.6437044066962,415.09780308537887,407.1500007946646,409.7196044921875,25700900,0.0,0.0
2026-05-06 00:00:00-04:00,406.3532485673598,416.73120520087787,403.4748984673602,412.2891845703125,30285900,0.0,0.0
2026-05-07 00:00:00-04:00,418.41437649189606,426.25263786097554,417.06984955189336,419.07171630859375,34942400,0.0,0.0
2026-05-08 00:00:00-04:00,415.70537649227293,416.9403619714099,412.32904436576047,413.44451904296875,33383800,0.0,0.0
2026-05-11 00:00:00-04:00,406.22377045102496,411.02432350049145,403.86334099070683,410.99444580078125,35657900,0.0,0.0
2026-05-12 00:00:00-04:00,412.8071154720842,413.8229876767416,404.9987623844293,406.1241760253906,38594200,0.0,0.0
2026-05-13 00:00:00-04:00,401.57265715241186,404.6700902960666,399.41140211310335,403.57452392578125,29667100,0.0,0.0
2026-05-14 00:00:00-04:00,402.8474630718804,410.17774231087935,399.2619871856725,407.7774658203125,27077500,0.0,0.0
2026-05-15 00:00:00-04:00,412.5979239362014,426.4418454559798,411.2434277199191,420.2170715332031,50771200,0.0,0.0
2026-05-18 00:00:00-04:00,414.93848271907115,423.40417602339767,413.9325494355234,421.83056640625,32564100,0.0,0.0
2026-05-19 00:00:00-04:00,428.16486989475214,430.9535870211983,414.808990493047,415.7352600097656,33018700,0.0,0.0
2026-05-20 00:00:00-04:00,412.49835957243755,420.3963455784958,409.63991780241736,419.36053466796875,27864000,0.0,0.0
2026-05-21 00:00:00-04:00,423.9518891931334,425.5388979071037,414.92886694253497,418.3025207519531,31393500,0.91,0.0
2026-05-22 00:00:00-04:00,418.7517174636334,423.60257118762803,415.54772693408205,417.7835388183594,22390300,0.0,0.0
2026-05-26 00:00:00-04:00,415.6475333356961,418.9812539216563,412.24393696715845,415.248291015625,30398000,0.0,0.0
2026-05-27 00:00:00-04:00,410.23773822181624,415.15846763645,408.8104019854481,411.8946228027344,28901500,0.0,0.0
2026-05-28 00:00:00-04:00,412.2040283766931,428.68298564682067,411.89461329838434,426.18768310546875,47250500,0.0,0.0
2026-05-29 00:00:00-04:00,431.7372486144539,449.48383969057267,431.54760317786213,449.3940124511719,79654400,0.0,0.0
2026-06-01 00:00:00-04:00,463.96658383705716,465.4438139523178,457.40892124774234,459.6546936035156,53628900,0.0,0.0
2026-06-02 00:00:00-04:00,446.0403151791343,452.64787129328397,439.6024225764256,440.48077392578125,37036800,0.0,0.0
2026-06-03 00:00:00-04:00,437.62618910935214,439.56254639446627,423.45285793258154,426.53704833984375,39037000,0.0,0.0
2026-06-04 00:00:00-04:00,434.9911260035114,435.33048350032107,425.60879436274143,427.2456970214844,26899500,0.0,0.0
2026-06-05 00:00:00-04:00,427.5351398188391,428.66302140752947,413.6213308264138,415.8870849609375,34782200,0.0,0.0
2026-06-08 00:00:00-04:00,413.3618539280056,416.37616844333525,407.79232157753756,410.9663391113281,32086700,0.0,0.0
2026-06-09 00:00:00-04:00,408.26144336727174,411.20591258759293,397.7312786929967,402.6520080566406,35317300,0.0,0.0
2026-06-10 00:00:00-04:00,397.80110870103243,404.2789346443135,396.41373636313654,396.61334228515625,32576000,0.0,0.0
2026-06-11 00:00:00-04:00,394.46741202742857,396.1043451719433,383.278483574852,389.6065673828125,47224100,0.0,0.0
2026-06-12 00:00:00-04:00,390.6945042817559,391.003919361718,381.55171206615995,390.00579833984375,34865800,0.0,0.0
2026-06-15 00:00:00-04:00,396.05442037645633,400.99513175706005,392.11186050588947,399.0088806152344,32266400,0.0,0.0
2026-06-16 00:00:00-04:00,395.0463355104342,396.094350419825,389.9559121071713,393.0899963378906,31506800,0.0,0.0
2026-06-17 00:00:00-04:00,389.51671695343225,389.6364865987809,376.6110198431126,378.1980285644531,41987800,0.0,0.0
2026-06-18 00:00:00-04:00,377.11008548581106,380.6534028700893,372.5786075934489,378.6871032714844,59714200,0.0,0.0
2026-06-22 00:00:00-04:00,375.0339909424311,380.9129385065033,366.3802985575179,366.6497802734375,45171100,0.0,0.0
2026-06-23 00:00:00-04:00,371.6802994138851,376.51120135394876,369.9735210485466,373.23736572265625,40647600,0.0,0.0
2026-06-24 00:00:00-04:00,370.87185096853153,378.16811350773463,364.09460041679364,364.7733154296875,44509900,0.0,0.0
2026-06-25 00:00:00-04:00,362.0883479855026,363.5456265920902,348.54386902384044,352.1670227050781,66179000,0.0,0.0
2026-06-26 00:00:00-04:00,356.4789138154501,375.90234020580533,354.762144454129,372.2691955566406,186201600,0.0,0.0
2026-06-29 00:00:00-04:00,376.790685328561,379.7850483907747,359.2237492715265,367.8774719238281,51229900,0.0,0.0
2026-06-30 00:00:00-04:00,370.3328407149792,373.44697342275583,366.7595808670141,372.319091796875,44945700,0.0,0.0
2026-07-01 00:00:00-04:00,380.1144231011508,388.09939143880604,374.18561213385976,383.5579528808594,48065800,0.0,0.0
2026-07-02 00:00:00-04:00,383.7575696594082,391.4630649298244,382.97903650468743,389.7562561035156,42128900,0.0,0.0
2026-07-06 00:00:00-04:00,386.31276024010407,388.418780928489,380.5036887115837,386.0133056640625,34224500,0.0,0.0
2026-07-07 00:00:00-04:00,391.75251064257776,394.8267404517197,387.4905448392632,388.109375,29297500,0.0,0.0
2026-07-08 00:00:00-04:00,383.3084264217563,384.58602015004215,380.6134873969759,382.6197204589844,25908300,0.0,0.0
2026-07-09 00:00:00-04:00,373.74643420118315,383.92725049460796,372.64849496928053,383.6377868652344,31083200,0.0,0.0
2026-07-10 00:00:00-04:00,387.07131223677504,391.1736053926777,380.783162110783,384.37640380859375,24644600,0.0,0.0
2026-07-13 00:00:00-04:00,387.02143811329415,392.91034623109437,383.4281962321871,390.2553405761719,28914900,0.0,0.0
2026-07-14 00:00:00-04:00,382.1007052927433,387.46061042423804,377.93852713765,384.20672607421875,27863900,0.0,0.0
2026-07-15 00:00:00-04:00,387.07132248997675,398.2103568181361,385.6739591427675,394.8866271972656,36253700,0.0,0.0
2026-07-16 00:00:00-04:00,397.56157784187184,405.2271399033625,391.31333055964967,400.3463439941406,37047400,0.0,0.0
2026-07-17 00:00:00-04:00,394.1180409920291,397.64143734197864,388.6583483977542,393.08001708984375,33049800,0.0,0.0
2026-07-20 00:00:00-04:00,390.67455694621333,402.4224305318551,388.91785418191677,401.53411865234375,27915800,0.0,0.0
2026-07-21 00:00:00-04:00,398.0606303262699,400.7156358198418,395.57531880381754,397.00262451171875,24126600,0.0,0.0
2026-07-22 00:00:00-04:00,398.8291961465565,400.246541441447,386.2329133568751,389.6065673828125,28142500,0.0,0.0
2026-07-23 00:00:00-04:00,389.23725659651495,391.04385321150613,376.68090752842744,380.8630065917969,30351800,0.0,0.0
2026-07-24 00:00:00-04:00,386.32274187573427,388.29903252889795,379.9347732203772,380.9828186035156,27659400,0.0,0.0
2026-07-27 00:00:00-04:00,389.3470355932277,393.45931979821836,387.2609663085435,388.368896484375,27856200,0.0,0.0
2026-07-28 00:00:00-04:00,392.4212554523594,399.56780545733704,390.5647345556998,392.61090087890625,32367500,0.0,0.0
2026-07-29 00:00:00-04:00,392.6607942930367,400.4960502148319,388.00954678983055,389.8061828613281,47209000,0.0,0.0
2026-07-30 00:00:00-04:00,437.07720086969465,457.8281459885008,431.6274684759506,450.2524108886719,110160700,0.0,0.0
2026-07-31 00:00:00-04:00,449.1544591210436,465.962813447145,448.4857046349594,463.8468017578125,60846000,0.0,0.0
2026-08-03 00:00:00-04:00,475.2353605631651,490.7261876465455,474.10747895013026,486.73370361328125,66762100,0.0,0.0
2026-08-04 00:00:00-04:00,479.99640781848416,498.50158065157444,478.2696778930625,491.884033203125,50455500,0.0,0.0
2026-08-05 00:00:00-04:00,495.42733843271316,497.3038108374591,484.7674131728324,486.5440673828125,33388900,0.0,0.0
2026-08-06 00:00:00-04:00,487.6319998350186,500.61756372489685,487.60205742358346,498.9207458496094,36441500,0.0,0.0
2026-08-07 00:00:00-04:00,498.2719734340298,504.23075699317457,497.79289485093346,499.0505065917969,28846200,0.0,0.0
2026-08-10 00:00:00-04:00,502.4940586092805,512.7647021753171,501.32624359045303,505.109130859375,31206100,0.0,0.0
2026-08-11 00:00:00-04:00,503.3823542433026,504.38047525067043,498.61133704649393,502.86334228515625,23049800,0.0,0.0
2026-08-12 00:00:00-04:00,499.0505227551261,500.557695253814,490.59643643442394,491.5047302246094,29001500,0.0,0.0
2026-08-13 00:00:00-04:00,492.34314786956145,500.3979918654044,492.0836571155829,495.9463806152344,23039000,0.0,0.0
2026-08-14 00:00:00-04:00,495.42733437790497,499.07050046550256,492.991947114923,494.4691467285156,16217600,0.0,0.0
2026-08-17 00:00:00-04:00,489.21906226283284,491.73431632358415,477.51109147171053,479.44744873046875,29635800,0.0,0.0
2026-08-18 00:00:00-04:00,480.6352093836093,483.36006030134655,476.2534434403709,480.72503662109375,24087600,0.0,0.0
2026-08-19 00:00:00-04:00,479.16797047398614,488.3806080919379,478.4592826108848,483.3999938964844,19961900,0.0,0.0
2026-08-20 00:00:00-04:00,483.29998779296875,484.1600036621094,479.5,481.1499938964844,20020800,0.91,0.0
2026-08-21 00:00:00-04:00,479.8800048828125,486.3599853515625,478.5299987792969,483.239990234375,22510800,0.0,0.0
2026-08-24 00:00:00-04:00,483.2099914550781,490.6099853515625,481.8599853515625,487.30999755859375,17230800,0.0,0.0
2026-08-25 00:00:00-04:00,485.44000244140625,492.44000244140625,484.29998779296875,491.7099914550781,19519000,0.0,0.0
2026-08-26 00:00:00-04:00,487.8500061035156,497.3999938964844,487.30999755859375,496.3699951171875,20758900,0.0,0.0
2026-08-27 00:00:00-04:00,494.8800048828125,506.4800109863281,490.0799865722656,505.05999755859375,28688800,0.0,0.0
2026-08-28 00:00:00-04:00,505.3299865722656,517.780029296875,504.8699951171875,513.530029296875,29207300,0.0,0.0
2026-08-31 00:00:00-04:00,510.3800048828125,512.1900024414062,506.3900146484375,507.2900085449219,27208900,0.0,0.0
2026-09-01 00:00:00-04:00,497.5199890136719,505.9700012207031,496.7799987792969,501.0199890136719,21046900,0.0,0.0
2026-09-02 00:00:00-04:00,499.8500061035156,500.2699890136719,493.80999755859375,496.82000732421875,15336100,0.0,0.0
2026-09-03 00:00:00-04:00,501.6600036621094,515.6500244140625,500.79998779296875,510.1199951171875,24125900,0.0,0.0
2026-09-04 00:00:00-04:00,510.0,511.0,499.3599853515625,499.70001220703125,18074400,0.0,0.0
