Date,Open,High,Low,Close,Volume,Dividends,Stock Splits
2021-01-04 00:00:00-05:00,49.827201285860994,50.25944280111875,48.04306135373021,48.29136657714844,2308900,0.0,0.0
2021-01-05 00:00:00-05:00,48.30057060640813,50.149086695551176,48.2545882823628,49.726043701171875,2223500,0.0,0.0
2021-01-06 00:00:00-05:00,51.83206535952161,52.92646007083026,51.20669595070914,52.43904113769531,3291300,0.0,0.0
2021-01-07 00:00:00-05:00,53.00923641570816,53.110399643011135,51.197503911314,51.67572784423828,2229400,0.0,0.0
2021-01-08 00:00:00-05:00,51.694112884078564,52.05277989709364,50.36060453427861,51.519378662109375,2720800,0.0,0.0
2021-01-11 00:00:00-05:00,50.5353503431679,52.89887778914694,50.250254296059374,52.23672103881836,1857200,0.0,0.0
2021-01-12 00:00:00-05:00,52.42064497143441,53.81852925832647,51.7584883333734,53.43227005004883,2308400,0.0,0.0
2021-01-13 00:00:00-05:00,53.156391556597484,53.30353713878256,51.84127638096892,52.153961181640625,1876000,0.0,0.0
2021-01-14 00:00:00-05:00,52.825290745113335,52.88047163064578,52.08956314581041,52.12635040283203,1207300,0.0,0.0
2021-01-15 00:00:00-05:00,51.30785611977665,51.45500164792669,49.8823831580307,51.01356506347656,1613600,0.0,0.0
2021-01-19 00:00:00-05:00,51.46420746943701,52.43904898990576,51.34465411472269,51.3906364440918,1606700,0.0,0.0
2021-01-20 00:00:00-05:00,51.61134797500693,51.85965673916007,50.71927964626398,51.280269622802734,2232000,0.0,0.0
2021-01-21 00:00:00-05:00,51.12393257602387,51.353847724592384,50.02953773179937,50.04792785644531,1724200,0.0,0.0
2021-01-22 00:00:00-05:00,49.634086366146526,50.6457116771019,49.26622070312987,50.37900924682617,1522100,0.0,0.0
2021-01-25 00:00:00-05:00,50.52614831725033,50.52614831725033,49.29380306520879,50.139892578125,1984600,0.0,0.0
2021-01-26 00:00:00-05:00,50.581320857731804,50.76525363522329,48.53967369320561,48.558067321777344,2531300,0.0,0.0
2021-01-27 00:00:00-05:00,47.63841097232382,47.7303791229622,46.74634271460202,47.206172943115234,3166000,0.0,0.0
2021-01-28 00:00:00-05:00,47.711979479932545,47.81314267877256,45.08175034299537,46.28650665283203,3985200,0.0,0.0
2021-01-29 00:00:00-05:00,46.21293236399993,46.38766656669357,44.08851570281298,44.81504821777344,5113700,0.0,0.0
2021-02-01 00:00:00-05:00,45.385242722157464,45.835877895391405,44.19888338391444,45.081756591796875,2445500,0.0,0.0
2021-02-02 00:00:00-05:00,45.302483486320206,46.85671227849173,45.10935558577974,46.41527557373047,3365700,0.0,0.0
2021-02-03 00:00:00-05:00,47.32573362127529,48.12584086898301,46.810725930679176,47.509666442871094,2854100,0.0,0.0
2021-02-04 00:00:00-05:00,47.24295193434518,48.4017259580324,47.04062903978182,47.84073257446289,2675700,0.0,0.0
2021-02-05 00:00:00-05:00,48.42011622006274,49.192631012739135,48.38332896607205,48.723602294921875,1811100,0.0,0.0
2021-02-08 00:00:00-05:00,49.34898544075481,50.01114216566799,49.04549928065402,49.385772705078125,1680700,0.0,0.0
2021-02-09 00:00:00-05:00,50.8572254288355,51.15151651095775,49.68006110034652,50.28703689575195,2877500,0.0,0.0
2021-02-10 00:00:00-05:00,50.67329231438325,50.85722511663714,49.70764948783329,50.54454040527344,2180900,0.0,0.0
2021-02-11 00:00:00-05:00,50.443382263183594,50.64570871683939,49.4225619490223,50.443382263183594,1421600,0.0,0.0
2021-02-12 00:00:00-05:00,50.20427267911978,51.89644833641854,50.1766839835409,51.81367874145508,2363400,0.0,0.0
2021-02-16 00:00:00-05:00,52.36547176980987,53.37710050516471,52.09877286986081,52.73333740234375,3784600,0.0,0.0
2021-02-17 00:00:00-05:00,53.62541094806307,53.689786909523896,52.393065601456584,52.420654296875,3737700,0.0,0.0
2021-02-18 00:00:00-05:00,52.21833073388398,52.77012923040012,51.574571083622274,51.9608268737793,2739500,0.0,0.0
2021-02-19 00:00:00-05:00,52.264302212156544,53.8277220854623,52.1723340672276,53.37709045410156,3627000,0.0,0.0
2021-02-22 00:00:00-05:00,53.34030598243557,56.06250006646144,53.34030598243557,55.0600700378418,3802000,0.0,0.0
2021-02-23 00:00:00-05:00,55.667049441348524,56.099291002855445,55.179630494611914,55.97053909301758,3668600,0.0,0.0
2021-02-24 00:00:00-05:00,56.27402997882253,58.04897518997002,56.20965401847847,57.96620559692383,3423600,0.0,0.0
2021-02-25 00:00:00-05:00,57.966197924939806,58.38004583539686,56.32000836058484,56.56831359863281,1883500,0.0,0.0
2021-02-26 00:00:00-05:00,56.12687986812261,56.605103754867486,54.738194040022755,55.01409149169922,2876200,0.0,0.0
2021-03-01 00:00:00-05:00,56.375180612737516,56.926978945872584,56.03490725431775,56.57750701904297,4016900,0.0,0.0
2021-03-02 00:00:00-05:00,56.789034501439566,57.48797492091463,56.37518658480406,56.844215393066406,2396000,0.0,0.0
2021-03-03 00:00:00-05:00,57.12930261500527,58.380041310454395,56.52232689612273,57.29484176635742,3116600,0.0,0.0
2021-03-04 00:00:00-05:00,57.29485754761829,57.53397128019984,54.68302117249132,55.54750442504883,2052000,0.0,0.0
2021-03-05 00:00:00-05:00,56.40278292633239,58.15013585743964,55.731427641034315,57.86503982543945,2240700,0.0,0.0
2021-03-08 00:00:00-05:00,58.06736569524222,61.276979002022586,57.865039254642625,61.037872314453125,2925400,0.0,0.0
2021-03-09 00:00:00-05:00,60.1733933177294,61.52529552189176,59.152569490768165,60.56884765625,2751400,0.0,0.0
2021-03-10 00:00:00-05:00,60.578034138714145,62.40815640227598,60.007842154769044,62.04029083251953,2048200,0.0,0.0
2021-03-11 00:00:00-05:00,63.015114977723265,63.373788917465774,62.16902926208349,62.38055419921875,2150400,0.0,0.0
2021-03-12 00:00:00-05:00,62.98754482968602,64.4498086534922,62.867991492223716,64.155517578125,2346700,0.0,0.0
2021-03-15 00:00:00-04:00,64.2382883296081,64.330252981769,62.169052081948514,63.91640853881836,2839600,0.0,0.0
2021-03-16 00:00:00-04:00,63.999176084730166,64.18311240971248,62.822011670656806,63.37381362915039,2074000,0.0,0.0
2021-03-17 00:00:00-04:00,63.31861927838684,64.93722360174078,63.16227868904729,64.5969467163086,2061500,0.0,0.0
2021-03-18 00:00:00-04:00,64.64293925878182,66.41788435583543,64.40382555725124,64.74410247802734,2598400,0.0,0.0
2021-03-19 00:00:00-04:00,64.76249121323688,65.92126541656071,62.77602816684887,65.5901870727539,6491300,0.0,0.0
2021-03-22 00:00:00-04:00,65.65455111332219,65.65455111332219,63.84281912083369,63.962379455566406,3280800,0.0,0.0
2021-03-23 00:00:00-04:00,63.45657297011043,64.12792820616379,61.54367749228021,62.086280822753906,2948700,0.0,0.0
2021-03-24 00:00:00-04:00,63.37380919250675,65.74652797881684,63.309426220930206,63.888816833496094,3282600,0.0,0.0
2021-03-25 00:00:00-04:00,63.95321717030391,67.12604433687004,63.502585312638224,66.9697036743164,4329800,0.0,0.0
2021-03-26 00:00:00-04:00,68.84578967062056,72.9658650255329,68.46872547538112,72.92908477783203,7677100,0.0,0.0
2021-03-29 00:00:00-04:00,73.57281591021825,76.11108002372693,72.09216242870907,72.4232406616211,6114000,0.0,0.0
2021-03-30 00:00:00-04:00,72.78841213613411,74.84986003825722,72.66824076307003,74.3136978149414,4304600,0.405,0.0
2021-03-31 00:00:00-04:00,75.53391033865881,76.236467355651,73.13968009320945,74.20275115966797,5532700,0.0,0.0
2021-04-01 00:00:00-04:00,73.25985312268894,73.93467884771134,71.2261439328014,73.84223175048828,4185300,0.0,0.0
2021-04-05 00:00:00-04:00,75.07171667807249,75.7742738223778,74.29521171809644,74.42462921142578,2633000,0.0,0.0
2021-04-06 00:00:00-04:00,73.72206577428993,74.74816656433181,72.94556088059545,73.80525970458984,2740100,0.0,0.0
2021-04-07 00:00:00-04:00,73.84224323134623,74.23050276296833,73.0749843952554,73.77753448486328,2298200,0.0,0.0
2021-04-08 00:00:00-04:00,73.43549425075146,73.97164933071761,71.83625397296342,73.5833969116211,2733600,0.0,0.0
2021-04-09 00:00:00-04:00,74.39690112768079,75.22886874869724,73.52794901813725,74.22126007080078,3958200,0.0,0.0
2021-04-12 00:00:00-04:00,74.32294386143275,74.9053225879253,73.77753551682665,74.443115234375,1858700,0.0,0.0
2021-04-13 00:00:00-04:00,74.01787743432786,74.42462211901552,72.09509335563457,72.36317443847656,2725800,0.0,0.0
2021-04-14 00:00:00-04:00,72.60353594463096,74.3414331508093,72.58504369994374,73.084228515625,3096000,0.0,0.0
2021-04-15 00:00:00-04:00,73.5464197534575,73.94391829429496,72.20602146953205,72.93630981445312,2318200,0.0,0.0
2021-04-16 00:00:00-04:00,73.86073407809596,74.35067272830591,72.33544845101218,73.490966796875,2227400,0.0,0.0
2021-04-19 00:00:00-04:00,73.16742760883237,74.39690089774305,72.15981188132538,73.43550872802734,2153400,0.0,0.0
2021-04-20 00:00:00-04:00,73.99939604168861,73.99939604168861,72.12282836552258,72.55730438232422,2241200,0.0,0.0
2021-04-21 00:00:00-04:00,72.0858658561201,74.12882162282152,71.58668104099883,74.11957550048828,2807700,0.0,0.0
2021-04-22 00:00:00-04:00,72.70520537177381,73.03799517217784,69.9689391650143,70.33869934082031,4785200,0.0,0.0
2021-04-23 00:00:00-04:00,71.07824489564054,71.98417439434793,69.88574910012363,71.94719696044922,4065200,0.0,0.0
2021-04-26 00:00:00-04:00,72.39089488800289,74.55402841519403,72.14130608430374,74.50780487060547,4502900,0.0,0.0
2021-04-27 00:00:00-04:00,74.21200529353048,75.39525489030787,73.96241644687933,74.59101867675781,3982700,0.0,0.0
2021-04-28 00:00:00-04:00,74.12880638157012,76.03309813264073,74.00862797412202,75.41374206542969,3240800,0.0,0.0
2021-04-29 00:00:00-04:00,76.17176889334651,76.82810245130104,74.71119204750308,76.18101501464844,3463000,0.0,0.0
2021-04-30 00:00:00-04:00,75.21037617694148,77.2625778198838,75.12717519136932,76.04235076904297,7387000,0.0,0.0
2021-05-03 00:00:00-04:00,76.84657555192615,80.24842122528413,76.60623285767889,79.22232055664062,4475100,0.0,0.0
2021-05-04 00:00:00-04:00,79.05593546545703,83.04940635519785,78.97274153468429,82.88301849365234,5176000,0.0,0.0
2021-05-05 00:00:00-04:00,83.19732771482913,85.89661709914517,82.18047289774842,85.81342315673828,5123800,0.0,0.0
2021-05-06 00:00:00-04:00,86.42352084804148,88.5034537430175,85.40666617659795,88.45723724365234,4550400,0.0,0.0
2021-05-07 00:00:00-04:00,88.17990912757728,91.81285882879467,87.20927096550459,91.2951889038086,3977200,0.0,0.0
2021-05-10 00:00:00-04:00,92.81122916762185,96.12063519663349,91.97925459989212,93.64320373535156,6084000,0.0,0.0
2021-05-11 00:00:00-04:00,92.07168607785474,95.88027649286124,91.52628488868238,94.27179718017578,5109600,0.0,0.0
2021-05-12 00:00:00-04:00,94.41969323786667,94.64155073551963,87.68995703637108,88.73454284667969,4676200,0.0,0.0
2021-05-13 00:00:00-04:00,89.65896779436801,93.53226712653243,88.97490298256335,93.18099212646484,4686800,0.0,0.0
2021-05-14 00:00:00-04:00,92.80197269591221,95.15923253277323,91.86831206000092,94.76173400878906,3970400,0.0,0.0
2021-05-17 00:00:00-04:00,94.29028927762221,98.39469236187264,94.05918562743196,98.28376007080078,5134300,0.0,0.0
2021-05-18 00:00:00-04:00,98.792180648141,99.74432645946798,95.24242528296912,95.649169921875,7802500,0.0,0.0
2021-05-19 00:00:00-04:00,92.5523836465162,94.45667528778232,89.99175149415596,93.85580444335938,5491400,0.0,0.0
2021-05-20 00:00:00-04:00,93.93902940149665,94.17013308891673,91.84060397019638,93.4860610961914,3253900,0.0,0.0
2021-05-21 00:00:00-04:00,94.34576030946148,95.63069615487711,93.70791897391318,94.41046905517578,2446000,0.0,0.0
2021-05-24 00:00:00-04:00,94.29954221959726,96.02819313431999,93.79111133131163,95.54750061035156,1956100,0.0,0.0
2021-05-25 00:00:00-04:00,96.05594302547513,96.25930835246928,92.47845529346701,92.48770141601562,3185700,0.0,0.0
2021-05-26 00:00:00-04:00,92.8666822688659,93.81882810050035,92.12715488102779,93.22720336914062,2140100,0.0,0.0
2021-05-27 00:00:00-04:00,95.3348788275243,96.34249444771388,93.27343813972493,93.41210174560547,4945000,0.0,0.0
2021-05-28 00:00:00-04:00,93.19024161738444,95.28866689013752,92.27507305910972,94.78948211669922,3277900,0.0,0.0
2021-06-01 00:00:00-04:00,97.06353665364719,102.58229315181896,96.73999294201316,102.36967468261719,7982300,0.0,0.0
2021-06-02 00:00:00-04:00,102.01839425231213,102.33269182617437,96.08365430417598,97.09126281738281,6173000,0.0,0.0
2021-06-03 00:00:00-04:00,96.18533718944181,99.14346094191065,94.97434932753956,98.97706604003906,2998400,0.0,0.0
2021-06-04 00:00:00-04:00,99.83677331734606,100.78891919369612,99.15270851197126,100.55781555175781,2572300,0.0,0.0
2021-06-07 00:00:00-04:00,100.1788244985336,101.25114189297051,97.53499786802126,99.25440979003906,3320100,0.0,0.0
2021-06-08 00:00:00-04:00,100.29900786655169,101.92597992283675,98.45017822845858,101.67638397216797,2764100,0.0,0.0
2021-06-09 00:00:00-04:00,100.76121470624987,101.38981706175568,99.43005511747869,99.44854736328125,2593600,0.0,0.0
2021-06-10 00:00:00-04:00,100.45615564726715,101.23266775459903,98.1266334307221,98.2745361328125,2154800,0.0,0.0
2021-06-11 00:00:00-04:00,99.37457644297129,99.98469350690551,97.81231340294958,98.53335571289062,2049800,0.0,0.0
2021-06-14 00:00:00-04:00,97.9971879478483,98.30223938780803,94.33650719382211,94.94661712646484,3797400,0.0,0.0
2021-06-15 00:00:00-04:00,94.39199543833075,95.12228397391983,91.52631097961961,94.21635437011719,5860100,0.0,0.0
2021-06-16 00:00:00-04:00,93.6062286323582,93.6062286323582,90.70356722042709,92.38600158691406,3913000,0.0,0.0
2021-06-17 00:00:00-04:00,92.66331824802688,92.66331824802688,86.58067549291383,88.05049133300781,5508600,0.0,0.0
2021-06-18 00:00:00-04:00,87.10758434883017,88.34629643491377,85.71171643242592,85.9890365600586,5248400,0.0,0.0
2021-06-21 00:00:00-04:00,87.34795196346417,88.937946538548,86.8395280580898,88.6144027709961,2482200,0.0,0.0
2021-06-22 00:00:00-04:00,88.5404304681976,89.13205525605576,87.34793477159242,88.44799041748047,2221600,0.0,0.0
2021-06-23 00:00:00-04:00,90.22286537197655,91.23048097374692,88.65136334132134,88.71607208251953,2922200,0.0,0.0
2021-06-24 00:00:00-04:00,89.49256621223073,91.86831121434443,88.6698378647917,90.481689453125,3584700,0.0,0.0
2021-06-25 00:00:00-04:00,91.21198984991527,91.32292214449645,89.2984518479144,89.38165283203125,2838400,0.0,0.0
2021-06-28 00:00:00-04:00,89.62201673762578,89.71446386465279,87.43115806050727,87.92109680175781,2378300,0.0,0.0
2021-06-29 00:00:00-04:00,88.67771029031094,89.46682877483327,87.7586279323055,87.8514633178711,1663400,0.405,0.0
2021-06-30 00:00:00-04:00,87.6657674581815,89.1047403127376,87.4986609788323,89.05831909179688,1970400,0.0,0.0
2021-07-01 00:00:00-04:00,90.05168056258435,90.37660789030544,88.67769304165512,89.72675323486328,1778700,0.0,0.0
2021-07-02 00:00:00-04:00,90.1073756712624,90.1073756712624,88.66840984265406,89.6060562133789,2215900,0.0,0.0
2021-07-06 00:00:00-04:00,89.31825512657771,89.94954544277982,85.0756150418158,85.9204330444336,3142000,0.0,0.0
2021-07-07 00:00:00-04:00,86.66313352778732,89.30898036607321,86.46817713790145,88.83551788330078,2568400,0.0,0.0
2021-07-08 00:00:00-04:00,85.97614249568372,88.1113912681185,85.08491025792989,86.9880599975586,2290100,0.0,0.0
2021-07-09 00:00:00-04:00,88.85408694941356,90.5344305079541,88.14852539325095,90.20950317382812,2711700,0.0,0.0
2021-07-12 00:00:00-04:00,89.13259660631078,91.72274368059249,88.2692142482169,90.75724029541016,1849500,0.0,0.0
2021-07-13 00:00:00-04:00,90.08880761428071,90.40444925056276,88.2877719066737,88.47344970703125,1580500,0.0,0.0
2021-07-14 00:00:00-04:00,89.3832416000775,90.25590951023689,87.64719852290956,88.26920318603516,1604100,0.0,0.0
2021-07-15 00:00:00-04:00,87.98141363701642,89.69889974010705,87.64720774394993,88.58485412597656,1278300,0.0,0.0
2021-07-16 00:00:00-04:00,88.58484850609905,88.60341982740938,85.07561956412836,85.44696807861328,2313600,0.0,0.0
2021-07-19 00:00:00-04:00,83.37670515069075,84.2493731000126,81.42713429718458,83.5902328491211,3398300,0.0,0.0
2021-07-20 00:00:00-04:00,83.55311720215954,85.56767399480798,82.31838610361288,84.9642333984375,2471200,0.0,0.0
2021-07-21 00:00:00-04:00,86.00399895737384,87.62864273076555,85.83689245736673,86.24537658691406,1832100,0.0,0.0
2021-07-22 00:00:00-04:00,87.61007457343757,88.13924395265745,85.44697583195385,87.1273193359375,2838700,0.0,0.0
2021-07-23 00:00:00-04:00,88.14852819906193,88.37134159202743,85.9575794150954,87.57294464111328,1847900,0.0,0.0
2021-07-26 00:00:00-04:00,88.05568653260899,90.8779255624763,87.91642994268074,90.75724029541016,3235800,0.0,0.0
2021-07-27 00:00:00-04:00,89.28113264949943,91.90841531236121,87.96285202874975,91.33282470703125,2848300,0.0,0.0
2021-07-28 00:00:00-04:00,91.29570266344207,92.92963227194267,89.4389667256095,92.27977752685547,3063200,0.0,0.0
2021-07-29 00:00:00-04:00,93.57018776532388,96.83803917749995,93.30096026387012,96.03964233398438,4246000,0.0,0.0
2021-07-30 00:00:00-04:00,95.38052253804976,97.4507862120666,94.81421751397326,96.56883239746094,4793900,0.0,0.0
2021-08-02 00:00:00-04:00,97.2001109799514,98.33272088925868,94.44286441739756,94.76779174804688,3531700,0.0,0.0
2021-08-03 00:00:00-04:00,94.97203625601063,99.09398479641813,94.22933912433975,99.02899932861328,3524800,0.0,0.0
2021-08-04 00:00:00-04:00,98.40700659146222,99.0197328624772,97.25583227114744,97.38580322265625,2499900,0.0,0.0
2021-08-05 00:00:00-04:00,97.00514900867759,98.16560875353218,94.1086460185664,94.23861694335938,5150600,0.0,0.0
2021-08-06 00:00:00-04:00,95.71470394001767,97.6642746015094,95.19482031905538,96.83802795410156,2668300,0.0,0.0
2021-08-09 00:00:00-04:00,96.24388659580384,100.8485899606417,96.03964454978987,100.05947875976562,4780400,0.0,0.0
2021-08-10 00:00:00-04:00,100.35655788923998,110.41078287573715,100.32870798846655,109.6402359008789,8317800,0.0,0.0
2021-08-11 00:00:00-04:00,113.19590972429319,115.09906694401356,110.24369922181668,113.9293212890625,9300900,0.0,0.0
2021-08-12 00:00:00-04:00,113.32587415807237,116.94651054082794,111.69194460038392,116.268798828125,5215000,0.0,0.0
2021-08-13 00:00:00-04:00,115.41468498253792,119.58305443468814,115.36826375923548,117.13216400146484,4748700,0.0,0.0
2021-08-16 00:00:00-04:00,115.18257659812113,115.60033921670191,110.84710127668394,115.37753295898438,4085200,0.0,0.0
2021-08-17 00:00:00-04:00,114.36563802377319,115.47039095196176,109.17605804484538,111.00494384765625,4321300,0.0,0.0
2021-08-18 00:00:00-04:00,110.03015277726512,114.38420019348115,109.45456925214282,112.11898040771484,2816700,0.0,0.0
2021-08-19 00:00:00-04:00,108.3869438469937,110.09513724959436,107.65353241341481,109.01823425292969,3438200,0.0,0.0
2021-08-20 00:00:00-04:00,109.53813434742939,110.70787996803544,107.41217085491039,108.08059692382812,2871800,0.0,0.0
2021-08-23 00:00:00-04:00,109.63094993325434,112.53674567582188,108.86041004343389,111.2463150024414,2594100,0.0,0.0
2021-08-24 00:00:00-04:00,114.83911896875208,116.93723263564893,113.72508019994771,114.42135620117188,2479900,0.0,0.0
2021-08-25 00:00:00-04:00,114.30065797690692,114.98764823716917,111.11635580831826,111.36701202392578,3463000,0.0,0.0
2021-08-26 00:00:00-04:00,112.0261520363526,112.91738436438598,109.58454702568464,109.60311126708984,2291800,0.0,0.0
2021-08-27 00:00:00-04:00,110.50363117536901,112.51818783983624,110.47578127133532,111.264892578125,2430100,0.0,0.0
2021-08-30 00:00:00-04:00,112.43464489811491,114.56989405248464,111.07922851807218,112.36965942382812,3042500,0.0,0.0
2021-08-31 00:00:00-04:00,112.10041155639134,112.33250350578345,107.97845626866443,109.138916015625,3543700,0.0,0.0
2021-09-01 00:00:00-04:00,108.4240787953724,108.96253383209441,105.23049122075567,107.93204498291016,3168100,0.0,0.0
2021-09-02 00:00:00-04:00,108.3034072335425,108.88827648565191,106.45594993406073,107.02225494384766,2035600,0.0,0.0
2021-09-03 00:00:00-04:00,107.69065478465708,108.08056752450258,105.75036966289004,105.88034057617188,1879800,0.0,0.0
2021-09-07 00:00:00-04:00,105.83392824127768,107.95060567284176,105.56470073177043,106.53948974609375,2918100,0.0,0.0
2021-09-08 00:00:00-04:00,105.9453459674659,105.99176011215208,103.63370482581635,104.1443099975586,2310800,0.0,0.0
2021-09-09 00:00:00-04:00,104.28357946573449,105.27693294552286,103.34592579959671,104.50638580322266,1712300,0.0,0.0
2021-09-10 00:00:00-04:00,105.37901957682905,107.89489519308614,104.0700177204596,104.20927429199219,2288300,0.0,0.0
2021-09-13 00:00:00-04:00,105.2119491762607,105.50902665869518,99.18683563996741,101.3777847290039,3494000,0.0,0.0
2021-09-14 00:00:00-04:00,101.61914005290582,101.81409644386596,98.23988177716144,98.59265899658203,2852700,0.0,0.0
2021-09-15 00:00:00-04:00,100.27299590091718,101.99047470605854,99.45602780294651,101.77694702148438,3266700,0.0,0.0
2021-09-16 00:00:00-04:00,101.05285108566217,102.58465963709176,99.85525556664942,101.953369140625,3306600,0.0,0.0
2021-09-17 00:00:00-04:00,101.14567418632997,101.25708087790626,96.58739173665651,97.37650299072266,7501700,0.0,0.0
2021-09-20 00:00:00-04:00,90.81293746443029,91.75059092100959,87.65648554343375,89.94026947021484,6527500,0.0,0.0
2021-09-21 00:00:00-04:00,90.80365492949645,90.8779260555791,86.64457102925016,89.31826782226562,4438100,0.0,0.0
2021-09-22 00:00:00-04:00,91.44422569535791,93.21741154263599,90.03310979602034,90.21878051757812,3692700,0.0,0.0
2021-09-23 00:00:00-04:00,90.56229820093745,94.17364903339094,90.56229820093745,92.27977752685547,3986100,0.0,0.0
2021-09-24 00:00:00-04:00,91.68561645565241,95.50120911910122,91.30498221409256,93.69088745117188,3356400,0.0,0.0
2021-09-27 00:00:00-04:00,93.43094472212256,96.72665359437704,93.43094472212256,96.47599029541016,2844800,0.0,0.0
2021-09-28 00:00:00-04:00,96.05822785941955,96.8380534965534,93.26383849391992,95.54762268066406,2421600,0.0,0.0
2021-09-29 00:00:00-04:00,96.6520671803294,97.50954514411195,92.37402814982978,93.0078125,2370600,0.405,0.0
2021-09-30 00:00:00-04:00,93.86530861668108,94.82530418983576,91.7589060755223,91.79618835449219,2544600,0.0,0.0
2021-10-01 00:00:00-04:00,91.74956872039259,92.39266832270178,87.42492495459702,91.01325988769531,4788700,0.0,0.0
2021-10-04 00:00:00-04:00,91.33949245211802,92.82142570215532,89.41950131482663,90.20240783691406,3073800,0.0,0.0
2021-10-05 00:00:00-04:00,90.81754554852331,92.49520525872202,89.66181635584842,91.99190521240234,2395400,0.0,0.0
2021-10-06 00:00:00-04:00,88.89755268762742,90.74298629858693,87.68591067797038,89.46609497070312,3402200,0.0,0.0
2021-10-07 00:00:00-04:00,91.74956636139072,93.96780803679474,91.25558874084466,92.22489929199219,3234200,0.0,0.0
2021-10-08 00:00:00-04:00,92.3740356712482,93.31539348363475,90.90141792729028,91.31151580810547,2448400,0.0,0.0
2021-10-11 00:00:00-04:00,93.15692948001747,94.96508031686771,91.8614009250161,91.91732788085938,2378300,0.0,0.0
2021-10-12 00:00:00-04:00,92.27152954272427,94.00511642421456,91.66570494678537,92.83074951171875,2194000,0.0,0.0
2021-10-13 00:00:00-04:00,93.41791416337686,93.9025694576028,91.83344966779597,93.52043151855469,2692900,0.0,0.0
2021-10-14 00:00:00-04:00,94.56432451809103,96.76392894933463,93.82801559221258,94.34996032714844,2386300,0.0,0.0
2021-10-15 00:00:00-04:00,95.7852848669982,97.2951849315629,94.74140966164964,94.8625717163086,2489300,0.0,0.0
2021-10-18 00:00:00-04:00,92.70956594376457,95.70139883960455,92.08510390833928,95.56159210205078,2687600,0.0,0.0
2021-10-19 00:00:00-04:00,95.35656124000552,96.43772596372877,93.81870816806463,96.27928161621094,2190700,0.0,0.0
2021-10-20 00:00:00-04:00,95.89713098565531,99.30838429185945,95.05829762258327,98.01285552978516,3660500,0.0,0.0
2021-10-21 00:00:00-04:00,93.41794642579428,95.50570451641636,91.33950357285435,95.13288879394531,4479400,0.0,0.0
2021-10-22 00:00:00-04:00,95.19812456691709,96.85714695318154,93.949200158693,95.37521362304688,3153400,0.0,0.0
2021-10-25 00:00:00-04:00,96.13012599039091,102.51456675292727,95.27265517000114,101.98330688476562,4507900,0.0,0.0
2021-10-26 00:00:00-04:00,102.29089247278036,106.31728540458636,99.87692402718523,103.8567123413086,5641700,0.0,0.0
2021-10-27 00:00:00-04:00,102.25363597128815,105.57168079357308,100.2963624200624,100.84626007080078,3158700,0.0,0.0
2021-10-28 00:00:00-04:00,101.61050472568016,103.66098704466573,101.3868182019083,101.95536041259766,2993500,0.0,0.0
2021-10-29 00:00:00-04:00,103.68896715082742,107.0815763835671,103.21362697329526,104.06178283691406,5369700,0.0,0.0
2021-11-01 00:00:00-04:00,105.19885185136047,105.20816708674965,99.54139652137951,101.79692077636719,4552500,0.0,0.0
2021-11-02 00:00:00-04:00,100.42681607267635,100.96739832055704,99.0008030239537,99.9328384399414,3297300,0.0,0.0
2021-11-03 00:00:00-04:00,100.01673305574002,103.42798659766976,99.26178653223985,102.75691986083984,3140600,0.0,0.0
2021-11-04 00:00:00-04:00,102.78487822979952,106.32661612670924,102.71031367997962,104.20157623291016,3557100,0.0,0.0
2021-11-05 00:00:00-04:00,104.72349277811483,107.715325406403,103.80077977016148,104.5743637084961,3130900,0.0,0.0
2021-11-08 00:00:00-05:00,110.04544004105115,111.21048450964484,107.37049538124786,108.33981323242188,4202300,0.0,0.0
2021-11-09 00:00:00-05:00,106.50368394965544,107.21203285747055,104.31340214233421,105.69281768798828,3173400,0.0,0.0
2021-11-10 00:00:00-05:00,104.02448809975921,106.33593227712726,102.17905458560762,102.85944366455078,3212100,0.0,0.0
2021-11-11 00:00:00-05:00,104.41593990064361,107.79923344534404,104.38797997231829,105.66487121582031,3301500,0.0,0.0
2021-11-12 00:00:00-05:00,105.54369932984727,107.0722369998181,104.38797728664494,104.61166381835938,3011600,0.0,0.0
2021-11-15 00:00:00-05:00,103.82875910542677,104.67690773714556,101.14449223734665,102.48662567138672,3568500,0.0,0.0
2021-11-16 00:00:00-05:00,102.62642729027455,105.21748478740565,101.72235173677203,104.10836029052734,3187200,0.0,0.0
2021-11-17 00:00:00-05:00,103.41866903508203,104.5557536016585,101.64779997783346,101.69440460205078,2834600,0.0,0.0
2021-11-18 00:00:00-05:00,101.87148082681493,104.96583833654125,101.75031166343847,104.10836029052734,2590400,0.0,0.0
2021-11-19 00:00:00-05:00,103.80079772063802,106.54097729552556,103.14836859452829,105.18020629882812,2879500,0.0,0.0
2021-11-22 00:00:00-05:00,106.03767147610266,113.22367115199717,106.03767147610266,111.53668212890625,5089100,0.0,0.0
2021-11-23 00:00:00-05:00,111.65783291488502,113.76422759438952,109.29046237561153,111.26637268066406,3831700,0.0,0.0
2021-11-24 00:00:00-05:00,111.28502012865235,112.44074194997218,107.74328302061595,107.92037200927734,2649300,0.0,0.0
2021-11-26 00:00:00-05:00,102.87808007249271,107.5569024529716,101.82488247499747,106.23341369628906,2825900,0.0,0.0
2021-11-29 00:00:00-05:00,107.53825173358824,109.04815177968035,104.39729669909384,104.45321655273438,2854000,0.0,0.0
2021-11-30 00:00:00-05:00,103.65167440187608,104.90060575748883,98.63732561862781,99.03810119628906,6881700,0.0,0.0
2021-12-01 00:00:00-05:00,100.88353611234895,103.25090750133872,97.5095716321302,97.57481384277344,4309000,0.0,0.0
2021-12-02 00:00:00-05:00,98.2738223239036,102.02992413376701,97.99420883829637,100.2497329711914,2945000,0.0,0.0
2021-12-03 00:00:00-05:00,101.44275427389915,104.8540080834298,100.90217901426166,102.98993682861328,4211200,0.0,0.0
2021-12-06 00:00:00-05:00,104.509127835814,105.47844551433467,102.6264194386932,102.7475814819336,3084800,0.0,0.0
2021-12-07 00:00:00-05:00,105.80466528968164,107.71534088119039,105.12428336667983,106.26136779785156,2498700,0.0,0.0
2021-12-08 00:00:00-05:00,107.51029244782686,107.6314616125924,104.62098384835298,105.1429214477539,1722700,0.0,0.0
2021-12-09 00:00:00-05:00,104.18293113548567,105.55302451192217,101.91808449728526,105.21749114990234,1968200,0.0,0.0
2021-12-10 00:00:00-05:00,106.3918397120296,106.89513966893857,102.8501024349067,105.5157241821289,1890000,0.0,0.0
2021-12-13 00:00:00-05:00,106.2520432316939,108.63805175159509,103.828752439811,107.69670104980469,2591500,0.0,0.0
2021-12-14 00:00:00-05:00,107.63145607038884,112.81357085721977,106.8112603297167,110.37163543701172,3672500,0.0,0.0
2021-12-15 00:00:00-05:00,105.31069761568597,106.70875097801974,96.34451993620698,100.8648910522461,8675100,0.0,0.0
2021-12-16 00:00:00-05:00,103.6982559582437,108.05085937501214,103.58640915533319,106.15882873535156,4963900,0.0,0.0
2021-12-17 00:00:00-05:00,106.00970597901102,110.6326007783488,104.77010428286316,109.98017883300781,7103200,0.0,0.0
2021-12-20 00:00:00-05:00,107.68739056571094,108.79651516902089,102.66371941439793,103.57711029052734,3248700,0.0,0.0
2021-12-21 00:00:00-05:00,104.60234323136031,105.53437869516303,103.38137193838968,104.87262725830078,2515100,0.0,0.0
2021-12-22 00:00:00-05:00,105.09631530162366,106.48504607781042,104.3879663957529,105.91650390625,1095600,0.0,0.0
2021-12-23 00:00:00-05:00,105.9817573369476,107.09088187296841,104.9844796224062,106.53166198730469,1191900,0.0,0.0
2021-12-27 00:00:00-05:00,106.9231103439029,109.02951249887444,105.81398585821529,108.72193908691406,1550600,0.0,0.0
2021-12-28 00:00:00-05:00,106.5223562637749,107.88312747188722,105.32935175862806,106.67147827148438,1524600,0.0,0.0
2021-12-29 00:00:00-05:00,107.09088057359924,107.70602030710565,105.55302057353339,107.08155822753906,1079000,0.0,0.0
2021-12-30 00:00:00-05:00,107.33431093073506,109.1690845609252,106.40755745059782,106.57605743408203,1348400,0.5,0.0
2021-12-31 00:00:00-05:00,106.68838784226101,107.32494251028247,105.32166899602774,106.85688781738281,1298900,0.0,0.0
2022-01-03 00:00:00-05:00,107.54960330891751,110.69493131553938,105.20932991958264,105.81780242919922,2243200,0.0,0.0
2022-01-04 00:00:00-05:00,106.7819962728506,110.2924064341067,105.48080481110084,109.59032440185547,2924300,0.0,0.0
2022-01-05 00:00:00-05:00,110.8166448919382,118.57699384382425,110.64814488888106,114.87936401367188,7732200,0.0,0.0
2022-01-06 00:00:00-05:00,115.70311814993916,116.0588442858324,108.98185250364313,109.15035247802734,4619400,0.0,0.0
2022-01-07 00:00:00-05:00,109.99285710952354,110.21752137110816,106.24841942068869,107.12836456298828,3521200,0.0,0.0
2022-01-10 00:00:00-05:00,106.7164770776459,107.75555913633674,103.40264877451679,104.71320343017578,3050200,0.0,0.0
2022-01-11 00:00:00-05:00,102.97202578190283,103.8238886960515,100.5568620085872,103.75835418701172,4253700,0.0,0.0
2022-01-12 00:00:00-05:00,105.58377346822587,107.97084800350724,104.31066419263016,107.39046478271484,2869000,0.0,0.0
2022-01-13 00:00:00-05:00,106.71646836468072,108.74782398702868,105.11572219624423,105.51824951171875,2325200,0.0,0.0
2022-01-14 00:00:00-05:00,104.73192062357303,105.57442054030024,102.4478184672715,103.7396469116211,2428900,0.0,0.0
2022-01-18 00:00:00-05:00,101.5117013351882,101.79252985816173,98.64720183561438,99.88286590576172,3056100,0.0,0.0
2022-01-19 00:00:00-05:00,101.5678739845038,101.96103823424721,96.99966249989662,97.58940887451172,2742100,0.0,0.0
2022-01-20 00:00:00-05:00,96.88731576235706,99.7050068485245,93.6483783340018,93.92920684814453,4079300,0.0,0.0
2022-01-21 00:00:00-05:00,92.40336392722365,92.46889130373695,86.95520715642931,87.10498809814453,5790000,0.0,0.0
2022-01-24 00:00:00-05:00,84.47450687247786,89.7822523857471,82.8456785814689,89.2205810546875,6443900,0.0,0.0
2022-01-25 00:00:00-05:00,87.16115729980292,89.32356798873988,86.33738349971952,88.17215728759766,3402500,0.0,0.0
2022-01-26 00:00:00-05:00,89.40781055622938,89.89458430047915,85.83187294340694,87.09561920166016,3590200,0.0,0.0
2022-01-27 00:00:00-05:00,91.03662947395898,92.68418384259024,89.22993823830947,90.55921173095703,5494000,0.0,0.0
2022-01-28 00:00:00-05:00,91.64511381076916,94.15388734654695,90.51242226757127,93.41436004638672,5878600,0.0,0.0
2022-01-31 00:00:00-05:00,93.03056351867797,96.35375524262116,92.74037184668737,94.9215087890625,5601400,0.0,0.0
2022-02-01 00:00:00-05:00,96.80308315829068,100.79090433511365,96.80308315829068,100.59432220458984,4530900,0.0,0.0
2022-02-02 00:00:00-05:00,100.63174321303785,105.54631671879086,99.24629839657855,104.82551574707031,4429100,0.0,0.0
2022-02-03 00:00:00-05:00,104.2919642838021,107.64323091285743,103.5056285789757,105.07829284667969,3453600,0.0,0.0
2022-02-04 00:00:00-05:00,105.36845754584296,107.034730910058,103.09371172542826,104.15151977539062,3354100,0.0,0.0
2022-02-07 00:00:00-05:00,105.61185264442629,106.31393463075476,102.22313435264651,104.02046966552734,2414000,0.0,0.0
2022-02-08 00:00:00-05:00,105.03147355484526,109.38438376500007,104.68511764198168,108.18616485595703,4273400,0.0,0.0
2022-02-09 00:00:00-05:00,108.24233619345254,112.65141097060578,107.87725406898403,112.40802764892578,4067900,0.0,0.0
2022-02-10 00:00:00-05:00,110.98512299627895,115.47845076324836,110.47962308684882,113.821533203125,3280400,0.0,0.0
2022-02-11 00:00:00-05:00,111.43447296171058,114.29896567494558,110.32050039903096,110.8447265625,3304700,0.0,0.0
2022-02-14 00:00:00-05:00,111.39702960068587,112.28633076172702,109.07547491697048,109.85244750976562,2348700,0.0,0.0
2022-02-15 00:00:00-05:00,110.12392110554961,114.23344124280996,109.52481159637831,113.81219482421875,1944300,0.0,0.0
2022-02-16 00:00:00-05:00,113.21307185957797,116.44264639680274,112.92287309228786,114.82318115234375,1941800,0.0,0.0
2022-02-17 00:00:00-05:00,113.73727738242255,115.68438639653459,112.61394910456013,113.21305847167969,2190700,0.0,0.0
2022-02-18 00:00:00-05:00,113.82152234401973,116.13371337617296,113.59685811968954,115.07591247558594,2243600,0.0,0.0
2022-02-22 00:00:00-05:00,114.88870532787267,116.9762252090426,110.62940486705513,111.12554168701172,4220600,0.0,0.0
2022-02-23 00:00:00-05:00,112.22079425504997,113.39093102542608,109.73074692150259,110.44219207763672,2377700,0.0,0.0
2022-02-24 00:00:00-05:00,106.41693195274482,113.53136297218849,105.01276765383031,113.17564392089844,2937300,0.0,0.0
2022-02-25 00:00:00-05:00,113.9338861624595,122.16228950820707,113.9338861624595,121.74104309082031,4722500,0.0,0.0
2022-02-28 00:00:00-05:00,120.58961385374981,125.79437957722264,120.00921634114793,123.21070861816406,4076500,0.0,0.0
2022-03-01 00:00:00-05:00,124.47446188662302,128.20954334956082,120.1496412439862,122.63032531738281,3765000,0.0,0.0
2022-03-02 00:00:00-05:00,124.57743169428879,130.24089601319835,122.11545957874765,129.19244384765625,3691100,0.0,0.0
2022-03-03 00:00:00-05:00,130.48428225556648,131.28933687119488,126.98322813013237,128.7431182861328,3385300,0.0,0.0
2022-03-04 00:00:00-05:00,127.19856903032083,130.0256095603653,125.75695233787614,129.85711669921875,2780600,0.0,0.0
2022-03-07 00:00:00-05:00,128.8648313427665,129.85710508225594,121.92825683481568,123.47283172607422,3623000,0.0,0.0
2022-03-08 00:00:00-05:00,122.41502929260561,123.36049463710532,117.57533830408131,117.91233825683594,3593500,0.0,0.0
2022-03-09 00:00:00-05:00,118.80165207927386,122.83628146737031,117.9591521575738,121.70358276367188,3852200,0.0,0.0
2022-03-10 00:00:00-05:00,121.7410400603035,125.62588866734927,120.69258773542771,125.02677917480469,2691800,0.0,0.0
2022-03-11 00:00:00-05:00,124.21237237982163,129.417138937,122.75204383890367,126.60881042480469,2683200,0.0,0.0
2022-03-14 00:00:00-04:00,126.87091531770224,127.65724384431314,121.03895731949265,123.6132583618164,3184400,0.0,0.0
2022-03-15 00:00:00-04:00,121.08575611673061,127.19854933144232,120.45855025142393,126.8615493774414,2977600,0.0,0.0
2022-03-16 00:00:00-04:00,128.0504097590508,131.78549173446837,123.39795877465309,126.47775268554688,2845500,0.0,0.0
2022-03-17 00:00:00-04:00,125.48548321859366,127.51683915006967,121.73167492545663,126.30924987792969,3989800,0.0,0.0
2022-03-18 00:00:00-04:00,126.55262798103958,127.53554567604927,123.59451894451539,127.46065521240234,6600400,0.0,0.0
2022-03-21 00:00:00-04:00,129.06139000871866,135.3894982826219,129.06139000871866,133.62960815429688,3825200,0.0,0.0
2022-03-22 00:00:00-04:00,134.4908410828939,137.85147053316823,133.03986859894616,134.7997589111328,2935600,0.0,0.0
2022-03-23 00:00:00-04:00,134.79975281466793,139.6207104830231,134.696780209912,137.7391357421875,3445800,0.0,0.0
2022-03-24 00:00:00-04:00,138.43187565197383,144.4416968506789,138.00125900259246,143.71153259277344,3966100,0.0,0.0
2022-03-25 00:00:00-04:00,142.56009568043177,147.61509506180667,141.97035646552672,147.549560546875,3524100,0.0,0.0
2022-03-28 00:00:00-04:00,145.62115510533508,146.30451086989245,141.04358136683734,144.02041625976562,2431700,0.0,0.0
2022-03-29 00:00:00-04:00,139.86410466214005,140.9780770999525,135.31461254405198,140.88446044921875,3362200,0.0,0.0
2022-03-30 00:00:00-04:00,141.91762206415257,143.34524097659767,138.58335355935316,140.3866729736328,2158000,0.5,0.0
2022-03-31 00:00:00-04:00,140.29273210889968,144.61319435082126,139.50378262067287,139.61648559570312,2972400,0.0,0.0
2022-04-01 00:00:00-04:00,142.0679129706967,144.13423026617207,138.16072738359614,140.189453125,2252500,0.0,0.0
2022-04-04 00:00:00-04:00,140.42425331424872,141.03476133130656,138.77121389521298,140.43365478515625,1872200,0.0,0.0
2022-04-05 00:00:00-04:00,140.5369629854772,144.556865480936,138.8557335768543,139.7574005126953,3068400,0.0,0.0
2022-04-06 00:00:00-04:00,138.76180571930064,141.46677760114366,134.31923876971848,137.5877685546875,3253800,0.0,0.0
2022-04-07 00:00:00-04:00,136.65792982797439,142.63143166381835,136.65792982797439,141.73916625976562,2578800,0.0,0.0
2022-04-08 00:00:00-04:00,142.74412799979652,144.39718146951537,140.70600123907096,141.5982666015625,2624900,0.0,0.0
2022-04-11 00:00:00-04:00,142.30269830656877,146.70768825227427,141.26955415111803,143.51431274414062,2325800,0.0,0.0
2022-04-12 00:00:00-04:00,145.35520889116302,150.6806405111748,144.4065918859228,147.68450927734375,2490200,0.0,0.0
2022-04-13 00:00:00-04:00,149.15907673810258,153.92097852742077,147.29940581558304,153.3104705810547,2777200,0.0,0.0
2022-04-14 00:00:00-04:00,154.02429073940039,156.7010869084882,153.83643332556247,155.27346801757812,2497600,0.0,0.0
2022-04-18 00:00:00-04:00,155.72430916832602,161.61328423370423,155.6022047039602,159.97901916503906,2680000,0.0,0.0
2022-04-19 00:00:00-04:00,158.37289915620607,161.80109598105835,156.18449234972417,161.38783264160156,2906700,0.0,0.0
2022-04-20 00:00:00-04:00,159.89448805723856,162.48675717420028,157.50883631354426,158.9646453857422,3599700,0.0,0.0
2022-04-21 00:00:00-04:00,161.06852371503584,176.48127385579565,159.1055225392156,164.9193572998047,7848700,0.0,0.0
2022-04-22 00:00:00-04:00,165.53922740408353,165.90552639784502,150.21099248958618,151.262939453125,4993900,0.0,0.0
2022-04-25 00:00:00-04:00,147.57177746266748,152.42759367308014,143.2607162408004,148.9242706298828,5406400,0.0,0.0
2022-04-26 00:00:00-04:00,148.68005404247097,151.7701132348366,145.65573347215215,147.4872283935547,3642200,0.0,0.0
2022-04-27 00:00:00-04:00,151.64803884348592,152.18339233837298,145.91873174534624,149.32814025878906,3270400,0.0,0.0
2022-04-28 00:00:00-04:00,150.12649418903268,152.0519182273731,144.99830728817597,150.88726806640625,2675400,0.0,0.0
2022-04-29 00:00:00-04:00,152.76571111107694,153.96792402886558,143.9745201925547,145.3739776611328,6063900,0.0,0.0
2022-05-02 00:00:00-04:00,145.09224015831236,145.61820664269044,136.58281901666697,140.87510681152344,3789100,0.0,0.0
2022-05-03 00:00:00-04:00,141.22259152280105,144.3314398286089,140.69662513446622,142.9132080078125,2560000,0.0,0.0
2022-05-04 00:00:00-04:00,143.10104853106304,145.7496690337913,138.8463388135194,145.13917541503906,2206600,0.0,0.0
2022-05-05 00:00:00-04:00,144.61321022182645,145.40215979663887,130.21481598970897,132.26234436035156,3674700,0.0,0.0
2022-05-06 00:00:00-04:00,131.4921709730794,131.8115056630232,126.20430265429329,128.2518310546875,2818800,0.0,0.0
2022-05-09 00:00:00-04:00,124.4103876617666,126.93690382688736,121.43301653502824,122.1280517578125,4802200,0.0,0.0
2022-05-10 00:00:00-04:00,124.7109209647407,125.06783284410754,119.75178919404897,121.6584243774414,2968500,0.0,0.0
2022-05-11 00:00:00-04:00,123.22694117269253,123.89380060559667,118.14571191678908,118.31477355957031,2460500,0.0,0.0
2022-05-12 00:00:00-04:00,116.39874525979324,119.24461030603203,114.8114446612193,117.06559753417969,3342000,0.0,0.0
2022-05-13 00:00:00-04:00,117.40371718348075,119.91145886273888,116.07939981408906,116.26725006103516,3377600,0.0,0.0
2022-05-16 00:00:00-04:00,114.7550838665676,115.93851528295349,109.0351713254974,112.4727554321289,5034300,0.0,0.0
2022-05-17 00:00:00-04:00,115.09320203903968,118.0236011233539,112.36004032110908,117.46945190429688,3727300,0.0,0.0
2022-05-18 00:00:00-04:00,116.44570644092693,118.82195653911207,111.20480276641923,111.9374008178711,2382400,0.0,0.0
2022-05-19 00:00:00-04:00,111.90921654535644,115.96668843065017,110.61307501546506,113.3744125366211,2310100,0.0,0.0
2022-05-20 00:00:00-04:00,115.71310575231291,117.01863457012296,109.64568224794817,112.67939758300781,2869500,0.0,0.0
2022-05-23 00:00:00-04:00,115.6661620385835,119.7518106146377,113.92858818046335,118.63412475585938,2613700,0.0,0.0
2022-05-24 00:00:00-04:00,116.3048130584049,117.957852136775,113.63739703953998,116.67111206054688,2056800,0.0,0.0
2022-05-25 00:00:00-04:00,115.67555203606462,121.49877425337993,114.5860419679544,120.84131622314453,2221200,0.0,0.0
2022-05-26 00:00:00-04:00,122.0998423782198,125.77223338469533,120.9351925685009,124.98328399658203,2015100,0.0,0.0
2022-05-27 00:00:00-04:00,127.08715617358699,129.61368611628606,124.53245048912228,129.36949157714844,1927700,0.0,0.0
2022-05-31 00:00:00-04:00,127.3031924861047,129.3695093765906,123.61202649188928,124.4103775024414,6387400,0.0,0.0
2022-06-01 00:00:00-04:00,125.05843989464041,126.10098552720412,120.0899206476083,122.76673126220703,1954500,0.0,0.0
2022-06-02 00:00:00-04:00,124.54188295192716,126.11978220951775,122.72916190200579,123.63082885742188,1554500,0.0,0.0
2022-06-03 00:00:00-04:00,121.43301582453579,123.3960170193103,120.15566987547751,120.88827514648438,1588000,0.0,0.0
2022-06-06 00:00:00-04:00,122.5319316322012,122.71977473451231,119.80815648840496,121.60208892822266,1633300,0.0,0.0
2022-06-07 00:00:00-04:00,120.69104419254681,125.87559734111203,119.90209450275744,125.65017700195312,2030700,0.0,0.0
2022-06-08 00:00:00-04:00,123.62141536373218,125.06783720735847,120.99158352351834,121.96837615966797,1771500,0.0,0.0
2022-06-09 00:00:00-04:00,120.21200842412955,120.2965428241145,116.00426334148479,116.14514923095703,2393000,0.0,0.0
2022-06-10 00:00:00-04:00,112.9611548148367,114.6142011217656,111.5898802890704,112.86723327636719,2230000,0.0,0.0
2022-06-13 00:00:00-04:00,108.8097710692654,108.93187552954188,104.21693791324812,105.44732666015625,3233500,0.0,0.0
2022-06-14 00:00:00-04:00,106.13296514281834,108.74402278476695,105.74787749344593,106.80921173095703,2681900,0.0,0.0
2022-06-15 00:00:00-04:00,111.1484629505827,113.64681792468805,106.58381222808613,109.3827133178711,3582400,0.0,0.0
2022-06-16 00:00:00-04:00,105.85117747362246,107.99262707027353,104.03846398330063,105.72908020019531,3040000,0.0,0.0
2022-06-17 00:00:00-04:00,106.11418821692126,109.12911507924174,105.01528388154355,107.06280517578125,4626100,0.0,0.0
2022-06-21 00:00:00-04:00,111.76834145216613,111.76834145216613,105.22190887773283,105.43793487548828,2527100,0.0,0.0
2022-06-22 00:00:00-04:00,101.74677259117075,102.65782670312358,99.57714673892332,101.28654479980469,3090300,0.0,0.0
2022-06-23 00:00:00-04:00,101.43682161326007,102.35726999934958,97.25725173716381,99.59593200683594,2211800,0.0,0.0
2022-06-24 00:00:00-04:00,101.22077796010542,104.63958053711634,100.14066957672068,104.31084442138672,2804700,0.0,0.0
2022-06-27 00:00:00-04:00,105.61638641971548,105.61638641971548,102.13184477848442,103.37162780761719,1941300,0.0,0.0
2022-06-28 00:00:00-04:00,104.01030127420718,106.17053258141034,101.0141632223656,101.40863800048828,1920500,0.0,0.0
2022-06-29 00:00:00-04:00,102.22013496537419,102.28618664202445,98.34194046711221,100.2574462890625,1472900,0.5,0.0
2022-06-30 00:00:00-04:00,97.70972884839696,99.64410345927412,96.47360863655739,98.52122497558594,2142400,0.0,0.0
2022-07-01 00:00:00-04:00,98.36080593165083,101.05006295931199,97.19074461417753,99.68184661865234,1831000,0.0,0.0
2022-07-05 00:00:00-04:00,96.24714337156954,98.74768334015918,94.48260981808414,98.70050048828125,2500400,0.0,0.0
2022-07-06 00:00:00-04:00,97.10583164284483,100.84248493910941,96.79444206838284,99.93663024902344,3228500,0.0,0.0
2022-07-07 00:00:00-04:00,103.79595425953822,106.11720837272394,102.21070667015607,104.25831604003906,3023600,0.0,0.0
2022-07-08 00:00:00-04:00,105.63597142258023,105.63597142258023,101.40864928280033,102.8617935180664,1998200,0.0,0.0
2022-07-11 00:00:00-04:00,101.34258111615328,105.81524043807806,101.34258111615328,101.74832916259766,2448400,0.0,0.0
2022-07-12 00:00:00-04:00,101.74832892936605,105.29625762599687,101.26709120117646,103.01274871826172,2404100,0.0,0.0
2022-07-13 00:00:00-04:00,101.58792605646562,104.24887636978873,101.00289177231068,103.52230072021484,1551900,0.0,0.0
2022-07-14 00:00:00-04:00,100.49335499254344,103.01276413640505,99.79509332101748,102.25788879394531,2247700,0.0,0.0
2022-07-15 00:00:00-04:00,103.17317724054537,104.22057337685956,101.54075395720088,104.09790802001953,1715700,0.0,0.0
2022-07-18 00:00:00-04:00,106.4852134075814,109.7028914987656,106.22100667146763,108.01384735107422,2833000,0.0,0.0
2022-07-19 00:00:00-04:00,108.48564230505386,111.43910632910188,107.57034958219256,110.61817932128906,2204300,0.0,0.0
2022-07-20 00:00:00-04:00,110.75028332941889,111.97695844217783,109.0329324122817,111.10884857177734,2340300,0.0,0.0
2022-07-21 00:00:00-04:00,116.14767738607128,121.31861383134466,114.35484381153294,121.27143096923828,3426000,0.0,0.0
2022-07-22 00:00:00-04:00,121.91306248070924,123.34733786938212,112.54311839221731,113.09984588623047,3445200,0.0,0.0
2022-07-25 00:00:00-04:00,114.53410019956542,116.1570924273877,113.46783539830663,115.34559631347656,1890900,0.0,0.0
2022-07-26 00:00:00-04:00,114.58129061158222,117.27998582907723,113.83584612292239,116.35525512695312,1704000,0.0,0.0
2022-07-27 00:00:00-04:00,116.26090380684646,120.7241330039305,114.73226989006447,120.1485366821289,2339300,0.0,0.0
2022-07-28 00:00:00-04:00,120.76187757886811,124.58345156356604,120.29950860069724,123.04537963867188,2423900,0.0,0.0
2022-07-29 00:00:00-04:00,124.57401817272641,128.44276773695833,123.3379050505537,128.1408233642578,3771500,0.0,0.0
2022-08-01 00:00:00-04:00,126.91411833990803,128.21629010947618,124.91369223445999,127.25381469726562,1550000,0.0,0.0
2022-08-02 00:00:00-04:00,126.20644413342053,126.8669609613973,122.0168596842722,124.68724822998047,2139700,0.0,0.0
2022-08-03 00:00:00-04:00,124.80992460682086,125.54593115171309,123.47944569944357,123.98898315429688,1530800,0.0,0.0
2022-08-04 00:00:00-04:00,124.31924655850374,128.51826187382144,123.61154686272478,126.6782455444336,1678200,0.0,0.0
2022-08-05 00:00:00-04:00,124.96088074525385,130.82064025078088,124.9514499331576,128.93344116210938,1471600,0.0,0.0
2022-08-08 00:00:00-04:00,130.78289253883833,132.07561920766724,128.36726579677475,128.8485107421875,1891300,0.0,0.0
2022-08-09 00:00:00-04:00,129.76377848722717,131.4245080554965,128.7446895254997,130.77342224121094,1530800,0.0,0.0
2022-08-10 00:00:00-04:00,132.8871238074725,134.5289921763529,132.04732079999496,133.50990295410156,1668600,0.0,0.0
2022-08-11 00:00:00-04:00,135.42539996536314,137.67115691318838,133.632552333459,133.89675903320312,1607700,0.0,0.0
2022-08-12 00:00:00-04:00,134.09492615555908,135.55750826711818,132.8399370868373,134.8309326171875,1112600,0.0,0.0
2022-08-15 00:00:00-04:00,132.81162716647492,134.01000254078338,129.50902897761054,133.8684539794922,1663800,0.0,0.0
2022-08-16 00:00:00-04:00,134.30254776889421,135.72737814039817,133.88736159489602,134.6044921875,1034300,0.0,0.0
2022-08-17 00:00:00-04:00,132.28318714872393,133.99109956481982,131.96236684476636,132.54739379882812,1067600,0.0,0.0
2022-08-18 00:00:00-04:00,133.87790663622633,135.03853003281023,133.48159655929976,134.50067138671875,785900,0.0,0.0
2022-08-19 00:00:00-04:00,132.7927796379252,132.86826934050748,128.76361934969015,130.37716674804688,1381500,0.0,0.0
2022-08-22 00:00:00-04:00,128.3106714411964,129.7449468855326,127.31045815437066,127.7728271484375,1759600,0.0,0.0
2022-08-23 00:00:00-04:00,129.2165233044137,132.32095945564603,129.02780627606103,129.7071990966797,1440100,0.0,0.0
2022-08-24 00:00:00-04:00,128.2351790429585,131.23583323841245,127.66902792556955,130.33941650390625,1114100,0.0,0.0
2022-08-25 00:00:00-04:00,130.9055859617638,136.10482966707445,130.9055859617638,136.07652282714844,1476100,0.0,0.0
2022-08-26 00:00:00-04:00,136.47276758317227,137.85985966757443,132.50020830509766,132.5851287841797,1610300,0.0,0.0
2022-08-29 00:00:00-04:00,131.11310934156498,133.55702787702631,129.65052766421107,131.68870544433594,1195500,0.0,0.0
2022-08-30 00:00:00-04:00,131.54721398351992,131.68874815379996,125.93279965749521,127.57465362548828,1924200,0.0,0.0
2022-08-31 00:00:00-04:00,127.59350590189014,128.5559812752321,123.68700514912982,125.44210052490234,2333200,0.0,0.0
2022-09-01 00:00:00-04:00,122.89441464829036,123.20580423789275,119.56350207915956,123.04537963867188,2110200,0.0,0.0
2022-09-02 00:00:00-04:00,125.21564755921354,126.71596727017334,122.60187297975166,123.40393829345703,1087900,0.0,0.0
2022-09-06 00:00:00-04:00,123.61155786622088,127.41426341818924,123.06426832498477,126.86697387695312,2076700,0.0,0.0
2022-09-07 00:00:00-04:00,124.8854033142451,128.32953583283722,123.01706588174946,127.96153259277344,1389700,0.0,0.0
2022-09-08 00:00:00-04:00,127.43311541545158,131.78310968845494,126.64992610229554,131.556640625,1489800,0.0,0.0
2022-09-09 00:00:00-04:00,133.04752247684715,135.9160584702246,132.7267021193468,135.463134765625,1636900,0.0,0.0
2022-09-12 00:00:00-04:00,136.51052891350687,137.23710451197027,132.8304968660411,133.72691345214844,1416100,0.0,0.0
2022-09-13 00:00:00-04:00,130.72625969241253,132.73613110103574,127.51802736525732,128.42388916015625,1705100,0.0,0.0
2022-09-14 00:00:00-04:00,123.60211070284849,124.43246851920556,112.5997364528919,113.90190124511719,5548600,0.0,0.0
2022-09-15 00:00:00-04:00,114.3925826876305,114.40201350028407,110.02371193175115,110.65592193603516,3278300,0.0,0.0
2022-09-16 00:00:00-04:00,109.18389725814919,111.09940309089153,107.71188434216845,110.47663116455078,3869800,0.0,0.0
2022-09-19 00:00:00-04:00,109.54245487379603,112.4109980179977,108.70265195318512,112.11848449707031,1728100,0.0,0.0
2022-09-20 00:00:00-04:00,109.61795659725365,110.07088754307637,106.45689958489986,107.11741638183594,2324300,0.0,0.0
2022-09-21 00:00:00-04:00,107.7496304711858,108.98574352695931,104.19225628301291,104.26774597167969,2553600,0.0,0.0
2022-09-22 00:00:00-04:00,106.08888797829817,106.2776049913772,101.84269039218678,102.71080017089844,2436900,0.0,0.0
2022-09-23 00:00:00-04:00,100.01210733559121,100.54052794223712,97.72859831113045,99.89888000488281,1982200,0.0,0.0
2022-09-26 00:00:00-04:00,98.65331743797384,100.257433494245,97.05863219209715,97.5587387084961,2078900,0.0,0.0
2022-09-27 00:00:00-04:00,98.98357458327743,99.8894291075439,97.8984338763954,99.35157775878906,1590300,0.0,0.0
2022-09-28 00:00:00-04:00,98.73823544123752,101.3520096731068,98.12489442371316,100.88964080810547,1555200,0.0,0.0
2022-09-29 00:00:00-04:00,100.53888927330274,100.96550117382824,98.43425513382104,99.8183822631836,1425100,0.5,0.0
2022-09-30 00:00:00-04:00,99.52448254920975,103.48725978416287,98.93669963284934,101.43002319335938,2251400,0.0,0.0
2022-10-03 00:00:00-04:00,104.1034831235533,109.02377584354757,103.59154452555536,108.38859558105469,2398300,0.0,0.0
2022-10-04 00:00:00-04:00,109.98129061789352,113.30888064302096,109.54519638410545,113.10979461669922,2198100,0.0,0.0
2022-10-05 00:00:00-04:00,111.28010086330022,112.59786603538537,110.23726610427907,111.72567749023438,1612300,0.0,0.0
2022-10-06 00:00:00-04:00,110.14246829650145,114.20004816067339,110.14246829650145,111.68775939941406,2171800,0.0,0.0
2022-10-07 00:00:00-04:00,110.91985533803206,111.3464672730883,108.01887682064788,109.03327178955078,1923500,0.0,0.0
2022-10-10 00:00:00-04:00,111.07153608579792,112.45566322754776,110.12350320244184,111.93424224853516,1285000,0.0,0.0
2022-10-11 00:00:00-04:00,110.89140781644561,114.93002993543085,110.35102936082143,112.68318939208984,1655300,0.0,0.0
2022-10-12 00:00:00-04:00,112.59785602062196,113.88718124787214,111.4507371644349,113.10979461669922,1316000,0.0,0.0
2022-10-13 00:00:00-04:00,110.39843214266172,118.43775459610991,108.89106325115614,117.55608367919922,2177900,0.0,0.0
2022-10-14 00:00:00-04:00,117.94477699716468,118.23866488271854,111.89632244372011,112.54098510742188,1978400,0.0,0.0
2022-10-17 00:00:00-04:00,115.3566410909874,117.93529168103306,115.04378850478696,115.74533081054688,1473500,0.0,0.0
2022-10-18 00:00:00-04:00,118.39981901616038,119.26253235929715,116.32362481346475,117.9921646118164,1247700,0.0,0.0
2022-10-19 00:00:00-04:00,117.76463562921097,119.37628849681008,115.48935546154684,115.55571746826172,2132600,0.0,0.0
2022-10-20 00:00:00-04:00,111.25165965072289,119.8503177862257,110.04766104715117,118.42826843261719,3323800,0.0,0.0
2022-10-21 00:00:00-04:00,118.81696275709983,128.5153350830078,118.76955821986493,128.5153350830078,3678600,0.0,0.0
2022-10-24 00:00:00-04:00,127.86118057288631,128.67648936886727,125.40577906453447,127.74742126464844,2190600,0.0,0.0
2022-10-25 00:00:00-04:00,125.90823606149604,129.48232383060727,125.66175273687323,129.41595458984375,1844200,0.0,0.0
2022-10-26 00:00:00-04:00,130.15546414905387,132.64879595018024,127.98447461135581,129.89950561523438,1867300,0.0,0.0
2022-10-27 00:00:00-04:00,128.9229916184814,130.29763634863733,127.75690080536653,128.4584503173828,1551400,0.0,0.0
2022-10-28 00:00:00-04:00,127.41560718883004,129.871023224572,125.44371162271892,127.0363998413086,2051800,0.0,0.0
2022-10-31 00:00:00-04:00,126.07891551557115,127.88017245263676,124.21128932404228,124.55258178710938,2954700,0.0,0.0
2022-11-01 00:00:00-04:00,127.98443819067292,129.26428835891312,123.81309932486595,127.51042175292969,1792800,0.0,0.0
2022-11-02 00:00:00-04:00,126.17367547413006,127.15014805128615,121.90752809073022,122.03077697753906,1852000,0.0,0.0
2022-11-03 00:00:00-04:00,120.95953006216301,124.15441118985908,119.98305720469531,122.07821655273438,1364600,0.0,0.0
2022-11-04 00:00:00-04:00,127.2828981231392,130.27868570432025,125.03606467017079,126.61927795410156,1740100,0.0,0.0
2022-11-07 00:00:00-05:00,127.93704891968873,129.23586395085186,126.18319657026235,127.33979797363281,1599000,0.0,0.0
2022-11-08 00:00:00-05:00,128.14560145368483,131.66280977051488,126.03149220151577,127.50094604492188,1862100,0.0,0.0
2022-11-09 00:00:00-05:00,126.666679512169,128.31626200708106,123.94582965026042,124.25868225097656,1601800,0.0,0.0
2022-11-10 00:00:00-05:00,129.19791755837417,132.16526505198414,127.78534338320782,131.8050079345703,2287200,0.0,0.0
2022-11-11 00:00:00-05:00,134.52584891097365,136.4977588764042,130.67683804671148,131.5490264892578,2772800,0.0,0.0
2022-11-14 00:00:00-05:00,130.50622409179022,137.24673918886128,130.117527096423,134.81028747558594,2300500,0.0,0.0
2022-11-15 00:00:00-05:00,136.7916665967663,138.0809919742628,135.67299467076512,136.56414794921875,2402800,0.0,0.0
2022-11-16 00:00:00-05:00,134.18454570446426,135.86256768030958,133.35028674215445,134.24143981933594,1321200,0.0,0.0
2022-11-17 00:00:00-05:00,131.72915730113226,134.867143617352,130.07958945427728,134.71546936035156,1206400,0.0,0.0
2022-11-18 00:00:00-05:00,135.654036798382,135.80572554828183,131.43529289441224,134.6491241455078,1600100,0.0,0.0
2022-11-21 00:00:00-05:00,133.89066607396438,141.58870211911457,133.4356143879412,141.2947998046875,2644800,0.0,0.0
2022-11-22 00:00:00-05:00,142.91596947419706,145.21020751360402,141.56976439979306,144.2432098388672,2507200,0.0,0.0
2022-11-23 00:00:00-05:00,143.77870124575819,143.77870124575819,140.48902528118785,141.94898986816406,1233200,0.0,0.0
2022-11-25 00:00:00-05:00,142.00582270305213,143.0865794856415,140.78286679084528,141.43701171875,578000,0.0,0.0
2022-11-28 00:00:00-05:00,140.1192388759831,141.4938834264913,138.67822509149158,139.86326599121094,1735300,0.0,0.0
2022-11-29 00:00:00-05:00,141.92050970828404,143.15295526265223,138.7635586940753,139.35134887695312,1459400,0.0,0.0
2022-11-30 00:00:00-05:00,140.10030206270926,142.36610013542074,137.4932115642999,142.15753173828125,3562100,0.0,0.0
2022-12-01 00:00:00-05:00,142.1859717166669,144.1010022442944,141.31378317582522,141.49391174316406,1409100,0.0,0.0
2022-12-02 00:00:00-05:00,139.8064038155417,146.34782461320586,139.57887072665926,146.18666076660156,2277000,0.0,0.0
2022-12-05 00:00:00-05:00,145.58940596089766,146.85976645786243,141.92999872597233,143.1624298095703,1786600,0.0,0.0
2022-12-06 00:00:00-05:00,144.8215066692294,146.80290650735108,143.16244902465863,145.0300750732422,1644800,0.0,0.0
2022-12-07 00:00:00-05:00,143.86399639391428,146.92613869176628,141.79729156065332,142.0153350830078,1829900,0.0,0.0
2022-12-08 00:00:00-05:00,144.91628275485107,145.77899600540474,142.06270946359436,143.0107421875,1298300,0.0,0.0
2022-12-09 00:00:00-05:00,142.80221062841565,143.5606254303043,139.18071774630647,139.42721557617188,1239700,0.0,0.0
2022-12-12 00:00:00-05:00,139.66421806439914,140.4795124962578,136.85803422917968,140.36575317382812,1266100,0.0,0.0
2022-12-13 00:00:00-05:00,144.6982696735748,145.05851234756489,140.9819823511347,141.6835174560547,2056000,0.0,0.0
2022-12-14 00:00:00-05:00,140.31838284086896,141.75939729488329,138.4223165203694,140.24253845214844,2064600,0.0,0.0
2022-12-15 00:00:00-05:00,136.32715875742352,136.63052181847468,126.74254381309025,127.13124084472656,3334800,0.0,0.0
2022-12-16 00:00:00-05:00,123.68985601089774,127.5483424662394,122.74182309257452,126.6572036743164,6122200,0.0,0.0
2022-12-19 00:00:00-05:00,126.56240921419665,127.0364257281075,124.23973118920068,124.91282653808594,1676100,0.0,0.0
2022-12-20 00:00:00-05:00,125.56692844273923,128.8471279554756,125.51952391448962,127.00794219970703,1727800,0.0,0.0
2022-12-21 00:00:00-05:00,128.6764809039789,130.70527040714364,127.61468885472088,130.30709838867188,1888300,0.0,0.0
2022-12-22 00:00:00-05:00,129.8425858101936,130.36399230626876,126.21161825014629,129.79518127441406,1369400,0.0,0.0
2022-12-23 00:00:00-05:00,130.41138522719504,130.82852195957028,127.83273494144998,129.00830078125,960100,0.0,0.0
2022-12-27 00:00:00-05:00,130.02271290780692,131.66282032168309,128.67650785883157,129.4444122314453,1074500,0.0,0.0
2022-12-28 00:00:00-05:00,129.72881110031489,129.72881110031489,126.78991795890312,127.2165298461914,1154600,0.0,0.0
2022-12-29 00:00:00-05:00,128.14915355928284,128.6630380139369,126.55037449398385,127.10233306884766,836500,0.51,0.0
2022-12-30 00:00:00-05:00,126.11262072194113,127.14991539683476,124.44723376791082,125.43694305419922,1138400,0.0,0.0
2023-01-03 00:00:00-05:00,125.43691981198727,126.96907610664272,123.5431465771841,124.72318267822266,1653300,0.0,0.0
2023-01-04 00:00:00-05:00,125.3322461677943,131.48942008191196,125.30369784221577,130.37599182128906,2183100,0.0,0.0
2023-01-05 00:00:00-05:00,129.90017378652547,131.74637638201966,127.86364417027353,130.423583984375,1712300,0.0,0.0
2023-01-06 00:00:00-05:00,132.56483338141405,138.84571398071273,132.5362850462237,136.97096252441406,2092500,0.0,0.0
2023-01-09 00:00:00-05:00,138.08436869261473,138.5887418405721,134.20163641551216,134.2492218017578,1670800,0.0,0.0
2023-01-10 00:00:00-05:00,135.25796898440592,143.9750687155665,135.10570155583005,143.8513641357422,2801100,0.0,0.0
2023-01-11 00:00:00-05:00,143.8418444476624,147.08697336686708,143.8418444476624,147.02987670898438,2274500,0.0,0.0
2023-01-12 00:00:00-05:00,147.9720018926044,148.80944366835374,145.5548037709352,148.18136596679688,1698600,0.0,0.0
2023-01-13 00:00:00-05:00,147.51521539926264,150.40823863138704,147.01084221779092,149.94192504882812,1330300,0.0,0.0
2023-01-17 00:00:00-05:00,149.59933240946972,152.19733206754233,146.4303371135467,147.62942504882812,2028900,0.0,0.0
2023-01-18 00:00:00-05:00,149.10444007485378,151.91181778040158,144.88863966423654,144.9838104248047,1769800,0.0,0.0
2023-01-19 00:00:00-05:00,143.6990855553607,145.35496104032086,142.41435282311338,143.50875854492188,1389400,0.0,0.0
2023-01-20 00:00:00-05:00,143.38504553615945,146.05917862696683,142.5666262876365,146.04966735839844,1564600,0.0,0.0
2023-01-23 00:00:00-05:00,146.26854450277375,147.3819728218398,144.7744621420003,146.4113006591797,1246100,0.0,0.0
2023-01-24 00:00:00-05:00,145.66903544794678,147.13456968622594,143.22328859944665,146.58261108398438,1688300,0.0,0.0
2023-01-25 00:00:00-05:00,144.7839983205496,149.36143148236852,144.4604408773287,149.094970703125,1552600,0.0,0.0
2023-01-26 00:00:00-05:00,152.26393984037125,162.31335754647242,151.88328579917868,161.60914611816406,4133200,0.0,0.0
2023-01-27 00:00:00-05:00,161.19042299560638,163.2555010016791,157.44092103654464,158.80177307128906,2383400,0.0,0.0
2023-01-30 00:00:00-05:00,157.18398149949823,161.35221189303198,157.18398149949823,158.32595825195312,1592100,0.0,0.0
2023-01-31 00:00:00-05:00,157.27915291400657,161.00961806495903,155.8136042169403,160.84783935546875,3212700,0.0,0.0
2023-02-01 00:00:00-05:00,159.6392596060044,167.25245827573934,158.06904318878122,166.51968383789062,2397900,0.0,0.0
2023-02-02 00:00:00-05:00,166.73855469435657,168.5657204237008,163.48389985659387,168.13746643066406,2181000,0.0,0.0
2023-02-03 00:00:00-05:00,167.90907376175852,173.8473585386717,167.28098148080906,168.0898895263672,2211500,0.0,0.0
2023-02-06 00:00:00-05:00,166.46257241984725,167.1858210018114,160.82880764601262,161.65673828125,1999300,0.0,0.0
2023-02-07 00:00:00-05:00,161.65674196536128,162.36096802352327,156.54638734142924,159.0968017578125,2108100,0.0,0.0
2023-02-08 00:00:00-05:00,157.16491241747337,160.3053587376349,156.78425841788624,158.26882934570312,1369100,0.0,0.0
2023-02-09 00:00:00-05:00,160.59090592381295,161.1904499526561,155.31877234969792,155.68038940429688,1649900,0.0,0.0
2023-02-10 00:00:00-05:00,154.65257150407643,157.45994944517045,154.22433208762803,156.1752166748047,1481700,0.0,0.0
2023-02-13 00:00:00-05:00,156.26089784411406,160.87640528851233,154.4051835957048,159.5060272216797,1722400,0.0,0.0
2023-02-14 00:00:00-05:00,158.29740791467646,164.0548915148549,158.08804381859565,162.97952270507812,1878000,0.0,0.0
2023-02-15 00:00:00-05:00,160.77173287798524,161.95176943446268,158.37357111707257,161.8566131591797,1354100,0.0,0.0
2023-02-16 00:00:00-05:00,160.59087405039156,164.749578260555,160.1626346237947,161.60914611816406,1372900,0.0,0.0
2023-02-17 00:00:00-05:00,161.2856171711653,161.6282117079028,159.06827121409,159.9438018798828,1229600,0.0,0.0
2023-02-21 00:00:00-05:00,159.71533591552134,162.73206306132897,154.91901434615372,155.63275146484375,1333600,0.0,0.0
2023-02-22 00:00:00-05:00,155.6327852961245,158.00239827284602,154.88098842359452,155.56617736816406,1411000,0.0,0.0
2023-02-23 00:00:00-05:00,156.62253389797624,157.0031880291836,152.37816918199493,155.3948974609375,1140400,0.0,0.0
2023-02-24 00:00:00-05:00,152.50190070643134,154.72875804917336,150.97925501577285,154.67166137695312,1316200,0.0,0.0
2023-02-27 00:00:00-05:00,157.06025413219098,158.04997791436472,155.6423054265115,156.33700561523438,1272000,0.0,0.0
2023-02-28 00:00:00-05:00,156.73669769984107,161.8280292412894,155.5947210003729,159.34422302246094,2330700,0.0,0.0
2023-03-01 00:00:00-05:00,162.2086783893557,164.4355350640462,160.952508414282,162.4846649169922,1805000,0.0,0.0
2023-03-02 00:00:00-05:00,162.2752885774594,167.3570937910529,161.30460195115973,167.2809600830078,1445500,0.0,0.0
2023-03-03 00:00:00-05:00,168.71798976991792,170.25014655706642,167.37617456310497,169.7457733154297,2106400,0.0,0.0
2023-03-06 00:00:00-05:00,167.7377860535032,169.1557494622176,165.6060998263091,167.05259704589844,1842100,0.0,0.0
2023-03-07 00:00:00-05:00,166.05337109652555,167.16679956815076,162.76065655261564,162.9319610595703,1358600,0.0,0.0
2023-03-08 00:00:00-05:00,162.86532075232776,165.1112145103702,162.07544979917924,164.91136169433594,1125600,0.0,0.0
2023-03-09 00:00:00-05:00,164.72105631122392,166.82420870630784,159.36327794441394,159.7344207763672,1322600,0.0,0.0
2023-03-10 00:00:00-05:00,160.13409471680478,160.22925097159592,149.5422291979989,151.19810485839844,2466400,0.0,0.0
2023-03-13 00:00:00-04:00,147.64844098658776,150.68420576741843,144.46042329402354,147.91490173339844,1968500,0.0,0.0
2023-03-14 00:00:00-04:00,151.08390738598283,151.8737784121365,146.80148355906812,148.68576049804688,1652000,0.0,0.0
2023-03-15 00:00:00-04:00,143.98459143215723,144.85059607754883,135.2865144244621,137.80838012695312,3214200,0.0,0.0
2023-03-16 00:00:00-04:00,133.23094631879874,138.95035528677397,132.3078450290511,138.38888549804688,2848700,0.0,0.0
2023-03-17 00:00:00-04:00,139.41666405506885,139.5308573584216,135.91460055606197,137.1517333984375,5407600,0.0,0.0
2023-03-20 00:00:00-04:00,139.5213551407496,142.66180187585007,137.61805584929732,140.72042846679688,1940300,0.0,0.0
2023-03-21 00:00:00-04:00,143.72766890057517,146.53503292137646,142.9092494873596,144.74594116210938,1758900,0.0,0.0
2023-03-22 00:00:00-04:00,144.2890996597889,145.16461550044812,140.34927111631248,140.4158935546875,1407900,0.0,0.0
2023-03-23 00:00:00-04:00,141.78628509974018,145.45965329120313,139.51184304084353,140.84414672851562,1645400,0.0,0.0
2023-03-24 00:00:00-04:00,138.56971406562818,142.6427736395751,137.25643282657225,141.4627227783203,1493100,0.0,0.0
2023-03-27 00:00:00-04:00,143.62298207324753,144.15590362304067,140.80610687547716,142.08131408691406,1349500,0.0,0.0
2023-03-28 00:00:00-04:00,141.73870742205722,143.02342579339222,140.55865657664066,141.0725555419922,951700,0.0,0.0
2023-03-29 00:00:00-04:00,143.47070797121336,143.6420124734304,141.4532151916908,142.67132568359375,1030600,0.0,0.0
2023-03-30 00:00:00-04:00,144.70524562862983,145.5264585432082,143.6548665047846,144.5333709716797,1077700,0.51,0.0
2023-03-31 00:00:00-04:00,145.2973004815549,147.9996638918714,144.78164734061286,147.50311279296875,1791900,0.0,0.0
2023-04-03 00:00:00-04:00,146.70098474515035,149.27920643705335,146.09939434115768,147.48399353027344,1947200,0.0,0.0
2023-04-04 00:00:00-04:00,146.44316423060235,147.02565261875412,135.5095845692956,137.34298706054688,2938000,0.0,0.0
2023-04-05 00:00:00-04:00,135.2135520847952,139.1668289137102,134.91752148858532,136.99920654296875,2230800,0.0,0.0
2023-04-06 00:00:00-04:00,136.5408890106182,139.72070153563368,135.49049523817857,138.96632385253906,2292000,0.0,0.0
2023-04-10 00:00:00-04:00,138.97586888377182,144.05593398242658,138.81353794844344,140.2172393798828,1525400,0.0,0.0
2023-04-11 00:00:00-04:00,142.6999789916674,143.90314539100953,141.87876601639255,142.012451171875,1533100,0.0,0.0
2023-04-12 00:00:00-04:00,142.58537833964178,143.69304896142188,140.38910999493734,141.000244140625,1540700,0.0,0.0
2023-04-13 00:00:00-04:00,141.58272754131355,142.40394038674532,139.4342070868151,140.20767211914062,1858200,0.0,0.0
2023-04-14 00:00:00-04:00,139.90213272915048,141.3249363199463,138.87084090483137,139.59657287597656,1265600,0.0,0.0
2023-04-17 00:00:00-04:00,140.0548829178362,141.3630884686039,139.31960740428823,141.00978088378906,1465800,0.0,0.0
2023-04-18 00:00:00-04:00,141.9265090425213,144.50473099435135,141.78326558539322,144.26600646972656,1474300,0.0,0.0
2023-04-19 00:00:00-04:00,142.44213799147985,143.19651559791222,140.4559483321754,140.95249938964844,1967600,0.0,0.0
2023-04-20 00:00:00-04:00,143.71217036659405,151.20812660929997,142.76681596063088,148.70628356933594,3801300,0.0,0.0
2023-04-21 00:00:00-04:00,147.64632744762253,148.02829539864197,143.57846712073098,146.5290985107422,2478400,0.0,0.0
2023-04-24 00:00:00-04:00,145.6888089161121,148.40071600093088,145.28773889528316,148.04739379882812,1584700,0.0,0.0
2023-04-25 00:00:00-04:00,145.36413874807286,145.79383999392695,141.20078230418792,141.2771759033203,1744600,0.0,0.0
2023-04-26 00:00:00-04:00,141.48724703906285,141.80236515454354,137.19020567074335,137.98277282714844,2033500,0.0,0.0
2023-04-27 00:00:00-04:00,138.80397767642586,141.80235689598206,137.68674873420076,141.60182189941406,1442200,0.0,0.0
2023-04-28 00:00:00-04:00,140.37958174678317,141.80238533665104,139.11912367605333,141.49681091308594,1646400,0.0,0.0
2023-05-01 00:00:00-04:00,142.2320792658199,143.17743369792666,141.01935451221442,141.33447265625,915200,0.0,0.0
2023-05-02 00:00:00-04:00,140.9525055125702,141.5636396980892,136.73185776717534,139.94985961914062,1782300,0.0,0.0
2023-05-03 00:00:00-04:00,140.66605421797098,143.54985091723793,139.54882505093957,139.59657287597656,1490800,0.0,0.0
2023-05-04 00:00:00-04:00,138.4220042345967,139.9498321128143,132.61622332796478,133.5711212158203,2831600,0.0,0.0
2023-05-05 00:00:00-04:00,135.9583993441417,137.8968413671696,135.10854059794022,135.90110778808594,2149400,0.0,0.0
2023-05-08 00:00:00-04:00,138.30743910320297,138.74669864596646,134.64063384852489,135.232666015625,1124300,0.0,0.0
2023-05-09 00:00:00-04:00,134.00088598643677,135.5191708521994,133.4470431999979,133.8480987548828,1622200,0.0,0.0
2023-05-10 00:00:00-04:00,135.95836334592735,136.5503953625343,128.64384216732947,131.4130401611328,1812200,0.0,0.0
2023-05-11 00:00:00-04:00,127.92771126306889,131.9573827773846,127.39297060970586,131.30804443359375,2507800,0.0,0.0
2023-05-12 00:00:00-04:00,132.36796095181683,134.12498440989935,131.61359791521,132.80722045898438,1432000,0.0,0.0
2023-05-15 00:00:00-04:00,133.838513688168,134.5260414472631,132.44435612928405,134.14407348632812,1164900,0.0,0.0
2023-05-16 00:00:00-04:00,133.48519997081405,133.63798716488034,130.26719801270778,130.6109619140625,974400,0.0,0.0
2023-05-17 00:00:00-04:00,132.7403894703086,134.0104057858746,131.6327186658888,133.34197998046875,1074100,0.0,0.0
2023-05-18 00:00:00-04:00,132.21518764453174,134.19181898992127,131.19343975855222,133.95309448242188,1140800,0.0,0.0
2023-05-19 00:00:00-04:00,135.07986859449198,135.48092397960738,131.65177392662528,132.4156951904297,1329100,0.0,0.0
2023-05-22 00:00:00-04:00,132.87407274362184,134.34462406521206,132.04331600946227,133.64755249023438,1260800,0.0,0.0
2023-05-23 00:00:00-04:00,131.11703853344218,131.53719597347165,127.57437520795023,130.74462890625,1930600,0.0,0.0
2023-05-24 00:00:00-04:00,130.05710709606953,130.05710709606953,126.65767248436597,127.35474395751953,1539400,0.0,0.0
2023-05-25 00:00:00-04:00,127.53617967029109,129.32183433941134,126.80090410099956,128.61521911621094,1276900,0.0,0.0
2023-05-26 00:00:00-04:00,128.95899667800967,131.1934548279213,128.60567445832706,129.9998321533203,992600,0.0,0.0
2023-05-30 00:00:00-04:00,129.09267944011555,129.78975098938707,126.07519787775605,127.01099395751953,1074600,0.0,0.0
2023-05-31 00:00:00-04:00,125.5404421031786,126.66721475717296,123.93620587525963,126.10382843017578,2394300,0.0,0.0
2023-06-01 00:00:00-04:00,127.75578460799264,127.96586331324778,125.95102814599953,127.03006744384766,1498300,0.0,0.0
2023-06-02 00:00:00-04:00,132.18651749896537,135.47136880992687,131.6804227462333,134.9175262451172,2141100,0.0,0.0
2023-06-05 00:00:00-04:00,134.64061979654082,137.18065200737396,132.08150011627575,134.5833282470703,1862900,0.0,0.0
2023-06-06 00:00:00-04:00,133.00775840538907,137.47668937459318,132.63534870550453,137.0374298095703,1180400,0.0,0.0
2023-06-07 00:00:00-04:00,137.161565375624,141.78326877953816,137.161565375624,141.25807189941406,1869000,0.0,0.0
2023-06-08 00:00:00-04:00,141.87876738888576,142.78591770776288,138.52708016291646,140.2172393798828,1258400,0.0,0.0
2023-06-09 00:00:00-04:00,140.3699964303555,140.6087209140806,138.10689298722917,138.9853973388672,1090800,0.0,0.0
2023-06-12 00:00:00-04:00,138.4697517238363,142.3084457078581,137.38116860246737,141.7832489013672,1229400,0.0,0.0
2023-06-13 00:00:00-04:00,143.2347230228713,147.56995422863747,142.6140450513413,147.40762329101562,1681900,0.0,0.0
2023-06-14 00:00:00-04:00,148.887716743482,149.68982768685123,142.776374455065,143.84585571289062,1620400,0.0,0.0
2023-06-15 00:00:00-04:00,143.24426687963114,145.87023680392863,142.81456562431853,144.3614959716797,1030100,0.0,0.0
2023-06-16 00:00:00-04:00,145.058580051799,145.72700583617632,142.70952421459955,144.5811309814453,3178700,0.0,0.0
2023-06-20 00:00:00-04:00,142.88140656073188,143.35885560804238,140.86657099825797,142.7763671875,1191100,0.0,0.0
2023-06-21 00:00:00-04:00,142.6426785811479,146.90151582044547,142.07927764532414,145.04901123046875,1203800,0.0,0.0
2023-06-22 00:00:00-04:00,144.86757498231174,146.61502541565275,143.63574846237915,146.4145050048828,1103800,0.0,0.0
2023-06-23 00:00:00-04:00,144.50473381577126,147.53175909864495,144.04638679930736,146.85377502441406,1449500,0.0,0.0
2023-06-26 00:00:00-04:00,147.66543156589535,150.97892891335854,147.43625079205844,148.3625030517578,1128600,0.0,0.0
2023-06-27 00:00:00-04:00,149.15504585430782,154.30194484166245,149.00225869665707,153.51893615722656,1288600,0.0,0.0
2023-06-28 00:00:00-04:00,152.21072381313857,154.33059837780584,151.40861305099043,153.8531494140625,1730300,0.0,0.0
2023-06-29 00:00:00-04:00,153.57539059203623,156.57370245018322,153.57539059203623,156.45875549316406,880200,0.51,0.0
2023-06-30 00:00:00-04:00,157.28256215463102,157.61782895511055,154.9452101238039,157.08139038085938,1240200,0.0,0.0
2023-07-03 00:00:00-04:00,156.8419238835111,160.1084697136659,156.15221289835068,158.64283752441406,765500,0.0,0.0
2023-07-05 00:00:00-04:00,157.04310281437765,158.4320988887477,153.24011818224724,153.69992065429688,2577700,0.0,0.0
2023-07-06 00:00:00-04:00,152.20553893151197,155.17512859410286,150.08850661847436,153.3837890625,1913600,0.0,0.0
2023-07-07 00:00:00-04:00,153.70950350002394,158.02976392273322,153.33591126495023,155.13681030273438,1560600,0.0,0.0
2023-07-10 00:00:00-04:00,154.1884711068935,157.51247587772468,153.85318964735,157.25384521484375,979400,0.0,0.0
2023-07-11 00:00:00-04:00,158.11598514898674,161.4591674153691,157.40712602721618,161.25799560546875,1240500,0.0,0.0
2023-07-12 00:00:00-04:00,162.8481469433903,165.05138950187796,162.35001910707908,162.5320281982422,1134800,0.0,0.0
2023-07-13 00:00:00-04:00,163.68153523701602,163.82523354295864,161.85189958959907,162.13926696777344,904100,0.0,0.0
2023-07-14 00:00:00-04:00,162.51285743928747,162.51285743928747,157.54121183088836,159.7540283203125,1153300,0.0,0.0
2023-07-17 00:00:00-04:00,158.72904568202114,160.71196839282038,158.08723414355376,160.38626098632812,787500,0.0,0.0
2023-07-18 00:00:00-04:00,160.01266544777883,164.5532601776833,159.80193423644153,164.0742950439453,1333400,0.0,0.0
2023-07-19 00:00:00-04:00,162.85772772025436,162.93436389953794,159.0834945543203,160.0893096923828,1085100,0.0,0.0
2023-07-20 00:00:00-04:00,160.83649785026446,161.01850695312137,157.90523335565103,159.0355987548828,1164900,0.0,0.0
2023-07-21 00:00:00-04:00,159.41874944687467,159.66780604823796,156.48748523903419,156.93771362304688,1178400,0.0,0.0
2023-07-24 00:00:00-04:00,157.84772864505388,160.70235639386235,156.79399963533228,159.63905334472656,1295500,0.0,0.0
2023-07-25 00:00:00-04:00,157.07184663633745,166.9193698397439,156.60245548490585,165.6070098876953,1861900,0.0,0.0
2023-07-26 00:00:00-04:00,162.80984588666445,164.78318003465722,159.73488308521127,161.80401611328125,1327400,0.0,0.0
2023-07-27 00:00:00-04:00,161.11429858896472,162.78108794679613,160.31921469041657,161.3441925048828,1246300,0.0,0.0
2023-07-28 00:00:00-04:00,161.89022189281238,163.43249027185013,159.35171242585113,161.83274841308594,979800,0.0,0.0
2023-07-31 00:00:00-04:00,163.53785990961393,166.17216820117747,162.92478511006973,164.8502197265625,1719800,0.0,0.0
2023-08-01 00:00:00-04:00,162.50327778644214,166.27752509555978,161.8327295729363,165.721923828125,1268400,0.0,0.0
2023-08-02 00:00:00-04:00,163.70069551627728,165.39623610673613,162.06262840060427,162.45538330078125,1726000,0.0,0.0
2023-08-03 00:00:00-04:00,162.84813853964383,167.37914441923326,162.29253725413298,164.55325317382812,1468200,0.0,0.0
2023-08-04 00:00:00-04:00,164.62988165325152,165.53991240272563,160.42456873919966,160.70236206054688,1299800,0.0,0.0
2023-08-07 00:00:00-04:00,161.66989050551837,163.70069793451282,161.0951265154588,162.13926696777344,949400,0.0,0.0
2023-08-08 00:00:00-04:00,159.80194638829246,163.35585976544016,157.87649704946057,162.76194763183594,1120500,0.0,0.0
2023-08-09 00:00:00-04:00,163.53788044096265,164.35212713459475,161.8998130116863,162.25425720214844,1104500,0.0,0.0
2023-08-10 00:00:00-04:00,162.8481522831971,163.58576271272906,157.4166891934215,159.26548767089844,1270600,0.0,0.0
2023-08-11 00:00:00-04:00,158.70032546782284,160.44376578833754,158.3171591597477,159.5145721435547,1053500,0.0,0.0
2023-08-14 00:00:00-04:00,163.26965779462364,167.1588528341889,160.44376607122808,164.80233764648438,2145200,0.0,0.0
2023-08-15 00:00:00-04:00,163.2217396403246,163.671968040765,161.13345864837223,162.12969970703125,1208200,0.0,0.0
2023-08-16 00:00:00-04:00,161.70820859088192,163.81565228823857,161.3729417622434,161.39208984375,895700,0.0,0.0
2023-08-17 00:00:00-04:00,162.86728898948857,165.05136857278484,160.18508163304543,160.86520385742188,1174300,0.0,0.0
2023-08-18 00:00:00-04:00,159.16971440683147,161.9764433857654,158.96854259693112,161.25799560546875,1051000,0.0,0.0
2023-08-21 00:00:00-04:00,161.52618745847823,162.0626260377988,159.4762173921575,160.60658264160156,715100,0.0,0.0
2023-08-22 00:00:00-04:00,162.07223569470753,163.30795939526786,160.98019569763434,161.33462524414062,1035700,0.0,0.0
2023-08-23 00:00:00-04:00,160.8364745285689,161.79440472734981,159.65822447678778,159.98391723632812,1338600,0.0,0.0
2023-08-24 00:00:00-04:00,158.13514071746266,159.80194475464856,156.20970601517132,158.07766723632812,1213900,0.0,0.0
2023-08-25 00:00:00-04:00,159.17927607255731,159.64866718125873,156.25758573646974,158.44166564941406,1017900,0.0,0.0
2023-08-28 00:00:00-04:00,158.46082723859007,161.21008250079709,158.17344522745566,159.91688537597656,942900,0.0,0.0
2023-08-29 00:00:00-04:00,159.57201272592,164.61072026077977,159.1888318799952,164.4957733154297,1047500,0.0,0.0
2023-08-30 00:00:00-04:00,164.40960362646862,164.45748845426294,162.80986156970704,163.09722900390625,647100,0.0,0.0
2023-08-31 00:00:00-04:00,163.48041060649473,165.19509964388183,162.62785310891417,164.85983276367188,1264700,0.0,0.0
2023-09-01 00:00:00-04:00,166.6702804242377,167.56114849235232,164.1126085494138,165.31959533691406,977300,0.0,0.0
2023-09-05 00:00:00-04:00,164.9268470462076,164.9268470462076,161.73693760498762,163.0780487060547,1446600,0.0,0.0
2023-09-06 00:00:00-04:00,162.79065723576326,164.67778086096206,158.8727263050123,161.5070343017578,1443500,0.0,0.0
2023-09-07 00:00:00-04:00,159.99351934925076,162.4937179630206,159.61992712497968,161.79441833496094,1554400,0.0,0.0
2023-09-08 00:00:00-04:00,160.85561940468344,161.62196640217846,157.60823697525555,158.00099182128906,1424800,0.0,0.0
2023-09-11 00:00:00-04:00,160.45332079488594,161.48788724418316,155.22301507069275,156.30548095703125,1397900,0.0,0.0
2023-09-12 00:00:00-04:00,155.3954570230858,158.15430101042176,154.13098198993794,156.16180419921875,1075000,0.0,0.0
2023-09-13 00:00:00-04:00,156.142643394544,156.25759035645868,153.36465129132245,154.351318359375,1110200,0.0,0.0
2023-09-14 00:00:00-04:00,157.2634220396958,158.90148935122045,155.8552632716583,158.5662078857422,1575500,0.0,0.0
2023-09-15 00:00:00-04:00,155.4050180704215,155.8935718454962,148.38338768756432,148.8815155029297,4859200,0.0,0.0
2023-09-18 00:00:00-04:00,148.8815183694367,150.66326922711073,147.75116768545226,148.16307067871094,1643900,0.0,0.0
2023-09-19 00:00:00-04:00,148.67078666758616,152.1863892808237,148.65162396796012,151.53500366210938,1486800,0.0,0.0
2023-09-20 00:00:00-04:00,152.82818795371432,153.39337791853094,148.68993681219675,148.852783203125,1053500,0.0,0.0
2023-09-21 00:00:00-04:00,147.33927047535326,148.15351715098876,145.01150665119957,145.16476440429688,1205000,0.0,0.0
2023-09-22 00:00:00-04:00,145.710803561857,148.5941689983699,145.48089498827295,146.68789672851562,1156200,0.0,0.0
2023-09-25 00:00:00-04:00,146.43879499696735,149.20721287934947,145.97899256228663,148.7186737060547,1247900,0.0,0.0
2023-09-26 00:00:00-04:00,147.93317407326794,148.94859250278898,145.12644521814366,145.35635375976562,1270600,0.0,0.0
2023-09-27 00:00:00-04:00,147.1093921322914,150.7112055069148,146.17060972944023,149.15936279296875,1869700,0.0,0.0
2023-09-28 00:00:00-04:00,149.62063048925486,152.7537544581759,149.34192429481664,151.6196746826172,1232200,0.51,0.0
2023-09-29 00:00:00-04:00,152.78256113334916,153.52259525253416,149.7263256616421,150.26454162597656,1213600,0.0,0.0
2023-10-02 00:00:00-04:00,150.37029520231428,151.74462993047018,147.82342928215587,148.75567626953125,1460200,0.0,0.0
2023-10-03 00:00:00-04:00,147.51591346835178,150.49524739784164,147.42940527608033,149.89938354492188,1487900,0.0,0.0
2023-10-04 00:00:00-04:00,150.28377433082898,152.07138014210878,149.1304835704618,150.8219757080078,1458300,0.0,0.0
2023-10-05 00:00:00-04:00,149.92821979680437,151.58127570108869,149.28429907413073,150.3414764404297,1215800,0.0,0.0
2023-10-06 00:00:00-04:00,150.4663700241749,152.6384156996707,148.1405630132871,151.11029052734375,1539200,0.0,0.0
2023-10-09 00:00:00-04:00,151.11031020860614,151.64851161479203,148.08291996636626,149.60142517089844,1025100,0.0,0.0
2023-10-10 00:00:00-04:00,150.63937847294477,152.66725374014806,149.72634259573766,149.83206176757812,1264100,0.0,0.0
2023-10-11 00:00:00-04:00,150.21650481175163,151.57162840585482,147.37170728075472,148.83255004882812,1258800,0.0,0.0
2023-10-12 00:00:00-04:00,147.4293814753203,147.4390016422924,140.69222896287874,141.8070831298828,2089400,0.0,0.0
2023-10-13 00:00:00-04:00,140.97093673139503,143.20064509006482,139.18334544144992,141.33615112304688,1534800,0.0,0.0
2023-10-16 00:00:00-04:00,143.7292490238605,144.21939363086832,142.22034919726656,143.20065307617188,879200,0.0,0.0
2023-10-17 00:00:00-04:00,141.2496419407256,144.60380960886297,140.87482208846055,143.73883056640625,1097200,0.0,0.0
2023-10-18 00:00:00-04:00,142.23956666763758,142.86426160123585,139.39476888173374,139.46205139160156,1575000,0.0,0.0
2023-10-19 00:00:00-04:00,139.53893839746064,142.08578961901367,137.84743147456774,138.1549835205078,1762300,0.0,0.0
2023-10-20 00:00:00-04:00,138.3952628670742,139.31790440540618,135.65618409020746,135.85801696777344,1570700,0.0,0.0
2023-10-23 00:00:00-04:00,135.35823437654966,136.91519085102865,134.61821480760617,135.02186584472656,1807200,0.0,0.0
2023-10-24 00:00:00-04:00,137.6551842046271,143.02762083801724,136.63644397187414,141.44183349609375,2139300,0.0,0.0
2023-10-25 00:00:00-04:00,141.77823948532614,142.2972151850584,137.71286873372603,138.97189331054688,1565100,0.0,0.0
2023-10-26 00:00:00-04:00,140.2020780979218,144.62302856457526,140.2020780979218,142.53749084472656,1891500,0.0,0.0
2023-10-27 00:00:00-04:00,142.78739355711926,143.3544261689694,140.67300980972996,142.3452911376953,1491300,0.0,0.0
2023-10-30 00:00:00-04:00,143.65236794818387,144.16173825014315,141.27850348514028,143.15260314941406,1201100,0.0,0.0
2023-10-31 00:00:00-04:00,142.62399325025498,143.81573544945397,141.33615203387333,142.03773498535156,1454300,0.0,0.0
2023-11-01 00:00:00-04:00,142.03772260378528,142.4125424673689,139.692704413478,142.22994995117188,1724800,0.0,0.0
2023-11-02 00:00:00-04:00,143.7868924359142,146.1991931423964,143.6042852539505,145.37266540527344,899800,0.0,0.0
2023-11-03 00:00:00-04:00,147.0545724966854,149.111279291573,146.36259500822888,146.38182067871094,1174800,0.0,0.0
2023-11-06 00:00:00-05:00,147.46783850607412,149.18816199829507,146.37220996583153,147.16990661621094,1007300,0.0,0.0
2023-11-07 00:00:00-05:00,145.93009492903607,146.8623418575956,145.21890652180903,145.54566955566406,1116200,0.0,0.0
2023-11-08 00:00:00-05:00,145.1708678447177,148.16942719382405,145.1708678447177,147.00653076171875,1184000,0.0,0.0
2023-11-09 00:00:00-05:00,148.50578847513646,148.50578847513646,144.74796967674732,145.2765655517578,1026600,0.0,0.0
2023-11-10 00:00:00-05:00,145.68985432933476,147.03537273304846,144.363576262464,146.6797637939453,915100,0.0,0.0
2023-11-13 00:00:00-05:00,146.34335365874077,147.4101508435063,145.16121713988792,146.98727416992188,733200,0.0,0.0
2023-11-14 00:00:00-05:00,148.9671016442335,150.21650607487234,148.00602356910943,148.9478759765625,1239700,0.0,0.0
2023-11-15 00:00:00-05:00,149.43806217397048,151.20644263205506,149.34194848314164,150.4760284423828,820100,0.0,0.0
2023-11-16 00:00:00-05:00,149.94743589660615,150.9757820204834,146.68938114561954,148.9094696044922,1334800,0.0,0.0
2023-11-17 00:00:00-05:00,150.3030056441418,151.15836457890538,149.51492921649657,150.65859985351562,983100,0.0,0.0
2023-11-20 00:00:00-05:00,150.81238729628546,152.561556635216,150.7354992815632,150.9373321533203,856600,0.0,0.0
2023-11-21 00:00:00-05:00,150.73546215685386,153.04205803576122,149.98582252905254,151.6484832763672,1021800,0.0,0.0
2023-11-22 00:00:00-05:00,151.5620385689909,151.88880165760153,149.8417149372781,151.27371215820312,695000,0.0,0.0
2023-11-24 00:00:00-05:00,151.44669610574329,151.84074166543488,149.65909016641592,151.0430450439453,435100,0.0,0.0
2023-11-27 00:00:00-05:00,150.71627701987484,155.44477958546244,150.2934003029308,154.95462036132812,1349400,0.0,0.0
2023-11-28 00:00:00-05:00,154.77200502051343,157.08820667502238,154.0608166384677,154.88734436035156,1472500,0.0,0.0
2023-11-29 00:00:00-05:00,155.2621650022251,157.48225299555193,154.85851397297364,157.40536499023438,1252600,0.0,0.0
2023-11-30 00:00:00-05:00,158.24150386180327,164.13291732851923,157.7897959800058,163.3544464111328,5483700,0.0,0.0
2023-12-01 00:00:00-05:00,164.79606896784347,166.0839101490624,163.16223907145798,163.77732849121094,2038800,0.0,0.0
2023-12-04 00:00:00-05:00,162.42220660692828,163.6716111291901,160.8172078635577,160.8844757080078,1580600,0.0,0.0
2023-12-05 00:00:00-05:00,160.33666446017443,160.33666446017443,157.1747092342047,159.3083038330078,1476700,0.0,0.0
2023-12-06 00:00:00-05:00,158.6932341007864,160.35591001266164,155.69467468844053,155.9253387451172,1532000,0.0,0.0
2023-12-07 00:00:00-05:00,156.48277730116854,157.85711224380856,155.22375239794525,156.86720275878906,1228100,0.0,0.0
2023-12-08 00:00:00-05:00,156.28090789855767,158.6355462724758,155.5504938337374,155.78114318847656,928500,0.0,0.0
2023-12-11 00:00:00-05:00,154.32992759917994,158.36645280498325,152.83064806544343,158.1742401123047,1321300,0.0,0.0
2023-12-12 00:00:00-05:00,158.6067121668356,159.85611658646422,156.02140982115245,157.38613891601562,1063300,0.0,0.0
2023-12-13 00:00:00-05:00,157.3861441480422,161.1631887012979,155.60815846455745,160.23094177246094,1469800,0.0,0.0
2023-12-14 00:00:00-05:00,158.19345733157576,164.5653950096166,156.59806420426926,164.2001953125,2399500,0.0,0.0
2023-12-15 00:00:00-05:00,164.67113012664663,168.69805000529024,162.90274981343697,166.09353637695312,3915600,0.0,0.0
2023-12-18 00:00:00-05:00,168.88065840291605,171.23529700313208,166.78550035171955,167.4390411376953,1994800,0.0,0.0
2023-12-19 00:00:00-05:00,167.97722517429193,171.22567376827175,166.4779457201128,170.93734741210938,1718200,0.0,0.0
2023-12-20 00:00:00-05:00,169.94746575759123,172.31170999921764,168.82300598439477,168.85183715820312,1543500,0.0,0.0
2023-12-21 00:00:00-05:00,170.54331736389042,171.2449003178326,169.1497569582914,169.74562072753906,955900,0.0,0.0
2023-12-22 00:00:00-05:00,170.11082194879916,171.9464846204751,170.09159628082844,171.1295623779297,927400,0.0,0.0
2023-12-26 00:00:00-05:00,171.13917729487383,172.19635436263033,170.84123077757425,171.31216430664062,477000,0.0,0.0
2023-12-27 00:00:00-05:00,171.18722997913102,171.89843306703114,170.37992787819897,170.94696044921875,855800,0.0,0.0
2023-12-28 00:00:00-05:00,170.16613083028932,170.8023628168495,168.64300148637452,168.88400268554688,1002300,0.54,0.0
2023-12-29 00:00:00-05:00,168.7008417146061,169.11535672223704,167.27411871477833,167.775390625,903600,0.0,0.0
2024-01-02 00:00:00-05:00,167.43799749312055,170.17576761817202,167.1005899264254,169.1153564453125,1208000,0.0,0.0
2024-01-03 00:00:00-05:00,166.77282094960702,171.6313983940894,166.23298064572512,170.21432495117188,1624200,0.0,0.0
2024-01-04 00:00:00-05:00,170.1757654073144,171.2265271043312,165.75098692536432,165.87631225585938,1809100,0.0,0.0
2024-01-05 00:00:00-05:00,165.26896194336734,166.4064803862628,163.7554675603642,164.43028259277344,1489800,0.0,0.0
2024-01-08 00:00:00-05:00,163.94828899866226,166.65713989524394,161.2587076055153,166.5318145751953,1274700,0.0,0.0
2024-01-09 00:00:00-05:00,165.0376248793254,165.69315581636454,160.92132011347556,161.0948486328125,2199000,0.0,0.0
2024-01-10 00:00:00-05:00,161.0948367551998,163.03248103606234,160.68030705757525,162.78184509277344,1203300,0.0,0.0
2024-01-11 00:00:00-05:00,162.7818218866353,163.52410956802004,160.68028415103186,162.1359405517578,824000,0.0,0.0
2024-01-12 00:00:00-05:00,162.36731184395495,164.10252332370263,161.49007870685742,162.81076049804688,774100,0.0,0.0
2024-01-16 00:00:00-05:00,162.81075552301775,164.9315629514391,161.5671959144328,164.65200805664062,1534700,0.0,0.0
2024-01-17 00:00:00-05:00,163.24456651170163,165.50033417485736,162.50229341926084,162.9650115966797,1632700,0.0,0.0
2024-01-18 00:00:00-05:00,164.32424115678523,164.64234975084682,159.9380170027747,160.41036987304688,2470000,0.0,0.0
2024-01-19 00:00:00-05:00,160.39113088697175,162.15526151922427,159.34035442621553,160.78636169433594,1219500,0.0,0.0
2024-01-22 00:00:00-05:00,160.09228122620976,164.6231007602352,160.0633475499644,164.3049774169922,1642900,0.0,0.0
2024-01-23 00:00:00-05:00,165.87632038479927,168.04533128140812,165.52927805296,165.55819702148438,1479600,0.0,0.0
2024-01-24 00:00:00-05:00,166.58003200458484,167.4765494059721,165.13402480786021,166.41615295410156,1379600,0.0,0.0
2024-01-25 00:00:00-05:00,167.7079017691138,169.30815312939416,166.37757055279098,168.41162109375,1624200,0.0,0.0
2024-01-26 00:00:00-05:00,168.89363286226742,170.8602108315793,167.85250594490444,168.7972412109375,1370600,0.0,0.0
2024-01-29 00:00:00-05:00,169.18281932389502,170.71558321653893,166.8981329665751,170.2817840576172,2203700,0.0,0.0
2024-01-30 00:00:00-05:00,171.59284832084654,183.87427433317944,170.51316769015193,182.10049438476562,3647800,0.0,0.0
2024-01-31 00:00:00-05:00,182.10047587044778,184.08633784220729,179.8447084780015,180.20138549804688,3037400,0.0,0.0
2024-02-01 00:00:00-05:00,181.1750663348926,183.03558855750745,178.54333732241125,178.93856811523438,2250100,0.0,0.0
2024-02-02 00:00:00-05:00,178.91930606794088,178.91930606794088,176.2490085144078,176.78884887695312,2097100,0.0,0.0
2024-02-05 00:00:00-05:00,175.56454791773163,176.64424328668312,174.70658424169406,175.74771118164062,1508800,0.0,0.0
2024-02-06 00:00:00-05:00,175.67057979439934,176.72135614110812,174.55234547434407,174.822265625,1264900,0.0,0.0
2024-02-07 00:00:00-05:00,175.7862803777958,181.05938778698095,175.7862803777958,179.50733947753906,1663700,0.0,0.0
2024-02-08 00:00:00-05:00,179.22774985232817,180.64483792064553,177.9167028880871,179.5844268798828,1003900,0.0,0.0
2024-02-09 00:00:00-05:00,179.84473892720806,180.36530977332117,178.49513804755625,179.82545471191406,1198700,0.0,0.0
2024-02-12 00:00:00-05:00,179.88330857112,181.22327470693617,178.90001951814344,179.40130615234375,1171800,0.0,0.0
2024-02-13 00:00:00-05:00,176.85631111612392,177.09731229436977,171.80492112465515,173.01956176757812,1530700,0.0,0.0
2024-02-14 00:00:00-05:00,173.74258358944783,176.13332612015427,173.22202746184576,174.54270935058594,1357900,0.0,0.0
2024-02-15 00:00:00-05:00,174.88973093175557,180.26887892360529,174.26313376049129,179.65191650390625,1194000,0.0,0.0
2024-02-16 00:00:00-05:00,180.08570019826257,182.75599710676633,177.98417719319957,178.8999786376953,1908000,0.0,0.0
2024-02-20 00:00:00-05:00,177.01057198459173,178.57226989820714,176.1044050406593,177.3672637939453,1421600,0.0,0.0
2024-02-21 00:00:00-05:00,177.36724566613992,177.91672074455974,176.22971237101373,177.7239227294922,885400,0.0,0.0
2024-02-22 00:00:00-05:00,178.0227626729885,181.2329003864688,178.0227626729885,179.93148803710938,1259300,0.0,0.0
2024-02-23 00:00:00-05:00,180.42315534114303,183.98033567170646,179.49770419198992,183.1512908935547,1095600,0.0,0.0
2024-02-26 00:00:00-05:00,182.63071008453653,185.9179700488217,182.43791206257515,184.6936798095703,1298100,0.0,0.0
2024-02-27 00:00:00-05:00,185.10819795112562,186.9301663573451,184.34662595413212,186.16859436035156,1234000,0.0,0.0
2024-02-28 00:00:00-05:00,184.78042761998796,186.90124988583622,184.1249114356679,185.27207946777344,963300,0.0,0.0
2024-02-29 00:00:00-05:00,185.696236119481,186.35175227626152,184.26949852611486,185.37811279296875,1998500,0.0,0.0
2024-03-01 00:00:00-05:00,185.51306683291392,187.9809165115383,182.30292941657157,183.835693359375,1420100,0.0,0.0
2024-03-04 00:00:00-05:00,184.12490080075213,185.82154380588844,179.63263529280957,180.42312622070312,1306500,0.0,0.0
2024-03-05 00:00:00-05:00,178.9193086397393,179.98935462714635,176.5092964797727,178.14810180664062,1348000,0.0,0.0
2024-03-06 00:00:00-05:00,179.4784051592748,181.1654135457006,177.8010462348808,178.00347900390625,1038200,0.0,0.0
2024-03-07 00:00:00-05:00,179.64228109028738,182.14868447565186,178.92891231938705,179.7001190185547,945400,0.0,0.0
2024-03-08 00:00:00-05:00,180.5773853671866,183.0066668611558,178.5722536272507,179.13137817382812,1210600,0.0,0.0
2024-03-11 00:00:00-04:00,177.64680282945673,178.5529696922409,174.099272236778,178.16737365722656,1169900,0.0,0.0
2024-03-12 00:00:00-04:00,179.2373761125681,179.5651488702586,175.15964059362173,176.3068084716797,1073400,0.0,0.0
2024-03-13 00:00:00-04:00,177.81068998777644,178.95785810214056,175.14039245942476,177.47329711914062,1825500,0.0,0.0
2024-03-14 00:00:00-04:00,176.53817180290625,177.5310953905655,174.0317538923909,175.5355987548828,1487500,0.0,0.0
2024-03-15 00:00:00-04:00,175.6416688054886,182.1294168869255,174.38845964364742,181.69561767578125,3369700,0.0,0.0
2024-03-18 00:00:00-04:00,183.0355818161066,185.0214292979283,181.51245250734397,182.96810913085938,1083000,0.0,0.0
2024-03-19 00:00:00-04:00,183.41155549851254,185.3202956719153,182.45720012135766,184.07672119140625,1094800,0.0,0.0
2024-03-20 00:00:00-04:00,184.05742799059925,187.64352699583614,182.94882836292717,186.53492736816406,1090200,0.0,0.0
2024-03-21 00:00:00-04:00,187.98090242704717,190.13062862843822,186.26497536627144,189.3112335205078,1591500,0.0,0.0
2024-03-22 00:00:00-04:00,189.8510822338047,190.85364061930565,187.21935360101384,187.44107055664062,873300,0.0,0.0
2024-03-25 00:00:00-04:00,188.69426938942306,191.46095793847297,188.2219018307503,188.44361877441406,951100,0.0,0.0
2024-03-26 00:00:00-04:00,188.6171662368222,189.79325316694346,186.84340108991768,187.0747528076172,1015600,0.0,0.0
2024-03-27 00:00:00-04:00,188.50546860375007,192.0145751241012,188.0994585952898,191.9468994140625,859000,0.54,0.0
2024-03-28 00:00:00-04:00,192.08224241121746,192.37225378412583,189.95551692754134,191.3088836669922,1051900,0.0,0.0
2024-04-01 00:00:00-04:00,193.0682853780454,194.8083389568259,191.29923213550123,193.33895874023438,907300,0.0,0.0
2024-04-02 00:00:00-04:00,193.1939328220419,193.30026982418156,189.74282582126415,191.76321411132812,1012000,0.0,0.0
2024-04-03 00:00:00-04:00,192.0629052954598,196.13269667147534,190.73853821197088,193.48394775390625,1308600,0.0,0.0
2024-04-04 00:00:00-04:00,194.4023226303832,195.67835204651917,191.67623631996992,192.46893310546875,819900,0.0,0.0
2024-04-05 00:00:00-04:00,192.11124033162378,194.75998921263763,191.36689600697017,194.27664184570312,563600,0.0,0.0
2024-04-08 00:00:00-04:00,195.34965157145123,195.70732386247855,193.06825166664512,194.1896209716797,912500,0.0,0.0
2024-04-09 00:00:00-04:00,195.6976823005129,196.23902898589668,190.55485928818507,193.2229461669922,908600,0.0,0.0
2024-04-10 00:00:00-04:00,192.42059379281184,192.42059379281184,188.96948643968994,191.57955932617188,806200,0.0,0.0
2024-04-11 00:00:00-04:00,191.86956373850785,192.5172474303072,190.0425113092258,190.7675323486328,781900,0.0,0.0
2024-04-12 00:00:00-04:00,190.67086604460167,192.36258175280074,186.59141327106872,188.05111694335938,1186200,0.0,0.0
2024-04-15 00:00:00-04:00,190.53554469925405,191.2025516987689,186.33041655763878,187.54844665527344,855100,0.0,0.0
2024-04-16 00:00:00-04:00,184.88034249233982,186.82339333067472,183.02429062797762,185.71170043945312,1142900,0.0,0.0
2024-04-17 00:00:00-04:00,187.84813901601643,189.433517884487,185.238051277778,186.3594207763672,1152500,0.0,0.0
2024-04-18 00:00:00-04:00,187.69344574834926,187.69344574834926,182.65695989104805,184.41635131835938,1051900,0.0,0.0
2024-04-19 00:00:00-04:00,184.73537426770483,185.4313956739404,182.83098441322574,184.98670959472656,1622600,0.0,0.0
2024-04-22 00:00:00-04:00,184.61938118661604,187.16179340174318,182.1929823856916,185.24774169921875,1609800,0.0,0.0
2024-04-23 00:00:00-04:00,171.78166158421462,177.8235040340716,168.59156582057176,168.82357788085938,4855700,0.0,0.0
2024-04-24 00:00:00-04:00,169.17158136120662,172.38101501360018,166.23283580953498,167.0061798095703,2587000,0.0,0.0
2024-04-25 00:00:00-04:00,165.68182795126802,170.3122897421951,165.13081956306323,170.0222930908203,1623600,0.0,0.0
2024-04-26 00:00:00-04:00,170.7086066670333,170.94061869591448,168.5335436795134,169.57757568359375,1253900,0.0,0.0
2024-04-29 00:00:00-04:00,170.11895497560144,170.71831581090038,168.4659150482367,169.4036102294922,1198700,0.0,0.0
2024-04-30 00:00:00-04:00,168.48522504894075,168.57223878872955,162.6077338252136,162.9170684814453,2179100,0.0,0.0
2024-05-01 00:00:00-04:00,163.94175606503845,166.31983159609538,162.14370327343667,163.05239868164062,1254900,0.0,0.0
2024-05-02 00:00:00-04:00,163.96107887149313,165.15010915136403,162.84938593307743,164.8407745361328,1303100,0.0,0.0
2024-05-03 00:00:00-04:00,165.9524850423327,168.8139079767282,165.40147670819516,168.12754821777344,1054700,0.0,0.0
2024-05-06 00:00:00-04:00,169.6742688884398,169.85794325345734,164.17377332828488,165.3241424560547,1588300,0.0,0.0
2024-05-07 00:00:00-04:00,165.3048142862561,166.40684579147413,164.41545682157073,166.06849670410156,1400700,0.0,0.0
2024-05-08 00:00:00-04:00,164.76344413896368,166.10714915837818,163.92242448489995,164.14476013183594,1247800,0.0,0.0
2024-05-09 00:00:00-04:00,164.36710930559468,168.93957140254832,164.36710930559468,168.56256103515625,1230800,0.0,0.0
2024-05-10 00:00:00-04:00,169.07489710452168,169.78059485584149,167.92454280218945,168.6592254638672,1149400,0.0,0.0
2024-05-13 00:00:00-04:00,168.0985658312441,169.54860809722777,167.2382080101175,167.9535675048828,812200,0.0,0.0
2024-05-14 00:00:00-04:00,168.64957923001134,169.54859830270195,166.25216553498595,166.870849609375,1021600,0.0,0.0
2024-05-15 00:00:00-04:00,167.44120900073418,170.60229030461534,167.3445336226899,170.34129333496094,1467500,0.0,0.0
2024-05-16 00:00:00-04:00,170.42827818338586,170.70861315550636,167.5475321139191,167.6538543701172,1215800,0.0,0.0
2024-05-17 00:00:00-04:00,168.97823107238975,169.16190541957357,165.8074737384721,166.38748168945312,1245000,0.0,0.0
2024-05-20 00:00:00-04:00,166.45516637088252,167.0738504023056,164.53143856585905,165.23712158203125,1474900,0.0,0.0
2024-05-21 00:00:00-04:00,165.37246408758887,166.79349168031683,164.55076771879487,166.38748168945312,901500,0.0,0.0
2024-05-22 00:00:00-04:00,165.324136650648,167.131851073327,164.56043955455996,165.40147399902344,884300,0.0,0.0
2024-05-23 00:00:00-04:00,165.7881542673993,166.387500308993,164.7827981895075,165.81715393066406,950100,0.0,0.0
2024-05-24 00:00:00-04:00,167.10285224354018,167.2381889162233,163.82575768659274,165.56581115722656,1056100,0.0,0.0
2024-05-28 00:00:00-04:00,165.4497951347226,165.5561321437579,162.3273753248184,162.78172302246094,1571400,0.0,0.0
2024-05-29 00:00:00-04:00,161.68935312825457,165.03412334084558,160.40364738399282,161.0513458251953,1337500,0.0,0.0
2024-05-30 00:00:00-04:00,160.66467082425535,162.44338569413043,160.38433582598046,161.1190185546875,1380200,0.0,0.0
2024-05-31 00:00:00-04:00,161.09968478057888,163.34242382833688,159.66898058666666,163.22642517089844,2484600,0.0,0.0
2024-06-03 00:00:00-04:00,162.28871921681656,163.14907695358585,159.40795824375832,161.2543487548828,1442000,0.0,0.0
2024-06-04 00:00:00-04:00,159.49497867028606,159.7269759794461,155.62819951130496,155.81185913085938,1643700,0.0,0.0
2024-06-05 00:00:00-04:00,155.8118620718031,157.67759072153484,155.76353913187725,156.3048858642578,1251400,0.0,0.0
2024-06-06 00:00:00-04:00,155.86019108126123,158.12226801641907,155.64751705530117,157.89991760253906,1081100,0.0,0.0
2024-06-07 00:00:00-04:00,156.72055661748885,158.42194890979422,154.67116835694875,155.6378631591797,1674700,0.0,0.0
2024-06-10 00:00:00-04:00,154.92250168432824,156.01487151685905,151.84841933342153,152.0707550048828,1707000,0.0,0.0
2024-06-11 00:00:00-04:00,151.04605370371462,151.40372603869582,148.24264484721013,150.25335693359375,1784700,0.0,0.0
2024-06-12 00:00:00-04:00,150.7173526101297,151.91604442590594,148.68728813092585,149.2963104248047,1282600,0.0,0.0
2024-06-13 00:00:00-04:00,148.8032946576272,149.38331732550236,146.55090919047902,148.98696899414062,1226900,0.0,0.0
2024-06-14 00:00:00-04:00,145.0041942187646,150.91069898663253,144.15349822582593,149.53799438476562,2206500,0.0,0.0
2024-06-17 00:00:00-04:00,148.80330405066272,152.911756414117,147.0825887114279,152.13841247558594,2168600,0.0,0.0
2024-06-18 00:00:00-04:00,152.6507483058955,154.17812754876644,149.41231548548205,150.44668579101562,1726200,0.0,0.0
2024-06-20 00:00:00-04:00,150.78505910414071,153.4338083126873,150.21471268077332,151.58741760253906,1262200,0.0,0.0
2024-06-21 00:00:00-04:00,151.21038717024115,152.69910530762155,150.70770178289015,152.33175659179688,4060000,0.0,0.0
2024-06-24 00:00:00-04:00,152.7087506410458,153.60776955936223,150.34035176689676,150.37901306152344,1634100,0.0,0.0
2024-06-25 00:00:00-04:00,149.77967608913892,150.05034941950947,145.20721438260364,146.43490600585938,2105900,0.0,0.0
2024-06-26 00:00:00-04:00,145.8742319303459,149.56701295703678,145.71957198073633,149.41233825683594,1616400,0.0,0.0
2024-06-27 00:00:00-04:00,149.02567270226976,150.72705022628958,148.38765059929037,149.55735778808594,1208900,0.0,0.0
2024-06-28 00:00:00-04:00,152.18626318960176,155.6397480732311,150.67293968349512,153.35035705566406,3517800,0.54,0.0
2024-07-01 00:00:00-04:00,153.86448847894428,154.70845388572894,150.46920629242393,152.3026580810547,1475100,0.0,0.0
2024-07-02 00:00:00-04:00,152.02134401318642,153.1466263088757,151.01245185563008,151.77882385253906,1143000,0.0,0.0
2024-07-03 00:00:00-04:00,152.5646106064886,154.3398602356571,151.34229933268765,151.7400360107422,737500,0.0,0.0
2024-07-05 00:00:00-04:00,150.89605766475879,151.33259102457058,148.70366578288144,149.23721313476562,1348100,0.0,0.0
2024-07-08 00:00:00-04:00,149.1499052167705,149.83866901564244,147.3358590737829,147.908203125,1084000,0.0,0.0
2024-07-09 00:00:00-04:00,147.17096313801957,148.64547528093448,145.74494319278963,145.754638671875,1500000,0.0,0.0
2024-07-10 00:00:00-04:00,146.58889436471142,149.17900804322787,146.42398242288718,148.77157592773438,1422900,0.0,0.0
2024-07-11 00:00:00-04:00,150.20729782379212,155.35842417093298,149.99387887738735,154.20404052734375,1927800,0.0,0.0
2024-07-12 00:00:00-04:00,155.62035143389974,157.57020840375583,153.98091260546383,156.28001403808594,1414600,0.0,0.0
2024-07-15 00:00:00-04:00,158.13284419159143,162.0034713815558,158.1231487137341,159.93719482421875,1653500,0.0,0.0
2024-07-16 00:00:00-04:00,158.94769635520942,161.8191263551481,158.27833843970402,161.16917419433594,1457700,0.0,0.0
2024-07-17 00:00:00-04:00,161.1109698831683,161.87732695883548,158.82157933002156,159.09320068359375,1323200,0.0,0.0
2024-07-18 00:00:00-04:00,158.36567851415663,162.48852159951753,158.2395632830586,160.71327209472656,1490300,0.0,0.0
2024-07-19 00:00:00-04:00,160.9363912019936,161.08191219647918,157.434399087217,157.63812255859375,1564500,0.0,0.0
2024-07-22 00:00:00-04:00,157.4440950325881,158.6081888711915,155.87255428833012,158.45297241210938,1434700,0.0,0.0
2024-07-23 00:00:00-04:00,155.69794979683755,159.9662988859417,154.1652205397007,156.71653747558594,2212900,0.0,0.0
2024-07-24 00:00:00-04:00,156.1733109274057,156.55164184151732,150.0714944996534,150.15879821777344,2553600,0.0,0.0
2024-07-25 00:00:00-04:00,151.64302895939664,154.2137370092839,150.2752115582457,152.32208251953125,1390700,0.0,0.0
2024-07-26 00:00:00-04:00,152.19595599950463,157.56050093012763,151.652713191683,156.07627868652344,1252600,0.0,0.0
2024-07-29 00:00:00-04:00,155.4651389974467,156.06659914086973,153.34067454332066,154.6405792236328,1134300,0.0,0.0
2024-07-30 00:00:00-04:00,154.4465537512123,155.95016698458588,154.02941135576336,154.6599578857422,835400,0.0,0.0
2024-07-31 00:00:00-04:00,155.21291694776275,160.8005766290696,154.8830930517905,158.06495666503906,2438600,0.0,0.0
2024-08-01 00:00:00-04:00,157.7060433471081,158.85073159027772,150.10059859713053,151.1191864013672,2517600,0.0,0.0
2024-08-02 00:00:00-04:00,149.08200299814376,150.91546983126196,144.89126184285843,146.53070068359375,2175900,0.0,0.0
2024-08-05 00:00:00-04:00,142.11682710257682,147.50077812049793,141.0400368989926,146.0165557861328,2011200,0.0,0.0
2024-08-06 00:00:00-04:00,145.80313627266776,148.76188545136444,145.10467696483585,145.4733123779297,1180500,0.0,0.0
2024-08-07 00:00:00-04:00,147.35525696872222,147.93731132763548,140.47738814544144,140.8460235595703,1725000,0.0,0.0
2024-08-08 00:00:00-04:00,141.9713352679195,142.63098312666153,140.836327671819,141.29226684570312,1204900,0.0,0.0
2024-08-09 00:00:00-04:00,141.06913728802704,141.82579906953313,139.23568530941506,140.79751586914062,954300,0.0,0.0
2024-08-12 00:00:00-04:00,140.97214783267393,140.99153879089272,136.17023606930414,137.1209259033203,1651700,0.0,0.0
2024-08-13 00:00:00-04:00,137.43135917353288,138.99319001288228,136.66500177638144,138.60516357421875,1141100,0.0,0.0
2024-08-14 00:00:00-04:00,138.5372125331013,138.59541500259547,135.2389443088809,137.03358459472656,1218100,0.0,0.0
2024-08-15 00:00:00-04:00,142.35932895477612,143.0868894094002,139.30358096625716,140.87510681152344,1478900,0.0,0.0
2024-08-16 00:00:00-04:00,140.36095915109388,142.20410630149752,140.03113531192773,140.88479614257812,881400,0.0,0.0
2024-08-19 00:00:00-04:00,140.8654281743084,142.35934597340415,139.02226592089642,139.75953674316406,1268400,0.0,0.0
2024-08-20 00:00:00-04:00,139.75952516142374,140.27366671736863,138.58572107191853,139.10955810546875,752500,0.0,0.0
2024-08-21 00:00:00-04:00,140.56466484776675,142.85405552276967,140.20573978335352,142.0780029296875,1019000,0.0,0.0
2024-08-22 00:00:00-04:00,141.80638806812215,142.5242531070739,140.34157155597447,141.84519958496094,709500,0.0,0.0
2024-08-23 00:00:00-04:00,142.6503802573394,143.6301565066963,141.651198247941,143.31002807617188,947500,0.0,0.0
2024-08-26 00:00:00-04:00,145.58002444618384,147.98582054814287,144.65843589701436,145.93894958496094,1226200,0.0,0.0
2024-08-27 00:00:00-04:00,145.63819234727825,147.1127040713782,144.14426006600738,145.87100219726562,1388000,0.0,0.0
2024-08-28 00:00:00-04:00,144.57113356616696,145.33750565099436,142.89289800659122,143.61074829101562,1126900,0.0,0.0
2024-08-29 00:00:00-04:00,144.49350080506852,146.8119928212334,143.6786366626582,145.531494140625,997600,0.0,0.0
2024-08-30 00:00:00-04:00,145.65762332779707,147.73359560678378,145.57031961006004,147.36497497558594,1441400,0.0,0.0
2024-09-03 00:00:00-04:00,145.2889757911524,145.5120901848043,139.62369383024335,140.10873413085938,1544600,0.0,0.0
2024-09-04 00:00:00-04:00,139.59460278770823,141.0400283178814,137.02389492766693,137.4701385498047,1544700,0.0,0.0
2024-09-05 00:00:00-04:00,138.12978202810606,138.5372141214925,134.4919796204529,135.4232635498047,1662600,0.0,0.0
2024-09-06 00:00:00-04:00,135.26807362940545,137.37314725930526,133.78385114011084,134.63751220703125,1310500,0.0,0.0
2024-09-09 00:00:00-04:00,137.3634284201237,139.21627124508063,136.5291584540975,136.70376586914062,1350700,0.0,0.0
2024-09-10 00:00:00-04:00,137.02388446951255,137.0432902261043,133.90022375972623,135.43295288085938,1094800,0.0,0.0
2024-09-11 00:00:00-04:00,134.36589111587912,135.0158434990041,129.42818321868126,133.64804077148438,1889700,0.0,0.0
2024-09-12 00:00:00-04:00,134.72481628634452,136.52916703311723,133.59951908894706,136.3933563232422,1358100,0.0,0.0
2024-09-13 00:00:00-04:00,137.12092800171808,140.79752774755912,137.12092800171808,139.2938995361328,1144800,0.0,0.0
2024-09-16 00:00:00-04:00,139.95355796724368,140.41919259598674,138.04249765066862,138.68275451660156,1390200,0.0,0.0
2024-09-17 00:00:00-04:00,135.27773995136985,140.1281430676058,134.25915233650917,137.92605590820312,2296500,0.0,0.0
2024-09-18 00:00:00-04:00,138.72153893718016,141.2340443765777,137.2567224212713,138.70213317871094,1426900,0.0,0.0
2024-09-19 00:00:00-04:00,142.31080411274561,144.93001846039056,141.24372446116985,144.5419921875,1939900,0.0,0.0
2024-09-20 00:00:00-04:00,143.62047162877906,144.11520752942104,140.92364807200772,141.93252563476562,3915300,0.0,0.0
2024-09-23 00:00:00-04:00,142.2332170413693,142.9801832700899,140.61318416773267,142.6018524169922,1486600,0.0,0.0
2024-09-24 00:00:00-04:00,145.57028878262565,147.58805815581783,144.96884356257252,146.1038360595703,1465000,0.0,0.0
2024-09-25 00:00:00-04:00,145.70609678332278,145.87100870183548,143.9211521099748,144.42559814453125,986100,0.0,0.0
2024-09-26 00:00:00-04:00,147.6268822459451,147.97611190996582,145.40540382915887,146.08445739746094,1382300,0.0,0.0
2024-09-27 00:00:00-04:00,147.06775289503582,148.39181112972963,145.8118518166074,146.16233825683594,895000,0.54,0.0
2024-09-30 00:00:00-04:00,146.16231852376472,146.94116396976528,144.9745599064318,146.36676025390625,1415700,0.0,0.0
2024-10-01 00:00:00-04:00,145.93839946194467,149.4627393006139,145.93839946194467,148.6741485595703,1262500,0.0,0.0
2024-10-02 00:00:00-04:00,149.12197801226162,151.04964585110812,146.6880487213606,147.4474334716797,1547700,0.0,0.0
2024-10-03 00:00:00-04:00,146.12340369650158,147.64217349183673,145.57820580643545,147.29168701171875,1715300,0.0,0.0
2024-10-04 00:00:00-04:00,149.23881251351727,150.30001705027263,146.94118250473636,147.43771362304688,1036200,0.0,0.0
2024-10-07 00:00:00-04:00,146.0357516174816,149.3458893786012,146.0357516174816,148.71307373046875,1208500,0.0,0.0
2024-10-08 00:00:00-04:00,146.4544189082105,147.2430246534337,142.74511221637164,144.19573974609375,1702600,0.0,0.0
2024-10-09 00:00:00-04:00,143.84523385485116,148.39181239098426,143.4558110759658,147.80767822265625,1291000,0.0,0.0
2024-10-10 00:00:00-04:00,146.8633205962511,148.71310118266237,146.4154710055209,146.9119873046875,1055900,0.0,0.0
2024-10-11 00:00:00-04:00,146.98987986522056,149.76456569530166,146.98987986522056,147.8953094482422,1594600,0.0,0.0
2024-10-14 00:00:00-04:00,147.0288271462092,148.9857012459956,145.98709812047096,148.80072021484375,1075900,0.0,0.0
2024-10-15 00:00:00-04:00,147.4961468136209,150.7770794510194,147.31116577076543,147.6324462890625,1843000,0.0,0.0
2024-10-16 00:00:00-04:00,148.30418531284474,150.3097407254451,148.30418531284474,150.1929168701172,1232000,0.0,0.0
2024-10-17 00:00:00-04:00,150.70891221620008,154.10666816903398,150.40710734588802,153.91195678710938,2044600,0.0,0.0
2024-10-18 00:00:00-04:00,154.96344394859307,155.27499410013027,152.96761849995335,154.0580291748047,1954000,0.0,0.0
2024-10-21 00:00:00-04:00,154.3500556218013,155.00236175411902,151.3027862069997,151.98428344726562,2062400,0.0,0.0
2024-10-22 00:00:00-04:00,149.37510501392006,149.78401821779187,139.02604751418636,142.16094970703125,5247000,0.0,0.0
2024-10-23 00:00:00-04:00,142.1317668343595,143.60185505335622,137.78962962987302,137.91619873046875,2785500,0.0,0.0
2024-10-24 00:00:00-04:00,138.12063667892932,140.20407989006503,136.70896043612487,137.60464477539062,1984600,0.0,0.0
2024-10-25 00:00:00-04:00,138.56847349851816,140.61296532716318,137.70199520686054,137.731201171875,1741400,0.0,0.0
2024-10-28 00:00:00-04:00,139.4446719317693,144.32227570878467,138.8507925941586,143.82574462890625,1864700,0.0,0.0
2024-10-29 00:00:00-04:00,143.48501932891864,145.4029569993329,142.24857896018096,143.3097686767578,1707300,0.0,0.0
2024-10-30 00:00:00-04:00,142.24857914870367,144.10810488937108,138.792396218195,138.92869567871094,2094000,0.0,0.0
2024-10-31 00:00:00-04:00,139.2207776001315,140.28196737455409,137.0399712603632,138.0914306640625,2299800,0.0,0.0
2024-11-01 00:00:00-04:00,138.06222517145878,140.29171308357115,138.06222517145878,139.76597595214844,1106000,0.0,0.0
2024-11-04 00:00:00-05:00,139.3862574857669,141.36260683385427,138.33479827480252,138.83132934570312,1345700,0.0,0.0
2024-11-05 00:00:00-05:00,138.7923829967526,141.35288139202376,137.5948939323269,140.7882080078125,1227600,0.0,0.0
2024-11-06 00:00:00-05:00,160.33753373613257,166.0134588160476,155.92725490115248,163.3069305419922,7506300,0.0,0.0
2024-11-07 00:00:00-05:00,163.63796898284647,163.96897986806738,156.63798454879085,156.91058349609375,2608900,0.0,0.0
2024-11-08 00:00:00-05:00,155.66438894468953,156.66716667441042,153.3375530200664,154.6421356201172,1704800,0.0,0.0
2024-11-11 00:00:00-05:00,155.77149843114395,156.91057573075838,154.46691569710978,154.85633850097656,2141800,0.0,0.0
2024-11-12 00:00:00-05:00,153.33756241116433,153.88276025618634,147.75900001442002,149.82296752929688,2170600,0.0,0.0
2024-11-13 00:00:00-05:00,149.45300426675192,150.60182673558657,147.42797310490386,148.17762756347656,2465100,0.0,0.0
2024-11-14 00:00:00-05:00,147.72002846473947,148.17760834779304,141.88834354520455,142.5114288330078,1792500,0.0,0.0
2024-11-15 00:00:00-05:00,143.4850066196189,145.53924356841276,142.53089562625584,143.19293212890625,1519600,0.0,0.0
2024-11-18 00:00:00-05:00,143.11506650241407,144.57542432386725,142.07333745912402,143.35845947265625,1569000,0.0,0.0
2024-11-19 00:00:00-05:00,141.25553704490684,142.3069964322228,139.91201798516502,140.8563690185547,1810000,0.0,0.0
2024-11-20 00:00:00-05:00,142.05386816136198,145.97736141690598,141.644969778647,144.25413513183594,2260600,0.0,0.0
2024-11-21 00:00:00-05:00,144.0886183720941,146.86330378971303,142.73535423971234,146.02603149414062,1738900,0.0,0.0
2024-11-22 00:00:00-05:00,145.6366201955368,149.199896994133,145.6366201955368,147.90504455566406,1276300,0.0,0.0
2024-11-25 00:00:00-05:00,148.82015335713174,152.34447774769063,148.5086033186947,149.38482666015625,2694000,0.0,0.0
2024-11-26 00:00:00-05:00,151.04965531267226,152.80208748299628,148.31392099522054,149.9300537109375,1728500,0.0,0.0
2024-11-27 00:00:00-05:00,149.10250643405047,152.6463069828238,148.76176523746267,150.67970275878906,1098800,0.0,0.0
2024-11-29 00:00:00-05:00,151.3027641139042,152.05240354097216,149.92029424108165,150.60179138183594,920700,0.0,0.0
2024-12-02 00:00:00-05:00,152.66580075243112,153.44466121032607,151.3514876567905,152.2374267578125,1837300,0.0,0.0
2024-12-03 00:00:00-05:00,154.1066755944702,154.29165661564582,150.5531444226637,150.8841552734375,2043700,0.0,0.0
2024-12-04 00:00:00-05:00,150.407107900012,150.786800295598,144.2930783807921,145.36399841308594,2160900,0.0,0.0
2024-12-05 00:00:00-05:00,145.06216753409512,145.0718979020485,139.5712243370926,141.7228240966797,2115800,0.0,0.0
2024-12-06 00:00:00-05:00,142.51142981349963,142.52116018248418,138.5489858745875,138.8021240234375,1838800,0.0,0.0
2024-12-09 00:00:00-05:00,141.03161687019218,143.23188387332547,139.55178351873874,140.75901794433594,1551600,0.0,0.0
2024-12-10 00:00:00-05:00,140.17484339585525,140.67137444980892,135.9203399969831,136.84523010253906,1676200,0.0,0.0
2024-12-11 00:00:00-05:00,137.30282787961667,137.30282787961667,134.06083204748433,134.78128051757812,2082700,0.0,0.0
2024-12-12 00:00:00-05:00,132.0747528699664,133.15541815332318,127.19714868443846,127.93707275390625,2699300,0.0,0.0
2024-12-13 00:00:00-05:00,127.30424025747925,127.30424025747925,121.69647216796875,121.93986511230469,2790700,0.0,0.0
2024-12-16 00:00:00-05:00,120.72289469641572,122.76739384685085,119.75906076208085,120.87866973876953,3090900,0.0,0.0
2024-12-17 00:00:00-05:00,118.68813687805053,121.44333931493739,116.28341344137262,117.78271484375,3290400,0.0,0.0
2024-12-18 00:00:00-05:00,118.2792365821898,119.90510714263677,114.4628368869133,114.842529296875,2605800,0.0,0.0
2024-12-19 00:00:00-05:00,115.27089926589828,116.94544390182513,112.24309046139958,112.72013854980469,2869000,0.0,0.0
2024-12-20 00:00:00-05:00,111.63947487347102,114.80358317671019,110.92877162952165,113.4990005493164,10452500,0.0,0.0
2024-12-23 00:00:00-05:00,113.42111238155007,113.75212322145744,111.8439234237947,113.52820587158203,1668600,0.0,0.0
2024-12-24 00:00:00-05:00,113.49899595780265,114.75490440176698,112.65198586459053,114.32653045654297,886500,0.0,0.0
2024-12-26 00:00:00-05:00,113.63529872389815,115.91345311121891,112.68119511653956,115.50455474853516,1565300,0.0,0.0
2024-12-27 00:00:00-05:00,114.96908697414631,117.13041749612749,113.64503619795276,114.18049621582031,1330800,0.0,0.0
2024-12-30 00:00:00-05:00,113.64504484795506,113.64504484795506,112.13600551560057,112.79803466796875,1448600,0.0,0.0
2024-12-31 00:00:00-05:00,113.44364888931248,115.11639644211091,113.17952653386487,114.16752624511719,1240000,0.55,0.0
2025-01-02 00:00:00-05:00,115.2337896859923,116.09461664522475,111.88828698071977,111.98611450195312,1383100,0.0,0.0
2025-01-03 00:00:00-05:00,112.35783111703974,113.54147095738898,109.80468810611394,112.93497467041016,2080200,0.0,0.0
2025-01-06 00:00:00-05:00,115.67398194359802,119.16621095195106,115.45877334122015,117.99235534667969,3500000,0.0,0.0
2025-01-07 00:00:00-05:00,118.1293012145528,120.76069573088644,117.62062499521078,118.63796997070312,2223100,0.0,0.0
2025-01-08 00:00:00-05:00,117.90431180564029,118.3640742800122,114.38273753457584,115.60550689697266,2360000,0.0,0.0
2025-01-10 00:00:00-05:00,114.17730490831362,116.25111682030595,113.70775822335436,115.5859375,2647800,0.0,0.0
2025-01-13 00:00:00-05:00,115.78157926708568,120.85851975346051,115.03813344818266,120.20310974121094,3023300,0.0,0.0
2025-01-14 00:00:00-05:00,120.56505573750522,120.8878686312544,117.42498499887003,119.09773254394531,2501700,0.0,0.0
2025-01-15 00:00:00-05:00,121.5628369343114,121.59218966840066,119.27381624601999,120.39876556396484,2054600,0.0,0.0
2025-01-16 00:00:00-05:00,121.20089041357741,121.49435055774725,120.05638017861338,120.67265319824219,1189100,0.0,0.0
2025-01-17 00:00:00-05:00,121.56283108193463,123.39209666611607,121.1128528690583,121.81716918945312,1858500,0.0,0.0
2025-01-21 00:00:00-05:00,123.74426168207195,124.9572468215147,121.40632721651743,122.34541320800781,2220400,0.0,0.0
2025-01-22 00:00:00-05:00,122.02259317556982,123.08885189721138,119.00969526079881,119.4303207397461,2739800,0.0,0.0
2025-01-23 00:00:00-05:00,119.42054657720044,121.68022192862307,119.16620846486283,119.4009780883789,3000000,0.0,0.0
2025-01-24 00:00:00-05:00,121.29872692712313,121.82696421416303,118.71623849927848,119.50859069824219,2399900,0.0,0.0
2025-01-27 00:00:00-05:00,120.01725883996059,120.58461814260276,118.5205903595162,119.31294250488281,3103900,0.0,0.0
2025-01-28 00:00:00-05:00,119.31293860076285,125.0061521720943,116.70110516297284,123.79316711425781,4913300,0.0,0.0
2025-01-29 00:00:00-05:00,123.98881262701751,125.97458886590758,123.02038138731679,124.106201171875,2738900,0.0,0.0
2025-01-30 00:00:00-05:00,125.21159060908516,126.04307979852753,123.9399074066847,125.87677001953125,3125300,0.0,0.0
2025-01-31 00:00:00-05:00,125.52461277906215,128.5962086722594,123.90077156175592,125.6322021484375,4010000,0.0,0.0
2025-02-03 00:00:00-05:00,127.35389260071399,130.52330162289803,123.48015968232164,128.43971252441406,5054100,0.0,0.0
2025-02-04 00:00:00-05:00,126.18980202766224,128.37121845696987,125.280068759104,127.97016143798828,3320500,0.0,0.0
2025-02-05 00:00:00-05:00,128.33207978150415,130.51349592826253,127.90166262041123,130.31785583496094,2669200,0.0,0.0
2025-02-06 00:00:00-05:00,132.01996280054337,133.11555932063968,129.4472514081211,130.2982940673828,2891100,0.0,0.0
2025-02-07 00:00:00-05:00,130.9830362263379,132.77317220137465,127.23648437563891,127.42233276367188,3571400,0.0,0.0
2025-02-10 00:00:00-05:00,133.81988816213928,137.75231879189965,133.39924772040436,134.5339813232422,5613100,0.0,0.0
2025-02-11 00:00:00-05:00,136.32410290551752,138.41748332841132,134.26984453221056,135.10133361816406,4278800,0.0,0.0
2025-02-12 00:00:00-05:00,133.41881453714942,134.48506587450547,130.55265022045,130.64068603515625,2827200,0.0,0.0
2025-02-13 00:00:00-05:00,130.61133076868498,132.96881865381445,129.5255110245796,132.59710693359375,2423400,0.0,0.0
2025-02-14 00:00:00-05:00,133.25253113492863,134.9252714635613,132.33300607643554,134.76876831054688,2108900,0.0,0.0
2025-02-18 00:00:00-05:00,136.95017585828813,139.94351302811202,135.20895338791496,139.415283203125,3061000,0.0,0.0
2025-02-19 00:00:00-05:00,136.09911667608145,138.97507240998615,135.37523188904427,136.7251739501953,2372000,0.0,0.0
2025-02-20 00:00:00-05:00,137.19472802012,139.49354048512856,136.1480302388314,136.90126037597656,1895700,0.0,0.0
2025-02-21 00:00:00-05:00,137.64472023709502,138.3098996639677,131.98084369449217,132.28408813476562,2277600,0.0,0.0
2025-02-24 00:00:00-05:00,132.36235136359406,134.18183298923847,130.89502795344163,133.21339416503906,1742200,0.0,0.0
2025-02-25 00:00:00-05:00,133.2133826647607,133.81009473043076,130.51351319665812,133.11557006835938,2066700,0.0,0.0
2025-02-26 00:00:00-05:00,134.56331284970332,136.37301737499743,130.68958808589724,131.63845825195312,1773300,0.0,0.0
2025-02-27 00:00:00-05:00,132.0982000826478,134.1035446232636,131.31563970947488,131.8732147216797,1439100,0.0,0.0
2025-02-28 00:00:00-05:00,132.2547274834846,134.5731082784768,131.12978567268382,134.47528076171875,3848100,0.0,0.0
2025-03-03 00:00:00-05:00,136.61755793557612,137.06752863309984,129.11464807065292,131.1493377685547,3209200,0.0,0.0
2025-03-04 00:00:00-05:00,129.1440129854446,129.75050181193888,123.67578452326487,126.68868255615234,4662000,0.0,0.0
2025-03-05 00:00:00-05:00,128.22450270417136,130.47440157058907,127.19737333837354,129.60379028320312,2787100,0.0,0.0
2025-03-06 00:00:00-05:00,128.61577033967276,130.53307929591392,126.66913103879426,129.1146697998047,2668100,0.0,0.0
2025-03-07 00:00:00-05:00,129.89724330498655,132.43083305983873,128.66469701917762,130.80699157714844,3383900,0.0,0.0
2025-03-10 00:00:00-04:00,127.73537638601623,129.222268062602,122.98124865976062,123.93989562988281,3432900,0.0,0.0
2025-03-11 00:00:00-04:00,123.9398814179382,129.08530369348153,123.38229896895334,127.0701675415039,3149300,0.0,0.0
2025-03-12 00:00:00-04:00,126.6984570902347,129.9852612834948,125.80827753393092,128.00926208496094,2154700,0.0,0.0
2025-03-13 00:00:00-04:00,127.79406141609675,130.9047942023245,126.32673829132847,126.73758697509766,1969300,0.0,0.0
2025-03-14 00:00:00-04:00,129.0070617465178,130.19069411365888,127.64734283198378,129.2124786376953,2111300,0.0,0.0
2025-03-17 00:00:00-04:00,127.63755632789706,128.10711052249866,124.82029832901638,126.67890930175781,3702500,0.0,0.0
2025-03-18 00:00:00-04:00,127.16801818406654,127.64734916456639,125.6517811358258,126.9821548461914,2168100,0.0,0.0
2025-03-19 00:00:00-04:00,127.50060507858191,128.65490713384065,126.29740418928044,128.1951446533203,1860800,0.0,0.0
2025-03-20 00:00:00-04:00,126.67890930175781,127.82341966412883,125.58331270045583,126.67890930175781,2799400,0.0,0.0
2025-03-21 00:00:00-04:00,122.51169768197484,123.82251023174236,116.96521801589581,119.35206604003906,10007400,0.0,0.0
2025-03-24 00:00:00-04:00,124.23336137764586,126.61041774170386,122.76603821176816,124.62464904785156,4234100,0.0,0.0
2025-03-25 00:00:00-04:00,124.50725931969285,125.96480569072031,123.86164101372722,124.78115844726562,2662000,0.0,0.0
2025-03-26 00:00:00-04:00,124.12575304986112,126.29739245893077,123.82250866031778,124.52682495117188,2337400,0.0,0.0
2025-03-27 00:00:00-04:00,123.25515251965734,126.05284943580969,122.16933272183358,124.69313049316406,2156000,0.0,0.0
2025-03-28 00:00:00-04:00,124.71268768579127,125.1431048791049,119.20533729829148,119.29337310791016,2737200,0.0,0.0
2025-03-31 00:00:00-04:00,117.9176735430544,118.64483043074219,115.08765207694246,118.25177001953125,2700200,0.55,0.0
2025-04-01 00:00:00-04:00,117.83905527236304,118.57604070268103,116.24717154095842,117.58357238769531,1914500,0.0,0.0
2025-04-02 00:00:00-04:00,116.01133755656278,121.30780589090975,116.01133755656278,120.89509582519531,2123600,0.0,0.0
2025-04-03 00:00:00-04:00,116.31595707960366,116.57143996543924,107.63918010771637,107.88484191894531,4247500,0.0,0.0
2025-04-04 00:00:00-04:00,104.36696923514599,104.76002965605996,98.03871819974256,101.4288558959961,3820000,0.0,0.0
2025-04-07 00:00:00-04:00,97.49825436400752,106.20450897543229,95.89653466310243,103.14847564697266,4103300,0.0,0.0
2025-04-08 00:00:00-04:00,107.59987368966364,108.8478323963325,99.78783106442098,101.88086700439453,3178200,0.0,0.0
2025-04-09 00:00:00-04:00,101.84156100188677,114.74371677295414,100.68203694004268,113.49575805664062,4111100,0.0,0.0
2025-04-10 00:00:00-04:00,110.41024458701116,110.60677103638928,104.20974289598861,107.5409164428711,2850600,0.0,0.0
2025-04-11 00:00:00-04:00,107.80622051850663,110.05648344574298,105.51665080468501,109.3096694946289,1779400,0.0,0.0
2025-04-14 00:00:00-04:00,111.11774985150298,111.8743849150448,108.68078143812826,108.89696502685547,2010400,0.0,0.0
2025-04-15 00:00:00-04:00,108.42530394482202,110.81313728195454,108.22877747553711,108.56288146972656,1366600,0.0,0.0
2025-04-16 00:00:00-04:00,107.40334261491844,109.67325526174412,105.92937180591409,107.05941009521484,1757500,0.0,0.0
2025-04-17 00:00:00-04:00,107.12819832391465,110.21371754086935,107.01028545372762,108.58251953125,2125600,0.0,0.0
2025-04-21 00:00:00-04:00,107.43283038429894,108.02241726092497,104.08199951531806,104.81898498535156,1823500,0.0,0.0
2025-04-22 00:00:00-04:00,106.23399685034657,107.97327921777851,104.72071915646043,107.7177963256836,1939300,0.0,0.0
2025-04-23 00:00:00-04:00,111.6188841273291,113.83966874484985,109.20157308220588,109.9876937866211,1726600,0.0,0.0
2025-04-24 00:00:00-04:00,109.39812349318515,113.74142267196099,109.29986026457559,113.2894058227539,1784100,0.0,0.0
2025-04-25 00:00:00-04:00,112.80791844939354,114.24258267656369,112.28710905793072,113.71195220947266,1562700,0.0,0.0
2025-04-28 00:00:00-04:00,113.76107459595094,116.19804319806784,113.13218092385702,114.54719543457031,2271000,0.0,0.0
2025-04-29 00:00:00-04:00,113.11253711753038,117.07260474058472,111.02932203551724,116.70902252197266,3053500,0.0,0.0
2025-04-30 00:00:00-04:00,113.03390648653347,117.60321747685083,112.79807325713091,117.29859924316406,2970000,0.0,0.0
2025-05-01 00:00:00-04:00,117.91767238467646,119.76504655311507,117.32808552215383,117.64253234863281,1719100,0.0,0.0
2025-05-02 00:00:00-04:00,118.7234352405778,121.79911829932618,118.19280484919891,120.83612823486328,2085700,0.0,0.0
2025-05-05 00:00:00-04:00,119.48007274287484,120.75751713688852,118.33037728646455,118.39916229248047,1368400,0.0,0.0
2025-05-06 00:00:00-04:00,116.96449790901228,118.04540835634258,114.71423486572289,114.82232666015625,2378500,0.0,0.0
2025-05-07 00:00:00-04:00,116.0015032895663,116.0015032895663,112.0316077590518,113.15182495117188,2928900,0.0,0.0
2025-05-08 00:00:00-04:00,114.02639039513525,115.12695803920442,112.50328412403096,113.48593139648438,2084100,0.0,0.0
2025-05-09 00:00:00-04:00,113.88882731692203,114.78303249090388,112.26745771916994,113.22062683105469,1715200,0.0,0.0
2025-05-12 00:00:00-04:00,118.389344737516,120.27602567032811,117.26911996809248,118.03559112548828,2250300,0.0,0.0
2025-05-13 00:00:00-04:00,118.74308015322032,119.2638894496141,116.6598729556569,116.89570617675781,1929100,0.0,0.0
2025-05-14 00:00:00-04:00,116.63041394591835,117.62288235094287,114.54719890830464,115.06800079345703,1864800,0.0,0.0
2025-05-15 00:00:00-04:00,113.56453557740411,113.99690274053617,112.08073621965798,113.4564437866211,2020100,0.0,0.0
2025-05-16 00:00:00-04:00,113.10269879781461,114.32117930828474,111.91369650579884,114.1443099975586,1833400,0.0,0.0
2025-05-19 00:00:00-04:00,111.98247907780997,114.036215717151,111.56976903442208,113.8102035522461,1630700,0.0,0.0
2025-05-20 00:00:00-04:00,113.60384042493432,113.60384042493432,112.62119325059668,113.00442504882812,1198400,0.0,0.0
2025-05-21 00:00:00-04:00,111.75647220364075,112.75876907451047,109.53568737586636,109.7813491821289,1959300,0.0,0.0
2025-05-22 00:00:00-04:00,109.2605573611459,109.69291708181186,107.87502104834196,108.76923370361328,1526900,0.0,0.0
2025-05-23 00:00:00-04:00,106.90218851270734,108.76921966984146,104.93689413614577,106.60739135742188,3908400,0.0,0.0
2025-05-27 00:00:00-04:00,107.66866186364405,108.07155084586056,105.94902912853254,107.4819564819336,2620400,0.0,0.0
2025-05-28 00:00:00-04:00,107.85535794832148,108.68077799146275,106.54843538301137,106.9513168334961,1548800,0.0,0.0
2025-05-29 00:00:00-04:00,106.98080605860001,107.38368752231008,104.76002123148028,107.04959106445312,2437400,0.0,0.0
2025-05-30 00:00:00-04:00,105.88023298256444,107.59986553680562,104.36695543519183,107.46229553222656,3548200,0.0,0.0
2025-06-02 00:00:00-04:00,120.7771766683962,123.56789124995271,115.84428329254132,118.31072998046875,7457300,0.0,0.0
2025-06-03 00:00:00-04:00,116.97432882276915,120.3153309516947,113.34835809344959,120.1974105834961,4854700,0.0,0.0
2025-06-04 00:00:00-04:00,120.25637276771069,121.84826407797334,118.93962899639767,119.74539947509766,2248800,0.0,0.0
2025-06-05 00:00:00-04:00,119.88295731393914,120.10896946657301,116.08993855654114,116.6893539428711,2429900,0.0,0.0
2025-06-06 00:00:00-04:00,118.11418935068014,120.93438948756308,117.90783434022573,119.46041870117188,2061200,0.0,0.0
2025-06-09 00:00:00-04:00,121.21935412920672,121.70084913793687,117.91765907533704,120.40375518798828,1642500,0.0,0.0
2025-06-10 00:00:00-04:00,120.86560896220102,123.38118346513745,120.55116214933398,122.5164566040039,1881800,0.0,0.0
2025-06-11 00:00:00-04:00,117.91766571917483,118.37951110942879,114.19343187723717,115.09746551513672,3617300,0.0,0.0
2025-06-12 00:00:00-04:00,114.02639330829932,116.5321394188705,113.6529900341486,116.39456939697266,2132400,0.0,0.0
2025-06-13 00:00:00-04:00,115.49053094700135,119.92227217643389,115.17608412455624,119.80435180664062,3304200,0.0,0.0
2025-06-16 00:00:00-04:00,120.76734468044499,121.29797507819576,118.38934021041638,119.55868530273438,2517300,0.0,0.0
2025-06-17 00:00:00-04:00,119.71591597808015,121.30779972115897,118.31073011408868,120.0794906616211,1855500,0.0,0.0
2025-06-18 00:00:00-04:00,124.27540134699319,126.85976846331589,123.13552691605166,123.99043273925781,4038500,0.0,0.0
2025-06-20 00:00:00-04:00,126.91871718569654,127.24299256413305,121.18005358340793,122.14305114746094,5239700,0.0,0.0
2025-06-23 00:00:00-04:00,121.11126733940257,124.1967789460985,120.68872874373386,123.80371856689453,1789500,0.0,0.0
2025-06-24 00:00:00-04:00,125.36612823537143,127.00714721637189,124.30486748836398,125.9753646850586,2039100,0.0,0.0
2025-06-25 00:00:00-04:00,125.84763659304012,126.496172362437,125.53318228569054,125.9852066040039,1713600,0.0,0.0
2025-06-26 00:00:00-04:00,127.20367728301376,129.04123774643128,126.54530545704296,128.3435516357422,1838300,0.0,0.0
2025-06-27 00:00:00-04:00,128.4025159881284,129.5325693363773,127.61639517934816,129.14932250976562,2860500,0.0,0.0
2025-06-30 00:00:00-04:00,129.0999842410936,130.13610268134312,127.78756955771301,127.82703399658203,2578600,0.55,0.0
2025-07-01 00:00:00-04:00,127.5211490201192,132.86947693965314,126.76134180041362,132.3366241455078,2092900,0.0,0.0
2025-07-02 00:00:00-04:00,133.21484530943883,137.26063552312465,132.6030486158926,137.0238037109375,1970600,0.0,0.0
2025-07-03 00:00:00-04:00,136.26398232370397,137.42838658615813,135.6620479722611,136.04689025878906,1029100,0.0,0.0
2025-07-07 00:00:00-04:00,134.69502209154047,137.27050992941767,134.14242953823648,135.13906860351562,1546800,0.0,0.0
2025-07-08 00:00:00-04:00,136.037041283832,139.39207615988792,135.56339266701636,137.88230895996094,1975000,0.0,0.0
2025-07-09 00:00:00-04:00,137.7540230219936,138.4842280887939,136.1554346489912,137.85269165039062,1459000,0.0,0.0
2025-07-10 00:00:00-04:00,140.66501791669907,143.12208219893265,139.66836383927966,141.4149627685547,1967700,0.0,0.0
2025-07-11 00:00:00-04:00,140.66502383257932,141.84915288000013,139.16511900877018,140.51699829101562,1243000,0.0,0.0
2025-07-14 00:00:00-04:00,138.99736471531796,141.02025993481263,138.80987473568916,139.69798278808594,1419900,0.0,0.0
2025-07-15 00:00:00-04:00,140.1222665839809,140.34922096882178,136.43171695906057,136.55014038085938,1486200,0.0,0.0
2025-07-16 00:00:00-04:00,136.48108464925514,137.3198508773953,133.8069281912407,135.96795654296875,1535900,0.0,0.0
2025-07-17 00:00:00-04:00,136.02716303016282,139.17496779868893,135.69164753617756,138.88880920410156,1109800,0.0,0.0
2025-07-18 00:00:00-04:00,138.9874930621133,139.33285584518256,137.4185067917131,138.77040100097656,1492200,0.0,0.0
2025-07-21 00:00:00-04:00,141.18798894115415,142.21422991614918,139.87557433805407,140.27027893066406,1362000,0.0,0.0
2025-07-22 00:00:00-04:00,140.25058322896504,142.53003509500402,139.44141907275096,141.868896484375,1473300,0.0,0.0
2025-07-23 00:00:00-04:00,142.5596358786337,144.21741356337444,142.25373750040308,143.08262634277344,1685100,0.0,0.0
2025-07-24 00:00:00-04:00,141.78006191675442,142.5102820586519,138.77040517833683,139.559814453125,2069700,0.0,0.0
2025-07-25 00:00:00-04:00,139.9347954645034,144.0693920707243,138.44476813142128,143.90164184570312,1983700,0.0,0.0
2025-07-28 00:00:00-04:00,143.9016225938477,145.20415977852383,142.15502392685838,142.60894775390625,2404200,0.0,0.0
2025-07-29 00:00:00-04:00,132.96815932068012,139.17497809171175,132.25767889748502,138.7802734375,4232700,0.0,0.0
2025-07-30 00:00:00-04:00,138.8098732824344,141.78006565830205,137.26064172991113,141.05972290039062,2675200,0.0,0.0
2025-07-31 00:00:00-04:00,140.67486541630342,142.7569645813762,139.57954282127432,141.17813110351562,2753300,0.0,0.0
2025-08-01 00:00:00-04:00,137.53693703024612,138.43489235626976,135.49430209675913,136.83631896972656,1721000,0.0,0.0
2025-08-04 00:00:00-04:00,136.87578976647507,138.0401789352348,135.08971146011487,135.1686553955078,1190900,0.0,0.0
2025-08-05 00:00:00-04:00,135.23772984022833,138.08951348118234,134.87261227619953,137.60598754882812,1035300,0.0,0.0
2025-08-06 00:00:00-04:00,136.89550810292982,137.65533027092724,135.91860894394858,136.68829345703125,852000,0.0,0.0
2025-08-07 00:00:00-04:00,138.6322657114057,139.7769152541739,134.55687307195333,135.96795654296875,1225700,0.0,0.0
2025-08-08 00:00:00-04:00,136.92511985075456,137.94149857577972,136.00742481160265,137.1422119140625,1066800,0.0,0.0
2025-08-11 00:00:00-04:00,136.74750851718582,136.81657505230646,134.00427066376795,135.8988800048828,1474300,0.0,0.0
2025-08-12 00:00:00-04:00,137.16195441977328,140.50712666269425,136.61922425059385,139.559814453125,1011300,0.0,0.0
2025-08-13 00:00:00-04:00,140.12228040641278,144.16807058179884,139.83612181095168,143.9114990234375,1342700,0.0,0.0
2025-08-14 00:00:00-04:00,141.43469154023012,142.64842253930834,139.7374345878043,142.4412078857422,1155100,0.0,0.0
2025-08-15 00:00:00-04:00,149.00327579675516,149.3190515556131,142.9247279518922,143.48719787597656,2180300,0.0,0.0
2025-08-18 00:00:00-04:00,143.75362244892582,145.69757375276166,142.3820034380129,142.73724365234375,1118500,0.0,0.0
2025-08-19 00:00:00-04:00,143.289850146947,145.50022030171655,142.32279814721792,143.9805908203125,1383700,0.0,0.0
2025-08-20 00:00:00-04:00,144.28648121349516,144.28648121349516,141.25706970745514,141.57284545898438,1190900,0.0,0.0
2025-08-21 00:00:00-04:00,140.85249277889847,142.06622374193648,140.5169773023465,141.35574340820312,986200,0.0,0.0
2025-08-22 00:00:00-04:00,141.43468338262414,147.01984221656122,141.43468338262414,145.97384643554688,1410300,0.0,0.0
2025-08-25 00:00:00-04:00,146.36858003157604,148.32239355231317,146.34884028291745,147.57244873046875,1083500,0.0,0.0
2025-08-26 00:00:00-04:00,147.2270620277556,149.0526047149214,145.49034067570133,145.99359130859375,1469200,0.0,0.0
2025-08-27 00:00:00-04:00,145.5001960897566,148.66775537075856,145.25350195767598,148.3421173095703,943400,0.0,0.0
2025-08-28 00:00:00-04:00,149.06247066772255,149.16115435045006,146.08240112214023,147.8191375732422,1083300,0.0,0.0
2025-08-29 00:00:00-04:00,147.9079549599959,148.75658350132227,146.32910625989476,146.76329040527344,911600,0.0,0.0
2025-09-02 00:00:00-04:00,144.02992698963072,145.05616808432356,142.1451799675041,144.46409606933594,1202300,0.0,0.0
2025-09-03 00:00:00-04:00,144.2568929389541,144.2568929389541,140.8426388192823,143.28985595703125,1125000,0.0,0.0
2025-09-04 00:00:00-04:00,142.98394273991914,143.24051432726168,140.41833226562005,143.02342224121094,1141000,0.0,0.0
2025-09-05 00:00:00-04:00,144.5923861193903,148.25333423749544,143.35891526594773,145.31272888183594,1374700,0.0,0.0
2025-09-08 00:00:00-04:00,145.62850798923665,145.62850798923665,141.63205932097787,142.11558532714844,2331300,0.0,0.0
2025-09-09 00:00:00-04:00,142.80631339600012,144.18779463872715,139.11576342326322,139.15524291992188,1689700,0.0,0.0
2025-09-10 00:00:00-04:00,139.5499366396268,141.84912778729927,139.30324250434455,140.0038604736328,1439200,0.0,0.0
2025-09-11 00:00:00-04:00,139.90518524457255,143.74374561906671,139.7078329358331,141.84913635253906,1515200,0.0,0.0
2025-09-12 00:00:00-04:00,141.38535237940263,141.6813883756969,139.39205939850504,139.4808807373047,929900,0.0,0.0
2025-09-15 00:00:00-04:00,139.2341965406939,140.2900397659998,137.37905155112568,139.69798278808594,1548000,0.0,0.0
2025-09-16 00:00:00-04:00,140.75381942662915,143.00366896285522,140.11242063298326,141.03997802734375,2037300,0.0,0.0
2025-09-17 00:00:00-04:00,140.1124259463325,144.48383940302173,139.13551161447066,140.91171264648438,1485600,0.0,0.0
2025-09-18 00:00:00-04:00,134.201626202851,136.27386321849593,132.0208431519672,132.52410888671875,3676100,0.0,0.0
2025-09-19 00:00:00-04:00,132.81025817928224,132.9681460480138,130.89590917770593,131.53732299804688,4919200,0.0,0.0
2025-09-22 00:00:00-04:00,131.2906124430299,133.83649754437437,130.1854125570343,132.8990478515625,2225400,0.0,0.0
2025-09-23 00:00:00-04:00,133.49114477837557,136.27386217481433,132.80040413078976,133.47140502929688,1828100,0.0,0.0
2025-09-24 00:00:00-04:00,132.80040306602777,134.76409401565007,132.80040306602777,134.59632873535156,1669400,0.0,0.0
2025-09-25 00:00:00-04:00,134.014130548878,134.85289669991,132.91880789679703,132.97801208496094,1701200,0.0,0.0
2025-09-26 00:00:00-04:00,133.27404026069382,136.72775823303468,133.27404026069382,136.30345153808594,1214800,0.0,0.0
2025-09-29 00:00:00-04:00,136.75736723352986,136.85605091767354,133.12603652368898,134.2805633544922,2047700,0.0,0.0
2025-09-30 00:00:00-04:00,134.14184818757406,134.55797442194665,133.03217822924717,134.1814727783203,1793400,0.55,0.0
2025-10-01 00:00:00-04:00,133.98331710683746,135.5883926875404,133.73562184443284,134.141845703125,1552600,0.0,0.0
2025-10-02 00:00:00-04:00,134.25084934772573,138.00590335278486,133.89416751964163,137.7384033203125,1473100,0.0,0.0
2025-10-03 00:00:00-04:00,138.11488852793354,138.54093229084367,136.5296477328068,136.76742553710938,889400,0.0,0.0
2025-10-06 00:00:00-04:00,136.71789541156014,137.25291057698897,134.3102893718292,134.3400115966797,1158600,0.0,0.0
2025-10-07 00:00:00-04:00,135.2218043558715,136.33148950151877,133.35914611225414,134.54808044433594,1729200,0.0,0.0
2025-10-08 00:00:00-04:00,135.3010761950836,137.43126481355483,134.5579903063864,136.56927490234375,1223400,0.0,0.0
2025-10-09 00:00:00-04:00,137.96627039497812,140.30451443332697,136.32157011416493,136.89622497558594,1376100,0.0,0.0
2025-10-10 00:00:00-04:00,137.09438061601378,137.71857756796925,132.37826786268434,132.4178924560547,1146800,0.0,0.0
2025-10-13 00:00:00-04:00,135.25152468414356,137.37179566736884,134.72641190218496,135.70729064941406,1051300,0.0,0.0
2025-10-14 00:00:00-04:00,134.10223628058296,138.49138957012565,133.11145511890336,137.23309326171875,1327000,0.0,0.0
2025-10-15 00:00:00-04:00,137.95636988749038,138.38239851639548,134.50844067244893,135.4992218017578,1091600,0.0,0.0
2025-10-16 00:00:00-04:00,135.74691577768294,136.41073731375698,130.33725932986536,131.43702697753906,1365400,0.0,0.0
2025-10-17 00:00:00-04:00,130.63450170825445,132.38817347258168,130.1093889040497,130.5651397705078,1836600,0.0,0.0
2025-10-20 00:00:00-04:00,133.30960966051046,135.51904744007322,132.54670392531543,135.35061645507812,1291700,0.0,0.0
2025-10-21 00:00:00-04:00,133.91399100542614,140.06673380897072,133.91399100542614,139.22457885742188,1609500,0.0,0.0
2025-10-22 00:00:00-04:00,137.9167230441955,139.19483910105708,135.03354647865316,135.39022827148438,1406600,0.0,0.0
2025-10-23 00:00:00-04:00,135.390235954176,137.76811974735642,134.34001037072247,137.17364501953125,1182900,0.0,0.0
2025-10-24 00:00:00-04:00,137.61949414653955,139.47226515661222,137.0646591276525,137.4213409423828,1360300,0.0,0.0
2025-10-27 00:00:00-04:00,138.92734374787454,143.49484577252625,137.92666015913454,142.83102416992188,2765600,0.0,0.0
2025-10-28 00:00:00-04:00,144.87201036090772,153.35309396537394,144.3468975992844,150.5888214111328,3402700,0.0,0.0
2025-10-29 00:00:00-04:00,150.79687953141857,154.39341974158745,149.7565563587618,153.00631713867188,2290500,0.0,0.0
2025-10-30 00:00:00-04:00,149.8952720369492,152.03536292795968,148.05241851159911,148.3595733642578,1766000,0.0,0.0
2025-10-31 00:00:00-04:00,148.12178486236635,150.59873778648617,146.4870019796956,148.66671752929688,1992600,0.0,0.0
2025-11-03 00:00:00-05:00,148.13168655759353,148.61717477103574,143.44529587955404,146.75450134277344,1642400,0.0,0.0
2025-11-04 00:00:00-05:00,144.0595760528979,145.3575120846586,142.52387733408494,142.95980834960938,1748900,0.0,0.0
2025-11-05 00:00:00-05:00,142.67247337564544,145.2881347828075,141.2160240004862,143.91094970703125,1466200,0.0,0.0
2025-11-06 00:00:00-05:00,144.42616840713396,145.99160439428647,143.167872148945,143.32640075683594,1191300,0.0,0.0
2025-11-07 00:00:00-05:00,142.96972714733556,143.40567328497664,140.74046949467893,142.97962951660156,1134200,0.0,0.0
2025-11-10 00:00:00-05:00,143.44529992433843,143.6434531393297,139.6307862837408,141.3448486328125,1508400,0.0,0.0
2025-11-11 00:00:00-05:00,141.68169151799216,143.38583614989588,140.0270889626906,142.71209716796875,908700,0.0,0.0
2025-11-12 00:00:00-05:00,143.6632553604233,148.94412028543252,143.6632553604233,147.01210021972656,1580900,0.0,0.0
2025-11-13 00:00:00-05:00,147.63628629179874,148.57754043144328,142.80128480335645,144.46578979492188,1492400,0.0,0.0
2025-11-14 00:00:00-05:00,143.79205414439966,149.2314322638375,142.08790958204344,146.41761779785156,1160500,0.0,0.0
2025-11-17 00:00:00-05:00,145.65472297576335,149.796195804116,144.75312367129828,147.29942321777344,1655000,0.0,0.0
2025-11-18 00:00:00-05:00,146.24920269157568,149.23144843990278,145.16925489200864,147.14089965820312,1334300,0.0,0.0
2025-11-19 00:00:00-05:00,147.79480804815051,148.87475576893337,145.6646348287628,147.2102508544922,981400,0.0,0.0
2025-11-20 00:00:00-05:00,148.45863324553173,152.1839797780809,145.8033472105713,145.8429718017578,1392200,0.0,0.0
2025-11-21 00:00:00-05:00,145.64482578339633,151.26255296372432,144.65404465561812,150.9455108642578,1523200,0.0,0.0
2025-11-24 00:00:00-05:00,150.32132010911664,152.51093802557023,149.46924769939764,152.2335205078125,1640400,0.0,0.0
2025-11-25 00:00:00-05:00,153.07567294921876,156.3848780435264,152.21369826943874,154.80953979492188,1364800,0.0,0.0
2025-11-26 00:00:00-05:00,154.8095401037747,157.9503142392258,154.54202498540204,157.66299438476562,1077900,0.0,0.0
2025-11-28 00:00:00-05:00,157.98005938251515,158.47544998272255,157.1676266595981,158.0196990966797,604600,0.0,0.0
2025-12-01 00:00:00-05:00,157.2666811248979,160.72451263621286,157.1874168220406,159.21852111816406,1096500,0.0,0.0
2025-12-02 00:00:00-05:00,160.13004750186658,160.44710473226024,158.70332020133677,159.6049346923828,959700,0.0,0.0
2025-12-03 00:00:00-05:00,159.65446311477513,164.73717490851874,159.23833687407677,163.19155883789062,2198300,0.0,0.0
2025-12-04 00:00:00-05:00,162.48811210356976,163.19157338721087,159.0600025986798,161.04156494140625,1475100,0.0,0.0
2025-12-05 00:00:00-05:00,161.09110907568163,161.27935991953805,157.67291701455952,157.9800567626953,1974000,0.0,0.0
2025-12-08 00:00:00-05:00,158.27728463962967,159.0203704830082,156.5434176717464,157.83143615722656,1292500,0.0,0.0
2025-12-09 00:00:00-05:00,156.54342015134705,157.920605331498,155.77061207144192,156.68212890625,1296000,0.0,0.0
2025-12-10 00:00:00-05:00,158.33672857523598,163.63741362141167,157.61346258976437,162.8150634765625,1907400,0.0,0.0
2025-12-11 00:00:00-05:00,162.44848441538298,166.52059555687052,161.7549255141386,165.034423828125,1260000,0.0,0.0
2025-12-12 00:00:00-05:00,165.67842418574247,165.87657739101002,162.21069018013893,163.58787536621094,1200100,0.0,0.0
2025-12-15 00:00:00-05:00,164.20215681147045,164.20215681147045,159.10954227247382,160.5263671875,1695800,0.0,0.0
2025-12-16 00:00:00-05:00,161.22981325013623,162.3097761997291,160.01115666157696,160.76414489746094,1349600,0.0,0.0
2025-12-17 00:00:00-05:00,155.54273109958453,160.1894817823093,155.13650721822987,159.2086181640625,2032600,0.0,0.0
2025-12-18 00:00:00-05:00,158.16829613526198,159.38695267010485,155.70124572354203,156.37498474121094,2031700,0.0,0.0
2025-12-19 00:00:00-05:00,155.06713888865693,157.74225985603067,153.57106492449606,157.68280029296875,3430900,0.0,0.0
2025-12-22 00:00:00-05:00,158.59433693777427,162.84478117811008,157.6630002907236,162.74569702148438,1702100,0.0,0.0
2025-12-23 00:00:00-05:00,163.55813904688682,164.29132247312796,161.7846324849892,162.1809539794922,1241000,0.0,0.0
2025-12-24 00:00:00-05:00,162.6267950524446,164.80651025987837,161.90352914521236,163.96435546875,777100,0.0,0.0
2025-12-26 00:00:00-05:00,163.70676684675675,164.91552107150264,163.37980724975625,164.8164520263672,735400,0.0,0.0
2025-12-29 00:00:00-05:00,163.50860404240296,164.96505347169273,163.2014643197032,163.95445251464844,1229600,0.0,0.0
2025-12-30 00:00:00-05:00,164.32105439825722,165.80722607463053,163.18164704216562,163.28073120117188,1414300,0.0,0.0
2025-12-31 00:00:00-05:00,163.49943918914846,163.85733713088112,161.2824531088509,162.15731811523438,1133100,0.56,0.0
2026-01-02 00:00:00-05:00,164.21522993328827,168.6591233272094,163.38013974145989,168.41058349609375,1524200,0.0,0.0
2026-01-05 00:00:00-05:00,169.00708331608973,170.93575481166715,165.33863302167018,167.14801025390625,2145300,0.0,0.0
2026-01-06 00:00:00-05:00,166.49186125854155,169.21586323555422,165.4181673808066,168.3608856201172,1834500,0.0,0.0
2026-01-07 00:00:00-05:00,167.2772435072548,168.70883537047914,163.19124805166354,163.84739685058594,1866700,0.0,0.0
2026-01-08 00:00:00-05:00,162.7836560308218,168.51994450885286,162.0678600914012,166.89947509765625,1423400,0.0,0.0
2026-01-09 00:00:00-05:00,165.76613096515277,167.51584591241584,160.49708351973084,162.8134765625,1919100,0.0,0.0
2026-01-12 00:00:00-05:00,163.6684557456691,165.8953629416356,162.0479711795797,165.00062561035156,1563700,0.0,0.0
2026-01-13 00:00:00-05:00,165.52752186653493,168.867897689367,164.90119665923302,168.4901123046875,1434900,0.0,0.0
2026-01-14 00:00:00-05:00,168.51992989032703,172.5761014719621,168.3708120699114,171.28369140625,1892200,0.0,0.0
2026-01-15 00:00:00-05:00,172.00943779364002,174.91238098515564,172.00943779364002,173.7690887451172,1429600,0.0,0.0
2026-01-16 00:00:00-05:00,172.87436503786455,174.03752963192875,169.74276922074304,173.37144470214844,1737800,0.0,0.0
2026-01-20 00:00:00-05:00,171.52229687769204,174.01763117322878,170.7070941681395,173.47085571289062,1622300,0.0,0.0
2026-01-21 00:00:00-05:00,175.96620715328459,180.5791059882563,175.5784856087166,179.17733764648438,1774700,0.0,0.0
2026-01-22 00:00:00-05:00,179.4457544432853,181.93115270427262,178.51124227000733,179.21710205078125,1476900,0.0,0.0
2026-01-23 00:00:00-05:00,179.833479409449,181.0861146958974,177.36796853483602,180.5890350341797,1849700,0.0,0.0
2026-01-26 00:00:00-05:00,181.5633179078497,182.2492902523537,176.0954417550021,176.62234497070312,2577600,0.0,0.0
2026-01-27 00:00:00-05:00,171.43283634501358,174.92233011295042,164.7123096027638,172.56617736816406,2895800,0.0,0.0
2026-01-28 00:00:00-05:00,172.97378459490116,173.69951664699596,169.84217365235398,172.1685028076172,1820800,0.0,0.0
2026-01-29 00:00:00-05:00,175.1112222641454,178.8592071533203,172.98372192314173,178.8592071533203,2034900,0.0,0.0
2026-01-30 00:00:00-05:00,176.58258482972764,179.92296096482374,175.57848931354857,176.6820068359375,3064500,0.0,0.0
2026-02-02 00:00:00-05:00,174.97203929880064,180.8077496188478,174.30595437864824,179.903076171875,2295600,0.0,0.0
2026-02-03 00:00:00-05:00,181.68262322147154,187.81658465843825,181.60308865223195,185.4107208251953,2392500,0.0,0.0
2026-02-04 00:00:00-05:00,186.81248256298613,189.92419093755265,185.45047397118472,188.84056091308594,2383800,0.0,0.0
2026-02-05 00:00:00-05:00,185.4107208251953,188.49262091214084,183.57151993949105,185.4107208251953,2216000,0.0,0.0
2026-02-06 00:00:00-05:00,187.28967803918485,191.9622239178054,187.0212507690418,191.71368408203125,1670900,0.0,0.0
2026-02-09 00:00:00-05:00,190.55051746685814,192.3698308659505,187.995535870199,191.95228576660156,1365600,0.0,0.0
2026-02-10 00:00:00-05:00,190.80899004233078,191.97216979016252,188.38325405630442,190.86865234375,1824300,0.0,0.0
2026-02-11 00:00:00-05:00,193.22480721328833,195.74996522674184,192.27040758564925,193.28445434570312,1647200,0.0,0.0
2026-02-12 00:00:00-05:00,192.54876527539986,194.4277409087698,185.4604198063338,187.70721435546875,1799900,0.0,0.0
2026-02-13 00:00:00-05:00,178.94867498861817,184.22765847363564,176.025844203324,182.15980529785156,2453800,0.0,0.0
2026-02-17 00:00:00-05:00,183.01478198135268,183.58146006405627,177.367964436168,182.56741333007812,1391500,0.0,0.0
2026-02-18 00:00:00-05:00,183.96918917587004,186.1861602598763,182.23934646060448,183.462158203125,928300,0.0,0.0
2026-02-19 00:00:00-05:00,181.4141849589421,183.26332186518073,178.72002174884014,178.98843383789062,1987100,0.0,0.0
2026-02-20 00:00:00-05:00,178.94868203169668,179.9925523774818,175.58841859258558,178.9586181640625,2073300,0.0,0.0
2026-02-23 00:00:00-05:00,178.6603823053319,180.2013171521115,175.66795297263715,177.80540466308594,2135600,0.0,0.0
2026-02-24 00:00:00-05:00,177.4574386925966,177.5170858246742,173.90828263730432,174.1269989013672,1696700,0.0,0.0
2026-02-25 00:00:00-05:00,174.66385826271642,175.4691249073825,171.88020905461477,174.455078125,1443500,0.0,0.0
2026-02-26 00:00:00-05:00,174.54456036992232,175.48900869689365,172.73518311285378,174.58432006835938,1372800,0.0,0.0
2026-02-27 00:00:00-05:00,173.3813824888006,175.9264431367404,171.99950161569186,175.84690856933594,2367000,0.0,0.0
2026-03-02 00:00:00-05:00,175.63812000759162,179.77382629621044,173.52055586483078,179.51535034179688,1602100,0.0,0.0
2026-03-03 00:00:00-05:00,174.78315137199073,177.288437159648,170.2895469016745,176.36386108398438,1515800,0.0,0.0
2026-03-04 00:00:00-05:00,177.70598096928276,178.4317130356644,174.09717773222832,175.04164123535156,1061400,0.0,0.0
2026-03-05 00:00:00-05:00,173.91824233963362,174.47496915880544,169.18603403733712,171.09483337402344,1775800,0.0,0.0
2026-03-06 00:00:00-05:00,169.00708821614583,169.6433495885258,165.69653578543415,167.76438903808594,1479800,0.0,0.0
2026-03-09 00:00:00-04:00,165.76614318761025,168.9673376570277,162.33628113489974,168.48019409179688,1430600,0.0,0.0
2026-03-10 00:00:00-04:00,168.59948010132265,171.0451187708195,166.82987767635115,169.4345703125,1327600,0.0,0.0
2026-03-11 00:00:00-04:00,169.1661465534338,172.15856052210972,168.5000616568714,170.80650329589844,1425600,0.0,0.0
2026-03-12 00:00:00-04:00,168.93749067961792,168.93749067961792,164.31465578050498,164.70237731933594,1275100,0.0,0.0
2026-03-13 00:00:00-04:00,165.22927631307843,165.84566540820646,161.05381019383833,162.52516174316406,1002800,0.0,0.0
2026-03-16 00:00:00-04:00,164.21524118018652,165.0205230306746,160.74563460877022,161.7895050048828,1080500,0.0,0.0
2026-03-17 00:00:00-04:00,161.95850062459579,163.46961188901355,160.9046941584708,161.1333465576172,918300,0.0,0.0
2026-03-18 00:00:00-04:00,161.01404997151394,163.63862996675067,159.84093408692797,160.21871948242188,1149900,0.0,0.0
2026-03-19 00:00:00-04:00,156.9578839249727,162.18715667463314,154.23388182939985,161.0041046142578,1476100,0.0,0.0
2026-03-20 00:00:00-04:00,163.28072315722414,163.28072315722414,156.9180947589354,157.65377807617188,2710900,0.0,0.0
2026-03-23 00:00:00-04:00,161.86903220660005,162.49534228001636,159.3537951018713,159.68186950683594,2185800,0.0,0.0
2026-03-24 00:00:00-04:00,159.23450808458506,162.16727525867776,159.15497351282073,161.7895050048828,1874800,0.0,0.0
2026-03-25 00:00:00-04:00,163.70821209203064,165.37840762447217,162.99241617379386,164.20529174804688,1402000,0.0,0.0
2026-03-26 00:00:00-04:00,164.58306998721508,166.99886972900967,164.33453017000988,165.04037475585938,1444600,0.0,0.0
2026-03-27 00:00:00-04:00,164.50354262572452,165.26904954372966,161.65031025361523,162.41580200195312,1080800,0.0,0.0
2026-03-30 00:00:00-04:00,164.03629007759153,166.37257057989697,162.66434534264897,163.78775024414062,853500,0.0,0.0
2026-03-31 00:00:00-04:00,165.54343799570572,169.22440034337876,164.72545481922654,168.68572998046875,1515600,0.56,0.0
2026-04-01 00:00:00-04:00,170.8304531329793,174.8505787831553,170.54117030392476,173.29440307617188,1413100,0.0,0.0
2026-04-02 00:00:00-04:00,171.18956720122264,174.19218741607406,169.58351098830073,172.03749084472656,1209800,0.0,0.0
2026-04-06 00:00:00-04:00,170.57109401829413,172.43650780097448,166.9400123282998,169.1745147705078,932000,0.0,0.0
2026-04-07 00:00:00-04:00,169.9725615855067,173.23455468707778,169.88278572929812,172.8355255126953,1685900,0.0,0.0
2026-04-08 00:00:00-04:00,178.09261812476234,181.8932815701127,177.2945750005282,181.71372985839844,1674100,0.0,0.0
2026-04-09 00:00:00-04:00,181.30472197739974,184.07790990465108,180.82590221436365,183.54920959472656,1538300,0.0,0.0
2026-04-10 00:00:00-04:00,185.04554054253475,187.75887798814856,184.9557646881314,185.6640167236328,1644100,0.0,0.0
2026-04-13 00:00:00-04:00,185.66401642950905,189.40482923778515,185.66401642950905,189.205322265625,1137700,0.0,0.0
2026-04-14 00:00:00-04:00,190.08316211475395,191.1505327365184,188.2975390290447,189.57440185546875,982800,0.0,0.0
2026-04-15 00:00:00-04:00,189.57440728864532,190.0632122992564,187.21021851001635,189.135498046875,1044300,0.0,0.0
2026-04-16 00:00:00-04:00,190.03329092262342,192.86632950686257,189.25520307514094,191.37998962402344,1311700,0.0,0.0
2026-04-17 00:00:00-04:00,191.92862160351916,196.64704425203487,190.81137042959176,195.39012145996094,1546100,0.0,0.0
2026-04-20 00:00:00-04:00,194.57213807755193,202.55253838653,194.5322275520199,201.76446533203125,1370500,0.0,0.0
2026-04-21 00:00:00-04:00,202.16349823122889,209.6550936805737,202.16349823122889,207.55026245117188,1941200,0.0,0.0
2026-04-22 00:00:00-04:00,210.582830186682,215.73017708523597,209.60522013860924,213.73507690429688,2319400,0.0,0.0
2026-04-23 00:00:00-04:00,214.47326437272977,215.2513522071602,209.80473736614712,212.42828369140625,1990800,0.0,0.0
2026-04-24 00:00:00-04:00,213.43582125894233,214.29371493436668,210.3134846458154,213.76499938964844,1260200,0.0,0.0
2026-04-27 00:00:00-04:00,213.555522357092,216.84744065618793,212.61782284908344,214.4732666015625,1414400,0.0,0.0
2026-04-28 00:00:00-04:00,219.61064703519168,226.92269104843825,213.60540643064795,224.55850219726562,3584700,0.0,0.0
2026-04-29 00:00:00-04:00,225.4463100784374,226.33412900927058,220.16927703994912,221.84515380859375,1633200,0.0,0.0
2026-04-30 00:00:00-04:00,221.45611927985883,226.6034813811228,219.54082493968286,224.73805236816406,2314300,0.0,0.0
2026-05-01 00:00:00-04:00,225.44631075020334,227.40151554085372,223.66070286247646,225.4862060546875,1227600,0.0,0.0
2026-05-04 00:00:00-04:00,225.44631184772916,226.33413078552994,222.2441694820309,225.25677490234375,979600,0.0,0.0
2026-05-05 00:00:00-04:00,227.41148825296938,233.1673563575451,227.03241435955775,231.50144958496094,1398200,0.0,0.0
2026-05-06 00:00:00-04:00,234.14495423546992,234.86319150538412,229.75574000502195,233.64617919921875,1220200,0.0,0.0
2026-05-07 00:00:00-04:00,233.3469048318433,233.3469048318433,224.74802830992846,226.14459228515625,1766900,0.0,0.0
2026-05-08 00:00:00-04:00,227.4513872707928,229.31681626282713,225.33658598125044,226.94264221191406,965100,0.0,0.0
2026-05-11 00:00:00-04:00,228.45891523958738,232.3892648466642,226.1146665486439,231.43161010742188,1612000,0.0,0.0
2026-05-12 00:00:00-04:00,230.4639943104127,231.4216490868991,228.25941715237988,229.26693725585938,1626500,0.0,0.0
2026-05-13 00:00:00-04:00,230.8131429156733,234.8731638355426,229.43651893123587,231.77078247070312,1351600,0.0,0.0
2026-05-14 00:00:00-04:00,232.848136643154,233.63620972626697,230.23456031791676,232.279541015625,1012600,0.0,0.0
2026-05-15 00:00:00-04:00,228.72824911319756,229.0873677476625,225.5560471932622,226.4638214111328,1346100,0.0,0.0
2026-05-18 00:00:00-04:00,226.06479678476362,227.09227216093197,222.49356563189048,225.92514038085938,1350600,0.0,0.0
2026-05-19 00:00:00-04:00,222.38382458980445,223.2317482180055,218.9522652153649,221.186767578125,1332100,0.0,0.0
2026-05-20 00:00:00-04:00,222.35390845991907,225.16700701351004,221.22668721137364,225.11712646484375,884300,0.0,0.0
2026-05-21 00:00:00-04:00,225.17697140548063,227.33168319418598,223.67067629041478,225.88523864746094,998300,0.0,0.0
2026-05-22 00:00:00-04:00,228.53872106964138,232.4790406974478,227.03241076215636,231.43161010742188,1135800,0.0,0.0
2026-05-26 00:00:00-04:00,232.3493549744006,239.84095034294833,231.62114770254263,239.7012939453125,1569900,0.0,0.0
2026-05-27 00:00:00-04:00,240.40956510067878,246.79387941313027,238.84340419603018,245.8661651611328,1399600,0.0,0.0
2026-05-28 00:00:00-04:00,245.19781420070223,249.75661017891852,240.78864464683411,248.68923950195312,1520800,0.0,0.0
2026-05-29 00:00:00-04:00,248.48972325164826,250.77410616604612,246.89363708496094,249.38751220703125,3387900,0.0,0.0
2026-06-01 00:00:00-04:00,246.9734464497372,251.60207813368126,245.2776143867424,250.87387084960938,1164800,0.0,0.0
2026-06-02 00:00:00-04:00,250.8239917038544,259.7321065108752,250.73421585081084,257.8267822265625,1700600,0.0,0.0
2026-06-03 00:00:00-04:00,256.54993146556427,260.82942998617386,254.3852495409281,257.0986022949219,1386500,0.0,0.0
2026-06-04 00:00:00-04:00,255.1832707423954,264.02157983857904,254.3852276741033,261.6374206542969,1216800,0.0,0.0
2026-06-05 00:00:00-04:00,259.4128758103834,260.8194250203844,251.79160933253317,253.76675415039062,1439500,0.0,0.0
2026-06-08 00:00:00-04:00,256.23068942944,256.23068942944,251.12325330159516,252.7791748046875,1647100,0.0,0.0
2026-06-09 00:00:00-04:00,256.18083516299333,257.3379969159485,244.72896443713677,253.6969451904297,1111000,0.0,0.0
2026-06-10 00:00:00-04:00,252.23054633581842,256.4501637329636,248.92864275205804,249.87632751464844,1214500,0.0,0.0
2026-06-11 00:00:00-04:00,253.72686254049202,261.29826380369093,252.07092579629818,260.26080322265625,1440900,0.0,0.0
2026-06-12 00:00:00-04:00,264.1512583039386,268.14145876437766,263.70237901782735,265.6974792480469,1204200,0.0,0.0
2026-06-15 00:00:00-04:00,269.3385198621978,270.2363088398427,255.9214591956412,258.6846923828125,2180900,0.0,0.0
2026-06-16 00:00:00-04:00,260.94911181175337,263.7522249941133,258.2756850056923,258.44525146484375,1470400,0.0,0.0
2026-06-17 00:00:00-04:00,257.3679197196829,258.205858130749,249.38751910821986,251.9811553955078,1953100,0.0,0.0
2026-06-18 00:00:00-04:00,252.33028726946358,253.48744900429284,241.45699759040468,243.23263549804688,5190800,0.0,0.0
2026-06-22 00:00:00-04:00,244.18029911872475,245.2576549953112,240.82853035425765,244.32992553710938,2275200,0.0,0.0
2026-06-23 00:00:00-04:00,239.56163803939884,241.37718643379722,236.91813649964925,239.0429229736328,2538500,0.0,0.0
2026-06-24 00:00:00-04:00,242.1253474044966,243.5917471839039,237.80595389620092,239.9307403564453,1772600,0.0,0.0
2026-06-25 00:00:00-04:00,241.69640619417044,249.03837551358882,240.79861719584363,248.28024291992188,1493400,0.0,0.0
2026-06-26 00:00:00-04:00,244.5394195558837,246.30508741293156,237.23736107790918,239.1925506591797,2250000,0.0,0.0
2026-06-29 00:00:00-04:00,238.91324956597762,241.15773729676448,227.49130393581032,228.02000427246094,2349800,0.0,0.0
2026-06-30 00:00:00-04:00,228.9600067138672,229.52000427246094,221.4600067138672,222.75,2080500,0.56,0.0
2026-07-01 00:00:00-04:00,220.27000427246094,220.89999389648438,214.61000061035156,219.02000427246094,1675100,0.0,0.0
2026-07-02 00:00:00-04:00,219.89999389648438,222.0,216.8800048828125,220.75,1443000,0.0,0.0
2026-07-06 00:00:00-04:00,220.75,225.85000610351562,220.0,223.9199981689453,1469800,0.0,0.0
2026-07-07 00:00:00-04:00,221.94000244140625,228.1199951171875,221.83999633789062,227.4199981689453,1538500,0.0,0.0
2026-07-08 00:00:00-04:00,227.49000549316406,229.9600067138672,224.75999450683594,226.67999267578125,1317000,0.0,0.0
2026-07-09 00:00:00-04:00,227.1199951171875,228.39999389648438,221.67999267578125,222.27999877929688,1152500,0.0,0.0
2026-07-10 00:00:00-04:00,222.8800048828125,228.0399932861328,222.8800048828125,227.3699951171875,786600,0.0,0.0
2026-07-13 00:00:00-04:00,228.60000610351562,235.6999969482422,228.24000549316406,233.0,1240800,0.0,0.0
2026-07-14 00:00:00-04:00,236.49000549316406,236.7899932861328,233.17999267578125,234.16000366210938,903200,0.0,0.0
2026-07-15 00:00:00-04:00,235.47000122070312,238.0,233.52000427246094,236.8699951171875,941300,0.0,0.0
2026-07-16 00:00:00-04:00,235.00999450683594,238.07000732421875,234.27999877929688,235.6699981689453,821100,0.0,0.0
2026-07-17 00:00:00-04:00,232.0399932861328,237.60000610351562,231.1300048828125,236.61000061035156,1494100,0.0,0.0
2026-07-20 00:00:00-04:00,237.82000732421875,237.82000732421875,230.0,230.74000549316406,1534500,0.0,0.0
2026-07-21 00:00:00-04:00,233.75,237.97999572753906,232.66000366210938,233.1999969482422,884800,0.0,0.0
2026-07-22 00:00:00-04:00,234.52999877929688,239.14999389648438,234.32000732421875,235.89999389648438,926100,0.0,0.0
2026-07-23 00:00:00-04:00,238.52999877929688,243.6999969482422,237.77999877929688,241.14999389648438,1542500,0.0,0.0
2026-07-24 00:00:00-04:00,242.33999633789062,249.02000427246094,241.63999938964844,247.55999755859375,1365200,0.0,0.0
2026-07-27 00:00:00-04:00,249.1199951171875,251.22999572753906,244.0399932861328,247.86000061035156,1682600,0.0,0.0
2026-07-28 00:00:00-04:00,254.0,268.44000244140625,253.99000549316406,265.6199951171875,2571500,0.0,0.0
2026-07-29 00:00:00-04:00,268.94000244140625,270.0199890136719,254.24000549316406,256.0199890136719,1919600,0.0,0.0
2026-07-30 00:00:00-04:00,258.3800048828125,259.7900085449219,251.97000122070312,257.0400085449219,1256800,0.0,0.0
2026-07-31 00:00:00-04:00,258.8900146484375,259.95001220703125,255.3800048828125,257.2900085449219,1565000,0.0,0.0
2026-08-03 00:00:00-04:00,256.1600036621094,261.6000061035156,251.25,261.2799987792969,1286400,0.0,0.0
2026-08-04 00:00:00-04:00,265.6199951171875,274.4200134277344,262.1000061035156,274.0400085449219,1900500,0.0,0.0
2026-08-05 00:00:00-04:00,276.0,280.1099853515625,272.739990234375,274.739990234375,2303000,0.0,0.0
2026-08-06 00:00:00-04:00,274.5199890136719,275.0899963378906,269.95001220703125,272.0,1248500,0.0,0.0
2026-08-07 00:00:00-04:00,271.0,273.1600036621094,266.8900146484375,272.6300048828125,1045700,0.0,0.0
2026-08-10 00:00:00-04:00,273.0,276.45001220703125,270.7200012207031,274.6099853515625,1090600,0.0,0.0
2026-08-11 00:00:00-04:00,275.0199890136719,277.6000061035156,271.8399963378906,271.95001220703125,1049000,0.0,0.0
2026-08-12 00:00:00-04:00,273.489990234375,274.54998779296875,268.79998779296875,271.80999755859375,772900,0.0,0.0
2026-08-13 00:00:00-04:00,273.0,273.8699951171875,271.1499938964844,272.2900085449219,822300,0.0,0.0
2026-08-14 00:00:00-04:00,273.0,274.739990234375,267.6000061035156,268.9100036621094,1164400,0.0,0.0
2026-08-17 00:00:00-04:00,267.3999938964844,272.8599853515625,263.1099853515625,272.67999267578125,917200,0.0,0.0
2026-08-18 00:00:00-04:00,271.0,271.7200012207031,263.2300109863281,264.19000244140625,1503600,0.0,0.0
2026-08-19 00:00:00-04:00,268.1499938964844,270.0,238.6199951171875,248.74000549316406,4271300,0.0,0.0
2026-08-20 00:00:00-04:00,246.02000427246094,246.02000427246094,239.86000061035156,240.47999572753906,2271500,0.0,0.0
2026-08-21 00:00:00-04:00,244.88999938964844,252.3699951171875,241.17999267578125,243.6300048828125,2704800,0.0,0.0
2026-08-24 00:00:00-04:00,249.1300048828125,257.1300048828125,243.5,244.63999938964844,1459300,0.0,0.0
2026-08-25 00:00:00-04:00,246.0399932861328,248.67999267578125,243.10000610351562,247.5500030517578,985900,0.0,0.0
2026-08-26 00:00:00-04:00,248.91000366210938,254.1999969482422,248.1999969482422,252.8000030517578,1114200,0.0,0.0
2026-08-27 00:00:00-04:00,252.0,253.0,249.5399932861328,252.3699951171875,932800,0.0,0.0
2026-08-28 00:00:00-04:00,252.75999450683594,256.17999267578125,248.1300048828125,250.5,930200,0.0,0.0
2026-08-31 00:00:00-04:00,252.25999450683594,253.80999755859375,248.64999389648438,249.63999938964844,1330000,0.0,0.0
2026-09-01 00:00:00-04:00,248.5800018310547,252.60000610351562,246.0,251.9199981689453,1311400,0.0,0.0
2026-09-02 00:00:00-04:00,254.11000061035156,264.94000244140625,253.17999267578125,263.9700012207031,1155500,0.0,0.0
2026-09-03 00:00:00-04:00,265.67999267578125,268.4700012207031,261.07000732421875,262.4700012207031,1048600,0.0,0.0
2026-09-04 00:00:00-04:00,263.3900146484375,264.6000061035156,258.95001220703125,261.07000732421875,776200,0.0,0.0
