Date,Open,High,Low,Close,Volume,Dividends,Stock Splits
2021-01-04 00:00:00-05:00,45.23687244276299,45.295072941418695,43.51993625199334,43.54903793334961,3965254,0.0,0.0
2021-01-05 00:00:00-05:00,43.65089577405903,44.196533045256224,43.60724467780096,43.76729965209961,2801777,0.0,0.0
2021-01-06 00:00:00-05:00,44.08739629573042,44.138324952659936,43.178003864080345,43.39625930786133,4274647,0.0,0.0
2021-01-07 00:00:00-05:00,43.483551855141314,43.49082655764678,42.60325843491471,42.85061264038086,4302924,0.0,0.0
2021-01-08 00:00:00-05:00,42.92337515922292,43.54903694976872,42.8215235728616,43.461734771728516,3300542,0.0,0.0
2021-01-11 00:00:00-05:00,43.34533528980366,43.52721435639223,43.11253042825711,43.22893142700195,2622106,0.0,0.0
2021-01-12 00:00:00-05:00,41.497442073388356,42.15948307640237,41.468343258348135,42.0576286315918,12195247,0.0,0.0
2021-01-13 00:00:00-05:00,42.37046117171083,42.821521447849165,41.846650993520356,42.035804748535156,4415309,0.0,0.0
2021-01-14 00:00:00-05:00,42.3049798468212,42.35590849760364,41.95577404297734,42.07217788696289,3009828,0.0,0.0
2021-01-15 00:00:00-05:00,42.23223888507518,42.86517543346449,41.75207972918577,42.66874694824219,3361121,0.0,0.0
2021-01-19 00:00:00-05:00,42.92337507203282,42.92337507203282,42.03580674916932,42.29771041870117,3406219,0.0,0.0
2021-01-20 00:00:00-05:00,42.34135983630436,43.05432377529951,42.21040657467914,42.90882110595703,2624686,0.0,0.0
2021-01-21 00:00:00-05:00,42.552337845104724,43.265301738469624,42.32680771963816,42.98884582519531,2632426,0.0,0.0
2021-01-22 00:00:00-05:00,42.85788694629827,43.61450182476237,42.741485979175835,43.53447723388672,2904151,0.0,0.0
2021-01-25 00:00:00-05:00,43.650866584282106,44.58936023016445,43.381688345426355,43.92732238769531,3731918,0.0,0.0
2021-01-26 00:00:00-05:00,43.978262189808504,44.50934986461161,43.854586513693555,44.1383171081543,2520763,0.0,0.0
2021-01-27 00:00:00-05:00,43.832760929405815,44.50207370716921,43.73090935853612,43.91278839111328,3546571,0.0,0.0
2021-01-28 00:00:00-05:00,43.83275744946748,44.9240286942367,43.76728226312264,44.342018127441406,3127373,0.0,0.0
2021-01-29 00:00:00-05:00,43.92209018457679,44.477142179125856,43.01648070013181,43.13333511352539,4867118,0.227713,0.0
2021-02-01 00:00:00-05:00,43.41814902266161,43.98780654456004,42.97264585801299,43.936683654785156,2511578,0.0,0.0
2021-02-02 00:00:00-05:00,43.93669537632718,44.39680438219154,43.67377512293549,44.05354690551758,2356366,0.0,0.0
2021-02-03 00:00:00-05:00,43.863637804602284,44.26532083332838,43.56420340374259,44.15576934814453,2373703,0.0,0.0
2021-02-04 00:00:00-05:00,44.24342591427913,44.87151213018425,44.15578584344857,44.513648986816406,1957910,0.0,0.0
2021-02-05 00:00:00-05:00,44.65241105147673,44.86420548908921,44.54286240272144,44.68162536621094,1627774,0.0,0.0
2021-02-08 00:00:00-05:00,44.703537756438884,44.76926637626644,44.38949462805848,44.477134704589844,1972771,0.0,0.0
2021-02-09 00:00:00-05:00,44.53555862578827,45.12712768038828,44.47713286889273,45.09061050415039,2203939,0.0,0.0
2021-02-10 00:00:00-05:00,45.368130681756995,46.36868278270138,45.24397632351383,45.64565658569336,3566489,0.0,0.0
2021-02-11 00:00:00-05:00,45.75521089158193,46.03273682988652,45.56532502591477,45.9597053527832,2190833,0.0,0.0
2021-02-12 00:00:00-05:00,45.73331330948866,46.09847940825019,45.35354148682226,45.616458892822266,1866578,0.0,0.0
2021-02-16 00:00:00-05:00,45.75520562860719,45.8720600037299,44.75465351884465,45.06139373779297,2784130,0.0,0.0
2021-02-17 00:00:00-05:00,44.99566451914159,45.243979000603616,44.61589281236628,45.1052131652832,1930975,0.0,0.0
2021-02-18 00:00:00-05:00,45.00298557803825,45.090625680449776,44.43332778750611,44.491756439208984,3308386,0.0,0.0
2021-02-19 00:00:00-05:00,44.710844893153926,45.353536932423744,44.572081904564804,44.615901947021484,2858434,0.0,0.0
2021-02-22 00:00:00-05:00,44.74004572016003,45.56531766644221,44.623191350469895,45.35352325439453,3666490,0.0,0.0
2021-02-23 00:00:00-05:00,45.674883581346535,45.87937519886696,44.922642863142094,45.55802917480469,4029650,0.0,0.0
2021-02-24 00:00:00-05:00,45.521505898334134,45.747908944643505,45.22937423380547,45.55072021484375,3710040,0.0,0.0
2021-02-25 00:00:00-05:00,45.66757298577029,46.5877909169838,44.60129209341979,44.98106384277344,3338004,0.0,0.0
2021-02-26 00:00:00-05:00,44.984724173646676,45.402607519982475,44.134295818836485,44.17828369140625,3404465,0.227713,0.0
2021-03-01 00:00:00-05:00,44.84543604594023,45.2706502832803,44.31758438685504,44.361572265625,3024276,0.0,0.0
2021-03-02 00:00:00-05:00,44.35423296304307,44.515519896961834,43.77506270369144,44.25892639160156,3517882,0.0,0.0
2021-03-03 00:00:00-05:00,44.25892410246328,45.08735699362478,44.20760540404551,44.559505462646484,3220356,0.0,0.0
2021-03-04 00:00:00-05:00,44.4275443674901,44.66947909874946,43.0346028289105,43.584449768066406,4465361,0.0,0.0
2021-03-05 00:00:00-05:00,43.74574258451232,44.03166233863933,42.71936264788264,43.958351135253906,3907358,0.0,0.0
2021-03-08 00:00:00-05:00,44.05365579872336,44.838100937354035,43.76040233950819,44.31024932861328,3772063,0.0,0.0
2021-03-09 00:00:00-05:00,44.33957618652857,45.16800921180633,43.99500401631406,44.50819396972656,3305496,0.0,0.0
2021-03-10 00:00:00-05:00,44.508196229663056,45.32197051939446,44.486203734015646,45.028717041015625,3441101,0.0,0.0
2021-03-11 00:00:00-05:00,45.21932016720715,45.820485768001305,44.464198472626066,45.32196044921875,3234907,0.0,0.0
2021-03-12 00:00:00-05:00,45.33663244310597,46.172396347122515,45.04338184920002,46.1357421875,2806730,0.0,0.0
2021-03-15 00:00:00-04:00,46.35569387593159,47.12548054480895,45.98179823605965,46.86155319213867,3268241,0.0,0.0
2021-03-16 00:00:00-04:00,46.92018483733823,47.25742329065656,46.399664051229784,46.89086151123047,2896514,0.0,0.0
2021-03-17 00:00:00-04:00,46.773538141060875,47.06678858484878,46.51694472428467,46.83218765258789,2877216,0.0,0.0
2021-03-18 00:00:00-04:00,46.575612069452085,46.832205584477066,46.12840251821065,46.34101104736328,2706833,0.0,0.0
2021-03-19 00:00:00-04:00,46.282371152146894,46.46565350940109,45.10936579741276,45.270652770996094,11386056,0.0,0.0
2021-03-22 00:00:00-04:00,45.29996985777483,46.003772928776414,45.03604262384151,45.79116439819336,3583414,0.0,0.0
2021-03-23 00:00:00-04:00,45.7764989985633,46.43631414336986,45.67386160024294,46.150394439697266,3369067,0.0,0.0
2021-03-24 00:00:00-04:00,46.15040372042863,47.088807927189045,46.09908501094838,46.35567855834961,3019735,0.0,0.0
2021-03-25 00:00:00-04:00,46.22371038259576,46.94950884819754,45.75451121148434,46.85420227050781,2139026,0.0,0.0
2021-03-26 00:00:00-04:00,46.9861677227924,47.352729499327296,46.48763943519685,47.08147430419922,2014877,0.0,0.0
2021-03-29 00:00:00-04:00,47.06681162429444,47.36006221163001,46.5169674945788,47.07414245605469,2276695,0.0,0.0
2021-03-30 00:00:00-04:00,46.88351923638413,47.20609596777197,46.72223231376702,47.00815200805664,2346046,0.0,0.0
2021-03-31 00:00:00-04:00,46.952968257171065,47.2914472015686,46.66599678930552,46.7248649597168,2567410,0.227713,0.0
2021-04-01 00:00:00-04:00,47.04128482420089,47.93899143850223,46.82789704290475,47.9095573425293,2642333,0.0,0.0
2021-04-05 00:00:00-04:00,47.99783949231323,48.15972261685676,47.4754040296665,48.01255798339844,2546460,0.0,0.0
2021-04-06 00:00:00-04:00,47.93161698303461,48.152365384195214,47.556346149446846,47.924259185791016,3194350,0.0,0.0
2021-04-07 00:00:00-04:00,47.90218192344438,48.3289602258315,47.79180917349322,48.23330307006836,2230565,0.0,0.0
2021-04-08 00:00:00-04:00,48.225955791128065,48.417270144380296,48.06407552944201,48.13029861450195,1812192,0.0,0.0
2021-04-09 00:00:00-04:00,48.19652529982038,48.314258778108545,47.80653876548536,47.968421936035156,2281236,0.0,0.0
2021-04-12 00:00:00-04:00,48.10821416734512,48.37310934350631,47.61520990329517,48.32160186767578,2085053,0.0,0.0
2021-04-13 00:00:00-04:00,48.05671320668726,48.59386432561165,47.99048723109068,48.564430236816406,2127778,0.0,0.0
2021-04-14 00:00:00-04:00,48.5497106364387,48.6012181150039,48.02727515661682,48.09349822998047,1819003,0.0,0.0
2021-04-15 00:00:00-04:00,48.498206294553405,49.26346362189678,48.35104164673897,49.241390228271484,2697442,0.0,0.0
2021-04-16 00:00:00-04:00,49.42533901765059,49.57985854235725,49.16779875175185,49.31496047973633,2515913,0.0,0.0
2021-04-19 00:00:00-04:00,49.440049934523735,49.624006422259285,48.99855320525037,49.55042266845703,2178346,0.0,0.0
2021-04-20 00:00:00-04:00,49.52837006581908,50.52908868075408,49.45478628113611,50.4702262878418,2745223,0.0,0.0
2021-04-21 00:00:00-04:00,50.580584657842984,51.16924318051454,50.359833366685436,51.02207565307617,2526233,0.0,0.0
2021-04-22 00:00:00-04:00,51.21338188515778,51.54450587289818,50.74245977612796,50.830753326416016,2478761,0.0,0.0
2021-04-23 00:00:00-04:00,51.13246056357233,51.23547552819251,50.713037113615755,51.06623458862305,2084950,0.0,0.0
2021-04-26 00:00:00-04:00,51.382648575817,51.49302715617746,50.845500240832756,51.00737762451172,1886909,0.0,0.0
2021-04-27 00:00:00-04:00,51.02942798171652,51.0662169586865,50.617362471954294,50.66887283325195,2023030,0.0,0.0
2021-04-28 00:00:00-04:00,50.74983312022542,51.01472543932481,50.40399343481535,50.477577209472656,2008066,0.0,0.0
2021-04-29 00:00:00-04:00,51.522457595212245,52.861658203478655,50.75720010477429,51.00001907348633,8460439,0.0,0.0
2021-04-30 00:00:00-04:00,50.811740571966844,51.20305381678771,50.07341106253034,51.05538558959961,6067850,0.227713,0.0
2021-05-03 00:00:00-04:00,51.12921290157046,51.247343979654985,50.6714484340853,50.7083625793457,3719947,0.0,0.0
2021-05-04 00:00:00-04:00,50.819121344278166,51.57959349977292,50.723138744467946,51.02585220336914,3839556,0.0,0.0
2021-05-05 00:00:00-04:00,50.70098705105178,50.81174112928363,49.26863080992555,49.57135009765625,5389207,0.0,0.0
2021-05-06 00:00:00-04:00,49.68947541186608,50.12508559099107,49.4753617369317,49.87405776977539,4503854,0.0,0.0
2021-05-07 00:00:00-04:00,49.696861494162654,50.53855640373436,49.696861494162654,50.2801399230957,3373918,0.0,0.0
2021-05-10 00:00:00-04:00,50.53117745824913,50.78959398848086,49.83715063677983,49.8666877746582,3449563,0.0,0.0
2021-05-11 00:00:00-04:00,49.5122655269397,49.57871097634794,48.55243688524944,48.86991882324219,4554216,0.0,0.0
2021-05-12 00:00:00-04:00,48.71489226435086,48.88470609669863,47.63693208931721,47.79936599731445,3441926,0.0,0.0
2021-05-13 00:00:00-04:00,47.828885316694034,48.15375014452462,47.710754237460534,47.77720260620117,3071335,0.0,0.0
2021-05-14 00:00:00-04:00,47.99131700534036,48.36786452657031,47.92486573299066,48.242347717285156,2540887,0.0,0.0
2021-05-17 00:00:00-04:00,48.375239912320254,48.51552235759897,48.13159206665198,48.28664016723633,2512198,0.0,0.0
2021-05-18 00:00:00-04:00,48.45645899402656,48.581975797134795,48.028231692349294,48.34571075439453,2251411,0.0,0.0
2021-05-19 00:00:00-04:00,48.079914999468066,48.485993820949425,47.62215056511141,48.47861099243164,2799610,0.0,0.0
2021-05-20 00:00:00-04:00,48.39001585554626,49.54918980248527,48.29403326240321,49.401527404785156,3614064,0.0,0.0
2021-05-21 00:00:00-04:00,49.571350244363856,49.755926811041725,49.106202879470466,49.15788269042969,3769174,0.0,0.0
2021-05-24 00:00:00-04:00,49.379380660494974,50.49425185820939,49.29077508019472,50.309669494628906,3547810,0.0,0.0
2021-05-25 00:00:00-04:00,50.36134507856919,50.988920339082306,50.08078017436613,50.82649230957031,4231510,0.0,0.0
2021-05-26 00:00:00-04:00,50.92987202281986,51.3211852703841,50.70836968048482,51.03323745727539,3630886,0.0,0.0
2021-05-27 00:00:00-04:00,51.180895401856475,51.24734668007801,50.228452271437796,50.36135482788086,5518723,0.0,0.0
2021-05-28 00:00:00-04:00,50.5725009845281,50.816994121802544,50.37987214910528,50.67622375488281,3115505,0.227713,0.0
2021-06-01 00:00:00-04:00,50.91332563674592,51.40971459728222,50.63179064171256,51.38008117675781,3064111,0.0,0.0
2021-06-02 00:00:00-04:00,51.43934126841118,52.32098791348522,51.268937456053656,52.31357955932617,2960602,0.0,0.0
2021-06-03 00:00:00-04:00,52.439532948316746,52.439532948316746,51.80978201493339,52.002410888671875,3755551,0.0,0.0
2021-06-04 00:00:00-04:00,52.150573101434894,52.27652091483526,51.75049877258257,52.17279815673828,2808072,0.0,0.0
2021-06-07 00:00:00-04:00,52.2320684647105,52.59510105900729,52.11352899514876,52.12093734741211,3279283,0.0,0.0
2021-06-08 00:00:00-04:00,52.20244216918945,52.60251657932038,52.172808756097986,52.20244216918945,4061126,0.0,0.0
2021-06-09 00:00:00-04:00,52.602509385601415,52.80255239665879,52.313566147427295,52.5728759765625,4259064,0.0,0.0
2021-06-10 00:00:00-04:00,52.55806996903213,52.82478820471144,52.32098514842294,52.66179275512695,3442442,0.0,0.0
2021-06-11 00:00:00-04:00,52.661783239843686,52.661783239843686,51.83940362009623,52.14316940307617,3380522,0.0,0.0
2021-06-14 00:00:00-04:00,52.209868402447626,52.40249732020863,51.98019770563682,52.306182861328125,3454620,0.0,0.0
2021-06-15 00:00:00-04:00,52.165399942484136,52.29875613356795,51.56528249923454,51.572696685791016,3225103,0.0,0.0
2021-06-16 00:00:00-04:00,51.787559097099404,51.85424012026235,50.705869351044754,50.71328353881836,3394145,0.0,0.0
2021-06-17 00:00:00-04:00,50.757727088340644,50.77254379526808,50.26133823952569,50.5502815246582,3681454,0.0,0.0
2021-06-18 00:00:00-04:00,50.28355370529131,50.42432406093985,49.51303842529363,49.52044677734375,6611921,0.0,0.0
2021-06-21 00:00:00-04:00,49.75755033929681,50.74291986767536,49.631596640168524,50.42434310913086,6134930,0.0,0.0
2021-06-22 00:00:00-04:00,50.20947519942543,50.45396836994765,49.979804569554005,49.99462127685547,4012313,0.0,0.0
2021-06-23 00:00:00-04:00,49.99461491116656,50.32059993034001,49.80198607407575,49.950164794921875,2973811,0.0,0.0
2021-06-24 00:00:00-04:00,50.30579650682123,50.30579650682123,49.550103497701016,49.63900375366211,3497138,0.0,0.0
2021-06-25 00:00:00-04:00,49.94275053172329,50.53545367826697,49.683440717604974,50.47618103027344,4008494,0.0,0.0
2021-06-28 00:00:00-04:00,50.50582681843001,50.56509364075888,50.01684053412487,50.25392532348633,4729656,0.0,0.0
2021-06-29 00:00:00-04:00,50.26135198770285,50.7503326168068,50.150220821999795,50.34284973144531,4264843,0.0,0.0
2021-06-30 00:00:00-04:00,50.30270435075446,50.76364664405187,49.536931595155636,49.61871337890625,4297661,0.228682,0.0
2021-07-01 00:00:00-04:00,48.89011593083994,50.19117554541556,48.88268175604061,49.849185943603516,7887060,0.0,0.0
2021-07-02 00:00:00-04:00,50.035048029162,50.48855607046416,49.89378701188261,50.16886901855469,3403330,0.0,0.0
2021-07-06 00:00:00-04:00,50.2432027608459,50.852839999745946,49.84173404968348,50.7413215637207,4088474,0.0,0.0
2021-07-07 00:00:00-04:00,50.57033889587791,50.88259178009826,50.243217662934775,50.69673156738281,2785368,0.0,0.0
2021-07-08 00:00:00-04:00,50.51829778733059,50.7859397616994,50.183736538849,50.48112106323242,3075773,0.0,0.0
2021-07-09 00:00:00-04:00,50.7264655498388,51.2245844737948,50.48855442196591,51.2022819519043,2660909,0.0,0.0
2021-07-12 00:00:00-04:00,51.07587986365654,51.7152537553577,50.90488220628216,51.52195358276367,2742230,0.0,0.0
2021-07-13 00:00:00-04:00,51.39557213468117,51.56656980977288,50.61493719168237,50.89745330810547,2780105,0.0,0.0
2021-07-14 00:00:00-04:00,50.83797955853562,51.37327515908668,50.815677038599276,51.19484329223633,2726957,0.0,0.0
2021-07-15 00:00:00-04:00,51.30637235271916,51.544277655251186,51.17998552660408,51.50710678100586,2141916,0.0,0.0
2021-07-16 00:00:00-04:00,51.81191347095877,52.07212709125129,51.633481608682736,51.71526336669922,2944090,0.0,0.0
2021-07-19 00:00:00-04:00,51.1874042153836,51.26175179506236,50.58519525903283,51.07588577270508,3832538,0.0,0.0
2021-07-20 00:00:00-04:00,51.26176641916534,52.43643626922181,51.23945804132207,52.228267669677734,3915924,0.0,0.0
2021-07-21 00:00:00-04:00,52.19852246321402,52.637168017843635,52.14648324281424,52.17621994018555,2018076,0.0,0.0
2021-07-22 00:00:00-04:00,51.98292474513271,52.116745749972196,51.69297435657953,51.97549057006836,2118077,0.0,0.0
2021-07-23 00:00:00-04:00,52.04238078149952,52.4958886728247,52.02007241257781,52.39923858642578,1823544,0.0,0.0
2021-07-26 00:00:00-04:00,52.30259650480407,52.711505281903904,52.1985122307276,52.53307342529297,3046877,0.0,0.0
2021-07-27 00:00:00-04:00,52.31004235770275,53.06837499078331,52.27287148497557,52.81560134887695,3615406,0.0,0.0
2021-07-28 00:00:00-04:00,53.04605206802257,53.04605206802257,52.25798303981614,52.2877197265625,3601061,0.0,0.0
2021-07-29 00:00:00-04:00,52.421560287227074,52.74868148835609,52.14647830156675,52.20595169067383,2434385,0.0,0.0
2021-07-30 00:00:00-04:00,52.516276905675184,53.299544397570365,52.381998786629396,52.43421936035156,5686423,0.228682,0.0
2021-08-02 00:00:00-04:00,52.65054093813772,53.15033950159469,52.15820161641753,52.1656608581543,3196620,0.0,0.0
2021-08-03 00:00:00-04:00,52.44168512026021,52.88180399975442,51.964264148208976,52.52374267578125,2991562,0.0,0.0
2021-08-04 00:00:00-04:00,52.50881797080879,52.67292718899915,52.21043063278493,52.32978439331055,3057610,0.0,0.0
2021-08-05 00:00:00-04:00,52.590877133141,52.814672073596306,52.29995487004801,52.807212829589844,2745120,0.0,0.0
2021-08-06 00:00:00-04:00,52.84451215832901,53.11306257862122,52.50136929358409,52.680397033691406,2083298,0.0,0.0
2021-08-09 00:00:00-04:00,52.63564156701978,52.88180838055536,52.374550391172846,52.680397033691406,2352857,0.0,0.0
2021-08-10 00:00:00-04:00,52.67293454594264,52.69531815132102,52.21789716911649,52.285030364990234,2224373,0.0,0.0
2021-08-11 00:00:00-04:00,52.568490710527044,53.00861540124954,52.374538651582114,52.89672088623047,2378347,0.0,0.0
2021-08-12 00:00:00-04:00,53.00115313413022,53.090669915721385,52.501354529740745,52.91163635253906,1806619,0.0,0.0
2021-08-13 00:00:00-04:00,53.13543794070873,53.694916489661395,52.99370642915274,53.67253875732422,2983822,0.0,0.0
2021-08-16 00:00:00-04:00,53.68745446006564,54.25439222371608,53.665076728889495,54.09773635864258,2991355,0.0,0.0
2021-08-17 00:00:00-04:00,53.99328348973798,54.14248006249909,53.44126439330757,53.941062927246094,2491248,0.0,0.0
2021-08-18 00:00:00-04:00,53.83665228326563,53.97838379063214,53.38160903875774,53.49350357055664,2441093,0.0,0.0
2021-08-19 00:00:00-04:00,53.31447100767569,53.89632728308774,53.045920602080784,53.36669158935547,3700649,0.0,0.0
2021-08-20 00:00:00-04:00,53.36668500904156,53.96345969894311,52.85196199343015,53.6426887512207,4906438,0.0,0.0
2021-08-23 00:00:00-04:00,53.70235767257762,53.93361178254795,52.98622936469271,53.06828689575195,3253277,0.0,0.0
2021-08-24 00:00:00-04:00,53.30700007666442,53.33683704627115,52.687841843390316,52.84449768066406,3022212,0.0,0.0
2021-08-25 00:00:00-04:00,52.75498051639973,53.26224423655604,52.41183774814958,52.91163635253906,2423755,0.0,0.0
2021-08-26 00:00:00-04:00,52.90418100502143,53.15780701035248,52.67292685496123,52.948936462402344,1988767,0.0,0.0
2021-08-27 00:00:00-04:00,53.12797665599448,53.60539762795294,53.09813968069093,53.374149322509766,2729950,0.0,0.0
2021-08-30 00:00:00-04:00,53.33685345479656,53.754600524902344,53.21004042153604,53.754600524902344,3616025,0.0,0.0
2021-08-31 00:00:00-04:00,53.7590841029681,54.18568162705761,53.56449472483616,54.050968170166016,3799308,0.228682,0.0
2021-09-01 00:00:00-04:00,54.12581104404333,54.44763012220486,53.324996386304825,54.19316482543945,5329558,0.0,0.0
2021-09-02 00:00:00-04:00,54.26051971067478,54.41769030549953,53.80398132457524,54.395233154296875,2742024,0.0,0.0
2021-09-03 00:00:00-04:00,54.29794338879769,54.37278681656944,53.13789088285314,54.110843658447266,5519755,0.0,0.0
2021-09-07 00:00:00-04:00,54.11084520871627,54.11084520871627,52.94330302309724,53.29506301879883,3147084,0.0,0.0
2021-09-08 00:00:00-04:00,53.167827966310085,53.811466077793106,53.06304953205194,53.66178512573242,2803325,0.0,0.0
2021-09-09 00:00:00-04:00,53.39982189773294,53.407305648710526,52.120023875241074,52.14247512817383,4775786,0.0,0.0
2021-09-10 00:00:00-04:00,52.247266078209265,52.29965824034807,50.82526466031164,50.83274841308594,5009225,0.0,0.0
2021-09-13 00:00:00-04:00,51.40902792795376,51.685938508417514,51.079719303536066,51.289276123046875,5332344,0.0,0.0
2021-09-14 00:00:00-04:00,51.39406737828693,51.58865674399961,50.638167067417626,51.04979705810547,4360510,0.0,0.0
2021-09-15 00:00:00-04:00,51.04980612781453,51.483887454885426,50.885151745198655,51.23691177368164,4468044,0.0,0.0
2021-09-16 00:00:00-04:00,51.19199303025154,51.58117175233185,50.907592741599096,51.18450927734375,3121078,0.0,0.0
2021-09-17 00:00:00-04:00,51.13212304235791,51.708407372969205,50.57080621757254,50.653133392333984,8805746,0.0,0.0
2021-09-20 00:00:00-04:00,50.28640703268611,50.98243731790398,50.09930142031669,50.60074234008789,5323056,0.0,0.0
2021-09-21 00:00:00-04:00,50.787860227962305,50.95999837578326,50.331321716308594,50.331321716308594,4148640,0.0,0.0
2021-09-22 00:00:00-04:00,50.74294978821244,50.99740920011219,50.46603322243493,50.713008880615234,3644611,0.0,0.0
2021-09-23 00:00:00-04:00,50.81778104955231,51.07224632274577,50.68306760651974,50.727970123291016,3899825,0.0,0.0
2021-09-24 00:00:00-04:00,50.56331703603875,50.75790637632184,49.560429433467135,49.74005126953125,4209528,0.0,0.0
2021-09-27 00:00:00-04:00,49.95710072107468,50.25646853667197,49.14880820823394,49.15629196166992,4117061,0.0,0.0
2021-09-28 00:00:00-04:00,48.961689363551635,49.09640572809473,48.5799944705256,48.64735412597656,4416238,0.0,0.0
2021-09-29 00:00:00-04:00,48.841949050289934,49.53797926072458,48.79704359029165,49.43320083618164,4034398,0.0,0.0
2021-09-30 00:00:00-04:00,49.572905395683655,49.61046129235201,48.71664810180664,48.71664810180664,3607253,0.228682,0.0
2021-10-01 00:00:00-04:00,49.009588872380704,49.798248080307054,48.80678817135178,49.46025085449219,3023554,0.0,0.0
2021-10-04 00:00:00-04:00,49.30252105582714,50.016068475946916,49.22740924480133,49.94846725463867,3561019,0.0,0.0
2021-10-05 00:00:00-04:00,49.94845940903367,50.00103944264783,49.437712776138575,49.76068878173828,3218498,0.0,0.0
2021-10-06 00:00:00-04:00,49.64050600677769,50.932409989340904,49.370110043129756,50.8873405456543,4103851,0.0,0.0
2021-10-07 00:00:00-04:00,51.04507648652339,51.630937877691515,50.84978935613402,50.93992233276367,3184442,0.0,0.0
2021-10-08 00:00:00-04:00,50.849788612826934,51.13520871567378,50.3916131478111,50.47423553466797,2094444,0.0,0.0
2021-10-11 00:00:00-04:00,50.4967744143553,50.917391082505006,50.33904020687416,50.894859313964844,2593726,0.0,0.0
2021-10-12 00:00:00-04:00,50.99999930651636,51.83372773543333,50.78218044346675,51.52577590942383,3707770,0.0,0.0
2021-10-13 00:00:00-04:00,51.72106210417502,51.893817439642625,50.87982310256844,51.64595031738281,5716558,0.0,0.0
2021-10-14 00:00:00-04:00,51.81871542086992,52.41959800077967,51.37556111772309,52.29191207885742,4535124,0.0,0.0
2021-10-15 00:00:00-04:00,52.63741527746897,52.86275067337168,52.17923981103425,52.32195281982422,4263811,0.0,0.0
2021-10-18 00:00:00-04:00,52.13417328754189,52.90781116721277,51.97643911084922,52.8402099609375,2513539,0.0,0.0
2021-10-19 00:00:00-04:00,52.975414770304226,53.00545712385298,52.56981934199961,52.60737228393555,3519636,0.0,0.0
2021-10-20 00:00:00-04:00,52.71252848791356,53.628879445325815,52.65243786462691,53.59883117675781,2735832,0.0,0.0
2021-10-21 00:00:00-04:00,53.59883044887572,53.92932000169014,53.25332563275524,53.45612335205078,3152347,0.0,0.0
2021-10-22 00:00:00-04:00,53.531235782262435,53.97438416896203,53.51620869108081,53.891761779785156,2530258,0.0,0.0
2021-10-25 00:00:00-04:00,53.91430179376874,56.00237586708141,53.89177002432334,55.48411560058594,7199232,0.0,0.0
2021-10-26 00:00:00-04:00,55.27379498509932,56.032405784938064,55.11606080630422,55.65685272216797,5146790,0.0,0.0
2021-10-27 00:00:00-04:00,55.874681545128546,55.95729802070248,55.05597415343347,55.07099533081055,6688186,0.0,0.0
2021-10-28 00:00:00-04:00,55.2662866784145,55.288824360047954,54.462606316665976,54.94331359863281,9845486,0.0,0.0
2021-10-29 00:00:00-04:00,54.47760568920166,55.070977486425036,53.508680923842476,53.65139389038086,45300982,0.0,0.0
2021-11-01 00:00:00-04:00,53.505195235855474,53.70112967005084,52.28437573053887,53.39969253540039,5556391,0.228682,0.0
2021-11-02 00:00:00-04:00,53.625804487758565,54.65822561309315,53.429869945225235,54.251285552978516,4598076,0.0,0.0
2021-11-03 00:00:00-04:00,54.25880503051928,54.748641242318094,54.16083778815952,54.469810485839844,3625519,0.0,0.0
2021-11-04 00:00:00-04:00,54.613000893181386,54.673284780353825,53.41478743418756,53.716224670410156,2901571,0.0,0.0
2021-11-05 00:00:00-04:00,54.19099011359969,54.74865173341695,53.964913644356635,54.085487365722656,3300130,0.0,0.0
2021-11-08 00:00:00-05:00,54.123169161034824,54.13070464756047,53.542901097836435,53.85940933227539,2880415,0.0,0.0
2021-11-09 00:00:00-05:00,54.040271847458285,54.085484765751794,53.331894593349794,53.475074768066406,3382793,0.0,0.0
2021-11-10 00:00:00-05:00,53.47505195074112,53.866920809226606,53.437374534906475,53.61070251464844,2653582,0.0,0.0
2021-11-11 00:00:00-05:00,53.369557249925364,54.58284735646896,53.256519052032324,54.5753059387207,2945328,0.0,0.0
2021-11-12 00:00:00-05:00,54.492425263330496,54.94458411767631,54.42460588526905,54.81647491455078,3001985,0.0,0.0
2021-11-15 00:00:00-05:00,55.50514691007991,55.50514691007991,54.75854626321713,55.326271057128906,7029300,0.0,1.032
2021-11-16 00:00:00-05:00,55.39626308844953,55.56735423385964,54.72743228931936,55.536251068115234,4903200,0.0,0.0
2021-11-17 00:00:00-05:00,55.40401786021517,56.01063026328892,54.08969296470606,55.97174835205078,6557200,0.0,0.0
2021-11-18 00:00:00-05:00,56.096201595314504,56.11953787169326,55.1474006934845,55.24850082397461,4760600,0.0,0.0
2021-11-19 00:00:00-05:00,55.26403250145983,55.54400838261025,54.67297758209989,55.14738082885742,5543500,0.0,0.0
2021-11-22 00:00:00-05:00,55.17070756532956,55.70732302466134,54.844065102988374,54.976280212402344,6528200,0.0,0.0
2021-11-23 00:00:00-05:00,55.06962454857378,55.264051982718954,54.354133014948594,54.36191177368164,4518600,0.0,0.0
2021-11-24 00:00:00-05:00,54.3774490059672,55.01517058431267,53.99637299698648,54.937400817871094,3930900,0.0,0.0
2021-11-26 00:00:00-05:00,54.315225967881084,55.046274760729325,53.80194080845213,54.0274772644043,3720200,0.0,0.0
2021-11-29 00:00:00-05:00,54.45522121690617,54.90629418934998,53.80972678635725,54.28413009643555,5540100,0.0,0.0
2021-11-30 00:00:00-05:00,54.23418396058132,54.23418396058132,52.98544868572567,53.00886154174805,6217100,0.246,0.0
2021-12-01 00:00:00-05:00,53.422508366157025,53.92200251184241,51.43233805412807,51.44794464111328,6009300,0.0,0.0
2021-12-02 00:00:00-05:00,51.93964041320233,53.11813129396117,51.8381767534638,52.69668197631836,5086200,0.0,0.0
2021-12-03 00:00:00-05:00,52.74349994153186,52.9776344208625,52.1581548115474,52.48594665527344,4047600,0.0,0.0
2021-12-06 00:00:00-05:00,52.89180411767081,54.30444163570496,52.8449783942848,53.133750915527344,5604700,0.0,0.0
2021-12-07 00:00:00-05:00,53.383496732059776,53.758114418914495,53.102530489698346,53.37569046020508,6229000,0.0,0.0
2021-12-08 00:00:00-05:00,53.34445767448542,53.92199660066417,53.258606569378394,53.73468780517578,4298400,0.0,0.0
2021-12-09 00:00:00-05:00,53.47711545783895,53.47711545783895,52.556172438987296,52.57178497314453,3697900,0.0,0.0
2021-12-10 00:00:00-05:00,52.92302298755768,52.92302298755768,52.2050007784943,52.24402618408203,3874900,0.0,0.0
2021-12-13 00:00:00-05:00,52.28300908912886,53.43809240649003,52.17374517518836,53.19615173339844,4984500,0.0,0.0
2021-12-14 00:00:00-05:00,53.14933311638681,53.57078229679206,52.485943203586004,52.51716232299805,4766400,0.0,0.0
2021-12-15 00:00:00-05:00,52.29081464952682,52.58738727558366,51.23719494822219,52.46251678466797,6006200,0.0,0.0
2021-12-16 00:00:00-05:00,52.63424487035657,53.0713007357005,52.4001043970997,52.81374740600586,5136800,0.0,0.0
2021-12-17 00:00:00-05:00,52.79812043760573,53.59418702137325,52.72007562812849,52.89957809448242,12326900,0.0,0.0
2021-12-20 00:00:00-05:00,52.40009797186965,52.58740675484384,51.7913399613744,52.49375534057617,3914000,0.0,0.0
2021-12-21 00:00:00-05:00,52.75131055267433,53.74249850073838,52.72789769561514,53.64104080200195,4084300,0.0,0.0
2021-12-22 00:00:00-05:00,53.77370122547035,54.03905479711892,53.43029688151296,53.96100997924805,2989200,0.0,0.0
2021-12-23 00:00:00-05:00,54.04687324337658,54.179550059096336,53.742494216989236,54.023460388183594,2863700,0.0,0.0
2021-12-27 00:00:00-05:00,54.046865172879876,55.373645040835875,54.03905890416812,55.3658447265625,3346100,0.0,0.0
2021-12-28 00:00:00-05:00,55.31901849434116,55.81071224595384,55.20975453941366,55.72486114501953,2663800,0.0,0.0
2021-12-29 00:00:00-05:00,55.80290793994998,56.21655092022116,55.65461858685685,56.11509323120117,1920100,0.0,0.0
2021-12-30 00:00:00-05:00,56.19313284503514,56.357028767967186,55.810709024860344,56.122894287109375,2071500,0.0,0.0
2021-12-31 00:00:00-05:00,56.191011210809165,56.394631879126386,56.003056888110294,56.065704345703125,2309800,0.247,0.0
2022-01-03 00:00:00-05:00,56.17537820898386,56.238025697098756,54.89883929236283,55.76030349731445,3110500,0.0,0.0
2022-01-04 00:00:00-05:00,55.721161946388456,56.76275359540952,55.69766838625428,56.58262634277344,3410700,0.0,0.0
2022-01-05 00:00:00-05:00,56.48081712443558,56.76275178699237,55.51753936487254,55.66633987426758,3237600,0.0,0.0
2022-01-06 00:00:00-05:00,55.88561044704357,56.28501880563041,55.51752882000895,55.92477035522461,2869800,0.0,0.0
2022-01-07 00:00:00-05:00,55.70548323435912,56.026577751546974,55.37656151550554,55.92477035522461,3108900,0.0,0.0
2022-01-10 00:00:00-05:00,55.83078149869582,56.120549239375414,55.251251992298805,56.097049713134766,3275800,0.0,0.0
2022-01-11 00:00:00-05:00,55.98740768367257,56.08922103648259,55.11028325922944,55.830780029296875,3998100,0.0,0.0
2022-01-12 00:00:00-05:00,55.869936635072456,56.53561913550202,55.76029607675843,56.285011291503906,4234500,0.0,0.0
2022-01-13 00:00:00-05:00,56.378992678065934,56.81756094213251,56.00308385168094,56.151878356933594,2390600,0.0,0.0
2022-01-14 00:00:00-05:00,56.034383888307545,56.16751795193714,55.407861509523194,55.99522399902344,2506100,0.0,0.0
2022-01-18 00:00:00-05:00,55.82294913258163,55.94042286563926,54.53858319439926,54.60906982421875,4224000,0.0,0.0
2022-01-19 00:00:00-05:00,54.718716579087484,54.83618435048704,53.6927855674822,53.700618743896484,3281300,0.0,0.0
2022-01-20 00:00:00-05:00,53.82591672553635,54.013871103517076,52.71383888299238,52.72167205810547,3647100,0.0,0.0
2022-01-21 00:00:00-05:00,52.90962429484838,53.43433945687582,52.455401731024054,53.191558837890625,4183100,0.0,0.0
2022-01-24 00:00:00-05:00,52.44756778317409,53.653619760642194,51.484290446151086,53.5753059387207,6464500,0.0,0.0
2022-01-25 00:00:00-05:00,53.089762267967814,54.20966749321637,52.5572197977455,53.9747200012207,4623200,0.0,0.0
2022-01-26 00:00:00-05:00,54.33497912594198,54.891015259719126,52.83916478929496,53.19941329956055,4577500,0.0,0.0
2022-01-27 00:00:00-05:00,53.551818309639145,54.18617415051841,52.854814982284374,53.06626892089844,3257500,0.0,0.0
2022-01-28 00:00:00-05:00,53.03492752155956,54.428933790709095,52.41623820464103,54.42110061645508,3531800,0.0,0.0
2022-01-31 00:00:00-05:00,53.93932689432849,54.575945521306885,53.672108850524126,54.5523681640625,4353700,0.247,0.0
2022-02-01 00:00:00-05:00,54.25370128086568,54.63881207616222,53.955044786022,54.33229446411133,3264300,0.0,0.0
2022-02-02 00:00:00-05:00,54.222260540261,55.031781686753384,53.93146517478816,54.85887908935547,3400900,0.0,0.0
2022-02-03 00:00:00-05:00,54.62310287272765,54.64668023111024,53.91575213986873,53.970767974853516,2299800,0.0,0.0
2022-02-04 00:00:00-05:00,53.758545673286456,54.08077944461507,53.23196487850917,53.59349822998047,3705200,0.0,0.0
2022-02-07 00:00:00-05:00,53.522755891658534,54.02575929651149,53.36556957624458,53.47560119628906,2636500,0.0,0.0
2022-02-08 00:00:00-05:00,53.43631871109861,53.55421148350429,52.909737790132105,53.09050750732422,3039200,0.0,0.0
2022-02-09 00:00:00-05:00,53.569919951942424,54.057201158131576,53.49918190816642,53.88429260253906,2224900,0.0,0.0
2022-02-10 00:00:00-05:00,53.279126617161374,54.02577076833027,52.58749828769677,52.84685516357422,3162100,0.0,0.0
2022-02-11 00:00:00-05:00,53.074784877188065,53.617088028444726,52.49318813293953,53.0433464050293,3795300,0.0,0.0
2022-02-14 00:00:00-05:00,52.92544195461583,53.20052702623402,52.328129104232744,52.57176971435547,3771800,0.0,0.0
2022-02-15 00:00:00-05:00,53.04335535746046,53.318434539932035,52.57179018804112,52.69754409790039,3069800,0.0,0.0
2022-02-16 00:00:00-05:00,52.81542418237171,53.161241394269034,52.438174493279796,53.00405502319336,3651400,0.0,0.0
2022-02-17 00:00:00-05:00,52.626805752655635,52.98048412510032,52.31242697590807,52.752559661865234,3543000,0.0,0.0
2022-02-18 00:00:00-05:00,52.74468729149779,53.14552029624854,52.30456069570882,52.367431640625,3611100,0.0,0.0
2022-02-22 00:00:00-05:00,52.23382343699974,52.41459314662186,51.550050182701156,51.90372848510742,3521000,0.0,0.0
2022-02-23 00:00:00-05:00,52.728970739633645,52.79970880516473,51.25139844007933,51.2828369140625,3725100,0.0,0.0
2022-02-24 00:00:00-05:00,50.82697869580229,51.82513057345221,50.22180467259088,51.667938232421875,5712100,0.0,0.0
2022-02-25 00:00:00-05:00,51.872284278025546,53.019761362198615,51.77011375553071,52.97260665893555,5839700,0.0,0.0
2022-02-28 00:00:00-05:00,52.45749639713396,52.82824959024197,51.67655189530147,52.134071350097656,7089700,0.247,0.0
2022-03-01 00:00:00-05:00,52.26816677516918,52.512703502758775,51.652876932634975,51.921077728271484,5832800,0.0,0.0
2022-03-02 00:00:00-05:00,52.06307408742455,52.520599516228216,51.913193614943864,52.1419563293457,6091100,0.0,0.0
2022-03-03 00:00:00-05:00,52.394422068517926,52.58374681188235,51.60558702616746,52.55219268798828,5489700,0.0,0.0
2022-03-04 00:00:00-05:00,52.15774480435302,52.74148071075017,51.40834833936415,52.70992660522461,4697900,0.0,0.0
2022-03-07 00:00:00-05:00,52.40228575056957,52.473277979878375,51.00605107585306,51.01393508911133,5221300,0.0,0.0
2022-03-08 00:00:00-05:00,50.97449318430956,51.976310461847646,50.619514009121204,51.19536590576172,4348800,0.0,0.0
2022-03-09 00:00:00-05:00,51.8264294475509,52.03152812328107,51.37679397812759,51.408348083496094,3745900,0.0,0.0
2022-03-10 00:00:00-05:00,51.04548708000858,51.24269573323918,50.58796156011427,51.132259368896484,4454700,0.0,0.0
2022-03-11 00:00:00-05:00,51.47146029942018,51.97631398794037,51.416242115311114,51.55034255981445,3451700,0.0,0.0
2022-03-14 00:00:00-04:00,51.80276453285064,52.181407772800775,50.958711787507134,51.17958450317383,3301000,0.0,0.0
2022-03-15 00:00:00-04:00,51.92109741609844,52.15775022296056,51.01393634756814,51.36891555786133,3920800,0.0,0.0
2022-03-16 00:00:00-04:00,51.68443131888423,52.19717492301586,50.88771284520377,51.74753952026367,4870100,0.0,0.0
2022-03-17 00:00:00-04:00,51.40046620384811,52.47327573924416,51.38468614134393,52.44961166381836,3685900,0.0,0.0
2022-03-18 00:00:00-04:00,52.29973606296786,52.81247373512354,52.29973606296786,52.75725555419922,6202100,0.0,0.0
2022-03-21 00:00:00-04:00,52.71781946569793,53.23056317593062,52.25240390712868,52.52061080932617,4196600,0.0,0.0
2022-03-22 00:00:00-04:00,52.749366841041315,53.475093159472834,52.7335867802803,53.206886291503906,5000400,0.0,0.0
2022-03-23 00:00:00-04:00,53.08068964909751,53.262118266544626,52.65471817313753,52.77304458618164,2835000,0.0,0.0
2022-03-24 00:00:00-04:00,52.70203931993508,52.87558390020185,52.347066146357115,52.678375244140625,3150900,0.0,0.0
2022-03-25 00:00:00-04:00,52.867698045440164,53.632868654340015,52.85192399977454,53.601314544677734,2642000,0.0,0.0
2022-03-28 00:00:00-04:00,53.56976698430491,54.20872116088867,53.538212874329886,54.20872116088867,3393400,0.0,0.0
2022-03-29 00:00:00-04:00,54.516354818321105,55.77848886192713,54.48480071493972,55.707496643066406,3769500,0.0,0.0
2022-03-30 00:00:00-04:00,55.6049512721806,55.92048632721465,55.23419803389039,55.43929672241211,2922000,0.0,0.0
2022-03-31 00:00:00-04:00,55.73772269269542,55.94353864170728,54.843192149821874,54.85902786254883,3834800,0.247,0.0
2022-04-01 00:00:00-04:00,54.90654262319354,56.133551098950655,54.88279508513683,56.125633239746094,3288700,0.0,0.0
2022-04-04 00:00:00-04:00,55.94356707089114,56.09397622045745,55.23111062499532,55.86440658569336,3090800,0.0,0.0
2022-04-05 00:00:00-04:00,55.85648321695747,56.57685745219994,55.8248178180895,55.94356155395508,3135600,0.0,0.0
2022-04-06 00:00:00-04:00,55.611073949964435,56.838082267885774,55.23109527126457,56.82224655151367,3280800,0.0,0.0
2022-04-07 00:00:00-04:00,56.47394082032847,56.97266328030671,56.03855519475481,56.69559860229492,3550900,0.0,0.0
2022-04-08 00:00:00-04:00,56.75892451982929,57.415967940823585,56.49769555495875,57.12307357788086,2816600,0.0,0.0
2022-04-11 00:00:00-04:00,57.09930354335788,57.2338829562675,56.48184355779812,56.616416931152344,2342100,0.0,0.0
2022-04-12 00:00:00-04:00,56.60061434965913,56.88559694703187,56.31563175228639,56.648109436035156,2302300,0.0,0.0
2022-04-13 00:00:00-04:00,56.79060024900288,57.17057905543608,56.73518730218536,57.14683151245117,2546700,0.0,0.0
2022-04-14 00:00:00-04:00,57.384301445539265,57.85135850872725,57.24972803597343,57.47929763793945,2625300,0.0,0.0
2022-04-18 00:00:00-04:00,57.479297120689886,58.08883940765742,57.40804846714165,57.985931396484375,2544600,0.0,0.0
2022-04-19 00:00:00-04:00,58.088824755957155,58.79336305676486,58.06507722394989,58.674625396728516,3406000,0.0,0.0
2022-04-20 00:00:00-04:00,58.67464160465784,59.624579384686335,58.60339294939929,59.31584930419922,2807700,0.0,0.0
2022-04-21 00:00:00-04:00,59.505835970723034,59.687910499973995,58.99128382063866,59.02294921875,2734200,0.0,0.0
2022-04-22 00:00:00-04:00,58.91212048387416,59.173355475937164,58.168004802847996,58.21549987792969,3112400,0.0,0.0
2022-04-25 00:00:00-04:00,58.18384253118456,58.310504135002034,56.88559128984383,57.59012985229492,4179100,0.0,0.0
2022-04-26 00:00:00-04:00,57.76427255484784,58.18382844670598,56.92516077113157,56.94099044799805,3676200,0.0,0.0
2022-04-27 00:00:00-04:00,57.13099616086394,57.43972630078421,56.68769258345191,56.72727584838867,2955000,0.0,0.0
2022-04-28 00:00:00-04:00,56.72725865054437,57.65344878951471,56.371027492785934,57.55845260620117,3130100,0.0,0.0
2022-04-29 00:00:00-04:00,57.198628890373435,57.25423070189838,54.990434003892666,55.093692779541016,6374100,0.247,0.0
2022-05-02 00:00:00-04:00,55.26844326886248,55.49879536322801,52.51216904405038,53.52094650268555,4257100,0.0,0.0
2022-05-03 00:00:00-04:00,53.79897147433636,54.53768485702445,53.30649386582961,53.75130844116211,3143500,0.0,0.0
2022-05-04 00:00:00-04:00,53.64804032664392,54.720364454550555,53.2270543109589,54.47412872314453,3296200,0.0,0.0
2022-05-05 00:00:00-04:00,54.85539889221036,55.10164069422206,52.941102651596516,53.29854202270508,3206300,0.0,0.0
2022-05-06 00:00:00-04:00,52.83782456699028,53.10789478470077,51.924367278626384,52.520103454589844,3568400,0.0,0.0
2022-05-09 00:00:00-04:00,52.02764113435015,52.13884476799377,51.07446540022099,51.280982971191406,4524500,0.0,0.0
2022-05-10 00:00:00-04:00,51.75757272683971,52.03558178854177,49.83532868712196,50.43900680541992,5762800,0.0,0.0
2022-05-11 00:00:00-04:00,50.43900179416335,51.328636763365225,50.16099276008228,50.67729568481445,4444100,0.0,0.0
2022-05-12 00:00:00-04:00,50.50256834260549,51.94822194946788,50.35164649601797,51.940277099609375,5584800,0.0,0.0
2022-05-13 00:00:00-04:00,52.265944179445356,53.592449149501576,51.9482168777181,53.54479217529297,5225300,0.0,0.0
2022-05-16 00:00:00-04:00,53.68775188556593,54.30732272160546,53.32236768593829,54.06108093261719,3543200,0.0,0.0
2022-05-17 00:00:00-04:00,54.35496315405212,54.66474544778156,53.83865731112268,54.49794006347656,4711800,0.0,0.0
2022-05-18 00:00:00-04:00,54.28350154341781,54.41059489291293,53.51302083764535,53.663936614990234,5187300,0.0,0.0
2022-05-19 00:00:00-04:00,53.32237858193514,53.86251317439661,52.56778154635618,53.3382682800293,4499300,0.0,0.0
2022-05-20 00:00:00-04:00,53.846621124711014,54.10874656101843,53.13968117356187,54.0054817199707,4085500,0.0,0.0
2022-05-23 00:00:00-04:00,53.93397893900899,54.40262178653172,53.23497800013942,53.39384460449219,6075200,0.0,0.0
2022-05-24 00:00:00-04:00,53.41770458403526,54.426482361017236,52.65516261384486,54.36294174194336,4053100,0.0,0.0
2022-05-25 00:00:00-04:00,54.10080853727458,55.16518799208627,54.037261867097875,54.95072555541992,4227300,0.0,0.0
2022-05-26 00:00:00-04:00,54.871290741417255,55.06192467614736,54.0293125810842,54.06903076171875,4491900,0.0,0.0
2022-05-27 00:00:00-04:00,54.41057265785559,55.10162882800793,54.354970855209444,55.08573913574219,3369600,0.0,0.0
2022-05-31 00:00:00-04:00,54.34997574130767,54.66883865023544,53.64848220710988,54.38186264038086,6709300,0.247,0.0
2022-06-01 00:00:00-04:00,54.38984567386215,54.53333370461225,53.87966127867996,54.27027130126953,2879800,0.0,0.0
2022-06-02 00:00:00-04:00,54.09489616650582,54.58913406655953,53.38542926202216,54.557247161865234,2701500,0.0,0.0
2022-06-03 00:00:00-04:00,54.341985658402216,54.34995890115106,53.60860545236669,53.696292877197266,2821700,0.0,0.0
2022-06-06 00:00:00-04:00,54.03910291141567,54.03910291141567,52.96294558012739,53.393409729003906,4764100,0.0,0.0
2022-06-07 00:00:00-04:00,53.21004807886323,54.29417838394323,53.106420212129294,54.25431823730469,3832200,0.0,0.0
2022-06-08 00:00:00-04:00,53.95139838807082,54.01517218593643,53.313672573022956,53.49702072143555,2979100,0.0,0.0
2022-06-09 00:00:00-04:00,53.377457226785594,53.855748644444255,52.81945158648471,52.835391998291016,4325300,0.0,0.0
2022-06-10 00:00:00-04:00,52.39694968281548,53.18613065961145,52.03025338874457,52.580291748046875,4513600,0.0,0.0
2022-06-13 00:00:00-04:00,51.711397700599036,51.90271301515457,50.17288673434494,50.388118743896484,5406100,0.0,0.0
2022-06-14 00:00:00-04:00,50.46783092204809,50.75480386505018,49.654733314621,50.05331039428711,4541300,0.0,0.0
2022-06-15 00:00:00-04:00,50.52363334259337,52.4447748161553,50.41203224269464,51.65559387207031,4884500,0.0,0.0
2022-06-16 00:00:00-04:00,50.60334141187473,51.74327504798285,50.45985343199547,51.201210021972656,4708400,0.0,0.0
2022-06-17 00:00:00-04:00,51.18526679529725,52.36505760300185,51.18526679529725,51.71139144897461,15381100,0.0,0.0
2022-06-21 00:00:00-04:00,51.82299941163969,52.80349573174445,51.82299941163969,52.18968963623047,3592900,0.0,0.0
2022-06-22 00:00:00-04:00,51.623709790936815,53.46513412152529,51.623709790936815,52.92306900024414,3427300,0.0,0.0
2022-06-23 00:00:00-04:00,53.44919597124493,54.246350237293,53.32962161497684,54.198516845703125,4081700,0.0,0.0
2022-06-24 00:00:00-04:00,54.254324883002404,55.30656841602343,54.134756592049634,55.155113220214844,5933800,0.0,0.0
2022-06-27 00:00:00-04:00,55.05146291070584,55.53772742219507,54.65288584107883,55.35438537597656,3798400,0.0,0.0
2022-06-28 00:00:00-04:00,55.72108915945605,56.34286856684815,55.027562699469904,55.107276916503906,2858800,0.0,0.0
2022-06-29 00:00:00-04:00,54.98771006055729,55.378313991436094,54.907989759647066,55.290626525878906,3085800,0.0,0.0
2022-06-30 00:00:00-04:00,54.88900122932274,55.177006968549655,54.3689905277393,54.6089973449707,3766600,0.248,0.0
2022-07-01 00:00:00-04:00,54.54501389385492,56.169043097809784,54.51301256672908,56.12104415893555,2950200,0.0,0.0
2022-07-05 00:00:00-04:00,55.689026015656026,55.88902969877399,54.46500445155457,55.433021545410156,2979500,0.0,0.0
2022-07-06 00:00:00-04:00,55.60102081298829,55.985030548803664,55.22501293306822,55.60102081298828,3031300,0.0,0.0
2022-07-07 00:00:00-04:00,55.69701447919988,55.75301525286195,54.92099939872078,55.03300094604492,3871800,0.0,0.0
2022-07-08 00:00:00-04:00,55.04101754683325,55.4410249240526,54.81700828854274,55.185020446777344,2885900,0.0,0.0
2022-07-11 00:00:00-04:00,55.13701978292782,55.665032492465684,54.905014753309246,55.64902877807617,2836000,0.0,0.0
2022-07-12 00:00:00-04:00,55.27302150917981,55.91303581271175,55.0330207230769,55.48902893066406,2587200,0.0,0.0
2022-07-13 00:00:00-04:00,54.905009619005426,55.3930191005632,54.42500199389414,54.44100570678711,3343100,0.0,0.0
2022-07-14 00:00:00-04:00,53.62498595870777,54.92901386479872,53.48898492053508,54.76100540161133,3969800,0.0,0.0
2022-07-15 00:00:00-04:00,55.48903084006499,56.33704463334088,55.07301969736549,56.24904251098633,3803500,0.0,0.0
2022-07-18 00:00:00-04:00,56.40103285109381,56.513034413855436,55.337011901230966,55.57701873779297,2913500,0.0,0.0
2022-07-19 00:00:00-04:00,55.94503333696965,56.10503385016675,55.433024370384935,56.06503677368164,2528700,0.0,0.0
2022-07-20 00:00:00-04:00,55.95303952953119,56.44104906731514,55.513028928700145,56.20104217529297,1861400,0.0,0.0
2022-07-21 00:00:00-04:00,56.00103966441907,56.48104735510259,55.801035951331855,56.465049743652344,1843200,0.0,0.0
2022-07-22 00:00:00-04:00,56.80105452456253,57.17706248179872,56.55305187346162,57.081058502197266,2224600,0.0,0.0
2022-07-25 00:00:00-04:00,57.201045145005374,57.51305035750614,57.00904334584193,57.28904724121094,2051000,0.0,0.0
2022-07-26 00:00:00-04:00,57.2970432794303,58.08905596124569,57.2970432794303,57.94505310058594,2374700,0.0,0.0
2022-07-27 00:00:00-04:00,57.60106622562604,58.017071240547864,56.9690537943261,57.497066497802734,2529500,0.0,0.0
2022-07-28 00:00:00-04:00,57.78507800122752,58.88909634850871,57.63307321946351,58.83309555053711,2739000,0.0,0.0
2022-07-29 00:00:00-04:00,58.678972435428925,59.54591359818567,58.63081107892545,59.393394470214844,4414900,0.248,0.0
2022-08-01 00:00:00-04:00,59.09636890512029,59.529839322432764,58.919769165739645,59.13650131225586,2613300,0.0,0.0
2022-08-02 00:00:00-04:00,59.08033767954147,59.44958906278002,58.41407695304715,58.43816375732422,2684800,0.0,0.0
2022-08-03 00:00:00-04:00,58.59870433807373,59.01611707155098,57.755843812265084,57.795982360839844,3723800,0.0,0.0
2022-08-04 00:00:00-04:00,58.63883992824178,58.73516264110933,57.82006012317345,58.17325973510742,3074600,0.0,0.0
2022-08-05 00:00:00-04:00,57.876248421382314,58.430128498432836,57.442777855553494,58.40604782104492,2509400,0.0,0.0
2022-08-08 00:00:00-04:00,58.59871317757608,59.2649739890122,58.54252287566482,58.80742263793945,2033200,0.0,0.0
2022-08-09 00:00:00-04:00,58.967932072684775,59.16058355518857,58.83949979244231,59.04018020629883,2577200,0.0,0.0
2022-08-10 00:00:00-04:00,59.60209664785202,59.68236760703321,58.9438649837157,59.505767822265625,3214300,0.0,0.0
2022-08-11 00:00:00-04:00,59.529870120430445,59.85095404074915,59.096399478860334,59.2890510559082,2899800,0.0,0.0
2022-08-12 00:00:00-04:00,59.58603088104118,60.01949518345198,59.3692926055556,59.93922424316406,3283900,0.0,0.0
2022-08-15 00:00:00-04:00,59.883050424766715,60.29244029427486,59.70645063304627,60.00345993041992,3073400,0.0,0.0
2022-08-16 00:00:00-04:00,59.67432486511084,60.05963395401376,59.000041614880985,59.16058349609375,4727900,0.0,0.0
2022-08-17 00:00:00-04:00,58.95189707519514,59.36128082623593,58.630807096986764,59.06427764892578,3280200,0.0,0.0
2022-08-18 00:00:00-04:00,59.144536223802504,59.26494570594453,58.38997585170775,58.59065628051758,2830300,0.0,0.0
2022-08-19 00:00:00-04:00,58.494345315579594,58.79937742375315,58.301687655834506,58.52645492553711,4178100,0.0,0.0
2022-08-22 00:00:00-04:00,58.197338899316115,58.365909766731306,57.57121678483621,57.62740707397461,3956300,0.0,0.0
2022-08-23 00:00:00-04:00,57.55513168651787,57.62737980938941,56.2868363139793,56.68016815185547,4441200,0.0,0.0
2022-08-24 00:00:00-04:00,56.68019254731509,56.96917291462139,56.624002260576745,56.70427322387695,3051600,0.0,0.0
2022-08-25 00:00:00-04:00,56.92902927581744,57.09760012094577,56.61596825996749,57.009300231933594,2575400,0.0,0.0
2022-08-26 00:00:00-04:00,57.00129054602533,57.137751815266725,56.102239707415436,56.1182975769043,3309700,0.0,0.0
2022-08-29 00:00:00-04:00,55.8694341159959,56.744404032253236,55.78916316363825,56.1824951171875,3709700,0.0,0.0
2022-08-30 00:00:00-04:00,56.230672521159484,56.46345648683356,55.243321872330014,55.363731384277344,3989400,0.0,0.0
2022-08-31 00:00:00-04:00,55.58768339934004,55.84548110548169,54.83039994850674,55.00763702392578,5103900,0.248,0.0
2022-09-01 00:00:00-04:00,54.757891212200335,55.17681013378874,54.403417100284514,55.14458465576172,3476400,0.0,0.0
2022-09-02 00:00:00-04:00,55.38627175656631,55.50711576058418,54.42758377677425,54.532318115234375,2563100,0.0,0.0
2022-09-06 00:00:00-04:00,54.78207025844672,55.1445962060157,54.266474794783726,54.580665588378906,3910500,0.0,0.0
2022-09-07 00:00:00-04:00,54.53233382037655,55.15265753829359,54.44371526833367,54.99958801269531,2662100,0.0,0.0
2022-09-08 00:00:00-04:00,54.54037182325991,54.91096175452229,53.31583436653996,53.460845947265625,8201300,0.0,0.0
2022-09-09 00:00:00-04:00,53.493083062556444,53.976453054664915,53.17889226036679,53.807273864746094,4143300,0.0,0.0
2022-09-12 00:00:00-04:00,54.169785203336765,54.645103305542925,53.89587786873555,54.459808349609375,3794600,0.0,0.0
2022-09-13 00:00:00-04:00,53.66226208269454,53.952285306318615,52.9774874171755,53.098331451416016,4210200,0.0,0.0
2022-09-14 00:00:00-04:00,53.17081899638651,53.37222361379706,52.373258432427434,52.69550704956055,4994900,0.0,0.0
2022-09-15 00:00:00-04:00,52.824406926256685,53.12248799595699,51.06010344656107,51.10038375854492,7543300,0.0,0.0
2022-09-16 00:00:00-04:00,51.02788579470826,51.97046122030141,50.842593872608525,51.80933380126953,12575400,0.0,0.0
2022-09-19 00:00:00-04:00,51.50320160927114,51.65627112279041,51.02788647297863,51.53542709350586,4448700,0.0,0.0
2022-09-20 00:00:00-04:00,51.11650407183991,51.16483922410596,50.431726373888566,50.826480865478516,4382400,0.0,0.0
2022-09-21 00:00:00-04:00,50.99566117067174,51.4306959898185,50.36727959180953,50.383392333984375,4966400,0.0,0.0
2022-09-22 00:00:00-04:00,50.351165771484375,50.64118897803873,50.045029823100194,50.351165771484375,4300400,0.0,0.0
2022-09-23 00:00:00-04:00,49.940295857811904,50.27865417768519,49.16689970503269,49.795284271240234,4557500,0.0,0.0
2022-09-26 00:00:00-04:00,49.545537994446455,49.70666230987954,48.619075485599225,49.06216812133789,5015900,0.0,0.0
2022-09-27 00:00:00-04:00,49.25551142378369,49.497196343569016,47.86984670966842,47.92624282836914,6882500,0.0,0.0
2022-09-28 00:00:00-04:00,48.29684590670344,48.876889331700156,47.6201260165475,48.63520431518555,8458700,0.0,0.0
2022-09-29 00:00:00-04:00,48.224323862178174,48.27265900529651,46.4116822386641,46.68559265136719,4837900,0.0,0.0
2022-09-30 00:00:00-04:00,47.21797290097847,47.40406118128987,46.667797512927635,47.08852005004883,5621400,0.248,0.0
2022-10-03 00:00:00-04:00,47.61442179603354,48.23741461726905,46.69206983013144,47.91378402709961,4283300,0.0,0.0
2022-10-04 00:00:00-04:00,48.38303665769855,49.41866229678362,48.16458444679151,48.7633056640625,3868000,0.0,0.0
2022-10-05 00:00:00-04:00,48.23741627814228,48.41541511502385,47.2584288480928,48.15650939941406,3357800,0.0,0.0
2022-10-06 00:00:00-04:00,48.18886082365713,48.45585592297998,47.10469226476092,47.347415924072266,3871700,0.0,0.0
2022-10-07 00:00:00-04:00,47.0885227234609,47.50115274472605,46.66780016245353,46.95097732543945,3287300,0.0,0.0
2022-10-10 00:00:00-04:00,47.177511224541455,47.590141150316946,46.37651972740224,46.40079116821289,3157200,0.0,0.0
2022-10-11 00:00:00-04:00,46.441256836287536,47.20179196674512,46.19853003475473,46.975250244140625,3625200,0.0,0.0
2022-10-12 00:00:00-04:00,46.821527854053826,47.04807268722956,46.538350670583924,46.54644012451172,2931400,0.0,0.0
2022-10-13 00:00:00-04:00,45.72926942862559,46.74871037445618,45.20336541827184,46.5626220703125,4441300,0.0,0.0
2022-10-14 00:00:00-04:00,47.128972171941875,47.27460701097313,44.90399923678582,44.936363220214844,4153100,0.0,0.0
2022-10-17 00:00:00-04:00,45.60791435238866,46.69208347336496,45.42182601422711,46.51408767700195,5014200,0.0,0.0
2022-10-18 00:00:00-04:00,47.169433605804535,47.6629736343812,46.942891856188965,47.436431884765625,4069500,0.0,0.0
2022-10-19 00:00:00-04:00,47.03189689928173,47.533526441794564,46.44935737481507,46.7891731262207,3660400,0.0,0.0
2022-10-20 00:00:00-04:00,46.853892722914786,47.19370843586337,46.481716107247195,46.49789810180664,3185100,0.0,0.0
2022-10-21 00:00:00-04:00,46.43316900985963,46.75680272048635,45.85872210557702,46.627349853515625,3781500,0.0,0.0
2022-10-24 00:00:00-04:00,47.15324854042795,47.840969371314834,47.05615966640144,47.74387741088867,4207300,0.0,0.0
2022-10-25 00:00:00-04:00,47.8005217029931,48.98986904103248,47.735793721559645,48.94132614135742,6585800,0.0,0.0
2022-10-26 00:00:00-04:00,48.941315259389796,49.31349181067961,48.71477046114436,49.030311584472656,3814300,0.0,0.0
2022-10-27 00:00:00-04:00,49.35395324681029,49.95267469339409,49.26495382090191,49.46722412109375,3401700,0.0,0.0
2022-10-28 00:00:00-04:00,49.3458545103569,50.49474811785598,49.28112654499958,50.413841247558594,2980500,0.0,0.0
2022-10-31 00:00:00-04:00,49.98980909911404,50.73713656341225,49.965437569638375,50.58279800415039,6662200,0.248,0.0
2022-11-01 00:00:00-04:00,50.76964477141188,51.12706195505867,50.37973427141542,50.53407287597656,3586600,0.0,0.0
2022-11-02 00:00:00-04:00,50.192895632950965,50.73714466466913,49.234364620052816,49.608028411865234,4138300,0.0,0.0
2022-11-03 00:00:00-04:00,49.047534450814496,50.35536086693144,48.6982390813398,50.06292724609375,2826600,0.0,0.0
2022-11-04 00:00:00-04:00,50.290369842364996,51.549456178647986,50.11978461137296,51.18391418457031,3706200,0.0,0.0
2022-11-07 00:00:00-05:00,51.273270081420456,51.42761175853082,50.84274455839189,51.281394958496094,3316300,0.0,0.0
2022-11-08 00:00:00-05:00,51.32201425025864,51.92312505630638,51.0539490619998,51.45198440551758,2999300,0.0,0.0
2022-11-09 00:00:00-05:00,51.403244168052204,52.21555840888101,51.257027356804386,51.378875732421875,2979900,0.0,0.0
2022-11-10 00:00:00-05:00,52.59733428417737,53.51524692167895,52.08557866817523,53.10097122192383,4617900,0.0,0.0
2022-11-11 00:00:00-05:00,53.287806676361505,53.47464165660966,52.52423559428254,52.784175872802734,3558000,0.0,0.0
2022-11-14 00:00:00-05:00,52.65419984201587,52.979126722298176,52.03683938922597,52.0530891418457,3993600,0.0,0.0
2022-11-15 00:00:00-05:00,52.71918755876488,53.11721974175581,51.955610303771564,52.58921432495117,4436700,0.0,0.0
2022-11-16 00:00:00-05:00,52.42675960206645,52.5729764070538,51.736290667685545,51.85813903808594,3569100,0.0,0.0
2022-11-17 00:00:00-05:00,51.35449976018341,52.33739910364346,51.281391365288634,52.3211555480957,3087800,0.0,0.0
2022-11-18 00:00:00-05:00,52.800409782228535,52.96287010257288,52.23991114135179,52.55671310424805,2991800,0.0,0.0
2022-11-21 00:00:00-05:00,52.516126638809816,53.100993992160255,52.48363331946068,53.044132232666016,2831100,0.0,0.0
2022-11-22 00:00:00-05:00,53.100993992160255,53.35280947028232,52.873540756716324,53.044132232666016,3128700,0.0,0.0
2022-11-23 00:00:00-05:00,52.90601933862622,53.11722275682953,52.14244823775549,52.41050720214844,3283300,0.0,0.0
2022-11-25 00:00:00-05:00,52.64609173436586,52.76794012796557,52.418644704962,52.678585052490234,1691200,0.0,0.0
2022-11-28 00:00:00-05:00,52.442993566146,52.54859835999247,49.97356118651741,50.15227127075195,7739200,0.0,0.0
2022-11-29 00:00:00-05:00,50.29036429659543,50.8102448091838,49.90857568946797,50.6071662902832,5291900,0.0,0.0
2022-11-30 00:00:00-05:00,50.16514019103468,51.51081666835235,49.830760409129674,51.437416076660156,7034600,0.248,0.0
2022-12-01 00:00:00-05:00,51.714711375795346,52.130646024331796,51.03779751423257,51.22537612915039,3923000,0.0,0.0
2022-12-02 00:00:00-05:00,50.83390909991545,51.56791199573352,50.67079630824997,51.29877853393555,3357300,0.0,0.0
2022-12-05 00:00:00-05:00,50.81759468350989,51.298775681048305,50.36087951446946,50.76050567626953,5078700,0.0,0.0
2022-12-06 00:00:00-05:00,50.850204132384626,51.33138502944086,50.78496089964182,51.14380645751953,5584400,0.0,0.0
2022-12-07 00:00:00-05:00,51.14381680218746,52.04908978408729,51.14381680218746,51.84519958496094,5196200,0.0,0.0
2022-12-08 00:00:00-05:00,51.86967001748288,52.538429681090044,51.86151577768574,52.24482727050781,3862500,0.0,0.0
2022-12-09 00:00:00-05:00,52.3019061060446,52.92989133736096,52.19588545372112,52.56288528442383,4418000,0.0,0.0
2022-12-12 00:00:00-05:00,52.652589778104996,52.93804096281911,52.27743265281141,52.74230194091797,4943900,0.0,0.0
2022-12-13 00:00:00-05:00,53.827020154121755,54.18586894626474,52.52212394028721,52.97883605957031,4250200,0.0,0.0
2022-12-14 00:00:00-05:00,53.060369186105774,53.53339581443699,52.52210244046571,52.73414993286133,4750200,0.0,0.0
2022-12-15 00:00:00-05:00,52.39162416627289,53.027760596129795,52.252980323301024,52.71784973144531,4543800,0.0,0.0
2022-12-16 00:00:00-05:00,52.000149368138835,52.301905958956716,50.88283206940015,51.771793365478516,10962300,0.0,0.0
2022-12-19 00:00:00-05:00,51.77180878374021,52.26929835039177,51.38033990068819,51.820743560791016,3610900,0.0,0.0
2022-12-20 00:00:00-05:00,51.63314448612815,51.87781205234006,51.04593983832606,51.47003173828125,4438400,0.0,0.0
2022-12-21 00:00:00-05:00,52.179564812920496,52.84832734149246,52.13878740670818,52.39160919189453,3845700,0.0,0.0
2022-12-22 00:00:00-05:00,52.163268166880165,52.35900101720048,50.9888617316056,51.74733352661133,3204100,0.0,0.0
2022-12-23 00:00:00-05:00,51.641301441114415,52.53026580810547,51.5760582052124,52.53026580810547,1848300,0.0,0.0
2022-12-27 00:00:00-05:00,52.53026946210655,52.538420589375335,51.89412997888901,52.28559875488281,4073900,0.0,0.0
2022-12-28 00:00:00-05:00,52.22035726140987,52.56289130560157,51.50266599421272,51.567909240722656,3155200,0.0,0.0
2022-12-29 00:00:00-05:00,51.788105984600605,52.358996002623655,51.7310169827983,52.22035217285156,2462900,0.0,0.0
2022-12-30 00:00:00-05:00,52.080346237106106,52.2195313245671,51.36803928593941,51.9329719543457,2374100,0.249,0.0
2023-01-03 00:00:00-05:00,52.28504194868052,52.424227061576744,51.45810797504528,52.23591613769531,4483600,0.0,0.0
2023-01-04 00:00:00-05:00,52.39965510083058,53.398524525634265,52.276842159882875,52.89908981323242,3887200,0.0,0.0
2023-01-05 00:00:00-05:00,52.61254060550175,52.628912752410095,51.67916894529099,51.900230407714844,3783000,0.0,0.0
2023-01-06 00:00:00-05:00,52.19498071756311,52.76809957585102,52.137668831734324,52.46516799926758,4261600,0.0,0.0
2023-01-09 00:00:00-05:00,52.41601658939213,53.103765170977574,52.137646476588664,52.97276306152344,3885800,0.0,0.0
2023-01-10 00:00:00-05:00,52.702600076049265,52.817223837564086,52.244101906726726,52.514286041259766,3121500,0.0,0.0
2023-01-11 00:00:00-05:00,52.94003267667722,54.10264859389281,52.48153141976218,54.037147521972656,5024500,0.0,0.0
2023-01-12 00:00:00-05:00,54.13539304683992,54.71670094012809,53.693270230847794,54.48745346069336,3525800,0.0,0.0
2023-01-13 00:00:00-05:00,54.168138097279986,54.47925875266653,53.88157253046181,54.19269943237305,2148700,0.0,0.0
2023-01-17 00:00:00-05:00,54.241834899627094,55.060579577357316,54.225462754544004,54.765830993652344,3192800,0.0,0.0
2023-01-18 00:00:00-05:00,54.84771321499443,54.93777564404997,53.79972085492321,54.069908142089844,2505400,0.0,0.0
2023-01-19 00:00:00-05:00,53.92253351721032,54.50384158090396,53.44766002973309,53.47222137451172,2709300,0.0,0.0
2023-01-20 00:00:00-05:00,53.57864713191923,54.397391709135476,53.08739538836917,54.348262786865234,3038300,0.0,0.0
2023-01-23 00:00:00-05:00,54.356464872937806,55.10152561323668,54.13540653313402,54.798587799072266,2676500,0.0,0.0
2023-01-24 00:00:00-05:00,54.74947445609313,55.224341757187986,54.52840983203206,54.937782287597656,1904100,0.0,0.0
2023-01-25 00:00:00-05:00,55.13426058881386,55.13426058881386,54.61026452340712,55.10969924926758,4140100,0.0,0.0
2023-01-26 00:00:00-05:00,55.41264110911247,55.67463916118642,54.96232902905118,55.65007781982422,2294800,0.0,0.0
2023-01-27 00:00:00-05:00,55.55182254732265,56.23138209735402,55.543633351899445,55.92026138305664,3979800,0.0,0.0
2023-01-30 00:00:00-05:00,55.731946381750426,56.04306709054504,55.43719781698679,55.48632049560547,2652000,0.0,0.0
2023-01-31 00:00:00-05:00,55.49370655013949,56.00320234609754,55.14034787720537,55.740238189697266,5001200,0.249,0.0
2023-02-01 00:00:00-05:00,55.56767855925548,55.98677364461138,54.86917421120664,55.79777145385742,3303200,0.0,0.0
2023-02-02 00:00:00-05:00,56.052508657351694,56.57843699352631,55.469057105331736,55.764892578125,3235300,0.0,0.0
2023-02-03 00:00:00-05:00,55.32937944374476,55.58412431348509,54.54869977168343,55.543033599853516,3637600,0.0,0.0
2023-02-06 00:00:00-05:00,55.05819054831497,55.7238174128631,54.828097620795226,55.6580810546875,2489100,0.0,0.0
2023-02-07 00:00:00-05:00,55.296504836966825,55.78956202339872,54.90205532608393,55.362247467041016,3609200,0.0,0.0
2023-02-08 00:00:00-05:00,55.27183156845331,55.63340335507395,55.00886741929291,55.23896026611328,2520800,0.0,0.0
2023-02-09 00:00:00-05:00,55.411552318143265,55.66629717738651,54.38434721530771,54.425437927246094,2395300,0.0,0.0
2023-02-10 00:00:00-05:00,54.30216198264974,55.05818329332609,54.26107127833769,54.93491744995117,2123500,0.0,0.0
2023-02-13 00:00:00-05:00,55.058187851254644,55.345803996565266,55.03353593445112,55.181453704833984,2237800,0.0,0.0
2023-02-14 00:00:00-05:00,55.08285162880206,55.16502679236211,53.973471246833604,53.99812316894531,3228300,0.0,0.0
2023-02-15 00:00:00-05:00,54.00632858151756,54.597999637240804,53.84197202739361,54.565128326416016,2425900,0.0,0.0
2023-02-16 00:00:00-05:00,54.096725765756126,54.76235260123203,53.84197466178984,54.49116897583008,2447500,0.0,0.0
2023-02-17 00:00:00-05:00,54.48295500030692,54.56513014532744,53.94058775796047,54.33503723144531,2891900,0.0,0.0
2023-02-21 00:00:00-05:00,54.030989136009104,54.27752087183109,53.4146660660166,53.595455169677734,2603800,0.0,0.0
2023-02-22 00:00:00-05:00,54.0967272768538,55.09928039060248,53.75980101717414,53.841976165771484,3501900,0.0,0.0
2023-02-23 00:00:00-05:00,54.27753313335507,54.66375707803417,53.97347809309563,54.30218505859375,3560100,0.0,0.0
2023-02-24 00:00:00-05:00,54.006327440459884,54.113154496212275,53.135259665472255,53.398223876953125,3220400,0.0,0.0
2023-02-27 00:00:00-05:00,53.948803326501526,54.0145459456792,52.970902242307716,53.21743392944336,3981100,0.0,0.0
2023-02-28 00:00:00-05:00,53.20505253006009,53.460810676406275,52.726546933071006,52.75954818725586,5975000,0.255,0.0
2023-03-01 00:00:00-05:00,52.66880802759507,52.66880802759507,51.78604473840987,52.40480422973633,3625700,0.0,0.0
2023-03-02 00:00:00-05:00,52.28930214695722,53.00706226450537,52.1077983585669,52.875057220458984,3244700,0.0,0.0
2023-03-03 00:00:00-05:00,53.12255905311216,53.45256534106459,52.92455779807927,53.20505905151367,3574000,0.0,0.0
2023-03-06 00:00:00-05:00,53.41129520374252,53.53504830915023,52.974039686400424,53.04829406738281,3483800,0.0,0.0
2023-03-07 00:00:00-05:00,53.13905800199701,53.221557992903826,52.52029548150421,52.718299865722656,3548000,0.0,0.0
2023-03-08 00:00:00-05:00,52.652301139568095,53.28755803898919,52.602799253162374,53.24631118774414,2807300,0.0,0.0
2023-03-09 00:00:00-05:00,53.24631427666186,53.37831302038831,52.30580041060427,52.33879852294922,3414300,0.0,0.0
2023-03-10 00:00:00-05:00,52.330549808686655,52.380051697989636,50.507272706200006,50.63927459716797,5725400,0.0,0.0
2023-03-13 00:00:00-04:00,50.639268503086456,52.52854475010925,50.61451598782709,51.80253601074219,6428000,0.0,0.0
2023-03-14 00:00:00-04:00,52.297542027128,52.82554952515207,51.761285788835465,52.157291412353516,5061000,0.0,0.0
2023-03-15 00:00:00-04:00,51.8437952813667,52.59455667030291,51.2415364218617,52.025299072265625,5503300,0.0,0.0
2023-03-16 00:00:00-04:00,51.678787010544305,51.89329204169795,50.93627758399058,51.50553512573242,4573500,0.0,0.0
2023-03-17 00:00:00-04:00,51.47253594380823,51.47253594380823,50.61452207892981,50.63927459716797,7068400,0.0,0.0
2023-03-20 00:00:00-04:00,50.87028252981697,51.39004140766999,50.65578061437093,51.12603759765625,3943500,0.0,0.0
2023-03-21 00:00:00-04:00,51.3817804222711,51.48903293459417,50.342265997762624,50.548519134521484,4396700,0.0,0.0
2023-03-22 00:00:00-04:00,50.325767624318345,50.58152265834234,48.97274749009751,49.0057487487793,4155200,0.0,0.0
2023-03-23 00:00:00-04:00,49.41824580303785,49.822500131216195,48.7499846019292,48.89848709106445,3559300,0.0,0.0
2023-03-24 00:00:00-04:00,48.807743936928084,50.40001846255645,48.733492679099754,50.358768463134766,3675100,0.0,0.0
2023-03-27 00:00:00-04:00,50.639269733611016,50.713520986847506,50.01225845135336,50.086509704589844,3778500,0.0,0.0
2023-03-28 00:00:00-04:00,49.797757619041874,50.383515769485754,49.707005735727705,50.375267028808594,2410300,0.0,0.0
2023-03-29 00:00:00-04:00,50.82901364802022,51.266269205875034,50.77951177183623,51.18376922607422,3023300,0.0,0.0
2023-03-30 00:00:00-04:00,51.50553496131461,51.86029061794354,51.439532445117045,51.65403747558594,3008000,0.0,0.0
2023-03-31 00:00:00-04:00,51.79073294205654,52.48657784377493,51.74931424220131,52.45344161987305,4142600,0.255,0.0
2023-04-03 00:00:00-04:00,52.14691129752484,52.5196857150692,51.683013893464896,52.08063888549805,5758400,0.0,0.0
2023-04-04 00:00:00-04:00,52.04752273212858,52.18006443915751,51.683030667766346,52.05580520629883,2832400,0.0,0.0
2023-04-05 00:00:00-04:00,52.15520909617363,52.279468325219405,51.74930151337188,51.94811248779297,4001900,0.0,0.0
2023-04-06 00:00:00-04:00,52.16350924997266,52.17179172619421,51.45109621323436,51.8321533203125,3177600,0.0,0.0
2023-04-10 00:00:00-04:00,51.56707012442428,51.906708532175344,51.11974056493429,51.8984260559082,3083000,0.0,0.0
2023-04-11 00:00:00-04:00,51.77415446710889,51.77415446710889,51.11972839623417,51.44279861450195,7405700,0.0,0.0
2023-04-12 00:00:00-04:00,52.180070056204265,52.37059858306552,51.252274847083484,51.29369354248047,4749400,0.0,0.0
2023-04-13 00:00:00-04:00,51.161151542179645,51.161151542179645,50.50672857437075,50.97062301635742,5126000,0.0,0.0
2023-04-14 00:00:00-04:00,51.08659129503907,51.268837326823935,50.109098182853245,50.34104537963867,3728700,0.0,0.0
2023-04-17 00:00:00-04:00,50.54815384826527,51.003765874532114,50.35762529764621,50.9954833984375,2960500,0.0,0.0
2023-04-18 00:00:00-04:00,50.871211223180836,51.152862739565606,50.42388178656205,50.62269592285156,2197000,0.0,0.0
2023-04-19 00:00:00-04:00,50.258197488709264,51.07001887883381,50.22506443690175,51.06173324584961,2290700,0.0,0.0
2023-04-20 00:00:00-04:00,50.896064482322174,51.343393942470385,50.77180840564344,51.30197525024414,3031000,0.0,0.0
2023-04-21 00:00:00-04:00,51.335119242957255,51.87356864353611,51.18600940032455,51.633338928222656,4020800,0.0,0.0
2023-04-24 00:00:00-04:00,51.67473824791315,51.76586124646553,51.05344852328465,51.434505462646484,2647300,0.0,0.0
2023-04-25 00:00:00-04:00,51.26883388488451,51.59190407587302,51.17771087510963,51.39309310913086,3493600,0.0,0.0
2023-04-26 00:00:00-04:00,51.35167119555708,51.54219967673554,50.65582653558033,50.788368225097656,2788900,0.0,0.0
2023-04-27 00:00:00-04:00,50.78837467724927,51.89012701882051,50.75523846064953,51.60019302368164,3183400,0.0,0.0
2023-04-28 00:00:00-04:00,51.72912099898427,52.352964729583356,51.72912099898427,52.2697868347168,3464600,0.255,0.0
2023-05-01 00:00:00-04:00,52.07015229870231,52.31137262148737,51.72080135373065,51.77070999145508,2194100,0.0,0.0
2023-05-02 00:00:00-04:00,51.67921741834865,51.737442581488,50.87237848194139,51.063690185546875,2620200,0.0,0.0
2023-05-03 00:00:00-04:00,51.18013382482135,51.42135413947223,50.622835001006905,50.714332580566406,3099100,0.0,0.0
2023-05-04 00:00:00-04:00,50.872379206783116,51.720807104230886,50.34834955802908,51.504539489746094,3254900,0.0,0.0
2023-05-05 00:00:00-04:00,51.82063163555009,52.86037144835421,51.79567889541371,52.361297607421875,3226900,0.0,0.0
2023-05-08 00:00:00-04:00,52.120057741478554,52.361278049476866,51.96201849125531,52.2032356262207,2160400,0.0,0.0
2023-05-09 00:00:00-04:00,52.05351574202995,52.09510468414036,51.546122398397515,51.75407028198242,2526900,0.0,0.0
2023-05-10 00:00:00-04:00,52.17829455839806,52.26147563476591,51.496225597349735,51.878849029541016,2665300,0.0,0.0
2023-05-11 00:00:00-04:00,51.62098789955169,51.72080200322086,51.0636858769131,51.404720306396484,2319500,0.0,0.0
2023-05-12 00:00:00-04:00,51.529489511901154,51.65425634628298,51.23004403253182,51.596031188964844,2349900,0.0,0.0
2023-05-15 00:00:00-04:00,51.58772024180655,51.762395732629685,51.24668578080419,51.521175384521484,2449700,0.0,0.0
2023-05-16 00:00:00-04:00,51.40471206345687,51.43798448368895,50.140388651931524,50.14870834350586,3311800,0.0,0.0
2023-05-17 00:00:00-04:00,50.231894484802915,50.523023450178876,49.857587628195624,50.44816207885742,3722300,0.0,0.0
2023-05-18 00:00:00-04:00,50.25684692099594,50.52302315203841,49.80768186875091,49.965721130371094,4197100,0.0,0.0
2023-05-19 00:00:00-04:00,50.1653547546073,50.52302541225191,49.76609514973191,49.882545471191406,3425200,0.0,0.0
2023-05-22 00:00:00-04:00,50.015632134549826,50.39825552690852,49.832636958624676,50.1903076171875,2844500,0.0,0.0
2023-05-23 00:00:00-04:00,50.215261006075366,50.57293166930424,49.8908627703639,49.99067687988281,2700000,0.0,0.0
2023-05-24 00:00:00-04:00,49.82432617786957,49.89918756091411,49.12562099379846,49.15057373046875,3159100,0.0,0.0
2023-05-25 00:00:00-04:00,49.400088599832976,49.400088599832976,48.35203287733653,48.609886169433594,3615000,0.0,0.0
2023-05-26 00:00:00-04:00,48.701398684925756,48.95093553615788,48.42690910048039,48.79289627075195,3448200,0.0,0.0
2023-05-30 00:00:00-04:00,49.28365567267255,49.5082398008057,48.95093774069011,49.00916290283203,4422700,0.0,0.0
2023-05-31 00:00:00-04:00,49.18041156478089,49.93227917569879,49.105224803689104,49.656593322753906,9241100,0.255,0.0
2023-06-01 00:00:00-04:00,49.67331226165075,49.86545553876905,49.188777733879725,49.489524841308594,4558800,0.0,0.0
2023-06-02 00:00:00-04:00,49.78191832145096,50.20797461817242,49.56471383792793,49.87381362915039,4781900,0.0,0.0
2023-06-05 00:00:00-04:00,49.94898394615038,50.61730889073978,49.8570886687397,50.116065979003906,3849900,0.0,0.0
2023-06-06 00:00:00-04:00,50.22466963600841,50.33327344197011,49.723426693888875,50.132774353027344,3669300,0.0,0.0
2023-06-07 00:00:00-04:00,50.28315036426362,51.11020476524394,50.099362976020814,50.95983123779297,3542800,0.0,0.0
2023-06-08 00:00:00-04:00,50.892998820579066,50.95983291801648,50.425172885817844,50.84287643432617,2554200,0.0,0.0
2023-06-09 00:00:00-04:00,50.642374744079895,50.95983031705451,50.56718798171288,50.8846435546875,2605600,0.0,0.0
2023-06-12 00:00:00-04:00,50.867942202703624,51.06844132622433,50.64238188380237,50.934776306152344,4422200,0.0,0.0
2023-06-13 00:00:00-04:00,51.035032778701414,51.40261084844423,50.943137464559214,51.11857223510742,4279900,0.0,0.0
2023-06-14 00:00:00-04:00,51.27729248844205,51.89549200361025,50.901358628231435,51.11021041870117,5399900,0.0,0.0
2023-06-15 00:00:00-04:00,51.0016078061057,51.24387665364008,50.80946453673118,51.151981353759766,4542500,0.0,0.0
2023-06-16 00:00:00-04:00,51.15198331921058,51.5028560061604,51.051735345864465,51.285648345947266,18479700,0.0,0.0
2023-06-20 00:00:00-04:00,51.10187426750197,51.16035572326351,50.266466783487274,50.4001350402832,5309100,0.0,0.0
2023-06-21 00:00:00-04:00,50.34163488212683,50.34163488212683,49.664957111036195,49.798622131347656,5495800,0.0,0.0
2023-06-22 00:00:00-04:00,50.01581677555496,50.15783762434472,49.3307832825863,49.68165588378906,3217500,0.0,0.0
2023-06-23 00:00:00-04:00,49.39763832804786,49.639904041631816,49.080182637401,49.08853530883789,6096400,0.0,0.0
2023-06-26 00:00:00-04:00,49.26395827532227,50.10771805385673,49.188771507981556,50.08265686035156,3160800,0.0,0.0
2023-06-27 00:00:00-04:00,50.18290937868267,50.40011703153774,49.89887080813601,50.28315734863281,4823300,0.0,0.0
2023-06-28 00:00:00-04:00,50.31657533421444,50.34163653046046,49.940641456396314,50.2497444152832,3648700,0.0,0.0
2023-06-29 00:00:00-04:00,50.02417755624623,50.32492461922804,49.798617259009866,50.3082160949707,3702900,0.0,0.0
2023-06-30 00:00:00-04:00,50.590110412965565,50.749517454608906,49.65884915016887,50.162235260009766,7161500,0.256,0.0
2023-07-03 00:00:00-04:00,50.128682933329806,50.81664117110839,49.96927906862582,50.506221771240234,2347700,0.0,0.0
2023-07-05 00:00:00-04:00,50.33003124688556,51.07671729185018,50.17062420328827,50.866973876953125,4649000,0.0,0.0
2023-07-06 00:00:00-04:00,50.1538412789561,50.28807692826399,49.658846722052544,50.254520416259766,4102900,0.0,0.0
2023-07-07 00:00:00-04:00,49.9776725769043,50.30487187018775,49.78470897318409,49.9776725769043,4710100,0.0,0.0
2023-07-10 00:00:00-04:00,49.902160941631465,50.05317648076317,49.6504694432223,49.76792526245117,4837300,0.0,0.0
2023-07-11 00:00:00-04:00,49.95248639079298,50.78306842062907,49.70918329097022,50.75790023803711,5433900,0.0,0.0
2023-07-12 00:00:00-04:00,51.00959841822575,51.31162945103464,50.58172325536685,50.59850311279297,4271000,0.0,0.0
2023-07-13 00:00:00-04:00,50.674017333945415,51.16901198964024,50.43910250044944,51.13545227050781,4705200,0.0,0.0
2023-07-14 00:00:00-04:00,51.0263786315918,51.07671820422128,50.74112745421921,51.0263786315918,4981700,0.0,0.0
2023-07-17 00:00:00-04:00,50.91731392092168,51.47103644817271,50.757910066257104,51.42070007324219,3229500,0.0,0.0
2023-07-18 00:00:00-04:00,51.52137375840112,51.55493347383319,50.97603958413716,51.16900634765625,4082600,0.0,0.0
2023-07-19 00:00:00-04:00,51.378745420495754,52.125431423302025,51.378745420495754,51.78984069824219,4362500,0.0,0.0
2023-07-20 00:00:00-04:00,52.01637432329785,52.55331703005003,51.57171924434951,52.536537170410156,3250600,0.0,0.0
2023-07-21 00:00:00-04:00,52.59525598032587,52.98957461257121,52.46102032685964,52.64559555053711,3116800,0.0,0.0
2023-07-24 00:00:00-04:00,52.75467230873555,53.23288710844519,52.65399315058436,53.165767669677734,4913400,0.0,0.0
2023-07-25 00:00:00-04:00,53.0566944943605,53.32516580359448,52.89728745420689,52.93084716796875,3284600,0.0,0.0
2023-07-26 00:00:00-04:00,52.930854625590186,53.5600849453426,52.930854625590186,53.48457717895508,3440300,0.0,0.0
2023-07-27 00:00:00-04:00,53.69432110624383,53.84533664038961,52.13382938702467,52.175777435302734,4957900,0.0,0.0
2023-07-28 00:00:00-04:00,52.38552640178668,52.612049726894874,51.286472699011064,51.57172393798828,5075900,0.0,0.0
2023-07-31 00:00:00-04:00,51.703133234570416,51.837930261981825,51.04599812766664,51.36614227294922,9894200,0.256,0.0
2023-08-01 00:00:00-04:00,51.399836648316466,51.64415725307064,51.06284570289662,51.2060661315918,3206500,0.0,0.0
2023-08-02 00:00:00-04:00,50.97019563135326,51.13026616313914,50.68375142817814,50.86067199707031,3554800,0.0,0.0
2023-08-03 00:00:00-04:00,50.62475418074456,50.67530426837398,49.39473097275898,49.571651458740234,6619800,0.0,0.0
2023-08-04 00:00:00-04:00,49.90022715052965,50.75955949781012,49.71488001273926,49.89180374145508,4508100,0.0,0.0
2023-08-07 00:00:00-04:00,49.97605496392129,50.70901374109775,49.90023142050199,50.64161682128906,4059400,0.0,0.0
2023-08-08 00:00:00-04:00,50.30460916554419,50.39728271765526,49.60535064165829,49.70644760131836,4465600,0.0,0.0
2023-08-09 00:00:00-04:00,49.60535831188414,50.38886710148211,49.420011179002714,50.1361198425293,3896100,0.0,0.0
2023-08-10 00:00:00-04:00,50.16982236086689,50.22037245789434,49.32734002663297,49.529537200927734,6938500,0.0,0.0
2023-08-11 00:00:00-04:00,49.41158723130115,49.521107614250454,49.1419931575854,49.38631057739258,5070300,0.0,0.0
2023-08-14 00:00:00-04:00,49.259944809367944,49.386315235570756,48.71232998771026,48.81342697143555,6150100,0.0,0.0
2023-08-15 00:00:00-04:00,48.62808685014179,48.62808685014179,47.88670141245098,48.383766174316406,6157700,0.0,0.0
2023-08-16 00:00:00-04:00,48.43431343539272,48.52698379757857,47.869848569665734,47.91197204589844,5102000,0.0,0.0
2023-08-17 00:00:00-04:00,48.029922931113454,48.54383773844035,47.89512586802898,47.92040252685547,5229500,0.0,0.0
2023-08-18 00:00:00-04:00,47.65079651127552,48.20683465948813,47.625519858755844,47.93724060058594,4842100,0.0,0.0
2023-08-21 00:00:00-04:00,47.86984839174366,47.94567193420679,47.14531303349926,47.37278366088867,4748900,0.0,0.0
2023-08-22 00:00:00-04:00,47.59183207728201,47.70135247507542,47.3053879334083,47.4486083984375,3448300,0.0,0.0
2023-08-23 00:00:00-04:00,47.633947813352165,48.20683600799864,47.60024775159301,48.11416244506836,5834900,0.0,0.0
2023-08-24 00:00:00-04:00,48.13944652931795,48.48486420419282,47.4823112487793,47.4823112487793,5722400,0.0,0.0
2023-08-25 00:00:00-04:00,47.515995003264315,47.56654187591007,47.01893040142334,47.17900085449219,8429000,0.0,0.0
2023-08-28 00:00:00-04:00,47.347503465111956,47.726621123356345,47.111606247862795,47.574974060058594,8568900,0.0,0.0
2023-08-29 00:00:00-04:00,47.60024749933663,47.60867090782439,47.221129841092235,47.574974060058594,4698800,0.0,0.0
2023-08-30 00:00:00-04:00,47.473886478340226,47.68450709841062,47.23799241228238,47.65081024169922,9020900,0.0,0.0
2023-08-31 00:00:00-04:00,47.664346206630086,47.69819950024885,47.38506460534473,47.4273796081543,6971200,0.256,0.0
2023-09-01 00:00:00-04:00,47.647412280287085,47.892843778884625,47.401980781689545,47.562782287597656,3864100,0.0,0.0
2023-09-05 00:00:00-04:00,47.537399281344136,47.54586421919627,46.74186622992087,46.758792877197266,5264600,0.0,0.0
2023-09-06 00:00:00-04:00,46.911114688158676,46.953429678798294,46.34408348262184,46.53873825073242,4915100,0.0,0.0
2023-09-07 00:00:00-04:00,46.530273101718,46.91957617929643,46.5218113949997,46.614906311035156,5821300,0.0,0.0
2023-09-08 00:00:00-04:00,46.843412032459305,47.1734767352377,46.72492875740265,46.818023681640625,4243300,0.0,0.0
2023-09-11 00:00:00-04:00,46.95343633065182,46.99575132728617,46.58952154842726,46.691078186035156,3698600,0.0,0.0
2023-09-12 00:00:00-04:00,46.674156188964844,46.84341618064756,46.4795013873604,46.674156188964844,3704500,0.0,0.0
2023-09-13 00:00:00-04:00,46.90266189187252,47.00422176980458,46.547212004393344,46.597991943359375,4928400,0.0,0.0
2023-09-14 00:00:00-04:00,46.77570996367881,46.911119885784764,46.589520110122926,46.64876174926758,5902100,0.0,0.0
2023-09-15 00:00:00-04:00,46.504890297983884,46.53874358574713,45.683965826074996,45.7855224609375,18363000,0.0,0.0
2023-09-18 00:00:00-04:00,46.00556336331358,46.030951713686434,45.40468206269083,45.47238540649414,5925300,0.0,0.0
2023-09-19 00:00:00-04:00,45.44700398905574,45.912475444652415,45.43007734341599,45.700897216796875,4394700,0.0,0.0
2023-09-20 00:00:00-04:00,45.912469057876834,46.21714218015486,45.47238601774492,45.5316276550293,3731900,0.0,0.0
2023-09-21 00:00:00-04:00,45.21850713333896,45.32006379675711,44.04213249442536,44.059059143066406,8675400,0.0,0.0
2023-09-22 00:00:00-04:00,44.067512938720945,44.34679774849692,43.602041484188526,43.635894775390625,6976500,0.0,0.0
2023-09-25 00:00:00-04:00,43.58511205366121,43.60203869818071,43.0350074062732,43.32275390625,5307200,0.0,0.0
2023-09-26 00:00:00-04:00,43.16196335325107,43.331226600321955,42.27333534166384,42.53569030761719,5231400,0.0,0.0
2023-09-27 00:00:00-04:00,42.806502512806134,43.11117240564739,41.79092651805403,42.02789306640625,5416500,0.0,0.0
2023-09-28 00:00:00-04:00,42.137916301801596,42.38334779570073,41.9601913834997,41.994041442871094,5850100,0.0,0.0
2023-09-29 00:00:00-04:00,42.5180719692932,42.98595727058527,42.22032766260813,42.48404312133789,5298500,0.256,0.0
2023-10-02 00:00:00-04:00,42.381972839724604,42.51808502818142,41.48022756296665,41.6758918762207,6159100,0.0,0.0
2023-10-03 00:00:00-04:00,41.52275822299341,41.76095370114062,41.19098177749835,41.59081268310547,6352400,0.0,0.0
2023-10-04 00:00:00-04:00,41.786475950215014,42.18630687718058,41.403659450478855,42.16929244995117,5468700,0.0,0.0
2023-10-05 00:00:00-04:00,42.13525790183257,42.66269533916192,41.939596882889,42.58613204956055,5067200,0.0,0.0
2023-10-06 00:00:00-04:00,42.373456043841514,42.99446794229856,42.007654025615224,42.628665924072266,4249200,0.0,0.0
2023-10-09 00:00:00-04:00,42.45852306313789,43.258181518226245,42.45001747374282,43.00297164916992,3747300,0.0,0.0
2023-10-10 00:00:00-04:00,42.696729505528936,42.892390563707046,41.8375219678624,42.705238342285156,6226300,0.0,0.0
2023-10-11 00:00:00-04:00,43.0965498071253,43.56443511279554,42.994466507473696,43.34325408935547,4027300,0.0,0.0
2023-10-12 00:00:00-04:00,43.224155212083,43.33474409826706,42.586128927240125,42.77328109741211,4110400,0.0,0.0
2023-10-13 00:00:00-04:00,43.00298896064743,43.17313002356758,42.7052445344153,43.037017822265625,3230800,0.0,0.0
2023-10-16 00:00:00-04:00,43.04551463972003,43.40281112353009,42.484051518164385,43.164615631103516,4545500,0.0,0.0
2023-10-17 00:00:00-04:00,43.037015222446264,43.63250728410834,42.87538300728012,43.36028289794922,6089900,0.0,0.0
2023-10-18 00:00:00-04:00,43.04551355116275,43.215654575094916,42.4330104082451,42.45853042602539,3930800,0.0,0.0
2023-10-19 00:00:00-04:00,42.31390693082653,42.85835553749181,41.98213051879331,42.04167938232422,4883200,0.0,0.0
2023-10-20 00:00:00-04:00,42.041673183363834,42.381955134940576,41.97361874015,41.98212432861328,4965900,0.0,0.0
2023-10-23 00:00:00-04:00,41.68438839176919,42.177796995720634,41.35261520747004,41.692893981933594,4859100,0.0,0.0
2023-10-24 00:00:00-04:00,41.84602134368322,42.27988108903471,41.80348690173128,42.19480895996094,4002400,0.0,0.0
2023-10-25 00:00:00-04:00,42.04168609446498,42.21182712250406,41.743941729274226,41.92258834838867,3336300,0.0,0.0
2023-10-26 00:00:00-04:00,42.05020349279747,42.72225890554937,42.05020349279747,42.3564567565918,4299200,0.0,0.0
2023-10-27 00:00:00-04:00,42.3564385156633,42.424492964325935,41.52275123723696,41.684383392333984,4107900,0.0,0.0
2023-10-30 00:00:00-04:00,40.40832053789376,41.012317813409176,38.31559566361384,39.31942367553711,36132700,0.0,0.0
2023-10-31 00:00:00-04:00,39.649641076905716,40.650507532955274,39.29035785792272,40.53074645996094,18220500,0.256,0.0
2023-11-01 00:00:00-04:00,40.77026597698714,41.180876742166774,40.393873591383546,41.05256271362305,8149300,0.0,0.0
2023-11-02 00:00:00-04:00,41.82245605224457,42.94308349235135,41.64281445701009,42.79765701293945,9626500,0.0,0.0
2023-11-03 00:00:00-04:00,43.51622036259572,43.943940249329586,43.447786877605054,43.49911117553711,6433100,0.0,0.0
2023-11-06 00:00:00-05:00,43.42212047028768,43.48200425524232,42.98584763164448,43.165489196777344,7734800,0.0,0.0
2023-11-07 00:00:00-05:00,43.49912168678514,43.61888602513557,42.80621739131697,43.37080764770508,5787000,0.0,0.0
2023-11-08 00:00:00-05:00,43.39645381829797,43.93538172101122,43.39645381829797,43.79851150512695,5455100,0.0,0.0
2023-11-09 00:00:00-05:00,43.88405185924255,43.95248859520846,42.6436637574274,42.91740417480469,5464300,0.0,0.0
2023-11-10 00:00:00-05:00,43.12272495393879,43.225376827576895,42.64367743822062,42.82332229614258,5189600,0.0,0.0
2023-11-13 00:00:00-05:00,42.72922229924336,42.77199364023477,42.36138289287781,42.68645095825195,6125100,0.0,0.0
2023-11-14 00:00:00-05:00,43.62742230352699,45.14155088094448,43.53332341957693,44.602622985839844,7029200,0.0,0.0
2023-11-15 00:00:00-05:00,44.662521061724306,45.184339977357915,44.63685890628153,44.88493728637695,5937800,0.0,0.0
2023-11-16 00:00:00-05:00,45.04745909212419,45.57783084681785,44.83359914518793,45.41529846191406,7522900,0.0,0.0
2023-11-17 00:00:00-05:00,45.70615883638874,45.7574864104553,45.11590641922384,45.261329650878906,7215100,0.0,0.0
2023-11-20 00:00:00-05:00,45.16722569407832,45.69759751398681,44.91914734194987,45.526512145996094,4947400,0.0,0.0
2023-11-21 00:00:00-05:00,45.33830851548008,45.8686802674246,45.15866694416329,45.808799743652344,5302100,0.0,0.0
2023-11-22 00:00:00-05:00,46.185192008609214,46.22796334204383,45.4152949538118,45.603492736816406,3993600,0.0,0.0
2023-11-24 00:00:00-05:00,45.56072683807051,46.16809163647007,45.43241281327041,46.116764068603516,2454200,0.0,0.0
2023-11-27 00:00:00-05:00,46.16808429949322,46.48459609292683,45.89434384086249,46.304954528808594,4751900,0.0,0.0
2023-11-28 00:00:00-05:00,46.14242048942276,46.578696603986806,45.99699729339727,46.03121566772461,6855800,0.0,0.0
2023-11-29 00:00:00-05:00,46.36484241982535,46.621473732677494,45.82591437856493,45.91145706176758,5561500,0.0,0.0
2023-11-30 00:00:00-05:00,46.09711759579436,46.50969628130086,45.68453891028785,46.38076400756836,10126200,0.256,0.0
2023-12-01 00:00:00-05:00,46.286207705077715,47.05979468264722,46.20025505374042,46.93086242675781,6197100,0.0,0.0
2023-12-04 00:00:00-05:00,46.76755255673275,47.8505710806981,46.76755255673275,47.7302360534668,7323500,0.0,0.0
2023-12-05 00:00:00-05:00,47.678666802567705,47.764619458480134,47.05979718757059,47.20591735839844,7666100,0.0,0.0
2023-12-06 00:00:00-05:00,47.988100282975,48.52101394843854,47.01681955938348,47.025413513183594,11296300,0.0,0.0
2023-12-07 00:00:00-05:00,46.93086197559415,47.429396529431564,46.69019193105661,47.00822067260742,6195400,0.0,0.0
2023-12-08 00:00:00-05:00,46.67301524838001,46.905091411535324,46.036957567629415,46.29481887817383,6648000,0.0,0.0
2023-12-11 00:00:00-05:00,46.41514623497301,46.87070125062896,46.22604644180989,46.7503662109375,6461100,0.0,0.0
2023-12-12 00:00:00-05:00,46.79334208039077,46.95665672883145,46.38076340028633,46.82772445678711,5013300,0.0,0.0
2023-12-13 00:00:00-05:00,47.076986314322305,48.89920942676652,46.896483777475275,48.66713333129883,8882400,0.0,0.0
2023-12-14 00:00:00-05:00,49.4235368603867,50.05959773399456,49.38056052758925,49.69858932495117,11549500,0.0,0.0
2023-12-15 00:00:00-05:00,49.535278016653734,49.724374536998454,48.77028814360515,49.24303436279297,20187200,0.0,0.0
2023-12-18 00:00:00-05:00,49.33757525717702,49.414933953752325,48.55539433797491,48.57258224487305,8848800,0.0,0.0
2023-12-19 00:00:00-05:00,48.74450119771887,49.3032033784318,48.67573971884208,49.0969123840332,6198200,0.0,0.0
2023-12-20 00:00:00-05:00,49.08831201920563,49.61263175257674,48.71870969171071,48.73590087890625,5402900,0.0,0.0
2023-12-21 00:00:00-05:00,49.122691919508746,49.449314623122454,48.62415735259803,48.95937728881836,5859900,0.0,0.0
2023-12-22 00:00:00-05:00,49.165678035781845,49.55247160800977,48.84764922256519,48.89921951293945,5287200,0.0,0.0
2023-12-26 00:00:00-05:00,48.92500049777416,49.629826102167854,48.88202416648871,49.59544372558594,4212000,0.0,0.0
2023-12-27 00:00:00-05:00,49.68139340823861,49.870493189212944,49.492296906147985,49.853302001953125,5619600,0.0,0.0
2023-12-28 00:00:00-05:00,49.81893150681686,50.3776337498913,49.741572785143234,50.35184860229492,5243000,0.0,0.0
2023-12-29 00:00:00-05:00,50.07298176465695,50.176580115140474,49.554986718907166,49.57225036621094,6688600,0.257,0.0
2024-01-02 00:00:00-05:00,49.30461425252263,50.57370622175591,49.218279561192496,50.56507110595703,5815300,0.0,0.0
2024-01-03 00:00:00-05:00,50.193849780591684,50.28018448845819,49.434120818028255,49.83988571166992,5312500,0.0,0.0
2024-01-04 00:00:00-05:00,49.82261438267971,50.2801800607477,49.61541768871072,49.80534744262695,5107000,0.0,0.0
2024-01-05 00:00:00-05:00,49.61541545764192,50.12477863963147,49.33915101588474,50.003910064697266,3944200,0.0,0.0
2024-01-08 00:00:00-05:00,50.00391250385443,51.41113683686424,49.917581096593594,51.350704193115234,8842900,0.0,0.0
2024-01-09 00:00:00-05:00,51.057171808977955,51.65286970487039,50.85860694145782,51.18667221069336,7605900,0.0,0.0
2024-01-10 00:00:00-05:00,51.45429753860662,51.62696362967545,50.89313685929761,51.03126907348633,6719400,0.0,0.0
2024-01-11 00:00:00-05:00,50.91903360400534,51.30753147019358,50.41830558239844,51.16939926147461,6628800,0.0,0.0
2024-01-12 00:00:00-05:00,51.3938655186485,51.52336591184007,50.52190652359825,50.849971771240234,5892800,0.0,0.0
2024-01-16 00:00:00-05:00,50.6168894944602,50.84998830198367,50.24565842618203,50.36652374267578,5809000,0.0,0.0
2024-01-17 00:00:00-05:00,49.813977186909035,50.323340336868704,48.89021740037177,49.39094543457031,6658200,0.0,0.0
2024-01-18 00:00:00-05:00,49.347793372418984,49.52045950870676,48.182302715808625,48.44993209838867,7117800,0.0,0.0
2024-01-19 00:00:00-05:00,48.60532451558836,48.90749103529972,47.854230714779945,48.795257568359375,9218000,0.0,0.0
2024-01-22 00:00:00-05:00,48.8902310469296,49.52909147164354,47.76790609792819,47.98373794555664,45785700,0.0,0.0
2024-01-23 00:00:00-05:00,48.173657982011,48.42402366498767,47.836960894788845,48.33769226074219,12145100,0.0,0.0
2024-01-24 00:00:00-05:00,48.90749221641172,49.08879015661757,47.43983516712861,47.474369049072266,8218600,0.0,0.0
2024-01-25 00:00:00-05:00,48.0009993145494,48.11323279211675,47.38803768680825,47.84560012817383,6945800,0.0,0.0
2024-01-26 00:00:00-05:00,47.98374163427355,48.05280611829097,47.439844414305,47.45711135864258,5696200,0.0,0.0
2024-01-29 00:00:00-05:00,47.48299674347646,47.56069632442634,46.930467853758216,47.4139289855957,6329600,0.0,0.0
2024-01-30 00:00:00-05:00,47.24125991225261,48.121853948453015,46.97362732595699,47.638389587402344,8151000,0.0,0.0
2024-01-31 00:00:00-05:00,47.86998317343312,47.9653940721036,46.93322854113003,47.176090240478516,12325100,0.257,0.0
2024-02-01 00:00:00-05:00,47.262833874435344,47.92203140258789,46.69037173120663,47.92203140258789,6320800,0.0,0.0
2024-02-02 00:00:00-05:00,47.73988469749034,47.748556912410834,46.51689725164633,47.002620697021484,7480300,0.0,0.0
2024-02-05 00:00:00-05:00,46.43883779183531,46.49955322735704,45.632186081340286,45.6668815612793,9135600,0.0,0.0
2024-02-06 00:00:00-05:00,45.75361225216888,46.777105644025816,45.62350587013481,46.62097930908203,7198800,0.0,0.0
2024-02-07 00:00:00-05:00,46.62097984101234,46.74241070096683,46.221991784378226,46.28270721435547,4686700,0.0,0.0
2024-02-08 00:00:00-05:00,46.204644764432615,46.42148653450669,46.00515073301361,46.10923385620117,4484400,0.0,0.0
2024-02-09 00:00:00-05:00,45.996472821768336,46.19596684283218,45.33727533080707,45.76228332519531,6516500,0.0,0.0
2024-02-12 00:00:00-05:00,45.83166964730444,46.005143698587176,45.5714602247515,45.6842155456543,5069600,0.0,0.0
2024-02-13 00:00:00-05:00,44.877574135565766,44.92961404272457,44.400519594991195,44.68675231933594,9692900,0.0,0.0
2024-02-14 00:00:00-05:00,44.88623867801698,44.88623867801698,44.37449205639135,44.5739860534668,5923100,0.0,0.0
2024-02-15 00:00:00-05:00,44.94695593763385,45.4413548438208,44.85154504192367,45.12042999267578,5127100,0.0,0.0
2024-02-16 00:00:00-05:00,44.66939660865916,45.57145900417488,44.461227090946984,45.389312744140625,5678200,0.0,0.0
2024-02-20 00:00:00-05:00,45.50207810753644,45.66687997715845,45.06839454957195,45.5107536315918,6095700,0.0,0.0
2024-02-21 00:00:00-05:00,45.96178136511217,45.98780131777473,44.83420155484106,45.701568603515625,6522900,0.0,0.0
2024-02-22 00:00:00-05:00,45.68421325148176,45.9357504477729,45.46737152545329,45.8143196105957,5764000,0.0,0.0
2024-02-23 00:00:00-05:00,45.90105970326817,46.33474319997513,45.736261165666825,45.91840744018555,5181800,0.0,0.0
2024-02-26 00:00:00-05:00,45.98779484294015,46.074530212098644,45.25053097012393,45.52809143066406,5120200,0.0,0.0
2024-02-27 00:00:00-05:00,45.796975277364545,45.909733909723116,45.26788089715404,45.37196731567383,5966900,0.0,0.0
2024-02-28 00:00:00-05:00,45.26788078877887,45.36329168448905,44.87756830086252,45.12042999267578,7631100,0.0,0.0
2024-02-29 00:00:00-05:00,45.48392184503328,45.88489084243794,45.22242046955939,45.42290496826172,6753300,0.257,0.0
2024-03-01 00:00:00-05:00,45.32701367120568,45.5623658719804,44.36817432745967,45.536216735839844,8952600,0.0,0.0
2024-03-04 00:00:00-05:00,45.33573926560374,46.06794517080996,45.231139372051615,45.9459114074707,5170600,0.0,0.0
2024-03-05 00:00:00-05:00,45.89360783904408,46.07665846297633,45.38803564894133,45.54493713378906,5979500,0.0,0.0
2024-03-06 00:00:00-05:00,45.8500114721323,45.89359779462745,45.20497513130657,45.46647644042969,4927400,0.0,0.0
2024-03-07 00:00:00-05:00,45.684399607529535,45.84130107471269,45.34444753702268,45.536216735839844,4875600,0.0,0.0
2024-03-08 00:00:00-05:00,45.850023100288524,46.17254467766657,45.797724820302115,46.120243072509766,4968000,0.0,0.0
2024-03-11 00:00:00-04:00,46.10279862297682,46.62580457899753,46.01563262622485,46.27713394165039,4753800,0.0,0.0
2024-03-12 00:00:00-04:00,46.19869320651341,46.23356094282336,45.797724214460025,46.094093322753906,6964600,0.0,0.0
2024-03-13 00:00:00-04:00,46.17254755695552,46.48635055712411,45.49263994820004,45.57109069824219,7512600,0.0,0.0
2024-03-14 00:00:00-04:00,45.48392169358766,45.57980630681525,44.66454983311892,45.0306510925293,9746700,0.0,0.0
2024-03-15 00:00:00-04:00,44.594811276293264,45.597237022324876,44.49021139871863,45.49263381958008,10074800,0.0,0.0
2024-03-18 00:00:00-04:00,45.370599376408165,45.736703930038516,45.327016371853865,45.510066986083984,4781200,0.0,0.0
2024-03-19 00:00:00-04:00,45.544929264088495,45.67568158725903,45.170109484514,45.41417694091797,5448500,0.0,0.0
2024-03-20 00:00:00-04:00,45.231136281977356,45.754142364348894,45.013217912281824,45.71055603027344,4058200,0.0,0.0
2024-03-21 00:00:00-04:00,45.90232183077515,46.10280631689848,45.5013528585285,45.7541389465332,5075700,0.0,0.0
2024-03-22 00:00:00-04:00,45.99820484129675,46.0679369828807,45.32701593705457,45.396751403808594,5775200,0.0,0.0
2024-03-25 00:00:00-04:00,45.55365139375836,45.83258994687183,45.30086862948929,45.47520065307617,6775300,0.0,0.0
2024-03-26 00:00:00-04:00,45.65825926641535,45.99821140240626,45.54494077936153,45.85002517700195,6484800,0.0,0.0
2024-03-27 00:00:00-04:00,46.19869549699006,46.8698844909668,46.0766617390253,46.8698844909668,9112000,0.0,0.0
2024-03-28 00:00:00-04:00,46.963598043185556,47.47159829310288,46.963598043185556,47.384010314941406,6318200,0.257,0.0
2024-04-01 00:00:00-04:00,47.305189508802734,47.34022470503217,46.77091780143472,46.82346725463867,4855900,0.0,0.0
2024-04-02 00:00:00-04:00,46.39428963532551,46.48187426935514,46.122771924010245,46.30670166015625,5107500,0.0,0.0
2024-04-03 00:00:00-04:00,46.28043758117726,46.39430030451223,46.01768027752306,46.2191276550293,4683600,0.0,0.0
2024-04-04 00:00:00-04:00,46.34173816057284,46.814703216441416,45.93884348682096,46.087738037109375,3923300,0.0,0.0
2024-04-05 00:00:00-04:00,45.7111128457035,46.5606977552026,45.51842599925185,46.429317474365234,4718600,0.0,0.0
2024-04-08 00:00:00-04:00,46.46435608092743,47.007388155483305,46.36801098004148,46.98111343383789,4006900,0.0,0.0
2024-04-09 00:00:00-04:00,47.08621794541648,47.638010514711205,47.033668499576805,47.62925338745117,3401400,0.0,0.0
2024-04-10 00:00:00-04:00,46.429324945367725,46.73587786960294,45.28195078480524,45.667327880859375,7578800,0.0,0.0
2024-04-11 00:00:00-04:00,45.9475925353462,46.21034973980549,45.632282553539405,45.754905700683594,5724500,0.0,0.0
2024-04-12 00:00:00-04:00,45.711112243660274,45.807457336186836,45.42208030721988,45.562217712402344,6410600,0.0,0.0
2024-04-15 00:00:00-04:00,45.80746603459891,45.851258355570565,44.9753985715777,45.2381591796875,6251800,0.0,0.0
2024-04-16 00:00:00-04:00,45.12429146084064,45.16808377694881,44.476153822565145,44.49367141723633,7121500,0.0,0.0
2024-04-17 00:00:00-04:00,44.50242603214552,45.1505602440383,44.36228863434661,44.91407775878906,5120700,0.0,0.0
2024-04-18 00:00:00-04:00,45.04545803610595,45.5884900349962,44.78270083284545,45.57097244262695,4961100,0.0,0.0
2024-04-19 00:00:00-04:00,45.71111796562599,46.560702970283764,45.70236083845434,46.45560073852539,6611700,0.0,0.0
2024-04-22 00:00:00-04:00,46.42056703294817,46.753394675496004,46.02642947481782,46.70960235595703,4182400,0.0,0.0
2024-04-23 00:00:00-04:00,46.62201999608321,46.928572952090974,46.516917748291505,46.76215744018555,6650900,0.0,0.0
2024-04-24 00:00:00-04:00,46.56945543410326,47.07745562882163,46.2979410841546,47.00738525390625,5340400,0.0,0.0
2024-04-25 00:00:00-04:00,46.44683779752423,47.21759525204549,46.3154608501053,47.12125015258789,4880800,0.0,0.0
2024-04-26 00:00:00-04:00,47.200070605155,47.47158826840889,46.86724304070491,47.042415618896484,6861600,0.0,0.0
2024-04-29 00:00:00-04:00,47.29641826556515,47.769383250094215,47.23510836103056,47.567935943603516,6558900,0.0,0.0
2024-04-30 00:00:00-04:00,47.50369879182407,47.63570374484542,47.09008640558088,47.11648941040039,8569700,0.257,0.0
2024-05-01 00:00:00-04:00,46.966880863982965,47.996510709891304,46.94048121771167,47.45089340209961,5867900,0.0,0.0
2024-05-02 00:00:00-04:00,47.89971330481584,48.348524130654745,47.53890354850594,48.32212448120117,5897000,0.0,0.0
2024-05-03 00:00:00-04:00,48.75334078729899,49.06134790668308,48.278126925655684,48.63013458251953,9076600,0.0,0.0
2024-05-06 00:00:00-04:00,48.82373241012295,48.990935766021835,48.5333262280854,48.797332763671875,6845100,0.0,0.0
2024-05-07 00:00:00-04:00,48.682928961316335,48.92053585172385,48.27811871411476,48.418922424316406,6362200,0.0,0.0
2024-05-08 00:00:00-04:00,48.20772009568511,48.39252771175049,47.987714066249495,48.216522216796875,6602400,0.0,0.0
2024-05-09 00:00:00-04:00,48.401322065254575,48.45412471603668,47.767703683970424,48.075714111328125,6113300,0.0,0.0
2024-05-10 00:00:00-04:00,48.17251837642247,48.52452598514719,48.05811430899988,48.41012191772461,3859700,0.0,0.0
2024-05-13 00:00:00-04:00,48.79734417823647,48.832545953089046,48.2605288613257,48.36613082885742,3928200,0.0,0.0
2024-05-14 00:00:00-04:00,48.533323822528764,48.75332981745043,48.11971147782802,48.28691482543945,4898900,0.0,0.0
2024-05-15 00:00:00-04:00,48.65653541179427,48.85894056075812,48.38372672039483,48.498130798339844,6024400,0.0,0.0
2024-05-16 00:00:00-04:00,48.44532058396563,48.770928524370746,48.330916523867835,48.56852340698242,4198600,0.0,0.0
2024-05-17 00:00:00-04:00,48.65652788820245,48.65652788820245,48.29571818157494,48.515724182128906,4270900,0.0,0.0
2024-05-20 00:00:00-04:00,48.5245279331941,48.84133714368261,48.295723146188784,48.383724212646484,3913100,0.0,0.0
2024-05-21 00:00:00-04:00,48.3837210461435,48.84133394723086,48.366120162598754,48.47172546386719,3783200,0.0,0.0
2024-05-22 00:00:00-04:00,48.23410942080782,48.401312747223905,47.22208062964692,47.27488327026367,5760100,0.0,0.0
2024-05-23 00:00:00-04:00,47.274891349016386,47.28369011211046,46.007654613854825,46.0340576171875,5576000,0.0,0.0
2024-05-24 00:00:00-04:00,46.377275456958216,46.43007475983041,45.858061050884466,45.91966247558594,4660500,0.0,0.0
2024-05-28 00:00:00-04:00,46.289270666188116,46.70288310629626,45.347645059281966,45.38284683227539,6564900,0.0,0.0
2024-05-29 00:00:00-04:00,45.17164128491118,45.17164128491118,44.84602993196314,45.03083419799805,5639700,0.0,0.0
2024-05-30 00:00:00-04:00,45.35642886469714,45.849240059489134,45.35642886469714,45.54123306274414,6217400,0.0,0.0
2024-05-31 00:00:00-04:00,45.62925235906713,46.77328647790748,45.51485163280376,46.69408416748047,9284200,0.0,0.0
2024-06-03 00:00:00-04:00,47.02395764055125,47.16546611691902,46.581753773145294,47.14777755737305,4398700,0.263,0.0
2024-06-04 00:00:00-04:00,47.05049218408712,48.33288407478666,47.05049218408712,48.13831329345703,5815900,0.0,0.0
2024-06-05 00:00:00-04:00,48.05872116711397,48.20906887740697,47.56345157240249,47.78455352783203,4729300,0.0,0.0
2024-06-06 00:00:00-04:00,47.581141643623205,48.08525384810016,47.368885648974064,47.98796844482422,3350700,0.0,0.0
2024-06-07 00:00:00-04:00,47.18314736116623,47.74032513220201,46.988579969909715,47.1566162109375,3968800,0.0,0.0
2024-06-10 00:00:00-04:00,46.94437124916872,47.05934184290097,46.32528506686747,46.61713790893555,4317100,0.0,0.0
2024-06-11 00:00:00-04:00,46.431417820842576,46.73211666167988,46.10418782085006,46.201473236083984,5218000,0.0,0.0
2024-06-12 00:00:00-04:00,47.12123450297702,47.27158554503271,46.537525638593195,46.59943389892578,4344300,0.0,0.0
2024-06-13 00:00:00-04:00,46.6436723427432,47.31582083653256,46.564075499843966,47.06818771362305,4314100,0.0,0.0
2024-06-14 00:00:00-04:00,46.935525936398996,47.28044446990728,46.88246024903298,47.20084762573242,3374700,0.0,0.0
2024-06-17 00:00:00-04:00,46.96204750881603,47.27159222798759,46.70557183992805,46.935516357421875,3624400,0.0,0.0
2024-06-18 00:00:00-04:00,47.1212412329953,47.4042514274354,46.802853920813284,46.9620475769043,3597700,0.0,0.0
2024-06-20 00:00:00-04:00,46.79401449187071,47.06818211228489,46.59060111172388,46.88245391845703,4471000,0.0,0.0
2024-06-21 00:00:00-04:00,46.88246286230727,47.06819109156683,46.679049443354906,47.006282806396484,16269900,0.0,0.0
2024-06-24 00:00:00-04:00,47.006274496192056,47.89068226941299,46.89130054102392,47.439632415771484,4265500,0.0,0.0
2024-06-25 00:00:00-04:00,47.40425784808796,47.519231809447994,46.64366995610492,46.802860260009766,5553500,0.0,0.0
2024-06-26 00:00:00-04:00,46.57292194051763,46.794023925304316,46.369508519363706,46.59061050415039,4776800,0.0,0.0
2024-06-27 00:00:00-04:00,46.59060497981043,46.59944757370405,45.87423341949368,46.369503021240234,6201700,0.0,0.0
2024-06-28 00:00:00-04:00,46.61713111281697,46.74979362316559,46.10417637854773,46.71441650390625,8379400,0.0,0.0
2024-07-01 00:00:00-04:00,46.53932189941406,46.7704171140453,46.05046415992556,46.53932189941406,4417400,0.263,0.0
2024-07-02 00:00:00-04:00,46.53043511481436,46.82375181462765,46.477107271670796,46.60154342651367,4590200,0.0,0.0
2024-07-03 00:00:00-04:00,46.72597516791794,46.957073768481685,46.50376680079235,46.61931610107422,2125700,0.0,0.0
2024-07-05 00:00:00-04:00,46.83263662492044,47.24150261817773,46.55710040562598,47.18817138671875,3378500,0.0,0.0
2024-07-08 00:00:00-04:00,47.14373383373806,47.31261099308445,46.86819420368035,47.25039291381836,5347700,0.0,0.0
2024-07-09 00:00:00-04:00,47.19705519547969,47.24149958082005,46.76152870044093,46.89485168457031,3617300,0.0,0.0
2024-07-10 00:00:00-04:00,47.072616222267484,47.66813636557149,46.94818008831361,47.623695373535156,3279400,0.0,0.0
2024-07-11 00:00:00-04:00,48.112557191885905,49.285817113506546,48.06811619603964,48.885841369628906,5896000,0.0,0.0
2024-07-12 00:00:00-04:00,49.16137425983826,49.792445130372684,49.125820111761065,49.552459716796875,5273800,0.0,0.0
2024-07-15 00:00:00-04:00,49.71245597752448,49.93466434381392,49.45469345887738,49.75689697265625,4621500,0.0,0.0
2024-07-16 00:00:00-04:00,49.890227989848924,50.14798714184413,49.64135229082364,50.103546142578125,5127600,0.0,0.0
2024-07-17 00:00:00-04:00,50.13021159352807,51.32124863904602,50.13021159352807,51.22347640991211,5270200,0.0,0.0
2024-07-18 00:00:00-04:00,50.965714324865274,52.058979150859564,50.894606015549805,51.31235885620117,4518500,0.0,0.0
2024-07-19 00:00:00-04:00,51.259019306426495,51.356791520554395,50.832379691656804,51.17902755737305,3722300,0.0,0.0
2024-07-22 00:00:00-04:00,51.02793611784243,51.25014451469606,50.619073481383204,51.16126251220703,4000800,0.0,0.0
2024-07-23 00:00:00-04:00,50.894606290038276,51.39235428603863,50.77906037272368,51.09904098510742,3275400,0.0,0.0
2024-07-24 00:00:00-04:00,51.099030753990476,51.499003048756336,50.787937047291294,50.894596099853516,4860000,0.0,0.0
2024-07-25 00:00:00-04:00,51.07236816243876,51.71232931814807,50.770164660090515,50.98348617553711,4755000,0.0,0.0
2024-07-26 00:00:00-04:00,51.21458343518275,51.80121338796102,51.02792922080572,51.614559173583984,3138600,0.0,0.0
2024-07-29 00:00:00-04:00,51.712334492473545,51.84566087679708,51.25902749827816,51.73899841308594,2744900,0.0,0.0
2024-07-30 00:00:00-04:00,51.783426677345844,52.02341207573689,51.650103716437464,51.88119888305664,4091500,0.0,0.0
2024-07-31 00:00:00-04:00,51.78343773766392,51.81010504804538,50.97459939579373,51.04570770263672,7681900,0.0,0.0
2024-08-01 00:00:00-04:00,51.46804724334367,51.84307642733593,51.33411092538325,51.79842758178711,5966600,0.263,0.0
2024-08-02 00:00:00-04:00,51.476994715452626,53.075323750339855,51.476994715452626,52.96817398071289,8459400,0.0,0.0
2024-08-05 00:00:00-04:00,50.78943746275606,53.5396372465055,50.78943746275606,52.84315872192383,12166900,0.0,0.0
2024-08-06 00:00:00-04:00,52.57527808702558,54.7807943597709,52.28954315771259,53.96823501586914,9104700,0.0,0.0
2024-08-07 00:00:00-04:00,53.97716556945011,55.00402439620791,53.81643924765689,53.82536697387695,7729800,0.0,0.0
2024-08-08 00:00:00-04:00,53.8789431103903,53.94144741210793,53.18246465912023,53.771793365478516,6671700,0.0,0.0
2024-08-09 00:00:00-04:00,54.0218157606388,54.18254209655723,53.503919032406245,54.084320068359375,3374900,0.0,0.0
2024-08-12 00:00:00-04:00,53.861089134427246,53.9146657148544,53.34319581521527,53.8521614074707,4391100,0.0,0.0
2024-08-13 00:00:00-04:00,54.31648155248482,54.45041789420876,53.67357621227615,53.8521614074707,4228400,0.0,0.0
2024-08-14 00:00:00-04:00,53.91466380545992,53.97716811063002,53.54856570107968,53.71821975708008,4208100,0.0,0.0
2024-08-15 00:00:00-04:00,53.4682125104309,53.521785692725075,53.04853774923425,53.31641387939453,5586400,0.0,0.0
2024-08-16 00:00:00-04:00,53.369985502523974,53.75394250231569,53.24497688049495,53.62000274658203,6572900,0.0,0.0
2024-08-19 00:00:00-04:00,53.61106933386986,54.37898325201912,53.60213820111233,54.343265533447266,2664600,0.0,0.0
2024-08-20 00:00:00-04:00,54.343265940899684,54.49506113662451,53.83430036923659,54.07538986206055,3163600,0.0,0.0
2024-08-21 00:00:00-04:00,54.102179348885144,54.432559750293194,53.74500895379638,54.4057731628418,3305400,0.0,0.0
2024-08-22 00:00:00-04:00,54.40576171129365,54.459338281148746,53.878937362852,54.02180480957031,3413200,0.0,0.0
2024-08-23 00:00:00-04:00,54.209325875638314,54.72722257704268,54.128962711842085,54.54863739013672,4245700,0.0,0.0
2024-08-26 00:00:00-04:00,54.8968782104519,55.352270620474286,54.81651504434379,55.155826568603516,3406700,0.0,0.0
2024-08-27 00:00:00-04:00,55.012964843359455,55.60229365430909,54.90581507943122,55.49514389038086,3495200,0.0,0.0
2024-08-28 00:00:00-04:00,55.62907585250824,55.72729788095137,54.968315053175175,55.352272033691406,3306900,0.0,0.0
2024-08-29 00:00:00-04:00,55.3344165243079,55.43263855869908,54.45042162101679,54.8254508972168,3680100,0.0,0.0
2024-08-30 00:00:00-04:00,54.95046501658318,55.56658046725578,54.93260615343225,55.45943069458008,5700000,0.0,0.0
2024-09-03 00:00:00-04:00,55.26483627165622,56.1436211703962,55.166196556979884,55.84770202636719,4818200,0.263,0.0
2024-09-04 00:00:00-04:00,55.84770566944839,56.394705271452594,55.84770566944839,56.23329544067383,4034600,0.0,0.0
2024-09-05 00:00:00-04:00,56.6726812833997,56.84305678159235,55.71319155324028,55.89253616333008,4743300,0.0,0.0
2024-09-06 00:00:00-04:00,55.93738745741571,56.197433624663226,55.399353473281586,55.955322265625,4567200,0.0,0.0
2024-09-09 00:00:00-04:00,55.695254343623695,56.4664337391882,55.64144993670741,56.367794036865234,4479100,0.0,0.0
2024-09-10 00:00:00-04:00,56.50230873890546,56.58301365151505,56.11672240167555,56.322967529296875,2556000,0.0,0.0
2024-09-11 00:00:00-04:00,55.91046290796759,56.22431680476929,55.5069418446297,56.143611907958984,2988400,0.0,0.0
2024-09-12 00:00:00-04:00,56.14362763495342,56.30503747378827,55.55179269946381,55.96428298950195,2788600,0.0,0.0
2024-09-13 00:00:00-04:00,56.33193516178468,56.40367438467054,55.6773301461661,56.23329544067383,3506300,0.0,0.0
2024-09-16 00:00:00-04:00,56.47540177046463,56.69958167750238,56.11671597163257,56.20638656616211,3164100,0.0,0.0
2024-09-17 00:00:00-04:00,56.278122030151145,56.61887644466551,56.02704163035839,56.0360107421875,3639700,0.0,0.0
2024-09-18 00:00:00-04:00,56.08084841004155,56.699583744565594,55.49797926220851,55.76699447631836,4640800,0.0,0.0
2024-09-19 00:00:00-04:00,55.55178880932351,55.686294718457084,54.17980527530351,54.43088912963867,7228500,0.0,0.0
2024-09-20 00:00:00-04:00,54.30534181620187,55.38140263150812,54.197732998100115,55.26483154296875,12378400,0.0,0.0
2024-09-23 00:00:00-04:00,55.596614003195484,56.03600810285091,55.462104697805486,55.88356399536133,4122900,0.0,0.0
2024-09-24 00:00:00-04:00,55.60557926881217,56.40366256293083,55.35449888276487,56.098777770996094,5128700,0.0,0.0
2024-09-25 00:00:00-04:00,56.23328706809551,56.385731183673336,55.865632157331696,56.17051696777344,5233600,0.0,0.0
2024-09-26 00:00:00-04:00,56.03601150086656,56.49333700963999,55.75802718253671,56.027042388916016,4229700,0.0,0.0
2024-09-27 00:00:00-04:00,56.322963733402275,56.73545396084508,56.08084901189087,56.251224517822266,4304800,0.0,0.0
2024-09-30 00:00:00-04:00,56.40368090916526,56.93274576664757,56.05395728821405,56.869972229003906,7133400,0.0,0.0
2024-10-01 00:00:00-04:00,57.02664831919329,57.27877829637792,56.51337832490366,56.7294921875,5380900,0.264,0.0
2024-10-02 00:00:00-04:00,56.30627021256031,56.56740679068829,55.83802637988666,56.207218170166016,4326300,0.0,0.0
2024-10-03 00:00:00-04:00,56.09916392488308,56.288261408160395,55.639926689064836,56.189212799072266,3617200,0.0,0.0
2024-10-04 00:00:00-04:00,55.486838347037946,56.3422836517523,55.081627051645576,55.83802032470703,5249000,0.0,0.0
2024-10-07 00:00:00-04:00,55.71196229413049,55.71196229413049,55.34277049788089,55.53186798095703,4015400,0.0,0.0
2024-10-08 00:00:00-04:00,55.630925139209445,55.784006521734604,55.01860647913608,55.38779830932617,4442500,0.0,0.0
2024-10-09 00:00:00-04:00,55.360776171519554,55.75698088313927,55.207698249420936,55.65793228149414,3132800,0.0,0.0
2024-10-10 00:00:00-04:00,55.64893264993827,56.072153792319966,55.0816367366414,55.35177993774414,3184800,0.0,0.0
2024-10-11 00:00:00-04:00,55.585894950065544,55.84703152135122,55.37878770094651,55.603904724121094,2913800,0.0,0.0
2024-10-14 00:00:00-04:00,55.58590262815689,56.12618561941317,55.405808297738126,55.92808151245117,3132300,0.0,0.0
2024-10-15 00:00:00-04:00,56.27025127172284,57.39583636054339,56.15318946068184,57.05365753173828,3863200,0.0,0.0
2024-10-16 00:00:00-04:00,57.10768661507588,57.90010295879001,57.0806736706359,57.83707046508789,3616900,0.0,0.0
2024-10-17 00:00:00-04:00,57.485877906053084,57.71999807728918,57.11668615928775,57.59393310546875,3450800,0.0,0.0
2024-10-18 00:00:00-04:00,57.62996315937347,58.32332063082281,57.28778429131091,58.26929473876953,3406700,0.0,0.0
2024-10-21 00:00:00-04:00,58.11620796168425,58.422363796806174,57.40483738769248,57.44085693359375,3301000,0.0,0.0
2024-10-22 00:00:00-04:00,57.251762400859306,57.5849346299688,57.1256939837514,57.35081100463867,2840000,0.0,0.0
2024-10-23 00:00:00-04:00,57.269762743017736,58.00814621941103,57.269762743017736,57.84606170654297,4232900,0.0,0.0
2024-10-24 00:00:00-04:00,57.7650298137146,58.242276806062144,56.99062670046244,57.008636474609375,3841100,0.0,0.0
2024-10-25 00:00:00-04:00,56.91858216772194,56.99062125742939,55.1176461451899,55.20769500732422,5994200,0.0,0.0
2024-10-28 00:00:00-04:00,55.65793345163241,55.92807318955307,55.09063759748983,55.18968963623047,4605000,0.0,0.0
2024-10-29 00:00:00-04:00,55.02760618959509,55.234713440577906,54.38827466242904,54.39727783203125,5174300,0.0,0.0
2024-10-30 00:00:00-04:00,54.49632380467845,54.92854803273449,54.298219745356285,54.460304260253906,4564700,0.0,0.0
2024-10-31 00:00:00-04:00,54.253193853254885,54.388265419425714,53.415758387026045,53.46078109741211,9170600,0.0,0.0
2024-11-01 00:00:00-04:00,53.735756823791945,54.11564446083107,53.202107525577986,53.256378173828125,4615700,0.264,0.0
2024-11-04 00:00:00-05:00,53.355866216527694,54.314623401083246,53.28350536090172,53.62721252441406,4691600,0.0,0.0
2024-11-05 00:00:00-05:00,53.36491114064118,53.37395452267805,52.38806026359096,53.20210266113281,5515400,0.0,0.0
2024-11-06 00:00:00-05:00,52.677500233205805,52.677500233205805,50.651441072162825,51.555931091308594,11418200,0.0,0.0
2024-11-07 00:00:00-05:00,51.80014326152941,51.854413904231,50.88660641967495,50.995147705078125,7303100,0.0,0.0
2024-11-08 00:00:00-05:00,51.375036224803765,52.198122065531365,51.28458859629316,52.0172233581543,5576600,0.0,0.0
2024-11-11 00:00:00-05:00,52.02626375638436,53.048338393847686,51.990083329312725,52.14384841918945,5228100,0.0,0.0
2024-11-12 00:00:00-05:00,51.91773139310573,52.14385391058379,51.53784376955757,51.57402420043945,3675500,0.0,0.0
2024-11-13 00:00:00-05:00,51.96294959914144,52.08957764320763,51.21222126595555,51.46548080444336,3792000,0.0,0.0
2024-11-14 00:00:00-05:00,51.411217620390225,51.411217620390225,50.54290794912517,50.714759826660156,5115100,0.0,0.0
2024-11-15 00:00:00-05:00,50.72380886701464,51.21223092188125,50.60622418234487,51.13987350463867,7984900,0.0,0.0
2024-11-18 00:00:00-05:00,50.7780744671862,51.456442052943814,50.62431280391867,51.347904205322266,4208300,0.0,0.0
2024-11-19 00:00:00-05:00,51.3026853353778,51.85442491037329,50.94088787461988,51.71875,3365100,0.0,0.0
2024-11-20 00:00:00-05:00,51.48356848727821,51.80014205345439,51.22126901289342,51.447391510009766,4131300,0.0,0.0
2024-11-21 00:00:00-05:00,51.30267332516759,52.01721779483382,51.15795506481494,51.9086799621582,2953100,0.0,0.0
2024-11-22 00:00:00-05:00,52.14385417984124,52.351886482952594,51.82728058352377,51.962955474853516,3277800,0.0,0.0
2024-11-25 00:00:00-05:00,52.00817928851149,52.207168209033576,51.709695907728374,51.962955474853516,6793300,0.0,0.0
2024-11-26 00:00:00-05:00,51.90868932831411,52.31571058723299,51.62829958911364,52.23430633544922,3038900,0.0,0.0
2024-11-27 00:00:00-05:00,52.58705417589796,53.174974124550324,52.57801079300057,52.74986267089844,3016100,0.0,0.0
2024-11-29 00:00:00-05:00,52.91266705527509,53.04834194068729,52.27047995841608,52.36092758178711,3486200,0.0,0.0
2024-12-02 00:00:00-05:00,52.31004328992881,52.40090527599672,51.256028307193034,51.51044464111328,5053000,0.264,0.0
2024-12-03 00:00:00-05:00,51.7012613803866,51.73760409583509,50.88348962494914,50.91074752807617,4856200,0.0,0.0
2024-12-04 00:00:00-05:00,51.20150676368999,51.40140728356355,50.82896709148354,51.0379524230957,4011300,0.0,0.0
2024-12-05 00:00:00-05:00,50.85623018166916,51.03795415189616,50.592725572212444,50.93800735473633,3790600,0.0,0.0
2024-12-06 00:00:00-05:00,50.93800562932135,51.21059504159102,50.83805536938458,51.0379524230957,3112200,0.0,0.0
2024-12-09 00:00:00-05:00,50.97434790134902,51.501357097850864,50.67450059029574,51.31962966918945,3946800,0.0,0.0
2024-12-10 00:00:00-05:00,51.11064506409074,51.17424914509973,50.60180894985643,50.68358612060547,5089600,0.0,0.0
2024-12-11 00:00:00-05:00,50.583633948937496,50.86531163002225,50.129317121088604,50.2656135559082,6634600,0.0,0.0
2024-12-12 00:00:00-05:00,50.129323944248156,50.77445656188669,50.02937714009388,50.10206604003906,3885200,0.0,0.0
2024-12-13 00:00:00-05:00,49.974854982567436,50.43825665820334,49.76586964130712,50.283790588378906,3899100,0.0,0.0
2024-12-16 00:00:00-05:00,49.97485570827701,50.40191467531979,49.538711928944295,49.593231201171875,5671600,0.0,0.0
2024-12-17 00:00:00-05:00,49.43876128261788,50.11115177026823,49.193429758725024,49.53871154785156,4951700,0.0,0.0
2024-12-18 00:00:00-05:00,49.3388055615418,49.81129546647726,47.95768202392172,47.98494338989258,7659400,0.0,0.0
2024-12-19 00:00:00-05:00,48.31205730368078,48.62099293318547,47.01271416335298,47.0308837890625,7959000,0.0,0.0
2024-12-20 00:00:00-05:00,47.24896004518382,48.666430094358034,47.24896004518382,47.96678161621094,14467200,0.0,0.0
2024-12-23 00:00:00-05:00,47.88499952579122,48.221193044222915,47.648752808716104,48.157588958740234,5474900,0.0,0.0
2024-12-24 00:00:00-05:00,48.04855125448901,48.37565994262695,47.857735542300205,48.37565994262695,2585000,0.0,0.0
2024-12-26 00:00:00-05:00,48.257537587051985,48.51195392034071,48.05763705880366,48.22119140625,7385900,0.0,0.0
2024-12-27 00:00:00-05:00,48.09399107652719,48.59373901241942,47.67602032768373,47.84865951538086,5373900,0.0,0.0
2024-12-30 00:00:00-05:00,47.75779207146404,48.03038150850344,47.43068336055166,47.91225814819336,5695300,0.0,0.0
2024-12-31 00:00:00-05:00,48.12123881546044,48.593728744553566,48.0394616456912,48.53012466430664,5643300,0.0,0.0
2025-01-02 00:00:00-05:00,48.63422077453157,48.71640416598187,47.84891706924905,48.03154373168945,4991100,0.264,0.0
2025-01-03 00:00:00-05:00,48.06807497366669,48.679885497140404,47.976761633867326,48.652488708496094,4074200,0.0,0.0
2025-01-06 00:00:00-05:00,48.58857124964993,48.65249128757402,47.91284413920075,48.15026092529297,6850000,0.0,0.0
2025-01-07 00:00:00-05:00,48.259837772583815,48.92643842719514,47.858054178294154,47.94936752319336,4908500,0.0,0.0
2025-01-08 00:00:00-05:00,47.97676431336778,47.97676431336778,47.438007218348496,47.94936752319336,4727800,0.0,0.0
2025-01-10 00:00:00-05:00,47.49278218497057,47.70280909681795,47.15491871164299,47.18231201171875,5852100,0.0,0.0
2025-01-13 00:00:00-05:00,47.25537460079089,47.96762840762825,47.11840110714648,47.912841796875,5172700,0.0,0.0
2025-01-14 00:00:00-05:00,47.97675874822432,48.72553923636041,47.894575353995705,48.53377914428711,4294600,0.0,0.0
2025-01-15 00:00:00-05:00,49.656950976623605,49.675214340565745,48.43333345954452,48.552040100097656,4978000,0.0,0.0
2025-01-16 00:00:00-05:00,48.57030288246225,49.885237203507074,48.48811948739694,49.83958053588867,4332000,0.0,0.0
2025-01-17 00:00:00-05:00,49.90350305084593,50.32354998724898,49.73000282852855,49.87610626220703,5345400,0.0,0.0
2025-01-21 00:00:00-05:00,49.97655848886741,50.67055248723524,49.912638447357345,50.46052551269531,5732400,0.0,0.0
2025-01-22 00:00:00-05:00,50.09526387396433,50.17744727430021,49.246036564953734,49.27342987060547,4950000,0.0,0.0
2025-01-23 00:00:00-05:00,49.38300086968864,49.529104278275526,48.88076713700243,49.42865753173828,3785600,0.0,0.0
2025-01-24 00:00:00-05:00,49.355605026914276,49.83044198472131,49.20950161554135,49.620418548583984,3359200,0.0,0.0
2025-01-27 00:00:00-05:00,50.314415566955304,51.27322303257669,50.14091883145401,51.13624954223633,6102700,0.0,0.0
2025-01-28 00:00:00-05:00,50.7983849334412,51.063195001294886,50.12265440328857,50.204837799072266,3694700,0.0,0.0
2025-01-29 00:00:00-05:00,50.30527507026172,50.37832502863509,49.20949782762257,49.3647346496582,3510700,0.0,0.0
2025-01-30 00:00:00-05:00,49.94915835926669,50.07699842482823,49.10906102597859,49.6021614074707,4277800,0.0,0.0
2025-01-31 00:00:00-05:00,49.392140683004996,50.2961580991873,49.337350587564,49.894371032714844,6768400,0.0,0.0
2025-02-03 00:00:00-05:00,49.4576048672141,50.23754712103077,49.19150560403698,49.99897766113281,4324200,0.264,0.0
2025-02-04 00:00:00-05:00,49.81545817095411,49.95309317889478,49.41172041362573,49.57688522338867,3700800,0.0,0.0
2025-02-05 00:00:00-05:00,50.09073291440745,50.21919365841657,49.595238472978444,49.94392013549805,4581700,0.0,0.0
2025-02-06 00:00:00-05:00,50.11826003514603,50.19166817594601,49.5677129803174,49.815460205078125,4367300,0.0,0.0
2025-02-07 00:00:00-05:00,49.714529528961556,49.87051658954291,49.43007821224529,49.65947341918945,4544100,0.0,0.0
2025-02-10 00:00:00-05:00,49.59523193214632,49.888857451240526,49.17314568598494,49.51264953613281,3831200,0.0,0.0
2025-02-11 00:00:00-05:00,49.54019242370422,50.0815652738717,49.36584981922911,49.898048400878906,3893200,0.0,0.0
2025-02-12 00:00:00-05:00,49.237382277782515,49.68699837968395,48.907052651943545,49.613590240478516,4310000,0.0,0.0
2025-02-13 00:00:00-05:00,49.65947167759514,50.466943757802,49.48513258653729,50.39353561401367,4129700,0.0,0.0
2025-02-14 00:00:00-05:00,50.540350455051524,50.86150232420125,49.98062562571099,49.99897766113281,3721300,0.0,0.0
2025-02-18 00:00:00-05:00,49.87051032325654,50.687160097610956,49.76040161784069,50.677982330322266,3811500,0.0,0.0
2025-02-19 00:00:00-05:00,50.5128231346531,51.27441689077578,50.466944793989896,51.081722259521484,4123500,0.0,0.0
2025-02-20 00:00:00-05:00,51.081721846910064,52.02683245834448,51.081721846910064,51.86166763305664,5226100,0.0,0.0
2025-02-21 00:00:00-05:00,52.045174036665124,52.60489877652692,51.962591640615145,52.38467788696289,7387200,0.0,0.0
2025-02-24 00:00:00-05:00,52.06353094241809,52.815946843393576,51.990122805594815,52.586551666259766,5309300,0.0,0.0
2025-02-25 00:00:00-05:00,51.100071734640075,51.806609346378465,49.66864797605208,51.60474395751953,9778000,0.0,0.0
2025-02-26 00:00:00-05:00,51.53133250037494,52.21951803243138,51.29276305605745,51.47627639770508,6078300,0.0,0.0
2025-02-27 00:00:00-05:00,51.448745241567856,52.14610847507574,51.43039320907636,51.907535552978516,5082100,0.0,0.0
2025-02-28 00:00:00-05:00,52.155288911865114,52.531496871720755,51.990124100192624,52.329627990722656,7520400,0.0,0.0
2025-03-03 00:00:00-05:00,52.25403927159553,53.139075079475525,52.20794431600547,53.05610275268555,5859800,0.268,0.0
2025-03-04 00:00:00-05:00,53.194382293433506,53.95956827612186,53.194382293433506,53.24969482421875,8280700,0.0,0.0
2025-03-05 00:00:00-05:00,52.862498905868875,53.71065729564659,52.63202062384413,53.57237243652344,5369000,0.0,0.0
2025-03-06 00:00:00-05:00,53.34188807590243,53.719872274676895,52.3001253751556,52.853275299072266,7126600,0.0,0.0
2025-03-07 00:00:00-05:00,52.98233690080434,54.41130123053447,52.94545953978478,53.91346740722656,6256800,0.0,0.0
2025-03-10 00:00:00-04:00,54.162394834134375,55.67433176128123,53.67378201462992,53.922698974609375,7584000,0.0,0.0
2025-03-11 00:00:00-04:00,53.93191784362176,54.180834809533735,51.83917462664579,52.28169250488281,7482500,0.0,0.0
2025-03-12 00:00:00-04:00,52.08809616150226,52.29091819229221,51.51651095824487,51.96824645996094,7062100,0.0,0.0
2025-03-13 00:00:00-04:00,52.08808204863309,52.96390006077918,51.442742275640235,51.4980583190918,5824100,0.0,0.0
2025-03-14 00:00:00-04:00,51.59947345294572,52.38309812230221,51.49806245687907,52.263248443603516,6367700,0.0,0.0
2025-03-17 00:00:00-04:00,52.50295286265462,52.89015468479905,52.37388558860647,52.530609130859375,3837200,0.0,0.0
2025-03-18 00:00:00-04:00,52.53982866847871,52.71499088993041,52.189500708755965,52.512168884277344,3708700,0.0,0.0
2025-03-19 00:00:00-04:00,52.51217112933317,52.57670476719645,51.88526991853024,52.03277587890625,6039800,0.0,0.0
2025-03-20 00:00:00-04:00,52.19871443927541,52.2355918042756,51.71931924473024,52.05120849609375,5079400,0.0,0.0
2025-03-21 00:00:00-04:00,51.87604929526406,51.93136534597148,51.23070943762133,51.4427490234375,10839500,0.0,0.0
2025-03-24 00:00:00-04:00,51.53494092330494,52.05120998075681,51.39665255901936,51.8852653503418,4699400,0.0,0.0
2025-03-25 00:00:00-04:00,51.931363585685226,52.04199216653086,51.17539165225238,51.30446243286133,6720600,0.0,0.0
2025-03-26 00:00:00-04:00,51.442753756193106,52.290915694308346,51.3690025319507,52.143409729003906,4472400,0.0,0.0
2025-03-27 00:00:00-04:00,52.06043345434386,52.48451263282045,51.7193230780385,51.77463912963867,4490600,0.0,0.0
2025-03-28 00:00:00-04:00,52.00511558596068,52.3093485839043,51.608692688723416,52.18949890136719,3504300,0.0,0.0
2025-03-31 00:00:00-04:00,52.318566111086014,53.71987438312812,52.318566111086014,53.48017501831055,8202100,0.0,0.0
2025-04-01 00:00:00-04:00,53.655229961467434,53.90530654656486,52.340012758347974,52.93278884887695,5135800,0.269,0.0
2025-04-02 00:00:00-04:00,53.127297910351345,53.30327617981294,52.49747611105234,52.905006408691406,4765600,0.0,0.0
2025-04-03 00:00:00-04:00,53.26622470506789,53.86826136558957,52.21961212684888,52.84943389892578,9623700,0.0,0.0
2025-04-04 00:00:00-04:00,52.17329756315752,52.78459469277499,51.00627352184949,51.08037185668945,12097500,0.0,0.0
2025-04-07 00:00:00-04:00,48.811165380627116,50.97849237844725,48.60739847716946,49.024192810058594,13272600,0.0,0.0
2025-04-08 00:00:00-04:00,50.05227993142258,50.42276100234794,47.98683656643393,48.41289138793945,12132400,0.0,0.0
2025-04-09 00:00:00-04:00,47.69970883782258,50.35792463230345,46.96800371836107,49.9967041015625,10569200,0.0,0.0
2025-04-10 00:00:00-04:00,49.92261136637911,50.73767184211534,48.72780222825275,50.1541633605957,7982300,0.0,0.0
2025-04-11 00:00:00-04:00,50.01523157049466,51.265610946475796,49.69106018655974,51.145206451416016,6516600,0.0,0.0
2025-04-14 00:00:00-04:00,51.4323261228073,52.460417508420676,51.274872467887796,52.11772155761719,4591800,0.0,0.0
2025-04-15 00:00:00-04:00,52.265920824804994,52.92352769586731,51.99731964089391,52.80311965942383,4991100,0.0,0.0
2025-04-16 00:00:00-04:00,52.79385164851088,53.645961242338956,52.77532706605338,53.034664154052734,4657900,0.0,0.0
2025-04-17 00:00:00-04:00,53.090240996947074,54.29431066126746,52.97909702892445,54.016448974609375,5109600,0.0,0.0
2025-04-21 00:00:00-04:00,53.85900717587019,54.35915690872296,52.94205952143312,53.68302536010742,4414200,0.0,0.0
2025-04-22 00:00:00-04:00,54.01644837371574,54.535126107389814,53.70153752348559,54.201690673828125,4058300,0.0,0.0
2025-04-23 00:00:00-04:00,54.05349459214045,54.33135626055213,53.18285688906032,53.7663688659668,4954500,0.0,0.0
2025-04-24 00:00:00-04:00,53.81268362623073,53.81268362623073,52.75680706684369,52.93278884887695,5522300,0.0,0.0
2025-04-25 00:00:00-04:00,53.034674463664516,53.136557920384874,52.386331617632294,52.691978454589844,3861500,0.0,0.0
2025-04-28 00:00:00-04:00,52.61787788982557,53.136552109934634,52.256653800988445,53.01614761352539,3789800,0.0,0.0
2025-04-29 00:00:00-04:00,53.01614444101342,53.41441060767766,52.636399324070645,53.14581298828125,3691100,0.0,0.0
2025-04-30 00:00:00-04:00,53.31253518029969,53.775639192707146,52.756808245488806,53.590396881103516,7999000,0.0,0.0
2025-05-01 00:00:00-04:00,53.691824459578605,53.85932090083301,53.07767202488123,53.198638916015625,4308500,0.269,0.0
2025-05-02 00:00:00-04:00,53.59877241209738,53.69182796871293,52.84504192689734,53.003231048583984,4292700,0.0,0.0
2025-05-05 00:00:00-04:00,53.00322643563109,53.36613420058099,52.80781510830518,52.984615325927734,4392800,0.0,0.0
2025-05-06 00:00:00-04:00,52.92879141046344,53.55224768092012,52.454216934715674,52.84504318237305,5650200,0.0,0.0
2025-05-07 00:00:00-04:00,52.85434510344875,53.254475118054806,52.649629980648,52.79851531982422,6818500,0.0,0.0
2025-05-08 00:00:00-04:00,52.76129331248036,52.86365264915085,52.29602618194651,52.342552185058594,4858600,0.0,0.0
2025-05-09 00:00:00-04:00,52.30533142543666,52.92879124363484,52.01686806825078,52.75198745727539,3634800,0.0,0.0
2025-05-12 00:00:00-04:00,52.24949583950669,52.29602183875479,51.505065652712354,52.054080963134766,8776900,0.0,0.0
2025-05-13 00:00:00-04:00,51.90519644233633,52.00755577209656,51.01188446394829,51.23521423339844,6642100,0.0,0.0
2025-05-14 00:00:00-04:00,51.22590601504679,51.346876452638426,50.6024498168941,50.75133514404297,6270200,0.0,0.0
2025-05-15 00:00:00-04:00,50.983971148796975,51.551597595214844,50.73272648154449,51.551597595214844,5836500,0.0,0.0
2025-05-16 00:00:00-04:00,51.64464369785781,52.42629250121903,51.458536163780195,52.3332405090332,6484500,0.0,0.0
2025-05-19 00:00:00-04:00,52.20297062601583,52.463522632915215,52.016866613567494,52.342552185058594,4691300,0.0,0.0
2025-05-20 00:00:00-04:00,52.109912965850384,52.4355985020045,52.109912965850384,52.2960205078125,2781400,0.0,0.0
2025-05-21 00:00:00-04:00,52.230888964302785,52.296026078472124,51.337573377668384,51.412017822265625,4534000,0.0,0.0
2025-05-22 00:00:00-04:00,51.3934040523709,51.54228938415657,50.84438872584131,51.34687805175781,4038600,0.0,0.0
2025-05-23 00:00:00-04:00,51.60743215695638,51.83076195399019,51.20730211831303,51.672569274902344,4007100,0.0,0.0
2025-05-27 00:00:00-04:00,51.91450763622874,52.4169969926129,51.69117785015583,52.25880432128906,4487800,0.0,0.0
2025-05-28 00:00:00-04:00,52.258796140331334,52.29601835713421,51.79352907941325,51.97032928466797,3306000,0.0,0.0
2025-05-29 00:00:00-04:00,51.92381526516592,52.4542195529781,51.70048901224857,52.444915771484375,4850700,0.0,0.0
2025-05-30 00:00:00-04:00,52.472821438282715,52.80781430845675,52.21227300579454,52.68684387207031,9971400,0.0,0.0
2025-06-02 00:00:00-04:00,52.452171049429715,52.91031102362783,52.05013093941454,52.900962829589844,4573600,0.269,0.0
2025-06-03 00:00:00-04:00,52.564374488574025,52.657870702160935,52.21843065166823,52.36802673339844,4757800,0.0,0.0
2025-06-04 00:00:00-04:00,52.21843026406061,52.54567414248957,51.909889908192504,52.283878326416016,5147700,0.0,0.0
2025-06-05 00:00:00-04:00,52.36801472256651,52.38671467432536,51.9566264838251,52.19972229003906,4883500,0.0,0.0
2025-06-06 00:00:00-04:00,52.1623251271984,52.52696528902691,51.99402911917735,52.35866928100586,4841600,0.0,0.0
2025-06-09 00:00:00-04:00,52.321265432764044,53.20014531212253,52.22776924275404,53.115997314453125,5659200,0.0,0.0
2025-06-10 00:00:00-04:00,53.14405142709827,53.80788372402147,53.134703233707725,53.620887756347656,4739200,0.0,0.0
2025-06-11 00:00:00-04:00,53.63959030631079,54.181878282150244,53.62089035197305,54.00423049926758,4193800,0.0,0.0
2025-06-12 00:00:00-04:00,54.03227889240918,54.34081920338494,53.77983487434645,54.19122314453125,4266800,0.0,0.0
2025-06-13 00:00:00-04:00,54.060328640318346,54.387568914176214,53.546092395691055,53.892032623291016,4854100,0.0,0.0
2025-06-16 00:00:00-04:00,53.93878304794881,54.28472685710317,53.50869479330742,53.65829086303711,5060600,0.0,0.0
2025-06-17 00:00:00-04:00,53.66764022117114,53.99488049447707,53.377796288634826,53.7891845703125,4274000,0.0,0.0
2025-06-18 00:00:00-04:00,53.873333841646314,54.144477826828556,53.54609356066882,53.8359375,4413000,0.0,0.0
2025-06-20 00:00:00-04:00,53.81723656915683,54.2192766594337,53.42454467245899,53.461944580078125,16937600,0.0,0.0
2025-06-23 00:00:00-04:00,53.499334058794005,54.649354244016514,53.499334058794005,54.574554443359375,5171300,0.0,0.0
2025-06-24 00:00:00-04:00,54.47171116725564,54.6119590221771,54.11642278364984,54.20991897583008,5388600,0.0,0.0
2025-06-25 00:00:00-04:00,53.994890307407914,54.032290221626006,53.340406075199816,53.36845779418945,8468700,0.0,0.0
2025-06-26 00:00:00-04:00,53.648940242740146,53.80788449922937,53.013156083480304,53.48064422607422,6188400,0.0,0.0
2025-06-27 00:00:00-04:00,53.58349302436878,53.901385108959936,53.125353068150055,53.32169723510742,5318600,0.0,0.0
2025-06-30 00:00:00-04:00,53.35909511560376,53.901383060863346,52.882258790161195,53.863983154296875,7304300,0.0,0.0
2025-07-01 00:00:00-04:00,53.95697589895006,54.61453030699645,53.75031860407732,54.29514694213867,5686900,0.269,0.0
2025-07-02 00:00:00-04:00,54.013339781657955,54.332723151528306,53.675168733161904,54.2481803894043,3975000,0.0,0.0
2025-07-03 00:00:00-04:00,54.22000181068338,54.37029965948665,53.91001048187349,54.18242645263672,2942500,0.0,0.0
2025-07-07 00:00:00-04:00,54.19182848562742,54.42666914161479,53.74093485613775,54.04153060913086,4691000,0.0,0.0
2025-07-08 00:00:00-04:00,53.722125228802724,54.15423458267981,53.60001071760812,54.003936767578125,3968800,0.0,0.0
2025-07-09 00:00:00-04:00,53.994553943371635,54.08849233970193,53.468509674072266,53.468509674072266,5712200,0.0,0.0
2025-07-10 00:00:00-04:00,53.34639890735346,53.69396203990173,53.16791773339283,53.477909088134766,5412800,0.0,0.0
2025-07-11 00:00:00-04:00,53.327603706294376,53.86303998589965,53.158518188168166,53.69395446777344,4629300,0.0,0.0
2025-07-14 00:00:00-04:00,53.656377336113096,55.40359191000404,53.60940993449536,55.14057159423828,13455200,0.0,0.0
2025-07-15 00:00:00-04:00,54.670896562581774,54.89634154906603,53.22427749633789,53.22427749633789,7800400,0.0,0.0
2025-07-16 00:00:00-04:00,53.52487498543593,53.72214025103361,53.177311862709026,53.346397399902344,5292700,0.0,0.0
2025-07-17 00:00:00-04:00,53.30881750748387,53.47790303030162,52.942466735839844,52.942466735839844,4440100,0.0,0.0
2025-07-18 00:00:00-04:00,53.027011576167745,53.37457468297117,52.88610577383434,53.045799255371094,4161900,0.0,0.0
2025-07-21 00:00:00-04:00,53.233666233542145,53.53426550246472,52.90489082229074,52.970645904541016,3718400,0.0,0.0
2025-07-22 00:00:00-04:00,53.07397221642022,54.370293249124266,53.06458016970759,54.33271789550781,5154900,0.0,0.0
2025-07-23 00:00:00-04:00,54.27636570486402,54.56756937847472,54.050920704906545,54.370304107666016,3666100,0.0,0.0
2025-07-24 00:00:00-04:00,54.25756813243259,54.727249310662515,54.13545360612858,54.50180435180664,3995900,0.0,0.0
2025-07-25 00:00:00-04:00,54.5675614265441,54.67089186287651,53.81607223055819,54.38908386230469,4439300,0.0,0.0
2025-07-28 00:00:00-04:00,54.389085294165014,54.389085294165014,53.402751891122456,53.412147521972656,4243400,0.0,0.0
2025-07-29 00:00:00-04:00,53.609412349713416,53.956975437402775,53.31820871315123,53.88182830810547,4392200,0.0,0.0
2025-07-30 00:00:00-04:00,53.90062141995076,54.229396862613555,53.15852418264493,53.346397399902344,3860500,0.0,0.0
2025-07-31 00:00:00-04:00,53.318217187394104,53.496698366686005,52.64187858269022,52.72642135620117,7458500,0.0,0.0
2025-08-01 00:00:00-04:00,53.32954672198349,53.80148961332848,52.78209123971682,53.3956184387207,7981900,0.269,0.0
2025-08-04 00:00:00-04:00,53.38619551325547,54.254568938407914,53.35787648372956,54.226253509521484,5232200,0.0,0.0
2025-08-05 00:00:00-04:00,54.160176093444434,54.348954001042685,53.96195731011477,53.99027633666992,4204400,0.0,0.0
2025-08-06 00:00:00-04:00,54.01859596980106,54.264008348984355,53.69767458208095,53.716552734375,4195500,0.0,0.0
2025-08-07 00:00:00-04:00,53.76373792136174,53.99970938723918,53.11245797176999,53.886444091796875,5058300,0.0,0.0
2025-08-08 00:00:00-04:00,53.952525198242895,54.726511452890485,53.92420976961708,54.21681213378906,4538000,0.0,0.0
2025-08-11 00:00:00-04:00,54.16017942354617,54.66987512456984,54.13186039524979,54.16961669921875,3609400,0.0,0.0
2025-08-12 00:00:00-04:00,54.22624998882868,54.46222148260022,53.810937855381646,54.42446517944336,4143500,0.0,0.0
2025-08-13 00:00:00-04:00,54.49053798585912,54.76426578819377,54.065788568553515,54.64155960083008,4666600,0.0,0.0
2025-08-14 00:00:00-04:00,54.54716599053646,54.764259311342094,54.37726624370789,54.57548141479492,4193700,0.0,0.0
2025-08-15 00:00:00-04:00,54.7548244304931,55.39666718863641,54.57548738949161,55.19845199584961,6242800,0.0,0.0
2025-08-18 00:00:00-04:00,55.19845554297394,55.34003989014249,54.603806325761326,54.622684478759766,4331100,0.0,0.0
2025-08-19 00:00:00-04:00,54.792577944834115,55.71758573139071,54.735947093000284,55.698707580566406,4600200,0.0,0.0
2025-08-20 00:00:00-04:00,55.90636332152419,56.79361480139381,55.830854319294836,56.53876876831055,6768000,0.0,0.0
2025-08-21 00:00:00-04:00,56.3971913828053,56.50101942421489,55.9913200940076,56.236732482910156,4921000,0.0,0.0
2025-08-22 00:00:00-04:00,56.5010209299602,56.72755157121855,55.53825670301316,55.613765716552734,7650000,0.0,0.0
2025-08-25 00:00:00-04:00,55.38723109041156,55.585446287411756,54.858653631105014,54.943603515625,6829000,0.0,0.0
2025-08-26 00:00:00-04:00,55.02855429318025,55.10406690315209,54.4811022734421,54.86809539794922,7617700,0.0,0.0
2025-08-27 00:00:00-04:00,55.12293801314324,55.47217478804598,54.91528196289023,55.26451873779297,5703900,0.0,0.0
2025-08-28 00:00:00-04:00,55.34003840835495,55.34003840835495,54.6132457402534,54.86809539794922,5009800,0.0,0.0
2025-08-29 00:00:00-04:00,54.934160419745695,55.48161237259862,54.905841394146435,55.46273422241211,4370700,0.0,0.0
2025-09-02 00:00:00-04:00,55.016116498900395,55.29110312467704,54.48510821642114,54.750614166259766,5442000,0.269,0.0
2025-09-03 00:00:00-04:00,54.66527785444169,54.98767511931299,54.46614747231657,54.949745178222656,4102200,0.0,0.0
2025-09-04 00:00:00-04:00,55.06353420509687,55.61350752748601,54.93078302167838,55.26266098022461,4320300,0.0,0.0
2025-09-05 00:00:00-04:00,55.42386054139196,56.22037124633789,55.40489557017915,56.22037124633789,5321100,0.0,0.0
2025-09-08 00:00:00-04:00,55.964350640063934,56.191923064609675,55.59454273727824,56.04020690917969,5197800,0.0,0.0
2025-09-09 00:00:00-04:00,55.99280056341297,56.4479490644497,55.784193094520354,56.4100227355957,4083700,0.0,0.0
2025-09-10 00:00:00-04:00,56.44794183648268,56.75137413165369,56.106579600115715,56.37208557128906,4673300,0.0,0.0
2025-09-11 00:00:00-04:00,56.46690728497068,57.13066679272415,56.46690728497068,57.045326232910156,4690700,0.0,0.0
2025-09-12 00:00:00-04:00,56.978946872734106,57.453060258722175,56.92205196422423,57.282379150390625,3910100,0.0,0.0
2025-09-15 00:00:00-04:00,57.44358852714102,57.927182664582396,56.96947506732849,57.10222625732422,6098800,0.0,0.0
2025-09-16 00:00:00-04:00,57.121186236335824,57.415134240715986,56.69448343636651,56.8746452331543,6206300,0.0,0.0
2025-09-17 00:00:00-04:00,57.13066517051652,57.35824119595799,56.60914114966099,56.618621826171875,5236300,0.0,0.0
2025-09-18 00:00:00-04:00,56.362603229289405,56.666035534968614,55.9074547707706,56.04969024658203,6234000,0.0,0.0
2025-09-19 00:00:00-04:00,56.01177017121008,56.60915421077661,55.89798394083519,56.097110748291016,12684300,0.0,0.0
2025-09-22 00:00:00-04:00,56.239345572152835,56.24882625073701,55.67040719272912,56.002288818359375,5909900,0.0,0.0
2025-09-23 00:00:00-04:00,56.05916967134771,56.552248061361524,56.040204700516604,56.4669075012207,4571800,0.0,0.0
2025-09-24 00:00:00-04:00,56.58069361157582,57.17807753153285,56.381566843989575,56.8746452331543,5751300,0.0,0.0
2025-09-25 00:00:00-04:00,57.08326141866016,57.23497758146782,56.410021172276096,56.694488525390625,4799300,0.0,0.0
2025-09-26 00:00:00-04:00,56.77034534487573,57.33928367378213,56.77034534487573,57.19704818725586,5681800,0.0,0.0
2025-09-29 00:00:00-04:00,57.17808151891434,57.415138244628906,56.988435414902966,57.415138244628906,6067500,0.0,0.0
2025-09-30 00:00:00-04:00,57.41513940126366,57.671161104256804,57.17808267077355,57.64271545410156,6684000,0.0,0.0
2025-10-01 00:00:00-04:00,57.62366282113713,57.8522541566161,57.442697254162624,57.58556365966797,5639100,0.27,0.0
2025-10-02 00:00:00-04:00,57.414113699336845,57.44268988343999,56.975984298667804,57.22362518310547,4493300,0.0,0.0
2025-10-03 00:00:00-04:00,57.1950572763085,57.85225510575772,57.1950572763085,57.528419494628906,4124200,0.0,0.0
2025-10-06 00:00:00-04:00,57.38553977264405,57.51888318414307,57.052181243896484,57.052181243896484,4976800,0.0,0.0
2025-10-07 00:00:00-04:00,57.10933386412795,57.233154319682434,56.680727389774674,56.79502487182617,4613200,0.0,0.0
2025-10-08 00:00:00-04:00,56.66168864001627,56.718833754964734,56.156883780174304,56.204505920410156,4673500,0.0,0.0
2025-10-09 00:00:00-04:00,56.328314703070966,56.48070770020465,55.64254439930157,55.87113571166992,4040100,0.0,0.0
2025-10-10 00:00:00-04:00,55.96638670858406,56.166405493481825,55.45206255218777,55.49015808105469,4849400,0.0,0.0
2025-10-13 00:00:00-04:00,55.356809537185796,56.071152412545224,55.271088246809235,55.937808990478516,4231700,0.0,0.0
2025-10-14 00:00:00-04:00,55.93781639668193,56.2807016035864,55.77590040083051,56.04258728027344,5303500,0.0,0.0
2025-10-15 00:00:00-04:00,56.05210673792295,56.71882752803756,55.823519036552,56.63310623168945,5143800,0.0,0.0
2025-10-16 00:00:00-04:00,56.72834763644,57.06170617664092,56.42356164730328,56.47118377685547,4717800,0.0,0.0
2025-10-17 00:00:00-04:00,56.67120637289933,57.137912024049896,56.50929038440664,57.09028625488281,4241100,0.0,0.0
2025-10-20 00:00:00-04:00,57.156954733364884,57.76653039080778,57.137908786780415,57.75700378417969,3687600,0.0,0.0
2025-10-21 00:00:00-04:00,57.81415455015938,58.004646722702994,56.852170713815326,57.17600631713867,5307300,0.0,0.0
2025-10-22 00:00:00-04:00,57.195048879270935,57.67127743552354,57.01408333589574,57.40459060668945,4077400,0.0,0.0
2025-10-23 00:00:00-04:00,57.633181557727504,57.699856902064674,57.03313615871472,57.356971740722656,3455700,0.0,0.0
2025-10-24 00:00:00-04:00,57.509370501117644,57.56651561150673,57.12838614295522,57.13791275024414,3884200,0.0,0.0
2025-10-27 00:00:00-04:00,57.14743514035875,57.53794246848443,56.94741998936816,57.528419494628906,4946500,0.0,0.0
2025-10-28 00:00:00-04:00,57.4045949370893,57.4045949370893,56.347366881121275,56.394989013671875,5791000,0.0,0.0
2025-10-29 00:00:00-04:00,56.233070777699886,56.49023464314696,55.32823576223847,55.58539962768555,7192900,0.0,0.0
2025-10-30 00:00:00-04:00,55.73779882144338,56.04258485140776,55.12822676151462,55.15679931640625,7396400,0.0,0.0
2025-10-31 00:00:00-04:00,54.984549041939545,55.683099272886786,54.74531936077862,55.482147216796875,6794300,0.27,0.0
2025-11-03 00:00:00-05:00,55.204642116226076,55.82664077223806,54.85058319606122,55.69267272949219,7773500,0.0,0.0
2025-11-04 00:00:00-05:00,55.30990140602354,55.443869443057594,53.53960323032178,53.72141647338867,11474000,0.0,0.0
2025-11-05 00:00:00-05:00,54.065904436393765,54.54436376768928,53.68313551121535,53.702274322509766,7875100,0.0,0.0
2025-11-06 00:00:00-05:00,53.88409757560286,54.209450105365995,53.66400669522713,53.903236389160156,6114400,0.0,0.0
2025-11-07 00:00:00-05:00,54.07548011190489,54.44868151248145,53.96065087730355,54.41997146606445,5958500,0.0,0.0
2025-11-10 00:00:00-05:00,54.42953585029157,54.57307146289548,53.61615277744906,53.95107650756836,6427800,0.0,0.0
2025-11-11 00:00:00-05:00,54.23815487282516,54.79316584790895,54.18073843387636,54.69747543334961,5019100,0.0,0.0
2025-11-12 00:00:00-05:00,54.611354519843935,54.735754983428365,54.3242796157191,54.477386474609375,5498000,0.0,0.0
2025-11-13 00:00:00-05:00,54.50608601232375,55.166362224130346,54.113749507631354,54.15202713012695,6716400,0.0,0.0
2025-11-14 00:00:00-05:00,54.39125919156485,54.65919526012878,54.10418431090989,54.35298156738281,5630900,0.0,0.0
2025-11-17 00:00:00-05:00,54.39126188992783,54.61135276436056,54.21901622291868,54.544368743896484,5548000,0.0,0.0
2025-11-18 00:00:00-05:00,54.54437552694082,54.98455733054653,54.2381617809233,54.869728088378906,5440700,0.0,0.0
2025-11-19 00:00:00-05:00,54.85057812263693,54.936700949344086,54.10418272474498,54.2668571472168,4429100,0.0,0.0
2025-11-20 00:00:00-05:00,54.352982522459136,54.57307338984049,53.84581676937842,53.8745231628418,6060300,0.0,0.0
2025-11-21 00:00:00-05:00,54.05633846877464,54.69747223966941,53.884092812340654,54.228580474853516,7221700,0.0,0.0
2025-11-24 00:00:00-05:00,54.448675787041154,54.57307259046376,53.8745223736973,54.056339263916016,10444700,0.0,0.0
2025-11-25 00:00:00-05:00,54.25729703788543,54.582649577985315,54.03720615051721,54.27643585205078,7260000,0.0,0.0
2025-11-26 00:00:00-05:00,54.295567997244305,54.927134185705214,54.23815156180055,54.6783332824707,5129900,0.0,0.0
2025-11-28 00:00:00-05:00,54.71679604198558,55.39943310400015,54.68795335892994,55.38982009887695,3490800,0.27,0.0
2025-12-01 00:00:00-05:00,55.091763844577756,55.37058866422296,54.82255569743669,55.21675491333008,4602100,0.0,0.0
2025-12-02 00:00:00-05:00,55.37058551167112,55.50518957757791,54.86101192854238,55.284053802490234,4730700,0.0,0.0
2025-12-03 00:00:00-05:00,55.51481197460207,56.005155932070934,55.30328918197161,55.851322174072266,6560800,0.0,0.0
2025-12-04 00:00:00-05:00,55.87055296758494,56.36089693484218,55.639800492137546,55.966697692871094,6072600,0.0,0.0
2025-12-05 00:00:00-05:00,55.957079700837035,56.59164436716083,55.86093131643292,56.226287841796875,5419800,0.0,0.0
2025-12-08 00:00:00-05:00,56.21667501584361,56.21667501584361,55.110992431640625,55.110992431640625,8372000,0.0,0.0
2025-12-09 00:00:00-05:00,55.30328671660663,55.572494864181756,54.80332610847716,54.85139846801758,6047300,0.0,0.0
2025-12-10 00:00:00-05:00,54.88985791241353,55.360975839125736,54.466816013006245,54.48604202270508,7983900,0.0,0.0
2025-12-11 00:00:00-05:00,54.78409814866638,55.187914050375085,54.50527331983014,55.01485061645508,5385900,0.0,0.0
2025-12-12 00:00:00-05:00,55.08215366613679,55.68787202828483,55.08215366613679,55.495582580566406,5166000,0.0,0.0
2025-12-15 00:00:00-05:00,55.659025225691565,55.918620362123775,55.41865976614535,55.841705322265625,6600100,0.0,0.0
2025-12-16 00:00:00-05:00,55.870545445020795,55.9282308053511,55.19752145557704,55.22636413574219,5410400,0.0,0.0
2025-12-17 00:00:00-05:00,55.1782910819201,55.64940896887981,54.98599799198377,55.53403091430664,6212400,0.0,0.0
2025-12-18 00:00:00-05:00,55.61095927394343,55.78402271816923,54.42836151685796,54.58219528198242,9714500,0.0,0.0
2025-12-19 00:00:00-05:00,54.639880107339174,55.00523297904241,54.139919492302866,54.159149169921875,14314500,0.0,0.0
2025-12-22 00:00:00-05:00,54.187991192455875,54.56296073224419,53.85147733975118,54.48604202270508,6001600,0.0,0.0
2025-12-23 00:00:00-05:00,54.53411472682245,54.61102976398859,53.707256988093576,53.774559020996094,6825100,0.0,0.0
2025-12-24 00:00:00-05:00,53.98608508144462,54.55334772739477,53.97646840890926,54.48604202270508,2415500,0.0,0.0
2025-12-26 00:00:00-05:00,54.44758273626883,54.64948883393273,54.24567297091923,54.50526809692383,4445800,0.0,0.0
2025-12-29 00:00:00-05:00,54.57257521650897,54.85140004461804,54.53411952838285,54.62065124511719,6390400,0.0,0.0
2025-12-30 00:00:00-05:00,54.73602766840011,54.880248424184366,54.54373454991651,54.83217239379883,4993700,0.0,0.0
2025-12-31 00:00:00-05:00,54.80318714784347,54.822508297829536,54.426433935946555,54.455413818359375,4774400,0.27,0.0
2026-01-02 00:00:00-05:00,54.43609050680925,55.58567493197059,54.020695011434846,55.363487243652344,6203100,0.0,0.0
2026-01-05 00:00:00-05:00,55.35382457687003,56.116993384477695,54.8418270228425,55.8851432800293,6824400,0.0,0.0
2026-01-06 00:00:00-05:00,55.97209213702568,55.97209213702568,54.77421025360036,55.46975326538086,12238100,0.0,0.0
2026-01-07 00:00:00-05:00,55.76922462013958,55.95277002416646,55.06401920239501,55.402130126953125,5629900,0.0,0.0
2026-01-08 00:00:00-05:00,55.3731517995033,56.551716229880874,55.35383064825236,56.31020736694336,5709600,0.0,0.0
2026-01-09 00:00:00-05:00,56.242587254213376,56.67730027542577,56.0493794197118,56.19428253173828,5188100,0.0,0.0
2026-01-12 00:00:00-05:00,56.4164761988496,57.054059498676565,56.319870435158805,56.88983154296875,6354700,0.0,0.0
2026-01-13 00:00:00-05:00,56.947788241577534,57.363183763308534,56.677295820483366,57.21827697753906,5062100,0.0,0.0
2026-01-14 00:00:00-05:00,57.27623637288031,58.27125159696232,57.247252806699294,58.261592864990234,6755200,0.0,0.0
2026-01-15 00:00:00-05:00,58.251932294180136,58.686648949349966,58.10702919921186,58.65766906738281,6752800,0.0,0.0
2026-01-16 00:00:00-05:00,58.416165891068275,59.44982354634287,58.32922255159972,59.33389663696289,7223400,0.0,0.0
2026-01-20 00:00:00-05:00,59.33389179464251,59.84589305645349,58.80257306797758,59.527099609375,7360000,0.0,0.0
2026-01-21 00:00:00-05:00,59.700988688872336,59.75895214117632,58.87986004946241,59.69132995605469,6319000,0.0,0.0
2026-01-22 00:00:00-05:00,59.66234478415639,59.845893868953866,58.7252929504506,58.78325271606445,7229800,0.0,0.0
2026-01-23 00:00:00-05:00,58.85087731283554,58.87986088196369,58.145671882929996,58.67699432373047,5406300,0.0,0.0
2026-01-26 00:00:00-05:00,58.96680719848835,59.05375054000023,58.213297010340995,58.34854507446289,6867100,0.0,0.0
2026-01-27 00:00:00-05:00,58.35820319587762,58.89918439129287,58.18431651467747,58.85087966918945,6180100,0.0,0.0
2026-01-28 00:00:00-05:00,58.85087563691356,59.08272575767242,57.865522757803156,58.029747009277344,5077800,0.0,0.0
2026-01-29 00:00:00-05:00,58.28091660207386,58.71562957763672,58.058725220393114,58.71562957763672,5344200,0.0,0.0
2026-01-30 00:00:00-05:00,58.83207329277044,59.41427935549812,58.608894178672294,59.34635543823242,7304100,0.27,0.0
2026-02-02 00:00:00-05:00,59.22020788271559,59.462794352759914,58.65740919703217,58.73503494262695,5991300,0.0,0.0
2026-02-03 00:00:00-05:00,58.74474233991213,59.812121361374395,58.73503680791969,59.63745880126953,6668800,0.0,0.0
2026-02-04 00:00:00-05:00,59.85093473573383,60.675727260837405,59.433685707295325,60.60780334472656,8623800,0.0,0.0
2026-02-05 00:00:00-05:00,60.714543093767055,61.85955155994385,60.617509983715145,61.481117248535156,8392500,0.0,0.0
2026-02-06 00:00:00-05:00,61.51993739757711,62.00511039376754,60.79217790329146,61.354976654052734,4717600,0.0,0.0
2026-02-09 00:00:00-05:00,61.30645894076277,61.354975499153326,60.704845473252284,61.2191276550293,4743300,0.0,0.0
2026-02-10 00:00:00-05:00,61.34527610955068,62.23799266450939,61.11239143780095,62.00511169433594,5549400,0.0,0.0
2026-02-11 00:00:00-05:00,62.04392331551044,62.70376260818773,61.74311841769251,62.587318420410156,6624500,0.0,0.0
2026-02-12 00:00:00-05:00,62.781375527144064,64.31452379558017,62.781375527144064,62.859004974365234,13316800,0.0,0.0
2026-02-13 00:00:00-05:00,63.09188912167807,64.04283139062265,62.82989897792147,63.71291732788086,5767300,0.0,0.0
2026-02-17 00:00:00-05:00,63.80024895648032,64.76088941541386,63.80024895648032,64.51830291748047,6984500,0.0,0.0
2026-02-18 00:00:00-05:00,64.43096938898381,64.4697841134514,63.09188730588346,63.14040756225586,7854600,0.0,0.0
2026-02-19 00:00:00-05:00,63.27625793784116,63.742027247008224,62.94634387134317,63.55765914916992,5367700,0.0,0.0
2026-02-20 00:00:00-05:00,63.877875544996854,64.40186324538863,63.55765960534321,64.17868041992188,5576800,0.0,0.0
2026-02-23 00:00:00-05:00,64.42126602682424,65.15873101024299,64.28541818818815,64.70266723632812,5348700,0.0,0.0
2026-02-24 00:00:00-05:00,64.62504614860835,64.93555659184194,64.26602284424156,64.54741668701172,6000000,0.0,0.0
2026-02-25 00:00:00-05:00,64.04283236338625,64.27571331727964,63.07248641848646,64.03312683105469,6953600,0.0,0.0
2026-02-26 00:00:00-05:00,64.16897437050176,65.03258166516503,64.13986517679545,64.62503814697266,6314300,0.0,0.0
2026-02-27 00:00:00-05:00,64.88809697671425,66.19365717747263,64.8491242538109,65.27781677246094,13326200,0.27,0.0
2026-03-02 00:00:00-05:00,65.0829657984225,65.97931619705477,64.80041910973219,65.82342529296875,6736300,0.0,0.0
2026-03-03 00:00:00-05:00,64.98552190062158,65.31678631251434,64.45940875028062,64.84912109375,6168000,0.0,0.0
2026-03-04 00:00:00-05:00,64.72246767704597,64.74195032161272,63.64099878806596,64.30352020263672,7227200,0.0,0.0
2026-03-05 00:00:00-05:00,63.6409994264562,63.86509072429884,62.79335943020816,63.134368896484375,8189500,0.0,0.0
2026-03-06 00:00:00-05:00,62.94925646929679,63.38768663548936,62.588764323051485,63.32923126220703,6236800,0.0,0.0
2026-03-09 00:00:00-04:00,62.54979056075578,63.47537607769657,62.29647527522452,63.270774841308594,7143400,0.0,0.0
2026-03-10 00:00:00-04:00,63.09540004868878,63.86509464658537,62.69593519030599,63.212310791015625,5113700,0.0,0.0
2026-03-11 00:00:00-04:00,62.92976989347141,63.11488849689017,62.481594662346794,63.046688079833984,5318300,0.0,0.0
2026-03-12 00:00:00-04:00,62.89078646979446,63.73841891840846,62.68617784431609,63.35844421386719,6149100,0.0,0.0
2026-03-13 00:00:00-04:00,63.98200239418188,64.12814824853723,62.705677294938106,62.78362274169922,5752200,0.0,0.0
2026-03-16 00:00:00-04:00,63.24155176043923,63.82612782601514,63.144116221769934,63.25128936767578,6842400,0.0,0.0
2026-03-17 00:00:00-04:00,63.3584559580922,63.63125759824921,62.4133878237717,62.4426155090332,6457800,0.0,0.0
2026-03-18 00:00:00-04:00,62.18930365567156,62.3451908374064,61.16629007660287,61.41960906982422,6777100,0.0,0.0
2026-03-19 00:00:00-04:00,61.3514075501997,61.594981499544126,60.91297369805103,61.02988815307617,4695900,0.0,0.0
2026-03-20 00:00:00-04:00,60.698629176402406,60.99091718068074,59.04232552996706,59.383331298828125,10257300,0.0,0.0
2026-03-23 00:00:00-04:00,59.9873904471658,60.182250345097366,59.16898184916796,59.28589630126953,7383700,0.0,0.0
2026-03-24 00:00:00-04:00,59.09104433947565,59.5197331722216,58.80849765313133,58.90592575073242,5404400,0.0,0.0
2026-03-25 00:00:00-04:00,58.94489363149454,59.178726249818595,58.311599899209554,58.516204833984375,5576100,0.0,0.0
2026-03-26 00:00:00-04:00,58.4090355692296,59.091043391426226,58.36032152121062,58.72080993652344,3980800,0.0,0.0
2026-03-27 00:00:00-04:00,58.78900666608465,59.64638798078074,58.506460001964754,59.130008697509766,5341600,0.0,0.0
2026-03-30 00:00:00-04:00,59.685355444661326,60.16276199296499,59.25666665671114,59.57818603515625,5113000,0.0,0.0
2026-03-31 00:00:00-04:00,59.99019185255046,60.293569374405934,59.4519445416097,59.87275695800781,7479500,0.271,0.0
2026-04-01 00:00:00-04:00,59.941256791692936,60.66544667961558,59.70638328574329,60.557796478271484,5998900,0.0,0.0
2026-04-02 00:00:00-04:00,60.89053716787204,61.340707383248855,60.47950942930204,60.8807487487793,6168200,0.0,0.0
2026-04-06 00:00:00-04:00,60.4599421667208,60.900327738748636,60.31314946483714,60.50887680053711,3712000,0.0,0.0
2026-04-07 00:00:00-04:00,60.48929795434733,61.08626085846844,60.38164774326691,60.90032196044922,4609500,0.0,0.0
2026-04-08 00:00:00-04:00,61.24284082701769,61.61471859347426,60.62630113372088,61.4483528137207,8524000,0.0,0.0
2026-04-09 00:00:00-04:00,61.25262750694772,62.28997962576478,60.97861151575327,61.84959411621094,4289200,0.0,0.0
2026-04-10 00:00:00-04:00,61.93767008422144,62.3976249562791,61.70279657236328,62.387840270996094,5577500,0.0,0.0
2026-04-13 00:00:00-04:00,62.01596428337433,62.201906918984434,61.47771694841551,61.96703338623047,5086700,0.0,0.0
2026-04-14 00:00:00-04:00,62.04532440012828,62.49549461673653,61.604938869451495,62.446563720703125,4391000,0.0,0.0
2026-04-15 00:00:00-04:00,62.45634908253019,62.622718610669885,61.89852864869894,62.59335708618164,4907700,0.0,0.0
2026-04-16 00:00:00-04:00,62.62272186937433,63.26861944390473,62.58357565681169,63.25883102416992,4200900,0.0,0.0
2026-04-17 00:00:00-04:00,63.22946394222245,63.87535768867549,62.89672491751139,63.69920349121094,5151200,0.0,0.0
2026-04-20 00:00:00-04:00,63.62092920483392,63.95366081892484,63.42519813797741,63.5328483581543,4092300,0.0,0.0
2026-04-21 00:00:00-04:00,63.51327458339938,63.57199016619916,62.593357298862884,62.632503509521484,6721100,0.0,0.0
2026-04-22 00:00:00-04:00,62.87715462791615,63.063097240958676,61.78108698553141,61.98659896850586,5461600,0.0,0.0
2026-04-23 00:00:00-04:00,62.36826881653574,62.749938750046766,62.23126081982364,62.710792541503906,3660600,0.0,0.0
2026-04-24 00:00:00-04:00,62.710800417121526,62.838020011080985,61.95725260738178,61.97682571411133,4133500,0.0,0.0
2026-04-27 00:00:00-04:00,61.947457516014914,62.358485246693114,61.24284441557627,61.409210205078125,4742700,0.0,0.0
2026-04-28 00:00:00-04:00,61.85938426546855,62.21169270422964,61.30156381515957,62.19211959838867,5219300,0.0,0.0
2026-04-29 00:00:00-04:00,61.8691676630881,62.231260758784614,61.77130214182693,61.93767166137695,4855100,0.0,0.0
2026-04-30 00:00:00-04:00,61.781407475003824,63.157386856106605,61.781407475003824,63.137725830078125,7824200,0.271,0.0
2026-05-01 00:00:00-04:00,63.10823741013179,63.22618106266484,62.62664728463523,62.71510314941406,4658200,0.0,0.0
2026-05-04 00:00:00-04:00,62.312133409221055,62.95098168716992,62.13522169376572,62.36127471923828,4361000,0.0,0.0
2026-05-05 00:00:00-04:00,62.292479042818876,62.70527056532028,62.12539408187178,62.479217529296875,3611700,0.0,0.0
2026-05-06 00:00:00-04:00,62.459560859149285,62.98046927256401,62.459560859149285,62.91167068481445,5081400,0.0,0.0
2026-05-07 00:00:00-04:00,62.508699405446585,62.57749799015128,60.4643916399155,60.729759216308594,13525000,0.0,0.0
2026-05-08 00:00:00-04:00,61.00495637441339,61.604490139611165,60.52336625922432,60.85752868652344,7270800,0.0,0.0
2026-05-11 00:00:00-04:00,60.936162179687166,61.52586547527762,60.91650490326854,61.28998565673828,5683200,0.0,0.0
2026-05-12 00:00:00-04:00,61.545517629479036,61.82071572719398,61.26049651823549,61.457061767578125,5549500,0.0,0.0
2026-05-13 00:00:00-04:00,61.21135130945708,61.3292949578692,60.130227443705245,60.464393615722656,6456300,0.0,0.0
2026-05-14 00:00:00-04:00,60.64130588118268,61.12289599415756,60.464394156224856,60.89684295654297,6052100,0.0,0.0
2026-05-15 00:00:00-04:00,60.90667589027045,60.99513175626637,60.06143178169654,60.071258544921875,5294900,0.0,0.0
2026-05-18 00:00:00-04:00,60.395593609199814,60.670787950542845,60.287480475317416,60.65113067626953,5333300,0.0,0.0
2026-05-19 00:00:00-04:00,60.493877260077724,61.36860535928651,60.326796049775716,61.02461242675781,4300900,0.0,0.0
2026-05-20 00:00:00-04:00,60.975470038617644,61.25066437978331,60.6118160886582,61.17203903198242,4749600,0.0,0.0
2026-05-21 00:00:00-04:00,61.03443814897847,61.28997896527935,60.59216260019303,61.162208557128906,3807500,0.0,0.0
2026-05-22 00:00:00-04:00,61.162210122854674,61.34894860936136,60.51353505222296,60.955814361572266,4332500,0.0,0.0
2026-05-26 00:00:00-04:00,61.014786828162016,61.427578355072015,60.808387315465176,61.37843704223633,4932200,0.0,0.0
2026-05-27 00:00:00-04:00,61.35878165963146,61.85020230162803,61.06393002428191,61.12289810180664,4498200,0.0,0.0
2026-05-28 00:00:00-04:00,61.03444213173432,61.34895104213406,60.611820080401806,60.63147735595703,5677800,0.0,0.0
2026-05-29 00:00:00-04:00,60.81015549885985,60.81015549885985,59.83285151297329,60.494258880615234,14701400,0.271,0.0
2026-06-01 00:00:00-04:00,59.94144187689907,60.119134195963774,58.7666977935508,58.786441802978516,7512600,0.0,0.0
2026-06-02 00:00:00-04:00,58.944386498554415,59.29977111489409,58.717336052733955,59.141822814941406,5252500,0.0,0.0
2026-06-03 00:00:00-04:00,59.112210083473215,59.88220759322945,58.954261779785156,58.954261779785156,5730100,0.0,0.0
2026-06-04 00:00:00-04:00,59.70451463783519,59.852592818478705,58.746950938785496,58.9838752746582,5964100,0.0,0.0
2026-06-05 00:00:00-04:00,58.95426402327095,60.69169542995706,58.73708368526591,60.05990219116211,6835100,0.0,0.0
2026-06-08 00:00:00-04:00,59.93156478061552,60.17835923657172,59.08259124960066,59.24053955078125,6536000,0.0,0.0
2026-06-09 00:00:00-04:00,59.46759738000015,60.72130997859759,59.21092902135997,60.46464538574219,8090400,0.0,0.0
2026-06-10 00:00:00-04:00,60.89899725650728,61.609766479077784,60.820024990546365,61.31361389160156,6447600,0.0,0.0
2026-06-11 00:00:00-04:00,61.570281326220055,62.02438599830287,61.086566289532534,61.116180419921875,6049700,0.0,0.0
2026-06-12 00:00:00-04:00,61.3827174434123,62.03425465710736,61.362973435023406,61.915794372558594,5768600,0.0,0.0
2026-06-15 00:00:00-04:00,61.9157961636591,62.162590626982634,61.274129052704055,61.343231201171875,5327100,0.0,0.0
2026-06-16 00:00:00-04:00,61.49130874857816,61.747973330830966,60.96810193101787,61.37284469604492,4558200,0.0,0.0
2026-06-17 00:00:00-04:00,61.03720785514086,61.224770289674105,59.53669708152105,59.79336166381836,6072700,0.0,0.0
2026-06-18 00:00:00-04:00,60.000667313027115,60.119131364013086,59.447850138230855,59.467594146728516,12961700,0.0,0.0
2026-06-22 00:00:00-04:00,59.68477005066178,60.26720511467599,59.487333733646295,59.8032341003418,7483900,0.0,0.0
2026-06-23 00:00:00-04:00,60.16848575785627,60.898995197884595,60.15861187132964,60.74104690551758,6680800,0.0,0.0
2026-06-24 00:00:00-04:00,60.9779757670682,61.659127122531444,60.69169328903025,61.19515609741211,6339800,0.0,0.0
2026-06-25 00:00:00-04:00,61.36297475242402,61.47156491800195,60.52387508969674,61.24451446533203,4824900,0.0,0.0
2026-06-26 00:00:00-04:00,61.6492577755814,62.44886942773964,61.5998996360062,62.310665130615234,8329800,0.0,0.0
2026-06-29 00:00:00-04:00,61.9947689242119,62.25143727693852,61.44195173209552,62.231693267822266,4912800,0.0,0.0
2026-06-30 00:00:00-04:00,61.89559298191548,62.242595432541684,61.38995651723952,61.42961502075195,8063500,0.271,0.0
2026-07-01 00:00:00-04:00,61.578335753249114,61.87576698113344,61.27098800794413,61.29081726074219,5705200,0.0,0.0
2026-07-02 00:00:00-04:00,61.66756108840916,63.303434615771806,61.66756108840916,63.293521881103516,6414500,0.0,0.0
2026-07-06 00:00:00-04:00,63.0853219755933,63.15472246611745,62.32191279778462,62.649085998535156,4872800,0.0,0.0
2026-07-07 00:00:00-04:00,63.1051552872459,64.18582121837161,63.065496780954135,63.462074279785156,5742000,0.0,0.0
2026-07-08 00:00:00-04:00,63.46207313659147,63.620699594814425,62.649088900428495,62.68874740600586,5284100,0.0,0.0
2026-07-09 00:00:00-04:00,62.807716688235,63.13489367340807,62.43097224609057,62.62925720214844,7682500,0.0,0.0
2026-07-10 00:00:00-04:00,63.05557729351814,63.14480703745034,62.242596863043936,62.768062591552734,4598800,0.0,0.0
2026-07-13 00:00:00-04:00,62.91677559515299,63.709930546445754,62.91677559515299,63.620697021484375,5331400,0.0,0.0
2026-07-14 00:00:00-04:00,63.53147264885888,63.89830058263115,63.224124908447266,63.224124908447266,5126600,0.0,0.0
2026-07-15 00:00:00-04:00,63.5711294921701,63.72975594379624,62.549943817258956,62.71848678588867,4554400,0.0,0.0
2026-07-16 00:00:00-04:00,63.09523318969103,65.21691392210202,63.03574921755729,65.18717193603516,5174800,0.0,0.0
2026-07-17 00:00:00-04:00,65.7622097988786,66.57519020710166,64.63196892803401,65.14751434326172,6549100,0.0,0.0
2026-07-20 00:00:00-04:00,65.1177750195835,65.37555151978142,64.40393705847319,64.62205505371094,4391500,0.0,0.0
2026-07-21 00:00:00-04:00,64.24530923390041,64.47333617745504,64.0073582092092,64.43367767333984,3897700,0.0,0.0
2026-07-22 00:00:00-04:00,64.77077026072989,65.06819769126038,64.44359327946884,64.47333526611328,3812500,0.0,0.0
2026-07-23 00:00:00-04:00,64.75093865798132,64.84017218397291,63.84873226545372,64.1659927368164,4567100,0.0,0.0
2026-07-24 00:00:00-04:00,64.34445483237742,65.1673518134783,64.29487980880783,65.03845977783203,3589500,0.0,0.0
2026-07-27 00:00:00-04:00,65.008708651294,65.68288803100586,64.7509321803227,64.9393081665039,3923400,0.0,0.0
2026-07-28 00:00:00-04:00,65.71263819913611,66.00015669024114,65.06820072349288,65.16735076904297,4616200,0.0,0.0
2026-07-29 00:00:00-04:00,65.41520169419876,65.70271258139468,64.61213030817657,64.97896575927734,4388200,0.0,0.0
2026-07-30 00:00:00-04:00,65.00871610776322,65.425119064265,63.115065986912505,63.878475189208984,5599500,0.0,0.0
2026-07-31 00:00:00-04:00,63.63056240633822,63.789862677032446,62.96349370968678,63.590736389160156,5733500,0.271,0.0
2026-08-03 00:00:00-04:00,63.60069474463455,63.849597856765186,62.68471534031804,63.20244216918945,6055500,0.0,0.0
2026-08-04 00:00:00-04:00,62.73449677806725,62.953536077210586,61.858347177530106,62.62498092651367,5369800,0.0,0.0
2026-08-05 00:00:00-04:00,62.71458665610247,62.77432188371508,61.87825928736354,62.42585372924805,5685100,0.0,0.0
2026-08-06 00:00:00-04:00,64.0586798160034,64.66601329455794,62.027602281877236,62.08734130859375,6024100,0.0,0.0
2026-08-07 00:00:00-04:00,62.027601996327576,62.6349354720862,61.88821473264883,62.2366828918457,4787200,0.0,0.0
2026-08-10 00:00:00-04:00,61.987773548588564,61.987773548588564,61.00210433806262,61.61939239501953,6015700,0.0,0.0
2026-08-11 00:00:00-04:00,61.48000513680519,61.957905935547764,61.22114362840969,61.61939239501953,4234700,0.0,0.0
2026-08-12 00:00:00-04:00,61.7289133147074,62.37607279608493,61.519832423069005,62.31633377075195,12365000,0.0,0.0
2026-08-13 00:00:00-04:00,62.49554563719964,62.98340104000379,62.49554563719964,62.67475891113281,5173000,0.0,0.0
2026-08-14 00:00:00-04:00,62.7046276729781,63.00331520233325,62.415894748793654,62.46567916870117,3651700,0.0,0.0
2026-08-17 00:00:00-04:00,62.216773388278426,62.31633463386101,61.85834682735223,62.127166748046875,5340900,0.0,0.0
2026-08-18 00:00:00-04:00,62.5951100153165,62.68471665677259,61.928041305157464,61.93799591064453,4035800,0.0,0.0
2026-08-19 00:00:00-04:00,62.33624537126103,62.90375280604345,62.25659333928276,62.67475891113281,9579000,0.0,0.0
2026-08-20 00:00:00-04:00,62.724540140858174,63.262179967875554,62.525413856997886,62.893795013427734,3589300,0.0,0.0
2026-08-21 00:00:00-04:00,63.003317244710345,63.12279529873992,62.22672888360871,62.326290130615234,4099600,0.0,0.0
2026-08-24 00:00:00-04:00,62.63493350302194,63.13274731366367,62.47563323553731,62.893795013427734,3894000,0.0,0.0
2026-08-25 00:00:00-04:00,62.67476066075541,62.82410252785679,62.35616011998417,62.5552864074707,4371500,0.0,0.0
2026-08-26 00:00:00-04:00,62.67475938318775,62.67475938318775,61.97781929020038,61.98777389526367,4118900,0.0,0.0
2026-08-27 00:00:00-04:00,61.81852190547906,61.838434914552096,61.38044709992671,61.529788970947266,5284800,0.0,0.0
2026-08-28 00:00:00-04:00,61.87825830471232,61.93799353137632,61.529786357761125,61.70899963378906,3697400,0.0,0.0
2026-08-31 00:00:00-04:00,61.650001525878906,61.650001525878906,61.15999984741211,61.279998779296875,6716500,0.271,0.0
2026-09-01 00:00:00-04:00,61.4900016784668,61.83000183105469,61.04999923706055,61.36000061035156,5447100,0.0,0.0
2026-09-02 00:00:00-04:00,61.560001373291016,61.7400016784668,60.869998931884766,61.5,5400900,0.0,0.0
2026-09-03 00:00:00-04:00,61.79999923706055,61.970001220703125,61.31999969482422,61.7400016784668,3897900,0.0,0.0
2026-09-04 00:00:00-04:00,61.34000015258789,61.83000183105469,61.150001525878906,61.25,5098100,0.0,0.0
