Date,Open,High,Low,Close,Volume,Dividends,Stock Splits
2021-01-04 00:00:00-05:00,27.471996311563885,27.524153388150033,27.0249348430119,27.427291870117188,33565700,0.0,0.0
2021-01-05 00:00:00-05:00,27.360227378873695,27.844543407808093,27.270812827582162,27.710424423217773,29909400,0.0,0.0
2021-01-06 00:00:00-05:00,27.442194293862293,27.926510410995146,27.397487010074915,27.471996307373047,34962500,0.0,0.0
2021-01-07 00:00:00-05:00,27.598674456285586,27.680636415250138,27.32298371388692,27.613576889038086,27809500,0.0,0.0
2021-01-08 00:00:00-05:00,27.688077929277075,27.963765746872372,27.49435204613249,27.665725708007812,33462400,0.0,0.0
2021-01-11 00:00:00-05:00,27.732780895651725,28.1872949396675,27.680623825913568,28.142587661743164,47286900,0.0,0.0
2021-01-12 00:00:00-05:00,28.090438513769822,28.157498028394166,27.4347457977038,27.702983856201172,47831100,0.0,0.0
2021-01-13 00:00:00-05:00,27.568858440995555,27.69552480464101,27.300620444631928,27.46454429626465,31027900,0.0,0.0
2021-01-14 00:00:00-05:00,27.40493965590829,27.539058678885638,27.278273268845123,27.382587432861328,30272000,0.0,0.0
2021-01-15 00:00:00-05:00,27.330428763401617,27.404938064128906,27.121800447487104,27.3453311920166,34287800,0.0,0.0
2021-01-19 00:00:00-05:00,27.39003181457777,27.568858090663504,27.28571767117244,27.367679595947266,33451300,0.0,0.0
2021-01-20 00:00:00-05:00,27.412381384560792,27.427283808111756,27.166495659489865,27.196300506591797,35400100,0.0,0.0
2021-01-21 00:00:00-05:00,27.114350322014037,27.263371779611344,26.935526846775588,27.18140983581543,33829700,0.0,0.0
2021-01-22 00:00:00-05:00,27.06218313003228,27.442187847084725,27.010026065706935,27.233556747436523,26271200,0.0,0.0
2021-01-25 00:00:00-05:00,27.23355914484707,27.78493752784242,27.062185512356553,27.777484893798828,31728500,0.0,0.0
2021-01-26 00:00:00-05:00,27.770032263992626,28.01591515770722,27.688070351972165,27.799837112426758,27718700,0.0,0.0
2021-01-27 00:00:00-05:00,27.56140885859563,27.5986635045192,26.950420727590448,27.002580642700195,50561200,0.0,0.0
2021-01-28 00:00:00-05:00,27.077899869519715,27.36412047186647,26.995046310424488,27.01011085510254,39466700,0.39,0.0
2021-01-29 00:00:00-05:00,27.778386726476395,27.778386726476395,26.829340479114528,27.040241241455078,60251900,0.0,0.0
2021-02-01 00:00:00-05:00,27.062840072244164,27.258673440875985,26.904666635279774,26.964921951293945,40395800,0.0,0.0
2021-02-02 00:00:00-05:00,26.934791396236722,26.949855942740612,25.812509977747272,26.354822158813477,84062400,0.0,0.0
2021-02-03 00:00:00-05:00,26.354819197300554,26.580781622930402,26.19664291341834,26.241836547851562,38524200,0.0,0.0
2021-02-04 00:00:00-05:00,26.219243742061696,26.422610807080133,26.136390174098437,26.279499053955078,34284900,0.0,0.0
2021-02-05 00:00:00-05:00,26.30209732055664,26.422613704093823,26.196648358230338,26.30209732055664,31749600,0.0,0.0
2021-02-08 00:00:00-05:00,26.332228910056276,26.36988884684361,26.166524613538208,26.22677993774414,31633900,0.0,0.0
2021-02-09 00:00:00-05:00,26.211705014941302,26.40754120596253,26.181575928127597,26.339752197265625,30170200,0.0,0.0
2021-02-10 00:00:00-05:00,26.362356362764295,26.42261455647679,26.136393882880082,26.166522979736328,29039900,0.0,0.0
2021-02-11 00:00:00-05:00,26.211708451808587,26.21924216113376,25.820038891678458,25.933021545410156,30885200,0.0,0.0
2021-02-12 00:00:00-05:00,25.940554149084804,26.324692899333634,25.880298836718744,26.15145492553711,25578600,0.0,0.0
2021-02-16 00:00:00-05:00,26.2493682407425,26.256901950028098,26.03093951701991,26.128854751586914,28730300,0.0,0.0
2021-02-17 00:00:00-05:00,26.03847205984473,26.36235262191834,25.955618491881467,26.279499053955078,26389400,0.0,0.0
2021-02-18 00:00:00-05:00,26.196651029289065,26.271973776679847,26.000817632611067,26.030946731567383,24052500,0.0,0.0
2021-02-19 00:00:00-05:00,26.106260799296283,26.121325345423877,25.910427446174328,25.940553665161133,28145300,0.0,0.0
2021-02-22 00:00:00-05:00,25.85770667998397,25.887832903291606,25.639275039708043,25.80497932434082,34322500,0.0,0.0
2021-02-23 00:00:00-05:00,25.609142246585588,25.75225112476342,25.368115255302722,25.541353225708008,37624200,0.0,0.0
2021-02-24 00:00:00-05:00,25.5112198833512,25.64679790251927,25.36057732057913,25.420835494995117,30686100,0.0,0.0
2021-02-25 00:00:00-05:00,25.47356605529785,25.69199767991177,25.262668140922255,25.47356605529785,37506100,0.0,0.0
2021-02-26 00:00:00-05:00,25.48863232903948,25.533825973724944,25.12709179136211,25.22500991821289,41462800,0.0,0.0
2021-03-01 00:00:00-05:00,25.300328634091024,25.556420195777186,25.240070443920793,25.375648498535156,30407800,0.0,0.0
2021-03-02 00:00:00-05:00,25.368113725933206,25.52628714068895,25.23253569235165,25.240066528320312,27670400,0.0,0.0
2021-03-03 00:00:00-05:00,25.240067420280372,25.948086703619936,25.187342946831894,25.90289306640625,46020200,0.0,0.0
2021-03-04 00:00:00-05:00,25.80497737401532,26.430143151016996,25.4886305036785,25.75978660583496,45449600,0.0,0.0
2021-03-05 00:00:00-05:00,25.82757321098508,26.023406559041106,25.57901251621226,25.90289306640625,30589900,0.0,0.0
2021-03-08 00:00:00-05:00,25.970684614949665,26.264436102277134,25.85770482081449,25.872766494750977,24352300,0.0,0.0
2021-03-09 00:00:00-05:00,26.015870977035267,26.24936421020844,25.94054826208603,25.948081970214844,25167100,0.0,0.0
2021-03-10 00:00:00-05:00,26.091197818257392,26.46780287423286,26.000813409338477,26.309629440307617,33501800,0.0,0.0
2021-03-11 00:00:00-05:00,26.415071202572275,26.452731123260087,26.10625525570379,26.1439151763916,24557900,0.0,0.0
2021-03-12 00:00:00-05:00,26.030939999108753,26.347286836525267,25.993277198519692,26.317157745361328,16342400,0.0,0.0
2021-03-15 00:00:00-04:00,26.369884094466762,26.68623382765966,26.332224164466496,26.67116928100586,21896100,0.0,0.0
2021-03-16 00:00:00-04:00,26.71636411256992,27.010115602249773,26.595850607232837,26.987520217895508,25022400,0.0,0.0
2021-03-17 00:00:00-04:00,26.987520834231105,27.085436084181485,26.452739448395246,26.9573917388916,42540100,0.0,0.0
2021-03-18 00:00:00-04:00,26.761550114900242,27.092964350501994,26.754019279212972,26.94232177734375,24729800,0.0,0.0
2021-03-19 00:00:00-04:00,26.927261864320887,26.979986343004924,26.716363949584743,26.761554718017578,48348900,0.0,0.0
2021-03-22 00:00:00-04:00,26.72388909934711,27.123089459647517,26.63350470844792,27.115558624267578,25427500,0.0,0.0
2021-03-23 00:00:00-04:00,26.97998849110591,27.062842070854227,26.603383400081796,26.633512496948242,27970500,0.0,0.0
2021-03-24 00:00:00-04:00,26.723897360904648,27.06284252314477,26.641043779771632,26.821815490722656,22883400,0.0,0.0
2021-03-25 00:00:00-04:00,26.851938907604136,26.957387852822634,26.550653744178497,26.867000579833984,24875300,0.0,0.0
2021-03-26 00:00:00-04:00,26.874532161771466,27.333990706653125,26.844403073160333,27.303861618041992,27944500,0.0,0.0
2021-03-29 00:00:00-04:00,27.138154146752576,27.672935406123205,27.04023891995722,27.582548141479492,27004800,0.0,0.0
2021-03-30 00:00:00-04:00,27.559952375225965,27.590081463017757,27.130622930630764,27.19841194152832,26303300,0.0,0.0
2021-03-31 00:00:00-04:00,27.22854778332406,27.439445703643635,27.14569420797889,27.288803100585938,26582700,0.0,0.0
2021-04-01 00:00:00-04:00,27.34152793884277,27.454510610933298,27.13063001576041,27.341527938842773,21319900,0.0,0.0
2021-04-05 00:00:00-04:00,27.446975294311446,27.544893412842267,27.190883742724452,27.326461791992188,22096900,0.0,0.0
2021-04-06 00:00:00-04:00,27.31139838472498,27.416850217764722,27.115565012759923,27.15322494506836,20722900,0.0,0.0
2021-04-07 00:00:00-04:00,27.138159678353556,27.2963359870873,26.93479260135467,27.047775268554688,21933800,0.0,0.0
2021-04-08 00:00:00-04:00,27.08543586730957,27.228547632391994,27.017646839972805,27.08543586730957,18129400,0.0,0.0
2021-04-09 00:00:00-04:00,27.040244831345124,27.72566593509556,27.040244831345124,27.567489624023438,31686700,0.0,0.0
2021-04-12 00:00:00-04:00,27.4771076091763,27.891372642381153,27.364127803721637,27.846181869506836,29944900,0.0,0.0
2021-04-13 00:00:00-04:00,28.177590862673718,28.358362558203684,27.78592125008265,27.989288330078125,33967400,0.0,0.0
2021-04-14 00:00:00-04:00,27.996818542480472,28.154994850015704,27.8386451082138,27.99681854248047,23842900,0.0,0.0
2021-04-15 00:00:00-04:00,28.064602462762025,28.426145779991522,28.064602462762025,28.320693969726562,24945800,0.0,0.0
2021-04-16 00:00:00-04:00,28.524065754287626,29.149231518030223,28.478874987065716,29.051313400268555,52829500,0.0,0.0
2021-04-19 00:00:00-04:00,29.07390899668976,29.345065095080056,28.87054479616557,29.32246971130371,30905100,0.0,0.0
2021-04-20 00:00:00-04:00,29.18689109493446,29.555965304631115,29.18689109493446,29.397789001464844,26459400,0.0,0.0
2021-04-21 00:00:00-04:00,29.48064539180083,29.87984585971578,29.473114554390765,29.774396896362305,29365000,0.0,0.0
2021-04-22 00:00:00-04:00,29.736736795709053,29.75180134371331,29.01365573111723,29.104040145874023,33373600,0.0,0.0
2021-04-23 00:00:00-04:00,29.09650900024335,29.247151605421184,28.94586639506552,29.119104385375977,24375000,0.0,0.0
2021-04-26 00:00:00-04:00,29.17182091820006,29.179354626704146,28.99105213985292,29.1341609954834,19773400,0.0,0.0
2021-04-27 00:00:00-04:00,29.006118728872625,29.081441460346294,28.885605231783167,28.960927963256836,19061500,0.0,0.0
2021-04-28 00:00:00-04:00,29.02871152541775,29.329993774843985,29.01364698195626,29.232078552246094,21963300,0.0,0.0
2021-04-29 00:00:00-04:00,29.367664122664095,29.375194959697623,28.855481006325828,29.073909759521484,23569400,0.0,0.0
2021-04-30 00:00:00-04:00,28.998591498347885,29.299876715170697,28.991060660898263,29.111574172973633,28413200,0.0,0.0
2021-05-03 00:00:00-04:00,29.40532006487433,30.007887510206135,29.34506188370704,30.000356674194336,46638600,0.0,0.0
2021-05-04 00:00:00-04:00,30.12839249042244,30.256436779338376,29.69906312729531,30.09073257446289,52802200,0.0,0.0
2021-05-05 00:00:00-04:00,30.26398168758925,30.949402755499037,29.322469073797322,30.10580825805664,76627500,0.0,0.0
2021-05-06 00:00:00-04:00,29.26910858658319,29.83958238338879,28.873579739275065,29.80915641784668,54944900,0.39,0.0
2021-05-07 00:00:00-04:00,29.702673309826842,30.326391197800735,29.702673309826842,30.105810165405273,33807800,0.0,0.0
2021-05-10 00:00:00-04:00,30.295962875896475,30.63824482948611,30.25792896853785,30.31878089904785,30831900,0.0,0.0
2021-05-11 00:00:00-04:00,30.181874255791712,30.478520234815793,29.839589317848368,29.930864334106445,30568600,0.0,0.0
2021-05-12 00:00:00-04:00,29.999316162080845,30.364419065899156,29.900436120466267,30.18947410583496,26208600,0.0,0.0
2021-05-13 00:00:00-04:00,30.04495532903715,30.638247189307485,30.04495532903715,30.501333236694336,25415000,0.0,0.0
2021-05-14 00:00:00-04:00,30.60782300737237,30.668672038770875,30.364418177038754,30.44048309326172,18041100,0.0,0.0
2021-05-17 00:00:00-04:00,30.478517587768902,30.72952748765406,30.432878632813363,30.508943557739258,18095000,0.0,0.0
2021-05-18 00:00:00-04:00,30.562193211616535,30.691499255555474,30.295973179047696,30.46331024169922,15805500,0.0,0.0
2021-05-19 00:00:00-04:00,30.349209187183735,30.349209187183735,29.991711322024525,30.29596519470215,20209500,0.0,0.0
2021-05-20 00:00:00-04:00,30.219900318973586,30.615429193388326,30.212295277856754,30.51654624938965,18621100,0.0,0.0
2021-05-21 00:00:00-04:00,30.584998597973545,30.881644483504395,30.356809678455935,30.387235641479492,21144800,0.0,0.0
2021-05-24 00:00:00-04:00,30.486125030915908,30.53176108354257,30.257933161461985,30.28075408935547,16922300,0.0,0.0
2021-05-25 00:00:00-04:00,30.288363156131545,30.31878912964624,29.8471981464906,29.9156551361084,25916300,0.0,0.0
2021-05-26 00:00:00-04:00,29.885226157544032,29.892831199367727,29.497302288189914,29.603790283203125,28036500,0.0,0.0
2021-05-27 00:00:00-04:00,29.64182035545021,29.80155232726859,29.360384517583697,29.398418426513672,38471200,0.0,0.0
2021-05-28 00:00:00-04:00,29.47448346211015,29.67985440474544,29.421239466046945,29.459270477294922,16154100,0.0,0.0
2021-06-01 00:00:00-04:00,29.619005455675175,29.66464441472834,29.269115474342307,29.28432846069336,23642400,0.0,0.0
2021-06-02 00:00:00-04:00,29.390815479706202,29.611399422041703,29.314753452077586,29.504911422729492,19629000,0.0,0.0
2021-06-03 00:00:00-04:00,29.482086031219122,29.695064899190683,29.383205990582958,29.641820907592773,17376300,0.0,0.0
2021-06-04 00:00:00-04:00,29.70267690102499,30.04496185692635,29.679858871158434,29.77874183654785,19375300,0.0,0.0
2021-06-07 00:00:00-04:00,29.72549663074672,30.12102267315307,29.641826655844437,29.657039642333984,24110700,0.0,0.0
2021-06-08 00:00:00-04:00,29.71787891148438,29.74830487445534,29.26910611319109,29.550539016723633,18880300,0.0,0.0
2021-06-09 00:00:00-04:00,29.664641264674152,30.3035721156688,29.649428279938547,30.28075408935547,29824000,0.0,0.0
2021-06-10 00:00:00-04:00,30.349203595398862,30.972921308047166,30.341595654114684,30.942495346069336,42613700,0.0,0.0
2021-06-11 00:00:00-04:00,30.927282819119654,30.93488785893604,30.38723504319229,30.53936195373535,21386900,0.0,0.0
2021-06-14 00:00:00-04:00,30.44808793324291,30.47851389953139,29.953679038164427,30.143836975097656,23408300,0.0,0.0
2021-06-15 00:00:00-04:00,30.204693599333023,30.303576563839112,29.961291610995406,30.113418579101562,20206900,0.0,0.0
2021-06-16 00:00:00-04:00,30.136231844880587,30.303571773502608,29.877616910455703,29.89282989501953,19177500,0.0,0.0
2021-06-17 00:00:00-04:00,29.870013109743507,30.113415069715312,29.71788615936607,30.02974510192871,19580100,0.0,0.0
2021-06-18 00:00:00-04:00,29.892828570496643,29.999316556144958,29.436450660123867,29.52012062072754,37775900,0.0,0.0
2021-06-21 00:00:00-04:00,29.573368952228826,30.029746929556325,29.573368952228826,29.984107971191406,19488100,0.0,0.0
2021-06-22 00:00:00-04:00,29.976497032689,30.189472993339773,29.862401110009035,30.128623962402344,15975900,0.0,0.0
2021-06-23 00:00:00-04:00,30.143836949749186,30.166654973656435,29.649425153506613,29.702669143676758,22025400,0.0,0.0
2021-06-24 00:00:00-04:00,29.771125411708926,29.93085737843535,29.725489364975537,29.80915641784668,13436500,0.0,0.0
2021-06-25 00:00:00-04:00,29.755917316598232,29.976501250641647,29.580972338364564,29.649429321289062,22774300,0.0,0.0
2021-06-28 00:00:00-04:00,29.67224282532151,29.82436975325099,29.58857577146112,29.75591278076172,19225700,0.0,0.0
2021-06-29 00:00:00-04:00,29.76352451088428,29.87761754516659,29.64942857502179,29.740703582763672,14516600,0.0,0.0
2021-06-30 00:00:00-04:00,29.771129635919994,29.870012587172422,29.527727680206468,29.78634262084961,21248100,0.0,0.0
2021-07-01 00:00:00-04:00,29.793950181223423,30.14384306102327,29.748314124156806,30.090599060058594,20035900,0.0,0.0
2021-07-02 00:00:00-04:00,30.014532992160337,30.29596887412026,29.953683951182732,30.21990394592285,16592700,0.0,0.0
2021-07-06 00:00:00-04:00,30.029744299146532,30.159053219063633,29.695067338527245,29.885225296020508,18931900,0.0,0.0
2021-07-07 00:00:00-04:00,29.831984275485386,29.93847227804988,29.6418262990258,29.930864334106445,17665200,0.0,0.0
2021-07-08 00:00:00-04:00,29.664648894291773,29.908050909503082,29.61140488481311,29.854806900024414,23021200,0.0,0.0
2021-07-09 00:00:00-04:00,30.06777202988507,30.50133189354119,30.014528039722375,30.128623962402344,21578700,0.0,0.0
2021-07-12 00:00:00-04:00,30.166661434597852,30.61543437756198,30.12102247542879,30.24272346496582,24513000,0.0,0.0
2021-07-13 00:00:00-04:00,30.25032689828913,30.273144923681006,30.067773990414036,30.1590518951416,12222000,0.0,0.0
2021-07-14 00:00:00-04:00,30.21229070646334,30.44808466594707,30.166651761928,30.387235641479492,15888600,0.0,0.0
2021-07-15 00:00:00-04:00,30.387244452512583,30.56979448042675,30.318787466649677,30.493732452392578,20250800,0.0,0.0
2021-07-16 00:00:00-04:00,30.531763893332236,30.691495895385742,30.372031891278727,30.691495895385742,24270400,0.0,0.0
2021-07-19 00:00:00-04:00,30.478510028886337,30.691485962698934,30.18186414919608,30.53936195373535,29818400,0.0,0.0
2021-07-20 00:00:00-04:00,30.615431196474013,31.725952973308488,30.577400185241633,31.223936080932617,48804100,0.0,0.0
2021-07-21 00:00:00-04:00,31.36845840278126,31.36845840278126,30.820802548698925,31.20111846923828,27530200,0.0,0.0
2021-07-22 00:00:00-04:00,31.277178846823354,31.604250753402198,31.109841823666308,31.54340171813965,18913300,0.0,0.0
2021-07-23 00:00:00-04:00,31.535796504870355,31.817232384757386,31.50537053381549,31.703136444091797,21609200,0.0,0.0
2021-07-26 00:00:00-04:00,31.657489614091222,31.900891518833927,31.482544676406125,31.802011489868164,23720000,0.0,0.0
2021-07-27 00:00:00-04:00,31.809629865455488,32.09867083660402,31.627079811158055,32.022605895996094,32544100,0.0,0.0
2021-07-28 00:00:00-04:00,32.21275325969783,33.27003382321753,32.13669124578353,33.0494499206543,53822400,0.0,0.0
2021-07-29 00:00:00-04:00,33.179932305299616,33.23365854079009,32.71174402928814,32.84222412109375,29015000,0.39,0.0
2021-07-30 00:00:00-04:00,32.91130451861363,33.14923417805322,32.765473640520426,32.85757827758789,24763300,0.0,0.0
2021-08-02 00:00:00-04:00,33.233659180912234,33.87837694707622,33.19528371594563,33.7402229309082,43066900,0.0,0.0
2021-08-03 00:00:00-04:00,33.901401590667554,35.19851397079899,33.82465066084713,35.060359954833984,45643300,0.0,0.0
2021-08-04 00:00:00-04:00,34.80707600839747,35.1524610422781,34.546118752561036,34.68427276611328,43391200,0.0,0.0
2021-08-05 00:00:00-04:00,34.53843942314261,34.645891877334826,34.30818374589362,34.58449172973633,23505400,0.0,0.0
2021-08-06 00:00:00-04:00,34.607525302834404,34.77638087583003,34.2544663118986,34.5921745300293,20413000,0.0,0.0
2021-08-09 00:00:00-04:00,34.62287263436694,35.32899054605535,34.62287263436694,35.29061508178711,32374300,0.0,0.0
2021-08-10 00:00:00-04:00,35.45947400534816,37.27849812071755,35.221541419713816,36.986839294433594,81189400,0.0,0.0
2021-08-11 00:00:00-04:00,36.67216131761581,36.9024200156258,35.5055287639517,35.543907165527344,50878200,0.0,0.0
2021-08-12 00:00:00-04:00,35.68973115671646,36.38050131799071,35.56692789780778,36.25769805908203,29676400,0.0,0.0
2021-08-13 00:00:00-04:00,36.38816825062557,37.22476620618833,36.31909124776772,37.209415435791016,35379200,0.0,0.0
2021-08-16 00:00:00-04:00,37.017533328705646,37.585500093290705,36.464917333742875,37.53944778442383,38045800,0.0,0.0
2021-08-17 00:00:00-04:00,37.439675977431754,38.75213920144813,37.38594973802377,38.69841003417969,68817000,0.0,0.0
2021-08-18 00:00:00-04:00,38.55258017717683,39.8036402496452,37.7390068484063,37.84646224975586,88598000,0.0,0.0
2021-08-19 00:00:00-04:00,37.22476521046068,38.345345068748976,37.04055889848041,37.455020904541016,57741600,0.0,0.0
2021-08-20 00:00:00-04:00,37.59318135508541,38.168822152958455,37.34757484888842,37.39362716674805,35157500,0.0,0.0
2021-08-23 00:00:00-04:00,38.598630867292194,39.419878083374144,38.069039516158476,38.322322845458984,88652400,0.0,0.0
2021-08-24 00:00:00-04:00,38.17649659081142,38.41442623173335,37.025215067815246,37.132667541503906,52624100,0.0,0.0
2021-08-25 00:00:00-04:00,36.871712006772654,37.05591541948097,36.01976317138043,36.46492385864258,51036800,0.0,0.0
2021-08-26 00:00:00-04:00,36.610753128388176,36.96381209382948,36.30374355017641,36.36514663696289,29029300,0.0,0.0
2021-08-27 00:00:00-04:00,36.357467169894576,36.45724571480962,35.71274944434985,35.766475677490234,32924500,0.0,0.0
2021-08-30 00:00:00-04:00,35.45947232177254,36.19629181100709,35.428770777756,35.8892822265625,25774400,0.0,0.0
2021-08-31 00:00:00-04:00,35.85858143232744,36.18093884133967,35.2522391502023,35.35969161987305,34547800,0.0,0.0
2021-09-01 00:00:00-04:00,35.45179632291021,35.50552256229873,34.86080476177601,35.336669921875,32900100,0.0,0.0
2021-09-02 00:00:00-04:00,35.674371781169484,35.97370446958969,35.405740632038516,35.950679779052734,26106300,0.0,0.0
2021-09-03 00:00:00-04:00,35.99673208798659,36.0965076988867,35.5669193215171,35.950679779052734,20817200,0.0,0.0
2021-09-07 00:00:00-04:00,36.0658095512109,36.45724393467214,35.72042454941569,35.8816032409668,26236900,0.0,0.0
2021-09-08 00:00:00-04:00,35.6973991394043,35.91230700262926,35.49784497483128,35.6973991394043,15839600,0.0,0.0
2021-09-09 00:00:00-04:00,35.66670205243457,35.85858230375542,35.19083692109947,35.3289909362793,21695300,0.0,0.0
2021-09-10 00:00:00-04:00,35.513197944544565,35.574598103653386,34.92988032977889,34.99128341674805,20801500,0.0,0.0
2021-09-13 00:00:00-04:00,35.10640766388537,35.17548466280577,33.924424761407444,34.21608352661133,37086200,0.0,0.0
2021-09-14 00:00:00-04:00,34.28516301908893,34.73800054409303,34.193061315251256,34.31586456298828,24100200,0.0,0.0
2021-09-15 00:00:00-04:00,34.2007406775549,34.82243088395427,34.13166366263712,34.36191940307617,28674600,0.0,0.0
2021-09-16 00:00:00-04:00,34.44634396034576,34.53077174042239,33.79394934111925,34.13166046142578,22424200,0.0,0.0
2021-09-17 00:00:00-04:00,33.901394002910365,34.12397574857612,33.24132854175273,33.68648910522461,56370500,0.0,0.0
2021-09-20 00:00:00-04:00,33.302730255778236,34.26980819665966,33.302730255778236,33.92442321777344,41873000,0.0,0.0
2021-09-21 00:00:00-04:00,33.96280943606056,34.33121922097285,33.655799818036634,33.70952606201172,23645600,0.0,0.0
2021-09-22 00:00:00-04:00,33.763249301990356,34.07025593821565,33.640446061928195,33.732547760009766,22616700,0.0,0.0
2021-09-23 00:00:00-04:00,33.98582886853515,34.32353998162493,33.8860532468134,33.916751861572266,19719200,0.0,0.0
2021-09-24 00:00:00-04:00,33.82465114158424,34.085608405687,33.62509696449876,33.72487258911133,16150700,0.0,0.0
2021-09-27 00:00:00-04:00,33.709526302357126,33.87070796329228,33.39484275917626,33.440895080566406,19955900,0.0,0.0
2021-09-28 00:00:00-04:00,33.057128085838464,33.2183067875452,32.56591513138355,33.03410339355469,28512200,0.0,0.0
2021-09-29 00:00:00-04:00,33.17226471662243,33.5329976626614,33.064812225127376,33.410194396972656,18037200,0.0,0.0
2021-09-30 00:00:00-04:00,33.60974626919832,33.80930044673774,32.980379265141245,33.011077880859375,21103300,0.0,0.0
2021-10-01 00:00:00-04:00,32.63500057970976,33.08016133691288,32.00563345299648,32.949684143066406,38483000,0.0,0.0
2021-10-04 00:00:00-04:00,32.949664745888114,33.272022042935845,32.397048890538635,32.5582275390625,28906500,0.0,0.0
2021-10-05 00:00:00-04:00,32.64266597547129,32.8422230676293,32.45078573262867,32.48148727416992,19342600,0.0,0.0
2021-10-06 00:00:00-04:00,32.28193368930913,32.38938615877206,31.997948816745417,32.2512321472168,30483800,0.0,0.0
2021-10-07 00:00:00-04:00,32.634988917516,32.97269705843273,32.39705638522884,32.8038444519043,19778300,0.0,0.0
2021-10-08 00:00:00-04:00,32.7961694221824,32.93432342564206,32.496836723973146,32.58126449584961,12778600,0.0,0.0
2021-10-11 00:00:00-04:00,32.58126553859982,32.711742697232026,32.24355444028566,32.28193283081055,11984200,0.0,0.0
2021-10-12 00:00:00-04:00,32.35868681755153,32.397062283846935,31.97492629887665,32.12075424194336,16222300,0.0,0.0
2021-10-13 00:00:00-04:00,32.04400333385399,32.166806582809436,31.422310239095584,31.790719985961914,28205700,0.0,0.0
2021-10-14 00:00:00-04:00,31.898180113199366,32.205186817110096,31.867478564450042,31.98260498046875,17590300,0.0,0.0
2021-10-15 00:00:00-04:00,32.15913351373507,32.258909143253966,31.760022212078038,31.844449996948242,23550300,0.0,0.0
2021-10-18 00:00:00-04:00,31.813741089219096,32.005621309385845,31.499057645260017,31.71396255493164,21733000,0.0,0.0
2021-10-19 00:00:00-04:00,31.928875543260393,32.38938994489602,31.882826152599215,32.304962158203125,17159800,0.0,0.0
2021-10-20 00:00:00-04:00,32.32798476064318,33.08783186382671,32.3126339887964,32.84989929199219,22788300,0.0,0.0
2021-10-21 00:00:00-04:00,33.04945893446798,33.072483630074956,32.5659198316973,32.89595413208008,22142300,0.0,0.0
2021-10-22 00:00:00-04:00,32.86525197815858,33.149233954214324,32.719424028910616,33.1262092590332,17183000,0.0,0.0
2021-10-25 00:00:00-04:00,33.15690191637523,33.187603453627126,32.673362952166954,33.118526458740234,22846200,0.0,0.0
2021-10-26 00:00:00-04:00,33.256682820275124,33.58671412176071,32.94199643279036,33.43321228027344,29729100,0.0,0.0
2021-10-27 00:00:00-04:00,33.35647626779918,33.43323015744404,32.75781056787688,32.98039245605469,22317500,0.0,0.0
2021-10-28 00:00:00-04:00,32.9650301083957,33.51764328058056,32.9573532581948,33.14155960083008,18023400,0.0,0.0
2021-10-29 00:00:00-04:00,33.07248311777227,33.64044999945135,32.89595362251188,33.571372985839844,30307500,0.0,0.0
2021-11-01 00:00:00-04:00,33.87837412083306,33.993503433988714,33.341108872540076,33.49461364746094,32681500,0.0,0.0
2021-11-02 00:00:00-04:00,34.5998414986376,35.33666081568362,33.04177217430063,34.88382339477539,69248000,0.0,0.0
2021-11-03 00:00:00-04:00,34.93754511275601,35.298280804457114,34.139322825011135,34.4002799987793,44593100,0.0,0.0
2021-11-04 00:00:00-04:00,34.29188926418805,34.431255947525464,33.533116740217714,33.95121383666992,38172500,0.39,0.0
2021-11-05 00:00:00-04:00,37.234073649746875,37.791540449383085,36.04171541877405,37.636688232421875,173959100,0.0,0.0
2021-11-08 00:00:00-05:00,37.63668649371346,37.77605318718417,36.854684163287814,37.41989517211914,57423300,0.0,0.0
2021-11-09 00:00:00-05:00,37.41990161942035,37.45861394015214,36.50627667305854,36.622413635253906,29920400,0.0,0.0
2021-11-10 00:00:00-05:00,36.69983848482081,38.10124388397557,36.69983848482081,37.95413589477539,42696200,0.0,0.0
2021-11-11 00:00:00-05:00,38.116726241553756,39.10003439157099,37.729597188171866,38.852272033691406,42370400,0.0,0.0
2021-11-12 00:00:00-05:00,39.03810144349781,39.09230224090648,38.3799830804552,38.50386428833008,27780600,0.0,0.0
2021-11-15 00:00:00-05:00,38.50386035496041,38.7903350651135,38.22512692732576,38.44192123413086,27763200,0.0,0.0
2021-11-16 00:00:00-05:00,38.30254682187435,38.83678381509055,37.853475733486185,38.4031982421875,31297200,0.0,0.0
2021-11-17 00:00:00-05:00,38.666448668313436,39.556846669748246,38.47288414222415,39.38650894165039,36889800,0.0,0.0
2021-11-18 00:00:00-05:00,39.56459770067118,40.03689573328161,39.185212790042506,39.80461883544922,32872600,0.0,0.0
2021-11-19 00:00:00-05:00,40.23044507231942,40.91179294102968,39.23939577496623,39.332305908203125,47966200,0.0,0.0
2021-11-22 00:00:00-05:00,39.44845282947369,39.85106741675974,39.00712592589406,39.64201736450195,27287900,0.0,0.0
2021-11-23 00:00:00-05:00,39.16197375652444,39.83557743594853,38.94517949316353,39.549102783203125,24946200,0.0,0.0
2021-11-24 00:00:00-05:00,39.62652834750816,39.74266823969196,39.26262610865506,39.40199279785156,18556800,0.0,0.0
2021-11-26 00:00:00-05:00,41.840915190688705,42.53774582109946,41.229250484042694,41.80994415283203,66561300,0.0,0.0
2021-11-29 00:00:00-05:00,42.700330759610196,43.126172077656186,40.346585682348085,40.57112121582031,72660800,0.0,0.0
2021-11-30 00:00:00-05:00,40.50144592975922,42.166099222867146,40.19174148038259,41.60089111328125,64598400,0.0,0.0
2021-12-01 00:00:00-05:00,40.62532370773354,42.71581822803768,40.15302579119244,42.33643341064453,59810400,0.0,0.0
2021-12-02 00:00:00-05:00,41.67056302274395,42.6461297028685,40.85759275834664,41.06664276123047,46361700,0.0,0.0
2021-12-03 00:00:00-05:00,41.585403941814626,42.127385229891594,41.11310600439841,42.01898956298828,37574800,0.0,0.0
2021-12-06 00:00:00-05:00,41.639599648346994,41.72476851186649,39.68072760163949,39.85880661010742,53724000,0.0,0.0
2021-12-07 00:00:00-05:00,39.68073346699033,40.6485562344779,39.02261516652306,40.04463577270508,41575400,0.0,0.0
2021-12-08 00:00:00-05:00,40.84212636488603,41.0976330281008,39.51040110983929,39.796878814697266,37429200,0.0,0.0
2021-12-09 00:00:00-05:00,39.88204195857131,40.91954815254183,39.88204195857131,40.32337188720703,38325700,0.0,0.0
2021-12-10 00:00:00-05:00,39.64201493593999,40.91953901672623,39.57233158945636,40.86534118652344,26079400,0.0,0.0
2021-12-13 00:00:00-05:00,41.37635208480063,43.149403854828535,41.37635208480063,42.73904800415039,54923200,0.0,0.0
2021-12-14 00:00:00-05:00,42.406117344335804,43.31974215699624,42.0577006016161,43.002296447753906,48685700,0.0,0.0
2021-12-15 00:00:00-05:00,43.44362527126816,45.619288782599575,43.2732875331202,45.5263786315918,75202900,0.0,0.0
2021-12-16 00:00:00-05:00,45.18571112606941,47.56268367433294,44.71341312953404,47.423316955566406,75183600,0.0,0.0
2021-12-17 00:00:00-05:00,46.40129612897565,47.37686020275767,45.4489588570387,46.052879333496094,104192100,0.0,0.0
2021-12-20 00:00:00-05:00,46.92004546515868,47.77947253472024,46.323869253766134,47.245235443115234,55712200,0.0,0.0
2021-12-21 00:00:00-05:00,46.4632326959019,46.4864624500299,44.256598035181746,45.642520904541016,63877900,0.0,0.0
2021-12-22 00:00:00-05:00,45.87479407520815,46.912300084671735,45.077309148660305,46.10707092285156,62594900,0.0,0.0
2021-12-23 00:00:00-05:00,46.316122580985116,46.51743135521452,45.14699406687607,45.456695556640625,39203200,0.0,0.0
2021-12-27 00:00:00-05:00,45.56509033747937,45.975449159919464,45.08505111788801,45.836082458496094,27362600,0.0,0.0
2021-12-28 00:00:00-05:00,45.719944012990425,46.02964846014673,44.19465743768093,44.91471481323242,36901700,0.0,0.0
2021-12-29 00:00:00-05:00,44.372733251004554,44.930197080572746,44.186910005441625,44.581783294677734,26170200,0.0,0.0
2021-12-30 00:00:00-05:00,44.713413396249706,45.479930354037876,44.543075638172155,45.21668243408203,24559000,0.0,0.0
2021-12-31 00:00:00-05:00,45.31733696268667,46.300645349626194,45.247653598145725,45.71995162963867,28579600,0.0,0.0
2022-01-03 00:00:00-05:00,45.294097293160924,45.33280960611826,43.621699972786615,43.86172103881836,57219200,0.0,0.0
2022-01-04 00:00:00-05:00,43.52879308449827,43.691386583208086,41.76348253680759,42.22029495239258,66993100,0.0,0.0
2022-01-05 00:00:00-05:00,43.234573017088046,43.69912670205661,42.87067075994115,43.07197952270508,52956400,0.0,0.0
2022-01-06 00:00:00-05:00,42.70807806812625,43.07198033211158,42.18932654194835,42.4603157043457,37000400,0.0,0.0
2022-01-07 00:00:00-05:00,42.86293299706673,43.18037873035212,42.29772488431764,43.141666412353516,27703400,0.0,0.0
2022-01-10 00:00:00-05:00,43.13391838646542,43.55975975415268,42.38289003189125,43.54427719116211,34044700,0.0,0.0
2022-01-11 00:00:00-05:00,43.939141479783615,44.465637155826165,43.211340023400034,43.89268493652344,33576600,0.0,0.0
2022-01-12 00:00:00-05:00,43.621699972786615,44.25659135667944,43.281027483777834,43.86172103881836,27608500,0.0,0.0
2022-01-13 00:00:00-05:00,43.768810328176954,43.93914805874222,42.75453408705552,43.002296447753906,28117900,0.0,0.0
2022-01-14 00:00:00-05:00,42.568713249838204,42.8784176950257,42.20481096977698,42.54548645019531,27072500,0.0,0.0
2022-01-18 00:00:00-05:00,42.19706746296621,42.23577977818347,41.368611512363444,41.89510726928711,35598000,0.0,0.0
2022-01-19 00:00:00-05:00,41.53894617254992,42.189323062221604,41.38409396956902,41.45377731323242,27300400,0.0,0.0
2022-01-20 00:00:00-05:00,41.77896472688245,42.212550309141356,41.08987551750608,41.84864807128906,35105300,0.0,0.0
2022-01-21 00:00:00-05:00,42.13512357414359,42.4835403031565,40.61757843617645,40.873085021972656,41059000,0.0,0.0
2022-01-24 00:00:00-05:00,40.06785548070736,40.3078765478348,38.573537155963315,39.9052619934082,59036400,0.0,0.0
2022-01-25 00:00:00-05:00,39.76589489563334,40.911796483303746,39.67298475435199,40.67951965332031,43983200,0.0,0.0
2022-01-26 00:00:00-05:00,40.70274639764593,41.51571677831734,40.617577537598045,41.043418884277344,39644800,0.0,0.0
2022-01-27 00:00:00-05:00,41.36329151387883,42.58031888106812,41.347688255528254,41.6363410949707,36957200,0.4,0.0
2022-01-28 00:00:00-05:00,41.94839454867163,42.650523221912096,41.425695881776356,42.385276794433594,28590400,0.0,0.0
2022-01-31 00:00:00-05:00,42.127829791953836,42.23704961525174,40.871795871993974,41.105838775634766,38644600,0.0,0.0
2022-02-01 00:00:00-05:00,41.144855443100255,41.4725149690323,40.87180286213939,41.40230178833008,27883300,0.0,0.0
2022-02-02 00:00:00-05:00,41.22285987558565,42.22924758994217,40.918603816830625,42.01860809326172,32039300,0.0,0.0
2022-02-03 00:00:00-05:00,41.605127872693494,42.04200710077786,41.41789179207409,41.644134521484375,22635800,0.0,0.0
2022-02-04 00:00:00-05:00,41.36328239309358,41.68314167870678,41.05902636239035,41.347679138183594,24932200,0.0,0.0
2022-02-07 00:00:00-05:00,41.58172974318983,41.80017237653909,40.75477791127988,41.51151657104492,32358500,0.0,0.0
2022-02-08 00:00:00-05:00,39.50654881588621,40.41151704555754,38.7654103488927,40.33350372314453,67922000,0.0,0.0
2022-02-09 00:00:00-05:00,40.28668357293345,40.349096595610625,39.70937799325318,40.15406036376953,38522200,0.0,0.0
2022-02-10 00:00:00-05:00,39.818607553589494,40.07605389510791,39.311512036270784,39.475341796875,34200600,0.0,0.0
2022-02-11 00:00:00-05:00,39.26469794595038,39.97462975281653,39.069661702569384,39.615760803222656,34997800,0.0,0.0
2022-02-14 00:00:00-05:00,38.86683006633374,39.39732899182988,37.82143547503459,38.851226806640625,42973100,0.0,0.0
2022-02-15 00:00:00-05:00,38.851222076923385,39.03845819442937,38.39093638807236,38.843421936035156,29150000,0.0,0.0
2022-02-16 00:00:00-05:00,38.68738952468658,39.615760975859686,38.562566447419464,38.75760269165039,27672600,0.0,0.0
2022-02-17 00:00:00-05:00,38.859013837885634,38.97603377311463,38.03205927259264,38.14908218383789,21231700,0.0,0.0
2022-02-18 00:00:00-05:00,38.0554717337183,38.632780336885986,37.60298918616911,37.860435485839844,26955300,0.0,0.0
2022-02-22 00:00:00-05:00,37.08809868029537,37.68881076299296,36.93986920699575,37.08029556274414,34814800,0.0,0.0
2022-02-23 00:00:00-05:00,37.12709683484425,37.57177920083957,36.495178378737734,36.565391540527344,25793000,0.0,0.0
2022-02-24 00:00:00-05:00,35.77745162255565,36.47958036533076,35.41858562229167,35.855464935302734,44227300,0.0,0.0
2022-02-25 00:00:00-05:00,35.73843898325256,37.47035863963958,35.68382907826835,37.228515625,31199200,0.0,0.0
2022-02-28 00:00:00-05:00,36.52638618621199,36.79943572729828,36.15191696871502,36.62000274658203,35296100,0.0,0.0
2022-03-01 00:00:00-05:00,36.42495481655907,36.77602052526762,35.449773945710795,35.691619873046875,29854500,0.0,0.0
2022-03-02 00:00:00-05:00,35.972482963543584,37.39234648878979,35.88666654564133,37.212913513183594,36516200,0.0,0.0
2022-03-03 00:00:00-05:00,37.197308132231335,37.90723985429127,37.041278560961956,37.3143310546875,30553300,0.0,0.0
2022-03-04 00:00:00-05:00,37.05688783755365,38.04767235370081,36.986674667873395,37.95405578613281,33217300,0.0,0.0
2022-03-07 00:00:00-05:00,37.64199785349734,38.10228354214556,37.072492336359225,37.431358337402344,33171300,0.0,0.0
2022-03-08 00:00:00-05:00,37.1192935801903,37.77461240054596,36.25333231612541,37.01007080078125,32913300,0.0,0.0
2022-03-09 00:00:00-05:00,37.54837354290126,38.39873157288067,37.446953876201924,38.03206253051758,24718900,0.0,0.0
2022-03-10 00:00:00-05:00,37.68880064508131,38.453342278897864,37.48596130744669,38.38312911987305,24542300,0.0,0.0
2022-03-11 00:00:00-05:00,38.33632323174425,39.70938004129125,38.180293643020704,39.21788787841797,33701900,0.0,0.0
2022-03-14 00:00:00-04:00,39.56895613558278,41.27747264803631,39.31150685199848,40.762577056884766,42314500,0.0,0.0
2022-03-15 00:00:00-04:00,41.051228343881895,41.28527124455745,39.92782063502907,40.73136901855469,30172100,0.0,0.0
2022-03-16 00:00:00-04:00,40.98881395554018,41.558319378131664,40.707961314039366,41.2852668762207,29891400,0.0,0.0
2022-03-17 00:00:00-04:00,41.28527312456313,42.32286743203014,41.183856414462916,42.315067291259766,30598600,0.0,0.0
2022-03-18 00:00:00-04:00,42.42428291542505,42.90797194773298,41.90158425507849,42.525699615478516,51815000,0.0,0.0
2022-03-21 00:00:00-04:00,42.31506019298625,43.142011872711585,42.04981081103255,42.27605056762695,34592500,0.0,0.0
2022-03-22 00:00:00-04:00,42.28384346822827,42.377459999238354,40.957596878852726,41.378875732421875,32253600,0.0,0.0
2022-03-23 00:00:00-04:00,41.36328094130644,41.73775011795302,40.69235588380849,40.71575927734375,29183700,0.0,0.0
2022-03-24 00:00:00-04:00,40.98881774826363,41.23066078614318,40.793781504287516,41.02782440185547,25177500,0.0,0.0
2022-03-25 00:00:00-04:00,41.144840931706916,41.54271349801532,40.96540499629519,41.17604446411133,17429600,0.0,0.0
2022-03-28 00:00:00-04:00,40.98101522204863,41.78456658249259,40.95761182475991,41.566123962402344,21863700,0.0,0.0
2022-03-29 00:00:00-04:00,42.12782533692332,42.190238358503066,41.05122452280617,41.14484405517578,39970000,0.0,0.0
2022-03-30 00:00:00-04:00,41.5037127743958,41.90938851372046,40.544134823615444,40.91080093383789,27599600,0.0,0.0
2022-03-31 00:00:00-04:00,40.56754029398295,41.254068732242814,40.364703901960524,40.38810729980469,26055200,0.0,0.0
2022-04-01 00:00:00-04:00,40.66115000844161,40.692356517652364,39.86540187966651,40.23207092285156,19073100,0.0,0.0
2022-04-04 00:00:00-04:00,40.39590724781362,40.46612041702836,39.29590291412745,39.74058532714844,20462800,0.0,0.0
2022-04-05 00:00:00-04:00,39.63916588273545,40.68456023218815,39.592356114485284,39.97462844848633,21176700,0.0,0.0
2022-04-06 00:00:00-04:00,39.91221817255934,41.417898264096294,39.91221817255934,41.24626541137695,31717500,0.0,0.0
2022-04-07 00:00:00-04:00,40.95761315304301,43.22783502019957,40.95761315304301,43.032798767089844,36305700,0.0,0.0
2022-04-08 00:00:00-04:00,42.79094985921932,43.36045829882931,42.486693801027336,43.04059600830078,24612200,0.0,0.0
2022-04-11 00:00:00-04:00,43.26683625169308,43.93776135444619,41.956192557016465,42.07321548461914,22054300,0.0,0.0
2022-04-12 00:00:00-04:00,41.581728678658095,42.07322087108982,41.07463620483099,41.433502197265625,22810700,0.0,0.0
2022-04-13 00:00:00-04:00,41.449107516648986,41.98740653207973,41.113644905636185,41.42570114135742,15777800,0.0,0.0
2022-04-14 00:00:00-04:00,41.6597343813398,42.05760692821053,41.378881771305736,41.44129180908203,17240100,0.0,0.0
2022-04-18 00:00:00-04:00,41.21505950806323,41.433499143704545,40.27888496443112,40.44271469116211,17065000,0.0,0.0
2022-04-19 00:00:00-04:00,40.302288750998564,40.47392159553087,38.51575606787357,39.147674560546875,33441500,0.0,0.0
2022-04-20 00:00:00-04:00,39.00724248071412,39.132065537611744,38.39092733527489,38.81220626831055,24751800,0.0,0.0
2022-04-21 00:00:00-04:00,38.95263824840488,39.0150482979285,38.164690169049,38.31291961669922,19105600,0.0,0.0
2022-04-22 00:00:00-04:00,38.188092744115835,38.3051126913422,37.36894120946505,37.54837417602539,22156800,0.0,0.0
2022-04-25 00:00:00-04:00,37.329941338198815,38.375335877058355,36.76043578004645,38.18810272216797,27390600,0.0,0.0
2022-04-26 00:00:00-04:00,38.219296194189326,39.202277361875744,38.164683318635774,38.2504997253418,25366500,0.0,0.0
2022-04-27 00:00:00-04:00,38.31292066823509,38.93703606068509,37.61078899171825,38.804412841796875,25819200,0.0,0.0
2022-04-28 00:00:00-04:00,39.350503321351454,39.607952538292814,38.60936812934368,39.405113220214844,28225400,0.0,0.0
2022-04-29 00:00:00-04:00,38.905826928818136,39.27249599921424,38.2271016712059,38.28171157836914,28343300,0.0,0.0
2022-05-02 00:00:00-04:00,37.197304710186465,38.039859555902,37.02567189997823,37.71220016479492,36228400,0.0,0.0
2022-05-03 00:00:00-04:00,38.125687599986776,39.03845885217967,37.212919323811064,38.45335006713867,33716900,0.0,0.0
2022-05-04 00:00:00-04:00,38.14128106163203,38.90582265392791,37.376739469336144,38.74199295043945,28613700,0.0,0.0
2022-05-05 00:00:00-04:00,38.585964415565584,38.65617757265078,37.09588783832771,37.79801940917969,28333000,0.0,0.0
2022-05-06 00:00:00-04:00,37.517173866363045,38.398738566033224,37.478167210841434,38.2583122253418,19891400,0.0,0.0
2022-05-09 00:00:00-04:00,37.74341073819642,38.35972294159289,37.26752187753611,37.94624710083008,25012300,0.0,0.0
2022-05-10 00:00:00-04:00,38.25830917625049,38.929234311412486,37.98525665732674,38.609375,27335900,0.0,0.0
2022-05-11 00:00:00-04:00,38.281714843611404,39.19448603951156,38.250508329423006,38.57817077636719,29699500,0.0,0.0
2022-05-12 00:00:00-04:00,38.53885086388245,39.66355634340237,38.31862981903773,39.63209533691406,33468400,0.4,0.0
2022-05-13 00:00:00-04:00,39.62422763637321,39.94669542002353,39.07367207884461,39.26243209838867,22423700,0.0,0.0
2022-05-16 00:00:00-04:00,39.22309388682932,40.15117216530719,39.22309388682932,39.852298736572266,19435600,0.0,0.0
2022-05-17 00:00:00-04:00,40.07253897421017,40.52084779941329,39.46692812255462,40.379276275634766,19918200,0.0,0.0
2022-05-18 00:00:00-04:00,40.28489686048817,40.44219588899917,39.45119820806127,39.63996124267578,22276000,0.0,0.0
2022-05-19 00:00:00-04:00,39.325347649581694,40.0253383576985,39.00287991886656,39.836578369140625,19865500,0.0,0.0
2022-05-20 00:00:00-04:00,40.324215417204634,41.44892069978172,40.2141049140633,41.26802444458008,31250400,0.0,0.0
2022-05-23 00:00:00-04:00,41.354536948453934,42.23542389402079,41.27588445313534,41.59048843383789,24035800,0.0,0.0
2022-05-24 00:00:00-04:00,41.456783967946436,42.16464148032069,41.456783967946436,42.00733947753906,26729800,0.0,0.0
2022-05-25 00:00:00-04:00,41.84217647898243,42.51070628445222,41.72419921905889,42.24329376220703,24003900,0.0,0.0
2022-05-26 00:00:00-04:00,42.51856766825944,43.1949611388778,42.37699617433593,42.4635124206543,23516300,0.0,0.0
2022-05-27 00:00:00-04:00,42.408456553931934,42.79384630909296,42.093855549993314,42.40059280395508,21407500,0.0,0.0
2022-05-31 00:00:00-04:00,41.936544809436604,42.07811628180946,40.85116452133989,41.71632385253906,66058200,0.0,0.0
2022-06-01 00:00:00-04:00,41.88149229692637,41.905086543762785,40.77251769132904,41.18936538696289,17430600,0.0,0.0
2022-06-02 00:00:00-04:00,41.18937493192894,41.480384711681516,40.14332207587065,41.43319320678711,21903400,0.0,0.0
2022-06-03 00:00:00-04:00,41.260146723715096,42.10170877429174,41.260146723715096,41.8421630859375,18125000,0.0,0.0
2022-06-06 00:00:00-04:00,41.8343147034973,42.25116553792629,41.68487942340341,41.88936996459961,16544400,0.0,0.0
2022-06-07 00:00:00-04:00,41.90509349891208,42.44778526850803,41.69273624128144,42.439918518066406,15091200,0.0,0.0
2022-06-08 00:00:00-04:00,42.51857035677308,42.91182386469641,42.00733959635829,42.05453109741211,12789800,0.0,0.0
2022-06-09 00:00:00-04:00,41.8972309943674,42.196104514024185,40.66241516350795,40.72533416748047,17572700,0.0,0.0
2022-06-10 00:00:00-04:00,40.35567736781718,40.40286587011035,39.28602731164019,39.3017578125,23826000,0.0,0.0
2022-06-13 00:00:00-04:00,38.397270299884575,38.759062788508224,37.52424707712482,37.681549072265625,26989000,0.0,0.0
2022-06-14 00:00:00-04:00,37.55571022469459,38.12199623948314,37.13886246396757,37.689414978027344,23290300,0.0,0.0
2022-06-15 00:00:00-04:00,37.657956569616424,38.52311308258655,37.10740106123264,38.1534538269043,25748000,0.0,0.0
2022-06-16 00:00:00-04:00,37.50851136390096,37.75232957249279,37.013014198467616,37.343345642089844,20424500,0.0,0.0
2022-06-17 00:00:00-04:00,37.2647051301185,37.77593291602786,36.3995455688863,36.59617233276367,45047700,0.0,0.0
2022-06-21 00:00:00-04:00,37.217510683918825,38.098397676358054,36.92650393647022,37.83885192871094,19622100,0.0,0.0
2022-06-22 00:00:00-04:00,37.77593076203553,38.995019028791546,37.57144025938914,38.59389877319336,20382900,0.0,0.0
2022-06-23 00:00:00-04:00,38.71974071196336,39.45905623977578,38.52311395453904,39.39613723754883,20061700,0.0,0.0
2022-06-24 00:00:00-04:00,39.83657795409315,40.61521814928229,39.561298723242594,40.57589340209961,24343200,0.0,0.0
2022-06-27 00:00:00-04:00,40.48937779800077,41.07925801592086,40.316345307319374,40.80398178100586,16154300,0.0,0.0
2022-06-28 00:00:00-04:00,40.764662922651105,40.87477343252525,39.64782132188538,39.84444808959961,16417900,0.0,0.0
2022-06-29 00:00:00-04:00,39.89949719399881,40.45791640815774,39.844441947548546,40.06466293334961,13925700,0.0,0.0
2022-06-30 00:00:00-04:00,40.65453681985657,41.598345612599886,40.18263392362763,41.23655319213867,33495700,0.0,0.0
2022-07-01 00:00:00-04:00,40.929824150856035,41.1893698953222,40.308482913678965,41.142181396484375,16143300,0.0,0.0
2022-07-05 00:00:00-04:00,40.70173918506719,40.81184969025635,39.63995588470167,40.6152229309082,18406800,0.0,0.0
2022-07-06 00:00:00-04:00,40.615223611542795,41.653412678276226,40.568035108691646,41.48824691772461,21305500,0.0,0.0
2022-07-07 00:00:00-04:00,41.64555288926137,42.109592213250735,41.51971186921102,42.01520919799805,17847600,0.0,0.0
2022-07-08 00:00:00-04:00,41.72419681042544,42.40845707773683,41.49610905455959,41.81857681274414,11322700,0.0,0.0
2022-07-11 00:00:00-04:00,41.68487058879193,42.26688708317641,41.48824384073159,41.59835433959961,12921400,0.0,0.0
2022-07-12 00:00:00-04:00,41.44105643913863,41.511842195451685,40.670279870555476,40.92982864379883,14633500,0.0,0.0
2022-07-13 00:00:00-04:00,40.788251505830274,41.142180238583244,40.51297226911754,40.73319625854492,12927300,0.0,0.0
2022-07-14 00:00:00-04:00,39.91523035902247,40.57589636083843,39.8208503588448,40.41859436035156,14023800,0.0,0.0
2022-07-15 00:00:00-04:00,40.143317211237125,40.82757744771104,39.66354747061901,40.70173645019531,19885700,0.0,0.0
2022-07-18 00:00:00-04:00,40.86691425344849,40.87478100577498,39.734344941676014,39.91524124145508,15742900,0.0,0.0
2022-07-19 00:00:00-04:00,40.143313016500784,40.512969220415485,39.805114808463316,40.40285873413086,13402100,0.0,0.0
2022-07-20 00:00:00-04:00,40.41859223593915,40.47364748317292,39.726465270346985,39.97028350830078,12774400,0.0,0.0
2022-07-21 00:00:00-04:00,39.773659534493575,40.22196829331336,39.4669222784891,40.20623779296875,15103800,0.0,0.0
2022-07-22 00:00:00-04:00,40.316349377960684,40.52870663788741,40.07253411678596,40.292755126953125,10932100,0.0,0.0
2022-07-25 00:00:00-04:00,40.379270007445825,40.803984512851756,40.379270007445825,40.71746826171875,12995800,0.0,0.0
2022-07-26 00:00:00-04:00,40.77252677201792,41.566897595382,40.67028001247861,41.13431930541992,16632500,0.0,0.0
2022-07-27 00:00:00-04:00,40.8511649285439,41.09498313345764,40.261284787872256,40.859031677246094,19203500,0.0,0.0
2022-07-28 00:00:00-04:00,40.304208976777524,41.47727419554133,38.917141762896364,40.201171875,38984900,0.4,0.0
2022-07-29 00:00:00-04:00,40.07435428505462,40.19324394598362,39.0598116417744,40.03472137451172,25037900,0.0,0.0
2022-08-01 00:00:00-04:00,39.884125582672674,40.66088283725461,39.74938336565838,40.113983154296875,19709900,0.0,0.0
2022-08-02 00:00:00-04:00,40.343848879478934,40.79563632270024,39.337233849834256,39.384788513183594,17802000,0.0,0.0
2022-08-03 00:00:00-04:00,39.46405260660942,39.68598243896081,39.107377502068125,39.519535064697266,16500100,0.0,0.0
2022-08-04 00:00:00-04:00,39.55124019033809,39.67012987614039,39.004337355519034,39.519535064697266,17026300,0.0,0.0
2022-08-05 00:00:00-04:00,39.34515615225011,39.60671887853981,38.88544396848371,39.0518913269043,16376600,0.0,0.0
2022-08-08 00:00:00-04:00,39.1470066272498,39.47990439279543,38.79033152972489,39.289676666259766,16071800,0.0,0.0
2022-08-09 00:00:00-04:00,39.432338395687566,39.71767841357776,39.25003850060584,39.45611572265625,12095600,0.0,0.0
2022-08-10 00:00:00-04:00,39.57501352764711,39.6701258714007,39.13907867657901,39.59086608886719,17355100,0.0,0.0
2022-08-11 00:00:00-04:00,38.21964115841347,38.94091587309284,37.89467129847146,38.275123596191406,44048800,0.0,0.0
2022-08-12 00:00:00-04:00,38.48120567776036,39.939607849367306,38.48120567776036,39.71767807006836,25835500,0.0,0.0
2022-08-15 00:00:00-04:00,39.60671001172451,39.68596977697119,39.14699490730833,39.432334899902344,15797800,0.0,0.0
2022-08-16 00:00:00-04:00,39.13908262770895,39.77317002268948,39.12323006488854,39.519535064697266,12874800,0.0,0.0
2022-08-17 00:00:00-04:00,39.35308394468933,39.51953130310991,39.03603876559278,39.0518913269043,13607200,0.0,0.0
2022-08-18 00:00:00-04:00,39.14699781681242,39.25003793814429,38.346463243484784,38.50498580932617,18916300,0.0,0.0
2022-08-19 00:00:00-04:00,38.711061730591176,39.19455417959286,38.623874171123155,38.95677185058594,15350200,0.0,0.0
2022-08-22 00:00:00-04:00,39.00432832372307,39.154926123861145,38.631803766189904,38.75862121582031,13601200,0.0,0.0
2022-08-23 00:00:00-04:00,38.37817355168528,38.457436363353416,37.85505108894398,38.05320358276367,16248900,0.0,0.0
2022-08-24 00:00:00-04:00,37.96602210138889,38.05320666593711,37.55386451802176,37.5934944152832,15551500,0.0,0.0
2022-08-25 00:00:00-04:00,37.66482225788354,38.00564475176539,37.466669785792554,37.96601486206055,14460000,0.0,0.0
2022-08-26 00:00:00-04:00,37.74407637714915,38.01356381972293,37.014876840517935,37.109989166259766,16546700,0.0,0.0
2022-08-29 00:00:00-04:00,36.761249572041784,37.00695671640886,36.555169296079846,36.642356872558594,13400500,0.0,0.0
2022-08-30 00:00:00-04:00,36.72954382655886,36.737468595392194,36.301533743953456,36.341163635253906,16303000,0.0,0.0
2022-08-31 00:00:00-04:00,36.467985361287575,36.68991822091391,35.7704907269398,35.84975051879883,26416800,0.0,0.0
2022-09-01 00:00:00-04:00,35.778406412625934,36.97524892136501,35.778406412625934,36.95939636230469,19947600,0.0,0.0
2022-09-02 00:00:00-04:00,37.04658594014458,37.09414059634534,36.087525718018526,36.22227096557617,14667700,0.0,0.0
2022-09-06 00:00:00-04:00,36.42834755454989,36.80879991527496,36.08752508114827,36.26982498168945,17153500,0.0,0.0
2022-09-07 00:00:00-04:00,36.22226881885863,36.626498490441556,35.96863392226416,36.56309127807617,15378900,0.0,0.0
2022-09-08 00:00:00-04:00,36.47589562881146,37.34776501461725,36.35700297458076,37.316062927246094,18271000,0.0,0.0
2022-09-09 00:00:00-04:00,37.41118342479681,38.03734589680585,37.33192063010591,37.918453216552734,17501700,0.0,0.0
2022-09-12 00:00:00-04:00,38.10868325371178,38.32268525367713,37.7995628706767,37.855045318603516,13744800,0.0,0.0
2022-09-13 00:00:00-04:00,37.355708220246115,37.506303023996075,36.47591068184461,36.610652923583984,16603200,0.0,0.0
2022-09-14 00:00:00-04:00,36.618575047019476,36.78502238701034,36.285677343471164,36.57894515991211,17162500,0.0,0.0
2022-09-15 00:00:00-04:00,36.54724373217567,36.68991375902552,36.222273787365886,36.412498474121094,15802000,0.0,0.0
2022-09-16 00:00:00-04:00,36.531394815902814,36.95147714600351,36.17471971319129,36.48383712768555,30629500,0.0,0.0
2022-09-19 00:00:00-04:00,36.206413429858294,36.36493598373079,35.49306344921517,36.01618576049805,16256200,0.0,0.0
2022-09-20 00:00:00-04:00,35.66744931722714,35.88145437595856,35.2235866372397,35.48514938354492,15369000,0.0,0.0
2022-09-21 00:00:00-04:00,35.516849583849925,35.65159181127506,34.79557471861132,34.811424255371094,17505200,0.0,0.0
2022-09-22 00:00:00-04:00,34.613271909878776,35.66744449859369,34.49438224235684,35.326622009277344,18508100,0.0,0.0
2022-09-23 00:00:00-04:00,35.2235847198734,35.31870008984349,34.541942709822955,34.93824768066406,18871700,0.0,0.0
2022-09-26 00:00:00-04:00,34.72424067043572,35.13639817963705,34.61327274507755,34.74009323120117,18680200,0.0,0.0
2022-09-27 00:00:00-04:00,35.04920711511323,35.334547133328144,34.66875476534884,34.9461669921875,21562700,0.0,0.0
2022-09-28 00:00:00-04:00,35.40588478880101,35.51685272088777,35.0492127324352,35.215660095214844,16532600,0.0,0.0
2022-09-29 00:00:00-04:00,35.19980039526813,35.36624772429367,34.835200620193206,35.00164794921875,13559900,0.0,0.0
2022-09-30 00:00:00-04:00,35.00957840283152,35.35832869960377,34.66083112962614,34.684608459472656,22962300,0.0,0.0
2022-10-03 00:00:00-04:00,34.93031924376831,35.09676660279541,34.470607058326735,34.985801696777344,22834300,0.0,0.0
2022-10-04 00:00:00-04:00,35.07298594533709,35.54062587888425,34.94616848998023,35.23943328857422,28198800,0.0,0.0
2022-10-05 00:00:00-04:00,34.969947814941406,35.16810028922484,34.621200548686616,34.969947814941406,15673400,0.0,0.0
2022-10-06 00:00:00-04:00,34.68461556699512,34.70046813133024,34.11393836876821,34.153568267822266,22068200,0.0,0.0
2022-10-07 00:00:00-04:00,34.121852026643616,34.121852026643616,33.22620208658545,33.54324722290039,20095000,0.0,0.0
2022-10-10 00:00:00-04:00,33.56703362044945,33.78103869175608,33.091468811035156,33.091468811035156,17888000,0.0,0.0
2022-10-11 00:00:00-04:00,33.02012668498715,33.74140153748174,32.85367933984994,33.22620391845703,20981200,0.0,0.0
2022-10-12 00:00:00-04:00,33.3609465008012,34.19318618353984,33.2262012629592,33.31338882446289,18803600,0.0,0.0
2022-10-13 00:00:00-04:00,33.099386906854406,34.20904193649453,33.05183224964224,34.06637191772461,23135200,0.0,0.0
2022-10-14 00:00:00-04:00,33.99504121711784,34.38342143378802,33.57495889947696,33.97126388549805,16980500,0.0,0.0
2022-10-17 00:00:00-04:00,34.232828248345676,34.724248674650575,34.232828248345676,34.59743118286133,16678400,0.0,0.0
2022-10-18 00:00:00-04:00,34.91446187381551,35.16017200584869,34.57363941023286,34.9461669921875,18442800,0.0,0.0
2022-10-19 00:00:00-04:00,34.803494087725795,34.93031152709713,33.87614212924161,34.16940689086914,23054700,0.0,0.0
2022-10-20 00:00:00-04:00,34.29622716405007,34.40719205472295,33.9395521414826,34.010887145996094,17715000,0.0,0.0
2022-10-21 00:00:00-04:00,34.32793550760156,35.79426259822951,34.07430058407204,35.62781524658203,36575700,0.0,0.0
2022-10-24 00:00:00-04:00,35.7308591215592,36.35701870384995,35.659524102872005,36.095458984375,24972000,0.0,0.0
2022-10-25 00:00:00-04:00,35.881447341339246,36.317382142815056,35.58025475955541,36.13508224487305,23127000,0.0,0.0
2022-10-26 00:00:00-04:00,36.39664240364242,36.975250247615264,36.15886005634166,36.50761032104492,21407900,0.0,0.0
2022-10-27 00:00:00-04:00,36.30946118123943,36.547243550283454,36.206421046012494,36.25397872924805,20377700,0.0,0.0
2022-10-28 00:00:00-04:00,36.444209253297394,37.66482943978073,36.40457935603596,37.5934944152832,27854000,0.0,0.0
2022-10-31 00:00:00-04:00,37.31607760529088,37.56178475278518,36.88806750998424,36.895992279052734,29961700,0.0,0.0
2022-11-01 00:00:00-04:00,38.045278813380406,38.37817355168528,37.56971403764,38.05320358276367,30614500,0.0,0.0
2022-11-02 00:00:00-04:00,37.86297496036408,38.18001710349875,37.213035089836204,37.30814743041992,25813100,0.0,0.0
2022-11-03 00:00:00-04:00,37.06033269505317,37.41206900386504,36.90045144578188,37.228206634521484,20124600,0.4,0.0
2022-11-04 00:00:00-04:00,37.9476649472228,38.003622918516015,37.260177814785244,37.7478141784668,24528500,0.0,0.0
2022-11-07 00:00:00-05:00,37.69985217171178,38.09156105427876,37.3720970044541,37.64389419555664,20304400,0.0,0.0
2022-11-08 00:00:00-05:00,37.603924950958145,38.17150045623297,37.3720973053171,37.85173797607422,18054500,0.0,0.0
2022-11-09 00:00:00-05:00,37.69985028179732,37.971647459274514,37.332125585646054,37.348114013671875,15348100,0.0,0.0
2022-11-10 00:00:00-05:00,37.99562961703913,38.17149928065825,37.45203524719903,37.8757209777832,20480600,0.0,0.0
2022-11-11 00:00:00-05:00,37.62790725828505,38.131532113125814,37.0203621861688,38.05158996582031,20909800,0.0,0.0
2022-11-14 00:00:00-05:00,38.363363427106535,39.82626979336959,38.3153981341459,39.36261749267578,26143000,0.0,0.0
2022-11-15 00:00:00-05:00,39.442555780666815,39.59444129767215,38.51524814901661,38.8270149230957,25440500,0.0,0.0
2022-11-16 00:00:00-05:00,39.01087982780389,39.218726390304575,38.41132736206055,38.41132736206055,15822200,0.0,0.0
2022-11-17 00:00:00-05:00,38.211465218847415,38.77104796431092,37.995626029190895,38.63515090942383,13231100,0.0,0.0
2022-11-18 00:00:00-05:00,38.88297294801161,39.03486151466377,38.26743208976988,38.55521774291992,20666500,0.0,0.0
2022-11-21 00:00:00-05:00,38.45128981532072,38.595182624483364,38.147518817738224,38.51524353027344,14736000,0.0,0.0
2022-11-22 00:00:00-05:00,38.64314346660742,39.3706001183893,38.56320438159076,39.234703063964844,16358600,0.0,0.0
2022-11-23 00:00:00-05:00,39.138777118734296,39.346623643460774,38.787040833903085,39.05084228515625,10710800,0.0,0.0
2022-11-25 00:00:00-05:00,39.11479496347473,39.346622600493404,39.042848560588965,39.338626861572266,6760200,0.0,0.0
2022-11-28 00:00:00-05:00,39.31465228615674,39.762319206329366,39.218724749505974,39.62641906738281,20704000,0.0,0.0
2022-11-29 00:00:00-05:00,39.570462173412324,39.7063592666204,39.250699643127504,39.562469482421875,17160900,0.0,0.0
2022-11-30 00:00:00-05:00,39.682372529199554,40.07408142089844,39.20273185112191,40.07408142089844,35572700,0.0,0.0
2022-12-01 00:00:00-05:00,40.21797060652371,40.89746201408985,40.193986440146475,40.83351135253906,23592600,0.0,0.0
2022-12-02 00:00:00-05:00,40.41783046687619,41.0333713512906,40.35387674146517,40.6976203918457,16881600,0.0,0.0
2022-12-05 00:00:00-05:00,40.69761519591408,40.79354272230191,40.24994832363575,40.5537223815918,17959800,0.0,0.0
2022-12-06 00:00:00-05:00,40.50575715223913,40.649649966769516,39.31464813688113,39.73833084106445,21787100,0.0,0.0
2022-12-07 00:00:00-05:00,39.7703126927897,40.889478490871845,39.7703126927897,40.16202163696289,15929900,0.0,0.0
2022-12-08 00:00:00-05:00,40.11405301732746,41.46504333416136,39.98614862667739,41.393096923828125,26116800,0.0,0.0
2022-12-09 00:00:00-05:00,41.3691158554215,42.24046547078064,41.27318832468396,41.34513473510742,19933500,0.0,0.0
2022-12-12 00:00:00-05:00,41.66489203806102,42.0406125008328,41.36911372134763,41.696868896484375,18532200,0.0,0.0
2022-12-13 00:00:00-05:00,42.448308970660605,43.199749935116266,42.272442339187315,42.4243278503418,29461800,0.0,0.0
2022-12-14 00:00:00-05:00,42.48028281357471,43.9112151809351,42.288427765688326,43.551483154296875,36260300,0.0,0.0
2022-12-15 00:00:00-05:00,43.22372752000704,43.51151313821857,42.68812888015412,42.85600280761719,21627100,0.0,0.0
2022-12-16 00:00:00-05:00,42.37636545234332,42.4802887299528,41.08932876586914,41.08932876586914,65689500,0.0,0.0
2022-12-19 00:00:00-05:00,41.18525072623944,41.41707837202186,40.52974038604715,41.05734634399414,16081900,0.0,0.0
2022-12-20 00:00:00-05:00,40.93743671251519,41.17725706011393,40.641658385459465,41.02537155151367,12433800,0.0,0.0
2022-12-21 00:00:00-05:00,41.25719918202929,41.696870327253414,40.92944399564608,41.29716873168945,12925000,0.0,0.0
2022-12-22 00:00:00-05:00,41.097315165117365,41.32914280680135,40.72959045384818,41.28117752075195,14822300,0.0,0.0
2022-12-23 00:00:00-05:00,41.21722810224774,41.528994847296815,40.96141933454177,41.433067321777344,10666500,0.0,0.0
2022-12-27 00:00:00-05:00,41.457049522331545,41.51300750113451,40.809531846850085,40.87348556518555,12033800,0.0,0.0
2022-12-28 00:00:00-05:00,40.80952330010858,41.08132044714954,40.56970300553844,40.60967254638672,10053900,0.0,0.0
2022-12-29 00:00:00-05:00,40.7855472789091,41.30515747378803,40.76156616130141,41.033363342285156,8971300,0.0,0.0
2022-12-30 00:00:00-05:00,41.00139151729737,41.08932635862432,40.56971305050029,40.961421966552734,11396200,0.0,0.0
2023-01-03 00:00:00-05:00,40.77754716148076,41.033358936244994,40.62566168380625,40.97739791870117,15603800,0.0,0.0
2023-01-04 00:00:00-05:00,40.20198580501788,40.47378300245682,39.586445003480236,40.07408142089844,21808400,0.0,0.0
2023-01-05 00:00:00-05:00,39.75431841984859,39.9621649472705,39.106800768315594,39.698360443115234,20057400,0.0,0.0
2023-01-06 00:00:00-05:00,39.95416673399029,41.249198907384226,39.61841889438035,40.705604553222656,29635900,0.0,0.0
2023-01-09 00:00:00-05:00,40.0101338757242,40.17800783399809,38.619173865052645,38.68312454223633,30839100,0.0,0.0
2023-01-10 00:00:00-05:00,38.65114129888675,38.74707187304963,37.87572231269685,38.06757736206055,29212000,0.0,0.0
2023-01-11 00:00:00-05:00,38.13152955259476,38.16350640936972,37.46003080772524,37.931678771972656,23022200,0.0,0.0
2023-01-12 00:00:00-05:00,37.787786273545436,38.147518291489504,37.23619921235181,38.139522552490234,23345300,0.0,0.0
2023-01-13 00:00:00-05:00,37.971644481364585,38.4992503669159,37.96365179271892,38.251434326171875,18737500,0.0,0.0
2023-01-17 00:00:00-05:00,37.20422682685419,37.364108081765394,36.540720686291124,36.83650207519531,29391400,0.0,0.0
2023-01-18 00:00:00-05:00,36.41280410388297,36.65262438123464,35.94915197426712,35.9731330871582,33835000,0.0,0.0
2023-01-19 00:00:00-05:00,35.749310870273064,36.188982005500755,35.68535715268593,35.941165924072266,26614900,0.0,0.0
2023-01-20 00:00:00-05:00,36.1969780207526,36.31688972750381,35.757306845133805,36.06108093261719,25197600,0.0,0.0
2023-01-23 00:00:00-05:00,36.005122426910575,36.22895435681833,35.82925273942229,35.957157135009766,19398600,0.0,0.0
2023-01-24 00:00:00-05:00,35.909187863150855,35.933172031183666,35.293650124127026,35.74131393432617,18853100,0.0,0.0
2023-01-25 00:00:00-05:00,35.99712546525741,36.06107918562149,35.64538915169867,36.02910232543945,20828000,0.0,0.0
2023-01-26 00:00:00-05:00,35.65800106584517,35.73867404401812,35.18202310868034,35.69833755493164,38465500,0.41,0.0
2023-01-27 00:00:00-05:00,35.674135513717104,35.77094370094878,35.319167031406344,35.32723617553711,23798600,0.0,0.0
2023-01-30 00:00:00-05:00,35.32723685679698,35.609595357283084,35.01260793411908,35.13361740112305,24402200,0.0,0.0
2023-01-31 00:00:00-05:00,34.68990424297825,35.72253296588377,34.44788227073181,35.62572479248047,49722500,0.0,0.0
2023-02-01 00:00:00-05:00,35.42404081414523,35.64186152170375,35.02066981736495,35.47244644165039,24482300,0.0,0.0
2023-02-02 00:00:00-05:00,35.198156569995604,35.86775087247854,35.093279241603085,35.77094268798828,35279200,0.0,0.0
2023-02-03 00:00:00-05:00,35.78707354523184,35.81127481904143,35.399837776896874,35.54505157470703,23742000,0.0,0.0
2023-02-06 00:00:00-05:00,35.64993511273862,35.738677243158705,35.278834455961096,35.303035736083984,18071200,0.0,0.0
2023-02-07 00:00:00-05:00,35.351436226665754,35.415977067565855,34.89159350642088,35.16588592529297,22999500,0.0,0.0
2023-02-08 00:00:00-05:00,35.13361898059946,35.57732653451513,35.11748376877818,35.48051834106445,19362300,0.0,0.0
2023-02-09 00:00:00-05:00,35.593456853302904,35.7628750153979,34.88352609562282,34.96419906616211,20809200,0.0,0.0
2023-02-10 00:00:00-05:00,35.09327847402376,35.480514280991656,34.8996590318015,35.39984130859375,18619600,0.0,0.0
2023-02-13 00:00:00-05:00,35.23849905405113,35.50472237607505,35.101351281662815,35.488590240478516,17878000,0.0,0.0
2023-02-14 00:00:00-05:00,35.569264787869926,35.65800692492779,35.15782760762036,35.27077102661133,17506900,0.0,0.0
2023-02-15 00:00:00-05:00,35.02873586505216,35.18201881333415,34.77864781676298,34.948062896728516,18994700,0.0,0.0
2023-02-16 00:00:00-05:00,34.81092331746583,34.835124596001,34.50436045362025,34.649574279785156,17832000,0.0,0.0
2023-02-17 00:00:00-05:00,34.601168183085335,34.988404021860646,34.351080101623694,34.85932540893555,18293400,0.0,0.0
2023-02-21 00:00:00-05:00,34.536637190871474,34.63344540018823,34.383354192186,34.44789505004883,17356600,0.0,0.0
2023-02-22 00:00:00-05:00,34.464020194016044,34.601164860684214,34.1332560878131,34.189727783203125,17394200,0.0,0.0
2023-02-23 00:00:00-05:00,34.11711322644332,34.48821373505673,34.06064154371849,34.125179290771484,21104300,0.0,0.0
2023-02-24 00:00:00-05:00,33.907371035997315,33.923506248035835,33.48786475542691,33.68148422241211,16806100,0.0,0.0
2023-02-27 00:00:00-05:00,33.4313945662152,33.66535053515458,32.85860836155161,32.89894485473633,26370300,0.0,0.0
2023-02-28 00:00:00-05:00,32.67305862748752,32.84247374844293,32.34229445337007,32.729530334472656,31086900,0.0,0.0
2023-03-01 00:00:00-05:00,32.72145692851382,32.88280286801495,32.38262368511307,32.414894104003906,21104400,0.0,0.0
2023-03-02 00:00:00-05:00,32.31808576167958,32.89893791140013,32.116400260844664,32.769859313964844,19110600,0.0,0.0
2023-03-03 00:00:00-05:00,33.00381783621688,33.221638563593174,32.8666731620226,33.19743728637695,20922000,0.0,0.0
2023-03-06 00:00:00-05:00,33.14903736348904,33.286182061302775,32.931216598599036,33.1651725769043,19434800,0.0,0.0
2023-03-07 00:00:00-05:00,33.124831116036425,33.181302815784946,32.35035637559975,32.543975830078125,23205800,0.0,0.0
2023-03-08 00:00:00-05:00,32.52784226575154,32.72952779719964,32.19707811727573,32.366493225097656,16756100,0.0,0.0
2023-03-09 00:00:00-05:00,32.60044327698149,32.72952187063603,31.713028330291074,31.83403778076172,18585100,0.0,0.0
2023-03-10 00:00:00-05:00,31.696893940724316,32.21320832868855,31.648488312798982,31.77756690979004,26328100,0.0,0.0
2023-03-13 00:00:00-04:00,31.67268745236766,32.68111488507453,31.67268745236766,32.156734466552734,35299400,0.0,0.0
2023-03-14 00:00:00-04:00,32.31002008712404,32.39069614260545,31.882447764241515,32.18901062011719,24583600,0.0,0.0
2023-03-15 00:00:00-04:00,32.076061105424145,32.69725282516966,31.834039116848675,32.495567321777344,25498400,0.0,0.0
2023-03-16 00:00:00-04:00,32.31809198462298,32.664991359053666,32.04379952757261,32.568180084228516,21095900,0.0,0.0
2023-03-17 00:00:00-04:00,32.777928597245285,32.907007195231344,32.261614205301065,32.3503532409668,57457800,0.0,0.0
2023-03-20 00:00:00-04:00,32.38263400605692,32.96348942131525,32.221284937654325,32.923152923583984,20825400,0.0,0.0
2023-03-21 00:00:00-04:00,32.96348067844016,33.00381716547302,32.51977316612532,32.80213165283203,19982000,0.0,0.0
2023-03-22 00:00:00-04:00,32.8344098536801,32.95541934345231,32.26162360065033,32.27775573730469,15444200,0.0,0.0
2023-03-23 00:00:00-04:00,32.406824960542934,32.67305130017756,32.26968029647166,32.414894104003906,16958100,0.0,0.0
2023-03-24 00:00:00-04:00,32.34229042808219,32.64078413892157,32.16480618394572,32.584312438964844,17218100,0.0,0.0
2023-03-27 00:00:00-04:00,32.70532365432052,32.76986141844452,32.24548092908393,32.447166442871094,20262800,0.0,0.0
2023-03-28 00:00:00-04:00,32.431030844132,32.51170381769018,32.15673842556686,32.26161575317383,13537500,0.0,0.0
2023-03-29 00:00:00-04:00,32.398756169966745,32.487498275715474,32.26161151742873,32.47136306762695,14429500,0.0,0.0
2023-03-30 00:00:00-04:00,32.60851169688393,32.66498647081917,32.47136702762066,32.57624435424805,12634500,0.0,0.0
2023-03-31 00:00:00-04:00,32.71339168358437,32.93928156526354,32.495570946327796,32.915077209472656,23393600,0.0,0.0
2023-04-03 00:00:00-04:00,32.82633031929241,33.45559116137928,32.79406297871795,33.35877990722656,20817200,0.0,0.0
2023-04-04 00:00:00-04:00,33.43139265186071,33.50399956642643,32.88280775902569,32.99575424194336,19514500,0.0,0.0
2023-04-05 00:00:00-04:00,33.310382378176165,34.060652784820206,33.213571109432024,33.52013397216797,29697600,0.0,0.0
2023-04-06 00:00:00-04:00,33.82669286046623,33.963837525524696,33.37491622517209,33.479793548583984,25931800,0.0,0.0
2023-04-10 00:00:00-04:00,33.197435465398804,33.673413381895216,33.173231112033505,33.66534423828125,15137300,0.0,0.0
2023-04-11 00:00:00-04:00,33.72181881340822,33.875101780397515,33.64114583523891,33.71375274658203,15304100,0.0,0.0
2023-04-12 00:00:00-04:00,33.58467072255057,33.71374932099215,33.294243106687865,33.374916076660156,17035100,0.0,0.0
2023-04-13 00:00:00-04:00,33.503995661548714,33.64114340751145,33.318445363168124,33.45559310913086,22880900,0.0,0.0
2023-04-14 00:00:00-04:00,33.48785919061282,33.64920820670895,33.01995042915819,33.22970199584961,20627500,0.0,0.0
2023-04-17 00:00:00-04:00,33.17323590428059,33.30231452346156,33.044157285099615,33.221641540527344,17608600,0.0,0.0
2023-04-18 00:00:00-04:00,33.30231169263672,33.34265125815185,32.697255139631096,32.7133903503418,18541500,0.0,0.0
2023-04-19 00:00:00-04:00,32.61658633212839,32.721463676413414,32.43103600145623,32.46330642700195,17214300,0.0,0.0
2023-04-20 00:00:00-04:00,32.33421974374039,32.42295877565923,32.10026383305773,32.14866638183594,20131600,0.0,0.0
2023-04-21 00:00:00-04:00,32.342293973381935,32.51170909182307,32.19708013543892,32.43910217285156,19227100,0.0,0.0
2023-04-24 00:00:00-04:00,32.422961677925144,32.4310308217614,32.03572586565499,32.19707489013672,17633700,0.0,0.0
2023-04-25 00:00:00-04:00,32.068000067215486,32.20514475383599,31.68883027659664,31.729169845581055,24492400,0.0,0.0
2023-04-26 00:00:00-04:00,31.59202590769123,31.616227190031342,30.97890316108158,31.164453506469727,22401400,0.0,0.0
2023-04-27 00:00:00-04:00,31.156375921473128,31.325794084396367,30.906287865092793,31.25318717956543,22434000,0.0,0.0
2023-04-28 00:00:00-04:00,31.220920924712466,31.390336032757155,31.15638007737526,31.37420082092285,21015300,0.0,0.0
2023-05-01 00:00:00-04:00,31.462943440325816,31.88244972216074,31.350000033192767,31.63235855102539,23917800,0.0,0.0
2023-05-02 00:00:00-04:00,31.696904800817343,32.366499290415625,31.164455021115046,31.511354446411133,38834100,0.0,0.0
2023-05-03 00:00:00-04:00,31.624286376694055,31.777566245706304,30.946622987283593,31.019229888916016,27721900,0.0,0.0
2023-05-04 00:00:00-04:00,30.79334355884022,31.00309822195391,30.672334093945516,30.84174919128418,23675100,0.0,0.0
2023-05-05 00:00:00-04:00,30.962758209792096,31.059566386185505,30.728802295821286,31.05150032043457,19225100,0.0,0.0
2023-05-08 00:00:00-04:00,31.083771003727236,31.245120033385682,30.93855718478231,31.196714401245117,20101700,0.0,0.0
2023-05-09 00:00:00-04:00,31.04343032836914,31.19671019325719,30.970823428690306,31.04343032836914,15987900,0.0,0.0
2023-05-10 00:00:00-04:00,31.196715686409313,31.23705525359331,30.72074079939787,30.898221969604492,15858200,0.0,0.0
2023-05-11 00:00:00-04:00,30.66173630859013,30.702512384383805,30.343702826377573,30.645429611206055,28566400,0.41,0.0
2023-05-12 00:00:00-04:00,30.669894893418203,30.759597289135943,30.36001473842365,30.457870483398438,16541300,0.0,0.0
2023-05-15 00:00:00-04:00,30.41709638192119,30.466025807974024,30.180608822166064,30.30293083190918,16650400,0.0,0.0
2023-05-16 00:00:00-04:00,30.188761393372875,30.368166155013405,30.0338228969963,30.180604934692383,25451700,0.0,0.0
2023-05-17 00:00:00-04:00,30.156142172653293,30.213224941049507,29.772869489897957,29.968584060668945,23206400,0.0,0.0
2023-05-18 00:00:00-04:00,29.935959724240007,29.993042483630575,29.49560434256099,29.748401641845703,27772400,0.0,0.0
2023-05-19 00:00:00-04:00,29.887032365683417,30.70250388331978,29.781020197373138,29.984888076782227,33068300,0.0,0.0
2023-05-22 00:00:00-04:00,30.05828457896808,31.69738117558957,29.968582202542215,31.599525451660156,85718600,0.0,0.0
2023-05-23 00:00:00-04:00,31.436430305070036,32.73303030432054,30.987921536564702,32.325294494628906,75379500,0.0,0.0
2023-05-24 00:00:00-04:00,32.70041007247257,32.73302968321552,31.477202666607855,31.50166893005371,39326400,0.0,0.0
2023-05-25 00:00:00-04:00,31.403812534240547,31.403812534240547,30.702509513521537,30.849294662475586,30266600,0.0,0.0
2023-05-26 00:00:00-04:00,31.020547013286407,31.346733856248658,30.629120935264936,30.6617374420166,20234600,0.0,0.0
2023-05-30 00:00:00-04:00,30.466021883736637,30.466021883736637,30.107212360455577,30.180604934692383,24371100,0.0,0.0
2023-05-31 00:00:00-04:00,30.253998734618808,31.16732927562943,30.06644061747671,31.004234313964844,46166300,0.0,0.0
2023-06-01 00:00:00-04:00,31.08578023940831,31.159172816618494,30.74328361961257,31.004234313964844,20256100,0.0,0.0
2023-06-02 00:00:00-04:00,31.19178795434774,31.52613117792404,31.118395387671125,31.281490325927734,22736400,0.0,0.0
2023-06-05 00:00:00-04:00,31.379348777198825,31.819704215606254,31.371195429425715,31.517980575561523,18392200,0.0,0.0
2023-06-06 00:00:00-04:00,31.648455663391243,31.68922862348712,31.22441003468373,31.28964614868164,19508200,0.0,0.0
2023-06-07 00:00:00-04:00,31.273338158304796,31.85232542408269,31.09393650131089,31.713693618774414,25295100,0.0,0.0
2023-06-08 00:00:00-04:00,31.836018034806337,31.958336931485952,31.583220671090544,31.87679100036621,17347600,0.0,0.0
2023-06-09 00:00:00-04:00,32.031730647997364,32.28452802066431,31.697387341323264,31.7789363861084,19775100,0.0,0.0
2023-06-12 00:00:00-04:00,31.81155055138893,32.67595169780927,31.795243854410327,32.537322998046875,28334600,0.0,0.0
2023-06-13 00:00:00-04:00,32.34976026060262,32.92059106243153,32.1703586051769,32.847198486328125,26533800,0.0,0.0
2023-06-14 00:00:00-04:00,32.87981394747145,32.89612375240972,32.064342365221115,32.096961975097656,22056400,0.0,0.0
2023-06-15 00:00:00-04:00,32.13774418797521,32.480243968767105,32.03173198073271,32.41500473022461,19905900,0.0,0.0
2023-06-16 00:00:00-04:00,32.50469833247903,32.91243413070727,32.4965418744792,32.66779327392578,60338600,0.0,0.0
2023-06-20 00:00:00-04:00,32.382385478419295,32.51286084620678,32.07250842416036,32.08066177368164,26881200,0.0,0.0
2023-06-21 00:00:00-04:00,31.96649224423733,31.99911185982612,31.6076826943162,31.721851348876953,17982900,0.0,0.0
2023-06-22 00:00:00-04:00,31.75446592612899,31.795241998528663,31.32226693353506,31.58321762084961,18039800,0.0,0.0
2023-06-23 00:00:00-04:00,31.566908192703412,31.69738353792579,31.216255119147462,31.23256492614746,23492200,0.0,0.0
2023-06-26 00:00:00-04:00,30.188760597695527,30.213223751537182,29.48745448697854,30.082748413085938,56135500,0.0,0.0
2023-06-27 00:00:00-04:00,30.139827811985757,30.172447420648638,29.58530690782518,29.699472427368164,32414900,0.0,0.0
2023-06-28 00:00:00-04:00,29.76471985364345,29.797339471302646,29.381447123092794,29.59347152709961,30062000,0.0,0.0
2023-06-29 00:00:00-04:00,29.348830615199105,29.536388750566076,29.16126936905418,29.4548397064209,26284900,0.0,0.0
2023-06-30 00:00:00-04:00,29.528226369754012,29.968581787503894,29.47114360568762,29.9114990234375,30867900,0.0,0.0
2023-07-03 00:00:00-04:00,29.76471528516344,29.96042985030113,29.642393293105204,29.88703727722168,14115800,0.0,0.0
2023-07-05 00:00:00-04:00,29.82995647011875,30.188762900535558,29.675014855229243,29.732097625732422,26829400,0.0,0.0
2023-07-06 00:00:00-04:00,29.520076421461997,29.577159192101202,29.047101338134073,29.05525779724121,30177300,0.0,0.0
2023-07-07 00:00:00-04:00,28.9655519443946,29.16941984678129,28.826920153167443,28.973705291748047,22903300,0.0,0.0
2023-07-10 00:00:00-04:00,29.006330703599666,29.365137163676966,28.981867545869694,29.096033096313477,17777500,0.0,0.0
2023-07-11 00:00:00-04:00,29.063401462386203,29.389591280884414,29.04709166038363,29.373281478881836,17731300,0.0,0.0
2023-07-12 00:00:00-04:00,29.520077588094523,29.56085055290849,29.291743385736247,29.34882926940918,17229700,0.0,0.0
2023-07-13 00:00:00-04:00,29.365134418501405,29.650551378706826,29.2917418413946,29.40591049194336,16664400,0.0,0.0
2023-07-14 00:00:00-04:00,29.601617746368262,29.756559337541695,29.365130241465703,29.61792755126953,17915100,0.0,0.0
2023-07-17 00:00:00-04:00,29.45483820748073,29.45483820748073,29.177577693052676,29.242816925048828,20557300,0.0,0.0
2023-07-18 00:00:00-04:00,29.291740527620473,29.7484057770005,29.259124025418515,29.55269432067871,22808300,0.0,0.0
2023-07-19 00:00:00-04:00,29.63424005905782,29.92781035250224,29.528227872919004,29.71578598022461,18589700,0.0,0.0
2023-07-20 00:00:00-04:00,29.683164486274325,30.229528909917743,29.650544878982398,29.984888076782227,22358400,0.0,0.0
2023-07-21 00:00:00-04:00,30.009353341549453,30.52310130488049,30.009353341549453,30.498638153076172,24149700,0.0,0.0
2023-07-24 00:00:00-04:00,30.506798641685624,30.824832132701747,30.474179024458863,30.58834457397461,19414700,0.0,0.0
2023-07-25 00:00:00-04:00,30.49864071703873,30.759591394146394,30.21322377529272,30.22138023376465,21771000,0.0,0.0
2023-07-26 00:00:00-04:00,30.066434244066148,30.45786020262103,29.976731878626637,30.34369468688965,20983700,0.0,0.0
2023-07-27 00:00:00-04:00,30.384928748981924,30.51685776295133,29.832476985933724,29.848968505859375,25346300,0.41,0.0
2023-07-28 00:00:00-04:00,29.972646658908033,30.055104248829767,29.700544475754896,29.741771697998047,24054100,0.0,0.0
2023-07-31 00:00:00-04:00,29.83247601545496,29.840720202431694,29.618089408831498,29.733530044555664,40265200,0.0,0.0
2023-08-01 00:00:00-04:00,29.58510520267417,30.442642067852148,29.16457938314248,29.36247444152832,40931600,0.0,0.0
2023-08-02 00:00:00-04:00,29.378972319591398,29.593355795944973,29.09037542801875,29.148094177246094,34301600,0.0,0.0
2023-08-03 00:00:00-04:00,29.00791950975254,29.090373962942977,28.79353289876017,28.859498977661133,25676500,0.0,0.0
2023-08-04 00:00:00-04:00,28.81827116878619,29.139847933341443,28.579148855755363,28.87598991394043,25746500,0.0,0.0
2023-08-07 00:00:00-04:00,28.867741660226535,29.560369725408236,28.77704302461855,29.420196533203125,31069100,0.0,0.0
2023-08-08 00:00:00-04:00,29.989139022232322,29.989139022232322,29.181073490834017,29.3872127532959,25225500,0.0,0.0
2023-08-09 00:00:00-04:00,29.354228952631487,29.733527576223395,29.28001869425866,29.5521240234375,17210500,0.0,0.0
2023-08-10 00:00:00-04:00,29.535634764081014,29.758265556224618,29.354231197422735,29.45318031311035,18955200,0.0,0.0
2023-08-11 00:00:00-04:00,29.370723485179845,29.914931053958014,29.34598777832858,29.717039108276367,16609400,0.0,0.0
2023-08-14 00:00:00-04:00,29.535632441346863,30.104575657347375,29.535632441346863,29.741771697998047,20295500,0.0,0.0
2023-08-15 00:00:00-04:00,29.585108489895173,29.60984419540359,29.15633843694764,29.181074142456055,20484300,0.0,0.0
2023-08-16 00:00:00-04:00,28.974939503948907,29.39546543738178,28.851257811213898,29.25528907775879,22215600,0.0,0.0
2023-08-17 00:00:00-04:00,29.354227471335207,30.27773356124666,29.345983285458892,30.10457420349121,31113600,0.0,0.0
2023-08-18 00:00:00-04:00,30.055109511327824,30.384930492458448,29.94791619837828,30.2282657623291,24145100,0.0,0.0
2023-08-21 00:00:00-04:00,30.269488752306852,30.665275761492055,30.211770010057066,30.516855239868164,28496500,0.0,0.0
2023-08-22 00:00:00-04:00,30.516851639886106,30.63229225620304,29.453175554307624,30.376678466796875,18524100,0.0,0.0
2023-08-23 00:00:00-04:00,30.582825597485613,30.61580863922947,30.14581130340544,30.2282657623291,19370900,0.0,0.0
2023-08-24 00:00:00-04:00,30.079836974658374,30.211765960034437,29.733524567584382,29.81597900390625,19380800,0.0,0.0
2023-08-25 00:00:00-04:00,29.799486168306476,30.252991838869917,29.651065673149716,29.99738121032715,16421300,0.0,0.0
2023-08-28 00:00:00-04:00,30.046854065271223,30.112820130947547,29.708785842267897,29.857206344604492,15101900,0.0,0.0
2023-08-29 00:00:00-04:00,29.89844363255742,30.459142797905873,29.684060137776516,29.8077449798584,21076500,0.0,0.0
2023-08-30 00:00:00-04:00,29.83247562452415,29.890194368912024,29.535634570280422,29.601600646972656,16833000,0.0,0.0
2023-08-31 00:00:00-04:00,29.63457278656551,29.675803146428855,29.172822952270508,29.172822952270508,27919500,0.0,0.0
2023-09-01 00:00:00-04:00,29.387215626951114,29.733531257378328,29.35423258682741,29.502653121948242,17522500,0.0,0.0
2023-09-05 00:00:00-04:00,29.65106430142388,29.923169578434724,29.148084107265536,29.172822952270508,25856100,0.0,0.0
2023-09-06 00:00:00-04:00,29.073878263138408,29.09036978049259,28.249321268041133,28.340023040771484,35370200,0.0,0.0
2023-09-07 00:00:00-04:00,28.42248359335827,28.562656787342583,28.06792379683418,28.26581573486328,26777700,0.0,0.0
2023-09-08 00:00:00-04:00,28.224589718012037,28.356518730823712,28.07616918541943,28.24108123779297,19467700,0.0,0.0
2023-09-11 00:00:00-04:00,28.23283371814918,28.282305126216826,27.65564317568855,27.985464096069336,27574400,0.0,0.0
2023-09-12 00:00:00-04:00,28.010206025005257,28.20809796990306,27.828802454319142,28.158626556396484,17987200,0.0,0.0
2023-09-13 00:00:00-04:00,28.20809652613879,28.546164798018754,28.03494029685686,28.100906372070312,23853300,0.0,0.0
2023-09-14 00:00:00-04:00,28.2328368220921,28.348274314188444,28.0184502121111,28.158626556396484,23759900,0.0,0.0
2023-09-15 00:00:00-04:00,28.084414809910875,28.381252711606386,27.878275543340454,28.09265899658203,58063800,0.0,0.0
2023-09-18 00:00:00-04:00,28.13388901287012,28.13388901287012,27.573189900518873,27.738101959228516,25421900,0.0,0.0
2023-09-19 00:00:00-04:00,27.66389002243596,28.043185532798176,27.639154316023205,28.026697158813477,30323300,0.0,0.0
2023-09-20 00:00:00-04:00,28.100903909267224,28.109148095228576,27.663886562867894,27.72160530090332,24651400,0.0,0.0
2023-09-21 00:00:00-04:00,27.59792423764031,27.696870198499884,27.070208252475414,27.08669662475586,26980600,0.0,0.0
2023-09-22 00:00:00-04:00,27.276349029794805,27.284593216395656,26.79810442562081,26.954769134521484,28570800,0.0,0.0
2023-09-25 00:00:00-04:00,26.954769222401946,27.193891525268555,26.723894251598644,27.193891525268555,19443700,0.0,0.0
2023-09-26 00:00:00-04:00,26.979512423904374,27.17740438923791,26.682671330467997,26.715654373168945,26015500,0.0,0.0
2023-09-27 00:00:00-04:00,26.74038613620852,26.798104879699178,26.303370321222708,26.468280792236328,26430100,0.0,0.0
2023-09-28 00:00:00-04:00,26.435299619637327,26.649683064301147,26.196177325078686,26.46003532409668,28197600,0.0,0.0
2023-09-29 00:00:00-04:00,26.674422621302813,27.40003379611884,26.63319539277102,27.35055923461914,42421400,0.0,0.0
2023-10-02 00:00:00-04:00,27.169154408599145,28.001955613903686,27.01248656189052,27.985464096069336,44620600,0.0,0.0
2023-10-03 00:00:00-04:00,27.903013385434466,28.125644187830517,27.795820077887665,27.95248794555664,31059900,0.0,0.0
2023-10-04 00:00:00-04:00,27.98546250909065,28.10090312738478,27.21862427317339,27.465993881225586,23722300,0.0,0.0
2023-10-05 00:00:00-04:00,27.581433667874602,27.85353585594919,27.25160959309308,27.597925186157227,21279400,0.0,0.0
2023-10-06 00:00:00-04:00,27.639154124946042,27.672137163558833,27.26810280414136,27.317577362060547,23760400,0.0,0.0
2023-10-09 00:00:00-04:00,27.25985625199634,27.597924504855637,27.02073396095465,27.375293731689453,17468100,0.0,0.0
2023-10-10 00:00:00-04:00,27.27635211052346,27.540210147650033,27.218630216055857,27.35055923461914,19212100,0.0,0.0
2023-10-11 00:00:00-04:00,27.408273986331555,27.482484236523526,27.061958436957323,27.30108070373535,24221200,0.0,0.0
2023-10-12 00:00:00-04:00,27.301082744647765,27.39178451782233,27.020733239124265,27.1444149017334,21809900,0.0,0.0
2023-10-13 00:00:00-04:00,27.160906947340614,27.202137314447423,26.40231600319327,26.476526260375977,32388100,0.0,0.0
2023-10-16 00:00:00-04:00,27.070208057833625,27.968972176118417,26.847577288423825,27.433012008666992,63317400,0.0,0.0
2023-10-17 00:00:00-04:00,27.210383116743948,27.367047826574453,26.550738094516056,27.004243850708008,40015800,0.0,0.0
2023-10-18 00:00:00-04:00,26.831086174125886,26.946523653606405,25.882844343360922,25.899335861206055,30307600,0.0,0.0
2023-10-19 00:00:00-04:00,25.874598354770214,25.973545888245027,25.48705712515572,25.717933654785156,26880300,0.0,0.0
2023-10-20 00:00:00-04:00,25.610740909657306,25.65196970478507,25.132497895199286,25.272672653198242,39407900,0.0,0.0
2023-10-23 00:00:00-04:00,25.371621618834414,25.882846125491607,25.17372810922023,25.429340362548828,29412100,0.0,0.0
2023-10-24 00:00:00-04:00,25.462322098833138,25.586006919786687,25.000570571484797,25.091272354125977,26923800,0.0,0.0
2023-10-25 00:00:00-04:00,25.116007519996973,25.561269091331155,24.918114012532158,25.338638305664062,28857900,0.0,0.0
2023-10-26 00:00:00-04:00,25.239689633598232,25.866353126442274,25.148987862627315,25.693195343017578,27162700,0.0,0.0
2023-10-27 00:00:00-04:00,25.61074182166957,25.668460564186116,24.753203297805037,24.82741355895996,33877100,0.0,0.0
2023-10-30 00:00:00-04:00,24.93460760731653,25.297413187567056,24.827415871617788,25.19021987915039,33063500,0.0,0.0
2023-10-31 00:00:00-04:00,24.9758342278875,25.412848465345505,24.489345434223925,25.198463439941406,42648200,0.0,0.0
2023-11-01 00:00:00-04:00,25.198465233646665,25.627235314976055,25.12425496677358,25.157238006591797,23568300,0.0,0.0
2023-11-02 00:00:00-04:00,25.157236390528375,25.27267387704079,24.90986832593602,25.148990631103516,29640900,0.0,0.0
2023-11-03 00:00:00-04:00,25.47881090937938,25.88284364944686,25.429337929888046,25.775651931762695,28071000,0.0,0.0
2023-11-06 00:00:00-05:00,25.825123750493976,25.899334002754284,25.528282741452752,25.709686279296875,27381200,0.0,0.0
2023-11-07 00:00:00-05:00,25.627233606524882,25.882845857203936,25.47056732326839,25.76740837097168,18086400,0.0,0.0
2023-11-08 00:00:00-05:00,25.49530736388289,25.808638391627287,25.190220523718793,25.412851333618164,29398300,0.0,0.0
2023-11-09 00:00:00-05:00,25.47970045075014,25.496414313541933,24.761020289919934,24.802804946899414,28737700,0.41,0.0
2023-11-10 00:00:00-05:00,24.8613059256561,24.919802861041898,24.259621112359685,24.63567352294922,33844100,0.0,0.0
2023-11-13 00:00:00-05:00,24.518677651719894,24.53539151587272,24.176051406195995,24.21783447265625,35519900,0.0,0.0
2023-11-14 00:00:00-05:00,24.309759528457658,24.82787657427962,24.226191800251,24.451824188232422,40084300,0.0,0.0
2023-11-15 00:00:00-05:00,24.41003830871312,25.362707812440476,24.41003830871312,25.229000091552734,43614600,0.0,0.0
2023-11-16 00:00:00-05:00,25.29585639956939,25.446277998603012,24.627316136522403,24.878019332885742,32407200,0.0,0.0
2023-11-17 00:00:00-05:00,25.003366470336914,25.078577258833008,24.852944893344727,25.003366470336914,27009200,0.0,0.0
2023-11-20 00:00:00-05:00,24.98665299304859,25.187214567491694,24.869659139770537,25.05350685119629,26335700,0.0,0.0
2023-11-21 00:00:00-05:00,25.086935139759653,25.37106444173889,24.869659697427192,25.3209228515625,25988700,0.0,0.0
2023-11-22 00:00:00-05:00,25.39613387611973,25.55491239195955,25.18721536356482,25.337636947631836,19226800,0.0,0.0
2023-11-24 00:00:00-05:00,25.38777840443931,25.655195454783456,25.38777840443931,25.488059997558594,11129700,0.0,0.0
2023-11-27 00:00:00-05:00,25.6969774946779,25.6969774946779,25.09529274178509,25.18721580505371,26066700,0.0,0.0
2023-11-28 00:00:00-05:00,25.16214417843812,25.16214417843812,24.769376385689945,24.811161041259766,29497700,0.0,0.0
2023-11-29 00:00:00-05:00,24.878016914333354,25.254069281437015,24.84458918716587,25.137075424194336,26185200,0.0,0.0
2023-11-30 00:00:00-05:00,25.329278281067822,25.49641371723342,25.03679206473885,25.46298599243164,45356600,0.0,0.0
2023-12-01 00:00:00-05:00,24.20947608561119,24.56881617369189,23.649574421515577,24.15933609008789,103624000,0.0,0.0
2023-12-04 00:00:00-05:00,24.25126093606446,24.76937794640366,24.25126093606446,24.468536376953125,47410400,0.0,0.0
2023-12-05 00:00:00-05:00,24.41003722190618,24.73595117174094,24.293043369818758,24.309757232666016,39853000,0.0,0.0
2023-12-06 00:00:00-05:00,24.30975881910045,24.56881733445212,24.000558711934808,24.059057235717773,33410500,0.0,0.0
2023-12-07 00:00:00-05:00,24.084126803841496,24.150980666688007,23.816711352455453,23.92534828186035,35782900,0.0,0.0
2023-12-08 00:00:00-05:00,23.94206261589875,24.209478072532637,23.89192261626036,24.050701141357422,31890700,0.0,0.0
2023-12-11 00:00:00-05:00,24.050699827548346,24.075769029037172,23.766570521915412,23.933704376220703,37833900,0.0,0.0
2023-12-12 00:00:00-05:00,23.916989812019867,24.117551374298074,23.69135745673628,23.883562088012695,48587500,0.0,0.0
2023-12-13 00:00:00-05:00,21.961512584742476,22.337564916247914,21.52696173623158,22.279067993164062,158100700,0.0,0.0
2023-12-14 00:00:00-05:00,22.3626381194797,22.830615148510343,21.735882572164424,21.836162567138672,101889800,0.0,0.0
2023-12-15 00:00:00-05:00,21.83616267644785,22.554842884355295,21.79437961065305,22.253999710083008,138388400,0.0,0.0
2023-12-18 00:00:00-05:00,22.496346515527982,22.81390196768206,22.329211060338366,22.613340377807617,63329400,0.0,0.0
2023-12-19 00:00:00-05:00,22.79719070788847,23.599437102949416,22.788833775366346,23.532583236694336,70094700,0.0,0.0
2023-12-20 00:00:00-05:00,23.557652625697678,23.616149555932974,23.072961725848597,23.08967399597168,56184300,0.0,0.0
2023-12-21 00:00:00-05:00,23.281881786460016,23.69971885172213,23.215027919774954,23.657934188842773,51056600,0.0,0.0
2023-12-22 00:00:00-05:00,23.76657249011423,24.059058751772575,23.549297026994367,23.733144760131836,35162300,0.0,0.0
2023-12-26 00:00:00-05:00,23.758214718893342,23.84178244697727,23.607793127126634,23.741500854492188,30119100,0.0,0.0
2023-12-27 00:00:00-05:00,23.791638739302694,24.008914175441923,23.657931023820353,23.908634185791016,35000700,0.0,0.0
2023-12-28 00:00:00-05:00,23.90863564811945,24.259618821208274,23.883564852212466,24.059057235717773,30472900,0.0,0.0
2023-12-29 00:00:00-05:00,24.05070030374878,24.12591109754794,23.85013871825828,24.059057235717773,30363100,0.0,0.0
2024-01-02 00:00:00-05:00,24.134265968985137,25.304210919276112,24.092482903869783,24.844589233398438,57948700,0.0,0.0
2024-01-03 00:00:00-05:00,25.070221610433563,25.103649337663256,24.57717379124796,24.844589233398438,43426500,0.0,0.0
2024-01-04 00:00:00-05:00,24.894729680946504,25.028437395881184,24.259617238045934,24.309757232666016,45558200,0.0,0.0
2024-01-05 00:00:00-05:00,24.251263126973292,24.644029386031267,24.025630734059998,24.627315521240234,33612800,0.0,0.0
2024-01-08 00:00:00-05:00,24.535392457626255,24.80280791864858,24.376613929923547,24.719240188598633,32972100,0.0,0.0
2024-01-09 00:00:00-05:00,24.735954509200187,24.95322997376501,24.501965179533016,24.568819046020508,39856900,0.0,0.0
2024-01-10 00:00:00-05:00,24.53539066746485,24.560459868905408,24.13426591127652,24.2261905670166,37413300,0.0,0.0
2024-01-11 00:00:00-05:00,24.092484887833074,24.16769568637156,23.624507825532856,23.733144760131836,46884700,0.0,0.0
2024-01-12 00:00:00-05:00,23.783283483155696,24.18440825177992,23.766571212984452,23.98384666442871,30373500,0.0,0.0
2024-01-16 00:00:00-05:00,23.900279605274335,24.00055960478924,23.582722554326132,23.666290283203125,38826000,0.0,0.0
2024-01-17 00:00:00-05:00,23.53258407515386,23.841784213801503,23.34037940206255,23.524227142333984,33312600,0.0,0.0
2024-01-18 00:00:00-05:00,23.432299884062523,23.507509078164862,23.06460287526976,23.474082946777344,50321100,0.0,0.0
2024-01-19 00:00:00-05:00,23.423945474503952,23.716430132839264,23.34037774615593,23.632863998413086,35549300,0.0,0.0
2024-01-22 00:00:00-05:00,23.666291121418645,23.91699431692906,23.340378720569205,23.657934188842773,41663900,0.0,0.0
2024-01-23 00:00:00-05:00,23.76657188284359,23.942062679001413,23.524225628429235,23.758214950561523,33466700,0.0,0.0
2024-01-24 00:00:00-05:00,23.850140682873306,24.05070228488473,23.67464828491211,23.67464828491211,42720700,0.0,0.0
2024-01-25 00:00:00-05:00,23.59830601828382,23.68313131051079,23.28445454032427,23.30141830444336,47605500,0.42,0.0
2024-01-26 00:00:00-05:00,23.43713812484336,23.674648619497308,23.208111939110783,23.30141830444336,47073800,0.0,0.0
2024-01-29 00:00:00-05:00,23.34383104683152,23.437137409315486,23.165697776802443,23.309900283813477,67082700,0.0,0.0
2024-01-30 00:00:00-05:00,23.65767870985975,24.064839711045092,22.86032532208433,22.919702529907227,86072400,0.0,0.0
2024-01-31 00:00:00-05:00,23.04694463870035,23.33534966894839,22.716127770201446,22.97060203552246,81192100,0.0,0.0
2024-02-01 00:00:00-05:00,22.987563362535052,23.1826603727228,22.673710313961493,23.148731231689453,53883000,0.0,0.0
2024-02-02 00:00:00-05:00,23.05542329079734,23.07238867028865,22.63978120070613,22.843360900878906,51718500,0.0,0.0
2024-02-05 00:00:00-05:00,22.85184555333196,22.85184555333196,22.49558064295368,22.537992477416992,42633400,0.0,0.0
2024-02-06 00:00:00-05:00,22.61433259262439,23.521959340983518,22.5379900046402,23.326862335205078,56958700,0.0,0.0
2024-02-07 00:00:00-05:00,23.36927533615441,23.454100617933104,23.15721294066151,23.377758026123047,36843000,0.0,0.0
2024-02-08 00:00:00-05:00,23.377757315782276,23.488030664116195,23.250520205934215,23.386240005493164,29048400,0.0,0.0
2024-02-09 00:00:00-05:00,23.377758026123047,23.40320609602896,23.22507284250293,23.377758026123047,29062700,0.0,0.0
2024-02-12 00:00:00-05:00,23.36079449704679,23.767953912155498,23.343829116940338,23.462583541870117,30323700,0.0,0.0
2024-02-13 00:00:00-05:00,23.360794348215357,23.60678588656094,22.78398437153236,22.877290725708008,37927500,0.0,0.0
2024-02-14 00:00:00-05:00,22.911220786787663,23.046940586819037,22.826395507291146,22.99604606628418,25270200,0.0,0.0
2024-02-15 00:00:00-05:00,23.114801136200153,23.589820449654702,23.089353066263993,23.335346221923828,36111600,0.0,0.0
2024-02-16 00:00:00-05:00,23.3692767909128,23.65768179616923,23.080871785656374,23.42865562438965,35935300,0.0,0.0
2024-02-20 00:00:00-05:00,23.420173160087902,23.86974443540016,23.343830562788124,23.403207778930664,34232000,0.0,0.0
2024-02-21 00:00:00-05:00,23.411686408049817,23.479546302998642,23.208106723203343,23.4710636138916,27348300,0.0,0.0
2024-02-22 00:00:00-05:00,23.403206807659224,23.49651478224381,23.063907288134914,23.36927604675293,31957500,0.0,0.0
2024-02-23 00:00:00-05:00,23.53892636747998,23.827331360514155,23.488031844564457,23.547409057617188,33182600,0.0,0.0
2024-02-26 00:00:00-05:00,23.47106583469989,23.47106583469989,22.96211576547361,23.055423736572266,45685500,0.0,0.0
2024-02-27 00:00:00-05:00,23.004529712374776,23.07238961521155,22.74157117321303,22.809431076049805,38598400,0.0,0.0
2024-02-28 00:00:00-05:00,22.868806879433787,23.10631733367905,22.750052461264957,22.936668395996094,31010200,0.0,0.0
2024-02-29 00:00:00-05:00,22.962116074466643,23.06390673684473,22.521025900674427,22.529508590698242,54643200,0.0,0.0
2024-03-01 00:00:00-05:00,22.758538065542613,22.817915282231525,22.487098436160274,22.55495834350586,46392100,0.0,0.0
2024-03-04 00:00:00-05:00,22.308961909865886,22.444681704734595,21.72367090120991,21.961179733276367,86777700,0.0,0.0
2024-03-05 00:00:00-05:00,21.944220935757468,22.41075763390287,21.79153572751848,22.122352600097656,73646100,0.0,0.0
2024-03-06 00:00:00-05:00,22.817916343874263,23.157215896388685,22.724609978125226,23.06390953063965,84919500,0.0,0.0
2024-03-07 00:00:00-05:00,23.07238579971811,23.174174828186512,22.699155586883283,22.7246036529541,46423800,0.0,0.0
2024-03-08 00:00:00-05:00,22.80094668404666,23.157211551824307,22.77550023357456,23.089351654052734,45906600,0.0,0.0
2024-03-11 00:00:00-04:00,23.165698305851155,24.081807895458333,23.165698305851155,24.064844131469727,52600100,0.0,0.0
2024-03-12 00:00:00-04:00,24.013946130465495,24.039394201344088,23.547409489712173,23.759471893310547,48758200,0.0,0.0
2024-03-13 00:00:00-04:00,23.996981827539415,24.336281342076553,23.912156544428203,23.937602996826172,39273000,0.0,0.0
2024-03-14 00:00:00-04:00,23.963050119739865,23.988498189039436,23.55589071839256,23.86125946044922,36428000,0.0,0.0
2024-03-15 00:00:00-04:00,23.717059894087804,23.9885011463571,23.63223622178073,23.700096130371094,75727900,0.0,0.0
2024-03-18 00:00:00-04:00,23.759470475530325,23.776435855103692,23.42017097360123,23.513477325439453,36226500,0.0,0.0
2024-03-19 00:00:00-04:00,23.471068367059317,23.564376348225235,23.17418065981963,23.437137603759766,29026600,0.0,0.0
2024-03-20 00:00:00-04:00,23.30990121317257,23.530446327859448,23.08087340739298,23.496517181396484,34468000,0.0,0.0
2024-03-21 00:00:00-04:00,23.538926134441464,23.78491929226195,23.437135471710437,23.462583541870117,29633700,0.0,0.0
2024-03-22 00:00:00-04:00,23.301419085133517,23.615272191516272,23.191147334079428,23.208112716674805,28830100,0.0,0.0
2024-03-25 00:00:00-04:00,23.106316802601018,23.30989649388603,22.987562387161653,23.267484664916992,31110600,0.0,0.0
2024-03-26 00:00:00-04:00,23.284453346645584,23.437136923337345,23.165697296452706,23.403207778930664,38220300,0.0,0.0
2024-03-27 00:00:00-04:00,23.504996091521427,23.700094732884,23.360795209939138,23.564374923706055,34247600,0.0,0.0
2024-03-28 00:00:00-04:00,23.598302380932783,23.852778218389776,23.51347710178045,23.538925170898438,40466700,0.0,0.0
2024-04-01 00:00:00-04:00,23.547408084586188,23.640716054332056,23.39472290424118,23.513477325439453,26596600,0.0,0.0
2024-04-02 00:00:00-04:00,23.386241427206077,23.53892661546895,23.250521619396352,23.36927604675293,32451500,0.0,0.0
2024-04-03 00:00:00-04:00,23.335344794666923,23.538924487981635,23.07238789304053,23.089351654052734,36828600,0.0,0.0
2024-04-04 00:00:00-04:00,23.165696748765782,23.242039344260657,22.597369436697125,22.605852127075195,41922700,0.0,0.0
2024-04-05 00:00:00-04:00,22.529506923045062,22.648262956680355,22.351375299453483,22.61433219909668,39880500,0.0,0.0
2024-04-08 00:00:00-04:00,22.563437928416626,22.750052243453492,22.495578030411618,22.546472549438477,24431400,0.0,0.0
2024-04-09 00:00:00-04:00,22.707642797901613,23.259004729316043,22.60585213125371,22.71612548828125,45127800,0.0,0.0
2024-04-10 00:00:00-04:00,22.495580212143484,22.55495742641811,22.19020983255085,22.325929641723633,44541600,0.0,0.0
2024-04-11 00:00:00-04:00,22.351378198308577,22.436203485361585,22.164762243210408,22.3428955078125,32814500,0.0,0.0
2024-04-12 00:00:00-04:00,22.26655253675887,22.325929751324985,21.910287631454416,21.93573570251465,43034100,0.0,0.0
2024-04-15 00:00:00-04:00,21.978147506713867,22.198692601881636,21.84242769705797,21.978147506713867,35660200,0.0,0.0
2024-04-16 00:00:00-04:00,21.901806168788138,22.04600867706375,21.783051732999226,21.791534423828125,28885300,0.0,0.0
2024-04-17 00:00:00-04:00,21.79152965589469,21.79152965589469,21.42678211959708,21.562501907348633,43828900,0.0,0.0
2024-04-18 00:00:00-04:00,21.503126827900445,21.59643318001023,21.40133616807164,21.53705596923828,35788400,0.0,0.0
2024-04-19 00:00:00-04:00,21.537060098102444,22.054492950439453,21.50313095026006,22.054492950439453,38372800,0.0,0.0
2024-04-22 00:00:00-04:00,22.054486979512998,22.478611729119017,21.99510977343336,22.27503204345703,35678700,0.0,0.0
2024-04-23 00:00:00-04:00,22.3344123320354,22.453166760584647,22.21565790348615,22.325929641723633,24297800,0.0,0.0
2024-04-24 00:00:00-04:00,22.266554362774947,22.34289696430852,22.08842270446853,22.283519744873047,24547800,0.0,0.0
2024-04-25 00:00:00-04:00,22.28351678254816,22.41923658547489,21.41830182545948,21.42678451538086,47661400,0.0,0.0
2024-04-26 00:00:00-04:00,21.486162641886533,21.664295902005765,21.375890904028143,21.54553985595703,46526500,0.0,0.0
2024-04-29 00:00:00-04:00,21.69822428293176,21.92725205879274,21.66429514090107,21.74911880493164,39995300,0.0,0.0
2024-04-30 00:00:00-04:00,21.75760129800721,21.910286480532708,21.706706776467936,21.732154846191406,38017700,0.0,0.0
2024-05-01 00:00:00-04:00,22.33441127332734,23.284451510410243,22.071454357758366,23.055423736572266,97388900,0.0,0.0
2024-05-02 00:00:00-04:00,23.08087340739298,23.700096913897934,23.004532423374343,23.496517181396484,69649000,0.0,0.0
2024-05-03 00:00:00-04:00,23.632232401673093,23.674644230970834,23.34382743230723,23.589818954467773,60568900,0.0,0.0
2024-05-06 00:00:00-04:00,23.73402402251361,24.03091171363569,23.71705864178486,23.886709213256836,59899700,0.0,0.0
2024-05-07 00:00:00-04:00,23.996983146430704,24.166632104069446,23.242039864947177,23.555892944335938,65606400,0.0,0.0
2024-05-08 00:00:00-04:00,23.496514692656895,24.03939392182592,23.343829504976174,23.980016708374023,39087800,0.0,0.0
2024-05-09 00:00:00-04:00,23.90252062628306,24.3244309122866,23.523661773466998,24.264158248901367,47831100,0.42,0.0
2024-05-10 00:00:00-04:00,24.31582182557478,24.350264288135193,24.04028869431952,24.117782592773438,25849800,0.0,0.0
2024-05-13 00:00:00-04:00,24.272772809139482,24.668851314222426,24.2555515761427,24.488033294677734,39609800,0.0,0.0
2024-05-14 00:00:00-04:00,24.582746134204925,24.694682503383664,24.272772160087396,24.436368942260742,23530900,0.0,0.0
2024-05-15 00:00:00-04:00,24.531083744794678,24.961604698495478,24.52247312864381,24.815227508544922,38376300,0.0,0.0
2024-05-16 00:00:00-04:00,24.85828141534676,24.99604799372447,24.686072371221044,24.90133285522461,40077800,0.0,0.0
2024-05-17 00:00:00-04:00,24.884109345952048,24.89271996160135,24.548303547164295,24.66023826599121,26106400,0.0,0.0
2024-05-20 00:00:00-04:00,24.677459775018306,24.720511211442325,24.505250744708174,24.56552505493164,22423300,0.0,0.0
2024-05-21 00:00:00-04:00,24.513860473512157,24.68606949759155,24.384704526606097,24.591354370117188,28119900,0.0,0.0
2024-05-22 00:00:00-04:00,24.513864745447027,25.51267331762922,24.470813303078256,25.48684310913086,46987500,0.0,0.0
2024-05-23 00:00:00-04:00,25.34046170617262,25.34046170617262,24.68606970831472,24.703290939331055,42031300,0.0,0.0
2024-05-24 00:00:00-04:00,24.68606815156814,24.961601261225976,24.582742414293012,24.866886138916016,22589100,0.0,0.0
2024-05-28 00:00:00-04:00,24.79800405416107,24.86688733488847,24.221105962203993,24.367483139038086,32371200,0.0,0.0
2024-05-29 00:00:00-04:00,24.246939864331782,24.2555504804412,23.842250761031558,23.954185485839844,24241700,0.0,0.0
2024-05-30 00:00:00-04:00,24.031680561959632,24.281383514404297,23.92835644821556,24.281383514404297,23298600,0.0,0.0
2024-05-31 00:00:00-04:00,24.40192846884872,24.754955529361123,24.315823947241682,24.677461624145508,78290100,0.0,0.0
2024-06-03 00:00:00-04:00,24.677461816814283,25.426569025644824,24.660240583896993,25.237138748168945,38177200,0.0,0.0
2024-06-04 00:00:00-04:00,25.228527658343705,25.598775947582627,25.116592931095887,25.392126083374023,46309500,0.0,0.0
2024-06-05 00:00:00-04:00,25.4523972368772,25.50406093157789,25.11659143285787,25.44378662109375,27346700,0.0,0.0
2024-06-06 00:00:00-04:00,25.280190704096572,25.435178508832344,24.78939708397135,24.798006057739258,35360400,0.0,0.0
2024-06-07 00:00:00-04:00,24.754951081312516,25.013262957412163,24.58274206904151,24.60857391357422,27526200,0.0,0.0
2024-06-10 00:00:00-04:00,24.410537352769197,24.410537352769197,23.79058615504361,24.169445037841797,36977900,0.0,0.0
2024-06-11 00:00:00-04:00,24.066122662043647,24.393317873666277,24.014458963650217,24.135005950927734,29573500,0.0,0.0
2024-06-12 00:00:00-04:00,24.255549239360718,24.307211291066764,23.73031317971038,23.816417694091797,32507900,0.0,0.0
2024-06-13 00:00:00-04:00,23.678651967366335,23.86808059187472,23.42034005737244,23.80780792236328,33945200,0.0,0.0
2024-06-14 00:00:00-04:00,23.893911650477296,24.298600734047646,23.61837851763731,23.704483032226562,29461900,0.0,0.0
2024-06-17 00:00:00-04:00,23.635600079062623,23.66143028418518,23.13619585823975,23.23090934753418,32194600,0.0,0.0
2024-06-18 00:00:00-04:00,23.230909865544938,23.644209579792104,23.20507965984641,23.601158142089844,29817800,0.0,0.0
2024-06-20 00:00:00-04:00,23.420339828067757,24.074730212619542,23.37728674861892,23.88530158996582,29693400,0.0,0.0
2024-06-21 00:00:00-04:00,23.911133437635122,24.014457543698224,23.730313788564114,23.88530158996582,52487000,0.0,0.0
2024-06-24 00:00:00-04:00,24.06612234266928,24.46220083791976,23.876692069021548,24.41914939880371,35414100,0.0,0.0
2024-06-25 00:00:00-04:00,24.453590103748958,24.496643184964586,24.04890099416477,24.100563049316406,24721600,0.0,0.0
2024-06-26 00:00:00-04:00,24.031680170413352,24.048901403192506,23.308404816760408,23.609769821166992,30745800,0.0,0.0
2024-06-27 00:00:00-04:00,23.566717399552648,23.962795883126553,23.30840384555016,23.93696403503418,28399600,0.0,0.0
2024-06-28 00:00:00-04:00,23.91974397989516,24.21249835001788,23.799197000116536,24.091951370239258,33189200,0.0,0.0
2024-07-01 00:00:00-04:00,24.06612487033591,24.651632058422848,24.0575142531469,24.29860496520996,26209000,0.0,0.0
2024-07-02 00:00:00-04:00,24.298601062467462,24.35026475730351,23.84224992089833,23.96279525756836,21989800,0.0,0.0
2024-07-03 00:00:00-04:00,24.04028921698276,24.15222393812367,23.78197731139171,23.850860595703125,15180100,0.0,0.0
2024-07-05 00:00:00-04:00,23.902524188531395,24.186667959913315,23.82503028339931,24.152225494384766,17268700,0.0,0.0
2024-07-08 00:00:00-04:00,24.15222471287607,24.212499025600692,23.92835526341299,24.048900604248047,25694400,0.0,0.0
2024-07-09 00:00:00-04:00,24.005842870802407,24.05750655740981,23.506438729744964,23.86807632446289,36867800,0.0,0.0
2024-07-10 00:00:00-04:00,23.96279367389846,24.46219786149266,23.93696182818763,24.41053581237793,29873600,0.0,0.0
2024-07-11 00:00:00-04:00,24.780787378535376,25.168255262306303,24.470811757672916,24.677461624145508,47322600,0.0,0.0
2024-07-12 00:00:00-04:00,24.884111622350606,25.09076148991717,24.789398126157906,24.90133285522461,28397000,0.0,0.0
2024-07-15 00:00:00-04:00,24.9960437133019,25.20269354548092,24.823834698665948,25.056316375732422,30534400,0.0,0.0
2024-07-16 00:00:00-04:00,25.142425831959294,25.452399820088107,25.073542541007647,25.400737762451172,26912100,0.0,0.0
2024-07-17 00:00:00-04:00,25.331852019873487,26.089568147009558,25.237136888116336,25.857088088989258,45395000,0.0,0.0
2024-07-18 00:00:00-04:00,25.753763452135217,26.42537673461103,25.51267112558585,25.581554412841797,47279700,0.0,0.0
2024-07-19 00:00:00-04:00,25.77959353206536,25.83125558338617,25.44378609271258,25.805423736572266,30021200,0.0,0.0
2024-07-22 00:00:00-04:00,25.925974718982776,26.029298837590726,25.297412821170862,25.48684310913086,46483200,0.0,0.0
2024-07-23 00:00:00-04:00,25.504063520032243,25.521283111039754,25.254360563890522,25.400737762451172,25528300,0.0,0.0
2024-07-24 00:00:00-04:00,25.409346319401394,25.822646031608787,25.237137284828112,25.814035415649414,29579400,0.0,0.0
2024-07-25 00:00:00-04:00,25.805422658780312,26.632023656924407,25.805422658780312,25.986242294311523,42296200,0.0,0.0
2024-07-26 00:00:00-04:00,26.326788973130252,26.964219956284417,26.204542391562264,26.8681697845459,35657100,0.42,0.0
2024-07-29 00:00:00-04:00,26.798313923071788,27.007880201858672,26.580015507816526,26.824508666992188,41713700,0.0,0.0
2024-07-30 00:00:00-04:00,27.077736839910678,27.54053010053738,26.003708988505956,27.409549713134766,89857500,0.0,0.0
2024-07-31 00:00:00-04:00,27.24364514841064,27.296036306079138,26.606212457256937,26.66733741760254,40978700,0.0,0.0
2024-08-01 00:00:00-04:00,26.824510975106982,26.90309854459972,26.117224515157197,26.76338768005371,39753100,0.0,0.0
2024-08-02 00:00:00-04:00,26.964221423720375,27.348427128037834,26.204543817655356,26.571285247802734,42364700,0.0,0.0
2024-08-05 00:00:00-04:00,25.40120307827744,26.204541292350783,25.191636804886745,25.968778610229492,37838000,0.0,0.0
2024-08-06 00:00:00-04:00,25.960044757348527,26.239466436725714,25.54091223828275,25.602035522460938,29031800,0.0,0.0
2024-08-07 00:00:00-04:00,25.872728976584096,26.029904111360405,25.095587105173273,25.191638946533203,32866100,0.0,0.0
2024-08-08 00:00:00-04:00,25.261493453177614,25.33134888102542,24.92094845060516,25.11305046081543,32094400,0.0,0.0
2024-08-09 00:00:00-04:00,25.0169976610804,25.104317358903963,24.84235993091798,24.929677963256836,25795600,0.0,0.0
2024-08-12 00:00:00-04:00,24.955877814532876,24.982074227138753,24.728847235070077,24.842363357543945,21141600,0.0,0.0
2024-08-13 00:00:00-04:00,24.929679833411075,25.278958650907246,24.720113542204274,25.191638946533203,34620700,0.0,0.0
2024-08-14 00:00:00-04:00,25.147979040091517,25.479793593887653,25.03446458673066,25.21783447265625,23677700,0.0,0.0
2024-08-15 00:00:00-04:00,25.261494937593795,25.33135036954645,24.90348564065085,25.06939125061035,28676800,0.0,0.0
2024-08-16 00:00:00-04:00,25.016998120130886,25.016998120130886,24.31844385569364,24.711380004882812,50332900,0.0,0.0
2024-08-19 00:00:00-04:00,24.75504166428329,25.226565395015694,24.693918371918425,25.147977828979492,26382500,0.0,0.0
2024-08-20 00:00:00-04:00,25.147978451704166,25.48852513478873,25.147978451704166,25.23529815673828,21301300,0.0,0.0
2024-08-21 00:00:00-04:00,25.305153325812434,25.471060597111972,25.26149430648958,25.348814010620117,16729700,0.0,0.0
2024-08-22 00:00:00-04:00,25.34007850027281,25.43612866309342,24.920945974824846,25.130512237548828,20241500,0.0,0.0
2024-08-23 00:00:00-04:00,25.165442725807956,25.270226704945866,25.00826758984352,25.23529815673828,21885300,0.0,0.0
2024-08-26 00:00:00-04:00,25.252761840820312,25.366276288873046,25.121783119071836,25.252761840820312,16506000,0.0,0.0
2024-08-27 00:00:00-04:00,25.305152368189372,25.35754518797589,24.938410957107582,25.165441513061523,16184600,0.0,0.0
2024-08-28 00:00:00-04:00,25.130513119742616,25.392470540972326,25.00826487974871,25.10431671142578,19874100,0.0,0.0
2024-08-29 00:00:00-04:00,25.20910156600986,25.226564173350717,24.912215589913902,25.078121185302734,19229800,0.0,0.0
2024-08-30 00:00:00-04:00,25.078121456929956,25.36627529973419,25.03446243987785,25.331348419189453,37137600,0.0,0.0
2024-09-03 00:00:00-04:00,25.016998120130886,25.252760808935236,24.571669151995366,24.711380004882812,44499600,0.0,0.0
2024-09-04 00:00:00-04:00,24.702652354039508,24.920950794783646,24.624064782132823,24.78997039794922,23510500,0.0,0.0
2024-09-05 00:00:00-04:00,24.824897073297677,25.147977808530634,24.755041644153945,24.894752502441406,25927200,0.0,0.0
2024-09-06 00:00:00-04:00,24.938411712646484,25.121783256485223,24.69391854150792,24.938411712646484,31214500,0.0,0.0
2024-09-09 00:00:00-04:00,24.9209501998923,25.837802962937396,24.84236262986159,25.680627822875977,36558400,0.0,0.0
2024-09-10 00:00:00-04:00,25.68935691237523,25.986242882716557,25.48852277522807,25.968778610229492,32378800,0.0,0.0
2024-09-11 00:00:00-04:00,25.916388146852455,25.933852419803546,25.444862770081425,25.898923873901367,31943100,0.0,0.0
2024-09-12 00:00:00-04:00,25.829071309689635,25.942585765480736,25.113052694200572,25.462329864501953,32511800,0.0,0.0
2024-09-13 00:00:00-04:00,25.462326386335498,25.602037235371476,25.313883401049182,25.558378219604492,19987700,0.0,0.0
2024-09-16 00:00:00-04:00,25.82034013150938,26.318060325865485,25.70682567150105,26.25693702697754,29224600,0.0,0.0
2024-09-17 00:00:00-04:00,26.23947102508847,26.318058594341085,25.846534844310273,26.0473690032959,27055300,0.0,0.0
2024-09-18 00:00:00-04:00,26.195810782809218,26.318057366840524,25.960048086047582,25.97751235961914,25812800,0.0,0.0
2024-09-19 00:00:00-04:00,26.0997580163847,26.501427966836104,25.776677294213204,25.898923873901367,22653200,0.0,0.0
2024-09-20 00:00:00-04:00,25.7941417304535,25.80287220149958,25.5234504944522,25.68935775756836,56877400,0.0,0.0
2024-09-23 00:00:00-04:00,25.6980895592885,25.733016439472003,25.479791145316273,25.593305587768555,23126200,0.0,0.0
2024-09-24 00:00:00-04:00,25.540914082931263,25.83780005508274,25.45359438544823,25.759212493896484,21446200,0.0,0.0
2024-09-25 00:00:00-04:00,25.84653352096282,25.94258369419888,25.244029409369393,25.261493682861328,30712700,0.0,0.0
2024-09-26 00:00:00-04:00,24.8685544600626,25.331347688698987,24.72011147468751,25.296419143676758,32310400,0.0,0.0
2024-09-27 00:00:00-04:00,25.340081769870633,25.523451648857368,25.25276206609774,25.40120506286621,25013000,0.0,0.0
2024-09-30 00:00:00-04:00,25.418668516883045,25.488523944551332,25.130514669565777,25.270225524902344,27464700,0.0,0.0
2024-10-01 00:00:00-04:00,25.366276761422785,25.392473172454416,24.912217295268345,25.03446388244629,30725100,0.0,0.0
2024-10-02 00:00:00-04:00,24.973340693153183,25.1217836919827,24.781237009088603,24.982072830200195,24957200,0.0,0.0
2024-10-03 00:00:00-04:00,24.88601821928479,24.903482491435692,24.67645194992792,24.746307373046875,25678900,0.0,0.0
2024-10-04 00:00:00-04:00,24.702648206683133,24.96460562540179,24.65898752657359,24.955873489379883,28769000,0.0,0.0
2024-10-07 00:00:00-04:00,25.645700231350485,26.05610067924998,25.41866966480454,25.497257232666016,51426600,0.0,0.0
2024-10-08 00:00:00-04:00,25.50598447620213,25.750479285881962,25.32261461805573,25.47978973388672,29126600,0.0,0.0
2024-10-09 00:00:00-04:00,25.514718302793444,26.571283503953833,25.409935995619445,26.361717224121094,44244800,0.0,0.0
2024-10-10 00:00:00-04:00,26.099758884984993,26.26566615257228,25.56711186612812,25.619503021240234,34347700,0.0,0.0
2024-10-11 00:00:00-04:00,25.636969282395103,25.70682471645538,25.278959974650576,25.462329864501953,29617600,0.0,0.0
2024-10-14 00:00:00-04:00,25.46232865155778,25.47106078858496,25.191639065654616,25.392473220825195,23594200,0.0,0.0
2024-10-15 00:00:00-04:00,25.401201447339755,25.968776942849424,25.38373717597402,25.706819534301758,29009900,0.0,0.0
2024-10-16 00:00:00-04:00,25.759212728514605,26.03863443061755,25.698089439365177,25.907655715942383,28414800,0.0,0.0
2024-10-17 00:00:00-04:00,25.741748084407458,25.785408765659135,25.514717538352816,25.558378219604492,23779200,0.0,0.0
2024-10-18 00:00:00-04:00,25.584574437944905,25.645699395221403,25.392472425816,25.514719009399414,24244900,0.0,0.0
2024-10-21 00:00:00-04:00,25.514718986555224,25.514718986555224,25.217832999131492,25.261493682861328,23395700,0.0,0.0
2024-10-22 00:00:00-04:00,25.235296350219564,25.313883912575935,24.973338919354806,25.182905197143555,29036400,0.0,0.0
2024-10-23 00:00:00-04:00,25.209101017448358,25.41866729034089,25.03446162396224,25.200368881225586,22217600,0.0,0.0
2024-10-24 00:00:00-04:00,25.200372046383062,25.305154363247603,24.886021764819645,25.008268356323242,31473600,0.0,0.0
2024-10-25 00:00:00-04:00,25.043197524400863,25.08685654659239,24.833631220008655,24.842363357543945,26091100,0.0,0.0
2024-10-28 00:00:00-04:00,24.973338335887508,25.270224305523094,24.93840979099641,25.200368881225586,37922500,0.0,0.0
2024-10-29 00:00:00-04:00,25.331346964965284,25.471057810093185,24.475617622185737,24.851089477539062,102267000,0.0,0.0
2024-10-30 00:00:00-04:00,24.72011280422273,24.97333977279926,24.615330494489864,24.903484344482422,47104000,0.0,0.0
2024-10-31 00:00:00-04:00,24.842360386763946,25.00826598363983,24.702649533876496,24.711380004882812,37909600,0.0,0.0
2024-11-01 00:00:00-04:00,24.868554400399105,24.920947217806752,24.49308086973442,24.52800941467285,46894600,0.0,0.0
2024-11-04 00:00:00-05:00,24.53674270396014,24.571669585055197,24.213660310035834,24.239856719970703,41347800,0.0,0.0
2024-11-05 00:00:00-05:00,24.222392573450612,24.449423130953353,24.08268171736966,24.440690994262695,44175800,0.0,0.0
2024-11-06 00:00:00-05:00,24.388297399459333,24.440688548876555,23.646082509862783,23.89057731628418,65749500,0.0,0.0
2024-11-07 00:00:00-05:00,24.039022600626407,24.0914137550703,23.873115335155187,23.97789764404297,48484800,0.0,0.0
2024-11-08 00:00:00-05:00,24.03997188888719,24.075441273267522,23.685267896959974,23.694135665893555,55951300,0.42,0.0
2024-11-11 00:00:00-05:00,23.694136426698776,23.79168019674623,23.250758113907118,23.26849365234375,54329300,0.0,0.0
2024-11-12 00:00:00-05:00,23.259624809908036,23.445844572192307,23.011334048667624,23.22415542602539,53035200,0.0,0.0
2024-11-13 00:00:00-05:00,23.2596251362721,23.720738972694292,23.037935986994583,23.694135665893555,47983100,0.0,0.0
2024-11-14 00:00:00-05:00,23.711870337180766,23.80941410053129,22.913789767219356,23.073406219482422,45262200,0.0,0.0
2024-11-15 00:00:00-05:00,22.789646118878085,22.789646118878085,21.70780194537451,21.99156379699707,131074400,0.0,0.0
2024-11-18 00:00:00-05:00,22.142311361527952,22.390603814697172,21.90288836854238,22.044769287109375,64221700,0.0,0.0
2024-11-19 00:00:00-05:00,21.902887064904014,22.26645710851184,21.82307884154094,22.25758934020996,52381200,0.0,0.0
2024-11-20 00:00:00-05:00,22.230988831876417,22.25759214012865,21.858550973115467,22.115711212158203,46170800,0.0,0.0
2024-11-21 00:00:00-05:00,22.053639694548373,22.364003183950903,21.973831456886533,22.284194946289062,45048400,0.0,0.0
2024-11-22 00:00:00-05:00,22.328529157505034,22.83398009679813,22.257588704470106,22.745304107666016,41897000,0.0,0.0
2024-11-25 00:00:00-05:00,22.83398117227527,23.45471143408256,22.825113403809006,23.206418991088867,57707600,0.0,0.0
2024-11-26 00:00:00-05:00,23.197553449196988,23.268493912382294,22.709837976217283,22.85171890258789,33001000,0.0,0.0
2024-11-27 00:00:00-05:00,22.842849795119943,23.01133401957288,22.78964487368626,22.904922485351562,28242100,0.0,0.0
2024-11-29 00:00:00-05:00,22.904921306061897,23.25962358294739,22.85171638736754,23.24188804626465,22023000,0.0,0.0
2024-12-02 00:00:00-05:00,23.1177443723339,23.25075752452887,22.816246991969837,22.896055221557617,43866400,0.0,0.0
2024-12-03 00:00:00-05:00,22.904923426844412,22.966996119627495,22.63002934822476,22.665498733520508,49064300,0.0,0.0
2024-12-04 00:00:00-05:00,22.567955109732424,22.612292261153907,22.32853043280703,22.372867584228516,42541500,0.0,0.0
2024-12-05 00:00:00-05:00,22.372867576164094,22.86945246694604,22.293059350551065,22.789644241333008,43647900,0.0,0.0
2024-12-06 00:00:00-05:00,22.82511380133555,23.14434670626528,22.6921006547328,22.816246032714844,31830700,0.0,0.0
2024-12-09 00:00:00-05:00,22.84284699310302,23.44584166656495,22.683230557027365,23.144344329833984,37464800,0.0,0.0
2024-12-10 00:00:00-05:00,23.144345657441736,23.153213425660585,22.621159172006575,22.67436408996582,43280500,0.0,0.0
2024-12-11 00:00:00-05:00,22.505880729846876,22.621160029708985,22.319662664251954,22.372867584228516,39569400,0.0,0.0
2024-12-12 00:00:00-05:00,22.32853077695415,22.5945570722911,22.222119244007008,22.49701499938965,38705100,0.0,0.0
2024-12-13 00:00:00-05:00,22.47041377420816,22.754175633206657,22.399473309458536,22.68323516845703,29043600,0.0,0.0
2024-12-16 00:00:00-05:00,22.692099463679863,22.833980371456335,22.36399880735063,22.390602111816406,40194000,0.0,0.0
2024-12-17 00:00:00-05:00,22.96699577602059,23.46357900220993,22.931526391255495,23.43697738647461,71440300,0.0,0.0
2024-12-18 00:00:00-05:00,23.224152113029582,23.51678167657126,22.931522549487905,22.9581241607666,47575100,0.0,0.0
2024-12-19 00:00:00-05:00,22.789646208720008,23.135480755329105,22.683234668265026,22.85171890258789,50324700,0.0,0.0
2024-12-20 00:00:00-05:00,22.789645408988925,23.4901822469414,22.789645408988925,23.37490463256836,116340100,0.0,0.0
2024-12-23 00:00:00-05:00,23.3749049395751,23.72073947859042,23.224156247197186,23.68526840209961,35350400,0.0,0.0
2024-12-24 00:00:00-05:00,23.578857047852953,23.738473499148707,23.392637290889937,23.711870193481445,19716400,0.0,0.0
2024-12-26 00:00:00-05:00,23.623196093272956,23.694136556052747,23.481315167713372,23.552255630493164,31406000,0.0,0.0
2024-12-27 00:00:00-05:00,23.436978789013793,23.8094166537821,23.428111019453343,23.6054630279541,35218300,0.0,0.0
2024-12-30 00:00:00-05:00,23.481313134972496,23.5699891286092,23.268491765056737,23.42810821533203,32859100,0.0,0.0
2024-12-31 00:00:00-05:00,23.41037263285277,23.632061770836895,23.374903250279335,23.525651931762695,27085500,0.0,0.0
2025-01-02 00:00:00-05:00,23.72073540580866,23.818279158056395,23.552251204113595,23.596590042114258,32899200,0.0,0.0
2025-01-03 00:00:00-05:00,23.676401186181685,23.80054656522369,23.516784732353997,23.578857421875,33417000,0.0,0.0
2025-01-06 00:00:00-05:00,23.68526841087676,24.164117795556056,23.55225525669496,23.844884872436523,43951000,0.0,0.0
2025-01-07 00:00:00-05:00,23.95129888244869,24.447882165275004,23.889226183514673,24.057708740234375,35030000,0.0,0.0
2025-01-08 00:00:00-05:00,23.986767539986577,24.066575776569863,23.259627332320314,23.81828498840332,35430700,0.0,0.0
2025-01-10 00:00:00-05:00,23.82715050854325,23.986765275285716,23.6675340504468,23.694135665893555,32836900,0.0,0.0
2025-01-13 00:00:00-05:00,23.632064431447432,23.77394536042259,23.37490588193774,23.765077590942383,28359600,0.0,0.0
2025-01-14 00:00:00-05:00,23.773943242375157,23.827149854516172,23.295095572583595,23.419240951538086,25856900,0.0,0.0
2025-01-15 00:00:00-05:00,23.51678520963717,23.632062822322364,23.24188944853083,23.250757217407227,35949700,0.0,0.0
2025-01-16 00:00:00-05:00,23.1177431480045,23.561121426075484,23.02019938559563,23.49018096923828,29981100,0.0,0.0
2025-01-17 00:00:00-05:00,23.410373230836953,23.552254147462623,23.25075677679459,23.321697235107422,35380300,0.0,0.0
2025-01-21 00:00:00-05:00,23.45471310936198,23.62319564819336,23.401506494764057,23.62319564819336,39745600,0.0,0.0
2025-01-22 00:00:00-05:00,23.507917247743954,23.587725475622257,23.029067880474138,23.064538955688477,41890400,0.0,0.0
2025-01-23 00:00:00-05:00,23.06453904697505,23.481314034269317,22.922658128264064,23.445844650268555,40987000,0.0,0.0
2025-01-24 00:00:00-05:00,23.454858804611458,23.617114057048443,23.40077257425539,23.51795768737793,31300200,0.43,0.0
2025-01-27 00:00:00-05:00,23.65317232081815,24.31120605242052,23.59908780407001,24.212051391601562,50648600,0.0,0.0
2025-01-28 00:00:00-05:00,24.139937175190425,24.212050434442403,23.878525535829684,24.11289405822754,40589600,0.0,0.0
2025-01-29 00:00:00-05:00,24.15796391483623,24.40134680667692,23.950638511852993,23.995710372924805,34418200,0.0,0.0
2025-01-30 00:00:00-05:00,24.031765986496907,24.347262134689178,23.959652728565732,24.25712013244629,32289600,0.0,0.0
2025-01-31 00:00:00-05:00,24.302189210802712,24.34726106961032,23.815425170889856,23.905567169189453,37307000,0.0,0.0
2025-02-03 00:00:00-05:00,23.70725530305905,23.860496190023067,23.572043160282725,23.617115020751953,49626200,0.0,0.0
2025-02-04 00:00:00-05:00,23.526972228571978,24.266133522273098,23.076263954918552,23.31964683532715,68748300,0.0,0.0
2025-02-05 00:00:00-05:00,23.391760227625294,24.058808270229395,23.166406089475977,23.833454132080078,50426800,0.0,0.0
2025-02-06 00:00:00-05:00,23.815424288437747,23.86049442625972,23.238518271601855,23.283588409423828,45182000,0.0,0.0
2025-02-07 00:00:00-05:00,23.310631982619828,23.400772260038355,23.013164596918177,23.20246124267578,36512800,0.0,0.0
2025-02-10 00:00:00-05:00,23.238519208524284,23.54500097215386,22.995136328115684,23.31964683532715,39632700,0.0,0.0
2025-02-11 00:00:00-05:00,23.283588790249663,23.355702043533633,22.95006391923907,23.013164520263672,36593300,0.0,0.0
2025-02-12 00:00:00-05:00,22.96809411457653,23.094293605289288,22.688655455347725,22.95907974243164,31671600,0.0,0.0
2025-02-13 00:00:00-05:00,22.977109702938726,23.202463860542263,22.832883179617728,23.112321853637695,30612500,0.0,0.0
2025-02-14 00:00:00-05:00,23.193446793815806,23.283588790249663,22.959078290814013,23.013164520263672,33214600,0.0,0.0
2025-02-18 00:00:00-05:00,23.085278768997927,23.20246216589405,22.914009140319916,23.040206909179688,40499700,0.0,0.0
2025-02-19 00:00:00-05:00,23.049218291744385,23.36471439229078,22.98611941549819,23.337671279907227,37292400,0.0,0.0
2025-02-20 00:00:00-05:00,23.310633454861676,23.508944484749087,23.211477080260128,23.346689224243164,37139000,0.0,0.0
2025-02-21 00:00:00-05:00,23.33767376444625,23.950637289206373,23.301617996745097,23.70725440979004,54611500,0.0,0.0
2025-02-24 00:00:00-05:00,23.797396715670843,24.103878482013123,23.328659694286696,24.022750854492188,43823300,0.0,0.0
2025-02-25 00:00:00-05:00,24.085849277843415,24.36528964254732,23.92359574521884,24.103878021240234,43560100,0.0,0.0
2025-02-26 00:00:00-05:00,24.049792461444078,24.13993445518107,23.752325085632865,23.8154239654541,30103300,0.0,0.0
2025-02-27 00:00:00-05:00,23.698239518183684,23.88753614918886,23.445842290861336,23.52696990966797,28268300,0.0,0.0
2025-02-28 00:00:00-05:00,23.490915118090843,23.8785245147387,23.355702977689777,23.824440002441406,51531700,0.0,0.0
2025-03-03 00:00:00-05:00,23.770354501005688,24.24810415849691,23.409786515852705,23.66218376159668,54048600,0.0,0.0
2025-03-04 00:00:00-05:00,23.6621875207401,23.71627203937907,23.13936592238781,23.21147918701172,51315000,0.0,0.0
2025-03-05 00:00:00-05:00,23.16640597753772,23.599085508057982,23.130348490336555,23.38274574279785,37062400,0.0,0.0
2025-03-06 00:00:00-05:00,23.37373287280561,23.85148257370806,23.346689755667164,23.65317153930664,46998300,0.0,0.0
2025-03-07 00:00:00-05:00,23.797398383629172,24.239092320359433,23.599087346520406,24.094865798950195,54337700,0.0,0.0
2025-03-10 00:00:00-04:00,24.013736724853516,24.55458700734355,23.92359644386822,24.013736724853516,53013500,0.0,0.0
2025-03-11 00:00:00-04:00,23.950637931546762,23.995709791526515,23.319647365671116,23.42781639099121,44841400,0.0,0.0
2025-03-12 00:00:00-04:00,23.382745968536778,23.40978736488309,22.986122202073023,23.175418853759766,37331000,0.0,0.0
2025-03-13 00:00:00-04:00,23.220489934463323,23.499928576336217,23.013164545954908,23.076263427734375,36717900,0.0,0.0
2025-03-14 00:00:00-04:00,23.094292704098397,23.220490470570947,22.986121961896483,23.184432983398438,30298300,0.0,0.0
2025-03-17 00:00:00-04:00,23.202460626404946,23.572041255814497,23.06724849455289,23.48189926147461,32676900,0.0,0.0
2025-03-18 00:00:00-04:00,23.626126542122655,23.797396165072602,23.526971892470026,23.71626853942871,32958700,0.0,0.0
2025-03-19 00:00:00-04:00,23.734296070800188,23.88753694260081,23.50894194870018,23.62612533569336,42522700,0.0,0.0
2025-03-20 00:00:00-04:00,23.662183493197887,23.707253631172993,23.454858107607507,23.60809898376465,35378900,0.0,0.0
2025-03-21 00:00:00-04:00,23.554016093488734,23.905569752921803,23.445847059290713,23.68922996520996,349996500,0.0,0.0
2025-03-24 00:00:00-04:00,23.526970662774136,23.635139678435205,23.33767230639401,23.563026428222656,37944400,0.0,0.0
2025-03-25 00:00:00-04:00,23.581057439899446,23.61711492813342,22.99513701062271,23.031192779541016,47607600,0.0,0.0
2025-03-26 00:00:00-04:00,23.004150833674842,23.121334229007278,22.65259720904628,22.72471046447754,49487400,0.0,0.0
2025-03-27 00:00:00-04:00,22.715697495712366,22.742738891550363,22.382172619413705,22.5444278717041,51302000,0.0,0.0
2025-03-28 00:00:00-04:00,22.56245692924393,22.7337248363209,22.364144187321244,22.72471046447754,32352500,0.0,0.0
2025-03-31 00:00:00-04:00,22.355128416592212,22.923021771978284,22.183860520232432,22.841894149780273,53498100,0.0,0.0
2025-04-01 00:00:00-04:00,22.796826216138083,22.850910729725815,22.102735034385383,22.120763778686523,54444200,0.0,0.0
2025-04-02 00:00:00-04:00,22.084703960196183,22.30104371103943,21.913434346035302,22.26498794555664,41965000,0.0,0.0
2025-04-03 00:00:00-04:00,22.301046985364593,22.41823210884911,21.88639616519663,21.895410537719727,53501800,0.0,0.0
2025-04-04 00:00:00-04:00,21.57991097303016,21.724137472020406,20.68750886578471,20.705535888671875,80002600,0.0,0.0
2025-04-07 00:00:00-04:00,19.95736158403348,20.876806864641168,19.605809684695792,20.39905548095703,86106100,0.0,0.0
2025-04-08 00:00:00-04:00,20.642438381252486,20.723566007237054,19.326371060730576,19.68693733215332,72406000,0.0,0.0
2025-04-09 00:00:00-04:00,19.028903604203226,20.31792952435539,18.85763398114331,20.272857666015625,95954400,0.0,0.0
2025-04-10 00:00:00-04:00,20.06553326829355,20.074547640407467,19.010875801384735,19.461584091186523,72960700,0.0,0.0
2025-04-11 00:00:00-04:00,19.46158322212236,19.831163865710813,19.182144576332078,19.750036239624023,55078100,0.0,0.0
2025-04-14 00:00:00-04:00,19.903277382064648,20.03848952088384,19.713980731580904,19.939334869384766,61900900,0.0,0.0
2025-04-15 00:00:00-04:00,19.984404146860697,20.669480902540176,19.948346661096515,20.227787017822266,51814700,0.0,0.0
2025-04-16 00:00:00-04:00,20.272856306896674,20.44412591847445,19.78609230466968,19.867219924926758,37641200,0.0,0.0
2025-04-17 00:00:00-04:00,19.966377501049937,20.326943799984317,19.92130735842654,19.95736312866211,54073700,0.0,0.0
2025-04-21 00:00:00-04:00,19.94834582586836,19.98440331012283,19.713979055476216,19.867219924926758,32021000,0.0,0.0
2025-04-22 00:00:00-04:00,19.993418068493902,20.326941207731284,19.966374954779177,20.308914184570312,36052600,0.0,0.0
2025-04-23 00:00:00-04:00,20.53426805905482,20.786663573408813,20.047502333974137,20.182714462280273,50781000,0.0,0.0
2025-04-24 00:00:00-04:00,20.19173008599112,20.606382587076883,20.0384892059205,20.534269332885742,35009600,0.0,0.0
2025-04-25 00:00:00-04:00,20.525255010806404,20.831736771688412,20.263843389159444,20.66046714782715,35847700,0.0,0.0
2025-04-28 00:00:00-04:00,20.75962380877214,20.993992318579068,20.642438694210863,20.777650833129883,55888900,0.0,0.0
2025-04-29 00:00:00-04:00,20.5793413018822,21.742169563340564,20.24581639701961,21.4447021484375,98540200,0.0,0.0
2025-04-30 00:00:00-04:00,21.814281532898153,22.030621301904294,21.61596878848912,22.003578186035156,53941700,0.0,0.0
2025-05-01 00:00:00-04:00,21.904421212684813,21.931464327811778,21.45371294312903,21.570898056030273,46891700,0.0,0.0
2025-05-02 00:00:00-04:00,21.88639663338333,21.904423659499397,21.606956237136863,21.81428337097168,41685800,0.0,0.0
2025-05-05 00:00:00-04:00,21.81428259736016,21.859352740025674,21.498786440754376,21.516815185546875,40811800,0.0,0.0
2025-05-06 00:00:00-04:00,21.480755082923707,21.534839591406328,20.59736732734028,20.624408721923828,60872600,0.0,0.0
2025-05-07 00:00:00-04:00,20.723565736220305,20.81370773272604,20.480182861449492,20.543283462524414,48270500,0.0,0.0
2025-05-08 00:00:00-04:00,20.57032376078296,20.813706622572305,20.290885133903792,20.705535888671875,55669800,0.0,0.0
2025-05-09 00:00:00-04:00,20.677978256397793,20.760653564232623,20.4483250128822,20.466697692871094,39059800,0.43,0.0
2025-05-12 00:00:00-04:00,20.420767595015445,21.265891667541858,20.374837643554958,21.21077537536621,77480900,0.0,0.0
2025-05-13 00:00:00-04:00,21.036241432319787,21.10973041649802,20.659610169391893,21.008684158325195,41193200,0.0,0.0
2025-05-14 00:00:00-04:00,20.999494588389066,21.036238198772413,20.181927793946983,20.227859497070312,59394000,0.0,0.0
2025-05-15 00:00:00-04:00,20.393209594593205,20.76065444946289,20.292161602460816,20.76065444946289,51800100,0.0,0.0
2025-05-16 00:00:00-04:00,20.806586539834186,20.990309862227893,20.62286496955593,20.97193717956543,37786800,0.0,0.0
2025-05-19 00:00:00-04:00,20.8892598462833,21.15565846286573,20.797398193940552,21.12809944152832,31513700,0.0,0.0
2025-05-20 00:00:00-04:00,21.284266604534402,21.77113220134081,21.275080262845734,21.60578155517578,57047500,0.0,0.0
2025-05-21 00:00:00-04:00,21.55984857694374,21.569034918091372,21.164846420288086,21.164846420288086,42984700,0.0,0.0
2025-05-22 00:00:00-04:00,21.164846420288086,21.27507900982883,20.95356407812339,21.164846420288086,38602800,0.0,0.0
2025-05-23 00:00:00-04:00,21.082170348385777,21.486358831739295,21.01786596265124,21.422056198120117,35405400,0.0,0.0
2025-05-27 00:00:00-04:00,21.63333753482812,21.734385535247057,21.46798865066361,21.68845558166504,36155400,0.0,0.0
2025-05-28 00:00:00-04:00,21.688453268140943,21.71601053650443,21.229146772853692,21.29344940185547,36737200,0.0,0.0
2025-05-29 00:00:00-04:00,21.43124476157011,21.541479110717773,21.275080455678314,21.541479110717773,26091400,0.0,0.0
2025-05-30 00:00:00-04:00,21.569035933200304,21.697642963204395,21.27508001110324,21.578222274780273,56618600,0.0,0.0
2025-06-02 00:00:00-04:00,21.624153726152713,21.64252465697922,21.33019605542737,21.550662994384766,30443900,0.0,0.0
2025-06-03 00:00:00-04:00,21.4771746589884,21.6241543748178,21.183218731560668,21.449617385864258,37887100,0.0,0.0
2025-06-04 00:00:00-04:00,21.504733233034397,21.624153921118538,21.44961693582698,21.486360549926758,24500100,0.0,0.0
2025-06-05 00:00:00-04:00,21.532292487507917,21.532292487507917,21.2015911965029,21.23833656311035,33173600,0.0,0.0
2025-06-06 00:00:00-04:00,21.376128404007325,21.660897989688497,21.357755720514206,21.449617385864258,30426200,0.0,0.0
2025-06-09 00:00:00-04:00,21.532289812710054,22.17531787942221,21.513917131688633,22.019153594970703,42542600,0.0,0.0
2025-06-10 00:00:00-04:00,22.019155791297177,22.432532394935457,22.009969449870162,22.322298049926758,40439200,0.0,0.0
2025-06-11 00:00:00-04:00,22.34985450159173,22.680555746436454,22.340668161222123,22.487646102905273,38558700,0.0,0.0
2025-06-12 00:00:00-04:00,22.53358026417899,22.855093451630367,22.53358026417899,22.818349838256836,42465400,0.0,0.0
2025-06-13 00:00:00-04:00,22.772419848653207,22.919397806153277,22.469275840179428,22.542766571044922,46368400,0.0,0.0
2025-06-16 00:00:00-04:00,22.506019522026243,22.588694835949852,22.303925283610383,22.41415786743164,35102100,0.0,0.0
2025-06-17 00:00:00-04:00,22.2947407445281,22.340670699479233,21.964039462110424,22.046714782714844,40408800,0.0,0.0
2025-06-18 00:00:00-04:00,22.009966631021612,22.120200961912442,21.83543142260774,21.936477661132812,37076200,0.0,0.0
2025-06-20 00:00:00-04:00,22.046712616502838,22.12938792898395,21.835432041102358,22.019153594970703,63098100,0.0,0.0
2025-06-23 00:00:00-04:00,21.927294208373723,22.129388448003382,21.835432553227392,22.07427215576172,31959100,0.0,0.0
2025-06-24 00:00:00-04:00,22.17531954476312,22.414159159632316,22.14776227327676,22.331483840942383,34404200,0.0,0.0
2025-06-25 00:00:00-04:00,22.239621274385193,22.386600975487212,22.111016007050704,22.285552978515625,25603300,0.0,0.0
2025-06-26 00:00:00-04:00,22.340668460963307,22.441716454269447,22.193690517308177,22.267179489135742,31835300,0.0,0.0
2025-06-27 00:00:00-04:00,22.368228484295766,22.432531118510532,22.120202536225626,22.221250534057617,39528800,0.0,0.0
2025-06-30 00:00:00-04:00,22.239620467657172,22.39578475180516,22.156946907452042,22.267179489135742,44730900,0.0,0.0
2025-07-01 00:00:00-04:00,22.303925259415074,23.286840932645784,22.285552578093018,23.002071380615234,59259900,0.0,0.0
2025-07-02 00:00:00-04:00,23.084747981834887,23.296030340626796,22.992888067360337,23.25928497314453,36772100,0.0,0.0
2025-07-03 00:00:00-04:00,23.28684244757778,23.443006744743908,23.1674217633308,23.31439971923828,27104600,0.0,0.0
2025-07-07 00:00:00-04:00,23.29602917513854,23.452193474894234,23.09393316832795,23.185794830322266,34905900,0.0,0.0
2025-07-08 00:00:00-04:00,23.185794283434813,23.847195080385454,23.158235259851917,23.534868240356445,51275800,0.0,0.0
2025-07-09 00:00:00-04:00,23.59917227741315,23.73696389927588,23.27765732498976,23.479751586914062,38362200,0.0,0.0
2025-07-10 00:00:00-04:00,23.4981214031609,23.929868899546587,23.46137779280153,23.68184471130371,39499200,0.0,0.0
2025-07-11 00:00:00-04:00,23.56242561340332,23.626728249925197,23.35114502136989,23.56242561340332,34864400,0.0,0.0
2025-07-14 00:00:00-04:00,23.498124862528034,23.54405482026783,23.277657911568962,23.28684425354004,25918000,0.0,0.0
2025-07-15 00:00:00-04:00,23.277658123814255,23.369519792247022,22.533581938528467,22.607070922851562,54458000,0.0,0.0
2025-07-16 00:00:00-04:00,22.671373565119822,22.928584134192857,22.533581938528467,22.607070922851562,44218200,0.0,0.0
2025-07-17 00:00:00-04:00,22.496834416644155,22.763233054384774,22.46009080405794,22.579509735107422,47393900,0.0,0.0
2025-07-18 00:00:00-04:00,22.698929155858146,22.763233545473305,22.404973240364992,22.47846221923828,36309400,0.0,0.0
2025-07-21 00:00:00-04:00,22.58869521731503,22.64381151015619,22.285552978515625,22.285552978515625,33663400,0.0,0.0
2025-07-22 00:00:00-04:00,22.386602339903387,23.09393310546875,22.359043315745463,23.09393310546875,48091600,0.0,0.0
2025-07-23 00:00:00-04:00,23.31439906709502,23.45219243000498,23.194980138303833,23.29602813720703,42073300,0.0,0.0
2025-07-24 00:00:00-04:00,23.32358786930876,23.461381246759313,23.204168927915937,23.28684425354004,25672400,0.0,0.0
2025-07-25 00:00:00-04:00,23.333565333841335,23.333565333841335,23.006504361185176,23.165363311767578,35643400,0.43,0.0
2025-07-28 00:00:00-04:00,23.062570297464863,23.109292781470938,22.65140566528705,22.71681785583496,31096600,0.0,0.0
2025-07-29 00:00:00-04:00,22.716818608463335,22.735508315624376,22.3617230841464,22.707473754882812,38499800,0.0,0.0
2025-07-30 00:00:00-04:00,22.726162932762573,22.80091997731711,22.240241251983797,22.24958610534668,35649500,0.0,0.0
2025-07-31 00:00:00-04:00,22.053349477091114,22.277620610198664,21.62349513520692,21.7636661529541,62768300,0.0,0.0
2025-08-01 00:00:00-04:00,21.773010953229857,21.978594178334607,21.59546407271952,21.950559616088867,51332700,0.0,0.0
2025-08-04 00:00:00-04:00,21.90383412703153,22.12810524722454,21.86645471582515,21.98793601989746,57010700,0.0,0.0
2025-08-05 00:00:00-04:00,22.679438948252937,23.258805559643523,22.679438948252937,23.127981185913086,113955100,0.0,0.0
2025-08-06 00:00:00-04:00,23.062570919244443,23.090603697464463,22.296310753855536,22.361722946166992,65689200,0.0,0.0
2025-08-07 00:00:00-04:00,22.585993895199767,22.866332369152023,22.371067613013135,22.642061233520508,45494400,0.0,0.0
2025-08-08 00:00:00-04:00,22.698130221409922,22.997158400502677,22.57664890968565,22.96912384033203,36377000,0.0,0.0
2025-08-11 00:00:00-04:00,22.987813547112463,23.28684172620522,22.922401355729487,22.96912384033203,38115700,0.0,0.0
2025-08-12 00:00:00-04:00,23.04388121521842,23.14667282163479,22.866332562957936,23.034536361694336,34402700,0.0,0.0
2025-08-13 00:00:00-04:00,23.127982146428277,23.54849162566637,23.118637293295375,23.511112213134766,40176500,0.0,0.0
2025-08-14 00:00:00-04:00,23.445702000532275,23.529803903471503,23.193396291714595,23.464391708374023,32514000,0.0,0.0
2025-08-15 00:00:00-04:00,23.56718105873233,23.641938106234193,23.333565062495435,23.49242401123047,31844800,0.0,0.0
2025-08-18 00:00:00-04:00,23.492421770049752,23.57652366325959,23.37094224782912,23.42700958251953,35623300,0.0,0.0
2025-08-19 00:00:00-04:00,23.49242545962422,23.763420887494203,23.455047824743122,23.660629272460938,29170500,0.0,0.0
2025-08-20 00:00:00-04:00,23.72603873140254,24.00637898121835,23.679316247607492,23.716693878173828,38111000,0.0,0.0
2025-08-21 00:00:00-04:00,23.744727570054266,24.193269814548344,23.707349940853984,24.0531005859375,37068100,0.0,0.0
2025-08-22 00:00:00-04:00,24.2026172437746,24.39885561059787,24.071792854124844,24.183927536010742,34560500,0.0,0.0
2025-08-25 00:00:00-04:00,24.18392714620984,24.19327199994115,23.464391232385147,23.49242401123047,32684200,0.0,0.0
2025-08-26 00:00:00-04:00,23.492421855016786,23.585868601404407,23.240117956823184,23.286840438842773,43938700,0.0,0.0
2025-08-27 00:00:00-04:00,23.37094224782912,23.520456328569175,23.221428167089062,23.42700958251953,31840300,0.0,0.0
2025-08-28 00:00:00-04:00,23.427011372523385,23.427011372523385,22.903712049949092,22.98781394958496,44306800,0.0,0.0
2025-08-29 00:00:00-04:00,23.062572052056186,23.249463784647645,22.903713099061687,23.1373291015625,37030000,0.0,0.0
2025-09-02 00:00:00-04:00,23.109294761854112,23.427012670898538,23.090605053710636,23.342910766601562,44725000,0.0,0.0
2025-09-03 00:00:00-04:00,23.249463431630144,23.473736359092403,23.09994933488772,23.165363311767578,30957600,0.0,0.0
2025-09-04 00:00:00-04:00,23.156018582846944,23.156018582846944,22.75419877730326,22.931747436523438,41695500,0.0,0.0
2025-09-05 00:00:00-04:00,22.959778804287552,23.25880698100142,22.903711466740834,23.249462127685547,34613200,0.0,0.0
2025-09-08 00:00:00-04:00,23.26815043983868,23.33356262678107,22.716816603683665,22.94108772277832,49242900,0.0,0.0
2025-09-09 00:00:00-04:00,22.941090683412696,23.165363613799038,22.90371304991407,23.090604782104492,32751300,0.0,0.0
2025-09-10 00:00:00-04:00,23.025191932906544,23.03453678660301,22.84764505971949,22.959779739379883,32975900,0.0,0.0
2025-09-11 00:00:00-04:00,22.987813089517623,23.23077392578125,22.93174575264094,23.23077392578125,36784100,0.0,0.0
2025-09-12 00:00:00-04:00,23.18404932612878,23.212083885337936,22.27761996654768,22.305654525756836,81378200,0.0,0.0
2025-09-15 00:00:00-04:00,22.417789055996725,22.539270362785654,22.12810574206295,22.399099349975586,50760200,0.0,0.0
2025-09-16 00:00:00-04:00,22.38975607563008,22.632716923990245,22.30565595730213,22.333688735961914,57010800,0.0,0.0
2025-09-17 00:00:00-04:00,22.40844568658241,22.791575773639305,22.333688639896884,22.473857879638672,46351600,0.0,0.0
2025-09-18 00:00:00-04:00,22.47385785735466,22.651406511437454,22.38975595712326,22.567304611206055,34419000,0.0,0.0
2025-09-19 00:00:00-04:00,22.66074918318571,22.66074918318571,22.2589294279576,22.455167770385742,86577600,0.0,0.0
2025-09-22 00:00:00-04:00,22.688784908463532,23.174704798472796,22.455168925485584,22.464513778686523,67863300,0.0,0.0
2025-09-23 00:00:00-04:00,22.52058362891889,22.76354449221305,22.47385935769961,22.548616409301758,38955200,0.0,0.0
2025-09-24 00:00:00-04:00,22.585995147500007,22.595340001463022,22.40844648690001,22.51123809814453,39669400,0.0,0.0
2025-09-25 00:00:00-04:00,22.511237588334527,22.56730492849422,22.034660741105633,22.0533504486084,56738300,0.0,0.0
2025-09-26 00:00:00-04:00,22.1748310379976,22.24958808921781,22.062696352341636,22.202865600585938,33374500,0.0,0.0
2025-09-29 00:00:00-04:00,22.230897081448177,22.296309269404603,22.090726070286188,22.286964416503906,39184300,0.0,0.0
2025-09-30 00:00:00-04:00,22.2869651816067,23.95030984336671,22.249585768720696,23.81014060974121,164867300,0.0,0.0
2025-10-01 00:00:00-04:00,24.26803025670239,25.65103837792409,23.903589854764572,25.42676544189453,150879900,0.0,0.0
2025-10-02 00:00:00-04:00,25.165113362846892,25.389384487199056,24.875430050018903,25.305282592773438,69684100,0.0,0.0
2025-10-03 00:00:00-04:00,25.417417850769432,25.875304930914712,25.267903774899477,25.576276779174805,70524000,0.0,0.0
2025-10-06 00:00:00-04:00,25.482833502213335,25.56693540412284,24.6605041907312,24.69788360595703,62945600,0.0,0.0
2025-10-07 00:00:00-04:00,24.688537690350756,24.838051780126577,24.34278524377633,24.548368453979492,47744200,0.0,0.0
2025-10-08 00:00:00-04:00,24.68853716907586,24.763294212385347,23.950309806839734,23.997034072875977,48693300,0.0,0.0
2025-10-09 00:00:00-04:00,24.0904821496963,24.202616829663555,23.55783618163174,23.58587074279785,47278700,0.0,0.0
2025-10-10 00:00:00-04:00,23.60455957133165,23.754073660619934,23.00650321417851,23.156017303466797,64963900,0.0,0.0
2025-10-13 00:00:00-04:00,23.21208458854127,23.314876193073754,22.997158308472017,23.10929298400879,45356600,0.0,0.0
2025-10-14 00:00:00-04:00,23.03453494355889,23.16536110249312,22.87567600812682,22.913055419921875,42277000,0.0,0.0
2025-10-15 00:00:00-04:00,22.885023141950757,22.969125044523334,22.623372580352896,22.791576385498047,47729800,0.0,0.0
2025-10-16 00:00:00-04:00,22.838299591165924,22.997158535031815,22.623371526630745,22.642061233520508,44390000,0.0,0.0
2025-10-17 00:00:00-04:00,22.614026114216003,22.92239911657584,22.576646704306512,22.903709411621094,40101900,0.0,0.0
2025-10-20 00:00:00-04:00,22.959778218271722,23.109292302812523,22.903710882156044,23.071914672851562,35856800,0.0,0.0
2025-10-21 00:00:00-04:00,23.099946614217213,23.324217732916594,22.987811946041727,23.22142791748047,40726900,0.0,0.0
2025-10-22 00:00:00-04:00,23.165360945907185,23.296185321608657,23.006502011548925,23.099946975708008,48662900,0.0,0.0
2025-10-23 00:00:00-04:00,23.137326457475826,23.156016163303747,22.90371048167217,23.053224563598633,34219900,0.0,0.0
2025-10-24 00:00:00-04:00,23.081261760019927,23.202741297086945,23.062572052056186,23.1373291015625,27429200,0.0,0.0
2025-10-27 00:00:00-04:00,23.118636736442575,23.174704071541008,23.01584513680507,23.146671295166016,34974900,0.0,0.0
2025-10-28 00:00:00-04:00,23.15601969987308,23.15601969987308,22.782232655620778,22.89436912536621,50152400,0.0,0.0
2025-10-29 00:00:00-04:00,22.922400782643198,23.015845749512046,22.64206053499116,22.698129653930664,65438400,0.0,0.0
2025-10-30 00:00:00-04:00,22.716817577895338,23.081259721608134,22.56730349208698,22.698129653930664,157478000,0.0,0.0
2025-10-31 00:00:00-04:00,22.688785693046015,23.109293407538452,22.57664923310556,23.034536361694336,132697400,0.0,0.0
2025-11-03 00:00:00-05:00,22.9784682724627,23.127982359268067,22.810264479219533,23.043880462646484,140871300,0.0,0.0
2025-11-04 00:00:00-05:00,22.79157565475893,23.548492753643977,22.61402878377475,22.707473754882812,166162000,0.0,0.0
2025-11-05 00:00:00-05:00,22.782231880052777,23.053227299675417,22.57665043859153,22.997159957885742,107240900,0.0,0.0
2025-11-06 00:00:00-05:00,23.12798117243529,23.48307666478887,22.931744611953988,23.22142791748047,124137200,0.0,0.0
2025-11-07 00:00:00-05:00,23.135845750286958,23.421120558984093,22.92664434482459,23.230937957763672,117794500,0.43,0.0
2025-11-10 00:00:00-05:00,23.449650041366386,23.668360860850935,22.736461167082172,23.192901611328125,148958600,0.0,0.0
2025-11-11 00:00:00-05:00,23.287993466194383,24.257930755615234,23.2404482674658,24.257930755615234,139673800,0.0,0.0
2025-11-12 00:00:00-05:00,24.153328845248094,24.676335093503557,24.01069143708135,24.600261688232422,96008000,0.0,0.0
2025-11-13 00:00:00-05:00,24.66682640767153,25.180321454734873,24.410077977273307,24.524188995361328,123083100,0.0,0.0
2025-11-14 00:00:00-05:00,24.41007795493867,24.505170167636166,23.744434279789317,23.83001708984375,96507600,0.0,0.0
2025-11-17 00:00:00-05:00,23.877565379864823,24.314987042437217,23.72541855690632,23.849037170410156,88042200,0.0,0.0
2025-11-18 00:00:00-05:00,23.820507389918973,24.257930837375127,23.75394338598138,24.200876235961914,66511800,0.0,0.0
2025-11-19 00:00:00-05:00,24.105784481998846,24.248421895105785,23.506704807723338,23.658851623535156,62000200,0.0,0.0
2025-11-20 00:00:00-05:00,23.668359565648938,23.77296117521444,23.088300546312144,23.202409744262695,51983200,0.0,0.0
2025-11-21 00:00:00-05:00,23.383084887589828,24.26743933844253,23.383084887589828,23.810998916625977,73079400,0.0,0.0
2025-11-24 00:00:00-05:00,23.877564579241117,24.219894012552714,23.820508162244906,23.98216438293457,63074900,0.0,0.0
2025-11-25 00:00:00-05:00,24.12480439415129,24.695354072753428,24.11529499101016,24.457624435424805,39130300,0.0,0.0
2025-11-26 00:00:00-05:00,24.43860489937456,24.54320469557413,24.32449388729057,24.44811248779297,33461000,0.0,0.0
2025-11-28 00:00:00-05:00,24.581242311256634,24.59075171341079,24.400567297793717,24.476640701293945,22627600,0.0,0.0
2025-12-01 00:00:00-05:00,24.495660613890397,24.66682623294342,23.99167315931572,24.02971076965332,53198600,0.0,0.0
2025-12-02 00:00:00-05:00,24.077256039944054,24.077256039944054,23.811000021726933,23.915599822998047,43827000,0.0,0.0
2025-12-03 00:00:00-05:00,24.07725376625667,24.619276967851615,24.05823496282771,24.314983367919922,56121200,0.0,0.0
2025-12-04 00:00:00-05:00,24.372038541281636,24.476640148883583,24.105782541906443,24.4386043548584,35454000,0.0,0.0
2025-12-05 00:00:00-05:00,24.505169955938864,24.837991790638338,24.381549536380135,24.752408981323242,47443700,0.0,0.0
2025-12-08 00:00:00-05:00,24.76191733183181,24.90455473671908,24.495659512638035,24.505168914794922,45209300,0.0,0.0
2025-12-09 00:00:00-05:00,24.72387879262497,24.847497388545598,23.89657897344464,24.086763381958008,43483800,0.0,0.0
2025-12-10 00:00:00-05:00,24.23891172654914,24.524188357482544,23.98216330282899,24.514678955078125,43635400,0.0,0.0
2025-12-11 00:00:00-05:00,24.533695220947266,24.761917244441054,24.3530220218031,24.533695220947266,35570200,0.0,0.0
2025-12-12 00:00:00-05:00,24.571734112394815,24.76191853732533,24.457623094689886,24.58124351501465,51599700,0.0,0.0
2025-12-15 00:00:00-05:00,24.55271539463106,25.341977677558404,24.54320599197735,25.132776260375977,60360000,0.0,0.0
2025-12-16 00:00:00-05:00,25.142284582052387,25.20884858403341,23.696888088027457,24.276948928833008,111695500,0.0,0.0
2025-12-17 00:00:00-05:00,24.153328326121887,24.238911131929118,23.80148951445484,23.810998916625977,61255300,0.0,0.0
2025-12-18 00:00:00-05:00,23.782470710112563,23.991672116678565,23.753942503599152,23.810998916625977,47062500,0.0,0.0
2025-12-19 00:00:00-05:00,23.782470558907377,24.26743918415399,23.75394235257534,23.953636169433594,87590000,0.0,0.0
2025-12-22 00:00:00-05:00,23.963146753804615,24.153329364202154,23.896580935745735,23.972654342651367,38758900,0.0,0.0
2025-12-23 00:00:00-05:00,24.020201671388058,24.096275079293967,23.61130642374388,23.658851623535156,43692900,0.0,0.0
2025-12-24 00:00:00-05:00,23.696889167963924,23.906090585685785,23.687379765285687,23.801490783691406,19328500,0.0,0.0
2025-12-26 00:00:00-05:00,23.79197939653363,23.877562199766214,23.696887191415986,23.858543395996094,21617800,0.0,0.0
2025-12-29 00:00:00-05:00,23.820507769837565,23.963146996245193,23.74443436216228,23.77296257019043,33067700,0.0,0.0
2025-12-30 00:00:00-05:00,23.782469425873867,23.820505218771498,23.696886624688055,23.763450622558594,28821700,0.0,0.0
2025-12-31 00:00:00-05:00,23.744433800176722,23.791980812431618,23.65885099185097,23.67786979675293,29409200,0.0,0.0
2026-01-02 00:00:00-05:00,23.753943611670586,24.05823724040961,23.611306199915806,23.944128036499023,35976700,0.0,0.0
2026-01-05 00:00:00-05:00,23.963146203299964,24.153328809328443,23.72541658546458,23.93461799621582,52620900,0.0,0.0
2026-01-06 00:00:00-05:00,23.953637837395213,24.73339072743733,23.953637837395213,24.18185806274414,50977300,0.0,0.0
2026-01-07 00:00:00-05:00,24.334003112202684,24.54320451681109,23.90608908717073,24.03921890258789,51395800,0.0,0.0
2026-01-08 00:00:00-05:00,23.9441273309245,24.305475550970773,23.887072730650463,24.048728942871094,42977300,0.0,0.0
2026-01-09 00:00:00-05:00,24.096274534720873,24.295966545810952,23.991672921064314,24.229402542114258,34190200,0.0,0.0
2026-01-12 00:00:00-05:00,24.324494994837373,24.505170016474796,23.858545150600296,24.02971076965332,50256300,0.0,0.0
2026-01-13 00:00:00-05:00,24.077256039944054,24.143820044498337,23.744434203439557,23.915599822998047,47656100,0.0,0.0
2026-01-14 00:00:00-05:00,23.991673475641907,24.448113923312675,23.96314708124568,24.324495315551758,53738100,0.0,0.0
2026-01-15 00:00:00-05:00,24.29596553778899,24.619277954101562,24.010690729858133,24.619277954101562,55263200,0.0,0.0
2026-01-16 00:00:00-05:00,24.61927817931869,24.61927817931869,24.29596576004846,24.39105796813965,59470600,0.0,0.0
2026-01-20 00:00:00-05:00,24.181857984951268,24.391059404081506,23.8585455466471,24.267440795898438,55425400,0.0,0.0
2026-01-21 00:00:00-05:00,24.219892134758563,24.647806160387844,24.134309329632707,24.619277954101562,47264100,0.0,0.0
2026-01-22 00:00:00-05:00,24.628789113249173,25.018665558311074,24.48615169910779,24.818973541259766,49883900,0.0,0.0
2026-01-23 00:00:00-05:00,24.731955911915634,24.83830971385515,24.664276890359588,24.79963493347168,45402300,0.43,0.0
2026-01-26 00:00:00-05:00,24.780297055579542,25.060683675496335,24.7512928149778,25.022008895874023,41441900,0.0,0.0
2026-01-27 00:00:00-05:00,25.0800221176153,25.94051571505145,25.041347336370272,25.621456146240234,75575400,0.0,0.0
2026-01-28 00:00:00-05:00,25.399081385269202,25.515102039398496,24.905988994932095,25.002674102783203,44976700,0.0,0.0
2026-01-29 00:00:00-05:00,25.041348098870838,25.360407677397312,25.022010707659504,25.234718322753906,44373800,0.0,0.0
2026-01-30 00:00:00-05:00,25.26372201996323,25.59245028699749,25.04134755817978,25.563446044921875,51599400,0.0,0.0
2026-02-02 00:00:00-05:00,25.544108501312326,25.805157743121665,25.476429478053998,25.776151657104492,52129500,0.0,0.0
2026-02-03 00:00:00-05:00,24.519249771259553,25.244385295149815,24.42256466591785,24.91565704345703,91964900,0.0,0.0
2026-02-04 00:00:00-05:00,25.02200964083113,26.08554213861341,25.002674094559307,25.892173767089844,83025800,0.0,0.0
2026-02-05 00:00:00-05:00,25.872835113807245,26.28857976625655,25.582779804507403,25.611785888671875,72650700,0.0,0.0
2026-02-06 00:00:00-05:00,25.785819670672172,26.462613573591348,25.64079293265093,26.317584991455078,50691600,0.0,0.0
2026-02-09 00:00:00-05:00,26.278912323624215,26.46261384385529,25.90184243209494,26.153221130371094,49288200,0.0,0.0
2026-02-10 00:00:00-05:00,26.278911709527666,26.810677023315005,26.19189529903665,26.694656372070312,43760600,0.0,0.0
2026-02-11 00:00:00-05:00,26.636643756636985,27.013715477160407,26.40460061391525,26.81067657470703,41699300,0.0,0.0
2026-02-12 00:00:00-05:00,26.733328469823853,26.965371609154843,26.501285330492863,26.559295654296875,58805100,0.0,0.0
2026-02-13 00:00:00-05:00,26.68498871207357,27.0137169768747,26.636645235417475,26.665651321411133,36986700,0.0,0.0
2026-02-17 00:00:00-05:00,26.917031672021977,26.946037757804792,26.298249928242413,26.462614059448242,32119900,0.0,0.0
2026-02-18 00:00:00-05:00,26.530293082159748,26.568966019088442,26.30791677938829,26.462614059448242,24779800,0.0,0.0
2026-02-19 00:00:00-05:00,26.462612941636344,26.491617182078926,25.69880264532201,25.969520568847656,40316800,0.0,0.0
2026-02-20 00:00:00-05:00,25.824493635581035,25.892174503860968,25.48609851475688,25.766483306884766,44786900,0.0,0.0
2026-02-23 00:00:00-05:00,25.679465792546786,26.211232955864237,25.62145546633371,26.16288948059082,34166100,0.0,0.0
2026-02-24 00:00:00-05:00,26.240238189697266,26.510956129125784,26.1822278612894,26.240238189697266,34686100,0.0,0.0
2026-02-25 00:00:00-05:00,26.162890352467954,26.385266657906307,25.843830781490848,26.191896438598633,32680300,0.0,0.0
2026-02-26 00:00:00-05:00,26.35625830597092,26.36592700051661,25.979188439263627,26.201562881469727,30508300,0.0,0.0
2026-02-27 00:00:00-05:00,26.259574776540727,26.752667163198144,26.19189575478452,26.73332977294922,41879700,0.0,0.0
2026-03-02 00:00:00-05:00,26.655980547772796,26.694655326082284,26.269241985252563,26.356258392333984,41321700,0.0,0.0
2026-03-03 00:00:00-05:00,25.8341609892976,26.056537285294734,25.47642849611592,25.698802947998047,41486100,0.0,0.0
2026-03-04 00:00:00-05:00,25.88250499546878,25.892173690633665,25.476429019118818,25.737478256225586,30893500,0.0,0.0
2026-03-05 00:00:00-05:00,25.51510040617719,25.824491256204592,25.33140074154525,25.727807998657227,38908600,0.0,0.0
2026-03-06 00:00:00-05:00,25.66013058488591,26.230568847713382,25.36040656658388,26.153221130371094,53181800,0.0,0.0
2026-03-09 00:00:00-04:00,26.01786201412362,26.21123222157007,25.486096709818323,25.92117691040039,42789500,0.0,0.0
2026-03-10 00:00:00-04:00,25.93084663094307,26.38526608318343,25.640793152414574,26.25957489013672,42814600,0.0,0.0
2026-03-11 00:00:00-04:00,26.298250434321705,26.50128750636344,26.104880213611874,26.394933700561523,40560100,0.0,0.0
2026-03-12 00:00:00-04:00,26.21123240781574,26.22090110266826,25.747144275469633,25.969520568847656,38542800,0.0,0.0
2026-03-13 00:00:00-04:00,26.12421630594451,26.375596842725834,25.698802947998047,25.698802947998047,34270800,0.0,0.0
2026-03-16 00:00:00-04:00,25.8148244057418,25.99852407037374,25.640791591572654,25.727807998657227,28551500,0.0,0.0
2026-03-17 00:00:00-04:00,25.93084598960028,26.839683027487865,25.93084598960028,26.539960861206055,60097500,0.0,0.0
2026-03-18 00:00:00-04:00,26.24023568095238,26.472278816514027,25.950182222529047,26.414268493652344,47478300,0.0,0.0
2026-03-19 00:00:00-04:00,26.385264904396465,26.810676408017255,26.346590125459144,26.501285552978516,47939600,0.0,0.0
2026-03-20 00:00:00-04:00,26.501285772524675,26.636643811696736,25.911508297649295,26.07587242126465,66805700,0.0,0.0
2026-03-23 00:00:00-04:00,26.133884037031294,26.28857946255811,25.74714362909932,25.882503509521484,42945200,0.0,0.0
2026-03-24 00:00:00-04:00,25.718140273698936,26.230568196833165,25.56344484285294,26.066204071044922,35605300,0.0,0.0
2026-03-25 00:00:00-04:00,26.27891189399613,26.61730884337941,26.14355385188883,26.37559700012207,37603900,0.0,0.0
2026-03-26 00:00:00-04:00,26.346592093047065,26.88802612979966,26.336923397590667,26.655982971191406,28835000,0.0,0.0
2026-03-27 00:00:00-04:00,26.810676112430535,26.84935089094147,26.124215390895902,26.143552780151367,29124600,0.0,0.0
2026-03-30 00:00:00-04:00,26.510954934921024,26.89769351374436,26.249905702672145,26.84935188293457,46696000,0.0,0.0
2026-03-31 00:00:00-04:00,27.06205624084483,27.3714470879045,26.868687883489994,27.149072647094727,44841500,0.0,0.0
2026-04-01 00:00:00-04:00,27.33277664304482,27.690509150990152,27.110402181985283,27.603492736816406,44208500,0.0,0.0
2026-04-02 00:00:00-04:00,27.55514968645936,27.79686152581427,27.28443176250047,27.38111686706543,30920600,0.0,0.0
2026-04-06 00:00:00-04:00,27.255427624347675,27.294100559849873,26.888024594444335,26.90736198425293,25169300,0.0,0.0
2026-04-07 00:00:00-04:00,26.7429968672239,26.76233425631528,25.89217203246734,26.201562881469727,46620500,0.0,0.0
2026-04-08 00:00:00-04:00,26.346589904272204,26.578633043603194,26.07587198632858,26.559295654296875,33789100,0.0,0.0
2026-04-09 00:00:00-04:00,26.30791629637166,26.588302921445752,26.278912055236425,26.317584991455078,27047600,0.0,0.0
2026-04-10 00:00:00-04:00,26.414269240368302,26.452944019446015,25.882503936854526,26.027530670166016,27882400,0.0,0.0
2026-04-13 00:00:00-04:00,25.940514724093422,26.65598155275918,25.79548798819489,26.43360710144043,44156200,0.0,0.0
2026-04-14 00:00:00-04:00,26.298249551023318,26.40460150913802,26.182227053671333,26.211233139038086,24558900,0.0,0.0
2026-04-15 00:00:00-04:00,26.278911246010214,26.452944063922594,26.07587234374078,26.2885799407959,29648900,0.0,0.0
2026-04-16 00:00:00-04:00,26.30791629637166,26.568965531278913,26.249905969986166,26.317584991455078,21905300,0.0,0.0
2026-04-17 00:00:00-04:00,26.423938263507658,26.752666513293445,26.22090120317143,26.646312713623047,30080400,0.0,0.0
2026-04-20 00:00:00-04:00,26.67531833167234,26.926698862059183,26.59797061802369,26.60763931274414,25023000,0.0,0.0
2026-04-21 00:00:00-04:00,26.607639042268204,26.704324144374915,26.29824819081868,26.404600143432617,29833000,0.0,0.0
2026-04-22 00:00:00-04:00,26.443275715672225,26.481948651206796,25.853498234821313,25.911508560180664,35246800,0.0,0.0
2026-04-23 00:00:00-04:00,25.87283450631089,25.94051352365726,25.505431491980737,25.785818099975586,38718400,0.0,0.0
2026-04-24 00:00:00-04:00,25.805157206455245,26.394932856951694,25.69880340405251,26.10487937927246,42500200,0.0,0.0
2026-04-27 00:00:00-04:00,26.162889507595377,26.443276132125533,25.90184211730957,25.90184211730957,34764200,0.0,0.0
2026-04-28 00:00:00-04:00,26.617308368489557,26.66564999863254,25.447422109056635,25.60211753845215,58079000,0.0,0.0
2026-04-29 00:00:00-04:00,25.48609703121201,25.66979670207623,25.33140160095004,25.38941192626953,29969700,0.0,0.0
2026-04-30 00:00:00-04:00,25.515101050845914,26.01786211690075,25.408749096033716,25.8148250579834,39082900,0.0,0.0
2026-05-01 00:00:00-04:00,25.718139602086225,25.727808296775983,25.418417443163538,25.457090377807617,29318700,0.0,0.0
2026-05-04 00:00:00-04:00,25.370075000767276,25.63112423565505,25.283058589138015,25.428085327148438,34583400,0.0,0.0
2026-05-05 00:00:00-04:00,25.708472440641014,25.86316787667322,25.147701023995506,25.5731143951416,57656100,0.0,0.0
2026-05-06 00:00:00-04:00,25.67946543754748,25.795487932484733,25.341068491771736,25.650461196899414,40357100,0.0,0.0
2026-05-07 00:00:00-04:00,25.63112362300693,25.83416068254542,25.292726679661126,25.60211753845215,48346000,0.0,0.0
2026-05-08 00:00:00-04:00,25.710226441267896,25.7495396141297,25.159855143089466,25.238479614257812,38903400,0.43,0.0
2026-05-11 00:00:00-04:00,25.346590556665564,25.729884643360105,25.238481199062335,25.36624526977539,43558000,0.0,0.0
2026-05-12 00:00:00-04:00,25.37607329880585,25.641431605850894,25.297448823520877,25.425214767456055,26819500,0.0,0.0
2026-05-13 00:00:00-04:00,25.356417199357725,25.641432099348275,25.199168245761353,25.5136661529541,39420000,0.0,0.0
2026-05-14 00:00:00-04:00,25.62177365651813,25.651258536141047,25.27779089247181,25.307275772094727,24102700,0.0,0.0
2026-05-15 00:00:00-04:00,25.307275861121227,25.385900332503663,24.80604415309996,24.89449691772461,37110100,0.0,0.0
2026-05-18 00:00:00-04:00,24.884668624482398,24.953464802622623,24.75690456144416,24.89449691772461,34111300,0.0,0.0
2026-05-19 00:00:00-04:00,24.865013309998435,25.513665700724978,24.806045422083848,25.21882438659668,41036700,0.0,0.0
2026-05-20 00:00:00-04:00,25.317105161215018,25.582463465642167,25.228652393072633,25.346590042114258,35574200,0.0,0.0
2026-05-21 00:00:00-04:00,25.326933953033322,25.513665912068884,25.130371825615985,25.50383949279785,20181500,0.0,0.0
2026-05-22 00:00:00-04:00,25.55297771369872,25.700398364059,25.31710429821121,25.454696655273438,22320000,0.0,0.0
2026-05-26 00:00:00-04:00,25.425214219482726,25.454697225482064,25.218823804710773,25.40555763244629,29084700,0.0,0.0
2026-05-27 00:00:00-04:00,25.40555779302024,26.08369505362089,25.40555779302024,25.759366989135742,39024700,0.0,0.0
2026-05-28 00:00:00-04:00,25.720055712065857,25.828165066989637,25.562806763752356,25.690570831298828,25651800,0.0,0.0
2026-05-29 00:00:00-04:00,25.73971148724869,25.788851079088236,25.48418148566147,25.729883193969727,48284200,0.0,0.0
2026-06-01 00:00:00-04:00,25.454696982878904,25.46452527630345,25.041918031824423,25.18933868408203,35553600,0.0,0.0
2026-06-02 00:00:00-04:00,25.159855425368825,25.258136484070732,24.83552924384123,25.110713958740234,31295700,0.0,0.0
2026-06-03 00:00:00-04:00,24.99277825082824,25.17951207537619,24.855185893032534,24.904325485229492,30957100,0.0,0.0
2026-06-04 00:00:00-04:00,25.22865159511825,25.562806069852687,25.169683709740195,25.248308181762695,31272000,0.0,0.0
2026-06-05 00:00:00-04:00,25.405557054806106,25.759366240640908,25.34658916959285,25.5922908782959,32218500,0.0,0.0
2026-06-08 00:00:00-04:00,25.52349291771218,25.76919462730548,25.15985543726505,25.17951202392578,42028800,0.0,0.0
2026-06-09 00:00:00-04:00,25.28761975499901,25.43504040732207,25.03208974951324,25.258136749267578,35273200,0.0,0.0
2026-06-10 00:00:00-04:00,25.356417049823246,25.40555851912943,25.140200208542176,25.15985679626465,30376300,0.0,0.0
2026-06-11 00:00:00-04:00,25.346590738275626,26.024726146585568,25.346590738275626,25.720056533813477,45268700,0.0,0.0
2026-06-12 00:00:00-04:00,25.83799333777844,26.034553585719202,25.661087802443024,25.759366989135742,38773000,0.0,0.0
2026-06-15 00:00:00-04:00,25.79868023212139,25.965757474321155,25.533321928412008,25.552978515625,34194100,0.0,0.0
2026-06-16 00:00:00-04:00,25.60211729703538,25.680741768838143,25.258136404495332,25.5922908782959,32829600,0.0,0.0
2026-06-17 00:00:00-04:00,25.582463144333925,25.82816485840897,25.425214197290316,25.474353790283203,31117500,0.0,0.0
2026-06-18 00:00:00-04:00,25.14019918961797,25.21882366276586,24.511203404434852,24.776559829711914,119614300,0.0,0.0
2026-06-22 00:00:00-04:00,24.7863884426866,24.8748412104376,24.53085843302319,24.64879608154297,41119100,0.0,0.0
2026-06-23 00:00:00-04:00,24.560343118649495,24.806044832771107,24.26550181152569,24.294984817504883,82009200,0.0,0.0
2026-06-24 00:00:00-04:00,24.373610051419753,24.678281536115147,23.518569109353002,23.626678466796875,76962600,0.0,0.0
2026-06-25 00:00:00-04:00,23.77409865639101,23.92151931164643,23.213899041687213,23.263038635253906,57859500,0.0,0.0
2026-06-26 00:00:00-04:00,23.331834410367378,23.931347189144265,23.331834410367378,23.872379302978516,59958900,0.0,0.0
2026-06-29 00:00:00-04:00,23.87237955441942,24.078768095451014,23.685645725946554,23.951004028320312,47528000,0.0,0.0
2026-06-30 00:00:00-04:00,24.009971695243884,24.03945470108966,23.371147616329534,23.66598892211914,60046000,0.0,0.0
2026-07-01 00:00:00-04:00,23.73478541217818,23.823238179982688,23.331834747537776,23.46942710876465,49385200,0.0,0.0
2026-07-02 00:00:00-04:00,23.73478585302776,24.147564818930647,23.71512926547158,23.90186309814453,53104800,0.0,0.0
2026-07-06 00:00:00-04:00,23.744613194191157,23.7839263677263,23.213898473353783,23.312177658081055,58576100,0.0,0.0
2026-07-07 00:00:00-04:00,23.636503767907907,23.931346944837294,23.51856799678038,23.656160354614258,44101400,0.0,0.0
2026-07-08 00:00:00-04:00,23.636505126953125,23.95100490867188,23.479256173371443,23.636505126953125,38181300,0.0,0.0
2026-07-09 00:00:00-04:00,23.69547457638624,23.88220653469229,23.597193513061526,23.833066940307617,29190500,0.0,0.0
2026-07-10 00:00:00-04:00,23.931347752180447,23.990315639733538,23.685646033727988,23.75444221496582,27523200,0.0,0.0
2026-07-13 00:00:00-04:00,23.862550401087052,24.294984054683574,23.8134089350725,24.059110641479492,42953400,0.0,0.0
2026-07-14 00:00:00-04:00,23.951004591208346,24.009972479381027,23.724957583194897,23.833066940307617,40863300,0.0,0.0
2026-07-15 00:00:00-04:00,23.921519821168875,24.393266677856445,23.892034939667635,24.393266677856445,44162500,0.0,0.0
2026-07-16 00:00:00-04:00,24.511203426109116,24.93381067261096,24.432578952891703,24.707763671875,49990000,0.0,0.0
2026-07-17 00:00:00-04:00,24.963293144961234,25.208994852833992,24.54068590749125,24.61931037902832,45629600,0.0,0.0
2026-07-20 00:00:00-04:00,24.6586250124812,24.727421194831184,24.294985638488665,24.32447052001953,38685900,0.0,0.0
2026-07-21 00:00:00-04:00,24.33429823003897,24.579999946568577,24.226188874908235,24.51120376586914,27328800,0.0,0.0
2026-07-22 00:00:00-04:00,24.747077757649812,24.756906051483558,24.353955377076836,24.393266677856445,32988300,0.0,0.0
2026-07-23 00:00:00-04:00,24.462062275077194,24.668452691538867,24.324469913806297,24.579999923706055,30876700,0.0,0.0
2026-07-24 00:00:00-04:00,24.6200008392334,24.75,24.510000228881836,24.540000915527344,28905700,0.43,0.0
2026-07-27 00:00:00-04:00,24.56999969482422,24.8799991607666,24.440000534057617,24.670000076293945,38355200,0.0,0.0
2026-07-28 00:00:00-04:00,24.969999313354492,25.5,24.940000534057617,25.25,49942700,0.0,0.0
2026-07-29 00:00:00-04:00,25.350000381469727,25.3700008392334,25.059999465942383,25.149999618530273,30395000,0.0,0.0
2026-07-30 00:00:00-04:00,24.84000015258789,24.979999542236328,24.549999237060547,24.90999984741211,44954500,0.0,0.0
2026-07-31 00:00:00-04:00,24.81999969482422,25.18000030517578,24.670000076293945,25.010000228881836,45080200,0.0,0.0
2026-08-03 00:00:00-04:00,25.149999618530273,25.389999389648438,24.8700008392334,25.030000686645508,40645800,0.0,0.0
2026-08-04 00:00:00-04:00,25.040000915527344,25.639999389648438,24.700000762939453,25.40999984741211,62189500,0.0,0.0
2026-08-05 00:00:00-04:00,25.5,25.809999465942383,25.299999237060547,25.809999465942383,47058300,0.0,0.0
2026-08-06 00:00:00-04:00,26.010000228881836,26.200000762939453,25.809999465942383,26.200000762939453,51074500,0.0,0.0
2026-08-07 00:00:00-04:00,26.219999313354492,26.760000228881836,26.049999237060547,26.760000228881836,42744100,0.0,0.0
2026-08-10 00:00:00-04:00,26.59000015258789,27.190000534057617,26.520000457763672,27.049999237060547,49786800,0.0,0.0
2026-08-11 00:00:00-04:00,26.940000534057617,27.200000762939453,26.469999313354492,26.6200008392334,37943600,0.0,0.0
2026-08-12 00:00:00-04:00,26.389999389648438,26.440000534057617,26.18000030517578,26.309999465942383,32591400,0.0,0.0
2026-08-13 00:00:00-04:00,26.489999771118164,26.950000762939453,26.40999984741211,26.799999237060547,35355800,0.0,0.0
2026-08-14 00:00:00-04:00,26.65999984741211,26.920000076293945,26.420000076293945,26.790000915527344,23174200,0.0,0.0
2026-08-17 00:00:00-04:00,26.760000228881836,27.020000457763672,26.549999237060547,26.8700008392334,29261200,0.0,0.0
2026-08-18 00:00:00-04:00,27.149999618530273,27.399999618530273,27.100000381469727,27.25,34660100,0.0,0.0
2026-08-19 00:00:00-04:00,27.600000381469727,28.440000534057617,27.579999923706055,28.239999771118164,59804200,0.0,0.0
2026-08-20 00:00:00-04:00,28.0,28.15999984741211,27.649999618530273,27.790000915527344,29297000,0.0,0.0
2026-08-21 00:00:00-04:00,27.770000457763672,28.43000030517578,27.65999984741211,28.06999969482422,37109600,0.0,0.0
2026-08-24 00:00:00-04:00,28.100000381469727,28.15999984741211,27.809999465942383,27.969999313354492,23845600,0.0,0.0
2026-08-25 00:00:00-04:00,27.920000076293945,28.579999923706055,27.84000015258789,28.56999969482422,31915700,0.0,0.0
2026-08-26 00:00:00-04:00,28.440000534057617,28.5,28.149999618530273,28.299999237060547,35070000,0.0,0.0
2026-08-27 00:00:00-04:00,27.969999313354492,28.18000030517578,27.829999923706055,28.020000457763672,31174400,0.0,0.0
2026-08-28 00:00:00-04:00,28.0,28.020000457763672,27.770000457763672,27.959999084472656,27175800,0.0,0.0
2026-08-31 00:00:00-04:00,27.850000381469727,28.700000762939453,27.639999389648438,28.459999084472656,45930300,0.0,0.0
2026-09-01 00:00:00-04:00,28.81999969482422,29.09000015258789,28.469999313354492,28.549999237060547,42493400,0.0,0.0
2026-09-02 00:00:00-04:00,28.790000915527344,29.09000015258789,28.709999084472656,29.020000457763672,39277900,0.0,0.0
2026-09-03 00:00:00-04:00,29.09000015258789,29.209999084472656,28.440000534057617,28.809999465942383,26724300,0.0,0.0
2026-09-04 00:00:00-04:00,28.579999923706055,28.690000534057617,28.3799991607666,28.450000762939453,23782900,0.0,0.0
