Date,Open,High,Low,Close,Volume,Dividends,Stock Splits
2021-01-04 00:00:00-05:00,120.55386773986832,120.72650417846602,117.69669319143132,118.96559143066406,8330900,0.0,0.0
2021-01-05 00:00:00-05:00,119.11229754144897,119.91506266862704,117.62760090389288,119.72515869140625,6856400,0.0,0.0
2021-01-06 00:00:00-05:00,119.78559475319345,121.7450382619796,119.6388531581288,120.98543548583984,10578000,0.0,0.0
2021-01-07 00:00:00-05:00,120.63149973834227,120.95951804905114,119.15543051146261,119.85462951660156,7355400,0.0,0.0
2021-01-08 00:00:00-05:00,119.52664844120223,120.03593048235892,118.25775035810717,119.80286407470703,7448500,0.0,0.0
2021-01-11 00:00:00-05:00,119.76831007562647,120.36391675206094,118.77564106244292,118.99143981933594,7239900,0.0,0.0
2021-01-12 00:00:00-05:00,118.99144675811199,119.33671952075045,117.601702155828,118.30088806152344,6333500,0.0,0.0
2021-01-13 00:00:00-05:00,118.34406126070162,119.18136161646655,118.34406126070162,118.48216247558594,6078800,0.0,0.0
2021-01-14 00:00:00-05:00,118.62890004116811,118.81880402290881,116.77303578570772,117.2219009399414,6172800,0.0,0.0
2021-01-15 00:00:00-05:00,116.74714105730571,117.56717379461026,116.23785909292116,116.34143829345703,7757600,0.0,0.0
2021-01-19 00:00:00-05:00,117.13559336647266,117.70530539538828,115.28835604924585,115.32289123535156,9184900,0.0,0.0
2021-01-20 00:00:00-05:00,114.39926243181286,115.49552405856146,113.30300080506426,113.88134002685547,12506600,0.0,0.0
2021-01-21 00:00:00-05:00,113.4566924418353,114.62036095079397,113.3351167171095,113.76931762695312,8761600,0.791,0.0
2021-01-22 00:00:00-05:00,113.77800835475344,114.16878651737845,112.88355555445798,112.8922348022461,7202800,0.0,0.0
2021-01-25 00:00:00-05:00,112.84879326539941,115.49742098321107,112.80537053217147,114.83744049072266,9640000,0.0,0.0
2021-01-26 00:00:00-05:00,114.8461301301073,115.90558131310738,114.13403434284932,115.5755844116211,5996700,0.0,0.0
2021-01-27 00:00:00-05:00,114.96769071769123,115.58426170238563,110.89488497228255,111.48540496826172,10826700,0.0,0.0
2021-01-28 00:00:00-05:00,111.01648815282299,114.32509704630229,110.66913271679113,113.20486450195312,8242000,0.0,0.0
2021-01-29 00:00:00-05:00,113.05720766067628,113.1440398711719,111.21620048878258,111.33777618408203,8344100,0.0,0.0
2021-02-01 00:00:00-05:00,112.02383083981431,112.59697920103754,111.32910675809762,111.9977798461914,6534200,0.0,0.0
2021-02-02 00:00:00-05:00,112.54486241042655,113.51746804644432,111.75461370578311,111.84144592285156,6825600,0.0,0.0
2021-02-03 00:00:00-05:00,111.98040008544922,112.19750051727475,110.9383206628385,111.98040008544922,7309400,0.0,0.0
2021-02-04 00:00:00-05:00,112.35381925565768,112.42329298364665,111.65909522652672,112.04987335205078,6613700,0.0,0.0
2021-02-05 00:00:00-05:00,112.12802272319136,112.97906592563453,112.04986975075015,112.51881408691406,5063700,0.0,0.0
2021-02-08 00:00:00-05:00,112.83144363452593,112.97908360658681,111.25095919119777,112.17146301269531,7011200,0.0,0.0
2021-02-09 00:00:00-05:00,112.42330375905485,112.84013291618166,111.3551599959499,111.73725891113281,5917800,0.0,0.0
2021-02-10 00:00:00-05:00,111.80673322324601,112.16278114611993,111.12069499716068,111.34648132324219,8594100,0.0,0.0
2021-02-11 00:00:00-05:00,111.62436593692281,112.31041080636166,111.33780499230805,111.44200897216797,6139200,0.0,0.0
2021-02-12 00:00:00-05:00,111.15544505428187,111.26834154340885,109.92231592580232,110.82545471191406,8407300,0.0,0.0
2021-02-16 00:00:00-05:00,111.12936786503697,111.30304555684819,110.27833127425177,111.08594512939453,8246000,0.0,0.0
2021-02-17 00:00:00-05:00,110.45201957222689,112.44934622693755,110.3825458428468,111.55489349365234,8845200,0.0,0.0
2021-02-18 00:00:00-05:00,110.99041785764253,112.76196472532976,110.79936842581826,112.48406982421875,6936400,0.0,0.0
2021-02-19 00:00:00-05:00,112.32775868673204,112.40591165502164,110.30437462750216,110.39122009277344,8277900,0.0,0.0
2021-02-22 00:00:00-05:00,110.10464290423968,110.495420985606,109.74859505756397,109.92227935791016,6975500,0.0,0.0
2021-02-23 00:00:00-05:00,110.96436508722844,112.83142339012349,110.45201127862573,110.73857879638672,10145300,0.0,0.0
2021-02-24 00:00:00-05:00,110.59096702530866,111.36385071651087,110.2088747416061,110.86017608642578,7263000,0.0,0.0
2021-02-25 00:00:00-05:00,110.71252139200476,112.01513045577592,109.67044209144217,109.92227935791016,7790800,0.0,0.0
2021-02-26 00:00:00-05:00,109.8875496712214,110.2262257972817,105.78869267078181,107.2736587524414,17718800,0.0,0.0
2021-03-01 00:00:00-05:00,107.82077256370292,108.97574194271886,107.6818250930778,107.93366241455078,7740200,0.0,0.0
2021-03-02 00:00:00-05:00,107.56892734003608,108.42864321888759,107.18682844926671,107.59497833251953,10206500,0.0,0.0
2021-03-03 00:00:00-05:00,107.48208102948013,107.85549404472718,106.6310510298619,106.95236206054688,7537000,0.0,0.0
2021-03-04 00:00:00-05:00,106.9002582804503,108.35048766957303,105.54555361759361,106.07527923583984,10228100,0.0,0.0
2021-03-05 00:00:00-05:00,106.60501298761493,109.70520732787061,106.42264939411523,109.4012680053711,10490900,0.0,0.0
2021-03-08 00:00:00-05:00,109.21020231563855,111.9369765648573,108.8281034381807,110.55622100830078,9224700,0.0,0.0
2021-03-09 00:00:00-05:00,110.85147986037481,111.954347119433,109.47071769311628,109.5749282836914,8859700,0.0,0.0
2021-03-10 00:00:00-05:00,109.54888937404311,111.5201585624919,108.95837587975089,110.58228302001953,9070900,0.0,0.0
2021-03-11 00:00:00-05:00,110.3999127549097,111.02516307872277,110.04387148047036,110.20886993408203,6941500,0.0,0.0
2021-03-12 00:00:00-05:00,110.85147782190839,111.86751284153884,110.85147782190839,111.27699279785156,6521900,0.0,0.0
2021-03-15 00:00:00-04:00,111.49409692967083,112.05855275055127,110.45201750994454,111.6417236328125,7172600,0.0,0.0
2021-03-16 00:00:00-04:00,111.59829821135631,112.87484977630372,111.59829821135631,111.97171783447266,6485200,0.0,0.0
2021-03-17 00:00:00-04:00,112.11934854829481,112.7532781047025,111.45936799989492,111.52014923095703,6192900,0.0,0.0
2021-03-18 00:00:00-04:00,111.33778967493932,112.05855143749166,110.32175463342541,111.76329803466797,6871300,0.0,0.0
2021-03-19 00:00:00-04:00,112.1106686029083,112.6664451798777,111.06858255205613,111.16410064697266,20262100,0.0,0.0
2021-03-22 00:00:00-04:00,111.16411542358246,113.66511697777246,111.16411542358246,113.04854583740234,8077600,0.0,0.0
2021-03-23 00:00:00-04:00,113.24827585944821,115.74926389912972,112.88354871305215,115.15007781982422,9503800,0.0,0.0
2021-03-24 00:00:00-04:00,113.70852696607167,115.61900816089535,113.43063204643815,115.1153335571289,8318000,0.0,0.0
2021-03-25 00:00:00-04:00,115.57558471475532,116.03583657816232,114.67245273300172,115.91426086425781,7517300,0.0,0.0
2021-03-26 00:00:00-04:00,115.68847554836739,117.76395508159372,115.04585352001492,117.62500762939453,10821200,0.0,0.0
2021-03-29 00:00:00-04:00,117.2342575601822,119.49210782090513,117.2342575601822,119.46605682373047,11176000,0.0,0.0
2021-03-30 00:00:00-04:00,118.63235678170112,118.97103291471267,117.35580522248259,117.62500762939453,8090600,0.0,0.0
2021-03-31 00:00:00-04:00,117.82475120931544,118.75394750629258,117.46002403924108,117.60765075683594,9202600,0.0,0.0
2021-04-01 00:00:00-04:00,117.27765895842482,117.65106535046739,115.78400688873633,116.6089859008789,9117800,0.0,0.0
2021-04-05 00:00:00-04:00,117.19951325491799,119.18814755500965,116.99977129952455,118.49342346191406,8279100,0.0,0.0
2021-04-06 00:00:00-04:00,118.10262625558036,118.9883996627094,117.79000112663822,118.53682708740234,6180600,0.0,0.0
2021-04-07 00:00:00-04:00,119.07525345685808,119.25762366960498,118.3197481128213,118.74526977539062,10244500,0.0,0.0
2021-04-08 00:00:00-04:00,118.88420555980534,119.51814843802907,118.6150031118727,119.19683074951172,6190300,0.0,0.0
2021-04-09 00:00:00-04:00,118.54553355550443,119.20552745191397,117.72055443575339,118.42395782470703,5855400,0.0,0.0
2021-04-12 00:00:00-04:00,118.53683840828495,119.00576952110461,117.85080685882008,118.90156555175781,6440900,0.0,0.0
2021-04-13 00:00:00-04:00,118.120006441006,118.44131083927513,117.09528551427609,117.32975769042969,9161200,0.0,0.0
2021-04-14 00:00:00-04:00,117.68580581272946,117.92026473859164,116.86950606881551,117.75527954101562,7584000,0.0,0.0
2021-04-15 00:00:00-04:00,118.07659982452593,119.63103329542238,117.98975433979538,119.17947387695312,7945300,0.0,0.0
2021-04-16 00:00:00-04:00,119.500773680365,119.75260437509124,118.8668440688734,119.18814849853516,7708500,0.0,0.0
2021-04-19 00:00:00-04:00,118.9189212346892,119.0404969327591,117.57289605914282,118.6323471069336,9149400,0.0,0.0
2021-04-20 00:00:00-04:00,117.09529261545916,120.35179928435306,115.95768840591374,119.62234497070312,10040500,0.0,0.0
2021-04-21 00:00:00-04:00,119.74390644789109,120.33442647734527,118.62367411736075,118.84077453613281,8465900,0.0,0.0
2021-04-22 00:00:00-04:00,118.30764696781628,118.67470759344233,117.16276453979636,117.66092681884766,7338300,0.87,0.0
2021-04-23 00:00:00-04:00,117.92311677133924,118.05421843956941,116.45487410303065,117.05790710449219,6708300,0.0,0.0
2021-04-26 00:00:00-04:00,116.66464153441791,116.90060055907968,114.63705286336145,114.71570587158203,9910600,0.0,0.0
2021-04-27 00:00:00-04:00,114.69820824403565,115.26627538953879,113.86793779755871,114.64575958251953,8296800,0.0,0.0
2021-04-28 00:00:00-04:00,115.1089813177067,115.23133486949523,114.38359478369722,114.83804321289062,6262800,0.0,0.0
2021-04-29 00:00:00-04:00,114.75938935946112,116.22764530550444,114.75938935946112,115.80813598632812,6786800,0.0,0.0
2021-04-30 00:00:00-04:00,116.0178968403144,116.82193640835942,115.58965272161689,116.60344696044922,9188600,0.0,0.0
2021-05-03 00:00:00-04:00,117.13656617864035,118.57859125519171,117.13656617864035,117.98430633544922,8070300,0.0,0.0
2021-05-04 00:00:00-04:00,117.96681129819196,118.70968070691636,117.29387344404607,117.58226776123047,9624000,0.0,0.0
2021-05-05 00:00:00-04:00,117.43371161058255,117.95809165289329,116.55975376375696,116.63842010498047,8295900,0.0,0.0
2021-05-06 00:00:00-04:00,117.11905207190101,118.30763493012549,117.04039908917026,118.10662841796875,9771100,0.0,0.0
2021-05-07 00:00:00-04:00,118.05417872641796,118.88443567042957,117.77450593003813,118.11534881591797,6299100,0.0,0.0
2021-05-10 00:00:00-04:00,118.7621054610206,120.97321726610312,118.5873165967502,120.3177490234375,8852700,0.0,0.0
2021-05-11 00:00:00-04:00,121.03442459814447,121.29660127854204,119.26902604875116,119.7234878540039,10973700,0.0,0.0
2021-05-12 00:00:00-04:00,119.28650071270086,119.73221437417628,118.41254294354628,118.45623016357422,8853700,0.0,0.0
2021-05-13 00:00:00-04:00,118.76209101864744,121.06933841883018,118.32511224334363,120.36143493652344,8753600,0.0,0.0
2021-05-14 00:00:00-04:00,120.31774103975522,121.5675073406546,120.31774103975522,120.61488342285156,5989500,0.0,0.0
2021-05-17 00:00:00-04:00,120.5799710638729,121.54133007640073,120.26534569027645,120.3702163696289,7690700,0.0,0.0
2021-05-18 00:00:00-04:00,119.26028538038507,120.45760328018635,118.98934726479362,119.13793182373047,9239100,0.0,0.0
2021-05-19 00:00:00-04:00,118.9106771605406,119.5836282931129,118.49991599323997,119.38262176513672,9806800,0.0,0.0
2021-05-20 00:00:00-04:00,119.54867589903955,121.22668653037196,119.48750579043332,120.60617065429688,8768200,0.0,0.0
2021-05-21 00:00:00-04:00,120.78095953886235,121.42769308084542,120.41389888061373,120.60617065429688,10161000,0.0,0.0
2021-05-24 00:00:00-04:00,120.60617284128129,121.3053417277585,120.37020050829355,120.57122039794922,6981300,0.0,0.0
2021-05-25 00:00:00-04:00,120.64986162829258,121.0256570334889,119.51371396553496,120.9819564819336,8142400,0.0,0.0
2021-05-26 00:00:00-04:00,121.29657909107762,121.3577625290042,120.49253963534352,120.71102905273438,8122900,0.0,0.0
2021-05-27 00:00:00-04:00,120.71103109994333,120.85086752997363,117.6871449798699,117.96680450439453,33095700,0.0,0.0
2021-05-28 00:00:00-04:00,118.11537181867806,118.97185992274113,117.66965821512031,117.85319519042969,10477100,0.0,0.0
2021-06-01 00:00:00-04:00,118.67470694607198,118.85824392565176,115.78190917244957,116.13150024414062,9993900,0.0,0.0
2021-06-02 00:00:00-04:00,116.23639362780379,116.78699133867622,115.81689759527826,116.63842010498047,8254100,0.0,0.0
2021-06-03 00:00:00-04:00,116.43736441091194,118.77957765499146,116.4111467504084,118.72714233398438,11249800,0.0,0.0
2021-06-04 00:00:00-04:00,118.59607810245157,119.40011772774328,118.33388807918419,118.81456756591797,6894400,0.0,0.0
2021-06-07 00:00:00-04:00,119.17288357550642,119.59237957652368,118.57858534982266,119.2253189086914,8418000,0.0,0.0
2021-06-08 00:00:00-04:00,119.45254632290285,119.51372977027849,117.76581416120678,117.84446716308594,6911500,0.0,0.0
2021-06-09 00:00:00-04:00,118.46496710911197,119.242788916918,117.75706351651205,117.80075073242188,6200700,0.0,0.0
2021-06-10 00:00:00-04:00,118.00176770466489,119.16413299979696,117.65217663721783,118.6747055053711,6515500,0.0,0.0
2021-06-11 00:00:00-04:00,118.63978335201175,118.74465403124876,117.02295592423279,117.8619613647461,10641400,0.0,0.0
2021-06-14 00:00:00-04:00,117.9668173879409,118.01051794404005,117.07539005409792,117.90564727783203,6302000,0.0,0.0
2021-06-15 00:00:00-04:00,118.1590775310066,118.5436210499525,117.59101036426857,117.67839813232422,5543400,0.0,0.0
2021-06-16 00:00:00-04:00,118.14159873324117,118.49118982417488,115.93048675828963,116.04410552978516,8936400,0.0,0.0
2021-06-17 00:00:00-04:00,116.07907926937426,117.25017949937941,115.93049471082458,117.10160827636719,7875600,0.0,0.0
2021-06-18 00:00:00-04:00,116.53353158819277,116.54227970106729,115.30999598417327,115.3886489868164,13997600,0.0,0.0
2021-06-21 00:00:00-04:00,115.96545344041239,116.46360241251887,115.71199823056484,116.29756164550781,8014800,0.0,0.0
2021-06-22 00:00:00-04:00,116.2713293406455,117.12781750885922,116.13150624028549,116.34124755859375,6550900,0.0,0.0
2021-06-23 00:00:00-04:00,116.19269193612706,116.55101785036311,115.64210756615819,116.17520904541016,5796000,0.0,0.0
2021-06-24 00:00:00-04:00,116.19267703174096,116.50730234659592,115.97418760018991,116.25386047363281,6056700,0.0,0.0
2021-06-25 00:00:00-04:00,116.46361734421964,118.4562401591913,116.19269254660641,117.91439056396484,24504900,0.0,0.0
2021-06-28 00:00:00-04:00,117.89688782449905,118.9980830559062,117.77453428051338,118.26396179199219,6065400,0.0,0.0
2021-06-29 00:00:00-04:00,118.43000878793104,118.70968166635859,116.95303140617233,117.45991516113281,5792300,0.0,0.0
2021-06-30 00:00:00-04:00,117.61724897473044,118.23775157991459,117.36379373049813,117.92312622070312,5776600,0.0,0.0
2021-07-01 00:00:00-04:00,118.36005622383715,118.980571908083,117.91434270565466,118.19401550292969,5922300,0.0,0.0
2021-07-02 00:00:00-04:00,118.50867448255866,119.41758466148796,118.35135515540476,118.7708511352539,5572000,0.0,0.0
2021-07-06 00:00:00-04:00,118.43874622027536,119.12043213055274,118.29890979367087,118.84075927734375,6534400,0.0,0.0
2021-07-07 00:00:00-04:00,118.88448334312963,120.24785543336145,118.88448334312963,119.73222351074219,5532700,0.0,0.0
2021-07-08 00:00:00-04:00,119.72347742135842,120.08178996519132,118.76211855854577,119.71472930908203,7585200,0.0,0.0
2021-07-09 00:00:00-04:00,119.94194455446483,120.30025703166352,119.5923535168466,119.75840759277344,5948700,0.0,0.0
2021-07-12 00:00:00-04:00,119.6448061990445,120.14296849910826,119.2340450049508,119.85456085205078,6807300,0.0,0.0
2021-07-13 00:00:00-04:00,119.19907376764543,120.23035064621934,119.19907376764543,119.70597076416016,5603800,0.0,0.0
2021-07-14 00:00:00-04:00,119.74093643970754,120.80716587173113,119.18160406024728,120.58867645263672,5903600,0.0,0.0
2021-07-15 00:00:00-04:00,120.61490517827461,121.7073523739404,120.34398040743542,121.61996459960938,7357100,0.0,0.0
2021-07-16 00:00:00-04:00,121.74230053484023,123.03575409338318,121.57624645144269,122.7997817993164,9346300,0.0,0.0
2021-07-19 00:00:00-04:00,122.6337844050218,123.9884085420784,121.31409938234883,122.73865509033203,9544100,0.0,0.0
2021-07-20 00:00:00-04:00,122.7386210434421,124.084510028562,122.03945221905913,122.0831527709961,8136300,0.0,0.0
2021-07-21 00:00:00-04:00,122.310383161577,122.52887259678364,121.47139119828407,121.65491485595703,6954700,0.0,0.0
2021-07-22 00:00:00-04:00,120.74030475188496,121.65494496456763,120.2302329410327,121.18883514404297,6013800,0.87,0.0
2021-07-23 00:00:00-04:00,120.90738164309437,123.10601754287123,120.55560526689351,122.93891906738281,7906000,0.0,0.0
2021-07-26 00:00:00-04:00,122.7894298709878,123.84478597965919,122.43765344770426,123.369873046875,5925800,0.0,0.0
2021-07-27 00:00:00-04:00,123.25555634956545,124.54835568016071,123.12364352783622,123.87118530273438,7075400,0.0,0.0
2021-07-28 00:00:00-04:00,123.7128420876952,123.7128420876952,121.98911907261349,122.0330810546875,8520000,0.0,0.0
2021-07-29 00:00:00-04:00,122.91254407497556,123.28191331854244,122.00670710206909,122.66629791259766,5430500,0.0,0.0
2021-07-30 00:00:00-04:00,124.88252234023892,127.11633056770046,124.48677055191573,125.08479309082031,14394300,0.0,0.0
2021-08-02 00:00:00-04:00,124.68023703148741,125.26066665753062,123.8271653063454,124.7769775390625,7009500,0.0,0.0
2021-08-03 00:00:00-04:00,124.75941645215487,126.8261399039537,124.46040514150633,126.59747314453125,8455700,0.0,0.0
2021-08-04 00:00:00-04:00,125.79714886199191,126.72057864671862,125.19033661088302,125.26068115234375,6628000,0.0,0.0
2021-08-05 00:00:00-04:00,126.06982266384324,126.24571090049943,124.416443716568,125.32228088378906,5363300,0.0,0.0
2021-08-06 00:00:00-04:00,125.78834383290817,125.86749149697098,124.19653374285544,124.36363220214844,6030100,0.0,0.0
2021-08-09 00:00:00-04:00,124.83854651085163,125.40139677706668,124.61868291593312,125.04081726074219,4743800,0.0,0.0
2021-08-10 00:00:00-04:00,124.8033833512209,125.3310479659011,124.58351974025169,125.11998748779297,5253500,0.0,0.0
2021-08-11 00:00:00-04:00,125.53332380281313,125.97305099551254,125.29586736132094,125.42778015136719,4205000,0.0,0.0
2021-08-12 00:00:00-04:00,125.89386759318222,125.89386759318222,125.19031494506267,125.71797943115234,4956100,0.0,0.0
2021-08-13 00:00:00-04:00,125.71802619850699,126.63266645236092,125.4893728447493,126.3248519897461,4888800,0.0,0.0
2021-08-16 00:00:00-04:00,126.35125071227353,127.24829823228359,126.09621476275012,127.2043228149414,6040800,0.0,0.0
2021-08-17 00:00:00-04:00,126.99321171736108,128.04856774722478,126.54469479825556,127.41535949707031,7577000,0.0,0.0
2021-08-18 00:00:00-04:00,127.25707177187246,127.41538057029845,125.92029708718948,126.02584075927734,7162000,0.0,0.0
2021-08-19 00:00:00-04:00,125.90268949990367,127.76712845039815,125.90268949990367,127.51209259033203,5787200,0.0,0.0
2021-08-20 00:00:00-04:00,127.74077546021935,128.3827735347012,127.32743074145952,127.60005950927734,5273800,0.0,0.0
2021-08-23 00:00:00-04:00,126.89647073075065,127.8199005437964,126.8437056133325,126.94924926757812,4522200,0.0,0.0
2021-08-24 00:00:00-04:00,126.65019088500051,126.77331393269924,125.74435415848724,125.92024230957031,4560400,0.0,0.0
2021-08-25 00:00:00-04:00,125.82355343923254,125.87631855863899,125.10239435558486,125.47176361083984,3861500,0.0,0.0
2021-08-26 00:00:00-04:00,125.3750075302584,125.50693373181635,124.41640552821485,125.25188446044922,4749400,0.0,0.0
2021-08-27 00:00:00-04:00,125.30467227930707,125.55972159689075,124.56593372658786,125.15516662597656,4741200,0.0,0.0
2021-08-30 00:00:00-04:00,125.41020079727936,125.75318747100448,124.92649820115189,125.70040893554688,3845800,0.0,0.0
2021-08-31 00:00:00-04:00,125.79711897052405,126.2280563461744,124.92646792788727,125.22547912597656,9642400,0.0,0.0
2021-09-01 00:00:00-04:00,125.17272320754132,126.8085086257257,125.08477241604702,126.50069427490234,6214200,0.0,0.0
2021-09-02 00:00:00-04:00,126.61506599204316,127.28344658397708,126.27207927232024,126.59747314453125,5392500,0.0,0.0
2021-09-03 00:00:00-04:00,126.43035263990342,126.96682033066726,126.21929218413301,126.6854019165039,5466400,0.0,0.0
2021-09-07 00:00:00-04:00,126.92285665265408,127.08115199236667,126.01700633757955,126.21048736572266,6520600,0.0,0.0
2021-09-08 00:00:00-04:00,125.8323839926128,127.46817032216995,125.7708157203829,127.16915893554688,6897800,0.0,0.0
2021-09-09 00:00:00-04:00,127.14275279911506,127.41538156693564,126.3336427908962,126.6326675415039,6354700,0.0,0.0
2021-09-10 00:00:00-04:00,126.6941995725334,127.04598938655477,126.04341190056014,126.75576782226562,5750000,0.0,0.0
2021-09-13 00:00:00-04:00,127.38896122159545,129.48205333859443,127.38896122159545,128.118896484375,9952500,0.0,0.0
2021-09-14 00:00:00-04:00,128.51466133919047,128.71693207104906,127.47689828559669,127.89903259277344,5831800,0.0,0.0
2021-09-15 00:00:00-04:00,127.82873380862624,128.19810313703195,127.29226595606767,127.62644958496094,6237100,0.0,0.0
2021-09-16 00:00:00-04:00,127.38019539877604,127.68800986290083,125.60370684747392,126.73819732666016,6142100,0.0,0.0
2021-09-17 00:00:00-04:00,126.96681224279071,128.64657316647322,126.84368917829819,126.9404296875,18737400,0.0,0.0
2021-09-20 00:00:00-04:00,126.83491337742912,127.38897393811791,124.85614099715092,125.66523742675781,10238700,0.0,0.0
2021-09-21 00:00:00-04:00,125.74438550663035,127.10754250131998,125.65644811886885,125.85871887207031,6651300,0.0,0.0
2021-09-22 00:00:00-04:00,126.48314627599912,126.94925606402593,125.63886409388051,126.28966522216797,6332500,0.0,0.0
2021-09-23 00:00:00-04:00,126.69419934806322,127.24825991703439,126.19291731565869,126.80853271484375,5171200,0.0,0.0
2021-09-24 00:00:00-04:00,126.46555300530511,127.03719303190083,125.84113443923336,126.24568939208984,5009400,0.0,0.0
2021-09-27 00:00:00-04:00,125.89388979727069,125.91148264239852,124.4603882754621,124.58351135253906,5749700,0.0,0.0
2021-09-28 00:00:00-04:00,124.04704914108382,124.32846757856197,122.73665721884342,123.64249420166016,7015300,0.0,0.0
2021-09-29 00:00:00-04:00,123.36104818133076,125.48052266969658,123.28188710215012,124.90009307861328,5460000,0.0,0.0
2021-09-30 00:00:00-04:00,125.44534722116958,125.53329800940175,122.71024410778642,122.94770050048828,6934900,0.0,0.0
2021-10-01 00:00:00-04:00,123.06205056815541,123.32588957807776,121.64614183437138,122.7542495727539,5587200,0.0,0.0
2021-10-04 00:00:00-04:00,122.58717212897996,123.47541641480363,121.01295435125051,122.05949401855469,5816000,0.0,0.0
2021-10-05 00:00:00-04:00,122.06826831275069,123.58093089121444,121.99791035335603,122.53437805175781,6902700,0.0,0.0
2021-10-06 00:00:00-04:00,122.23539159573147,124.23174374364066,121.90998429006585,124.1701889038086,5332900,0.0,0.0
2021-10-07 00:00:00-04:00,124.66265264417046,125.78835312535881,124.66265264417046,125.16394805908203,5334600,0.0,0.0
2021-10-08 00:00:00-04:00,125.13756527201222,125.42778684501103,124.03824723159694,124.64507293701172,6131800,0.0,0.0
2021-10-11 00:00:00-04:00,125.2079100405375,125.55969982803902,124.6802454883976,125.16394805908203,5995600,0.0,0.0
2021-10-12 00:00:00-04:00,125.41020078570311,125.79714944316041,124.61868378681969,124.97926330566406,6734800,0.0,0.0
2021-10-13 00:00:00-04:00,125.23429215590798,125.55089625383965,124.0294440090552,125.26947784423828,5689800,0.0,0.0
2021-10-14 00:00:00-04:00,125.61246653497622,126.91405521672465,125.59487369052587,126.6854019165039,6777800,0.0,0.0
2021-10-15 00:00:00-04:00,127.09873112665359,127.40653206047331,126.35997936279134,127.01078033447266,6923700,0.0,0.0
2021-10-18 00:00:00-04:00,126.24570260554083,126.3776154195126,124.97049619930534,125.18155670166016,9119000,0.0,0.0
2021-10-19 00:00:00-04:00,122.3145162613046,123.84477170699337,122.06827010950303,123.70405578613281,9555300,0.0,0.0
2021-10-20 00:00:00-04:00,123.25552648059426,124.84735018704352,122.99170090106962,124.18775939941406,7352700,0.0,0.0
2021-10-21 00:00:00-04:00,124.6478965893447,124.91337116843005,123.16124704802552,123.29399108886719,6545500,0.87,0.0
2021-10-22 00:00:00-04:00,123.3471010473713,124.78064507700714,123.28516462148082,124.62136840820312,5265000,0.0,0.0
2021-10-25 00:00:00-04:00,124.24970763721333,124.70100502855476,123.04623442436979,124.63906860351562,5382100,0.0,0.0
2021-10-26 00:00:00-04:00,125.32041487766213,126.70086642399453,124.98415969496409,126.40885925292969,6234900,0.0,0.0
2021-10-27 00:00:00-04:00,126.66548884012113,127.14333230700703,125.38237738945095,125.50626373291016,9643500,0.0,0.0
2021-10-28 00:00:00-04:00,125.55934523714258,126.43540727137726,125.40006859597132,126.25841522216797,4538500,0.0,0.0
2021-10-29 00:00:00-04:00,125.79824882249441,126.96631780120182,125.67436251410733,126.53272247314453,6239500,0.0,0.0
2021-11-01 00:00:00-04:00,126.8601636863413,127.24952460641342,126.09029955057933,126.22303009033203,5038900,0.0,0.0
2021-11-02 00:00:00-04:00,126.29383535996894,127.93976171117406,125.90447440552911,127.47960662841797,9954300,0.0,0.0
2021-11-03 00:00:00-04:00,127.5415094170342,128.40871353885603,127.0017162028953,128.35562133789062,7620100,0.0,0.0
2021-11-04 00:00:00-04:00,126.4000268989479,128.6565409188176,125.95757369907541,128.5946044921875,6402500,0.0,0.0
2021-11-05 00:00:00-04:00,128.7007538595544,129.52371010575723,128.1344144581879,129.231689453125,6062700,0.0,0.0
2021-11-08 00:00:00-05:00,128.75383667231858,129.28478572973745,127.44417943397292,128.2671356201172,5854400,0.0,0.0
2021-11-09 00:00:00-05:00,128.33794263344717,129.0458702803288,127.93973755163772,128.65650939941406,4873100,0.0,0.0
2021-11-10 00:00:00-05:00,128.9662357095032,130.35553143573227,128.8334916766475,129.92193603515625,7334900,0.0,0.0
2021-11-11 00:00:00-05:00,129.95734055158974,130.054680785288,129.38215685411723,129.55027770996094,4096300,0.0,0.0
2021-11-12 00:00:00-05:00,129.85113889007565,130.1520037533771,129.1786015455232,129.6918487548828,5687400,0.0,0.0
2021-11-15 00:00:00-05:00,130.10780010128184,130.74493385407837,129.61225462746265,130.43521118164062,5510200,0.0,0.0
2021-11-16 00:00:00-05:00,130.4263682475816,131.48825334504772,130.09009945738669,130.2493896484375,7603900,0.0,0.0
2021-11-17 00:00:00-05:00,130.05468136969128,130.77145331987276,129.56798019901288,130.1697235107422,4900200,0.0,0.0
2021-11-18 00:00:00-05:00,130.11661432408917,131.03692442278475,129.64761507281872,130.18740844726562,5509300,0.0,0.0
2021-11-19 00:00:00-05:00,130.92187086916402,131.1696435273781,129.89537642650737,129.92193603515625,6274300,0.0,0.0
2021-11-22 00:00:00-05:00,130.05469537533094,131.79796207274921,129.93080901878042,130.78916931152344,6625400,0.0,0.0
2021-11-23 00:00:00-05:00,130.81571760507777,132.29350970521867,130.6741293373444,132.24041748046875,7912800,0.0,0.0
2021-11-24 00:00:00-05:00,131.64752639947523,131.7448666417239,130.682968179884,131.55018615722656,5665200,0.0,0.0
2021-11-26 00:00:00-05:00,131.47940861454288,132.48820147848662,130.3555735854454,130.49716186523438,6299800,0.0,0.0
2021-11-29 00:00:00-05:00,130.78029939845976,132.435083402509,129.8953930763838,131.86874389648438,7113300,0.0,0.0
2021-11-30 00:00:00-05:00,130.79805655341448,131.44403466065688,127.53274868530518,127.93981170654297,11696400,0.0,0.0
2021-12-01 00:00:00-05:00,128.1786837386652,130.85109105911124,128.1786837386652,129.55027770996094,8313500,0.0,0.0
2021-12-02 00:00:00-05:00,130.0900527517205,131.37317751569404,130.02811634042754,130.311279296875,9468800,0.0,0.0
2021-12-03 00:00:00-05:00,130.98381941245404,132.73592990649257,130.66525264057458,132.62974548339844,11200800,0.0,0.0
2021-12-06 00:00:00-05:00,132.9040498504762,134.85084057773614,132.9040498504762,134.63845825195312,11935100,0.0,0.0
2021-12-07 00:00:00-05:00,134.46150919862086,135.01900448685257,133.85977939759493,134.28453063964844,7913400,0.0,0.0
2021-12-08 00:00:00-05:00,134.21375224118387,135.08981443925236,132.98373288369785,134.8862762451172,8329300,0.0,0.0
2021-12-09 00:00:00-05:00,134.78007935945186,136.44370756090427,134.15180343407704,135.67384338378906,8334300,0.0,0.0
2021-12-10 00:00:00-05:00,136.1428508588413,137.86841558531333,135.7711782999707,137.5675506591797,7172300,0.0,0.0
2021-12-13 00:00:00-05:00,137.42593940988374,140.10720419077944,137.08082652232085,139.52316284179688,8944000,0.0,0.0
2021-12-14 00:00:00-05:00,139.72666967170252,140.37266085527565,138.62939473457845,140.03639221191406,8677500,0.0,0.0
2021-12-15 00:00:00-05:00,139.49663086754768,141.26644349641919,139.49663086754768,140.5762176513672,9152600,0.0,0.0
2021-12-16 00:00:00-05:00,140.4611492688762,142.75306645706667,140.18683052306483,142.56723022460938,10852900,0.0,0.0
2021-12-17 00:00:00-05:00,142.1690696898083,143.10706834126907,139.20462776066674,139.33737182617188,24349400,0.0,0.0
2021-12-20 00:00:00-05:00,138.57632243819322,140.22224858295297,138.54977633122917,139.69129943847656,9202600,0.0,0.0
2021-12-21 00:00:00-05:00,139.50547348711552,139.94792663931392,138.74445352523034,139.60281372070312,6946000,0.0,0.0
2021-12-22 00:00:00-05:00,139.61165380913386,141.21333185757564,139.16920071276442,140.98326110839844,6626300,0.0,0.0
2021-12-23 00:00:00-05:00,141.14260410048726,142.39916986464317,141.08951186437696,141.67355346679688,5640900,0.0,0.0
2021-12-27 00:00:00-05:00,142.17791180883535,143.3459947556743,142.1248195844518,143.3282928466797,4548600,0.0,0.0
2021-12-28 00:00:00-05:00,143.31942096091174,144.57598620481386,143.30171905533632,144.09812927246094,5929400,0.0,0.0
2021-12-29 00:00:00-05:00,144.42556597558843,145.9918404352072,144.31052383351744,145.2927703857422,5346100,0.0,0.0
2021-12-30 00:00:00-05:00,145.47859726252216,145.64673162796285,143.8946208510638,144.0362091064453,5911500,0.0,0.0
2021-12-31 00:00:00-05:00,144.11585703361044,144.88572128179075,143.76189987418505,144.75299072265625,5327000,0.0,0.0
2022-01-03 00:00:00-05:00,143.0805462407086,144.18667945921538,141.47886750072718,144.15127563476562,9317300,0.0,0.0
2022-01-04 00:00:00-05:00,143.6114431518886,145.46975185624558,143.51410291494423,144.6556396484375,9253800,0.0,0.0
2022-01-05 00:00:00-05:00,144.6290585696129,146.29268639784257,144.59365476332096,145.31044006347656,9330200,0.0,0.0
2022-01-06 00:00:00-05:00,145.42552888609362,146.18654900529575,143.8946444437526,144.08932495117188,7556000,0.0,0.0
2022-01-07 00:00:00-05:00,144.3547411461082,144.7086981966735,143.3105448925274,144.00962829589844,6098500,0.0,0.0
2022-01-10 00:00:00-05:00,143.80613639559834,144.34592984793227,141.73545862865186,142.04518127441406,8055000,0.0,0.0
2022-01-11 00:00:00-05:00,141.77971338481606,141.77971338481606,138.85067517743636,140.39926147460938,11957900,0.0,0.0
2022-01-12 00:00:00-05:00,140.0452589080808,141.01866118859624,139.66475570007796,140.7089385986328,7127500,0.0,0.0
2022-01-13 00:00:00-05:00,140.97441603954454,141.09830237752732,139.620510523519,140.07180786132812,6551000,0.0,0.0
2022-01-14 00:00:00-05:00,139.87714183523462,142.01861340753783,139.42583099182232,141.4168701171875,10708000,0.0,0.0
2022-01-18 00:00:00-05:00,140.28416364442685,140.28416364442685,138.08074258362907,138.6913299560547,10988400,0.0,0.0
2022-01-19 00:00:00-05:00,139.4700450307767,145.29272854150514,138.90370569096154,143.3547821044922,14088300,0.0,0.0
2022-01-20 00:00:00-05:00,142.45620435538393,146.20178014265065,142.45620435538393,144.12881469726562,10799100,0.87,0.0
2022-01-21 00:00:00-05:00,145.0185500978469,147.10931376565628,144.21783960726364,144.6804656982422,10900400,0.0,0.0
2022-01-24 00:00:00-05:00,145.40109122921274,146.01497553703572,141.210685991863,143.50607299804688,14838100,0.0,0.0
2022-01-25 00:00:00-05:00,142.74984731760384,143.50608442451403,140.4722576163053,141.9402313232422,9369600,0.0,0.0
2022-01-26 00:00:00-05:00,139.98292538940487,141.96693116531927,139.12883605828478,140.7035675048828,10707100,0.0,0.0
2022-01-27 00:00:00-05:00,141.2195576570752,143.55053930081857,141.08611046824552,141.575439453125,9083000,0.0,0.0
2022-01-28 00:00:00-05:00,141.11282403790463,143.19468199268326,139.96513729119482,142.79432678222656,9494200,0.0,0.0
2022-01-31 00:00:00-05:00,141.7711724903121,142.92775100661632,141.34411433070485,142.74981689453125,8950100,0.0,0.0
2022-02-01 00:00:00-05:00,143.05233700449185,143.5060846997103,140.3299051352032,142.11817932128906,6284100,0.0,0.0
2022-02-02 00:00:00-05:00,142.474059606636,144.87620477716018,141.8779726863008,144.66268920898438,7558800,0.0,0.0
2022-02-03 00:00:00-05:00,144.11108470903804,146.7801380830999,143.79079776113034,146.03280639648438,10474500,0.0,0.0
2022-02-04 00:00:00-05:00,145.13419356523852,146.34416466757128,143.60393559536166,143.710693359375,8959900,0.0,0.0
2022-02-07 00:00:00-05:00,144.01315470853072,144.36013094953827,142.05585248809064,142.6341552734375,6430500,0.0,0.0
2022-02-08 00:00:00-05:00,143.34592725895848,143.4793880466426,142.0380902775818,142.31390380859375,5048700,0.0,0.0
2022-02-09 00:00:00-05:00,142.66976168561658,142.91887218051872,141.70000914649737,141.9936065673828,8077400,0.0,0.0
2022-02-10 00:00:00-05:00,141.53987253084904,141.90464635326393,139.36904065906938,139.83168029785156,7033000,0.0,0.0
2022-02-11 00:00:00-05:00,140.5790253239326,141.0861519415638,138.4170987763632,139.04876708984375,9341400,0.0,0.0
2022-02-14 00:00:00-05:00,138.91528076667734,139.73378854459102,136.4419599490352,139.4490966796875,9472200,0.0,0.0
2022-02-15 00:00:00-05:00,140.36549153358922,141.74450487165583,138.88861238248552,139.52029418945312,6659200,0.0,0.0
2022-02-16 00:00:00-05:00,139.5292042068991,141.2640860484948,139.03098312167228,140.5790252685547,9315700,0.0,0.0
2022-02-17 00:00:00-05:00,140.90818367340063,142.68755201952058,139.99181006118908,142.1893310546875,7925500,0.0,0.0
2022-02-18 00:00:00-05:00,141.9046450179527,143.292550345734,141.29966621374237,142.26051330566406,8063200,0.0,0.0
2022-02-22 00:00:00-05:00,142.44733102291886,143.13239162544323,139.37792339415802,140.5078125,8179500,0.0,0.0
2022-02-23 00:00:00-05:00,140.83703078330774,141.103938794811,138.4348858307894,138.7551727294922,6273000,0.0,0.0
2022-02-24 00:00:00-05:00,138.47045766608497,138.7729470563261,133.95085999678892,135.0184783935547,13145100,0.0,0.0
2022-02-25 00:00:00-05:00,135.52557888887532,141.40639125942366,135.45440253270434,140.7836151123047,8888800,0.0,0.0
2022-02-28 00:00:00-05:00,139.0487393479074,139.84946328301714,136.85123183645464,138.69287109375,8669200,0.0,0.0
2022-03-01 00:00:00-05:00,137.28720642993065,138.25695923023792,135.53452696305948,136.39752197265625,8311900,0.0,0.0
2022-03-02 00:00:00-05:00,136.08612835647526,137.97225489262507,135.765841437553,136.82455444335938,6111300,0.0,0.0
2022-03-03 00:00:00-05:00,136.8067241747376,138.6661606355534,136.8067241747376,137.33163452148438,7451200,0.0,0.0
2022-03-04 00:00:00-05:00,136.2284685091302,138.2124744594538,135.72135546960578,138.025634765625,8639100,0.0,0.0
2022-03-07 00:00:00-05:00,137.44731135643258,137.47400079530706,134.4668639774192,135.9793243408203,8374500,0.0,0.0
2022-03-08 00:00:00-05:00,135.3921855842163,136.07724647510344,130.4099603495597,130.59678649902344,9517200,0.0,0.0
2022-03-09 00:00:00-05:00,132.41171628837998,133.8707980005589,131.50423449924887,132.35833740234375,7044100,0.0,0.0
2022-03-10 00:00:00-05:00,131.4953492161495,131.9223939016148,128.06116709333193,128.9508514404297,9221000,0.0,0.0
2022-03-11 00:00:00-05:00,129.36008313086322,130.03625184192597,127.251535825164,127.42057800292969,7086100,0.0,0.0
2022-03-14 00:00:00-04:00,128.51484447557348,129.92943870470287,127.53620027120397,129.0486602783203,7964600,0.0,0.0
2022-03-15 00:00:00-04:00,130.79246156851426,133.9330455215095,130.68570381503088,133.69284057617188,9868400,0.0,0.0
2022-03-16 00:00:00-04:00,134.01312438761408,135.04514765750176,131.70883218141498,133.2390899658203,6908900,0.0,0.0
2022-03-17 00:00:00-04:00,133.4437263203715,133.87077089770895,132.11809209166486,133.65724182128906,6003800,0.0,0.0
2022-03-18 00:00:00-04:00,134.22664852777385,134.22664852777385,131.88678835464077,133.58607482910156,15570300,0.0,0.0
2022-03-21 00:00:00-04:00,133.84412066014076,134.7160075537497,132.7765021163636,134.09323120117188,6937500,0.0,0.0
2022-03-22 00:00:00-04:00,136.5042438259456,136.65550209030712,133.91527305426015,135.125244140625,7292100,0.0,0.0
2022-03-23 00:00:00-04:00,135.4099450193504,136.1305871157644,134.0665266405727,134.18218994140625,5531900,0.0,0.0
2022-03-24 00:00:00-04:00,134.24448622466667,134.84057317758175,133.59502037679016,134.4135284423828,4203100,0.0,0.0
2022-03-25 00:00:00-04:00,134.90281021608385,136.9401809192902,134.79603888816072,135.97042846679688,5047700,0.0,0.0
2022-03-28 00:00:00-04:00,136.69107296650125,136.9223859595108,135.79249685755747,136.90460205078125,4234000,0.0,0.0
2022-03-29 00:00:00-04:00,138.23025134409485,139.20890954675693,137.02918563228846,138.31033325195312,5643400,0.0,0.0
2022-03-30 00:00:00-04:00,135.67686502104198,137.39394932113098,135.17864395107847,137.35836791992188,5779300,0.0,0.0
2022-03-31 00:00:00-04:00,137.10033295490902,137.31384846260235,135.5878590393997,135.94374084472656,7538600,0.0,0.0
2022-04-01 00:00:00-04:00,136.5843729998951,138.31036316211183,135.2854276114148,137.98117065429688,5742600,0.0,0.0
2022-04-04 00:00:00-04:00,136.8423467336744,137.32278388156,134.57364894211736,137.0825653076172,5992000,0.0,0.0
2022-04-05 00:00:00-04:00,136.66436650784686,140.0095736252739,136.60208210854182,137.5629425048828,7653000,0.0,0.0
2022-04-06 00:00:00-04:00,137.38501759888183,139.93840663112442,136.95797303044972,139.52915954589844,8884700,0.0,0.0
2022-04-07 00:00:00-04:00,140.4544433315725,141.80676714580736,139.65373296454746,141.33523559570312,6889700,0.0,0.0
2022-04-08 00:00:00-04:00,142.0826251017934,142.8210649342861,141.38867221352498,142.43850708007812,6045400,0.0,0.0
2022-04-11 00:00:00-04:00,142.30498382044635,143.42599459088663,141.1306077460606,141.89573669433594,6158400,0.0,0.0
2022-04-12 00:00:00-04:00,141.73558166974323,142.90997127977167,141.1928737879276,141.4686737060547,7221500,0.0,0.0
2022-04-13 00:00:00-04:00,141.53096473075317,142.71424635054314,141.2017859195986,141.86904907226562,5247700,0.0,0.0
2022-04-14 00:00:00-04:00,142.3317152716409,142.6164208134082,140.97049914189603,141.0772705078125,7806500,0.0,0.0
2022-04-18 00:00:00-04:00,140.99714507280203,141.44198716288892,139.26226363656377,139.73379516601562,6034500,0.0,0.0
2022-04-19 00:00:00-04:00,139.47581882874644,142.37618491171165,139.0576660997706,141.8245849609375,7897000,0.0,0.0
2022-04-20 00:00:00-04:00,142.79430219172724,146.33524121129108,142.34946012882466,145.5968017578125,10196100,0.0,0.0
2022-04-21 00:00:00-04:00,146.56577892987886,147.53201666715748,145.32216660803968,145.48321533203125,9365700,0.913,0.0
2022-04-22 00:00:00-04:00,146.04685843779538,146.29736652837764,143.96226252914053,144.26644897460938,9394600,0.0,0.0
2022-04-25 00:00:00-04:00,144.6690399423645,146.09157085180007,142.96916178473703,145.4295196533203,6986800,0.0,0.0
2022-04-26 00:00:00-04:00,145.54583249585482,146.40472715200275,142.9244393165888,142.96022033691406,7769500,0.0,0.0
2022-04-27 00:00:00-04:00,143.33601086970728,144.4454000855141,142.3518620637475,142.57553100585938,6754900,0.0,0.0
2022-04-28 00:00:00-04:00,143.6312158187599,146.46734950400165,142.49498762803708,146.19894409179688,9306800,0.0,0.0
2022-04-29 00:00:00-04:00,145.35794271336653,145.7873831697096,143.32702532236308,143.64016723632812,10637000,0.0,0.0
2022-05-02 00:00:00-04:00,144.5795870858404,144.93745187672116,139.73938865726097,141.69873046875,10351600,0.0,0.0
2022-05-03 00:00:00-04:00,141.55558689978983,142.2444909944846,138.6836719659763,139.75729370117188,10344000,0.0,0.0
2022-05-04 00:00:00-04:00,139.4173106534041,140.95615389086348,138.8089241017338,140.78616333007812,7771000,0.0,0.0
2022-05-05 00:00:00-04:00,139.8377890660021,140.7235091099492,137.01061109465223,138.19158935546875,8217100,0.0,0.0
2022-05-06 00:00:00-04:00,138.46896491901057,139.78413931870958,137.66374858052063,139.5694122314453,7304800,0.0,0.0
2022-05-09 00:00:00-04:00,137.74426492585877,140.2493457489627,136.6617014152794,139.22047424316406,8540800,0.0,0.0
2022-05-10 00:00:00-04:00,139.16679386570493,140.12408966953754,137.72636558753962,138.48683166503906,7447400,0.0,0.0
2022-05-11 00:00:00-04:00,137.8069064489638,139.47994575440146,136.30385772247476,136.53646850585938,7692200,0.0,0.0
2022-05-12 00:00:00-04:00,137.35057225073822,137.43108976093714,134.09395431661383,135.98171997070312,9600800,0.0,0.0
2022-05-13 00:00:00-04:00,136.50962200007245,137.53849360990043,134.57711918256817,137.44007873535156,5675500,0.0,0.0
2022-05-16 00:00:00-04:00,137.30589489599475,139.47995051784252,136.01755957119494,138.7821044921875,5971000,0.0,0.0
2022-05-17 00:00:00-04:00,138.79099680246892,140.24036655720744,136.94796769418096,138.3883819580078,6509100,0.0,0.0
2022-05-18 00:00:00-04:00,138.37947890752685,138.45999643832354,129.3164103511858,129.7637481689453,9670700,0.0,0.0
2022-05-19 00:00:00-04:00,128.30542921468347,128.31437105595415,125.79139299935046,126.77552795410156,9694100,0.0,0.0
2022-05-20 00:00:00-04:00,127.17813999803252,127.44654542718841,124.520952187557,126.8560562133789,7786900,0.0,0.0
2022-05-23 00:00:00-04:00,127.79542081641324,130.29157263117705,127.11547248044778,129.7726593017578,7134500,0.0,0.0
2022-05-24 00:00:00-04:00,129.62957702848558,132.3583409680291,129.5669568209128,132.08099365234375,7207400,0.0,0.0
2022-05-25 00:00:00-04:00,131.6156950132347,131.64253418236206,128.38591636216867,129.9158172607422,8217800,0.0,0.0
2022-05-26 00:00:00-04:00,131.05206298828125,131.85727912664265,129.76372808823476,131.05206298828125,5702600,0.0,0.0
2022-05-27 00:00:00-04:00,131.49048516982518,133.05616760253906,131.18629871644094,133.05616760253906,6028800,0.0,0.0
2022-05-31 00:00:00-04:00,131.7767575080467,133.29771688463845,130.765783406213,132.30462646484375,12416700,0.0,0.0
2022-06-01 00:00:00-04:00,132.41198730641406,132.5193440086699,129.46851062234916,130.30055236816406,7036000,0.0,0.0
2022-06-02 00:00:00-04:00,130.59582780470478,131.74995358161908,127.6076139048364,131.70523071289062,6479800,0.0,0.0
2022-06-03 00:00:00-04:00,130.9447296076433,131.70520937619713,129.83532687918446,130.52423095703125,4720700,0.0,0.0
2022-06-06 00:00:00-04:00,131.84835653183973,132.08992279878734,129.36115912154364,130.0142822265625,4751100,0.0,0.0
2022-06-07 00:00:00-04:00,128.53806011347638,131.678367001955,128.3233330243063,131.46365356445312,4918600,0.0,0.0
2022-06-08 00:00:00-04:00,130.89103633321278,131.00733487214703,129.71901354126757,129.8263702392578,4369600,0.0,0.0
2022-06-09 00:00:00-04:00,130.09478920466805,131.41890534075873,127.34812841350887,127.48233795166016,4625700,0.0,0.0
2022-06-10 00:00:00-04:00,126.05087524985994,128.07283768069715,124.76253988973836,126.99922943115234,6630800,0.0,0.0
2022-06-13 00:00:00-04:00,124.80724376664908,125.6929775079799,123.13420479580131,123.59942626953125,8549500,0.0,0.0
2022-06-14 00:00:00-04:00,123.02682762394824,123.08946146405536,118.58028913295979,119.74337005615234,9980200,0.0,0.0
2022-06-15 00:00:00-04:00,120.28018243857963,120.691725544294,115.86048306258222,118.55345153808594,12178100,0.0,0.0
2022-06-16 00:00:00-04:00,117.22935278081991,120.84385015823273,116.8446487927871,119.27816772460938,9683300,0.0,0.0
2022-06-17 00:00:00-04:00,118.59819814094523,120.11914396638183,117.58721032063545,118.41926574707031,17113300,0.0,0.0
2022-06-21 00:00:00-04:00,120.44122233543408,122.57055458656592,119.37655620986814,122.00690460205078,9017000,0.0,0.0
2022-06-22 00:00:00-04:00,121.3895754643484,124.97723325719848,121.38063362319802,123.91256713867188,8374500,0.0,0.0
2022-06-23 00:00:00-04:00,124.40465901190936,127.47339011495782,124.27044946569663,127.3123550415039,6418300,0.0,0.0
2022-06-24 00:00:00-04:00,129.01221381402007,129.9426840470675,128.0459625650858,129.14642333984375,19440600,0.0,0.0
2022-06-27 00:00:00-04:00,128.9406559615547,129.5132478565875,127.67917361502482,128.16229248046875,5618500,0.0,0.0
2022-06-28 00:00:00-04:00,128.4216893160037,128.91376347191436,125.77345801600411,126.07764434814453,6077300,0.0,0.0
2022-06-29 00:00:00-04:00,126.68607269441226,127.8133590560448,126.28345774585317,127.22286987304688,5174600,0.0,0.0
2022-06-30 00:00:00-04:00,126.76660543164384,129.22696367097114,126.35504859214966,128.64541625976562,7410100,0.0,0.0
2022-07-01 00:00:00-04:00,129.04803011650975,130.84632339003903,128.2964921402326,130.7210693359375,5937200,0.0,0.0
2022-07-05 00:00:00-04:00,129.35220749919912,130.71211831370297,127.5270615228474,129.45956420898438,5760900,0.0,0.0
2022-07-06 00:00:00-04:00,130.18425639233968,131.95572411026114,129.7011375203315,130.66738891601562,5485200,0.0,0.0
2022-07-07 00:00:00-04:00,129.9874244027369,130.7926407110788,129.37010964684265,130.62265014648438,6623400,0.0,0.0
2022-07-08 00:00:00-04:00,130.61371669016197,131.34734370086326,129.3432787727673,129.74588012695312,4294200,0.0,0.0
2022-07-11 00:00:00-04:00,129.86215602150494,131.1415492100682,129.44165740338738,130.65841674804688,5482900,0.0,0.0
2022-07-12 00:00:00-04:00,130.4974088921342,131.44576302794692,129.16433707477978,129.5043182373047,5204400,0.0,0.0
2022-07-13 00:00:00-04:00,129.2001223892122,131.48154817707413,129.02118997777885,130.354248046875,5075600,0.0,0.0
2022-07-14 00:00:00-04:00,128.6185291051893,130.20210836738107,128.35907924891507,129.96949768066406,4867000,0.0,0.0
2022-07-15 00:00:00-04:00,130.0321256606247,130.3542093662986,128.92273684793102,129.7905731201172,6264600,0.0,0.0
2022-07-18 00:00:00-04:00,129.67429866581216,129.80849456068682,128.09071884795165,128.21597290039062,6047500,0.0,0.0
2022-07-19 00:00:00-04:00,129.34328557710307,129.73693145749576,128.51122999312338,128.8690948486328,5943600,0.0,0.0
2022-07-20 00:00:00-04:00,128.8333180799345,129.03014785246796,125.82720677866924,126.64136505126953,8635300,0.0,0.0
2022-07-21 00:00:00-04:00,126.60798208015596,127.29234457464732,125.12217610224478,126.76106262207031,8310200,0.913,0.0
2022-07-22 00:00:00-04:00,126.75206864733097,128.92223745623338,126.67102841968472,128.78717041015625,5292700,0.0,0.0
2022-07-25 00:00:00-04:00,128.58912732977782,130.04790711931423,128.3459927847563,129.66070556640625,5262100,0.0,0.0
2022-07-26 00:00:00-04:00,128.49001493790084,130.11088826505355,127.60754480323054,129.91278076171875,5375700,0.0,0.0
2022-07-27 00:00:00-04:00,129.56160739115307,131.65973619439887,129.24643257999614,131.14645385742188,5500000,0.0,0.0
2022-07-28 00:00:00-04:00,131.59666527610065,133.82086074092868,130.6421549127892,133.32559204101562,7115700,0.0,0.0
2022-07-29 00:00:00-04:00,127.35542151743147,128.3189458111434,124.47387600867839,125.08621215820312,18694700,0.0,0.0
2022-08-01 00:00:00-04:00,124.57291920583077,129.61563372334112,124.509892488015,128.6791229248047,12590000,0.0,0.0
2022-08-02 00:00:00-04:00,128.86826467984739,129.41756046472887,127.66161942790944,127.82369995117188,7495000,0.0,0.0
2022-08-03 00:00:00-04:00,127.56256807590454,130.8133158996193,126.88720506881944,130.46212768554688,6811000,0.0,0.0
2022-08-04 00:00:00-04:00,130.4350668350795,131.88484611272517,129.67865009957134,130.2549591064453,6124700,0.0,0.0
2022-08-05 00:00:00-04:00,129.4445532491879,130.42607734658964,128.56208292475375,130.31802368164062,4580300,0.0,0.0
2022-08-08 00:00:00-04:00,130.59712668459727,131.8938251804212,130.3269788745859,130.81324768066406,4486800,0.0,0.0
2022-08-09 00:00:00-04:00,131.0834334186357,131.41660802788778,130.11090926537554,130.50711059570312,3977300,0.0,0.0
2022-08-10 00:00:00-04:00,131.3715820329242,131.92087770471937,130.92134012949512,131.74078369140625,4641300,0.0,0.0
2022-08-11 00:00:00-04:00,132.20001276831886,132.63224110674707,130.50709897739588,130.80426025390625,5954300,0.0,0.0
2022-08-12 00:00:00-04:00,131.38959659845105,132.12798618097915,130.5341397232093,132.07395935058594,5038700,0.0,0.0
2022-08-15 00:00:00-04:00,132.25404391212965,133.9649712806128,132.14599025906665,133.77586364746094,6008000,0.0,0.0
2022-08-16 00:00:00-04:00,133.59572385064757,135.6128117049044,133.59572385064757,135.0094757080078,7093000,0.0,0.0
2022-08-17 00:00:00-04:00,134.2621469225113,134.84745592624085,134.06403937718588,134.38821411132812,4834600,0.0,0.0
2022-08-18 00:00:00-04:00,134.05500442145805,135.0635555118603,133.7398433696937,134.86544799804688,3829000,0.0,0.0
2022-08-19 00:00:00-04:00,134.36118036106717,135.63986557992064,133.91993839683897,134.8294219970703,6502500,0.0,0.0
2022-08-22 00:00:00-04:00,134.154063476747,135.18962801990583,134.0279963030041,134.46923828125,6380700,0.0,0.0
2022-08-23 00:00:00-04:00,133.65882409794534,133.6678377310987,131.31757410724668,131.87586975097656,5268200,0.0,0.0
2022-08-24 00:00:00-04:00,132.01993943702402,132.60524845067286,130.67821353736215,131.30856323242188,5903200,0.0,0.0
2022-08-25 00:00:00-04:00,130.77725674969605,131.27252558140344,130.1109075400281,131.2004852294922,5097600,0.0,0.0
2022-08-26 00:00:00-04:00,131.47065371941179,131.9479091028683,127.88673152694585,128.12985229492188,6086600,0.0,0.0
2022-08-29 00:00:00-04:00,127.23835808668522,128.49002996397158,126.98622373300823,127.58954620361328,5272100,0.0,0.0
2022-08-30 00:00:00-04:00,128.23788588967423,128.23788588967423,125.98667665942347,126.22979736328125,5203700,0.0,0.0
2022-08-31 00:00:00-04:00,126.42792826432348,126.86017040950708,124.14070530897331,124.2127456665039,8406900,0.0,0.0
2022-09-01 00:00:00-04:00,124.11367973548079,125.8516068171865,123.1501555057163,125.7435531616211,7446500,0.0,0.0
2022-09-02 00:00:00-04:00,126.44593294529516,127.10328226888439,122.96106505277633,123.51036071777344,7077800,0.0,0.0
2022-09-06 00:00:00-04:00,122.35773507089453,124.2127293781032,121.8264392213135,122.13261413574219,8217200,0.0,0.0
2022-09-07 00:00:00-04:00,122.49282189161015,124.05065516683136,122.48382199925747,123.9786148071289,6609400,0.0,0.0
2022-09-08 00:00:00-04:00,123.37525421327955,124.7079798464272,122.51979753354533,124.14067077636719,7380500,0.0,0.0
2022-09-09 00:00:00-04:00,124.22172668885476,127.0492450260275,123.63641776573242,126.03170776367188,6434300,0.0,0.0
2022-09-12 00:00:00-04:00,125.53646852742303,127.68862457991374,125.26632059918391,127.05828857421875,5818700,0.0,0.0
2022-09-13 00:00:00-04:00,126.77009616037844,127.3554050783744,124.14068536427774,124.4288330078125,6350200,0.0,0.0
2022-09-14 00:00:00-04:00,124.86106345471246,125.76154708486567,123.96957971435648,124.72598266601562,6137800,0.0,0.0
2022-09-15 00:00:00-04:00,124.96914195503011,125.0681957236645,123.04210715274598,123.76249694824219,5320700,0.0,0.0
2022-09-16 00:00:00-04:00,123.76248733745852,125.22126659834466,123.46532605463145,124.51889038085938,9321500,0.0,0.0
2022-09-19 00:00:00-04:00,124.44686827144488,124.68100287178169,123.5733978170194,124.25777435302734,6056000,0.0,0.0
2022-09-20 00:00:00-04:00,123.73547282337127,124.23974151448432,122.9430427428843,123.81651306152344,5589800,0.0,0.0
2022-09-21 00:00:00-04:00,124.33879857090567,124.44685222463985,122.20465646790541,122.22265625,6413900,0.0,0.0
2022-09-22 00:00:00-04:00,122.2316559225303,123.42930082904977,121.78141409633307,122.6548843383789,5061600,0.0,0.0
2022-09-23 00:00:00-04:00,122.17763321283437,122.9160365110247,120.61980011385921,122.08759307861328,6523600,0.0,0.0
2022-09-26 00:00:00-04:00,122.08760646544475,123.20421142649977,121.55632427232159,122.20467376708984,7396400,0.0,0.0
2022-09-27 00:00:00-04:00,122.42976778177531,123.31223794524216,118.60271212291829,118.84583282470703,7722200,0.0,0.0
2022-09-28 00:00:00-04:00,119.7823435510842,119.7823435510842,118.1344567597297,118.84583282470703,10455100,0.0,0.0
2022-09-29 00:00:00-04:00,118.74676612182216,118.74676612182216,115.49601982585008,115.8922348022461,7128500,0.0,0.0
2022-09-30 00:00:00-04:00,116.16239581721844,116.19840911903077,113.65004550187045,113.68606567382812,9431900,0.0,0.0
2022-10-03 00:00:00-04:00,114.58655631877868,116.25245673976553,114.07328085997584,115.72116088867188,8477700,0.0,0.0
2022-10-04 00:00:00-04:00,116.25245511220729,117.84630142229965,115.89225337580604,117.15293884277344,7211600,0.0,0.0
2022-10-05 00:00:00-04:00,116.34249114990234,117.14392109231225,115.34295369451101,116.34249114990234,5071100,0.0,0.0
2022-10-06 00:00:00-04:00,116.06334298118014,116.21642356060372,113.77611356984197,113.89318084716797,5530800,0.0,0.0
2022-10-07 00:00:00-04:00,113.91119613524221,113.98323648519043,111.44387254575608,111.90311431884766,6095400,0.0,0.0
2022-10-10 00:00:00-04:00,111.09269003777747,111.88511331678859,110.02111210615578,111.44387817382812,6923300,0.0,0.0
2022-10-11 00:00:00-04:00,111.38084150858933,113.1908089690159,111.29979439550449,111.86710357666016,5516200,0.0,0.0
2022-10-12 00:00:00-04:00,112.41638255213638,113.28985284612345,112.02918115392094,112.04718780517578,6823500,0.0,0.0
2022-10-13 00:00:00-04:00,111.21873927905602,114.13630442716298,110.68745034474998,113.7400894165039,6910500,0.0,0.0
2022-10-14 00:00:00-04:00,114.13630578293214,114.37943335226856,112.3533450839325,112.63249969482422,5516800,0.0,0.0
2022-10-17 00:00:00-04:00,113.4699492200645,115.51404412881622,113.33487529548819,114.66758728027344,6664600,0.0,0.0
2022-10-18 00:00:00-04:00,116.45956320557622,117.12592611660588,114.95575701555123,115.5950927734375,7114200,0.0,0.0
2022-10-19 00:00:00-04:00,118.53968734242825,119.76434586479272,116.621652444091,116.66667938232422,9993700,0.0,0.0
2022-10-20 00:00:00-04:00,116.64218136373334,117.68509523056362,114.88284972559106,115.16397857666016,8168000,0.913,0.0
2022-10-21 00:00:00-04:00,114.7559091856836,116.94147330665041,114.70149892540597,116.6059341430664,6394600,0.0,0.0
2022-10-24 00:00:00-04:00,117.43117626149429,118.29270421225802,116.39733995301665,117.32234191894531,6946000,0.0,0.0
2022-10-25 00:00:00-04:00,117.53093478324516,118.96378424341442,116.50616222204246,118.67359161376953,6776000,0.0,0.0
2022-10-26 00:00:00-04:00,118.48313158069597,120.2243425582885,118.25641298690374,119.50790405273438,6612800,0.0,0.0
2022-10-27 00:00:00-04:00,119.7074151603029,120.72311001235347,119.25397798166539,119.59859466552734,6676700,0.0,0.0
2022-10-28 00:00:00-04:00,120.76846809801513,122.89055097679915,120.54174948691926,122.6275634765625,6996400,0.0,0.0
2022-10-31 00:00:00-04:00,122.60941888614177,123.03565097080852,121.75695471680828,122.12877655029297,8346300,0.0,0.0
2022-11-01 00:00:00-04:00,122.1559997692347,123.58886322641703,121.37608709856097,122.31924438476562,6428300,0.0,0.0
2022-11-02 00:00:00-04:00,122.17411841811682,123.82462260537234,120.44198501937004,120.55988311767578,7318100,0.0,0.0
2022-11-03 00:00:00-04:00,119.46258451671464,120.2878437053668,118.76430105352397,119.73464965820312,5204000,0.0,0.0
2022-11-04 00:00:00-04:00,120.90450919927656,122.42805164425822,120.17900686641605,121.92020416259766,5555400,0.0,0.0
2022-11-07 00:00:00-05:00,122.74546052873708,124.41410617100505,122.48245919295229,123.78836059570312,6746800,0.0,0.0
2022-11-08 00:00:00-05:00,124.07856612588412,124.71337545917534,123.15355033291372,124.06948852539062,5266200,0.0,0.0
2022-11-09 00:00:00-05:00,124.12389836844882,125.12146577305451,123.6432560292676,123.77021789550781,5690700,0.0,0.0
2022-11-10 00:00:00-05:00,126.47272037206395,128.44063632227608,125.33004967736854,128.03253173828125,8068700,0.0,0.0
2022-11-11 00:00:00-05:00,128.0506869574079,128.44065021951084,126.15532242065467,127.84210968017578,7175200,0.0,0.0
2022-11-14 00:00:00-05:00,127.42493364067167,130.19090369026253,127.19821501099712,127.85116577148438,8516200,0.0,0.0
2022-11-15 00:00:00-05:00,128.85782874764425,129.86446026460433,126.69039866814775,127.4068374633789,7732400,0.0,0.0
2022-11-16 00:00:00-05:00,128.32273516420852,129.60143146465677,127.85115657382505,128.54039001464844,6193700,0.0,0.0
2022-11-17 00:00:00-05:00,127.9690586658114,128.4950475257326,126.83546556368984,127.75140380859375,5186300,0.0,0.0
2022-11-18 00:00:00-05:00,128.70362934242695,129.46540061297173,128.11416644355924,129.29310607910156,5671400,0.0,0.0
2022-11-21 00:00:00-05:00,129.7374739772523,131.6691212425343,129.5288967004055,130.93455505371094,6377200,0.0,0.0
2022-11-22 00:00:00-05:00,131.88672791715769,132.21320323132,131.3516753804985,132.0590362548828,5372900,0.0,0.0
2022-11-23 00:00:00-05:00,132.31301423920434,132.97504273865266,132.01375776311494,132.81179809570312,4296000,0.0,0.0
2022-11-25 00:00:00-05:00,133.12011465048388,133.49193655254453,132.76643411476496,133.056640625,2411100,0.0,0.0
2022-11-28 00:00:00-05:00,132.75738043366255,133.6189085899194,132.53066176949974,132.9478302001953,6628200,0.0,0.0
2022-11-29 00:00:00-05:00,132.17694309115512,132.45807193959865,131.0705552220641,131.9320831298828,5634200,0.0,0.0
2022-11-30 00:00:00-05:00,132.08624090106733,135.26937866210938,131.61467621171633,135.26937866210938,12396800,0.0,0.0
2022-12-01 00:00:00-05:00,135.60492163800777,136.35762901564706,134.73433000354137,135.3509979248047,6927400,0.0,0.0
2022-12-02 00:00:00-05:00,134.6436550130506,136.72946908244967,134.28997451972947,136.58436584472656,4938300,0.0,0.0
2022-12-05 00:00:00-05:00,134.86131445434899,135.73190623467136,134.46228745594837,135.20591735839844,5402500,0.0,0.0
2022-12-06 00:00:00-05:00,135.77724658483987,136.10372194714193,134.47134513563154,135.3782196044922,6866700,0.0,0.0
2022-12-07 00:00:00-05:00,135.1333595142236,136.42111959842939,135.1333595142236,136.2488250732422,6175500,0.0,0.0
2022-12-08 00:00:00-05:00,135.54148417031192,137.2826817464725,135.1333795289643,137.228271484375,5187100,0.0,0.0
2022-12-09 00:00:00-05:00,136.66598028337359,137.79957337437338,136.23068441101543,136.86549377441406,5868200,0.0,0.0
2022-12-12 00:00:00-05:00,137.13755561763938,138.3527640611753,136.9743110207641,138.27114868164062,6142400,0.0,0.0
2022-12-13 00:00:00-05:00,139.12361777867545,139.86724765918603,136.7475972231557,138.0625762939453,7680600,0.0,0.0
2022-12-14 00:00:00-05:00,138.56132770866606,140.05767870894385,137.99907003221267,138.60667419433594,7385600,0.0,0.0
2022-12-15 00:00:00-05:00,137.59098997773168,137.8449137117552,135.7953824763352,137.0377960205078,7117200,0.0,0.0
2022-12-16 00:00:00-05:00,136.35765467600208,137.0015416799536,135.14244612873225,136.43020629882812,19966400,0.0,0.0
2022-12-19 00:00:00-05:00,136.2306748881018,137.28265252408684,135.34194184146867,136.39390563964844,5881800,0.0,0.0
2022-12-20 00:00:00-05:00,135.4145428661536,136.84739277857994,135.36919636157572,136.44837951660156,5646100,0.0,0.0
2022-12-21 00:00:00-05:00,136.71130885924268,138.41623707278208,136.6841037356483,137.69979858398438,5024700,0.0,0.0
2022-12-22 00:00:00-05:00,137.05592730057978,138.21672538151793,136.82920870918085,138.0172119140625,5904900,0.0,0.0
2022-12-23 00:00:00-05:00,138.12605190716383,138.67924590177608,137.54565278476792,138.4071807861328,3401800,0.0,0.0
2022-12-27 00:00:00-05:00,138.47973389715375,139.94888000232297,138.44346500565388,139.6133270263672,4215100,0.0,0.0
2022-12-28 00:00:00-05:00,139.91261191630505,140.24815108957168,137.75424594428935,137.8086700439453,4197500,0.0,0.0
2022-12-29 00:00:00-05:00,138.57947257819907,138.96943575946506,137.97186840069622,138.3799591064453,3809100,0.0,0.0
2022-12-30 00:00:00-05:00,138.2348840404465,138.4616026829096,136.4302125026373,137.44590759277344,4532000,0.0,0.0
2023-01-03 00:00:00-05:00,136.89269972724105,137.58193318692204,135.23311777147083,137.45497131347656,6447300,0.0,0.0
2023-01-04 00:00:00-05:00,137.83588676633744,139.10550577558251,137.1466531574821,138.05352783203125,7313400,0.0,0.0
2023-01-05 00:00:00-05:00,138.03537276950414,138.28021891957314,136.14907216214252,136.33950805664062,5373800,0.0,0.0
2023-01-06 00:00:00-05:00,137.70886748937463,140.07580995727992,137.61817452458294,139.58609008789062,7882200,0.0,0.0
2023-01-09 00:00:00-05:00,139.15082769108952,140.38417758407505,137.8449261764217,137.88119506835938,5727000,0.0,0.0
2023-01-10 00:00:00-05:00,137.93559741168775,138.47971373179215,136.8836198198926,137.74514770507812,4716400,0.0,0.0
2023-01-11 00:00:00-05:00,138.13512995110656,138.3527709740736,135.4417115894365,136.6297149658203,8691300,0.0,0.0
2023-01-12 00:00:00-05:00,137.57286377237136,137.6000689013138,135.59588393424818,135.85887145996094,7801600,0.0,0.0
2023-01-13 00:00:00-05:00,135.67748918830372,136.98339063124183,135.50518082599854,136.8292236328125,5535800,0.0,0.0
2023-01-17 00:00:00-05:00,136.74760408115895,137.96282646623592,136.39392356851155,136.43020629882812,9611800,0.0,0.0
2023-01-18 00:00:00-05:00,135.72283952979038,135.96768567893338,132.43994446542766,132.77549743652344,10461200,0.0,0.0
2023-01-19 00:00:00-05:00,130.7797117377926,133.4352797132996,129.80327425078892,129.967529296875,12683700,0.913,0.0
2023-01-20 00:00:00-05:00,129.8762748858851,130.63369168369059,127.8959963168681,130.4694366455078,8603300,0.0,0.0
2023-01-23 00:00:00-05:00,130.82530790014633,131.1355766320108,128.38876122703007,128.71728515625,7473100,0.0,0.0
2023-01-24 00:00:00-05:00,128.3888102155341,129.931047751594,127.58574832110268,129.42001342773438,6822500,0.0,0.0
2023-01-25 00:00:00-05:00,128.11502202003567,129.35611119234105,126.60016051530542,129.3287353515625,6902600,0.0,0.0
2023-01-26 00:00:00-05:00,129.33783736017713,129.34697192221373,128.43440689533813,128.8085479736328,5398600,0.0,0.0
2023-01-27 00:00:00-05:00,128.73557947509664,129.00021725631115,127.11120060808386,128.279296875,6870800,0.0,0.0
2023-01-30 00:00:00-05:00,128.6351842757261,129.69374922260286,128.01463275894042,128.68080139160156,6369300,0.0,0.0
2023-01-31 00:00:00-05:00,128.88154172700166,130.0131272580049,128.4526350940605,129.93099975585938,9373400,0.0,0.0
2023-02-01 00:00:00-05:00,129.65723359303735,131.50061874533228,128.99106505877737,130.67018127441406,7207900,0.0,0.0
2023-02-02 00:00:00-05:00,129.73941040039062,130.23220347299153,128.86335548743182,129.73941040039062,6444300,0.0,0.0
2023-02-03 00:00:00-05:00,130.29601876557447,130.8435632899583,128.82678868060148,130.14088439941406,5993100,0.0,0.0
2023-02-06 00:00:00-05:00,129.59336264626575,130.16828310542616,128.68079756170033,129.0366973876953,6108100,0.0,0.0
2023-02-07 00:00:00-05:00,127.73173559917109,128.48003172535124,126.64578092400896,127.7773666381836,6278300,0.0,0.0
2023-02-08 00:00:00-05:00,126.90128765115502,127.33931495563625,126.30812596643325,126.45413970947266,7123800,0.0,0.0
2023-02-09 00:00:00-05:00,126.73703515683403,127.14768663325039,125.02140845355822,125.0670394897461,6547400,0.0,0.0
2023-02-10 00:00:00-05:00,124.97579130175599,126.2077597925098,123.9537228158581,126.17124938964844,8108900,0.0,0.0
2023-02-13 00:00:00-05:00,126.79179504569026,128.16976331016903,126.60928481375055,127.822998046875,5081600,0.0,0.0
2023-02-14 00:00:00-05:00,127.88688025968831,127.97814234504041,126.49977732524385,127.1020736694336,5253500,0.0,0.0
2023-02-15 00:00:00-05:00,126.946953070815,127.13859790104205,125.99789133327347,126.81007385253906,5530300,0.0,0.0
2023-02-16 00:00:00-05:00,125.3773035402008,126.1164789548728,124.61075228977329,125.14916229248047,7595700,0.0,0.0
2023-02-17 00:00:00-05:00,124.6472335191646,127.7955795677592,124.6472335191646,127.76820373535156,8034700,0.0,0.0
2023-02-21 00:00:00-05:00,126.72790361828476,128.5712889120837,126.72790361828476,127.6769790649414,6899500,0.0,0.0
2023-02-22 00:00:00-05:00,127.7408857330302,129.20099577074703,127.64963755857372,128.21542358398438,6126300,0.0,0.0
2023-02-23 00:00:00-05:00,127.96901121302177,128.79944886821949,126.93782202901714,127.80475616455078,5835400,0.0,0.0
2023-02-24 00:00:00-05:00,126.78264552687465,127.23892801521662,126.00697365147518,127.08379364013672,5260700,0.0,0.0
2023-02-27 00:00:00-05:00,127.40322620951706,128.1880328266787,126.41765413740899,126.97431945800781,5820900,0.0,0.0
2023-02-28 00:00:00-05:00,126.34466087889831,126.47241946176774,125.27696116678067,125.53247833251953,6709900,0.0,0.0
2023-03-01 00:00:00-05:00,125.97961045194236,126.23512755707141,124.57425244909479,125.62371063232422,7101800,0.0,0.0
2023-03-02 00:00:00-05:00,125.93398460621134,128.15151112958122,125.733219168955,127.69522857666016,5924600,0.0,0.0
2023-03-03 00:00:00-05:00,128.84507350148223,128.89070454311147,127.73174292399588,128.6260528564453,5259400,0.0,0.0
2023-03-06 00:00:00-05:00,128.42528700960298,128.79944205529293,127.70436668282566,128.07852172851562,4943100,0.0,0.0
2023-03-07 00:00:00-05:00,128.15153624366346,128.3249258756951,125.33171285591882,125.53247833251953,5606800,0.0,0.0
2023-03-08 00:00:00-05:00,125.20395620422077,125.6511182134815,124.65642537975278,125.55073547363281,5518800,0.0,0.0
2023-03-09 00:00:00-05:00,126.07086127556985,126.44501630337969,124.20011398579707,124.62902069091797,4467200,0.0,0.0
2023-03-10 00:00:00-05:00,124.97579593797859,125.9248715026391,124.42826519649532,125.19481658935547,5928000,0.0,0.0
2023-03-13 00:00:00-04:00,125.0579099228672,128.96370119743318,125.0579099228672,126.06173706054688,8337100,0.0,0.0
2023-03-14 00:00:00-04:00,126.1986173247769,127.85949243496758,125.3864349699688,127.62223052978516,9219700,0.0,0.0
2023-03-15 00:00:00-04:00,126.67318707840379,129.72115183881098,126.67318707840379,129.42913818359375,8823500,0.0,0.0
2023-03-16 00:00:00-04:00,129.52948930132683,130.60630940872642,129.22834115485796,130.39642333984375,7063400,0.0,0.0
2023-03-17 00:00:00-04:00,130.0405108433169,130.85269312598442,129.15532169062303,130.4329071044922,16018800,0.0,0.0
2023-03-20 00:00:00-04:00,130.95309665196126,132.68696483568567,130.70670016702732,132.44058227539062,8379200,0.0,0.0
2023-03-21 00:00:00-04:00,132.23979142605674,132.53180497185087,130.35077527888046,131.48236083984375,7753200,0.0,0.0
2023-03-22 00:00:00-04:00,131.4458856751123,133.00637829863078,131.2542547803363,131.4002685546875,5729100,0.0,0.0
2023-03-23 00:00:00-04:00,131.6284237028562,132.4314716969896,130.67022735425292,131.21775817871094,5788400,0.0,0.0
2023-03-24 00:00:00-04:00,131.68314986230598,133.92805226416425,131.68314986230598,133.8915557861328,6144800,0.0,0.0
2023-03-27 00:00:00-04:00,134.04670206828936,134.5303605117516,133.11588166263152,133.1888885498047,5917200,0.0,0.0
2023-03-28 00:00:00-04:00,133.73640838305562,133.98280484088616,133.05198460824434,133.56301879882812,4213800,0.0,0.0
2023-03-29 00:00:00-04:00,134.220059775129,134.41169062434008,133.47174980298809,133.97366333007812,4987700,0.0,0.0
2023-03-30 00:00:00-04:00,134.07405039602742,134.63983624971019,133.50826454234465,134.55770874023438,4117700,0.0,0.0
2023-03-31 00:00:00-04:00,134.8223968405881,135.6893310546875,134.6672624169822,135.6893310546875,7685900,0.0,0.0
2023-04-03 00:00:00-04:00,135.4520348056705,136.94865497816622,134.22920088021246,136.43760681152344,5721700,0.0,0.0
2023-04-04 00:00:00-04:00,136.95778631776855,138.44527204347142,136.95778631776855,137.09466552734375,6714300,0.0,0.0
2023-04-05 00:00:00-04:00,138.09844738377203,139.02926747659754,137.93417846168032,138.03456115722656,6094800,0.0,0.0
2023-04-06 00:00:00-04:00,138.59127166083266,139.58597830576488,138.18062010815265,138.91067504882812,5399700,0.0,0.0
2023-04-10 00:00:00-04:00,138.3904919630747,138.408747163989,136.43760320439608,137.76083374023438,4891800,0.0,0.0
2023-04-11 00:00:00-04:00,138.0345912490612,138.19886020696387,137.35930199056773,137.487060546875,6311800,0.0,0.0
2023-04-12 00:00:00-04:00,137.16766290069137,139.08405524967094,136.82088369429877,137.86122131347656,6137900,0.0,0.0
2023-04-13 00:00:00-04:00,137.70607411787864,138.5912634180466,136.7205160199191,138.50001525878906,5489500,0.0,0.0
2023-04-14 00:00:00-04:00,138.1167361247014,138.33574284116634,137.35017084315825,137.79733276367188,4478800,0.0,0.0
2023-04-17 00:00:00-04:00,137.9524446245219,138.2262169000137,137.19501402967026,137.8429412841797,4296400,0.0,0.0
2023-04-18 00:00:00-04:00,137.77909837857644,138.3357637414255,136.97605042247997,137.98899841308594,4158400,0.0,0.0
2023-04-19 00:00:00-04:00,137.95245592622823,138.61862450894608,137.5326838041026,138.01634216308594,3837600,0.0,0.0
2023-04-20 00:00:00-04:00,138.0815550301455,138.990655930747,138.0815550301455,138.5223388671875,5370900,0.941,0.0
2023-04-21 00:00:00-04:00,142.27807565536605,145.18901687262294,141.87403086602495,143.31573486328125,14876900,0.0,0.0
2023-04-24 00:00:00-04:00,142.53518629637122,144.3992904834152,142.53518629637122,143.57284545898438,8109800,0.0,0.0
2023-04-25 00:00:00-04:00,143.71979284094013,145.03293865482215,143.05863106267327,143.60960388183594,8341800,0.0,0.0
2023-04-26 00:00:00-04:00,142.60864082861164,143.25143291754497,141.72708738391972,141.94747924804688,4843700,0.0,0.0
2023-04-27 00:00:00-04:00,142.60867536671626,143.8116181413048,142.34236671492215,143.6830596923828,4805600,0.0,0.0
2023-04-28 00:00:00-04:00,143.50856937313563,144.50948962073267,143.0310606081517,143.60040283203125,5754700,0.0,0.0
2023-05-01 00:00:00-04:00,143.27900879448936,144.5370459923334,143.06780863986157,143.77488708496094,3844600,0.0,0.0
2023-05-02 00:00:00-04:00,143.79322919465892,144.10544052669164,142.94841464290195,143.64630126953125,5262900,0.0,0.0
2023-05-03 00:00:00-04:00,143.83914403313688,144.69315032638167,142.72802088020543,143.462646484375,5775000,0.0,0.0
2023-05-04 00:00:00-04:00,143.34327811320796,143.80241735891096,142.41580786932448,142.80148315429688,4892600,0.0,0.0
2023-05-05 00:00:00-04:00,142.70050216099105,143.5361391278615,142.0485321407274,143.27902221679688,3989200,0.0,0.0
2023-05-08 00:00:00-04:00,142.65460509296466,143.00354147934863,142.21382121781443,142.6086883544922,4950700,0.0,0.0
2023-05-09 00:00:00-04:00,143.11368998615382,143.23305664656672,141.02919415687268,141.14857482910156,4472100,0.0,0.0
2023-05-10 00:00:00-04:00,140.9098558089009,141.70876776112763,139.98239941817815,141.4424591064453,4754900,0.0,0.0
2023-05-11 00:00:00-04:00,142.1587008242865,142.23216479008752,140.8547469579109,141.7730255126953,3495300,0.0,0.0
2023-05-12 00:00:00-04:00,142.05766666132394,143.29734811463476,141.7730025972434,143.21470642089844,5252900,0.0,0.0
2023-05-15 00:00:00-04:00,143.81159280797866,143.94015123425427,142.00258308778936,143.2606201171875,5414900,0.0,0.0
2023-05-16 00:00:00-04:00,143.1320772582162,144.09627256605958,142.26889315427678,143.01271057128906,5591500,0.0,0.0
2023-05-17 00:00:00-04:00,143.49019337411718,143.76567972649684,141.32305555351803,142.40663146972656,4286900,0.0,0.0
2023-05-18 00:00:00-04:00,140.78130447887852,141.09351587232004,139.2110557571562,140.06504821777344,6997600,0.0,0.0
2023-05-19 00:00:00-04:00,140.00991784164756,140.7904601369536,139.431397928378,140.6527099609375,4754100,0.0,0.0
2023-05-22 00:00:00-04:00,140.03749098497752,140.12932445264644,136.66741009646233,136.97044372558594,7876200,0.0,0.0
2023-05-23 00:00:00-04:00,136.6306762289283,136.71333195765826,135.05124981798238,135.4920196533203,6116000,0.0,0.0
2023-05-24 00:00:00-04:00,135.5287300492395,136.08888053437764,134.15131220170161,134.3717041015625,5755400,0.0,0.0
2023-05-25 00:00:00-04:00,133.60033259238733,134.26149417683294,132.55349575231787,133.5084991455078,6510300,0.0,0.0
2023-05-26 00:00:00-04:00,133.4534127292856,134.0778353679051,132.9024400384186,133.51768493652344,4716400,0.0,0.0
2023-05-30 00:00:00-04:00,132.10356272378937,132.26884614957842,130.71696705299786,131.4791259765625,5561000,0.0,0.0
2023-05-31 00:00:00-04:00,131.46075774451816,132.21373885312659,130.3037178289178,130.8546905517578,19854800,0.0,0.0
2023-06-01 00:00:00-04:00,131.54340484556624,132.34230271582007,130.80877918891656,132.1953887939453,6091100,0.0,0.0
2023-06-02 00:00:00-04:00,132.70040924768642,134.69307173493158,132.59022032121914,134.54615783691406,6124400,0.0,0.0
2023-06-05 00:00:00-04:00,134.11459152813268,135.76749580058475,133.8207356522215,134.01358032226562,4753700,0.0,0.0
2023-06-06 00:00:00-04:00,134.13294960833866,134.35332748469807,131.81888382383755,132.68206787109375,4635900,0.0,0.0
2023-06-07 00:00:00-04:00,132.2412575931164,133.26054710246396,131.74539345886248,132.96670532226562,6194400,0.0,0.0
2023-06-08 00:00:00-04:00,133.46262038819094,134.66556322070343,133.07694502285403,134.4727325439453,4863700,0.0,0.0
2023-06-09 00:00:00-04:00,133.77482656663915,134.78493868304724,132.90246465437045,134.58291625976562,5569500,0.0,0.0
2023-06-12 00:00:00-04:00,134.9869609290641,134.9961386712666,132.73718104927707,133.5269012451172,5354000,0.0,0.0
2023-06-13 00:00:00-04:00,132.70041888416964,133.77480303069598,132.4892187558314,133.20547485351562,5321200,0.0,0.0
2023-06-14 00:00:00-04:00,133.43505593628123,134.88593774929066,132.99428614872738,134.454345703125,5693300,0.0,0.0
2023-06-15 00:00:00-04:00,135.14305547896265,136.79595970749133,134.56453549602287,136.31845092773438,5863000,0.0,0.0
2023-06-16 00:00:00-04:00,136.74999265852438,137.82437650878634,136.7316231705724,137.31932067871094,11244900,0.0,0.0
2023-06-20 00:00:00-04:00,137.5122140856663,137.99890060054986,136.00623781074344,136.05215454101562,5340700,0.0,0.0
2023-06-21 00:00:00-04:00,136.1439934404847,137.37449753321297,135.78586531210652,137.22756958007812,4649700,0.0,0.0
2023-06-22 00:00:00-04:00,138.06318163295043,138.7518905256752,137.26426978935328,137.69586181640625,6666800,0.0,0.0
2023-06-23 00:00:00-04:00,137.97134912212633,138.22846598956153,135.86849745378453,136.32763671875,13843300,0.0,0.0
2023-06-26 00:00:00-04:00,135.99704557831848,136.7959433550165,134.7298168192935,136.46536254882812,4353100,0.0,0.0
2023-06-27 00:00:00-04:00,136.30928045399483,137.89789854164556,136.26336372067829,137.76016235351562,5445400,0.0,0.0
2023-06-28 00:00:00-04:00,137.12653777365665,138.017269089536,135.86850064191353,137.73260498046875,6733300,0.0,0.0
2023-06-29 00:00:00-04:00,136.34599572857218,137.46629668501942,135.07878085251684,137.17245483398438,7343000,0.0,0.0
2023-06-30 00:00:00-04:00,137.58566905632026,139.64261793638715,137.54893006977701,139.33958435058594,7058300,0.0,0.0
2023-07-03 00:00:00-04:00,139.10084272035718,140.06503808263568,138.17338634983744,140.03749084472656,3996100,0.0,0.0
2023-07-05 00:00:00-04:00,139.23857087830453,140.00074370070698,139.0640957246221,139.79872131347656,8279800,0.0,0.0
2023-07-06 00:00:00-04:00,138.84372015730904,139.7528210066571,138.43967533537656,139.5691680908203,7958300,0.0,0.0
2023-07-07 00:00:00-04:00,139.31204066216299,139.50487130506005,136.5939300733191,136.6398468017578,9169500,0.0,0.0
2023-07-10 00:00:00-04:00,136.7684102548976,138.03563914486966,136.58475734621928,136.6949462890625,5529200,0.0,0.0
2023-07-11 00:00:00-04:00,136.5755588985818,136.86941474751814,134.95021602403864,135.9786834716797,5150300,0.0,0.0
2023-07-12 00:00:00-04:00,135.93275022671787,137.19078714904552,135.57462221172887,136.6857452392578,6764600,0.0,0.0
2023-07-13 00:00:00-04:00,136.82348935680233,137.30099807518187,136.08886379279164,136.77757263183594,5561400,0.0,0.0
2023-07-14 00:00:00-04:00,137.0714179335511,138.32027709289778,136.57553976091052,137.7876739501953,6128900,0.0,0.0
2023-07-17 00:00:00-04:00,137.42038427017155,137.8887153148237,136.79596155972763,136.8143310546875,4625300,0.0,0.0
2023-07-18 00:00:00-04:00,136.49292168615005,138.182550837669,136.254174309898,137.07144165039062,5351200,0.0,0.0
2023-07-19 00:00:00-04:00,137.32856994931342,138.49478771599723,136.69495546180946,138.00808715820312,6203600,0.0,0.0
2023-07-20 00:00:00-04:00,138.19380593339696,139.30268016945203,136.89087200848434,139.12710571289062,6445400,0.941,0.0
2023-07-21 00:00:00-04:00,139.67232051970865,142.0009666240231,139.25649438324967,141.31715393066406,9938400,0.0,0.0
2023-07-24 00:00:00-04:00,141.23398425120428,142.25969618837706,140.73499573316718,141.7699432373047,5549500,0.0,0.0
2023-07-25 00:00:00-04:00,141.82540845899956,142.17655746357065,140.87362319934022,142.10263061523438,5883800,0.0,0.0
2023-07-26 00:00:00-04:00,141.49271828472078,143.0821099770603,141.2801874479841,142.25045776367188,7013800,0.0,0.0
2023-07-27 00:00:00-04:00,142.4537523122929,142.8603428501491,140.3838432559804,140.55941772460938,7191600,0.0,0.0
2023-07-28 00:00:00-04:00,142.91580054134985,145.52165476356774,142.86035893450958,144.5329132080078,9397300,0.0,0.0
2023-07-31 00:00:00-04:00,144.5236571292074,145.70645835634392,143.28541429768993,144.43125915527344,7955200,0.0,0.0
2023-08-01 00:00:00-04:00,144.04315624250174,145.23519305701106,144.0339065748811,144.3850555419922,5718800,0.0,0.0
2023-08-02 00:00:00-04:00,144.12631862055036,145.75266680980064,144.12631862055036,144.69923400878906,5636000,0.0,0.0
2023-08-03 00:00:00-04:00,144.85631397532916,145.72493666964792,144.3480898925744,145.07809448242188,5792700,0.0,0.0
2023-08-04 00:00:00-04:00,145.47544117194536,145.7526632918579,143.36857562077432,143.48870849609375,4785900,0.0,0.0
2023-08-07 00:00:00-04:00,143.8491004324813,145.21671176770698,143.68277561202703,145.00418090820312,4107400,0.0,0.0
2023-08-08 00:00:00-04:00,145.33681407541496,145.66024218062046,144.64376593577504,145.16123962402344,4625500,0.0,0.0
2023-08-09 00:00:00-04:00,145.36453042520972,146.08529934037352,144.86554198398096,144.97642517089844,4293200,0.0,0.0
2023-08-10 00:00:00-04:00,145.2351821567976,146.35330614704253,143.9692185968517,144.25567626953125,4307800,0.0,0.0
2023-08-11 00:00:00-04:00,144.55136425092292,145.50316340309394,143.95996369332536,145.09657287597656,3862300,0.0,0.0
2023-08-14 00:00:00-04:00,145.19823311826258,145.56785321132458,143.6920037438345,143.95997619628906,4297600,0.0,0.0
2023-08-15 00:00:00-04:00,143.9599528548062,144.12629173978604,142.73095989959612,143.035888671875,6921100,0.0,0.0
2023-08-16 00:00:00-04:00,143.0082010109255,143.9045446040692,141.2617198645112,141.57591247558594,6356800,0.0,0.0
2023-08-17 00:00:00-04:00,141.57589406924987,141.89930810610684,140.26371038794963,140.55941772460938,6419500,0.0,0.0
2023-08-18 00:00:00-04:00,140.10663432789883,141.28020001795855,139.69080818420775,140.95677185058594,5448200,0.0,0.0
2023-08-21 00:00:00-04:00,140.5409477853381,141.1785544618087,139.77397266002583,140.24525451660156,4504700,0.0,0.0
2023-08-22 00:00:00-04:00,139.921819935831,140.59638295245898,139.46902333557236,140.30068969726562,4195600,0.0,0.0
2023-08-23 00:00:00-04:00,140.8920849777673,141.825384844921,140.8920849777673,141.61285400390625,4522500,0.0,0.0
2023-08-24 00:00:00-04:00,140.96602151829003,142.93426902512192,140.90133024477421,140.95677185058594,4088900,0.0,0.0
2023-08-25 00:00:00-04:00,141.75146041720163,142.37983148405888,140.88285180435287,141.88082885742188,3541500,0.0,0.0
2023-08-28 00:00:00-04:00,142.03795343550553,142.6478252590966,141.42806751180984,142.10263061523438,3614700,0.0,0.0
2023-08-29 00:00:00-04:00,142.25971786291285,142.34288027857252,140.4855158283178,142.185791015625,4034600,0.0,0.0
2023-08-30 00:00:00-04:00,142.3983359595561,143.10985542685813,142.03795139166792,142.34288024902344,3712200,0.0,0.0
2023-08-31 00:00:00-04:00,142.4167761503339,143.37781085594722,142.14880372479058,142.6200714111328,5451400,0.0,0.0
2023-09-01 00:00:00-04:00,143.13752983681874,143.48867872251887,141.89928727159162,142.7771453857422,4126300,0.0,0.0
2023-09-05 00:00:00-04:00,142.12109264027424,143.09136297857341,140.82739415584126,140.86436462402344,5097000,0.0,0.0
2023-09-06 00:00:00-04:00,140.725731676356,140.87358533328626,140.03268352210884,140.58712768554688,3877400,0.0,0.0
2023-09-07 00:00:00-04:00,140.91053990162217,142.48144605401689,140.79964262138427,141.927001953125,4824800,0.0,0.0
2023-09-08 00:00:00-04:00,141.76995053708998,141.80692100705696,140.7812090170699,141.31715393066406,3384700,0.0,0.0
2023-09-11 00:00:00-04:00,141.68677755967775,143.32237528117375,141.45576148997895,142.9989471435547,4288500,0.0,0.0
2023-09-12 00:00:00-04:00,143.22074087225528,143.36858045443734,140.06044243894948,140.48550415039062,4537800,0.0,0.0
2023-09-13 00:00:00-04:00,140.43928442963596,141.92702847494047,140.14359119397702,141.46499633789062,4040600,0.0,0.0
2023-09-14 00:00:00-04:00,142.167318469462,143.15606007941287,141.72375739013233,143.0174560546875,4606800,0.0,0.0
2023-09-15 00:00:00-04:00,142.33362059381798,143.52567141671503,141.59436634629992,141.81614685058594,10262400,0.0,0.0
2023-09-18 00:00:00-04:00,142.72170130884686,142.7494221045933,141.8530787751933,142.35208129882812,3536500,0.0,0.0
2023-09-19 00:00:00-04:00,142.07488329907721,142.3613409703631,140.21751916905768,141.936279296875,4704200,0.0,0.0
2023-09-20 00:00:00-04:00,142.09336895591795,143.026668807097,141.71449921530095,141.81614685058594,5446400,0.0,0.0
2023-09-21 00:00:00-04:00,141.79764953894912,142.03791525648597,140.52245052320288,140.58712768554688,5096400,0.0,0.0
2023-09-22 00:00:00-04:00,140.86435216647976,141.69600432570078,139.8848463478102,140.0696563720703,6327000,0.0,0.0
2023-09-25 00:00:00-04:00,139.70003147311286,139.7924435414121,138.62812762139203,139.2195281982422,5527000,0.0,0.0
2023-09-26 00:00:00-04:00,138.59116446721958,138.94231342516386,137.4915256569016,137.98129272460938,6366500,0.0,0.0
2023-09-27 00:00:00-04:00,138.07368196658445,138.3324188349918,135.49554884920315,136.15162658691406,5403700,0.0,0.0
2023-09-28 00:00:00-04:00,136.5951795164386,136.74301907528908,134.61766855319001,135.22755432128906,6237100,0.0,0.0
2023-09-29 00:00:00-04:00,135.41236876170782,135.62491369092106,133.82299122649192,134.7840118408203,6683300,0.0,0.0
2023-10-02 00:00:00-04:00,133.7860167600553,134.54375618916342,132.9728357337151,134.16488647460938,5153800,0.0,0.0
2023-10-03 00:00:00-04:00,134.14640083648524,135.36617237230678,133.9985471775794,134.44210815429688,4670600,0.0,0.0
2023-10-04 00:00:00-04:00,134.53454738853128,135.1998749576156,133.92466143351976,134.8856964111328,4727800,0.0,0.0
2023-10-05 00:00:00-04:00,134.61769411873203,134.9965639042093,132.77881499916373,132.88046264648438,5205700,0.0,0.0
2023-10-06 00:00:00-04:00,132.695639756106,133.58273359230097,130.70889304152135,133.14842224121094,7406700,0.0,0.0
2023-10-09 00:00:00-04:00,132.47386169433594,133.0375414944554,130.84751356453174,132.47386169433594,5062200,0.0,0.0
2023-10-10 00:00:00-04:00,133.04675657877635,134.19260123706863,132.80650496821042,133.7860107421875,5988900,0.0,0.0
2023-10-11 00:00:00-04:00,134.11870202064267,134.506807363807,131.73461425540174,132.14120483398438,5469100,0.0,0.0
2023-10-12 00:00:00-04:00,131.94712264392348,133.0005552817311,130.9029396723016,132.4368896484375,5965600,0.0,0.0
2023-10-13 00:00:00-04:00,132.31676915289188,134.01704407803874,132.31676915289188,133.70286560058594,7078900,0.0,0.0
2023-10-16 00:00:00-04:00,134.78402865847636,135.89290307493843,134.4144085530234,134.97808837890625,6509800,0.0,0.0
2023-10-17 00:00:00-04:00,135.01503674077279,135.6711286041533,134.21110530404235,135.1536407470703,6160100,0.0,0.0
2023-10-18 00:00:00-04:00,138.66508041889637,139.81092517583986,137.47304372909437,138.63735961914062,10508500,0.0,0.0
2023-10-19 00:00:00-04:00,139.12185313894523,139.74488225787513,136.8621966612995,137.85719299316406,8146000,0.941,0.0
2023-10-20 00:00:00-04:00,138.60110027505405,139.3729162070171,137.55031250673974,137.67120361328125,7284200,0.0,0.0
2023-10-23 00:00:00-04:00,137.4945421024736,139.01957229452853,137.21557022326004,137.7642059326172,5981800,0.0,0.0
2023-10-24 00:00:00-04:00,137.73627993707575,139.54958965947935,137.6897964583237,139.39149475097656,6322000,0.0,0.0
2023-10-25 00:00:00-04:00,139.14972770644428,140.5910702851397,138.66617749784857,140.0424346923828,6172900,0.0,0.0
2023-10-26 00:00:00-04:00,140.46089377791867,140.7677613793871,139.24273141969667,139.29852294921875,7582100,0.0,0.0
2023-10-27 00:00:00-04:00,138.53601742129254,139.43801842722468,136.02529896924486,136.84361267089844,8131800,0.0,0.0
2023-10-30 00:00:00-04:00,137.53174166432024,139.06608001625864,137.19697822290644,138.79640197753906,5412800,0.0,0.0
2023-10-31 00:00:00-04:00,138.98234123561357,139.7262471062962,138.21981927234046,139.5123748779297,6762100,0.0,0.0
2023-11-01 00:00:00-04:00,140.11682348969413,140.11682348969413,138.74988843813074,139.12184143066406,5896900,0.0,0.0
2023-11-02 00:00:00-04:00,139.05675032712412,141.01883298886614,138.47092503763866,140.8235626220703,5859200,0.0,0.0
2023-11-03 00:00:00-04:00,141.14898474590782,141.6139330000389,139.13111102567035,139.54957580566406,6587700,0.0,0.0
2023-11-06 00:00:00-05:00,139.81927026458385,140.6468777711776,139.5775022273995,140.35861206054688,6480800,0.0,0.0
2023-11-07 00:00:00-05:00,140.34000970669595,140.64687732354815,139.59608950121466,140.03314208984375,6003800,0.0,0.0
2023-11-08 00:00:00-05:00,140.3772028309543,140.6003689432357,139.02884135346977,139.49378967285156,4832600,0.0,0.0
2023-11-09 00:00:00-05:00,139.24272951679808,139.80996704101562,138.66618394505605,139.80996704101562,6581500,0.0,0.0
2023-11-10 00:00:00-05:00,140.26560639894026,140.8235500610719,139.4101031890094,140.795654296875,5387200,0.0,0.0
2023-11-13 00:00:00-05:00,140.832874571737,142.18122216141032,140.832874571737,141.77207946777344,6297500,0.0,0.0
2023-11-14 00:00:00-05:00,141.8557192115073,142.7391180816857,141.04669957770398,141.4558563232422,7982600,0.0,0.0
2023-11-15 00:00:00-05:00,141.400095502084,141.70696312786453,139.8378757953085,140.80496215820312,7672600,0.0,0.0
2023-11-16 00:00:00-05:00,141.33497918470684,142.17188038892255,140.70264216382125,142.1160888671875,7590500,0.0,0.0
2023-11-17 00:00:00-05:00,142.0138005421085,142.1253835862552,140.31208817339575,140.47947692871094,8495600,0.0,0.0
2023-11-20 00:00:00-05:00,139.67981941823965,140.44232749695766,139.1683732860565,139.73561096191406,6856500,0.0,0.0
2023-11-21 00:00:00-05:00,139.34502173964233,139.4937944231974,138.39652316285608,139.12184143066406,7310400,0.0,0.0
2023-11-22 00:00:00-05:00,139.57749542607147,140.86074317825558,139.57749542607147,140.43299865722656,4372700,0.0,0.0
2023-11-24 00:00:00-05:00,140.58175530816766,141.1025093012677,140.4422764996291,140.7677459716797,2132500,0.0,0.0
2023-11-27 00:00:00-05:00,140.8979737408931,141.00955682163348,140.1726553378809,140.63760375976562,6021300,0.0,0.0
2023-11-28 00:00:00-05:00,140.55388618243526,142.0603285456107,140.55388618243526,141.6139678955078,6110400,0.0,0.0
2023-11-29 00:00:00-05:00,141.61396297327897,141.76274985147506,140.40510860795442,140.53529357910156,5342700,0.0,0.0
2023-11-30 00:00:00-05:00,140.3214123580185,142.86004067378408,139.55890440972533,142.75775146484375,9771300,0.0,0.0
2023-12-01 00:00:00-05:00,142.58106743702572,142.72985431933807,141.55817535750097,141.95803833007812,5685400,0.0,0.0
2023-12-04 00:00:00-05:00,141.13043688765936,141.8371533254439,141.0281476752999,141.4001007080078,6578300,0.0,0.0
2023-12-05 00:00:00-05:00,141.47446685482672,141.91151938793337,135.93227692661432,136.47161865234375,11895800,0.0,0.0
2023-12-06 00:00:00-05:00,136.7041023531351,136.84359536505718,135.43014847434227,136.3693389892578,7610000,0.0,0.0
2023-12-07 00:00:00-05:00,136.2949732403897,136.787817381974,135.7835271908876,136.22987365722656,6119600,0.0,0.0
2023-12-08 00:00:00-05:00,135.6905116675404,135.9880853935922,134.3886620888044,134.9744873046875,6385300,0.0,0.0
2023-12-11 00:00:00-05:00,134.64903563866818,135.64401766017846,134.50954262990547,135.5975341796875,8471200,0.0,0.0
2023-12-12 00:00:00-05:00,135.63475876898002,135.97881607225324,134.90944034153364,135.7091522216797,6069200,0.0,0.0
2023-12-13 00:00:00-05:00,135.63474217407472,138.22914789496136,135.25348109654882,138.1640625,9055500,0.0,0.0
2023-12-14 00:00:00-05:00,138.05247015679004,138.13615745430454,134.25848992272668,134.51885986328125,10565200,0.0,0.0
2023-12-15 00:00:00-05:00,133.1426178767775,134.13761426999852,132.51029485944395,133.86795043945312,14550000,0.0,0.0
2023-12-18 00:00:00-05:00,134.06319562904025,137.15045925565838,134.0445937234676,135.92298889160156,8421800,0.0,0.0
2023-12-19 00:00:00-05:00,135.45804057596123,136.0810696162277,135.19767065433038,135.92298889160156,5233600,0.0,0.0
2023-12-20 00:00:00-05:00,135.36507362562136,135.83002199003317,133.75634206860593,133.82144165039062,7663800,0.0,0.0
2023-12-21 00:00:00-05:00,134.38867859168658,134.63974049113986,133.09612271225322,134.1468963623047,6104700,0.0,0.0
2023-12-22 00:00:00-05:00,134.37007962340368,135.4208674855376,134.17479506379271,135.09539794921875,4413800,0.0,0.0
2023-12-26 00:00:00-05:00,134.9187342022085,135.92302453000354,134.8071511177091,135.7091522216797,3634900,0.0,0.0
2023-12-27 00:00:00-05:00,135.43943296158855,136.0531681177479,135.169769193086,135.82069396972656,4569400,0.0,0.0
2023-12-28 00:00:00-05:00,135.76493108624717,135.77422494605418,134.87222392631216,135.51385498046875,5023000,0.0,0.0
2023-12-29 00:00:00-05:00,135.76492133976214,136.65762843561023,135.5138452520083,136.26705932617188,5300900,0.0,0.0
2024-01-02 00:00:00-05:00,136.0996920946482,138.93588008659205,136.05319441823625,138.31285095214844,7238400,0.0,0.0
2024-01-03 00:00:00-05:00,137.94086997040293,138.74058168198178,136.8621864172785,137.47592163085938,7697500,0.0,0.0
2024-01-04 00:00:00-05:00,137.6712117188971,138.80568684818172,137.41084177339877,138.22914123535156,7067400,0.0,0.0
2024-01-05 00:00:00-05:00,138.29424150008015,138.43372033260897,136.2763673179417,137.0853729248047,5294200,0.0,0.0
2024-01-08 00:00:00-05:00,137.54103905321477,138.4802297128648,137.29925680426194,138.266357421875,8255300,0.0,0.0
2024-01-09 00:00:00-05:00,138.15473662340352,138.92653827003122,137.6711864466299,138.83355712890625,9786800,0.0,0.0
2024-01-10 00:00:00-05:00,138.88007529984165,139.48450246823174,138.79637381464673,139.4287109375,8591100,0.0,0.0
2024-01-11 00:00:00-05:00,139.53101093174027,140.2284334980211,138.82428031688602,139.95875549316406,6659400,0.0,0.0
2024-01-12 00:00:00-05:00,140.36788999138102,140.6933594794754,139.3822018581985,140.0424346923828,5684700,0.0,0.0
2024-01-16 00:00:00-05:00,139.62399375002946,140.87936005986572,138.44303507326936,139.2892303466797,8120100,0.0,0.0
2024-01-17 00:00:00-05:00,138.703392659793,140.04244615374358,138.56389964386636,139.4287109375,6541400,0.0,0.0
2024-01-18 00:00:00-05:00,138.7091090166043,138.86818811819316,137.48325325593584,138.62489318847656,6526200,0.941,0.0
2024-01-19 00:00:00-05:00,138.72780801203746,139.07403810702957,137.8481825265585,138.09149169921875,7848100,0.0,0.0
2024-01-22 00:00:00-05:00,137.53000470261173,138.69036368668782,136.8843216501301,138.3628387451172,11084100,0.0,0.0
2024-01-23 00:00:00-05:00,143.27566782409954,146.35434317729926,143.06979739308454,144.08978271484375,19101600,0.0,0.0
2024-01-24 00:00:00-05:00,144.04296813171615,144.32370179039168,142.32115596727658,142.34922790527344,11592700,0.0,0.0
2024-01-25 00:00:00-05:00,142.61124174800034,145.66185893570295,142.293083599193,145.62442016601562,10352500,0.0,0.0
2024-01-26 00:00:00-05:00,145.8022325827073,146.12975759464345,145.36241980837397,146.1110382080078,8356600,0.0,0.0
2024-01-29 00:00:00-05:00,146.61635057552826,147.22460928526718,145.41856682179792,146.1297607421875,8987400,0.0,0.0
2024-01-30 00:00:00-05:00,146.2981700838187,147.77668730287252,145.81158032466664,147.3743133544922,7794700,0.0,0.0
2024-01-31 00:00:00-05:00,147.84220838460922,148.31944562451744,146.63505789733034,147.0467987060547,8870000,0.0,0.0
2024-02-01 00:00:00-05:00,146.70058641831767,149.0680820772157,146.5602124280964,148.95578002929688,7601100,0.0,0.0
2024-02-02 00:00:00-05:00,148.75927271245692,149.3488120434806,147.4117624008079,147.935791015625,7937700,0.0,0.0
2024-02-05 00:00:00-05:00,148.0106569278505,148.78734730964152,147.43983697394188,148.048095703125,6931900,0.0,0.0
2024-02-06 00:00:00-05:00,148.14163458043248,148.85282838191748,147.7298938066688,148.74989318847656,6185400,0.0,0.0
2024-02-07 00:00:00-05:00,148.88093783441963,149.56404559282174,148.54406023269763,148.89964294433594,7209300,0.0,0.0
2024-02-08 00:00:00-05:00,148.600211788809,148.88094551785036,147.63637026611178,148.4504852294922,6121600,0.0,0.0
2024-02-09 00:00:00-05:00,148.09485018953578,148.16971344996904,146.87836147393926,147.30880737304688,5978000,0.0,0.0
2024-02-12 00:00:00-05:00,147.25264958763086,147.48659189987106,145.50276566125982,147.01870727539062,5482000,0.0,0.0
2024-02-13 00:00:00-05:00,147.61761592339107,148.75925568011894,145.49341548702597,146.23268127441406,6046800,0.0,0.0
2024-02-14 00:00:00-05:00,146.129760988339,146.129760988339,144.96004917384224,145.63380432128906,5727300,0.0,0.0
2024-02-15 00:00:00-05:00,146.260767328778,147.30882453956437,146.12039334459215,146.92515563964844,6249200,0.0,0.0
2024-02-16 00:00:00-05:00,146.95322311991575,148.27266142618416,146.60699300444276,147.39303588867188,6617600,0.0,0.0
2024-02-20 00:00:00-05:00,148.50661012711913,149.52659540943708,147.97322896099394,148.3288116455078,6622100,0.0,0.0
2024-02-21 00:00:00-05:00,148.96512394204774,150.09739685058594,148.96512394204774,150.09739685058594,7121000,0.0,0.0
2024-02-22 00:00:00-05:00,149.21779358331966,150.7430879832937,148.44110327424215,150.24713134765625,6619500,0.0,0.0
2024-02-23 00:00:00-05:00,150.28457668110394,151.35135326378727,149.8728358459089,150.68695068359375,5486500,0.0,0.0
2024-02-26 00:00:00-05:00,150.68695658165805,150.81796373628347,149.78862588671478,149.92898559570312,4531900,0.0,0.0
2024-02-27 00:00:00-05:00,149.17098939464688,149.53593885503633,148.74989606015237,149.06805419921875,3868200,0.0,0.0
2024-02-28 00:00:00-05:00,148.85286259926036,149.8354091604051,148.45047428559968,149.76991271972656,3802900,0.0,0.0
2024-02-29 00:00:00-05:00,149.65758845076837,149.8260343622517,148.01999205370115,148.73118591308594,8348100,0.0,0.0
2024-03-01 00:00:00-05:00,147.8983542918159,148.81540429192614,147.48661347744175,148.64697265625,4819800,0.0,0.0
2024-03-04 00:00:00-05:00,147.6082778790487,149.49852188348186,147.54276716390362,149.31137084960938,3841600,0.0,0.0
2024-03-05 00:00:00-05:00,149.21779914084445,149.71375579495347,148.58146850543335,149.0867919921875,4481600,0.0,0.0
2024-03-06 00:00:00-05:00,149.42366067924368,149.71376120627014,148.7031284749414,149.32073974609375,5405700,0.0,0.0
2024-03-07 00:00:00-05:00,149.6763198766817,150.57466482654152,149.22715454110607,150.30328369140625,4783900,0.0,0.0
2024-03-08 00:00:00-05:00,149.58274396316762,150.89281540872142,148.12293170835468,150.05062866210938,5080200,0.0,0.0
2024-03-11 00:00:00-04:00,150.97706608281908,152.17485004633866,150.49047616425318,151.173583984375,5170900,0.0,0.0
2024-03-12 00:00:00-04:00,151.42623860080835,152.08127444376183,150.87412370294496,151.52915954589844,4229100,0.0,0.0
2024-03-13 00:00:00-04:00,151.95024473763317,152.27775547117767,150.96768397958292,151.87538146972656,5410500,0.0,0.0
2024-03-14 00:00:00-04:00,151.8192445704823,152.17482726100613,150.78053988341023,151.12677001953125,5848100,0.0,0.0
2024-03-15 00:00:00-04:00,150.37814993070327,151.12676835725497,150.00384785678185,151.0144805908203,10956900,0.0,0.0
2024-03-18 00:00:00-04:00,151.10807048408168,152.2684299243794,150.65890507568392,150.8554229736328,6086300,0.0,0.0
2024-03-19 00:00:00-04:00,151.40750545033939,151.75373559042316,150.81796610590774,151.43557739257812,6148100,0.0,0.0
2024-03-20 00:00:00-04:00,151.60400173897753,151.9689512492003,151.0986925243262,151.58529663085938,4870300,0.0,0.0
2024-03-21 00:00:00-04:00,151.678845992921,152.02509035161998,150.77114860818375,151.463623046875,5211500,0.0,0.0
2024-03-22 00:00:00-04:00,151.78179846663633,151.97831632927847,151.0986907817811,151.2764892578125,6393200,0.0,0.0
2024-03-25 00:00:00-04:00,150.8179441281899,151.27647624911887,149.4704339822581,149.90089416503906,7145600,0.0,0.0
2024-03-26 00:00:00-04:00,150.05997924210828,150.7898782205609,149.85410883498494,150.23777770996094,5842700,0.0,0.0
2024-03-27 00:00:00-04:00,150.9957393894005,152.2871056316729,150.97702000479615,152.1654510498047,6599700,0.0,0.0
2024-03-28 00:00:00-04:00,152.36197816706814,152.6614169454337,151.3139067460196,151.82858276367188,7191500,0.0,0.0
2024-04-01 00:00:00-04:00,151.38877432041534,151.66015544595277,149.53595488282392,150.26585388183594,5971900,0.0,0.0
2024-04-02 00:00:00-04:00,149.38622727239158,150.38750738971805,149.38622727239158,150.25650024414062,6771200,0.0,0.0
2024-04-03 00:00:00-04:00,150.31263350669172,150.5465758414634,145.68056385524673,146.12037658691406,9601800,0.0,0.0
2024-04-04 00:00:00-04:00,146.80352032775193,146.99067136767374,145.4279380523274,145.46536254882812,6801700,0.0,0.0
2024-04-05 00:00:00-04:00,145.31563837332183,146.97195437497328,144.75418524440747,146.07362365722656,5121200,0.0,0.0
2024-04-08 00:00:00-04:00,145.9519443673558,146.63505198407898,145.63378622024712,146.01744079589844,5476800,0.0,0.0
2024-04-09 00:00:00-04:00,146.23266104638813,146.6818262771419,145.69926573342002,146.5976104736328,4608100,0.0,0.0
2024-04-10 00:00:00-04:00,145.65249670945718,147.4585390182425,145.65249670945718,147.140380859375,7784900,0.0,0.0
2024-04-11 00:00:00-04:00,147.43049446800975,147.47728580093752,145.7648258224942,145.830322265625,8209800,0.0,0.0
2024-04-12 00:00:00-04:00,145.25012265954655,145.95194968659163,144.80095736027576,145.35305786132812,6770500,0.0,0.0
2024-04-15 00:00:00-04:00,146.37306008509353,146.7473764436463,145.35307478061685,145.46536254882812,5754000,0.0,0.0
2024-04-16 00:00:00-04:00,145.8396591711186,146.85964433756223,145.6712132628881,145.9332275390625,6103300,0.0,0.0
2024-04-17 00:00:00-04:00,146.26074576314127,147.0280691711254,145.73671723501425,146.87835693359375,6621900,0.0,0.0
2024-04-18 00:00:00-04:00,147.24283973041798,148.4577848876398,146.88496105176955,148.13755798339844,7819300,1.007,0.0
2024-04-19 00:00:00-04:00,145.9619967108138,148.9757917612091,144.58695945543425,148.93812561035156,12034200,0.0,0.0
2024-04-22 00:00:00-04:00,149.21123239341455,151.90481464074688,148.099901398602,151.19845581054688,8926300,0.0,0.0
2024-04-23 00:00:00-04:00,152.27211931737676,152.6676929052054,151.08544166661198,152.10260009765625,7707300,0.0,0.0
2024-04-24 00:00:00-04:00,151.82006564209544,153.38347674456887,150.14364171758092,153.13861083984375,7217600,0.0,0.0
2024-04-25 00:00:00-04:00,153.48705088093286,154.75850239929702,152.64883905924935,153.09149169921875,7094600,0.0,0.0
2024-04-26 00:00:00-04:00,153.0444296240949,153.81672225931115,151.1513929296563,151.9048309326172,5659800,0.0,0.0
2024-04-29 00:00:00-04:00,151.79180295242406,152.37572165769663,151.07603117270588,152.2532958984375,4621000,0.0,0.0
2024-04-30 00:00:00-04:00,152.42282489661417,153.84496997388857,152.19679925215812,153.7036895751953,8106100,0.0,0.0
2024-05-01 00:00:00-04:00,153.7790464964115,154.68319224722202,152.78072817777038,153.89205932617188,7543000,0.0,0.0
2024-05-02 00:00:00-04:00,154.02389584583233,154.9186285548648,153.17627097201043,154.3064422607422,5647500,0.0,0.0
2024-05-03 00:00:00-04:00,154.02390132392512,155.12583381835617,152.72421076256657,154.890380859375,5581500,0.0,0.0
2024-05-06 00:00:00-04:00,155.19173353075962,155.38009299992152,153.7601756974978,154.87152099609375,5472400,0.0,0.0
2024-05-07 00:00:00-04:00,155.38008835000105,156.37840644049905,155.01278236631018,156.1147003173828,6433000,0.0,0.0
2024-05-08 00:00:00-04:00,156.32189670518872,156.68920268104733,155.33299157913694,155.46485900878906,4579400,0.0,0.0
2024-05-09 00:00:00-04:00,155.44603352574845,156.65155142626676,155.44603352574845,156.37841796875,4671100,0.0,0.0
2024-05-10 00:00:00-04:00,156.42552544793577,157.62163051158257,156.05821940425315,157.1413116455078,4879400,0.0,0.0
2024-05-13 00:00:00-04:00,157.1412933401619,157.89473122955255,155.73798868499466,156.2183074951172,5725500,0.0,0.0
2024-05-14 00:00:00-04:00,155.89808765287432,156.40667401238838,154.41002346048654,156.1147003173828,6009800,0.0,0.0
2024-05-15 00:00:00-04:00,155.69090416952568,156.981181718693,155.5119576306966,156.82107543945312,5102700,0.0,0.0
2024-05-16 00:00:00-04:00,157.2166065016477,158.54456433210348,156.8963940005307,158.09249877929688,6793600,0.0,0.0
2024-05-17 00:00:00-04:00,157.91356814311462,158.22436773281282,157.16954321328407,157.88531494140625,4700800,0.0,0.0
2024-05-20 00:00:00-04:00,157.80057920333158,158.11137884003764,157.08479299604176,157.5745391845703,3804600,0.0,0.0
2024-05-21 00:00:00-04:00,157.99835145631008,158.7329635527704,157.55569873524956,158.5540313720703,5147100,0.0,0.0
2024-05-22 00:00:00-04:00,158.23380016538536,158.62935940892794,157.87592144269902,158.04544067382812,4536700,0.0,0.0
2024-05-23 00:00:00-04:00,157.55567746812096,158.32796998220533,155.7003215873829,155.8604278564453,4729800,0.0,0.0
2024-05-24 00:00:00-04:00,156.1994781697144,156.6327035094885,155.54019847464784,155.70973205566406,3820100,0.0,0.0
2024-05-28 00:00:00-04:00,154.9186165283068,155.17289534816877,152.81836602488497,153.61891174316406,6466200,0.0,0.0
2024-05-29 00:00:00-04:00,153.18567773119625,153.27045171188155,152.027253284839,152.24386596679688,4360400,0.0,0.0
2024-05-30 00:00:00-04:00,152.24387377665664,153.2327790541866,152.0837674930044,153.11976623535156,4748200,0.0,0.0
2024-05-31 00:00:00-04:00,152.98790219968166,155.1823252906506,152.54524952973603,154.9656982421875,10341400,0.0,0.0
2024-06-03 00:00:00-04:00,154.39119978169074,156.56679708737832,154.10866774151728,155.06930541992188,5828400,0.0,0.0
2024-06-04 00:00:00-04:00,155.2011837828986,157.39560733486823,154.8338776999197,157.29200744628906,6277000,0.0,0.0
2024-06-05 00:00:00-04:00,157.29196380844851,157.29196380844851,155.38008724401158,156.38783264160156,5243300,0.0,0.0
2024-06-06 00:00:00-04:00,156.1806553417576,158.77063783857625,155.4742964789889,158.6670379638672,6302000,0.0,0.0
2024-06-07 00:00:00-04:00,158.60108982284365,159.13792940778848,157.13186582117277,157.3390655517578,4558200,0.0,0.0
2024-06-10 00:00:00-04:00,157.07537350168207,157.96067890794825,156.4161081047523,157.61221313476562,4110600,0.0,0.0
2024-06-11 00:00:00-04:00,157.25431556054602,157.75347465904832,156.35959723516874,157.73463439941406,3947700,0.0,0.0
2024-06-12 00:00:00-04:00,157.7534919331089,157.88534502317185,154.6643500765691,155.5684814453125,5474500,0.0,0.0
2024-06-13 00:00:00-04:00,154.89976600147762,157.28254836901237,154.89976600147762,156.7268829345703,4902200,0.0,0.0
2024-06-14 00:00:00-04:00,156.3313702885805,157.2166614473804,155.63442427412795,157.08480834960938,3695000,0.0,0.0
2024-06-17 00:00:00-04:00,156.19946504064572,158.89304688515892,155.77563830918228,157.75344848632812,6759400,0.0,0.0
2024-06-18 00:00:00-04:00,157.31081445959092,158.83654488626752,157.22605485164374,158.7517852783203,5112600,0.0,0.0
2024-06-20 00:00:00-04:00,158.57283956882034,158.95898583489966,157.150709001461,157.91357421875,8483600,0.0,0.0
2024-06-21 00:00:00-04:00,157.73462627334067,159.0531713325701,157.45207987701244,158.46923828125,14682000,0.0,0.0
2024-06-24 00:00:00-04:00,158.9401527153127,159.55233900216,157.73463477220434,158.648193359375,7565200,0.0,0.0
2024-06-25 00:00:00-04:00,158.81773557522934,159.08144174141643,156.24657889854277,157.1413116455078,7968200,0.0,0.0
2024-06-26 00:00:00-04:00,156.38784441659757,158.04542792789286,156.0205384078654,157.7063751220703,5164000,0.0,0.0
2024-06-27 00:00:00-04:00,157.7440686820338,158.3185744735409,155.8698579655973,156.9246826171875,5007000,0.0,0.0
2024-06-28 00:00:00-04:00,156.34075156106056,157.50860331251303,155.00338059149286,155.32359313964844,9253100,0.0,0.0
2024-07-01 00:00:00-04:00,155.95461270223024,156.538545791156,152.7618712711922,153.25161743164062,7638600,0.0,0.0
2024-07-02 00:00:00-04:00,153.1197614753782,154.49479863148525,152.30038982248004,154.36294555664062,5449200,0.0,0.0
2024-07-03 00:00:00-04:00,153.71312407666062,154.6549359616766,153.49649699605254,154.2970428466797,2980500,0.0,0.0
2024-07-05 00:00:00-04:00,154.46655501565579,155.9922999717431,153.98623614981634,155.59674072265625,6509200,0.0,0.0
2024-07-08 00:00:00-04:00,156.29365053909305,156.97175612056765,155.98285095000833,156.8304901123047,5144500,0.0,0.0
2024-07-09 00:00:00-04:00,156.93408153131767,157.0565072749229,155.5307769841518,156.02052307128906,4393100,0.0,0.0
2024-07-10 00:00:00-04:00,156.24658371566244,157.20723584833726,155.90753086712476,157.09422302246094,5037100,0.0,0.0
2024-07-11 00:00:00-04:00,156.62328730423351,156.93408688720234,155.1917295080787,155.90750122070312,5831500,0.0,0.0
2024-07-12 00:00:00-04:00,156.54794668620886,157.88531761638592,156.35958721465974,156.91525268554688,4684600,0.0,0.0
2024-07-15 00:00:00-04:00,156.7833957406738,156.92466174811508,154.89035938642976,155.0033721923828,5752500,0.0,0.0
2024-07-16 00:00:00-04:00,155.31418392681573,157.34850081851158,155.031637518929,157.2354736328125,6378300,0.0,0.0
2024-07-17 00:00:00-04:00,157.9889175436448,160.26810020337217,157.5933583419638,159.58058166503906,7982300,0.0,0.0
2024-07-18 00:00:00-04:00,158.97783150251018,160.9744678794837,158.48808535254992,158.63877868652344,5926300,0.0,0.0
2024-07-19 00:00:00-04:00,159.14757685706647,160.16136886297159,158.35170032689695,159.1381072998047,6597100,1.007,0.0
2024-07-22 00:00:00-04:00,159.1096729877644,159.83923371743694,158.89175750754418,159.41287231445312,6383000,0.0,0.0
2024-07-23 00:00:00-04:00,159.28021388631706,159.57392917545977,157.58423796320025,157.86846923828125,4863400,0.0,0.0
2024-07-24 00:00:00-04:00,157.58424186383905,159.4412870412482,156.88310430082768,159.17599487304688,5907000,0.0,0.0
2024-07-25 00:00:00-04:00,159.47920274554093,161.15622522941615,158.10535067397336,158.13377380371094,7338300,0.0,0.0
2024-07-26 00:00:00-04:00,158.46540053125597,160.42668328004495,158.2569546026695,160.2277069091797,5581600,0.0,0.0
2024-07-29 00:00:00-04:00,159.98136184153643,161.58258447225452,159.28022425025895,161.00462341308594,6797800,0.0,0.0
2024-07-30 00:00:00-04:00,153.29214803922417,153.85116991187564,149.73911275273122,153.20687866210938,15746300,0.0,0.0
2024-07-31 00:00:00-04:00,152.36363035889755,154.30595926850924,150.84767726304162,152.31625366210938,9660900,0.0,0.0
2024-08-01 00:00:00-04:00,152.42999177393455,157.57478114353188,152.2404849480573,156.9873504638672,12532700,0.0,0.0
2024-08-02 00:00:00-04:00,158.64540734080515,161.40256638050434,156.47567888209835,161.14674377441406,11899000,0.0,0.0
2024-08-05 00:00:00-04:00,161.9047234509693,161.9047234509693,157.91584263836143,159.2328338623047,10338800,0.0,0.0
2024-08-06 00:00:00-04:00,159.0812534480007,161.38362820781376,159.03389120230895,159.2612762451172,7454900,0.0,0.0
2024-08-07 00:00:00-04:00,159.71605208173574,162.70059599446395,159.18545332500958,161.0898895263672,8385500,0.0,0.0
2024-08-08 00:00:00-04:00,160.52141085914388,162.5490092830414,160.12347260294035,161.89524841308594,6386900,0.0,0.0
2024-08-09 00:00:00-04:00,161.18467275010153,162.26479521559548,160.7393577070403,161.58261108398438,5377300,0.0,0.0
2024-08-12 00:00:00-04:00,160.5024521618618,160.73932119660915,157.47053140856357,158.04849243164062,7208100,0.0,0.0
2024-08-13 00:00:00-04:00,158.55067260252426,158.9865180398461,157.71690333142644,158.5032958984375,3770000,0.0,0.0
2024-08-14 00:00:00-04:00,157.7547772076724,160.56878249823416,157.11050037241282,159.93397521972656,5476600,0.0,0.0
2024-08-15 00:00:00-04:00,160.55932593663314,160.76775740341623,157.99165902985106,159.10020446777344,9491400,0.0,0.0
2024-08-16 00:00:00-04:00,159.0054615281068,159.50762275342854,158.03903176392524,159.07177734375,5640800,0.0,0.0
2024-08-19 00:00:00-04:00,159.3465293560925,160.35086620279787,159.33705979938964,159.5739288330078,3885300,0.0,0.0
2024-08-20 00:00:00-04:00,159.90556645006305,161.60154253061577,159.2802286721583,161.4594268798828,4513600,0.0,0.0
2024-08-21 00:00:00-04:00,161.25097256714486,162.8616791734839,160.69196509354973,161.22254943847656,4082000,0.0,0.0
2024-08-22 00:00:00-04:00,161.90472645901727,162.24581844566617,160.25611278065793,161.2130584716797,4097300,0.0,0.0
2024-08-23 00:00:00-04:00,161.11834491312018,161.17519117696006,159.41288471121996,160.28456115722656,4771300,0.0,0.0
2024-08-26 00:00:00-04:00,159.8392282644434,161.99000323558028,159.8392282644434,161.40257263183594,6472400,0.0,0.0
2024-08-27 00:00:00-04:00,161.8573657373734,162.1131883669463,160.1992823386474,160.3603515625,4456400,0.0,0.0
2024-08-28 00:00:00-04:00,160.52142038861268,162.20792691340796,159.7255438289578,160.18032836914062,5644800,0.0,0.0
2024-08-29 00:00:00-04:00,160.83407307455045,161.6394335680211,160.06661972239095,161.099365234375,4413200,0.0,0.0
2024-08-30 00:00:00-04:00,161.22256763491146,162.85222799674116,160.77725262572886,162.5300750732422,7301600,0.0,0.0
2024-09-03 00:00:00-04:00,162.04684908651566,165.80833065861538,162.0089564007372,165.35354614257812,10101400,0.0,0.0
2024-09-04 00:00:00-04:00,164.51029597033826,166.7558099207636,164.51029597033826,166.6610565185547,7517500,0.0,0.0
2024-09-05 00:00:00-04:00,166.7463232093865,167.27690750955784,165.4956478241216,166.25363159179688,6061900,0.0,0.0
2024-09-06 00:00:00-04:00,166.52840930468597,167.741177666601,166.13047104130817,166.36734008789062,5785700,0.0,0.0
2024-09-09 00:00:00-04:00,166.31997614394345,167.55169817211384,165.48620686701335,166.8126678466797,6450200,0.0,0.0
2024-09-10 00:00:00-04:00,166.6705519519717,168.59392759840242,166.6705519519717,168.45179748535156,6396300,0.0,0.0
2024-09-11 00:00:00-04:00,167.32429302543133,167.70327770057628,164.5102877175973,164.78504943847656,6828200,0.0,0.0
2024-09-12 00:00:00-04:00,164.76611145473674,165.43882594269866,163.38280424798918,164.35870361328125,4838900,0.0,0.0
2024-09-13 00:00:00-04:00,164.26393109810718,165.37247642902582,163.7238772248927,164.9366455078125,3918000,0.0,0.0
2024-09-16 00:00:00-04:00,165.53358084093156,167.99701039929735,165.1640656843097,167.93069458007812,6892300,0.0,0.0
2024-09-17 00:00:00-04:00,167.35271219463107,167.67485060661826,166.14941347063387,166.64210510253906,4757100,0.0,0.0
2024-09-18 00:00:00-04:00,165.85570210890205,166.6610481579197,163.5059653168584,164.78504943847656,5102900,0.0,0.0
2024-09-19 00:00:00-04:00,163.79970427885888,164.0649964812646,161.4310135735646,162.5300750732422,8692000,0.0,0.0
2024-09-20 00:00:00-04:00,162.50162352437698,165.37247500057475,162.49215396785442,165.0692901611328,28647500,0.0,0.0
2024-09-23 00:00:00-04:00,164.8703293726405,165.9883588133419,163.52491489523607,164.6429443359375,10265000,0.0,0.0
2024-09-24 00:00:00-04:00,163.79970081403874,165.33460773225283,163.55334773320112,164.1407928466797,5422400,0.0,0.0
2024-09-25 00:00:00-04:00,164.9271630336792,165.5051095453831,163.02272691966752,163.21221923828125,8916500,0.0,0.0
2024-09-26 00:00:00-04:00,162.49219010084227,165.4388420564748,162.35954399333932,164.1123809814453,4957200,0.0,0.0
2024-09-27 00:00:00-04:00,163.92284878497065,165.2872167980758,163.51544096687522,164.4344940185547,4599500,0.0,0.0
2024-09-30 00:00:00-04:00,164.6050206792011,164.86084327716858,163.63860545548042,164.1028594970703,6296600,0.0,0.0
2024-10-01 00:00:00-04:00,164.1407702198984,164.86084687517112,163.15538694706373,163.95126342773438,7130600,0.0,0.0
2024-10-02 00:00:00-04:00,162.97536032244108,163.3922521236212,162.09421448049608,162.8900909423828,6212700,0.0,0.0
2024-10-03 00:00:00-04:00,162.36896111528395,162.36896111528395,160.85300815587254,161.1846160888672,4794300,0.0,0.0
2024-10-04 00:00:00-04:00,159.98135775515755,161.15621895816415,159.42233582494669,160.00978088378906,6002800,0.0,0.0
2024-10-07 00:00:00-04:00,160.27506829587753,160.67300654223934,158.10533982585085,158.3422088623047,6325300,0.0,0.0
2024-10-08 00:00:00-04:00,158.08639951394701,159.73499874247275,157.53686161865892,159.3275909423828,7473000,0.0,0.0
2024-10-09 00:00:00-04:00,159.53604972536766,160.8909337734417,159.17600413727988,160.37930297851562,8758800,0.0,0.0
2024-10-10 00:00:00-04:00,159.93397993888888,160.87197209186107,159.52655766911533,160.0760955810547,6932300,0.0,0.0
2024-10-11 00:00:00-04:00,160.55930725021443,162.40688276505819,160.0950387537304,162.1036834716797,7036500,0.0,0.0
2024-10-14 00:00:00-04:00,162.03738167147486,163.761780815304,161.77208949550115,163.44911193847656,5909000,0.0,0.0
2024-10-15 00:00:00-04:00,163.80916932146272,165.72307540663704,163.74285350135975,164.45346069335938,7172200,0.0,0.0
2024-10-16 00:00:00-04:00,162.8522049192378,163.52490488810344,161.91419832822191,163.32594299316406,6117000,0.0,0.0
2024-10-17 00:00:00-04:00,163.13643251750275,164.55764670722013,162.7384942792625,163.23118591308594,7045600,0.0,0.0
2024-10-18 00:00:00-04:00,162.30388738746097,164.12421042756347,160.55028460961736,163.2378692626953,8372500,1.007,0.0
2024-10-21 00:00:00-04:00,162.95196452891383,163.42848800710067,160.54075689267583,161.57957458496094,5522500,0.0,0.0
2024-10-22 00:00:00-04:00,160.65509224386585,162.7136621027001,160.65509224386585,161.73202514648438,7511400,0.0,0.0
2024-10-23 00:00:00-04:00,161.58910079713525,162.17998520693592,160.8075953781874,161.61769104003906,4837800,0.0,0.0
2024-10-24 00:00:00-04:00,161.46520102715738,161.97985448722437,160.99820281966566,161.6558074951172,5861200,0.0,0.0
2024-10-25 00:00:00-04:00,160.98867837421005,161.4461368080214,160.14999246027142,160.32154846191406,4877900,0.0,0.0
2024-10-28 00:00:00-04:00,161.33176506980547,161.69392751617465,160.47402874585154,161.350830078125,5753800,0.0,0.0
2024-10-29 00:00:00-04:00,160.93149812547313,160.93149812547313,158.99681410578646,159.3208465576172,5681000,0.0,0.0
2024-10-30 00:00:00-04:00,159.2445876595205,159.46379889584676,158.16765465526532,158.35826110839844,5518100,0.0,0.0
2024-10-31 00:00:00-04:00,157.97703954419677,159.1969383404963,157.33849990412912,157.4242706298828,6056500,0.0,0.0
2024-11-01 00:00:00-04:00,157.548169410659,158.5393462592692,157.24320198655317,157.34803771972656,5454800,0.0,0.0
2024-11-04 00:00:00-05:00,157.9389289090288,158.463107597488,156.85245605583208,157.3289794921875,5130200,0.0,0.0
2024-11-05 00:00:00-05:00,156.6142006784202,158.51076926714308,156.6142006784202,157.97705078125,4397400,0.0,0.0
2024-11-06 00:00:00-05:00,157.83409645937624,158.24389964285527,152.3064215740312,153.4882049560547,11473700,0.0,0.0
2024-11-07 00:00:00-05:00,154.355496277556,156.25205047292047,153.89802325371093,155.73741149902344,9056700,0.0,0.0
2024-11-08 00:00:00-05:00,156.31874976141378,159.873610470817,156.23296449199248,159.8354949951172,7506200,0.0,0.0
2024-11-11 00:00:00-05:00,159.15881630469127,160.60745151896046,157.99609804015603,158.23435974121094,6364400,0.0,0.0
2024-11-12 00:00:00-05:00,158.3392312232764,159.21603273605345,157.79600198423063,158.05331420898438,6507500,0.0,0.0
2024-11-13 00:00:00-05:00,158.26295649144154,158.96821639081452,157.90079403739315,158.758544921875,5412300,0.0,0.0
2024-11-14 00:00:00-05:00,158.88245420682324,160.1499937794559,158.6918331940187,159.23507690429688,7444300,0.0,0.0
2024-11-15 00:00:00-05:00,160.05470818016855,162.5612263289809,159.04448073318727,161.57957458496094,9939400,0.0,0.0
2024-11-18 00:00:00-05:00,161.16976123987962,163.3998874874041,160.90290927226175,162.73275756835938,6681000,0.0,0.0
2024-11-19 00:00:00-05:00,162.6755733335375,163.13303176143734,161.6939362161997,162.74227905273438,5683700,0.0,0.0
2024-11-20 00:00:00-05:00,162.02750969384198,163.0377516948626,161.55098621013784,162.86619567871094,7081100,0.0,0.0
2024-11-21 00:00:00-05:00,163.60002216815616,165.3631500765296,162.22763240752224,164.6388397216797,6240400,0.0,0.0
2024-11-22 00:00:00-05:00,165.97310309037752,169.0705053525008,165.71579091139424,168.0030975341797,10609800,0.0,0.0
2024-11-25 00:00:00-05:00,169.14676011090882,170.4238540118878,168.5939911626162,169.0609893798828,19357000,0.0,0.0
2024-11-26 00:00:00-05:00,168.87989398769454,171.03378911299401,168.87989398769454,170.8908233642578,6276700,0.0,0.0
2024-11-27 00:00:00-05:00,171.5484412529392,171.95824443783061,170.33806762335448,170.93849182128906,5522900,0.0,0.0
2024-11-29 00:00:00-05:00,170.3094662659425,171.19580738326013,169.90918834088765,170.84317016601562,3823700,0.0,0.0
2024-12-02 00:00:00-05:00,170.70974330131048,171.70092014685824,169.65186073977154,171.26251220703125,5728200,0.0,0.0
2024-12-03 00:00:00-05:00,170.376199898783,171.18628104557624,166.97381545522614,167.18348693847656,8127300,0.0,0.0
2024-12-04 00:00:00-05:00,165.99216465876214,166.92614648043474,165.31550955308012,166.88803100585938,6823500,0.0,0.0
2024-12-05 00:00:00-05:00,166.64978365949452,168.1746645360474,166.25903093530584,167.7648468017578,5022200,0.0,0.0
2024-12-06 00:00:00-05:00,167.13581074267583,168.44149473246958,165.59187959795875,165.65859985351562,5741200,0.0,0.0
2024-12-09 00:00:00-05:00,165.48704799815076,165.6014089621415,162.42776133033593,162.77085876464844,7164300,0.0,0.0
2024-12-10 00:00:00-05:00,162.41825016169196,164.81039263379557,161.951251947724,164.19091796875,6219900,0.0,0.0
2024-12-11 00:00:00-05:00,164.8866191465545,165.24878157864254,162.39916645436733,162.61837768554688,5237500,0.0,0.0
2024-12-12 00:00:00-05:00,163.3808030429817,163.75250524902893,162.037018131018,162.8280487060547,4072800,0.0,0.0
2024-12-13 00:00:00-05:00,162.75180581053297,163.72390307427224,162.13231666626064,163.02818298339844,3884500,0.0,0.0
2024-12-16 00:00:00-05:00,163.3998733378841,164.6674273454767,163.06631567841674,163.10443115234375,5943600,0.0,0.0
2024-12-17 00:00:00-05:00,162.65649090856445,163.8763896139103,162.03701632340932,162.33245849609375,6069200,0.0,0.0
2024-12-18 00:00:00-05:00,161.78923923901866,162.5516796803535,161.08399382821597,161.14117431640625,7517100,0.0,0.0
2024-12-19 00:00:00-05:00,161.0744614412718,162.11329367963876,159.4924145401771,161.2460174560547,8585200,0.0,0.0
2024-12-20 00:00:00-05:00,160.94100241746472,161.89404918166804,159.63533300405484,160.16903686523438,21999300,0.0,0.0
2024-12-23 00:00:00-05:00,160.16908058015915,160.75996508168657,158.54890354728673,160.21673583984375,6983900,0.0,0.0
2024-12-24 00:00:00-05:00,159.7497073912298,161.2364581415932,159.55910093083415,161.0077362060547,2460800,0.0,0.0
2024-12-26 00:00:00-05:00,160.40731343832692,162.30388191029087,160.1785915007954,162.1704559326172,3629400,0.0,0.0
2024-12-27 00:00:00-05:00,161.46520210236966,162.74228144278015,161.3127111100498,161.57003784179688,4367900,0.0,0.0
2024-12-30 00:00:00-05:00,160.75038338570445,161.04582553269887,158.88242001784496,159.24456787109375,4354500,0.0,0.0
2024-12-31 00:00:00-05:00,159.5019126222575,160.18810747989187,158.76806251627684,159.77828979492188,3957600,0.0,0.0
2025-01-02 00:00:00-05:00,160.19765136039643,160.78855033246174,158.1200160801802,158.1867218017578,5401700,0.0,0.0
2025-01-03 00:00:00-05:00,158.44404052038632,158.68230223545459,156.5379467998403,157.3766326904297,5256600,0.0,0.0
2025-01-06 00:00:00-05:00,155.16553604622845,155.82314061781182,152.90681994586737,153.05931091308594,8731700,0.0,0.0
2025-01-07 00:00:00-05:00,153.87894667054653,154.97494470170093,153.19275179357214,153.72645568847656,8447400,0.0,0.0
2025-01-08 00:00:00-05:00,153.43103938386614,154.77482458082866,153.03076139515994,154.48892211914062,4974800,0.0,0.0
2025-01-10 00:00:00-05:00,152.63045336714933,153.6406952844653,150.07629468644697,151.1151123046875,8501500,0.0,0.0
2025-01-13 00:00:00-05:00,151.86802120790966,152.57326656908464,150.9721548430585,151.3819580078125,6772200,0.0,0.0
2025-01-14 00:00:00-05:00,151.39150442502827,152.55422279522622,150.8768509602697,152.23971557617188,5982200,0.0,0.0
2025-01-15 00:00:00-05:00,153.04981241896814,153.58351640584362,151.8585036831414,152.15394592285156,8059200,0.0,0.0
2025-01-16 00:00:00-05:00,152.1253490670471,153.04028053504103,151.6678906042213,152.9640350341797,5774400,0.0,0.0
2025-01-17 00:00:00-05:00,152.23971850297423,154.15533755512408,152.1062925173868,153.564453125,7262700,0.0,0.0
2025-01-21 00:00:00-05:00,153.40242912294096,154.72716367784517,153.40242912294096,154.12673950195312,13914700,0.0,0.0
2025-01-22 00:00:00-05:00,159.25411952575413,160.24528175822692,156.71901165219674,157.0049285888672,14356700,0.0,0.0
2025-01-23 00:00:00-05:00,156.18530348980292,158.6632162738836,155.65159964530366,158.3487091064453,7614300,0.0,0.0
2025-01-24 00:00:00-05:00,159.0841930160895,159.0841930160895,156.48568043922427,157.36782836914062,6199800,1.007,0.0
2025-01-27 00:00:00-05:00,159.860855407228,162.94838027398046,159.2759512646192,162.67990112304688,9170800,0.0,0.0
2025-01-28 00:00:00-05:00,161.96077235369341,162.61278902870748,159.27596596553795,159.35267639160156,6716300,0.0,0.0
2025-01-29 00:00:00-05:00,159.86086759397554,160.40740925324923,159.05543007977354,159.39102172851562,4850300,0.0,0.0
2025-01-30 00:00:00-05:00,160.5895886711179,160.70466161956537,159.10335533656666,160.52247619628906,4136500,0.0,0.0
2025-01-31 00:00:00-05:00,159.1704719873591,159.7649594297241,158.41298039566868,159.160888671875,5464700,0.0,0.0
2025-02-03 00:00:00-05:00,158.6622876091372,162.41142715717484,158.43215634484005,161.81692504882812,8668600,0.0,0.0
2025-02-04 00:00:00-05:00,162.32512468102402,162.32512468102402,159.43896629607144,161.21286010742188,6410900,0.0,0.0
2025-02-05 00:00:00-05:00,161.17447754390366,162.1812816189444,159.75537144984548,162.05662536621094,7536800,0.0,0.0
2025-02-06 00:00:00-05:00,162.40182277214845,162.93878106987202,161.11695618387895,161.93199157714844,4957900,0.0,0.0
2025-02-07 00:00:00-05:00,162.1333342580242,162.16209883438245,160.963526049405,161.05941772460938,4535600,0.0,0.0
2025-02-10 00:00:00-05:00,160.79094830300772,161.54843991121908,159.55401292083164,160.6375274658203,7062900,0.0,0.0
2025-02-11 00:00:00-05:00,160.7909465505117,162.59360479027546,159.6499028617683,162.4593505859375,5438100,0.0,0.0
2025-02-12 00:00:00-05:00,161.42380355692987,163.08262434904128,161.0594327144597,162.6031951904297,6037400,0.0,0.0
2025-02-13 00:00:00-05:00,162.65113532497583,164.32913732123438,162.18128949885755,163.98394775390625,6328300,0.0,0.0
2025-02-14 00:00:00-05:00,162.8045314207589,163.0058980854524,155.62269268660853,156.18841552734375,13179500,0.0,0.0
2025-02-18 00:00:00-05:00,156.6295193660701,158.94035690011128,155.52682347058962,158.62393188476562,7075300,0.0,0.0
2025-02-19 00:00:00-05:00,159.26636568138414,160.00467602043184,158.44174697782367,159.64031982421875,7910700,0.0,0.0
2025-02-20 00:00:00-05:00,156.4377416124082,160.8772606722812,156.1021499520813,160.33071899414062,6162600,0.0,0.0
2025-02-21 00:00:00-05:00,160.55124728267367,163.53329738875001,159.0937784684099,163.22645568847656,9813700,0.0,0.0
2025-02-24 00:00:00-05:00,163.2168850650858,165.8633290961749,162.80456832715535,163.52371215820312,8564100,0.0,0.0
2025-02-25 00:00:00-05:00,164.23324384776473,166.79339368124596,163.77299597335656,165.546875,7314900,0.0,0.0
2025-02-26 00:00:00-05:00,165.1921031643598,165.54687604572626,163.62915948739285,164.25242614746094,5519000,0.0,0.0
2025-02-27 00:00:00-05:00,163.8209503037425,165.96878358297624,163.61000030224392,164.89486694335938,5467000,0.0,0.0
2025-02-28 00:00:00-05:00,166.43861411348044,167.46458481634903,164.77979346434776,166.6879119873047,10240100,0.0,0.0
2025-03-03 00:00:00-05:00,166.43862115464086,169.03711888690304,166.37149405249326,168.3659210205078,7615300,0.0,0.0
2025-03-04 00:00:00-05:00,169.4782156062228,172.58492196851873,165.79620300492076,166.05508422851562,12117600,0.0,0.0
2025-03-05 00:00:00-05:00,166.2468474671115,168.6343951371472,165.9016579131163,167.42623901367188,6989100,0.0,0.0
2025-03-06 00:00:00-05:00,167.69473070422222,168.60564318041457,165.7290682254807,167.4741973876953,6702500,0.0,0.0
2025-03-07 00:00:00-05:00,166.92762842505053,171.53015092903053,166.88928053288262,168.7111053466797,9566700,0.0,0.0
2025-03-10 00:00:00-04:00,169.48779097527262,172.58491387588145,168.59605976266923,169.00836181640625,11047000,0.0,0.0
2025-03-11 00:00:00-04:00,168.59605575184665,168.7494765904781,165.23046840383657,165.99754333496094,11032300,0.0,0.0
2025-03-12 00:00:00-04:00,162.71824590453323,164.76061870672632,160.8676564616383,161.44296264648438,10158800,0.0,0.0
2025-03-13 00:00:00-04:00,160.80054729167702,162.32512860340765,160.3978285280699,161.6539306640625,6609000,0.0,0.0
2025-03-14 00:00:00-04:00,160.8868156354446,161.65390514403325,159.76495326442756,161.05941772460938,6790500,0.0,0.0
2025-03-17 00:00:00-04:00,161.44295970557377,164.05105532954434,161.21284308823368,162.77577209472656,9931700,0.0,0.0
2025-03-18 00:00:00-04:00,163.0730411025473,163.25521189284325,160.68547862447778,160.8101348876953,6099900,0.0,0.0
2025-03-19 00:00:00-04:00,160.96355304801696,161.80735311209764,160.23482593968598,161.634765625,7569200,0.0,0.0
2025-03-20 00:00:00-04:00,161.94157434761567,162.24841602014828,159.19923908117443,160.65670776367188,8789200,0.0,0.0
2025-03-21 00:00:00-04:00,160.2635755937294,161.22243389323265,157.36781943254502,159.83209228515625,16027300,0.0,0.0
2025-03-24 00:00:00-04:00,159.5827776781237,160.0046776653547,158.55680691919048,158.83486938476562,6102100,0.0,0.0
2025-03-25 00:00:00-04:00,158.49928543988477,158.56639791509505,155.52681875388805,156.15008544921875,8366700,0.0,0.0
2025-03-26 00:00:00-04:00,156.6295002403725,159.9567395224316,156.28431068678373,159.7266082763672,7756000,0.0,0.0
2025-03-27 00:00:00-04:00,160.96352988333243,162.07580896572813,159.76495706980666,161.76898193359375,6211700,0.0,0.0
2025-03-28 00:00:00-04:00,162.41140779129248,162.7278327553393,160.72380798304272,161.116943359375,5479100,0.0,0.0
2025-03-31 00:00:00-04:00,161.18410176556407,164.0990248435378,161.18410176556407,163.4086456298828,11520100,0.0,0.0
2025-04-01 00:00:00-04:00,163.55247514457926,164.01272305409958,162.10458967787454,163.54287719726562,7021100,0.0,0.0
2025-04-02 00:00:00-04:00,163.07306084671444,163.84973383706975,161.38546063950434,162.52650451660156,6274500,0.0,0.0
2025-04-03 00:00:00-04:00,167.06187261311374,167.60842885097355,163.70586866153081,165.29757690429688,9393300,0.0,0.0
2025-04-04 00:00:00-04:00,164.7030939096841,166.45780635037895,156.74456711174594,157.01304626464844,13454200,0.0,0.0
2025-04-07 00:00:00-04:00,156.92673919041314,157.92394529771406,152.6406417930897,153.63784790039062,15708000,0.0,0.0
2025-04-08 00:00:00-04:00,155.63228845712723,156.56238217935612,150.2626907514213,151.87356567382812,11541100,0.0,0.0
2025-04-09 00:00:00-04:00,150.88593292240344,157.90476761669038,150.24349965864195,155.64187622070312,10670200,0.0,0.0
2025-04-10 00:00:00-04:00,156.1980063535055,158.27874167500485,154.13646692510954,156.8308563232422,10581600,0.0,0.0
2025-04-11 00:00:00-04:00,156.6486784117463,161.10737836000544,155.9295346747061,160.0430450439453,8602800,0.0,0.0
2025-04-14 00:00:00-04:00,160.1676822090851,163.1113841801618,158.95952603171744,162.1717071533203,9877300,0.0,0.0
2025-04-15 00:00:00-04:00,162.18129746155827,163.15933705550998,161.35667871195523,161.5388641357422,8765000,0.0,0.0
2025-04-16 00:00:00-04:00,162.32511683996148,162.69907099556946,158.96911275542232,159.54443359375,5897500,0.0,0.0
2025-04-17 00:00:00-04:00,160.6375189700824,164.58801021712011,160.46493151063655,163.6099853515625,7227100,0.0,0.0
2025-04-21 00:00:00-04:00,163.91584958664956,163.97373734240534,158.50312359023386,159.9214324951172,8062400,1.057,0.0
2025-04-22 00:00:00-04:00,160.02754575446662,162.83521934948777,158.75395639177935,161.9765167236328,7907400,0.0,0.0
2025-04-23 00:00:00-04:00,160.54855260987668,160.75117445594904,157.37425165098708,159.90211486816406,9309200,0.0,0.0
2025-04-24 00:00:00-04:00,154.85604203288048,155.29987268096784,151.07389000036326,153.92015075683594,20077700,0.0,0.0
2025-04-25 00:00:00-04:00,154.25784610328827,156.11032779592298,152.22204337943904,155.35775756835938,12892800,0.0,0.0
2025-04-28 00:00:00-04:00,155.37702534328136,156.84357869779146,154.7498884683587,156.15855407714844,8127000,0.0,0.0
2025-04-29 00:00:00-04:00,155.61826212544543,156.6795867288435,153.6017601012058,156.5541534423828,8266200,0.0,0.0
2025-04-30 00:00:00-04:00,156.7374964923974,157.42253605481608,154.3254081661918,156.85328674316406,12475500,0.0,0.0
2025-05-01 00:00:00-04:00,155.010419903329,155.67615851741277,153.4570347112056,154.3543243408203,6792800,0.0,0.0
2025-05-02 00:00:00-04:00,155.27092219660696,156.1199818865996,154.2771431150096,154.87535095214844,5750200,0.0,0.0
2025-05-05 00:00:00-04:00,155.232324257594,155.25162508251148,152.46325213167523,153.24476623535156,7576200,0.0,0.0
2025-05-06 00:00:00-04:00,152.48253691563414,154.0938245324532,152.10625180518446,153.64999389648438,7703800,0.0,0.0
2025-05-07 00:00:00-04:00,153.42808848553886,154.42186750455582,152.96495701713445,153.68858337402344,6430000,0.0,0.0
2025-05-08 00:00:00-04:00,152.8105958076703,154.37362403996582,152.45359679097098,153.0710906982422,7230800,0.0,0.0
2025-05-09 00:00:00-04:00,152.4632622810658,153.53422994093484,151.87471222073745,152.1159210205078,6453200,0.0,0.0
2025-05-12 00:00:00-04:00,151.89399463958932,155.38670798663398,151.18002603180958,155.24197387695312,7378400,0.0,0.0
2025-05-13 00:00:00-04:00,154.39291516337187,155.06829678166355,151.8264502916484,153.1482696533203,7780800,0.0,0.0
2025-05-14 00:00:00-04:00,152.55973151907006,153.563168334719,152.02908395630044,152.4632568359375,5988900,0.0,0.0
2025-05-15 00:00:00-04:00,153.9780258243111,157.18128533453194,153.1193231979086,156.69886779785156,8727300,0.0,0.0
2025-05-16 00:00:00-04:00,156.93043343770822,157.68300368738093,156.15857708476327,157.5382843017578,7100800,0.0,0.0
2025-05-19 00:00:00-04:00,157.72160247915923,159.34251845761898,157.66371472595938,158.97589111328125,8119900,0.0,0.0
2025-05-20 00:00:00-04:00,158.8215133397515,160.16263359846445,158.81187028832764,159.81529235839844,5576600,0.0,0.0
2025-05-21 00:00:00-04:00,159.024150796107,160.51963363537374,158.831171970973,159.61268615722656,6424200,0.0,0.0
2025-05-22 00:00:00-04:00,158.6574811889888,160.35558561136347,158.2522522264522,159.2267303466797,6245600,0.0,0.0
2025-05-23 00:00:00-04:00,159.0337783537442,160.3748986133421,157.7312450220831,160.02755737304688,5349800,0.0,0.0
2025-05-27 00:00:00-04:00,159.45831805871828,162.07301321336868,159.45831805871828,161.86074829101562,11423800,0.0,0.0
2025-05-28 00:00:00-04:00,161.75461873405396,162.9027750013373,161.18536948762147,161.47482299804688,5385900,0.0,0.0
2025-05-29 00:00:00-04:00,160.87663687338087,163.04751621271225,160.58718335035982,162.63262939453125,4842500,0.0,0.0
2025-05-30 00:00:00-04:00,162.81593626444473,164.9771723628566,162.6712168766518,163.9158477783203,12587500,0.0,0.0
2025-06-02 00:00:00-04:00,163.07645162181834,163.09573772605825,160.38455313643564,161.8800506591797,7574400,0.0,0.0
2025-06-03 00:00:00-04:00,160.915196785913,161.52304760996782,160.06613718687962,160.9827423095703,6223000,0.0,0.0
2025-06-04 00:00:00-04:00,160.82836314781247,162.14053945616516,160.08543600795448,160.1143798828125,4939000,0.0,0.0
2025-06-05 00:00:00-04:00,159.6126712191145,159.62232899279775,156.79535435799542,157.07516479492188,10351800,0.0,0.0
2025-06-06 00:00:00-04:00,157.54793326387085,159.4293736808519,157.53829021187298,158.2522735595703,5697700,0.0,0.0
2025-06-09 00:00:00-04:00,157.6444123419591,158.25226318897876,156.37083761750816,156.84359741210938,6544200,0.0,0.0
2025-06-10 00:00:00-04:00,156.96905013175774,157.76020738601147,156.226122862523,157.11376953125,7680000,0.0,0.0
2025-06-11 00:00:00-04:00,156.9111575266907,157.04623386945164,156.0042100586312,156.40943908691406,5960100,0.0,0.0
2025-06-12 00:00:00-04:00,156.2743606153173,157.56723626730536,155.99455015912739,157.44180297851562,6509900,0.0,0.0
2025-06-13 00:00:00-04:00,157.03655523107082,157.2970648297189,154.28678403543987,154.64376831054688,7104500,0.0,0.0
2025-06-16 00:00:00-04:00,155.22267150878906,156.25503738303294,154.3832549828024,155.22267150878906,6332000,0.0,0.0
2025-06-17 00:00:00-04:00,154.43150302135894,154.7305995453924,152.74304160433033,152.94566345214844,6809700,0.0,0.0
2025-06-18 00:00:00-04:00,152.97461829541035,153.0710929785429,152.1159155877846,152.4632568359375,7211200,0.0,0.0
2025-06-20 00:00:00-04:00,152.47289732259685,153.7368290114357,152.29923406255,153.48597717285156,16173400,0.0,0.0
2025-06-23 00:00:00-04:00,153.47634756972394,155.52179355243777,153.40880203675414,155.36741638183594,6588200,0.0,0.0
2025-06-24 00:00:00-04:00,155.51211967796095,156.0524397191289,154.03592310217527,154.72096252441406,7470100,0.0,0.0
2025-06-25 00:00:00-04:00,154.19996810045683,154.7016718024103,153.12900044394513,153.37985229492188,5933700,0.0,0.0
2025-06-26 00:00:00-04:00,153.93946550187917,153.94910855428188,151.64315291933934,153.05181884765625,7410400,0.0,0.0
2025-06-27 00:00:00-04:00,153.10004271482484,154.49906553484155,152.72375757511017,154.23855590820312,19257000,0.0,0.0
2025-06-30 00:00:00-04:00,153.65965733252,154.2771513065147,152.56940350603696,153.71755981445312,11238200,0.0,0.0
2025-07-01 00:00:00-04:00,154.25784467914147,156.81465187453895,153.77542711606904,155.55072021484375,10664900,0.0,0.0
2025-07-02 00:00:00-04:00,155.4735453483498,155.6761672204831,154.23855745575565,155.53143310546875,8848700,0.0,0.0
2025-07-03 00:00:00-04:00,156.10068732321682,156.32261002887026,154.17101683924386,155.17445373535156,6999600,0.0,0.0
2025-07-07 00:00:00-04:00,155.23231842476045,155.51211412557956,153.6885763781154,154.8560333251953,7225700,0.0,0.0
2025-07-08 00:00:00-04:00,153.91051568160634,154.16136753435052,151.9036566930025,152.33782958984375,12034800,0.0,0.0
2025-07-09 00:00:00-04:00,152.54044110727872,152.63691578768635,150.46603672860107,151.9808349609375,18770900,0.0,0.0
2025-07-10 00:00:00-04:00,152.2123925075657,153.9973434772332,151.51771000105205,152.91673278808594,7200500,0.0,0.0
2025-07-11 00:00:00-04:00,152.4921941317712,152.4921941317712,150.93880899488133,151.52735900878906,8053800,0.0,0.0
2025-07-14 00:00:00-04:00,150.10904958584285,150.3213144898074,147.48469688429546,148.35304260253906,11491700,0.0,0.0
2025-07-15 00:00:00-04:00,148.160079519026,148.63285403052757,146.55844967733398,147.31101989746094,9142600,0.0,0.0
2025-07-16 00:00:00-04:00,147.36891934724528,148.35304055508178,146.91544566978095,148.3240966796875,8479000,0.0,0.0
2025-07-17 00:00:00-04:00,148.62321781564475,150.27309259737896,148.46885536205463,150.1476593017578,8320000,0.0,0.0
2025-07-18 00:00:00-04:00,149.38699731701666,151.12587105755722,149.2412882651923,150.66929626464844,7337300,1.057,0.0
2025-07-21 00:00:00-04:00,150.64016873335274,151.4853109598331,150.46530303169374,150.60130310058594,6328400,0.0,0.0
2025-07-22 00:00:00-04:00,150.49446546092665,153.8459078357279,150.47503264188117,153.79734802246094,8187000,0.0,0.0
2025-07-23 00:00:00-04:00,153.70018499890557,154.3413345639638,153.1756026918956,153.7584686279297,4804800,0.0,0.0
2025-07-24 00:00:00-04:00,154.33161431885077,154.47733821768315,153.53504666557512,154.27333068847656,7027400,0.0,0.0
2025-07-25 00:00:00-04:00,152.8453105841442,153.91389313435116,152.53445963865397,153.77789306640625,5799900,0.0,0.0
2025-07-28 00:00:00-04:00,153.1270366762591,153.5738876959294,151.76702115493734,152.62188720703125,7885000,0.0,0.0
2025-07-29 00:00:00-04:00,154.11788683997233,154.11788683997233,150.4167283452607,152.13616943359375,11466100,0.0,0.0
2025-07-30 00:00:00-04:00,152.5150419037794,152.5150419037794,147.70644959814413,148.5127410888672,8162900,0.0,0.0
2025-07-31 00:00:00-04:00,147.463593285516,147.65787700120129,145.62758474993012,146.1715850830078,11845400,0.0,0.0
2025-08-01 00:00:00-04:00,147.44414465720405,149.1053021174228,146.22014403902418,146.34642028808594,8594200,0.0,0.0
2025-08-04 00:00:00-04:00,145.95786715298576,147.1333080794207,145.73444162322934,146.4532928466797,7679400,0.0,0.0
2025-08-05 00:00:00-04:00,146.40473249596945,147.73559149482426,146.02587406738832,146.21043395996094,6670100,0.0,0.0
2025-08-06 00:00:00-04:00,146.55043470576243,149.09558532088482,145.91900896202327,148.49330139160156,7376200,0.0,0.0
2025-08-07 00:00:00-04:00,148.74586050672855,149.61043554124578,148.33786030399077,149.1053009033203,6719000,0.0,0.0
2025-08-08 00:00:00-04:00,148.40587416333585,149.39672548871127,148.21159046166792,149.12472534179688,5811000,0.0,0.0
2025-08-11 00:00:00-04:00,149.15385288144327,150.95101030139517,148.93042738705242,150.55271911621094,7331700,0.0,0.0
2025-08-12 00:00:00-04:00,150.6304498607204,151.0967337089651,149.90187486282096,150.6595916748047,6938000,0.0,0.0
2025-08-13 00:00:00-04:00,150.7761752808803,152.5247434352289,150.52359312573043,150.970458984375,5812400,0.0,0.0
2025-08-14 00:00:00-04:00,150.2224591726244,150.28074280449118,148.89160016867532,149.34817504882812,6343700,0.0,0.0
2025-08-15 00:00:00-04:00,150.0572977052441,151.15502203856826,149.8047303924604,149.950439453125,7121700,0.0,0.0
2025-08-18 00:00:00-04:00,150.00872496095732,152.43730815516315,149.76586664153675,151.27159118652344,8274500,0.0,0.0
2025-08-19 00:00:00-04:00,151.28130535621966,154.16646347542766,151.22302172922898,153.87503051757812,7868100,0.0,0.0
2025-08-20 00:00:00-04:00,154.04989749265482,156.429906159423,153.88475560718643,154.9533233642578,7840400,0.0,0.0
2025-08-21 00:00:00-04:00,153.4184376362823,154.51616189185398,152.6898627387742,154.19558715820312,6417500,0.0,0.0
2025-08-22 00:00:00-04:00,154.82705330766692,156.0899048144747,153.78761249984277,154.1373291015625,5797300,0.0,0.0
2025-08-25 00:00:00-04:00,153.86531641760047,154.16645836232877,151.4367332208943,151.68930053710938,4692500,0.0,0.0
2025-08-26 00:00:00-04:00,151.4658754445971,152.2235922181947,150.9024423626843,151.5144500732422,6338000,0.0,0.0
2025-08-27 00:00:00-04:00,151.68930758673915,152.64132291657683,151.33959099724487,152.47618103027344,4551200,0.0,0.0
2025-08-28 00:00:00-04:00,152.5150390003488,152.52474799780023,150.60131407674197,151.20359802246094,5857400,0.0,0.0
2025-08-29 00:00:00-04:00,151.63102011451954,153.05902825017412,151.20358709120853,152.5538787841797,5318200,0.0,0.0
2025-09-02 00:00:00-04:00,152.8647531081918,154.32190313852297,152.49560369051432,153.4767608642578,6432800,0.0,0.0
2025-09-03 00:00:00-04:00,153.1464466266385,154.10817088473445,152.0293043132392,153.65159606933594,6592500,0.0,0.0
2025-09-04 00:00:00-04:00,153.99162796773294,155.18648690901549,153.30190372606242,154.64248657226562,6934900,0.0,0.0
2025-09-05 00:00:00-04:00,154.0207679665519,155.97334375710776,153.88476788396935,155.4487762451172,6436200,0.0,0.0
2025-09-08 00:00:00-04:00,155.05047150712568,155.69162105048235,153.72932161001006,154.4676055908203,7178400,0.0,0.0
2025-09-09 00:00:00-04:00,154.07904561342278,155.30304630911894,153.68075437886807,154.90476989746094,4984900,0.0,0.0
2025-09-10 00:00:00-04:00,154.06934855514476,154.39963236519552,151.4367574270393,152.8550567626953,6205500,0.0,0.0
2025-09-11 00:00:00-04:00,153.21447230042455,154.79791343683286,152.8938975095807,154.09848022460938,5819500,0.0,0.0
2025-09-12 00:00:00-04:00,153.41845455742356,154.58418638032518,153.2727454910088,153.38931274414062,5957000,0.0,0.0
2025-09-15 00:00:00-04:00,153.3699073091056,153.99162408154376,151.73789151714473,152.3498992919922,5995000,0.0,0.0
2025-09-16 00:00:00-04:00,152.65104150077724,153.86533323182672,152.40818315456733,153.53504943847656,6559600,0.0,0.0
2025-09-17 00:00:00-04:00,153.90419129418538,157.0516409455566,153.90419129418538,155.7499237060547,6764200,0.0,0.0
2025-09-18 00:00:00-04:00,153.63215849000918,154.4773154746972,152.670449084629,152.8258819580078,7651500,0.0,0.0
2025-09-19 00:00:00-04:00,153.10761602173883,153.1173250193217,151.51446586721946,151.58245849609375,17224800,0.0,0.0
2025-09-22 00:00:00-04:00,151.62132047619116,151.62132047619116,148.67787858377295,148.6973114013672,8712900,0.0,0.0
2025-09-23 00:00:00-04:00,148.82360091125287,148.91102636386717,146.65730847783203,148.1436004638672,8853400,0.0,0.0
2025-09-24 00:00:00-04:00,147.70644658949988,149.24131308990073,147.45386442713078,148.0658721923828,6483300,0.0,0.0
2025-09-25 00:00:00-04:00,148.85273873913306,149.48417935562964,147.4441632452525,147.8035888671875,7511400,0.0,0.0
2025-09-26 00:00:00-04:00,147.88130928312628,148.31845136909578,147.20130883574058,148.1436004638672,5721100,0.0,0.0
2025-09-29 00:00:00-04:00,148.06585825026144,149.3287244745027,147.45385054263704,149.14414978027344,8139700,0.0,0.0
2025-09-30 00:00:00-04:00,149.07615180521594,149.96986860890365,148.47385311574547,149.26071166992188,7762600,0.0,0.0
2025-10-01 00:00:00-04:00,149.3093029348087,149.4938776429776,147.0847270853178,148.8041534423828,7566000,0.0,0.0
2025-10-02 00:00:00-04:00,148.35729468916026,148.4350111318697,147.2984359501739,147.70643615722656,6892100,0.0,0.0
2025-10-03 00:00:00-04:00,147.65785961894414,149.04700210431668,147.65785961894414,147.92015075683594,5212600,0.0,0.0
2025-10-06 00:00:00-04:00,147.1721553229241,147.96873780005848,146.10357268845038,146.11329650878906,6737000,0.0,0.0
2025-10-07 00:00:00-04:00,146.45328393525963,148.79444182509968,145.7635745697061,148.18243408203125,6844400,0.0,0.0
2025-10-08 00:00:00-04:00,148.42528543326645,148.42528543326645,146.3270007982578,146.38528442382812,5254700,0.0,0.0
2025-10-09 00:00:00-04:00,146.4338600084891,146.56013625708366,145.30699383045672,146.27842712402344,6134500,0.0,0.0
2025-10-10 00:00:00-04:00,146.62814046711688,147.18184972432596,145.18069955539934,145.41384887695312,7374000,0.0,0.0
2025-10-13 00:00:00-04:00,144.74357724393113,145.1612864927987,142.77156861898987,143.27671813964844,7511100,0.0,0.0
2025-10-14 00:00:00-04:00,143.35442660585258,144.98642751921926,142.87841892800566,144.8990020751953,8585300,0.0,0.0
2025-10-15 00:00:00-04:00,144.28698600752924,145.14185204978645,143.0629853930302,143.2086944580078,10003100,0.0,0.0
2025-10-16 00:00:00-04:00,143.78184102305738,146.10356607569742,143.6944155813474,145.32643127441406,8809700,0.0,0.0
2025-10-17 00:00:00-04:00,146.26873552163653,147.687019998085,146.13272061438238,147.07501220703125,8612900,0.0,0.0
2025-10-20 00:00:00-04:00,147.25957813521214,148.0367277806686,146.9778689854687,147.6190185546875,5601300,0.0,0.0
2025-10-21 00:00:00-04:00,147.61901013378392,147.92986108049612,146.56013657609068,147.28871154785156,6013400,0.0,0.0
2025-10-22 00:00:00-04:00,146.97785831065437,149.07615775412103,146.48241785092458,147.85214233398438,6394400,0.0,0.0
2025-10-23 00:00:00-04:00,147.99789279097254,148.92075160859653,146.27845142529745,147.8618927001953,8205400,0.0,0.0
2025-10-24 00:00:00-04:00,152.99460803426382,153.9728344665201,148.23065008567193,149.1697540283203,11968500,1.057,0.0
2025-10-27 00:00:00-04:00,148.3089067227305,148.45563471371477,146.8611358143341,148.4360809326172,7775300,0.0,0.0
2025-10-28 00:00:00-04:00,147.82957059428327,149.83493772404873,147.34045738831853,148.07412719726562,5819300,0.0,0.0
2025-10-29 00:00:00-04:00,147.37960922109846,147.68285705021378,145.2372907811522,145.53076171875,7405500,0.0,0.0
2025-10-30 00:00:00-04:00,146.21551460626088,147.51655762871852,146.08834038610624,146.3231201171875,6760700,0.0,0.0
2025-10-31 00:00:00-04:00,145.47207207220424,147.81003285336692,145.29598353714172,147.09591674804688,7930300,0.0,0.0
2025-11-03 00:00:00-05:00,146.8317860317067,146.94916842114895,144.55251676855315,144.7970733642578,8946400,0.0,0.0
2025-11-04 00:00:00-05:00,145.36446307986137,146.2448609544514,143.06562484674595,143.96559143066406,9295400,0.0,0.0
2025-11-05 00:00:00-05:00,143.67211748681987,144.21014503293102,142.478679994192,142.61563110351562,11199900,0.0,0.0
2025-11-06 00:00:00-05:00,142.70368556426897,143.4862548173669,141.3146057355029,142.9482421875,10024500,0.0,0.0
2025-11-07 00:00:00-05:00,143.75036326508803,144.71881275288823,142.8210511912767,143.7797088623047,8500100,0.0,0.0
2025-11-10 00:00:00-05:00,143.1927990477494,143.42756385344666,140.9526520163762,142.3319549560547,10208100,0.0,0.0
2025-11-11 00:00:00-05:00,142.78194441754522,145.41336112572125,142.4982503778291,145.30575561523438,7332500,0.0,0.0
2025-11-12 00:00:00-05:00,145.29597441737957,145.90247004402823,144.29817925212598,144.78729248046875,7851100,0.0,0.0
2025-11-13 00:00:00-05:00,144.9535841420777,145.75573697338695,144.42534844153425,144.73838806152344,7566800,0.0,0.0
2025-11-14 00:00:00-05:00,145.85356822678017,146.12747043595405,144.39600545710059,144.45469665527344,9150800,0.0,0.0
2025-11-17 00:00:00-05:00,144.53295890947066,144.75794681497158,141.85261304581445,142.64498901367188,9902300,0.0,0.0
2025-11-18 00:00:00-05:00,143.1438719935926,144.18078959724332,142.34171917473802,143.7895050048828,10735200,0.0,0.0
2025-11-19 00:00:00-05:00,143.7601594067833,144.3275175877409,142.68410438796627,143.7895050048828,6367000,0.0,0.0
2025-11-20 00:00:00-05:00,143.44712493502374,145.4231465283615,142.94823482289357,144.96337890625,9021300,0.0,0.0
2025-11-21 00:00:00-05:00,145.1492529070371,148.2013148118135,145.07099299581822,147.63394165039062,12018000,0.0,0.0
2025-11-24 00:00:00-05:00,146.83178531178868,147.13503310072764,143.34928686772682,143.7797088623047,13846900,0.0,0.0
2025-11-25 00:00:00-05:00,144.112328038909,145.4133560843928,144.01449942311194,145.25685119628906,10477700,0.0,0.0
2025-11-26 00:00:00-05:00,144.6992629297112,145.72640374599067,144.39601510119724,145.02207946777344,9238500,0.0,0.0
2025-11-28 00:00:00-05:00,144.58187413134868,145.4720637945254,143.9753635745919,144.9340362548828,4707200,0.0,0.0
2025-12-01 00:00:00-05:00,144.87533883037642,145.6481311348022,144.14166901508392,144.22970581054688,8240700,0.0,0.0
2025-12-02 00:00:00-05:00,142.12651629994457,143.00692907293683,139.40704792581207,142.68411254882812,16376800,0.0,0.0
2025-12-03 00:00:00-05:00,142.74280248310512,145.0611944043203,142.68411128406947,143.51560974121094,9125300,0.0,0.0
2025-12-04 00:00:00-05:00,143.4764662788847,144.21013608902007,141.35371675274578,142.1949920654297,10479300,0.0,0.0
2025-12-05 00:00:00-05:00,141.99934224973978,142.45910983387247,140.13092631648144,140.32656860351562,12791700,0.0,0.0
2025-12-08 00:00:00-05:00,139.79835260870635,139.79835260870635,135.13220802723131,135.32785034179688,17507500,0.0,0.0
2025-12-09 00:00:00-05:00,136.15933020817874,137.81253515419436,135.9734648104776,136.58975219726562,10375700,0.0,0.0
2025-12-10 00:00:00-05:00,136.60932312724032,138.2038370797448,136.50171761645993,136.775634765625,13650400,0.0,0.0
2025-12-11 00:00:00-05:00,137.92993965103162,138.75164634743118,137.30387527379114,137.69515991210938,11798000,0.0,0.0
2025-12-12 00:00:00-05:00,137.92994042833573,139.99399899918353,137.77342060150548,139.72987365722656,10268800,0.0,0.0
2025-12-15 00:00:00-05:00,140.15051459553166,142.15588190242363,140.08203157590353,141.9700164794922,13877700,0.0,0.0
2025-12-16 00:00:00-05:00,142.91889980986795,143.34930693815744,141.50045942189865,142.04827880859375,10251700,0.0,0.0
2025-12-17 00:00:00-05:00,143.49605061989703,145.21772392169242,143.26127088151722,144.59165954589844,9833300,0.0,0.0
2025-12-18 00:00:00-05:00,143.42755685922654,144.2884009089423,142.18522001885609,142.3515167236328,12239900,0.0,0.0
2025-12-19 00:00:00-05:00,142.34173158905526,142.8699822540187,140.805923757217,141.31460571289062,19345600,0.0,0.0
2025-12-22 00:00:00-05:00,140.58094037582921,141.25590413929717,139.31901980060408,139.58314514160156,11731400,0.0,0.0
2025-12-23 00:00:00-05:00,139.3875057049937,140.6004970672291,138.98642923935992,140.06246948242188,9541600,0.0,0.0
2025-12-24 00:00:00-05:00,139.78854183815616,141.5884896971566,139.72007375428947,141.34393310546875,3259200,0.0,0.0
2025-12-26 00:00:00-05:00,141.16787105700027,142.4689141598225,141.16787105700027,141.58851623535156,4711500,0.0,0.0
2025-12-29 00:00:00-05:00,141.64721388948118,141.91133924946945,140.81571531341413,141.42222595214844,7662100,0.0,0.0
2025-12-30 00:00:00-05:00,141.14829324627766,141.31460488443864,140.44398390804153,140.9135284423828,6006400,0.0,0.0
2025-12-31 00:00:00-05:00,140.8645995661823,141.00155066314298,140.11136106962357,140.1896209716797,5293200,0.0,0.0
2026-01-02 00:00:00-05:00,139.99400981152448,140.21899775087456,138.1647308396389,138.70274353027344,8946100,0.0,0.0
2026-01-05 00:00:00-05:00,138.02776047727366,138.2723170940466,136.56042077663597,137.3136444091797,12297300,0.0,0.0
2026-01-06 00:00:00-05:00,137.3332072243459,138.34077924808673,136.47236319375153,136.86366271972656,10421800,0.0,0.0
2026-01-07 00:00:00-05:00,136.75606622638384,136.75606622638384,134.62352471732706,135.0343780517578,14369100,0.0,0.0
2026-01-08 00:00:00-05:00,134.88765092725356,138.69295139937407,134.8191828343451,138.44839477539062,9297100,0.0,0.0
2026-01-09 00:00:00-05:00,138.6146938845888,139.23098136417676,137.76364159491175,138.78099060058594,9528500,0.0,0.0
2026-01-12 00:00:00-05:00,139.1820801084355,140.7472486464177,138.624498705621,140.33639526367188,12812000,0.0,0.0
2026-01-13 00:00:00-05:00,140.86461601836388,141.1972094460348,139.85704391735666,141.09939575195312,15549200,0.0,0.0
2026-01-14 00:00:00-05:00,141.52978569733344,143.7014494581827,141.22653790734503,143.16343688964844,13475000,0.0,0.0
2026-01-15 00:00:00-05:00,142.5080218255822,143.16344668131725,141.20699378469,141.48089599609375,10102800,0.0,0.0
2026-01-16 00:00:00-05:00,140.6298333307039,141.57871421001954,140.5320196386769,141.38307189941406,11729300,0.0,0.0
2026-01-20 00:00:00-05:00,141.31461230756202,143.79930114746094,140.98200394032003,143.79930114746094,12901400,0.0,0.0
2026-01-21 00:00:00-05:00,143.85797188262922,144.16121967814271,141.81348229060896,142.87974548339844,14126800,0.0,0.0
2026-01-22 00:00:00-05:00,144.85578669730904,147.62416957496433,144.28841351737648,146.66549682617188,18501900,0.0,0.0
2026-01-23 00:00:00-05:00,148.6033244770038,149.401311303758,147.57875232435734,147.92355346679688,14562600,1.057,0.0
2026-01-26 00:00:00-05:00,147.8939939935073,148.6427342237785,146.31772804575706,147.27334594726562,12655700,0.0,0.0
2026-01-27 00:00:00-05:00,145.87441052844025,147.42112259537095,145.73647203113578,146.14039611816406,9546000,0.0,0.0
2026-01-28 00:00:00-05:00,145.80542941158075,146.50490801834093,144.61336489464628,145.15521240234375,7465800,0.0,0.0
2026-01-29 00:00:00-05:00,145.1059620999764,147.90386171227883,144.9286383741246,147.67726135253906,11035600,0.0,0.0
2026-01-30 00:00:00-05:00,148.19940471125457,149.71657788628465,146.9383858562462,149.51954650878906,12651400,0.0,0.0
2026-02-02 00:00:00-05:00,150.15990096775937,151.45047376679855,149.0072516350481,150.91848754882812,10554900,0.0,0.0
2026-02-03 00:00:00-05:00,150.3273766276017,154.20895631917858,149.94316018786608,153.01690673828125,12424700,0.0,0.0
2026-02-04 00:00:00-05:00,153.81489719251235,156.02167267984566,153.45037335877703,154.54391479492188,12178500,0.0,0.0
2026-02-05 00:00:00-05:00,156.4847030065954,157.2826898506833,153.80503420142952,156.25811767578125,13077700,0.0,0.0
2026-02-06 00:00:00-05:00,155.89361177291113,157.6176626521585,155.6670114053594,156.809814453125,10441700,0.0,0.0
2026-02-09 00:00:00-05:00,156.40588946781264,156.9181830781391,153.7065280129841,154.99710083007812,11439900,0.0,0.0
2026-02-10 00:00:00-05:00,155.19414130823176,157.77528709376142,154.3961544070585,156.72116088867188,9910100,0.0,0.0
2026-02-11 00:00:00-05:00,156.28768319844238,158.75061316250793,155.8443588114169,157.6275177001953,10217300,0.0,0.0
2026-02-12 00:00:00-05:00,157.64720788113706,160.72093932530024,157.2826840647245,158.81956481933594,13512900,0.0,0.0
2026-02-13 00:00:00-05:00,159.34172284377368,160.15941739819442,157.34182490956968,157.6964874267578,13998900,0.0,0.0
2026-02-17 00:00:00-05:00,157.57823631576093,159.765319051939,156.52411024036732,157.18417358398438,13319100,0.0,0.0
2026-02-18 00:00:00-05:00,156.62263260223827,156.62263260223827,153.46023905691038,154.53407287597656,14434300,0.0,0.0
2026-02-19 00:00:00-05:00,154.50451903682776,157.58811205701292,154.50451903682776,156.2088623046875,10724600,0.0,0.0
2026-02-20 00:00:00-05:00,156.77040745529172,158.6717819848204,155.8147895206744,158.39593505859375,11508100,0.0,0.0
2026-02-23 00:00:00-05:00,157.94276577227362,162.90802551977148,157.92305812522147,162.72084045410156,14772400,0.0,0.0
2026-02-24 00:00:00-05:00,162.4548534700461,164.39564347302232,161.50909678757395,162.8292236328125,9709500,0.0,0.0
2026-02-25 00:00:00-05:00,162.10018107467624,162.5533667721119,159.69637421761428,160.9672393798828,7878500,0.0,0.0
2026-02-26 00:00:00-05:00,161.7849314119297,162.06077834267654,160.44509702007508,161.3218994140625,7028600,0.0,0.0
2026-02-27 00:00:00-05:00,161.6075869258529,164.76999524257963,161.26278579090197,164.72073364257812,14878500,0.0,0.0
2026-03-02 00:00:00-05:00,162.83905396833535,164.08038016205148,161.0263413109597,161.08544921875,9095500,0.0,0.0
2026-03-03 00:00:00-05:00,159.78504529642643,159.78504529642643,156.26797412420703,157.35166931152344,10161000,0.0,0.0
2026-03-04 00:00:00-05:00,157.075808364692,157.24328578189423,154.97738743101527,155.9527130126953,8752700,0.0,0.0
2026-03-05 00:00:00-05:00,154.61287322651478,154.7705043310175,151.4898802521365,151.7066192626953,10060300,0.0,0.0
2026-03-06 00:00:00-05:00,151.3815131820191,152.14008469864805,149.63775476266505,151.35195922851562,8187900,0.0,0.0
2026-03-09 00:00:00-04:00,150.8790677258081,153.91339892648327,150.63277475529094,152.9183807373047,12494900,0.0,0.0
2026-03-10 00:00:00-04:00,153.18437673363664,154.8197505838155,151.32240253399604,153.6966552734375,7756800,0.0,0.0
2026-03-11 00:00:00-04:00,152.92823681446026,153.07602162573,149.18458041692423,151.04656982421875,8855100,0.0,0.0
2026-03-12 00:00:00-04:00,149.9530221525258,150.78056294424613,148.10089416222095,148.26837158203125,8489300,0.0,0.0
2026-03-13 00:00:00-04:00,149.12546265144954,150.28797328665797,147.9531057091528,148.4161376953125,7298900,0.0,0.0
2026-03-16 00:00:00-04:00,149.60821007483085,150.3766429785721,148.41614542375342,149.86434936523438,6944000,0.0,0.0
2026-03-17 00:00:00-04:00,150.74115280475118,151.18449220282605,148.95799400237624,149.2338409423828,6147700,0.0,0.0
2026-03-18 00:00:00-04:00,147.09601434274808,147.4014152272885,144.2882834404146,144.53457641601562,10059300,0.0,0.0
2026-03-19 00:00:00-04:00,144.0518332623683,145.1946362491204,142.6430296593396,142.69229125976562,10340300,0.0,0.0
2026-03-20 00:00:00-04:00,142.84007311597782,143.6577675620949,142.11104052928158,142.14059448242188,60620900,0.0,0.0
2026-03-23 00:00:00-04:00,143.98286400731013,143.98286400731013,141.3524568960289,141.8549041748047,10315600,0.0,0.0
2026-03-24 00:00:00-04:00,141.20469360962718,143.07651425140372,140.12099848068462,141.03721618652344,8567600,0.0,0.0
2026-03-25 00:00:00-04:00,141.60861072635382,141.9632732026604,140.1209915742622,141.7859344482422,8418100,0.0,0.0
2026-03-26 00:00:00-04:00,141.55935429879148,142.4263103908934,140.1308580343274,140.3081817626953,6443200,0.0,0.0
2026-03-27 00:00:00-04:00,140.60373363631126,141.94356801080363,139.90425497864086,140.59388732910156,11558300,0.0,0.0
2026-03-30 00:00:00-04:00,140.91898477889455,143.4114835656516,140.45596780656587,142.57408142089844,11616300,0.0,0.0
2026-03-31 00:00:00-04:00,142.67260316829584,142.77111133974066,140.1702580996175,142.29823303222656,10407500,0.0,0.0
2026-04-01 00:00:00-04:00,141.7859527393269,142.82038634804553,141.08648903604873,141.95343017578125,8061700,0.0,0.0
2026-04-02 00:00:00-04:00,141.95342071533437,142.07165156982936,140.4658165030053,140.997802734375,5941700,0.0,0.0
2026-04-06 00:00:00-04:00,140.8894315190035,141.53964859701762,139.8155977290451,140.6529998779297,6823100,0.0,0.0
2026-04-07 00:00:00-04:00,140.40669909175548,140.6529920592033,138.65309436612947,139.2047882080078,7207500,0.0,0.0
2026-04-08 00:00:00-04:00,141.02735296533763,142.95829652409785,139.766334122587,142.75140380859375,10849700,0.0,0.0
2026-04-09 00:00:00-04:00,142.24897652091994,144.76116798688773,140.87958811882837,144.48532104492188,6794800,0.0,0.0
2026-04-10 00:00:00-04:00,144.71189623663125,144.71189623663125,142.61347533074348,143.00755310058594,9790300,0.0,0.0
2026-04-13 00:00:00-04:00,142.84991570895394,142.93857756606974,140.51506327639626,141.4509735107422,7121400,0.0,0.0
2026-04-14 00:00:00-04:00,141.1160402826616,142.57409060866175,140.65300824796367,142.2391357421875,6621600,0.0,0.0
2026-04-15 00:00:00-04:00,142.21941628058443,142.25881654232523,140.15054927473156,141.2539520263672,7698200,0.0,0.0
2026-04-16 00:00:00-04:00,141.07662268466274,142.15045652101287,140.54463643673324,140.9879608154297,6947100,0.0,0.0
2026-04-17 00:00:00-04:00,141.2835176988996,145.40152937248862,141.03722470313383,144.75131225585938,10886000,0.0,0.0
2026-04-20 00:00:00-04:00,143.894200416821,144.48530954973714,141.46082470394612,142.3474884033203,8084700,0.0,0.0
2026-04-21 00:00:00-04:00,142.47555434827277,142.47555434827277,140.2096710205078,140.2096710205078,11197200,0.0,0.0
2026-04-22 00:00:00-04:00,140.38699534641668,141.175135870657,140.1111484178121,140.7318115234375,7236300,0.0,0.0
2026-04-23 00:00:00-04:00,141.27364818248435,144.06168653710807,141.27364818248435,143.54940795898438,11288800,0.0,0.0
2026-04-24 00:00:00-04:00,150.88365411979794,151.29061979953673,146.5261830755894,147.08203125,13786200,1.089,0.0
2026-04-27 00:00:00-04:00,146.3276654919543,148.59077024600995,146.3276654919543,147.30039978027344,9166400,0.0,0.0
2026-04-28 00:00:00-04:00,148.91832555270014,150.06973396702963,147.33017497116106,148.064697265625,7965700,0.0,0.0
2026-04-29 00:00:00-04:00,147.2011489489405,147.64781156823693,144.80900261897824,145.37478637695312,9002400,0.0,0.0
2026-04-30 00:00:00-04:00,146.00010681152344,146.62544356094526,144.86855445040024,146.00010681152344,9491700,0.0,0.0
2026-05-01 00:00:00-04:00,146.77431917479143,148.17387509806076,145.37477839724775,146.16883850097656,6814800,0.0,0.0
2026-05-04 00:00:00-04:00,144.97773760551402,144.97773760551402,142.20841731714523,142.3572998046875,9642800,0.0,0.0
2026-05-05 00:00:00-04:00,142.31759815323613,144.8189147356386,141.12647770935808,143.82632446289062,7664300,0.0,0.0
2026-05-06 00:00:00-04:00,145.31522213128636,147.8463305694715,144.85863904890977,146.80410766601562,9399500,0.0,0.0
2026-05-07 00:00:00-04:00,146.89344458988742,146.89344458988742,144.93804047870418,144.9777374267578,9545800,0.0,0.0
2026-05-08 00:00:00-04:00,145.46410933273836,146.42692312109028,145.12663227072707,145.33506774902344,5741000,0.0,0.0
2026-05-11 00:00:00-04:00,144.70973188862237,144.86854997018716,140.91804485205006,142.29774475097656,7489500,0.0,0.0
2026-05-12 00:00:00-04:00,143.280415861365,144.77922176188346,141.80145086192348,142.8436737060547,9051200,0.0,0.0
2026-05-13 00:00:00-04:00,142.0892960817053,143.59803758588825,140.61034622073603,141.18605041503906,6685900,0.0,0.0
2026-05-14 00:00:00-04:00,142.11907615278005,143.2109315738657,141.57316358796368,141.65257263183594,9636200,0.0,0.0
2026-05-15 00:00:00-04:00,142.33743821269604,142.33743821269604,140.1537426546991,140.52101135253906,6989400,0.0,0.0
2026-05-18 00:00:00-04:00,141.0470859006894,143.35980794213955,140.58056725394388,141.33493041992188,7731200,0.0,0.0
2026-05-19 00:00:00-04:00,141.41433476165247,142.64515212961857,139.80634339609261,140.2530059814453,8355800,0.0,0.0
2026-05-20 00:00:00-04:00,140.40189739386727,142.15878649680377,139.57804561278098,141.3845672607422,8375600,0.0,0.0
2026-05-21 00:00:00-04:00,140.82872171436264,142.65508429757702,139.0519765313656,142.3374481201172,6297300,0.0,0.0
2026-05-22 00:00:00-04:00,142.80396721343075,143.5682660152007,142.46649013317318,143.3697509765625,4616700,0.0,0.0
2026-05-26 00:00:00-04:00,143.43921385494397,144.53106920558864,141.47388936950904,141.9007110595703,8157200,0.0,0.0
2026-05-27 00:00:00-04:00,142.39701787414097,147.43936350970256,142.39701787414097,146.39715576171875,10048900,0.0,0.0
2026-05-28 00:00:00-04:00,145.612997111615,145.612997111615,143.93551704523207,144.828857421875,10196700,0.0,0.0
2026-05-29 00:00:00-04:00,144.44174525633545,144.56085124616453,142.13892848146642,142.4962615966797,12355800,0.0,0.0
2026-06-01 00:00:00-04:00,140.47138752814354,140.76916765583465,137.8310936193964,139.24057006835938,11093800,0.0,0.0
2026-06-02 00:00:00-04:00,139.08175544671062,140.07434579993173,137.99983559667405,139.77658081054688,9599500,0.0,0.0
2026-06-03 00:00:00-04:00,139.88575229098456,141.3944938803485,138.96265052530114,139.1512451171875,9351000,0.0,0.0
2026-06-04 00:00:00-04:00,141.64263375422658,142.07937591254404,138.85345741537546,139.7368621826172,8194000,0.0,0.0
2026-06-05 00:00:00-04:00,141.16619557848443,147.13165790934903,140.7493094643581,145.4541778564453,10963200,0.0,0.0
2026-06-08 00:00:00-04:00,144.70973114236304,145.4641094530425,143.94544752700992,144.0248565673828,7200700,0.0,0.0
2026-06-09 00:00:00-04:00,143.59804376120496,148.37240090955876,143.45908171837834,147.5684051513672,8259300,0.0,0.0
2026-06-10 00:00:00-04:00,148.7992154215363,149.31535147231375,147.28055347507657,147.94558715820312,7345900,0.0,0.0
2026-06-11 00:00:00-04:00,147.598177848302,148.51135912703037,146.67507611881535,147.2408447265625,6684700,0.0,0.0
2026-06-12 00:00:00-04:00,148.2731427996088,149.08705896400699,147.20114346579274,148.50143432617188,6832000,0.0,0.0
2026-06-15 00:00:00-04:00,147.65772297578928,150.37742576552802,147.65772297578928,149.3451385498047,9158900,0.0,0.0
2026-06-16 00:00:00-04:00,150.38735797717848,151.88617909397178,149.43447972594635,151.360107421875,8518900,0.0,0.0
2026-06-17 00:00:00-04:00,151.25091863487825,151.80676679379997,148.6602572796902,149.44439697265625,7055800,0.0,0.0
2026-06-18 00:00:00-04:00,149.75209135760457,151.16156774393545,149.06720163806705,149.26573181152344,17076100,0.0,0.0
2026-06-22 00:00:00-04:00,148.99772611003655,149.77194530936566,146.47655348709506,146.58572387695312,10533000,0.0,0.0
2026-06-23 00:00:00-04:00,148.55106691849042,150.24838783829253,148.2632072518497,149.74217224121094,7259600,0.0,0.0
2026-06-24 00:00:00-04:00,150.8638042327417,152.21372763836797,149.8017253482469,150.91342163085938,8618500,0.0,0.0
2026-06-25 00:00:00-04:00,150.44691766622896,151.16156874163084,146.72470407524094,147.399658203125,11197200,0.0,0.0
2026-06-26 00:00:00-04:00,149.22602863866396,149.76203590587528,147.3202569962244,147.9158172607422,16724600,0.0,0.0
2026-06-29 00:00:00-04:00,147.62794542400204,147.94558157778496,145.95046545793386,147.3500213623047,10387700,0.0,0.0
2026-06-30 00:00:00-04:00,146.4368410119005,146.4368410119005,143.1017371059213,145.55343627929688,9353800,0.0,0.0
2026-07-01 00:00:00-04:00,145.44426020826734,146.40707404244185,144.47152592322945,146.33758544921875,9571700,0.0,0.0
2026-07-02 00:00:00-04:00,147.4790688253476,150.54616922223693,146.64529660699972,150.28810119628906,9256000,0.0,0.0
2026-07-06 00:00:00-04:00,149.56350295674108,150.09951021404746,145.8710808804345,148.2036590576172,8323100,0.0,0.0
2026-07-07 00:00:00-04:00,151.5288345729856,152.35268631631146,149.49402148604588,151.6181640625,8061400,0.0,0.0
2026-07-08 00:00:00-04:00,149.84144376243256,149.95062930520396,147.25078238006273,147.30039978027344,14272300,0.0,0.0
2026-07-09 00:00:00-04:00,145.68247755792555,146.56588228869282,144.5211487643815,145.7618865966797,7748000,0.0,0.0
2026-07-10 00:00:00-04:00,146.01003811067335,147.4889879534934,145.62292850235943,145.95046997070312,12473000,0.0,0.0
2026-07-13 00:00:00-04:00,146.98277010767168,148.93817416597793,146.01995632685183,147.27061462402344,7816100,0.0,0.0
2026-07-14 00:00:00-04:00,147.2706141757336,147.64780332666248,144.5112144243791,144.99758911132812,7668100,0.0,0.0
2026-07-15 00:00:00-04:00,144.20352344589517,147.48899504939956,143.5881222814616,146.9530029296875,6180000,0.0,0.0
2026-07-16 00:00:00-04:00,148.38232515400534,150.3972821936961,147.08201917579933,150.37742614746094,6485400,0.0,0.0
2026-07-17 00:00:00-04:00,151.72734765498078,153.17653609779785,148.20364920502914,148.86868286132812,8917400,0.0,0.0
2026-07-20 00:00:00-04:00,148.45180044864716,148.98780768360248,147.33016858111816,148.02499389648438,5788300,0.0,0.0
2026-07-21 00:00:00-04:00,146.76439739532225,147.3103250709858,145.7916631750561,147.00262451171875,7027600,0.0,0.0
2026-07-22 00:00:00-04:00,148.3922474549245,149.3451407916641,147.71729333176688,148.02499389648438,5371200,0.0,0.0
2026-07-23 00:00:00-04:00,145.05714494268898,146.51625388635964,144.51121725190643,145.88099670410156,6499200,0.0,0.0
2026-07-24 00:00:00-04:00,146.4499969482422,147.99000549316406,145.39999389648438,147.41000366210938,6620700,1.089,0.0
2026-07-27 00:00:00-04:00,147.85000610351562,150.25,147.85000610351562,148.6300048828125,7301800,0.0,0.0
2026-07-28 00:00:00-04:00,151.5,153.67999267578125,148.52000427246094,148.8800048828125,12848800,0.0,0.0
2026-07-29 00:00:00-04:00,141.3800048828125,146.3800048828125,140.1999969482422,146.10000610351562,14616800,0.0,0.0
2026-07-30 00:00:00-04:00,143.75999450683594,144.4499969482422,142.25,143.9600067138672,9571100,0.0,0.0
2026-07-31 00:00:00-04:00,143.50999450683594,144.6999969482422,141.4600067138672,144.49000549316406,9152600,0.0,0.0
2026-08-03 00:00:00-04:00,145.85000610351562,147.14999389648438,144.25999450683594,144.97000122070312,8843600,0.0,0.0
2026-08-04 00:00:00-04:00,144.0399932861328,148.25,143.7899932861328,148.00999450683594,7362300,0.0,0.0
2026-08-05 00:00:00-04:00,147.85000610351562,147.85000610351562,144.66000366210938,146.8000030517578,9753300,0.0,0.0
2026-08-06 00:00:00-04:00,147.82000732421875,148.5,145.4499969482422,146.97000122070312,8766700,0.0,0.0
2026-08-07 00:00:00-04:00,144.89999389648438,146.0,143.8800048828125,145.7899932861328,7565500,0.0,0.0
2026-08-10 00:00:00-04:00,144.72999572753906,146.4600067138672,144.14999389648438,146.44000244140625,7386500,0.0,0.0
2026-08-11 00:00:00-04:00,145.41000366210938,145.7100067138672,143.92999267578125,145.2100067138672,7936700,0.0,0.0
2026-08-12 00:00:00-04:00,144.0500030517578,144.94000244140625,143.7899932861328,144.0800018310547,7195000,0.0,0.0
2026-08-13 00:00:00-04:00,144.58999633789062,145.8000030517578,144.0,144.25999450683594,7491300,0.0,0.0
2026-08-14 00:00:00-04:00,144.3300018310547,144.91000366210938,143.4199981689453,144.5500030517578,7249600,0.0,0.0
2026-08-17 00:00:00-04:00,143.63999938964844,143.97000122070312,142.47999572753906,143.1199951171875,9867500,0.0,0.0
2026-08-18 00:00:00-04:00,143.27999877929688,144.4199981689453,142.67999267578125,143.4499969482422,12746100,0.0,0.0
2026-08-19 00:00:00-04:00,144.3000030517578,146.22999572753906,143.6199951171875,144.3800048828125,13948500,0.0,0.0
2026-08-20 00:00:00-04:00,144.47000122070312,144.9199981689453,142.55999755859375,142.97000122070312,15794100,0.0,0.0
2026-08-21 00:00:00-04:00,143.02000427246094,145.27000427246094,142.13999938964844,144.67999267578125,9785200,0.0,0.0
2026-08-24 00:00:00-04:00,145.24000549316406,146.8000030517578,145.0,146.60000610351562,7061800,0.0,0.0
2026-08-25 00:00:00-04:00,145.72999572753906,146.1199951171875,144.9499969482422,145.39999389648438,9125700,0.0,0.0
2026-08-26 00:00:00-04:00,145.27999877929688,145.92999267578125,144.5,145.0,8249100,0.0,0.0
2026-08-27 00:00:00-04:00,143.6999969482422,144.14999389648438,142.7100067138672,143.13999938964844,7817200,0.0,0.0
2026-08-28 00:00:00-04:00,143.25,144.39999389648438,143.00999450683594,143.77999877929688,5868900,0.0,0.0
2026-08-31 00:00:00-04:00,143.44000244140625,145.89999389648438,142.5,145.1199951171875,12097900,0.0,0.0
2026-09-01 00:00:00-04:00,145.75999450683594,148.36000061035156,145.08999633789062,146.2100067138672,8503800,0.0,0.0
2026-09-02 00:00:00-04:00,146.4199981689453,148.32000732421875,145.7899932861328,147.63999938964844,7431100,0.0,0.0
2026-09-03 00:00:00-04:00,147.67999267578125,148.22000122070312,146.5,146.9199981689453,6105800,0.0,0.0
2026-09-04 00:00:00-04:00,146.47000122070312,147.14999389648438,145.82000732421875,146.44000244140625,5588200,0.0,0.0
