Date,Open,High,Low,Close,Volume,Dividends,Stock Splits,Capital Gains
2021-01-04 00:00:00-05:00,348.49112640760035,348.6211359007259,338.75072903859245,342.4370422363281,110210800,0.0,0.0,0.0
2021-01-05 00:00:00-05:00,341.7962988166081,345.88187774542536,341.7498547168132,344.79547119140625,66426200,0.0,0.0,0.0
2021-01-06 00:00:00-05:00,343.29118386394964,350.04170094295614,342.743347597711,346.8567810058594,107997700,0.0,0.0,0.0
2021-01-07 00:00:00-05:00,349.22459781978796,352.75304553896814,349.0481726001441,352.0102233886719,68766800,0.0,0.0,0.0
2021-01-08 00:00:00-05:00,353.39364225101247,354.22932401916887,350.1530411521562,354.0157775878906,71677200,0.0,0.0,0.0
2021-01-11 00:00:00-05:00,350.8495752953006,353.384476638568,350.72886031003054,351.6295471191406,51034700,0.0,0.0,0.0
2021-01-12 00:00:00-05:00,351.8152146876118,352.71587302635754,349.4659767403623,351.7037658691406,52547700,0.0,0.0,0.0
2021-01-13 00:00:00-05:00,351.6294468854472,353.6443664384586,350.84947528394184,352.6508483886719,45303600,0.0,0.0,0.0
2021-01-14 00:00:00-05:00,353.39378403221525,353.89520462901476,351.0817236007902,351.4159851074219,49989100,0.0,0.0,0.0
2021-01-15 00:00:00-05:00,349.80025180486865,350.5987841141442,346.99606590019863,348.8531494140625,107160000,0.0,0.0,0.0
2021-01-19 00:00:00-05:00,351.30462247131084,352.1310385602512,349.82824390013127,351.59246826171875,51233300,0.0,0.0,0.0
2021-01-20 00:00:00-05:00,353.87654291716206,357.29359819142803,353.48657123958117,356.4579162597656,61836100,0.0,0.0,0.0
2021-01-21 00:00:00-05:00,357.0149723281148,357.4421218924977,355.8635897422049,356.7828369140625,47840100,0.0,0.0,0.0
2021-01-22 00:00:00-05:00,354.9350642448892,356.6807271719311,354.5543587480902,355.5200500488281,52860500,0.0,0.0,0.0
2021-01-25 00:00:00-05:00,356.2535985157263,357.2749716933398,351.4158759647186,356.9221496582031,70402000,0.0,0.0,0.0
2021-01-26 00:00:00-05:00,357.86928439217473,358.2778450349725,356.1329158287073,356.36505126953125,42665300,0.0,0.0,0.0
2021-01-27 00:00:00-05:00,353.05015999751345,353.14301984374345,345.4268398473695,347.65533447265625,123351100,0.0,0.0,0.0
2021-01-28 00:00:00-05:00,349.46599738570745,354.6379822958076,349.02960991918064,350.645263671875,94198100,0.0,0.0,0.0
2021-01-29 00:00:00-05:00,348.78814770996314,349.75383907984985,341.9540655846165,343.6254577636719,126765100,0.0,0.0,0.0
2021-02-01 00:00:00-05:00,347.0146573120808,350.37597423640665,343.91333096928156,349.3453063964844,75817600,0.0,0.0,0.0
2021-02-02 00:00:00-05:00,352.52093227928594,355.8358337158987,349.42890017127894,354.28515625,64450700,0.0,0.0,0.0
2021-02-03 00:00:00-05:00,355.11152644432576,356.2814981741382,353.2915924599428,354.5636901855469,52427100,0.0,0.0,0.0
2021-02-04 00:00:00-05:00,355.59433635934124,358.63995212915546,354.67508910571235,358.5935363769531,47142600,0.0,0.0,0.0
2021-02-05 00:00:00-05:00,360.4599180558391,360.71061412663744,358.54712432112404,360.0049133300781,48669800,0.0,0.0,0.0
2021-02-08 00:00:00-05:00,361.45341690524697,362.6512436310637,360.5991744109489,362.6048278808594,38365200,0.0,0.0,0.0
2021-02-09 00:00:00-05:00,361.76912302259905,362.95768361802595,361.3605907389764,362.3634033203125,35551100,0.0,0.0,0.0
2021-02-10 00:00:00-05:00,364.09983025590975,364.24840035419544,359.8099713889872,362.2055969238281,59154400,0.0,0.0,0.0
2021-02-11 00:00:00-05:00,363.2826838806573,363.7005390243798,360.3670773709089,362.7905578613281,42913300,0.0,0.0,0.0
2021-02-12 00:00:00-05:00,361.9920022182859,364.82404318438233,361.9177030106144,364.5826416015625,50593300,0.0,0.0,0.0
2021-02-16 00:00:00-05:00,365.80828939947554,366.0033035639086,363.5519398125603,364.26690673828125,50972400,0.0,0.0,0.0
2021-02-17 00:00:00-05:00,362.5213268153556,364.6012515218009,361.5091912477151,364.3505554199219,52290600,0.0,0.0,0.0
2021-02-18 00:00:00-05:00,361.7506393479471,363.5427184335589,360.03283114692755,362.7998962402344,59712800,0.0,0.0,0.0
2021-02-19 00:00:00-05:00,364.05341301185115,364.34125872083973,361.71346939446187,362.1591796875,83241000,0.0,0.0,0.0
2021-02-22 00:00:00-05:00,359.401420796986,361.77848576262124,359.1042805920692,359.3735656738281,67414200,0.0,0.0,0.0
2021-02-23 00:00:00-05:00,357.1729115862207,361.15636405887625,353.0316228676275,359.8099670410156,107284100,0.0,0.0,0.0
2021-02-24 00:00:00-05:00,358.7235110381606,364.2019298681405,357.7392590796617,363.7747802734375,72433900,0.0,0.0,0.0
2021-02-25 00:00:00-05:00,362.5120335653563,363.8769912428288,353.57017085547034,355.0093994140625,146670500,0.0,0.0,0.0
2021-02-26 00:00:00-05:00,356.88507715052293,358.0271655270358,351.2024053803291,353.18017578125,152701600,0.0,0.0,0.0
2021-03-01 00:00:00-05:00,358.03642977075657,362.9855734404292,353.37516012939244,361.7413024902344,105348800,0.0,0.0,0.0
2021-03-02 00:00:00-05:00,361.96410294439573,362.1962383505726,358.41706713717036,358.9184875488281,79595300,0.0,0.0,0.0
2021-03-03 00:00:00-05:00,358.22209014166907,359.18775305259203,354.062213359393,354.16436767578125,119940200,0.0,0.0,0.0
2021-03-04 00:00:00-05:00,353.97867561907805,356.5600204671109,345.30609935501286,349.78167724609375,183433000,0.0,0.0,0.0
2021-03-05 00:00:00-05:00,353.27297148908974,357.26571784913307,346.01179684391315,356.2164611816406,152039600,0.0,0.0,0.0
2021-03-08 00:00:00-05:00,357.1728776946545,359.9770636155982,354.1644114525265,354.4429626464844,123149200,0.0,0.0,0.0
2021-03-09 00:00:00-05:00,358.2778580660894,362.04773549523804,357.7764375613555,359.5035400390625,113633600,0.0,0.0,0.0
2021-03-10 00:00:00-05:00,361.84345682354007,363.431255369481,360.4320834867978,361.7413024902344,109899400,0.0,0.0,0.0
2021-03-11 00:00:00-05:00,364.2019037645304,367.37750035793965,363.7468990842494,365.40899658203125,86245000,0.0,0.0,0.0
2021-03-12 00:00:00-05:00,364.0534253078508,366.04049021562264,363.2455983981242,365.9012145996094,64653600,0.0,0.0,0.0
2021-03-15 00:00:00-04:00,366.15189953144346,368.34327305827475,364.01626458616573,368.0832824707031,73427200,0.0,0.0,0.0
2021-03-16 00:00:00-04:00,368.6960999272851,369.40177242737843,366.84828247321997,367.6189880371094,73722500,0.0,0.0,0.0
2021-03-17 00:00:00-04:00,366.3375684287189,369.67102984650717,365.19545189698175,368.87249755859375,97959300,0.0,0.0,0.0
2021-03-18 00:00:00-04:00,366.2911796002453,368.37110416522074,362.8277084837041,363.50555419921875,115349100,0.0,0.0,0.0
2021-03-19 00:00:00-04:00,363.20563537867605,364.7800131432064,360.6624031983592,362.8330078125,113624500,1.278,0.0,0.0
2021-03-22 00:00:00-04:00,363.3452527508921,367.10885537239466,363.2893600550484,365.7301025390625,73778600,0.0,0.0,0.0
2021-03-23 00:00:00-04:00,365.09668084256,366.5406230570263,362.0690362260645,362.8515625,90686600,0.0,0.0,0.0
2021-03-24 00:00:00-04:00,364.2489071923662,365.8791772373448,360.9604207531097,361.0069885253906,97588600,0.0,0.0,0.0
2021-03-25 00:00:00-04:00,359.57244319585334,363.8297562145069,357.6347344917859,363.0379333496094,116128600,0.0,0.0,0.0
2021-03-26 00:00:00-04:00,364.18376357430776,369.2888490443927,363.58756519155156,368.8882751464844,114409100,0.0,0.0,0.0
2021-03-29 00:00:00-04:00,367.41640649152026,369.6056326861167,365.93519262274987,368.7019958496094,108107600,0.0,0.0,0.0
2021-03-30 00:00:00-04:00,367.43499693096027,368.39452632963565,366.13075792489735,367.7237854003906,76262200,0.0,0.0,0.0
2021-03-31 00:00:00-04:00,368.2919754370403,370.76998933005086,368.26402908759354,369.2142333984375,112734200,0.0,0.0,0.0
2021-04-01 00:00:00-04:00,371.14268644280133,373.25739818982174,370.9377370318491,373.20147705078125,99682900,0.0,0.0,0.0
2021-04-05 00:00:00-04:00,375.8564291896752,379.0983479190761,375.7819150666603,378.5580139160156,91684800,0.0,0.0,0.0
2021-04-06 00:00:00-04:00,377.9991774130732,379.37790224132345,377.6637927050794,378.33453369140625,62021000,0.0,0.0,0.0
2021-04-07 00:00:00-04:00,378.16681558663885,379.1170200378233,377.7103490017058,378.7723388671875,55836300,0.0,0.0,0.0
2021-04-08 00:00:00-04:00,380.02055999616584,380.6260831226117,379.0889772078951,380.5701904296875,57863100,0.0,0.0,0.0
2021-04-09 00:00:00-04:00,380.44924276681104,383.5048342531352,380.3281324128653,383.3371276855469,61104600,0.0,0.0,0.0
2021-04-12 00:00:00-04:00,382.74087863290447,383.7469757570129,382.135355372954,383.4768371582031,56704900,0.0,0.0,0.0
2021-04-13 00:00:00-04:00,383.374318989603,385.2374848347506,382.99236657978923,384.6133117675781,56551000,0.0,0.0,0.0
2021-04-14 00:00:00-04:00,384.585426479011,385.6381198974038,382.7595316211662,383.29986572265625,61659900,0.0,0.0,0.0
2021-04-15 00:00:00-04:00,385.433112724498,387.687555926274,385.38654494981597,387.4173889160156,60229800,0.0,0.0,0.0
2021-04-16 00:00:00-04:00,388.70298586402646,389.31783402254797,387.28699001478793,388.7123107910156,82037300,0.0,0.0,0.0
2021-04-19 00:00:00-04:00,387.7807610260529,388.2279026853113,385.4797498055928,386.8025817871094,78498500,0.0,0.0,0.0
2021-04-20 00:00:00-04:00,385.5914650988826,386.69072605086455,382.498603179726,383.97052001953125,81851800,0.0,0.0,0.0
2021-04-21 00:00:00-04:00,383.35574340510965,387.808709170284,383.2159832062883,387.603759765625,66793000,0.0,0.0,0.0
2021-04-22 00:00:00-04:00,387.43607511013636,388.2651692129653,383.00173084573123,384.063720703125,97582800,0.0,0.0,0.0
2021-04-23 00:00:00-04:00,384.6226532391619,389.6345741269456,384.54813911119874,388.2278747558594,73209200,0.0,0.0,0.0
2021-04-26 00:00:00-04:00,388.8800074072831,389.60664100563645,388.2931055721406,389.0383605957031,52182400,0.0,0.0,0.0
2021-04-27 00:00:00-04:00,389.33645070740164,389.53210359386003,387.8179659687333,388.9544982910156,51303100,0.0,0.0,0.0
2021-04-28 00:00:00-04:00,389.2246648182536,390.342575715046,388.3769209336228,388.84271240234375,51238900,0.0,0.0,0.0
2021-04-29 00:00:00-04:00,391.56292987909427,391.93555735176267,387.94838369193803,391.3207092285156,78544300,0.0,0.0,0.0
2021-04-30 00:00:00-04:00,389.05698052139843,389.9047243925387,387.85523059091884,388.7495422363281,85527000,0.0,0.0,0.0
2021-05-03 00:00:00-04:00,390.7338109557142,391.11576335825885,389.09424437535307,389.5879821777344,68128300,0.0,0.0,0.0
2021-05-04 00:00:00-04:00,387.6037329855272,388.09747082223015,383.5047736052085,387.18450927734375,101591200,0.0,0.0,0.0
2021-05-05 00:00:00-04:00,388.8241183887439,389.0570141395226,386.7466780571217,387.3056335449219,60162200,0.0,0.0,0.0
2021-05-06 00:00:00-04:00,387.3800594079225,390.5288137897218,385.3771620935364,390.3984069824219,74321400,0.0,0.0,0.0
2021-05-07 00:00:00-04:00,391.1624256128691,393.89195716185367,390.48235974282153,393.2398376464844,67733800,0.0,0.0,0.0
2021-05-10 00:00:00-04:00,393.5938725122595,393.8174433660176,389.224745357218,389.3458557128906,81852400,0.0,0.0,0.0
2021-05-11 00:00:00-04:00,384.8369282355566,386.8584473474661,382.0049080638009,385.8709716796875,116888000,0.0,0.0,0.0
2021-05-12 00:00:00-04:00,383.09494694764567,384.3618863785904,376.35959057471223,377.6731262207031,134811000,0.0,0.0,0.0
2021-05-13 00:00:00-04:00,379.2194656575238,384.1382223326197,379.17286945378146,382.2098388671875,106394000,0.0,0.0,0.0
2021-05-14 00:00:00-04:00,384.9393967974584,388.9265708311616,384.9114504451291,388.0788269042969,82201600,0.0,0.0,0.0
2021-05-17 00:00:00-04:00,386.97028771615726,387.90187074432333,385.0791468765085,387.09136962890625,65129200,0.0,0.0,0.0
2021-05-18 00:00:00-04:00,387.3521523950896,387.5943730427938,383.5978745039429,383.7562561035156,59810200,0.0,0.0,0.0
2021-05-19 00:00:00-04:00,379.07983263909597,382.92724721570744,377.59859039400345,382.750244140625,106467100,0.0,0.0,0.0
2021-05-20 00:00:00-04:00,383.6259089486558,388.12547123922195,383.5048270266521,386.8678283691406,78022200,0.0,0.0,0.0
2021-05-21 00:00:00-04:00,388.3489736323711,389.58799485674376,386.09455884988506,386.551025390625,76578700,0.0,0.0,0.0
2021-05-24 00:00:00-04:00,388.78679507785904,391.56292229029447,388.5445744319748,390.4916076660156,51376700,0.0,0.0,0.0
2021-05-25 00:00:00-04:00,391.572218425638,391.9262244678643,389.0476367876896,389.6252136230469,57451400,0.0,0.0,0.0
2021-05-26 00:00:00-04:00,390.21207905239265,390.9014412201296,389.1780358007873,390.3984069824219,43088600,0.0,0.0,0.0
2021-05-27 00:00:00-04:00,391.4231910374945,391.93555024942225,390.3239016330106,390.6033935546875,56707700,0.0,0.0,0.0
2021-05-28 00:00:00-04:00,392.16855054454425,392.42939268320663,391.0692892765859,391.30218505859375,58520200,0.0,0.0,0.0
2021-06-01 00:00:00-04:00,393.65901283958925,393.7987445957446,390.5195828561252,390.9574279785156,54216600,0.0,0.0,0.0
2021-06-02 00:00:00-04:00,391.60959794586466,392.4107742254593,390.60350066902646,391.57232666015625,49097100,0.0,0.0,0.0
2021-06-03 00:00:00-04:00,389.26197808041053,391.2555509981351,387.7993858877597,390.1190185546875,58138800,0.0,0.0,0.0
2021-06-04 00:00:00-04:00,391.963516582505,393.98506404338684,390.18418978016194,393.68695068359375,55938800,0.0,0.0,0.0
2021-06-07 00:00:00-04:00,393.6776201553933,393.85462318339853,392.37340976192394,393.30499267578125,51555000,0.0,0.0,0.0
2021-06-08 00:00:00-04:00,394.1620869131879,394.2552509032389,391.5629906976117,393.3888854980469,47134300,0.0,0.0,0.0
2021-06-09 00:00:00-04:00,394.2272923071258,394.3018348687151,392.57840061009364,392.8019714355469,48436300,0.0,0.0,0.0
2021-06-10 00:00:00-04:00,394.0223453765083,395.5781015257895,392.7088099094243,394.62786865234375,51020100,0.0,0.0,0.0
2021-06-11 00:00:00-04:00,395.1775077811149,395.3917536695252,393.89191873202867,395.27996826171875,45570800,0.0,0.0,0.0
2021-06-14 00:00:00-04:00,395.3918091672138,396.2674995574854,394.1528161505777,396.1650390625,42358500,0.0,0.0,0.0
2021-06-15 00:00:00-04:00,396.31407535492747,396.3513182077345,394.5626946646038,395.4383850097656,51508500,0.0,0.0,0.0
2021-06-16 00:00:00-04:00,395.5781066988787,395.8016775286566,391.19035858653814,393.2304992675781,80386100,0.0,0.0,0.0
2021-06-17 00:00:00-04:00,392.82060361942723,394.0782178856841,390.63137795315737,393.1000671386719,90949700,0.0,0.0,0.0
2021-06-18 00:00:00-04:00,389.82512979232945,390.5167474088944,387.5913771677302,387.7969970703125,118676300,1.376,0.0,0.0
2021-06-21 00:00:00-04:00,389.55418585663176,393.53572300776443,388.7410614576369,393.3487854003906,72822000,0.0,0.0,0.0
2021-06-22 00:00:00-04:00,393.339353041914,396.28343417143736,392.61966911686017,395.45159912109375,57700300,0.0,0.0,0.0
2021-06-23 00:00:00-04:00,395.5263737663793,396.3301424887815,394.8908317268986,394.9749450683594,49445400,0.0,0.0,0.0
2021-06-24 00:00:00-04:00,397.1152589733079,397.73209014648296,396.8628904252522,397.3115234375,45110300,0.0,0.0,0.0
2021-06-25 00:00:00-04:00,398.05925946140326,399.17147241602134,397.73213297075046,398.72283935546875,58129500,0.0,0.0,0.0
2021-06-28 00:00:00-04:00,399.2462945020696,399.69489908000827,398.0499680897806,399.52667236328125,53159600,0.0,0.0,0.0
2021-06-29 00:00:00-04:00,399.9098038354574,400.5453458904214,399.20883078354126,399.7415771484375,35970500,0.0,0.0,0.0
2021-06-30 00:00:00-04:00,399.2836220683984,400.7509992918403,399.2555842848848,400.07806396484375,64827900,0.0,0.0,0.0
2021-07-01 00:00:00-04:00,400.83513000426785,402.452051650708,400.7696989990123,402.29315185546875,53441000,0.0,0.0,0.0
2021-07-02 00:00:00-04:00,403.45209077508554,405.72323677808726,402.37724253484845,405.3680725097656,57697700,0.0,0.0,0.0
2021-07-06 00:00:00-04:00,405.4240804253988,405.6390557421083,401.90053315862076,404.629638671875,68710400,0.0,0.0,0.0
2021-07-07 00:00:00-04:00,405.31199914635374,406.34009873848606,403.3025486160357,406.0596923828125,63549500,0.0,0.0,0.0
2021-07-08 00:00:00-04:00,400.75094475455643,403.5081166897468,399.57330096190816,402.7510681152344,97595200,0.0,0.0,0.0
2021-07-09 00:00:00-04:00,404.2558779418757,407.3495037546776,402.55484295981864,407.0504150390625,76238600,0.0,0.0,0.0
2021-07-12 00:00:00-04:00,406.9662877159468,408.76079142536776,406.53636552867664,408.5084228515625,52889600,0.0,0.0,0.0
2021-07-13 00:00:00-04:00,407.72331850573784,409.2187334442086,406.854118733952,407.1158142089844,52911300,0.0,0.0,0.0
2021-07-14 00:00:00-04:00,408.80744158086895,409.2934677745335,406.48022038406873,407.7232666015625,64130400,0.0,0.0,0.0
2021-07-15 00:00:00-04:00,406.3868250791765,407.059760411339,404.4334500856128,406.33074951171875,55126400,0.0,0.0,0.0
2021-07-16 00:00:00-04:00,407.50838463044124,407.55510476141916,402.75111727654803,403.1436462402344,75874700,0.0,0.0,0.0
2021-07-19 00:00:00-04:00,398.3302836206056,403.20905730096297,394.38614069493224,397.1900329589844,147987000,0.0,0.0,0.0
2021-07-20 00:00:00-04:00,397.85354923473506,404.152978910122,397.05910751566546,402.8818664550781,99608200,0.0,0.0,0.0
2021-07-21 00:00:00-04:00,404.0782727663207,406.28401626491234,402.83522636423976,406.143798828125,64724400,0.0,0.0,0.0
2021-07-22 00:00:00-04:00,406.3213274734552,407.23727579624176,405.33997668113454,406.9942626953125,47878500,0.0,0.0,0.0
2021-07-23 00:00:00-04:00,408.91963853760046,411.5179109011736,408.2373763394922,411.18145751953125,63766600,0.0,0.0,0.0
2021-07-26 00:00:00-04:00,410.59261588453984,412.20018185039044,410.5458957579973,412.1908264160156,43719200,0.0,0.0,0.0
2021-07-27 00:00:00-04:00,411.15344841239045,411.18148619614936,407.4896830394306,410.3122863769531,67397100,0.0,0.0,0.0
2021-07-28 00:00:00-04:00,410.9384237416545,411.51789021824817,408.72335352250394,410.14398193359375,52472400,0.0,0.0,0.0
2021-07-29 00:00:00-04:00,411.06927031045103,412.91982079238494,411.05991487644866,411.8450012207031,47435300,0.0,0.0,0.0
2021-07-30 00:00:00-04:00,409.2841865056366,411.29363706752343,409.15332449973266,409.844970703125,68951200,0.0,0.0,0.0
2021-08-02 00:00:00-04:00,411.5553115323718,412.10674026622047,408.62991264660883,408.9850769042969,58783300,0.0,0.0,0.0
2021-08-03 00:00:00-04:00,409.7795060797524,412.43385397257424,407.5924735593852,412.3123474121094,58053900,0.0,0.0,0.0
2021-08-04 00:00:00-04:00,411.0318422374195,412.28424381294224,410.0504915209961,410.2841491699219,46732200,0.0,0.0,0.0
2021-08-05 00:00:00-04:00,411.4431375086628,412.96659014888616,411.12536648595767,412.8824768066406,38969700,0.0,0.0,0.0
2021-08-06 00:00:00-04:00,413.20023664333985,413.9853230057107,412.9198303207797,413.5647277832031,46930000,0.0,0.0,0.0
2021-08-09 00:00:00-04:00,413.53671760242094,413.8544886377314,412.4618979342041,413.2283020019531,41222600,0.0,0.0,0.0
2021-08-10 00:00:00-04:00,413.676878576167,414.4526380263717,412.9946164227404,413.7423095703125,43339300,0.0,0.0,0.0
2021-08-11 00:00:00-04:00,414.80780947459465,414.8638850355054,413.6862412110491,414.7704162597656,44034300,0.0,0.0,0.0
2021-08-12 00:00:00-04:00,414.62092846348145,416.1537367311729,413.72369084389135,416.0135192871094,38909400,0.0,0.0,0.0
2021-08-13 00:00:00-04:00,416.46212471839107,416.7892511950456,415.9761269822574,416.77056884765625,39470300,0.0,0.0,0.0
2021-08-16 00:00:00-04:00,415.47142121296486,417.8827560853764,413.91993068902,417.7519226074219,73740000,0.0,0.0,0.0
2021-08-17 00:00:00-04:00,415.2003978250957,415.87333317500145,412.032014089514,415.01348876953125,92673900,0.0,0.0,0.0
2021-08-18 00:00:00-04:00,414.0039719428465,415.5648176300806,410.22808476985836,410.4710693359375,89351900,0.0,0.0,0.0
2021-08-19 00:00:00-04:00,407.7513077712783,412.30298304453,407.6111188768107,411.10662841796875,92812200,0.0,0.0,0.0
2021-08-20 00:00:00-04:00,411.4524984131377,414.7049951138694,410.96647217681397,414.37786865234375,72008700,0.0,0.0,0.0
2021-08-23 00:00:00-04:00,416.06027973077454,418.92960333483194,414.45271350034966,418.02301025390625,54973000,0.0,0.0,0.0
2021-08-24 00:00:00-04:00,418.6865539550781,419.2193003480419,418.17251843232447,418.6865539550781,38744700,0.0,0.0,0.0
2021-08-25 00:00:00-04:00,418.8735677672407,420.0792211631968,418.49969256699956,419.565185546875,40529700,0.0,0.0,0.0
2021-08-26 00:00:00-04:00,419.2845545509846,419.5182121646367,416.9947270507888,417.08819580078125,57829600,0.0,0.0,0.0
2021-08-27 00:00:00-04:00,417.89207569885787,421.1913209422029,417.8360001384459,420.8174743652344,77235100,0.0,0.0,0.0
2021-08-30 00:00:00-04:00,421.4904164695936,423.4531466839395,421.2474033554113,422.6680603027344,48357400,0.0,0.0,0.0
2021-08-31 00:00:00-04:00,422.5746165039233,422.9110698917558,421.4437212534849,422.0418701171875,59300200,0.0,0.0,0.0
2021-09-01 00:00:00-04:00,422.9764722664043,423.4905077483613,422.03248612109024,422.2661437988281,48721400,0.0,0.0,0.0
2021-09-02 00:00:00-04:00,423.6868752297582,424.3691375142071,422.36904227288545,423.56536865234375,42501000,0.0,0.0,0.0
2021-09-03 00:00:00-04:00,422.43445331796556,423.97658848478034,422.032540383355,423.4625244140625,47170500,0.0,0.0,0.0
2021-09-07 00:00:00-04:00,423.1166526229062,423.21012139664674,421.27542901861193,421.9483642578125,51671500,0.0,0.0,0.0
2021-09-08 00:00:00-04:00,421.41564382630884,422.1446546206983,419.51831615140816,421.434326171875,56181900,0.0,0.0,0.0
2021-09-09 00:00:00-04:00,421.23815097875956,422.98590616883826,419.38757155961514,419.6305847167969,57970400,0.0,0.0,0.0
2021-09-10 00:00:00-04:00,421.55586791625456,421.97643464658915,416.2004233686548,416.3219299316406,89948200,0.0,0.0,0.0
2021-09-13 00:00:00-04:00,419.31275573342043,419.57445120398825,415.07885103030503,417.38739013671875,83738600,0.0,0.0,0.0
2021-09-14 00:00:00-04:00,418.8267538323482,419.032373751366,414.24706856986353,415.1349792480469,78197100,0.0,0.0,0.0
2021-09-15 00:00:00-04:00,415.5555116773011,419.0977701394543,414.4526542585058,418.6024169921875,78792200,0.0,0.0,0.0
2021-09-16 00:00:00-04:00,418.07903168064803,419.0510271190857,414.99473310868217,417.9388427734375,77786700,0.0,0.0,0.0
2021-09-17 00:00:00-04:00,417.168134146106,417.59004823430996,413.51137369740354,413.86767578125,118425000,1.428,0.0,0.0
2021-09-20 00:00:00-04:00,407.7543373535724,409.32954038102963,402.10981691745377,406.96673583984375,166445500,0.0,0.0,0.0
2021-09-21 00:00:00-04:00,409.30144322368784,410.59537031179264,406.05726871090457,406.58233642578125,92526100,0.0,0.0,0.0
2021-09-22 00:00:00-04:00,408.85136298150707,412.5831207202877,406.69483696311266,410.5484619140625,102350100,0.0,0.0,0.0
2021-09-23 00:00:00-04:00,412.41434258074156,417.1399803704705,412.17993634176355,415.53662109375,76396000,0.0,0.0,0.0
2021-09-24 00:00:00-04:00,413.9051347076099,416.9336734105124,413.68947068134617,416.2210693359375,62094800,0.0,0.0,0.0
2021-09-27 00:00:00-04:00,415.18971469523467,416.3523605127942,414.33647253059087,415.03033447265625,61371100,0.0,0.0,0.0
2021-09-28 00:00:00-04:00,412.2643090052773,412.5924834545763,405.9353407086728,406.66668701171875,130436300,0.0,0.0,0.0
2021-09-29 00:00:00-04:00,408.04506020824715,409.77967232630994,406.78864603672207,407.3512268066406,82329200,0.0,0.0,0.0
2021-09-30 00:00:00-04:00,408.82317995272075,409.52639859565073,402.034785142796,402.3723449707031,140506000,0.0,0.0,0.0
2021-10-01 00:00:00-04:00,404.0975980601775,408.83259245748525,400.5815046124614,407.15423583984375,129240100,0.0,0.0,0.0
2021-10-04 00:00:00-04:00,405.99156459254795,406.891676446688,399.7657217841494,401.9035339355469,128570000,0.0,0.0,0.0
2021-10-05 00:00:00-04:00,403.4037355215152,408.3262663404989,402.6067772325321,406.0853576660156,90682500,0.0,0.0,0.0
2021-10-06 00:00:00-04:00,402.4942986652522,407.9794109817039,400.8722256266175,407.77313232421875,113032200,0.0,0.0,0.0
2021-10-07 00:00:00-04:00,411.0454355366307,414.13020116989895,410.86728449835147,411.298583984375,72437500,0.0,0.0,0.0
2021-10-08 00:00:00-04:00,412.06743842451107,412.45186810178103,409.92026919841044,410.5484619140625,74557400,0.0,0.0,0.0
2021-10-11 00:00:00-04:00,409.89216791478833,412.79881127574237,407.5105922896659,407.57623291015625,65233300,0.0,0.0,0.0
2021-10-12 00:00:00-04:00,408.4950853785661,408.89825725037673,405.7853354665387,406.57293701171875,71181200,0.0,0.0,0.0
2021-10-13 00:00:00-04:00,407.5948986632403,408.8513125536215,404.6226438533049,408.03558349609375,72974000,0.0,0.0,0.0
2021-10-14 00:00:00-04:00,411.6922973111735,415.04901022272514,411.2234848966917,414.89898681640625,70236800,0.0,0.0,0.0
2021-10-15 00:00:00-04:00,417.00867206884914,418.42449481685196,416.3898362044381,418.0588073730469,66260200,0.0,0.0,0.0
2021-10-18 00:00:00-04:00,416.27732497087453,419.6340094982905,415.6209761000303,419.2964782714844,62213200,0.0,0.0,0.0
2021-10-19 00:00:00-04:00,420.91862541650084,422.59695355572194,420.3091462784129,422.5313415527344,46996800,0.0,0.0,0.0
2021-10-20 00:00:00-04:00,422.9907287152216,424.4909342886698,422.87821830467027,424.1908874511719,49571600,0.0,0.0,0.0
2021-10-21 00:00:00-04:00,423.5908483463569,425.5223536137635,423.1595488456662,425.2973327636719,41305400,0.0,0.0,0.0
2021-10-22 00:00:00-04:00,424.86592226955133,426.3098724465219,422.91564669810367,424.8565368652344,58845100,0.0,0.0,0.0
2021-10-25 00:00:00-04:00,425.9442973142117,427.46324528395957,424.1722008875209,427.13507080078125,45214500,0.0,0.0,0.0
2021-10-26 00:00:00-04:00,428.68217522735085,429.89169091412384,427.1444564431734,427.5195007324219,56075100,0.0,0.0,0.0
2021-10-27 00:00:00-04:00,427.9789361517596,428.6446418796485,425.55046225853243,425.62548828125,72438000,0.0,0.0,0.0
2021-10-28 00:00:00-04:00,427.05070773419686,429.80732773792477,427.0413509410185,429.7323303222656,51437900,0.0,0.0,0.0
2021-10-29 00:00:00-04:00,427.43510150597126,430.8949400235168,427.14444004690756,430.6042785644531,70162400,0.0,0.0,0.0
2021-11-01 00:00:00-04:00,431.5887337216653,431.96380657611127,429.61974430603044,431.344970703125,48433600,0.0,0.0,0.0
2021-11-02 00:00:00-04:00,431.5137252848119,433.3983604582575,431.3824440663046,433.08892822265625,48908400,0.0,0.0,0.0
2021-11-03 00:00:00-04:00,432.5264031559585,436.1362651463071,432.08571825925554,435.73309326171875,52509800,0.0,0.0,0.0
2021-11-04 00:00:00-04:00,436.3331934985726,437.8709123645309,435.9862767972165,437.7865295410156,52847100,0.0,0.0,0.0
2021-11-05 00:00:00-04:00,440.00860807313694,441.29314959663833,437.7958270632598,439.3053894042969,66390600,0.0,0.0,0.0
2021-11-08 00:00:00-05:00,440.40250108208477,440.8994412181432,438.9960634954237,439.6805114746094,50405200,0.0,0.0,0.0
2021-11-09 00:00:00-05:00,440.0461369788913,440.28054321030675,436.8207049454919,438.2271423339844,51149100,0.0,0.0,0.0
2021-11-10 00:00:00-05:00,436.53942763125457,438.2271697715408,433.220255788708,434.7016906738281,69429700,0.0,0.0,0.0
2021-11-11 00:00:00-05:00,436.19246728766257,436.26749330276374,434.8235429594951,434.84228515625,34848500,0.0,0.0,0.0
2021-11-12 00:00:00-05:00,436.1081050332003,438.67718819768925,435.161094692695,438.1239929199219,53466700,0.0,0.0,0.0
2021-11-15 00:00:00-05:00,439.40856410960447,439.56794432499424,437.1488845782679,438.2740173339844,46980500,0.0,0.0,0.0
2021-11-16 00:00:00-05:00,438.01152112700873,441.1431852512349,437.9365237158013,440.0086669921875,48857500,0.0,0.0,0.0
2021-11-17 00:00:00-05:00,439.74607145027005,439.9242224676994,438.32089192487604,438.9397277832031,47858300,0.0,0.0,0.0
2021-11-18 00:00:00-05:00,439.97117780399594,440.6931674194312,437.2520708292828,440.4306335449219,50625600,0.0,0.0,0.0
2021-11-19 00:00:00-05:00,440.31806790988196,441.5651251990252,439.27731788187225,439.64300537109375,57315600,0.0,0.0,0.0
2021-11-22 00:00:00-05:00,441.518225650883,444.00292604113224,438.1990253218852,438.4053039550781,72762000,0.0,0.0,0.0
2021-11-23 00:00:00-05:00,438.07713594296996,439.83987544998917,435.4799250989726,438.98663330078125,73206500,0.0,0.0,0.0
2021-11-24 00:00:00-05:00,436.9894839645097,440.28055671099236,436.17375483241744,440.1586608886719,61858800,0.0,0.0,0.0
2021-11-26 00:00:00-05:00,433.50155816840993,434.96425094373944,429.21660486222436,430.3417663574219,112669600,0.0,0.0,0.0
2021-11-29 00:00:00-05:00,435.1236653350825,437.4583425612124,432.9296261441328,435.62060546875,86268800,0.0,0.0,0.0
2021-11-30 00:00:00-05:00,433.18277789277585,435.0861556207731,426.9006785426518,427.14447021484375,148559600,0.0,0.0,0.0
2021-12-01 00:00:00-05:00,432.84521097923056,435.6862135337651,422.2031616971008,422.4000549316406,131939200,0.0,0.0,0.0
2021-12-02 00:00:00-05:00,422.61568676881933,430.43547509903107,422.2218717157111,428.86962890625,127637800,0.0,0.0,0.0
2021-12-03 00:00:00-05:00,430.5292213858788,431.58871344638754,420.9185665300391,425.13787841796875,137331600,0.0,0.0,0.0
2021-12-06 00:00:00-05:00,427.6788574056175,432.04819294676213,425.2691545047344,430.1729431152344,98977500,0.0,0.0,0.0
2021-12-07 00:00:00-05:00,435.442440658666,439.63362565886325,430.0417113660508,439.071044921875,95484700,0.0,0.0,0.0
2021-12-08 00:00:00-05:00,439.464933746754,440.68383503634107,437.7115506226162,440.2337646484375,72238800,0.0,0.0,0.0
2021-12-09 00:00:00-05:00,438.94912708653544,440.3368223530035,437.06452034105865,437.26141357421875,61272600,0.0,0.0,0.0
2021-12-10 00:00:00-05:00,439.9617996675269,441.52761743144606,437.41145846142433,441.3775939941406,77159800,0.0,0.0,0.0
2021-12-13 00:00:00-05:00,440.86187964178026,441.20879629669554,437.1863772299923,437.4676818847656,87724700,0.0,0.0,0.0
2021-12-14 00:00:00-05:00,434.2047373052017,436.6894377150197,431.5418858646757,434.4578857421875,97264100,0.0,0.0,0.0
2021-12-15 00:00:00-05:00,434.51422720060384,441.49013147147207,432.0013702393154,441.2463684082031,116899300,0.0,0.0,0.0
2021-12-16 00:00:00-05:00,443.09351636782804,443.3747924623618,435.8081507648726,437.3552551269531,116568600,0.0,0.0,0.0
2021-12-17 00:00:00-05:00,434.28123782567144,437.2827723193572,430.997439062657,432.70050048828125,135511600,1.633,0.0,0.0
2021-12-20 00:00:00-05:00,427.62887521925904,428.4945046145701,424.4862092214544,428.0993347167969,107134800,0.0,0.0,0.0
2021-12-21 00:00:00-05:00,431.5148339230484,435.8430669166713,429.350731783521,435.7019348144531,69806300,0.0,0.0,0.0
2021-12-22 00:00:00-05:00,435.44791327448115,440.17131633051764,435.25029960943573,440.05841064453125,58890200,0.0,0.0,0.0
2021-12-23 00:00:00-05:00,441.0558636062711,444.29262786782226,440.95237627994055,442.79656982421875,56439700,0.0,0.0,0.0
2021-12-27 00:00:00-05:00,444.1701982443576,449.11002274302933,444.1231637825782,449.06298828125,56808600,0.0,0.0,0.0
2021-12-28 00:00:00-05:00,449.4958929694086,450.5214913868531,447.93396375035627,448.69610595703125,47274600,0.0,0.0,0.0
2021-12-29 00:00:00-05:00,448.7995905115579,450.2862300149204,447.8022185897107,449.2700500488281,54503000,0.0,0.0,0.0
2021-12-30 00:00:00-05:00,449.6934621372565,450.70025247373695,447.56700448030426,448.0280456542969,55329000,0.0,0.0,0.0
2021-12-31 00:00:00-05:00,447.5386809057687,448.6865744017013,446.62598842107235,446.8988342285156,65237400,0.0,0.0,0.0
2022-01-03 00:00:00-05:00,448.15975083339737,449.61819265083415,445.8545162929149,449.4864501953125,72668200,0.0,0.0,0.0
2022-01-04 00:00:00-05:00,450.9072545217483,451.6223622300133,447.4822951975026,449.3359069824219,71178700,0.0,0.0,0.0
2022-01-05 00:00:00-05:00,448.9689713732978,449.7405319442751,440.61360498167255,440.70770263671875,104538900,0.0,0.0,0.0
2022-01-06 00:00:00-05:00,440.24669721539595,443.0035835732876,437.93201531445186,440.2937316894531,86858900,0.0,0.0,0.0
2022-01-07 00:00:00-05:00,440.30313360714865,441.4792825603523,437.1980831419466,438.5530090332031,85111600,0.0,0.0,0.0
2022-01-10 00:00:00-05:00,435.36322212037476,438.2235951358121,429.62361061806894,438.0072021484375,119362000,0.0,0.0,0.0
2022-01-11 00:00:00-05:00,437.74376052174716,442.0908017452963,434.7516162526011,441.9967041015625,74303100,0.0,0.0,0.0
2022-01-12 00:00:00-05:00,443.7280116585806,445.2429062617321,441.2345819172256,443.1916809082031,67605400,0.0,0.0,0.0
2022-01-13 00:00:00-05:00,444.29258772329274,444.9418241930247,436.05954567988096,437.08514404296875,91173100,0.0,0.0,0.0
2022-01-14 00:00:00-05:00,433.94247281173614,437.6120514809011,432.7286791584299,437.263916015625,95890900,0.0,0.0,0.0
2022-01-18 00:00:00-05:00,432.578128611285,432.7851319574491,428.4098639787604,429.5201416015625,109709100,0.0,0.0,0.0
2022-01-19 00:00:00-05:00,431.0632797435182,432.45582165960354,424.7873365975809,425.0602111816406,109357600,0.0,0.0,0.0
2022-01-20 00:00:00-05:00,426.9420552480534,431.6372325182061,418.2385532953383,420.3556213378906,122379700,0.0,0.0,0.0
2022-01-21 00:00:00-05:00,419.23594498974285,421.58824292541317,412.07556385655806,412.1037902832031,202271200,0.0,0.0,0.0
2022-01-24 00:00:00-05:00,406.50524550753806,414.3619251147175,395.901098425589,413.85382080078125,251783900,0.0,0.0,0.0
2022-01-25 00:00:00-05:00,407.47438716618876,413.7409112645625,401.9135523304981,408.80108642578125,167997300,0.0,0.0,0.0
2022-01-26 00:00:00-05:00,414.68182421507754,417.80568219701877,403.5225099061903,407.7754821777344,186391100,0.0,0.0,0.0
2022-01-27 00:00:00-05:00,412.36717163695266,415.5004192840026,404.0776775137982,405.76190185546875,149878300,0.0,0.0,0.0
2022-01-28 00:00:00-05:00,407.1168346707988,415.88620682845203,402.54398201671927,415.83917236328125,164457400,0.0,0.0,0.0
2022-01-31 00:00:00-05:00,415.17113717300543,423.677053931945,413.82562974282484,423.32891845703125,152251400,0.0,0.0,0.0
2022-02-01 00:00:00-05:00,424.0534262540882,426.82914917104256,420.5343978995624,426.1893310546875,123155400,0.0,0.0,0.0
2022-02-02 00:00:00-05:00,428.58867006151223,431.05387362428513,426.28340667304684,430.3293762207031,117361000,0.0,0.0,0.0
2022-02-03 00:00:00-05:00,424.30745056905977,426.2080966836343,419.3770152968473,420.2144470214844,118024400,0.0,0.0,0.0
2022-02-04 00:00:00-05:00,419.97926396514714,426.0293671450485,417.6081293545503,422.1904296875,118454400,0.0,0.0,0.0
2022-02-07 00:00:00-05:00,422.95248633834746,424.3450280068108,419.50871953612705,420.8354187011719,84472900,0.0,0.0,0.0
2022-02-08 00:00:00-05:00,420.33677354523064,425.2201456654425,418.91597660458353,424.29803466796875,81012000,0.0,0.0,0.0
2022-02-09 00:00:00-05:00,428.325239275932,430.82808779311625,428.12765428405766,430.5081787109375,92589900,0.0,0.0,0.0
2022-02-10 00:00:00-05:00,424.67441942143387,430.66806944150386,420.7790293131962,422.7737731933594,140103700,0.0,0.0,0.0
2022-02-11 00:00:00-05:00,422.858369493594,424.9283738605136,413.0069473874872,414.4371337890625,153214600,0.0,0.0,0.0
2022-02-14 00:00:00-05:00,413.9291255162954,415.5098626456239,409.6197001412661,413.082275390625,123006300,0.0,0.0,0.0
2022-02-15 00:00:00-05:00,417.5140448697904,419.9133771021189,416.99652213320917,419.7440185546875,88482700,0.0,0.0,0.0
2022-02-16 00:00:00-05:00,417.7021805621434,421.58818077331404,415.82976087005267,420.2144470214844,84863600,0.0,0.0,0.0
2022-02-17 00:00:00-05:00,417.03413227878895,420.18621676202645,410.63589438127366,411.2380676269531,102259100,0.0,0.0,0.0
2022-02-18 00:00:00-05:00,411.49214366579196,412.74358216810356,406.3076988713617,408.5753173828125,132642900,0.0,0.0,0.0
2022-02-22 00:00:00-05:00,406.373613297068,409.77031787811296,400.69984286814764,404.190673828125,124391800,0.0,0.0,0.0
2022-02-23 00:00:00-05:00,407.0980794779474,407.6626367061376,396.45628627766916,397.0208435058594,132578000,0.0,0.0,0.0
2022-02-24 00:00:00-05:00,386.7364966376221,403.4284183428238,386.378971556724,402.9955749511719,213942900,0.0,0.0,0.0
2022-02-25 00:00:00-05:00,404.22820402320997,411.97197784953823,402.5815957478885,411.8872985839844,121804500,0.0,0.0,0.0
2022-02-28 00:00:00-05:00,406.50517206206814,412.31065403589685,405.25376261844923,410.8334045410156,145615000,0.0,0.0,0.0
2022-03-01 00:00:00-05:00,409.3374336179091,411.34159579885494,401.8759236906789,404.5763854980469,137785900,0.0,0.0,0.0
2022-03-02 00:00:00-05:00,406.8251817399771,413.740942784039,406.0724579549326,412.0190734863281,117726500,0.0,0.0,0.0
2022-03-03 00:00:00-05:00,414.44664922565886,415.0488225356622,408.1707060110163,409.9678649902344,105501700,0.0,0.0,0.0
2022-03-04 00:00:00-05:00,406.2417947777143,407.76607902539786,402.600442693899,406.6369934082031,113978200,0.0,0.0,0.0
2022-03-07 00:00:00-05:00,406.05359214668294,406.7592814126414,394.5837869801388,394.649658203125,137896600,0.0,0.0,0.0
2022-03-08 00:00:00-05:00,394.82842415766316,401.9699958852327,390.5942886794115,391.65753173828125,164772700,0.0,0.0,0.0
2022-03-09 00:00:00-05:00,400.02232727972273,404.13413881650297,397.8393882545467,402.158203125,116990800,0.0,0.0,0.0
2022-03-10 00:00:00-05:00,397.55711352812676,401.2361105228519,395.6000145047704,400.3422546386719,93972700,0.0,0.0,0.0
2022-03-11 00:00:00-05:00,402.8263104395944,403.4379021571393,394.7438182155745,395.2519226074219,95636300,0.0,0.0,0.0
2022-03-14 00:00:00-04:00,396.02340888185535,399.4671471285895,391.2247162730047,392.36322021484375,95729200,0.0,0.0,0.0
2022-03-15 00:00:00-04:00,394.9695806826798,401.62188528128036,393.69936293232934,400.9914855957031,106219100,0.0,0.0,0.0
2022-03-16 00:00:00-04:00,404.49167034765577,409.93957051689273,399.7023675150075,409.88311767578125,144954800,0.0,0.0,0.0
2022-03-17 00:00:00-04:00,407.9731446506093,415.01123046875,407.5967827207491,415.01123046875,102676900,0.0,0.0,0.0
2022-03-18 00:00:00-04:00,413.4028311487186,419.8775739934096,412.66663547827596,419.5566711425781,106345500,1.366,0.0,0.0
2022-03-21 00:00:00-04:00,419.3867810928451,421.38772166865976,415.93231566706595,419.4339904785156,88349800,0.0,0.0,0.0
2022-03-22 00:00:00-04:00,420.8214989932451,425.2764356419781,420.8214989932451,424.342041015625,74650400,0.0,0.0,0.0
2022-03-23 00:00:00-04:00,421.8125310374547,423.3037890750717,418.79222440449075,418.8771667480469,79426100,0.0,0.0,0.0
2022-03-24 00:00:00-04:00,420.89699675804104,425.2009149244502,419.78326986493045,425.19146728515625,64736900,0.0,0.0,0.0
2022-03-25 00:00:00-04:00,425.823897280711,427.5416971867033,423.2471974217225,427.2679748535156,77101300,0.0,0.0,0.0
2022-03-28 00:00:00-04:00,426.6733001787727,430.3070983886719,424.7856157896072,430.3070983886719,68529800,0.0,0.0,0.0
2022-03-29 00:00:00-04:00,434.18626321308204,436.12115693733773,431.5057549157547,435.6303405761719,86581500,0.0,0.0,0.0
2022-03-30 00:00:00-04:00,434.48825466782915,435.2999738252827,430.8355904687236,432.94036865234375,79666900,0.0,0.0,0.0
2022-03-31 00:00:00-04:00,432.1759304126346,432.997068540125,425.8238618663555,426.27691650390625,121699900,0.0,0.0,0.0
2022-04-01 00:00:00-04:00,427.853038256275,427.99460880330986,423.91723302983837,427.4849548339844,89048800,0.0,0.0,0.0
2022-04-04 00:00:00-04:00,427.68317979634264,431.25090181901925,426.86204176947047,431.1470642089844,59601000,0.0,0.0,0.0
2022-04-05 00:00:00-04:00,429.6558116325977,432.119225743506,424.5590699380688,425.70111083984375,74214500,0.0,0.0,0.0
2022-04-06 00:00:00-04:00,421.793612229182,423.71902938512,418.5656595556562,421.4443664550781,106898000,0.0,0.0,0.0
2022-04-07 00:00:00-04:00,420.56664291276263,425.38024389891154,418.6223302828864,423.56805419921875,78097200,0.0,0.0,0.0
2022-04-08 00:00:00-04:00,422.8129864370016,425.32361011547357,420.89698794603316,422.4354553222656,79272700,0.0,0.0,0.0
2022-04-11 00:00:00-04:00,419.16969873165914,420.0097320215141,414.7147916975716,415.21502685546875,89770500,0.0,0.0,0.0
2022-04-12 00:00:00-04:00,418.19758861647455,420.71765996000386,412.12869019333453,413.6766052246094,84363600,0.0,0.0,0.0
2022-04-13 00:00:00-04:00,413.4311873130841,419.16973507105604,413.25185499529334,418.4146728515625,74070400,0.0,0.0,0.0
2022-04-14 00:00:00-04:00,418.64119283709516,419.7549485147844,413.1008437773758,413.2046813964844,97869500,0.0,0.0,0.0
2022-04-18 00:00:00-04:00,412.27968190004844,415.0545800894282,411.14705981320014,413.3745422363281,66002500,0.0,0.0,0.0
2022-04-19 00:00:00-04:00,413.27067735850744,420.7647857423862,413.10079269782085,420.0474853515625,77821000,0.0,0.0,0.0
2022-04-20 00:00:00-04:00,421.8219654514646,422.4354571159878,418.5751460041488,419.7360534667969,65224400,0.0,0.0,0.0
2022-04-21 00:00:00-04:00,423.3509795921558,424.73842874926703,412.55342274585064,413.4595031738281,85417300,0.0,0.0,0.0
2022-04-22 00:00:00-04:00,412.37409241070765,413.4783716367902,401.5482213990768,402.1145324707031,132471800,0.0,0.0,0.0
2022-04-25 00:00:00-04:00,399.87760832355883,404.6156854519276,395.31883470061024,404.44580078125,119647700,0.0,0.0,0.0
2022-04-26 00:00:00-04:00,401.9163240296101,402.11455163658286,392.70444345361744,392.7327575683594,103996300,0.0,0.0,0.0
2022-04-27 00:00:00-04:00,393.8087220181219,399.1697677643689,391.7039722839688,393.8370361328125,122030000,0.0,0.0,0.0
2022-04-28 00:00:00-04:00,398.5751272035263,405.51237307337215,394.1485050200903,403.7851257324219,105449100,0.0,0.0,0.0
2022-04-29 00:00:00-04:00,399.8021034252902,401.9540624319965,388.11733269096055,388.86297607421875,145491100,0.0,0.0,0.0
2022-05-02 00:00:00-04:00,388.92904179526005,392.56283983474725,382.2749373532382,391.2037048339844,158312500,0.0,0.0,0.0
2022-05-03 00:00:00-04:00,391.7039501067172,395.4037953011167,390.1465874755705,392.99700927734375,100028200,0.0,0.0,0.0
2022-05-04 00:00:00-04:00,393.65772495141096,405.5312769483244,390.4769810805958,404.9649658203125,144247900,0.0,0.0,0.0
2022-05-05 00:00:00-04:00,400.7082377196595,401.1329782769947,386.44679436485006,390.5713806152344,172929100,0.0,0.0,0.0
2022-05-06 00:00:00-04:00,388.0134773567565,391.50567570306237,382.9450500936246,388.239990234375,151770800,0.0,0.0,0.0
2022-05-09 00:00:00-04:00,382.3505124543199,383.5869435337957,374.23346310540126,375.8096923828125,155586100,0.0,0.0,0.0
2022-05-10 00:00:00-04:00,381.7746896823651,383.27539519585025,372.6477525173204,376.6779479980469,132497200,0.0,0.0,0.0
2022-05-11 00:00:00-04:00,375.7153401314492,381.3500802473875,369.9484482575457,370.694091796875,142361000,0.0,0.0,0.0
2022-05-12 00:00:00-04:00,367.5038552140162,373.57275401716174,363.5208397349999,370.30706787109375,125090800,0.0,0.0,0.0
2022-05-13 00:00:00-04:00,374.43161982347493,380.53827982576547,373.3933876739787,379.1602783203125,104174400,0.0,0.0,0.0
2022-05-16 00:00:00-04:00,377.51804786382434,381.2839693671578,375.27169861489534,377.6218566894531,78622400,0.0,0.0,0.0
2022-05-17 00:00:00-04:00,383.70013247510735,385.62557844782094,379.9719446127917,385.3896179199219,83029700,0.0,0.0,0.0
2022-05-18 00:00:00-04:00,380.84034133335325,381.12348248197793,368.6175728842904,369.85400390625,117674500,0.0,0.0,0.0
2022-05-19 00:00:00-04:00,366.79586028689556,372.00588637460305,365.3706497007624,367.58868408203125,98510700,0.0,0.0,0.0
2022-05-20 00:00:00-04:00,371.1659411793916,374.7336635050742,359.1697150107811,367.7492370605469,131432200,0.0,0.0,0.0
2022-05-23 00:00:00-04:00,370.7694520093487,375.39430099984236,368.45705631787473,374.6297912597656,76414900,0.0,0.0,0.0
2022-05-24 00:00:00-04:00,370.5146628553773,372.9592105064328,365.2291411864955,371.7699890136719,91448800,0.0,0.0,0.0
2022-05-25 00:00:00-04:00,370.2786961363731,377.0177426324369,369.88229858000193,375.0545349121094,91472900,0.0,0.0,0.0
2022-05-26 00:00:00-04:00,376.2815783765453,384.18153289436907,376.073931942696,382.5486755371094,82168300,0.0,0.0,0.0
2022-05-27 00:00:00-04:00,385.0026351628093,392.0531368146943,384.80443638650837,391.93988037109375,84768700,0.0,0.0,0.0
2022-05-31 00:00:00-04:00,390.3259307298854,393.0725149914447,387.00361655148845,389.7407531738281,95937000,0.0,0.0,0.0
2022-06-01 00:00:00-04:00,391.8549734040455,392.8648626531449,384.07769419751776,386.58831787109375,86585800,0.0,0.0,0.0
2022-06-02 00:00:00-04:00,386.42789374965014,393.9974979722233,384.18154466114504,393.9503173828125,79609600,0.0,0.0,0.0
2022-06-03 00:00:00-04:00,389.24045670832646,390.78837150030967,386.512768154437,387.48492431640625,71874300,0.0,0.0,0.0
2022-06-06 00:00:00-04:00,391.48684319664267,393.21406164588547,387.4943805595861,388.6647644042969,57508900,0.0,0.0,0.0
2022-06-07 00:00:00-04:00,385.18194504153405,392.84593785258215,384.7194428520581,392.39288330078125,59272400,0.0,0.0,0.0
2022-06-08 00:00:00-04:00,390.6846048993001,392.4684805286195,387.33397652533813,388.1268005371094,64350000,0.0,0.0,0.0
2022-06-09 00:00:00-04:00,386.3523433395128,388.6175587452947,378.89599609375,378.89599609375,86289800,0.0,0.0,0.0
2022-06-10 00:00:00-04:00,372.7044641742221,373.55391651113854,367.8625484088817,367.90972900390625,132893900,0.0,0.0,0.0
2022-06-13 00:00:00-04:00,358.51837412826717,360.36829630409676,352.3361920103927,353.94073486328125,170004900,0.0,0.0,0.0
2022-06-14 00:00:00-04:00,355.68698913644283,356.71577382349307,349.7785269115855,352.87432861328125,104011800,0.0,0.0,0.0
2022-06-15 00:00:00-04:00,356.1683036625761,362.3410401471121,351.2225794060758,357.9049987792969,125666800,0.0,0.0,0.0
2022-06-16 00:00:00-04:00,349.70293778443306,350.1087829653544,343.63401132773026,346.0596923828125,134473300,0.0,0.0,0.0
2022-06-17 00:00:00-04:00,346.47397650063243,350.142419392661,343.30792965713135,346.80572509765625,111113900,1.577,0.0,0.0
2022-06-21 00:00:00-04:00,352.521725834006,356.92005638665404,352.44587608946637,355.5361022949219,76811900,0.0,0.0,0.0
2022-06-22 00:00:00-04:00,351.3178358414842,358.99598772773135,350.90074904768903,354.8915100097656,90059400,0.0,0.0,0.0
2022-06-23 00:00:00-04:00,357.0243321478926,359.1002487608876,353.46963484148904,358.370361328125,79292100,0.0,0.0,0.0
2022-06-24 00:00:00-04:00,361.53641078181903,369.7738317116263,361.5079743602973,369.76434326171875,98050300,0.0,0.0,0.0
2022-06-27 00:00:00-04:00,370.68377119718616,370.97762381876527,367.26179695896616,368.3518981933594,66009600,0.0,0.0,0.0
2022-06-28 00:00:00-04:00,369.9065216331798,372.68391795995,360.7116937770823,360.825439453125,86548900,0.0,0.0,0.0
2022-06-29 00:00:00-04:00,361.3752782573753,362.36109348225904,358.7116273894593,360.5316162109375,65676000,0.0,0.0,0.0
2022-06-30 00:00:00-04:00,356.6451313576215,360.8349471944622,353.1567954408799,357.6025390625,112508300,0.0,0.0,0.0
2022-07-01 00:00:00-04:00,356.94850998659183,361.8208293565842,354.33224330989844,361.384765625,74839700,0.0,0.0,0.0
2022-07-05 00:00:00-04:00,356.3038638558327,362.08617660456315,353.47905430233544,362.06719970703125,81438000,0.0,0.0,0.0
2022-07-06 00:00:00-04:00,362.2094276989218,365.7736135029027,359.8301699411462,363.2900695800781,70426200,0.0,0.0,0.0
2022-07-07 00:00:00-04:00,365.06272708039626,369.52741950591667,363.30907034528104,368.7311706542969,64525900,0.0,0.0,0.0
2022-07-08 00:00:00-04:00,367.100746104859,370.2952588737565,365.57460971282467,368.4278564453125,72397800,0.0,0.0,0.0
2022-07-11 00:00:00-04:00,365.7547105106273,366.7215778956689,363.5270941091934,364.2190856933594,58366900,0.0,0.0,0.0
2022-07-12 00:00:00-04:00,363.66926385832295,366.0485507559225,359.25195608212715,360.9961242675781,62219200,0.0,0.0,0.0
2022-07-13 00:00:00-04:00,355.56452982281553,362.02934629353234,355.14744302288534,359.1002502441406,84224600,0.0,0.0,0.0
2022-07-14 00:00:00-04:00,354.1521398256336,359.30882348190096,351.71600904471353,358.22821044921875,89704800,0.0,0.0,0.0
2022-07-15 00:00:00-04:00,362.62649570213034,365.1858892356065,360.7211976903377,365.0721435546875,79060400,0.0,0.0,0.0
2022-07-18 00:00:00-04:00,368.1528836213448,368.825898190188,360.8349458407432,362.0577697753906,63203600,0.0,0.0,0.0
2022-07-19 00:00:00-04:00,365.9727687123691,372.4091505844985,365.31873083400336,371.84039306640625,78506000,0.0,0.0,0.0
2022-07-20 00:00:00-04:00,372.02984989964705,375.62247177061846,370.66484393622255,374.2100524902344,71843800,0.0,0.0,0.0
2022-07-21 00:00:00-04:00,373.6318507302927,378.068105826219,371.2336162126565,378.0207214355469,64903900,0.0,0.0,0.0
2022-07-22 00:00:00-04:00,378.143943990978,379.3383025244326,372.29526973672574,374.5133972167969,72197300,0.0,0.0,0.0
2022-07-25 00:00:00-04:00,375.1390938870878,375.8215969964553,372.73137056679104,374.9684753417969,53631500,0.0,0.0,0.0
2022-07-26 00:00:00-04:00,373.328540675696,373.5370840827539,369.64114957187473,370.5321960449219,52946400,0.0,0.0,0.0
2022-07-27 00:00:00-04:00,373.82147154826214,381.89776315262577,373.52761885571124,380.1535949707031,82342100,0.0,0.0,0.0
2022-07-28 00:00:00-04:00,380.9592441702565,385.61350177770953,377.4140068493156,384.9215393066406,73966600,0.0,0.0,0.0
2022-07-29 00:00:00-04:00,386.3528761831323,391.5190471453721,385.5850639824012,390.533203125,87003700,0.0,0.0,0.0
2022-08-01 00:00:00-04:00,387.8411455020427,391.8792906615118,387.13020608259814,389.37677001953125,69997500,0.0,0.0,0.0
2022-08-02 00:00:00-04:00,387.81277563609865,391.4907074923848,385.632572613597,386.8079833984375,63435400,0.0,0.0,0.0
2022-08-03 00:00:00-04:00,388.93125481134643,394.0310649800449,388.6468906090099,392.8651428222656,67820600,0.0,0.0,0.0
2022-08-04 00:00:00-04:00,392.78932847212786,393.4718315474268,390.95985110646615,392.5997619628906,45656600,0.0,0.0,0.0
2022-08-05 00:00:00-04:00,388.3246478205913,392.58079648264055,388.26777497334547,391.93621826171875,56814900,0.0,0.0,0.0
2022-08-08 00:00:00-04:00,393.6235081493515,395.87007236927724,390.3816112599049,391.481201171875,53886100,0.0,0.0,0.0
2022-08-09 00:00:00-04:00,390.75135154157846,391.25374768614296,388.85551266726645,389.9266662597656,44931800,0.0,0.0,0.0
2022-08-10 00:00:00-04:00,396.96966387104465,398.2588492285253,395.01695232609546,398.11663818359375,68665700,0.0,0.0,0.0
2022-08-11 00:00:00-04:00,400.9603962309802,402.81833898357877,397.37726224840134,398.11663818359375,59489700,0.0,0.0,0.0
2022-08-12 00:00:00-04:00,400.0503656332881,404.9605804756404,399.10244636975136,404.8563232421875,61694500,0.0,0.0,0.0
2022-08-15 00:00:00-04:00,402.6477019536426,407.0460617331619,402.5908291054767,406.5246887207031,54048300,0.0,0.0,0.0
2022-08-16 00:00:00-04:00,405.4536118611294,409.2452898023257,404.64787451298383,407.3210144042969,59289000,0.0,0.0,0.0
2022-08-17 00:00:00-04:00,403.7282975362389,407.1313242254354,402.42965277199465,404.42974853515625,63563400,0.0,0.0,0.0
2022-08-18 00:00:00-04:00,404.62877901944364,406.2876376325339,403.3396227828059,405.60516357421875,49023200,0.0,0.0,0.0
2022-08-19 00:00:00-04:00,402.84668895318197,403.11210515684974,399.28250370833194,400.15460205078125,68016900,0.0,0.0,0.0
2022-08-22 00:00:00-04:00,395.3297327861423,395.5003802457015,390.9219138235221,391.82244873046875,77695600,0.0,0.0,0.0
2022-08-23 00:00:00-04:00,391.3958862975145,393.7846615275958,390.32473282411485,390.8745422363281,49105200,0.0,0.0,0.0
2022-08-24 00:00:00-04:00,390.64698231789686,393.49074002484474,389.9645082393007,392.1257629394531,49177800,0.0,0.0,0.0
2022-08-25 00:00:00-04:00,393.614017515164,397.7090360070508,392.52391605971974,397.6616516113281,50942300,0.0,0.0,0.0
2022-08-26 00:00:00-04:00,397.5479234905298,398.0882155528186,384.1443295439162,384.2012023925781,103087000,0.0,0.0,0.0
2022-08-29 00:00:00-04:00,381.2531072601776,384.7035180462259,380.3051880764658,381.66070556640625,65370800,0.0,0.0,0.0
2022-08-30 00:00:00-04:00,382.8172261577202,383.0542059895712,375.3760536519589,377.470947265625,85652400,0.0,0.0,0.0
2022-08-31 00:00:00-04:00,379.1013099434974,380.34308175251573,374.4660002053889,374.59869384765625,76029700,0.0,0.0,0.0
2022-09-01 00:00:00-04:00,372.42798580847113,376.1153764284115,369.7264103214383,375.7741394042969,78740100,0.0,0.0,0.0
2022-09-02 00:00:00-04:00,379.4331384469464,380.64647400085363,370.0013297859772,371.8118591308594,99632100,0.0,0.0,0.0
2022-09-06 00:00:00-04:00,372.6555609471726,373.5939919026862,368.19086864195987,370.40899658203125,76637400,0.0,0.0,0.0
2022-09-07 00:00:00-04:00,370.0960816393788,377.83110568507885,369.8780787401788,377.06329345703125,70964200,0.0,0.0,0.0
2022-09-08 00:00:00-04:00,374.7978759378246,379.98296742981955,373.5939997520912,379.5279846191406,80821700,0.0,0.0,0.0
2022-09-09 00:00:00-04:00,381.7650275183075,386.28662130528346,381.49961125899546,385.42401123046875,76706900,0.0,0.0,0.0
2022-09-12 00:00:00-04:00,387.49046061347366,390.2868341942052,387.1871194866291,389.56640625,69256300,0.0,0.0,0.0
2022-09-13 00:00:00-04:00,380.90239200547273,382.10626800654813,371.5085373863549,372.6270751953125,122947100,0.0,0.0,0.0
2022-09-14 00:00:00-04:00,373.9257160615463,375.5656268148488,370.7501807174359,374.0489501953125,85023700,0.0,0.0,0.0
2022-09-15 00:00:00-04:00,372.49436398050875,375.33812191068284,368.53206820723454,369.8022766113281,87633800,0.0,0.0,0.0
2022-09-16 00:00:00-04:00,365.6295510878898,367.6378630769438,363.69734233012485,366.9811096191406,103084800,1.596,0.0,0.0
2022-09-19 00:00:00-04:00,363.84014194343365,369.8270263671875,363.763980617156,369.8270263671875,73278500,0.0,0.0,0.0
2022-09-20 00:00:00-04:00,366.505230286068,367.51415006942193,362.8312448574466,365.58197021484375,77274900,0.0,0.0,0.0
2022-09-21 00:00:00-04:00,367.504586823731,370.5504007332188,359.19527603958755,359.2048034667969,106746600,0.0,0.0,0.0
2022-09-22 00:00:00-04:00,358.4338263970015,360.0709463739704,355.4451478506608,356.18756103515625,89472600,0.0,0.0,0.0
2022-09-23 00:00:00-04:00,352.7228482792776,352.7609289323935,345.7841524325805,350.2196044921875,122346900,0.0,0.0,0.0
2022-09-26 00:00:00-04:00,348.7538180681722,352.37069598680137,345.53668535839785,346.7550048828125,92581200,0.0,0.0,0.0
2022-09-27 00:00:00-04:00,350.28630194167937,352.5516221250691,343.48084301099055,345.8699035644531,108294100,0.0,0.0,0.0
2022-09-28 00:00:00-04:00,346.821678453464,354.3600222961964,345.1274522170946,352.6753234863281,110802200,0.0,0.0,0.0
2022-09-29 00:00:00-04:00,349.1346285560483,349.42016092257757,342.36725004597866,345.308349609375,112952300,0.0,0.0,0.0
2022-09-30 00:00:00-04:00,344.36596930372804,348.2779362644351,339.83535868204586,339.9685974121094,153711200,0.0,0.0,0.0
2022-10-03 00:00:00-04:00,343.68074828998994,350.79079510712245,341.9008619903515,348.94427490234375,89756500,0.0,0.0,0.0
2022-10-04 00:00:00-04:00,354.4551993806732,359.7853586515844,348.90614168269303,359.7568054199219,103602800,0.0,0.0,0.0
2022-10-05 00:00:00-04:00,355.397528717206,361.17501250579096,353.07510228982494,358.9192199707031,88065700,0.0,0.0,0.0
2022-10-06 00:00:00-04:00,357.5200770483229,360.47070383972516,354.72174385776447,355.2167053222656,82333500,0.0,0.0,0.0
2022-10-07 00:00:00-04:00,351.19054873616767,355.3023890964065,343.5474892236813,345.308349609375,107789500,0.0,0.0,0.0
2022-10-10 00:00:00-04:00,346.4218372860806,346.65979052642246,340.4349546729392,342.67169189453125,76042800,0.0,0.0,0.0
2022-10-11 00:00:00-04:00,340.9775239932869,345.5367169870272,338.5694379532379,340.5016174316406,92482800,0.0,0.0,0.0
2022-10-12 00:00:00-04:00,340.9109745209168,342.4814606200205,339.1310592917608,339.3785400390625,76991800,0.0,0.0,0.0
2022-10-13 00:00:00-04:00,332.38271336985196,349.80091413619516,331.335712933563,348.3351135253906,147254500,0.0,0.0,0.0
2022-10-14 00:00:00-04:00,350.79069404097305,352.41831529855494,339.7591840858435,340.39691162109375,123737000,0.0,0.0,0.0
2022-10-17 00:00:00-04:00,346.4695719640728,350.2482719633379,340.0638579364615,349.1441650390625,93168200,0.0,0.0,0.0
2022-10-18 00:00:00-04:00,357.05371300233446,357.3583002169347,349.8103989866183,353.2464599609375,97162900,0.0,0.0,0.0
2022-10-19 00:00:00-04:00,351.2095432352664,353.93174409065676,347.93530350478727,350.7431640625,79746900,0.0,0.0,0.0
2022-10-20 00:00:00-04:00,350.29577817467606,354.71220495349155,347.0405645534775,347.8020324707031,88283100,0.0,0.0,0.0
2022-10-21 00:00:00-04:00,347.5260110650035,356.7395553428867,346.0221590756883,356.254150390625,131038400,0.0,0.0,0.0
2022-10-24 00:00:00-04:00,357.77707959447656,361.74612439325887,355.13101099924324,360.61346435546875,85436900,0.0,0.0,0.0
2022-10-25 00:00:00-04:00,360.53735873384517,366.6860643599622,360.4231457883191,366.3719787597656,78846300,0.0,0.0,0.0
2022-10-26 00:00:00-04:00,363.230974837986,368.90377378445976,362.9739957124518,363.6116943359375,104087300,0.0,0.0,0.0
2022-10-27 00:00:00-04:00,364.6110821532887,366.44807462100994,361.05128110498777,361.66998291015625,81971800,0.0,0.0,0.0
2022-10-28 00:00:00-04:00,361.5652086354592,370.7501985039981,361.3843618372089,370.2742919921875,100302000,0.0,0.0,0.0
2022-10-31 00:00:00-04:00,367.81865891657014,369.6842044707059,366.69552642305183,367.5997314453125,96631300,0.0,0.0,0.0
2022-11-01 00:00:00-04:00,371.3404256632253,371.57837896955164,364.8204992604764,365.9912109375,85407600,0.0,0.0,0.0
2022-11-02 00:00:00-04:00,365.40111675587,369.90320408108596,356.7015583770088,356.8062438964844,126990400,0.0,0.0,0.0
2022-11-03 00:00:00-04:00,353.5700586148132,356.1685191668986,351.01920615203176,353.1322326660156,87100100,0.0,0.0,0.0
2022-11-04 00:00:00-04:00,358.8335469874606,360.61343287804317,352.170855133582,358.2148742675781,103505200,0.0,0.0,0.0
2022-11-07 00:00:00-05:00,359.50936758378657,362.23156853069116,357.43442171013305,361.6414489746094,68286900,0.0,0.0,0.0
2022-11-08 00:00:00-05:00,362.74546276276726,366.56224244323937,359.5188315812918,363.59259033203125,84641100,0.0,0.0,0.0
2022-11-09 00:00:00-05:00,361.6223724698831,362.77408732506177,355.6069062348671,356.10186767578125,78495500,0.0,0.0,0.0
2022-11-10 00:00:00-05:00,369.3510591794325,376.00425245255667,367.0572151863192,375.6711120605469,141455800,0.0,0.0,0.0
2022-11-11 00:00:00-05:00,376.5278212790889,380.106648595616,374.64322048105964,379.30712890625,93839900,0.0,0.0,0.0
2022-11-14 00:00:00-05:00,377.5462142284,380.89658611860307,375.8043798668183,376.0804138183594,71903500,0.0,0.0,0.0
2022-11-15 00:00:00-05:00,381.8198207261606,382.9239274120566,375.4807419701021,379.2879943847656,93194500,0.0,0.0,0.0
2022-11-16 00:00:00-05:00,377.6604299906343,378.61224316456577,375.76633106956126,376.39453125,68508500,0.0,0.0,0.0
2022-11-17 00:00:00-05:00,371.6449453937852,375.91860608551974,371.34038726892305,375.2427978515625,74496300,0.0,0.0,0.0
2022-11-18 00:00:00-05:00,378.57415608736795,378.64078997970154,374.10065167393867,376.9465637207031,92922500,0.0,0.0,0.0
2022-11-21 00:00:00-05:00,375.6235052961584,376.7466376918826,373.7389050539046,375.5758972167969,51243200,0.0,0.0,0.0
2022-11-22 00:00:00-05:00,377.5176776993283,380.7919174617573,376.1089836932025,380.6300964355469,60429000,0.0,0.0,0.0
2022-11-23 00:00:00-05:00,380.29692789864373,383.51406095455076,380.06850204043604,383.0286560058594,68261600,0.0,0.0,0.0
2022-11-25 00:00:00-05:00,382.4671170422372,383.4950916496888,382.19111210524926,382.9430236816406,30545400,0.0,0.0,0.0
2022-11-28 00:00:00-05:00,379.8590644182219,381.49618401653254,376.07083804443715,376.8323059082031,67881600,0.0,0.0,0.0
2022-11-29 00:00:00-05:00,376.96564549358453,378.1554121174717,374.34815892103285,376.1851806640625,52310000,0.0,0.0,0.0
2022-11-30 00:00:00-05:00,376.4325818837763,388.0351867675781,374.51945716113363,388.0351867675781,144566700,0.0,0.0,0.0
2022-12-01 00:00:00-05:00,389.07263892248426,390.2433795179694,385.24636063389784,387.7496337890625,76398200,0.0,0.0,0.0
2022-12-02 00:00:00-05:00,382.86691453120744,388.2065734053355,382.76222900679136,387.3023681640625,85342700,0.0,0.0,0.0
2022-12-05 00:00:00-05:00,384.4849116571129,385.41766990087285,378.98343312541476,380.3349914550781,77289800,0.0,0.0,0.0
2022-12-06 00:00:00-05:00,380.17323078475664,380.7157422182558,372.7681254520418,374.8525695800781,77972200,0.0,0.0,0.0
2022-12-07 00:00:00-05:00,374.005504706076,376.57541212687585,373.0822446819997,374.21490478515625,65927900,0.0,0.0,0.0
2022-12-08 00:00:00-05:00,376.09948257287107,378.2124799961138,374.3195674856605,377.1464538574219,60737900,0.0,0.0,0.0
2022-12-09 00:00:00-05:00,375.90911499149865,378.459967446831,374.20536119651905,374.3291015625,81447700,0.0,0.0,0.0
2022-12-12 00:00:00-05:00,375.11908962319546,379.72589111328125,374.45283780553007,379.72589111328125,75405800,0.0,0.0,0.0
2022-12-13 00:00:00-05:00,390.45280046353844,390.70977956297014,379.8400894083029,382.600341796875,123782500,0.0,0.0,0.0
2022-12-14 00:00:00-05:00,382.257673780074,385.9602409589763,377.21307559103866,380.1541748046875,108111300,0.0,0.0,0.0
2022-12-15 00:00:00-05:00,375.2999318308924,376.20416598654884,369.1988348015829,370.85498046875,117705900,0.0,0.0,0.0
2022-12-16 00:00:00-05:00,368.3029384387337,369.641590174743,364.3443519350762,366.47662353515625,119858000,1.781,0.0,0.0
2022-12-19 00:00:00-05:00,366.66780330486046,367.0024734712642,361.70520704366805,363.36895751953125,79878100,0.0,0.0,0.0
2022-12-20 00:00:00-05:00,362.61364283927566,365.482194633709,361.2941043449694,363.8662414550781,74427200,0.0,0.0,0.0
2022-12-21 00:00:00-05:00,366.4574464966575,370.4351746621718,365.9219858955704,369.306884765625,78167400,0.0,0.0,0.0
2022-12-22 00:00:00-05:00,366.2662256920997,369.28777027212345,358.34902428686854,364.038330078125,100120900,0.0,0.0,0.0
2022-12-23 00:00:00-05:00,363.01521636298173,366.2758070046261,361.4662030943732,366.13238525390625,59857300,0.0,0.0,0.0
2022-12-27 00:00:00-05:00,366.01764723973866,366.3618594408892,363.0152157544233,364.68853759765625,51638200,0.0,0.0,0.0
2022-12-28 00:00:00-05:00,364.6215818081712,366.59134742365524,359.92674469166934,360.1562194824219,70911500,0.0,0.0,0.0
2022-12-29 00:00:00-05:00,362.9961320141737,367.5093216045126,362.4702133125497,366.6391906738281,66970900,0.0,0.0,0.0
2022-12-30 00:00:00-05:00,363.9618527124626,365.8168226274327,361.8486652893112,365.67340087890625,84022200,0.0,0.0,0.0
2023-01-03 00:00:00-05:00,367.52844425814527,369.4981809896888,361.2749926451564,364.1340026855469,74850700,0.0,0.0,0.0
2023-01-04 00:00:00-05:00,366.3905568832152,368.9722652057651,363.34989894273167,366.9451599121094,85934100,0.0,0.0,0.0
2023-01-05 00:00:00-05:00,364.9945163658359,365.1092537639918,362.16422021646383,362.7570495605469,76970500,0.0,0.0,0.0
2023-01-06 00:00:00-05:00,365.845539153224,372.1946147969525,362.7857679206914,371.07586669921875,104189600,0.0,0.0,0.0
2023-01-09 00:00:00-05:00,373.2655401902277,376.44964922378716,370.6838609207569,370.8655090332031,73978100,0.0,0.0,0.0
2023-01-10 00:00:00-05:00,370.2822289287242,373.5332484725184,369.34515816722075,373.46630859375,65358100,0.0,0.0,0.0
2023-01-11 00:00:00-05:00,375.0439955334967,378.26633038365287,374.2312334389066,378.1898193359375,68881100,0.0,0.0,0.0
2023-01-12 00:00:00-05:00,379.2894696301709,381.0297021014003,375.2256881711222,379.5667419433594,90157700,0.0,0.0,0.0
2023-01-13 00:00:00-05:00,376.37306397661587,381.6129617235171,376.10533367891514,381.03924560546875,63903900,0.0,0.0,0.0
2023-01-17 00:00:00-05:00,381.0201591163604,382.69348088927234,379.66236518124305,380.34124755859375,62677300,0.0,0.0,0.0
2023-01-18 00:00:00-05:00,381.526947386791,382.58829750949707,374.1356353327088,374.33642578125,99632300,0.0,0.0,0.0
2023-01-19 00:00:00-05:00,372.2997219516563,373.9443593060729,370.2917592534764,371.6112976074219,86958900,0.0,0.0,0.0
2023-01-20 00:00:00-05:00,373.0073764154368,378.6871115907864,371.36273880270227,378.53411865234375,91806400,0.0,0.0,0.0
2023-01-23 00:00:00-05:00,379.3372757234957,385.0074392135379,378.3810918291715,383.0759582519531,84178800,0.0,0.0,0.0
2023-01-24 00:00:00-05:00,381.40268604904264,383.57321326654665,380.2170272035857,382.66485595703125,59524900,0.0,0.0,0.0
2023-01-25 00:00:00-05:00,378.6009940622238,383.1428671935605,376.31570073269967,382.8081970214844,84800300,0.0,0.0,0.0
2023-01-26 00:00:00-05:00,385.4663982164665,387.1779754700334,382.5022224600164,387.0154113769531,72287400,0.0,0.0,0.0
2023-01-27 00:00:00-05:00,385.97324291614746,390.2760709827511,385.7628812656745,387.90472412109375,68346200,0.0,0.0,0.0
2023-01-30 00:00:00-05:00,385.1508780562935,387.37880296998725,382.7413050405992,383.0377197265625,74202000,0.0,0.0,0.0
2023-01-31 00:00:00-05:00,383.5540574493801,388.7174447402499,383.20981606709955,388.6696472167969,86811800,0.0,0.0,0.0
2023-02-01 00:00:00-05:00,387.45528923844535,395.54462644508357,384.7206171548962,392.80035400390625,101459200,0.0,0.0,0.0
2023-02-02 00:00:00-05:00,396.6824246845757,399.98127069479483,394.78919930515946,398.518310546875,101654500,0.0,0.0,0.0
2023-02-03 00:00:00-05:00,393.5557615392747,398.70003602985804,393.0776695484089,394.282470703125,94736800,0.0,0.0,0.0
2023-02-06 00:00:00-05:00,391.8346069060138,393.26888274999055,390.21865378736663,391.8728332519531,60295300,0.0,0.0,0.0
2023-02-07 00:00:00-05:00,390.95495684586416,398.2410744328294,389.71192928803475,396.998046875,90990700,0.0,0.0,0.0
2023-02-08 00:00:00-05:00,395.0282066123747,396.366858057828,391.96840686812754,392.6568603515625,76227500,0.0,0.0,0.0
2023-02-09 00:00:00-05:00,396.25217230001425,396.40516522520073,388.028984948847,389.2528991699219,78694900,0.0,0.0,0.0
2023-02-10 00:00:00-05:00,388.07678232835883,390.54375312300726,387.26404936045475,390.1612854003906,70769700,0.0,0.0,0.0
2023-02-13 00:00:00-05:00,390.81146193268944,394.8752432701656,390.3524831825662,394.7413635253906,64913500,0.0,0.0,0.0
2023-02-14 00:00:00-05:00,393.2210725630297,396.86413102531327,390.61070909281807,394.55975341796875,88389300,0.0,0.0,0.0
2023-02-15 00:00:00-05:00,392.3700815999979,395.91751581058026,391.5286350725414,395.8410339355469,61555700,0.0,0.0,0.0
2023-02-16 00:00:00-05:00,390.8784407346895,394.8179138959173,390.25692701019995,390.3907775878906,76431500,0.0,0.0,0.0
2023-02-17 00:00:00-05:00,388.2679730956426,389.6544512121104,386.3460344109805,389.4154052734375,89257800,0.0,0.0,0.0
2023-02-21 00:00:00-05:00,385.39950609313314,386.4513142893378,381.34529542458307,381.60345458984375,82655900,0.0,0.0,0.0
2023-02-22 00:00:00-05:00,382.0145561334285,383.55402728513724,379.62409654042705,381.0775146484375,83742300,0.0,0.0,0.0
2023-02-23 00:00:00-05:00,383.96523503521115,384.5772067863999,378.88790045751995,383.10467529296875,96242400,0.0,0.0,0.0
2023-02-24 00:00:00-05:00,378.0942785897589,379.84408241701556,376.39227228887677,379.01220703125,108194400,0.0,0.0,0.0
2023-02-27 00:00:00-05:00,382.3492579579314,383.7070519585176,379.365968807818,380.30303955078125,80444700,0.0,0.0,0.0
2023-02-28 00:00:00-05:00,379.82499112745273,381.785156708453,378.79229603840645,378.8974914550781,96438600,0.0,0.0,0.0
2023-03-01 00:00:00-05:00,378.0846868266854,379.30860107550785,376.1436346387775,377.44403076171875,99706800,0.0,0.0,0.0
2023-03-02 00:00:00-05:00,375.47422825599955,381.22090193596534,375.1395581071414,380.37945556640625,85127800,0.0,0.0,0.0
2023-03-03 00:00:00-05:00,382.1962660076362,386.7285976253681,381.54606794616154,386.47998046875,90120000,0.0,0.0,0.0
2023-03-06 00:00:00-05:00,387.3022850157021,389.59714976739536,386.3078747490803,386.7477111816406,72795900,0.0,0.0,0.0
2023-03-07 00:00:00-05:00,386.69995200651795,386.9389980101572,380.2074543771584,380.81939697265625,108310600,0.0,0.0,0.0
2023-03-08 00:00:00-05:00,380.9341111603913,382.19625170885286,379.212962662717,381.4408874511719,74746600,0.0,0.0,0.0
2023-03-09 00:00:00-05:00,382.22492782127654,383.8887075845493,373.4184826190144,374.4033508300781,111945300,0.0,0.0,0.0
2023-03-10 00:00:00-05:00,373.85837851710613,375.9333106680976,367.4806474809918,369.0009765625,189253000,0.0,0.0,0.0
2023-03-13 00:00:00-04:00,365.0805650006383,373.2846390345943,363.9713881978472,368.4750061035156,157790000,0.0,0.0,0.0
2023-03-14 00:00:00-04:00,373.3898621469937,376.2106166958166,370.09101558517847,374.56597900390625,149752400,0.0,0.0,0.0
2023-03-15 00:00:00-04:00,368.98181836154816,372.4240570496017,366.89731528704147,372.2232666015625,172996900,0.0,0.0,0.0
2023-03-16 00:00:00-04:00,369.8710106095369,379.09817809644744,369.3642343818118,378.7539367675781,143254200,0.0,0.0,0.0
2023-03-17 00:00:00-04:00,377.4256197444262,378.55821591341066,372.94318572096427,374.3253479003906,140553400,1.506,0.0,0.0
2023-03-20 00:00:00-04:00,375.1028011958168,378.33746367070916,374.40214170963634,377.9247131347656,93055800,0.0,0.0,0.0
2023-03-21 00:00:00-04:00,381.28412015653794,383.36697102971766,379.69079357481445,382.8870544433594,91524200,0.0,0.0,0.0
2023-03-22 00:00:00-04:00,382.71428861761933,386.3232414014182,376.3217962204962,376.36016845703125,111746600,0.0,0.0,0.0
2023-03-23 00:00:00-04:00,379.2205184817109,383.25182988301947,374.6709182110407,377.3776550292969,119351300,0.0,0.0,0.0
2023-03-24 00:00:00-04:00,376.1010222149094,379.9403548581303,373.75902695920195,379.8539733886719,107682400,0.0,0.0,0.0
2023-03-27 00:00:00-04:00,382.1288028794633,382.8966870426311,379.6716321408978,380.56427001953125,74010400,0.0,0.0,0.0
2023-03-28 00:00:00-04:00,379.87323827558174,380.5643194663322,377.87679777551904,379.7100830078125,62871700,0.0,0.0,0.0
2023-03-29 00:00:00-04:00,383.8660584843338,385.46899270747423,382.6662670661032,385.2290344238281,77497900,0.0,0.0,0.0
2023-03-30 00:00:00-04:00,387.8589388033637,388.1085047730431,385.6225406555873,387.484619140625,69840000,0.0,0.0,0.0
2023-03-31 00:00:00-04:00,388.4061147934353,393.24368242982905,388.30051790737826,392.9461364746094,112062600,0.0,0.0,0.0
2023-04-03 00:00:00-04:00,392.42776506097084,394.8465339049245,392.03422997869995,394.44342041015625,67391100,0.0,0.0,0.0
2023-04-04 00:00:00-04:00,395.0865256835199,395.3744932102715,390.8824517022873,392.2550354003906,66601500,0.0,0.0,0.0
2023-04-05 00:00:00-04:00,391.5255732993779,392.28384974684195,389.57711302940226,391.22802734375,65200200,0.0,0.0,0.0
2023-04-06 00:00:00-04:00,390.4314018268695,393.0325712994046,389.38518698879676,392.75421142578125,63743300,0.0,0.0,0.0
2023-04-10 00:00:00-04:00,390.277787817443,393.2340906618624,389.6635097627265,393.15728759765625,63681000,0.0,0.0,0.0
2023-04-11 00:00:00-04:00,393.7812271299072,394.6642573806665,392.4950539964702,393.2629089355469,59297900,0.0,0.0,0.0
2023-04-12 00:00:00-04:00,395.3264202310962,395.61438771141377,391.0743669935976,391.65985107421875,86420400,0.0,0.0,0.0
2023-04-13 00:00:00-04:00,392.744581127332,397.21740780284637,391.602377161458,396.8622741699219,85814800,0.0,0.0,0.0
2023-04-14 00:00:00-04:00,396.22873922494233,398.4171577397506,393.58919793642514,395.8927917480469,78161500,0.0,0.0,0.0
2023-04-17 00:00:00-04:00,395.80643975007484,397.3325711300684,394.5778543396015,397.3133850097656,66436400,0.0,0.0,0.0
2023-04-18 00:00:00-04:00,398.887415353016,399.0218060432113,396.199894466918,397.57244873046875,63560000,0.0,0.0,0.0
2023-04-19 00:00:00-04:00,395.6624479202901,398.4075568472331,395.60486027089866,397.5053405761719,55227300,0.0,0.0,0.0
2023-04-20 00:00:00-04:00,394.6929889766768,397.0829934844094,393.7907434550367,395.3360900878906,75840400,0.0,0.0,0.0
2023-04-21 00:00:00-04:00,395.6335807728495,396.10388958631245,393.69472858849934,395.6431884765625,73457400,0.0,0.0,0.0
2023-04-24 00:00:00-04:00,395.4416314735753,396.4782676301581,394.10747868962846,396.0559387207031,64332100,0.0,0.0,0.0
2023-04-25 00:00:00-04:00,394.088353969468,394.6450737017642,389.7115163477085,389.76910400390625,97766700,0.0,0.0,0.0
2023-04-26 00:00:00-04:00,390.3833244029181,391.4583328014488,387.56141271088387,388.11810302734375,80447000,0.0,0.0,0.0
2023-04-27 00:00:00-04:00,390.65214704527966,396.11360078097556,390.4025810177756,395.8448486328125,92968400,0.0,0.0,0.0
2023-04-28 00:00:00-04:00,394.9617875942257,399.23305741321724,394.90419994068407,399.22344970703125,89433100,0.0,0.0,0.0
2023-05-01 00:00:00-04:00,398.78184994003936,400.8454851986158,398.5898716077984,398.82025146484375,62122300,0.0,0.0,0.0
2023-05-02 00:00:00-04:00,398.1099666648256,398.1579758951747,391.4391441559721,394.33782958984375,103998500,0.0,0.0,0.0
2023-05-03 00:00:00-04:00,394.83694265774216,397.2461331896153,391.3911452329056,391.631103515625,91531800,0.0,0.0,0.0
2023-05-04 00:00:00-04:00,390.58489620304397,390.91123595861524,387.52302611509293,388.8572082519531,94901900,0.0,0.0,0.0
2023-05-05 00:00:00-04:00,392.4853583991723,397.10215328992234,392.2262140059175,396.0559387207031,87891800,0.0,0.0,0.0
2023-05-08 00:00:00-04:00,396.3823017131118,396.64144612156804,394.76018132750204,396.1615295410156,50046800,0.0,0.0,0.0
2023-05-09 00:00:00-04:00,394.6162031980649,395.53763480997924,394.1938742734827,394.4242248535156,49220100,0.0,0.0,0.0
2023-05-10 00:00:00-04:00,397.2557167367632,397.8892100796329,392.4469436701226,396.26708984375,96142900,0.0,0.0,0.0
2023-05-11 00:00:00-04:00,395.4033173680311,395.8640185793233,393.5028369960926,395.5760803222656,70157100,0.0,0.0,0.0
2023-05-12 00:00:00-04:00,396.8143117058912,397.02547621204064,392.6390308249023,395.05780029296875,70481500,0.0,0.0,0.0
2023-05-15 00:00:00-04:00,395.66249982833955,396.8238899658133,393.7524408587719,396.4207763671875,54289400,0.0,0.0,0.0
2023-05-16 00:00:00-04:00,395.3168627044219,396.23832360826236,393.7619377053924,393.77154541015625,57705500,0.0,0.0,0.0
2023-05-17 00:00:00-04:00,395.7871593165039,399.1561533635068,394.14585302223173,398.5514831542969,87287000,0.0,0.0,0.0
2023-05-18 00:00:00-04:00,398.23477512417634,402.8131980774416,398.01403224251106,402.390869140625,97177200,0.0,0.0,0.0
2023-05-19 00:00:00-04:00,403.2931791436521,403.8210757531866,400.5864421499419,401.805419921875,103793300,0.0,0.0,0.0
2023-05-22 00:00:00-04:00,401.8245672616326,403.50427528786696,400.586374286309,401.9685363769531,60745400,0.0,0.0,0.0
2023-05-23 00:00:00-04:00,400.32716691785123,401.9013072243869,397.06374031399105,397.457275390625,86383500,0.0,0.0,0.0
2023-05-24 00:00:00-04:00,395.85441436146004,396.2383417764392,393.4164298740769,394.57781982421875,89213700,0.0,0.0,0.0
2023-05-25 00:00:00-04:00,398.0811934806872,399.4441694496832,395.84479511708275,397.99481201171875,90961600,0.0,0.0,0.0
2023-05-26 00:00:00-04:00,398.6475494260872,403.86904489294824,398.5707756508926,403.149169921875,93830000,0.0,0.0,0.0
2023-05-30 00:00:00-04:00,405.0783704702366,405.60626696953454,401.9205113036728,403.30267333984375,72216000,0.0,0.0,0.0
2023-05-31 00:00:00-04:00,401.4790359496369,402.3812815149699,399.50178187032054,401.0663146972656,110811800,0.0,0.0,0.0
2023-06-01 00:00:00-04:00,401.2966730663804,405.9326839874396,400.0489015795839,404.8768615722656,88865000,0.0,0.0,0.0
2023-06-02 00:00:00-04:00,407.44919955900986,411.5188830151562,406.92130300774403,410.7318420410156,91426200,0.0,0.0,0.0
2023-06-05 00:00:00-04:00,411.0773899248413,412.3635629860605,409.2441048720611,409.9447937011719,65460200,0.0,0.0,0.0
2023-06-06 00:00:00-04:00,409.5320736758542,411.3653294424387,408.87936479133043,410.8374328613281,64022200,0.0,0.0,0.0
2023-06-07 00:00:00-04:00,411.2309690598289,412.36356528982583,408.99454113451293,409.4168701171875,85373300,0.0,0.0,0.0
2023-06-08 00:00:00-04:00,409.48399798951436,412.34431121135276,408.71614321581194,411.8931884765625,61952800,0.0,0.0,0.0
2023-06-09 00:00:00-04:00,412.6898813507892,414.63834160760314,411.64366666036057,412.6322937011719,85742800,0.0,0.0,0.0
2023-06-12 00:00:00-04:00,413.6113761039967,416.45247445367045,412.89150113320926,416.37567138671875,76104300,0.0,0.0,0.0
2023-06-13 00:00:00-04:00,417.8345851160925,419.76382988102273,417.1722978814529,419.1207580566406,95899700,0.0,0.0,0.0
2023-06-14 00:00:00-04:00,419.45674831132544,421.42439480568777,416.1741056268984,419.6199035644531,100612100,0.0,0.0,0.0
2023-06-15 00:00:00-04:00,418.8040614185362,426.07000671204355,418.70810151955646,424.8222351074219,110303100,0.0,0.0,0.0
2023-06-16 00:00:00-04:00,426.804818584776,427.37322020593024,422.9030661850773,423.3751220703125,114165800,1.638,0.0,0.0
2023-06-20 00:00:00-04:00,421.4387558395076,422.32506614292663,419.1073181445954,421.1786193847656,76160400,0.0,0.0,0.0
2023-06-21 00:00:00-04:00,420.1958550515707,420.99546279754975,418.4328194926715,419.0205078125,76982300,0.0,0.0,0.0
2023-06-22 00:00:00-04:00,418.0668439684426,420.6391018260277,417.72964857046975,420.53314208984375,70637200,0.0,0.0,0.0
2023-06-23 00:00:00-04:00,417.08416191308544,419.1362056994903,416.64100677536294,417.3539123535156,92074500,0.0,0.0,0.0
2023-06-26 00:00:00-04:00,416.7855154988048,418.7026693868189,415.40786249787595,415.6487121582031,72823600,0.0,0.0,0.0
2023-06-27 00:00:00-04:00,416.52540707007813,420.8221567639146,416.0726085341393,420.2055969238281,72813700,0.0,0.0,0.0
2023-06-28 00:00:00-04:00,419.1265614695,421.4290983033547,418.5100016357142,420.41754150390625,75636000,0.0,0.0,0.0
2023-06-29 00:00:00-04:00,420.00328366247703,422.2383756741101,419.5986726779713,422.0745849609375,67882300,0.0,0.0,0.0
2023-06-30 00:00:00-04:00,425.28267848094407,428.0379843526411,424.96474047999936,427.0553283691406,104964000,0.0,0.0,0.0
2023-07-03 00:00:00-04:00,426.7084788639364,427.8259952574617,426.4290850652605,427.546630859375,32793400,0.0,0.0,0.0
2023-07-05 00:00:00-04:00,425.7355105986345,427.6430505530816,425.725867203726,426.9108581542969,58418400,0.0,0.0,0.0
2023-07-06 00:00:00-04:00,423.3366038147622,423.9917077726785,421.06296794825374,423.56781005859375,80658300,0.0,0.0,0.0
2023-07-07 00:00:00-04:00,422.5755319557256,426.438769743823,422.2575939538954,422.4984436035156,86134200,0.0,0.0,0.0
2023-07-10 00:00:00-04:00,422.1419696202549,423.7412147414674,421.5735680037754,423.56781005859375,62443500,0.0,0.0,0.0
2023-07-11 00:00:00-04:00,424.32893908451956,426.7566930521444,423.3558970583311,426.2653503417969,64463800,0.0,0.0,0.0
2023-07-12 00:00:00-04:00,430.0515200243212,431.1016209821125,428.62567949600117,429.6950378417969,91924500,0.0,0.0,0.0
2023-07-13 00:00:00-04:00,431.5061931540125,433.8954320784897,431.0726814584312,433.1054382324219,72425200,0.0,0.0,0.0
2023-07-14 00:00:00-04:00,433.991813962652,434.83958003816,432.07463074719146,432.8357238769531,69815800,0.0,0.0,0.0
2023-07-17 00:00:00-04:00,432.6912196663996,435.3887239970372,432.6430320958501,434.338623046875,52680200,0.0,0.0,0.0
2023-07-18 00:00:00-04:00,434.01103608987984,438.2114395521847,433.57749499281715,437.56597900390625,80668200,0.0,0.0,0.0
2023-07-19 00:00:00-04:00,438.35601441060516,439.724023983291,437.48893213427476,438.5390625,65891700,0.0,0.0,0.0
2023-07-20 00:00:00-04:00,437.5467608684042,438.44271452207744,434.91667207150675,435.62957763671875,70591600,0.0,0.0,0.0
2023-07-21 00:00:00-04:00,437.3444259913096,437.5467608684042,435.61996364299455,435.62957763671875,71275600,0.0,0.0,0.0
2023-07-24 00:00:00-04:00,436.77598531715506,438.38487379289774,435.7451418375123,437.57562255859375,54023400,0.0,0.0,0.0
2023-07-25 00:00:00-04:00,437.3059387900186,440.0227007047043,437.2577512159894,438.7702941894531,55191200,0.0,0.0,0.0
2023-07-26 00:00:00-04:00,437.8357342912967,440.26348802035136,436.7856334140258,438.8376770019531,71052900,0.0,0.0,0.0
2023-07-27 00:00:00-04:00,442.2192452897237,442.62388566589414,435.0226560753175,435.9282531738281,92194400,0.0,0.0,0.0
2023-07-28 00:00:00-04:00,439.1941327220315,441.0245840745933,435.92819754722996,440.1960754394531,80011800,0.0,0.0,0.0
2023-07-31 00:00:00-04:00,440.6682055455154,441.3907545748612,439.35796801732533,441.0343017578125,62040400,0.0,0.0,0.0
2023-08-01 00:00:00-04:00,439.5698514127993,440.51399258801536,438.8184017102693,439.7721862792969,55291500,0.0,0.0,0.0
2023-08-02 00:00:00-04:00,436.6604623365917,436.92056940230765,432.903213273274,433.6546630859375,93933400,0.0,0.0,0.0
2023-08-03 00:00:00-04:00,431.64115804128886,434.29050444334024,430.9956679816183,432.411865234375,64276100,0.0,0.0,0.0
2023-08-04 00:00:00-04:00,434.2230692550645,436.32327139401457,429.9359332204392,430.4561767578125,100128900,0.0,0.0,0.0
2023-08-07 00:00:00-04:00,432.28658168791264,434.36752621178806,431.59293351328745,434.21337890625,58357500,0.0,0.0,0.0
2023-08-08 00:00:00-04:00,431.6795833163524,434.20371206163696,428.97243590614755,432.3250732421875,71361300,0.0,0.0,0.0
2023-08-09 00:00:00-04:00,432.59488283321724,432.7586735355105,428.6738433785323,429.4349365234375,78789600,0.0,0.0,0.0
2023-08-10 00:00:00-04:00,431.7856284811605,435.16716703483127,428.42337671620794,429.5890808105469,93005500,0.0,0.0,0.0
2023-08-11 00:00:00-04:00,427.7200290859293,430.35011754971424,427.1227267257981,429.3385314941406,68690900,0.0,0.0,0.0
2023-08-14 00:00:00-04:00,428.4233633029166,431.7085266113281,428.1150686990038,431.7085266113281,47867400,0.0,0.0,0.0
2023-08-15 00:00:00-04:00,429.9359505861321,430.2924328209689,426.11125636364244,426.6796875,75707500,0.0,0.0,0.0
2023-08-16 00:00:00-04:00,426.26528432536145,427.92233089124835,423.44253382784007,423.54852294921875,80107200,0.0,0.0,0.0
2023-08-17 00:00:00-04:00,425.0129750031002,425.2730820684876,419.8009844959738,420.32122802734375,95711300,0.0,0.0,0.0
2023-08-18 00:00:00-04:00,417.5080258452247,421.5543115245304,417.1612164787308,420.5234680175781,98852000,0.0,0.0,0.0
2023-08-21 00:00:00-04:00,421.53502982303786,424.0013277942752,419.38666984217986,423.259521484375,68719000,0.0,0.0,0.0
2023-08-22 00:00:00-04:00,425.0321640493009,425.0321640493009,421.5543094057689,422.1130676269531,64994200,0.0,0.0,0.0
2023-08-23 00:00:00-04:00,423.1728380844883,427.43107286328376,423.0283341735705,426.8144836425781,68441000,0.0,0.0,0.0
2023-08-24 00:00:00-04:00,428.41369725884107,428.92429730681755,420.87027025881116,420.8992004394531,88517300,0.0,0.0,0.0
2023-08-25 00:00:00-04:00,422.62366273446645,425.14776219480035,419.07836317797603,423.866455078125,102325100,0.0,0.0,0.0
2023-08-28 00:00:00-04:00,426.05339622552776,427.1709421526019,423.8664919427265,426.55438232421875,61595400,0.0,0.0,0.0
2023-08-29 00:00:00-04:00,426.4483889303442,432.999517120143,426.26534084235647,432.7201232910156,83081900,0.0,0.0,0.0
2023-08-30 00:00:00-04:00,433.05734340842935,435.1382880533624,432.3540517986095,434.50244140625,69053900,0.0,0.0,0.0
2023-08-31 00:00:00-04:00,435.1189223908011,436.2557255535454,433.68346804802377,433.86651611328125,66084600,0.0,0.0,0.0
2023-09-01 00:00:00-04:00,436.58341286121106,437.0651122233985,433.2211313207377,434.6758728027344,58944100,0.0,0.0,0.0
2023-09-05 00:00:00-04:00,434.23263347174435,434.5505420529184,432.72973410501413,432.7971496582031,55166200,0.0,0.0,0.0
2023-09-06 00:00:00-04:00,431.9878663952489,432.0938555148443,427.56587096314115,429.8876647949219,70758500,0.0,0.0,0.0
2023-09-07 00:00:00-04:00,426.8915071469469,429.24220190465525,426.5446977895423,428.5678405761719,70355400,0.0,0.0,0.0
2023-09-08 00:00:00-04:00,428.61607641541775,430.7451793135571,428.25962359995947,429.21337890625,61659700,0.0,0.0,0.0
2023-09-11 00:00:00-04:00,431.83376742594476,432.34436749416994,430.12856253408137,432.0361022949219,60180100,0.0,0.0,0.0
2023-09-12 00:00:00-04:00,430.59102153155527,432.11317840274216,429.0881220484013,429.6661376953125,67565400,0.0,0.0,0.0
2023-09-13 00:00:00-04:00,429.8877204342684,431.3231749266096,428.78943192828973,430.1671142578125,60199300,0.0,0.0,0.0
2023-09-14 00:00:00-04:00,432.63336626870154,434.56977723810513,431.33277242916336,433.8761291503906,83430800,0.0,0.0,0.0
2023-09-15 00:00:00-04:00,432.2935551441486,432.6222625307114,428.2136712808251,428.6487121582031,111848900,1.583,0.0,0.0
2023-09-18 00:00:00-04:00,428.3393267614431,430.1955896700722,427.86560575276553,428.90008544921875,55752200,0.0,0.0,0.0
2023-09-19 00:00:00-04:00,427.9815868766938,428.5713482483716,425.332573169419,428.0105895996094,66514600,0.0,0.0,0.0
2023-09-20 00:00:00-04:00,429.2674693964477,429.68318495179983,423.8727265693422,424.0757751464844,82562600,0.0,0.0,0.0
2023-09-21 00:00:00-04:00,421.233389771168,421.49441429318694,416.91180676973505,417.0664978027344,104095800,0.0,0.0,0.0
2023-09-22 00:00:00-04:00,418.09131961695476,419.6865285568745,415.71297806578804,416.12872314453125,100829700,0.0,0.0,0.0
2023-09-25 00:00:00-04:00,414.920205158679,417.9172517040119,414.485134786977,417.87860107421875,70874500,0.0,0.0,0.0
2023-09-26 00:00:00-04:00,414.84288124552415,415.54865360911657,410.90801075336816,411.7394714355469,96168400,0.0,0.0,0.0
2023-09-27 00:00:00-04:00,412.90925504168933,413.4700137261174,408.2686420542666,411.9037780761719,104705800,0.0,0.0,0.0
2023-09-28 00:00:00-04:00,411.35270706101295,415.964317107926,410.762945679416,414.291748046875,92258300,0.0,0.0,0.0
2023-09-29 00:00:00-04:00,417.3372277775056,417.5112441372113,411.76846823252566,413.2863464355469,115111300,0.0,0.0,0.0
2023-10-02 00:00:00-04:00,412.4548256054054,414.3690937958554,410.36654108063146,413.1219177246094,83798600,0.0,0.0,0.0
2023-10-03 00:00:00-04:00,410.9467055118216,413.1800040858978,406.2287317175528,407.5919189453125,103760600,0.0,0.0,0.0
2023-10-04 00:00:00-04:00,408.0559666596498,411.3043900178651,406.59609392791054,410.5599670410156,87453000,0.0,0.0,0.0
2023-10-05 00:00:00-04:00,410.2699077129364,411.24638199806213,407.18585282564163,410.4052734375,70142700,0.0,0.0,0.0
2023-10-06 00:00:00-04:00,407.95929439211045,416.81515765208843,406.63478734252965,415.2779541015625,113273300,0.0,0.0,0.0
2023-10-09 00:00:00-04:00,413.3830108074734,418.5070521455923,412.8319589906931,417.9366455078125,80374400,0.0,0.0,0.0
2023-10-10 00:00:00-04:00,418.5649663005958,422.7028550027733,418.1685761124723,420.1118469238281,78607300,0.0,0.0,0.0
2023-10-11 00:00:00-04:00,421.17540990507433,422.08417183466213,418.797068320578,421.83282470703125,62451700,0.0,0.0,0.0
2023-10-12 00:00:00-04:00,422.4419089154139,422.8189443567332,416.91182957643576,419.2611389160156,81154200,0.0,0.0,0.0
2023-10-13 00:00:00-04:00,420.7596289275812,421.9584770278049,415.60661494268294,417.1728210449219,95143100,0.0,0.0,0.0
2023-10-16 00:00:00-04:00,419.4157827397426,422.6255551040407,419.1740835467255,421.56207275390625,75433200,0.0,0.0,0.0
2023-10-17 00:00:00-04:00,418.4393454760135,423.5923892481788,418.09131276942526,421.5427551269531,75324700,0.0,0.0,0.0
2023-10-18 00:00:00-04:00,419.77349041439385,420.7306097718711,414.8428210042976,415.9256286621094,93559800,0.0,0.0,0.0
2023-10-19 00:00:00-04:00,416.64111990263626,418.4490253157197,411.59443909771255,412.27117919921875,121323000,0.0,0.0,0.0
2023-10-20 00:00:00-04:00,411.8361657385735,412.37756965755136,407.0988371910665,407.2052001953125,123919900,0.0,0.0,0.0
2023-10-23 00:00:00-04:00,405.67757598059893,410.3568982821464,403.9276761980999,406.4993591308594,92035100,0.0,0.0,0.0
2023-10-24 00:00:00-04:00,408.61664598235126,410.71460793995783,406.77006062450005,409.5641174316406,78564200,0.0,0.0,0.0
2023-10-25 00:00:00-04:00,407.88192884542195,407.91093157015536,403.17360349885,403.6860046386719,94223200,0.0,0.0,0.0
2023-10-26 00:00:00-04:00,402.6225206966068,403.47327705797994,397.9335505307934,398.85198974609375,115156800,0.0,0.0,0.0
2023-10-27 00:00:00-04:00,400.43759484678344,400.8339851009318,395.62293584989493,397.04412841796875,107367700,0.0,0.0,0.0
2023-10-30 00:00:00-04:00,399.8284803456642,402.8448816266276,398.5329761803426,401.79107666015625,86562700,0.0,0.0,0.0
2023-10-31 00:00:00-04:00,402.361504611754,404.63348310254605,400.45691364342605,404.314453125,79665200,0.0,0.0,0.0
2023-11-01 00:00:00-04:00,405.28123407598383,409.43844855236455,404.74947812853236,408.6263427734375,98068100,0.0,0.0,0.0
2023-11-02 00:00:00-04:00,412.41619465013827,416.61211901779166,412.39686933434086,416.4574279785156,94938900,0.0,0.0,0.0
2023-11-03 00:00:00-04:00,418.7584345746445,421.80383898984763,418.63274625361095,420.2569580078125,100167800,0.0,0.0,0.0
2023-11-06 00:00:00-05:00,421.01105837900457,421.66847320739254,419.28048362094427,421.2237548828125,67831700,0.0,0.0,0.0
2023-11-07 00:00:00-05:00,421.223666855701,423.0605747296388,420.08285380291056,422.4224853515625,64256100,0.0,0.0,0.0
2023-11-08 00:00:00-05:00,423.0219303160148,423.544008852029,420.4309219590949,422.7319030761719,61746000,0.0,0.0,0.0
2023-11-09 00:00:00-05:00,423.8727133946502,423.9113935278032,419.0097266771128,419.43511962890625,83174400,0.0,0.0,0.0
2023-11-10 00:00:00-05:00,421.5041020397778,426.28972875327344,419.42546520511473,425.9803466796875,89462200,0.0,0.0,0.0
2023-11-13 00:00:00-05:00,424.64616313137293,426.6764127794683,423.86306009469695,425.57427978515625,52236100,0.0,0.0,0.0
2023-11-14 00:00:00-05:00,431.50079597873554,435.1166069139446,431.2784220719966,433.8307800292969,97176900,0.0,0.0,0.0
2023-11-15 00:00:00-05:00,435.16492211328534,436.3927730128096,433.8984205823122,434.74920654296875,77327600,0.0,0.0,0.0
2023-11-16 00:00:00-05:00,434.30447059030485,435.59997479434537,433.24098818272,435.28094482421875,66665800,0.0,0.0,0.0
2023-11-17 00:00:00-05:00,435.29057073108856,436.43141334936854,434.3721314970017,435.82232666015625,83133200,0.0,0.0,0.0
2023-11-20 00:00:00-05:00,435.57099160312566,440.0182630951851,435.5613141930735,439.1771545410156,69936200,0.0,0.0,0.0
2023-11-21 00:00:00-05:00,438.13299304399567,439.0514618608499,436.9534996970191,438.2200012207031,49244600,0.0,0.0,0.0
2023-11-22 00:00:00-05:00,439.8732451207241,441.22675482120695,438.8194400859089,439.9118957519531,59394900,0.0,0.0,0.0
2023-11-24 00:00:00-05:00,439.9602422808771,440.3759578384197,439.6315348978691,440.1825866699219,29737400,0.0,0.0,0.0
2023-11-27 00:00:00-05:00,439.55420100976517,440.3663068584605,439.0031197003399,439.3898620605469,50506000,0.0,0.0,0.0
2023-11-28 00:00:00-05:00,439.0030764411284,441.1203637861366,438.44234728096177,439.8248596191406,62115000,0.0,0.0,0.0
2023-11-29 00:00:00-05:00,441.97120588419773,443.1023712619962,439.1191726740231,439.5155334472656,63146000,0.0,0.0,0.0
2023-11-30 00:00:00-05:00,440.35662667945024,441.59412543023933,438.28766732031204,441.2460632324219,79752700,0.0,0.0,0.0
2023-12-01 00:00:00-05:00,440.6369649429203,444.38814123082403,440.0472330596215,443.8564147949219,89183400,0.0,0.0,0.0
2023-12-04 00:00:00-05:00,440.47265370720123,443.8757680204174,439.25448022667734,441.5264587402344,72430900,0.0,0.0,0.0
2023-12-05 00:00:00-05:00,440.14394887033336,442.3965725770802,439.76688393206007,441.439453125,69793500,0.0,0.0,0.0
2023-12-06 00:00:00-05:00,443.57606849081975,443.60507121667763,439.225482586349,439.6605529785156,69124700,0.0,0.0,0.0
2023-12-07 00:00:00-05:00,441.73920179328286,443.6631182990797,441.1397923997764,443.015380859375,66995400,0.0,0.0,0.0
2023-12-08 00:00:00-05:00,442.27081777308945,445.4515872323263,442.0291185939075,444.91986083984375,83194400,0.0,0.0,0.0
2023-12-11 00:00:00-05:00,444.4268307846884,446.8244975103325,444.2141343049595,446.65045166015625,65002200,0.0,0.0,0.0
2023-12-12 00:00:00-05:00,446.30240990232363,448.78708475043413,445.30661038207074,448.6903991699219,68327600,0.0,0.0,0.0
2023-12-13 00:00:00-05:00,449.0674408996175,455.12927578193285,448.709730800554,454.8778991699219,93278000,0.0,0.0,0.0
2023-12-14 00:00:00-05:00,456.8114895469167,458.0006602364905,453.6693999362765,456.3377685546875,119026000,0.0,0.0,0.0
2023-12-15 00:00:00-05:00,455.7417745258769,456.91636306344805,453.74210049149804,455.5864562988281,141553700,1.906,0.0,0.0
2023-12-18 00:00:00-05:00,457.18810894495897,459.12954211953263,456.13003141968665,458.14910888671875,70375300,0.0,0.0,0.0
2023-12-19 00:00:00-05:00,458.69273602664884,461.0127630324847,458.61509172941334,460.9350891113281,55761800,0.0,0.0,0.0
2023-12-20 00:00:00-05:00,460.0808576886502,461.96405036999886,454.1206728290634,454.54779052734375,102921000,0.0,0.0,0.0
2023-12-21 00:00:00-05:00,457.5277900582173,459.1294959653639,455.11071547850463,458.8576965332031,86667500,0.0,0.0,0.0
2023-12-22 00:00:00-05:00,459.9838104781131,461.4593188510491,457.887088433067,459.77996826171875,67160400,0.0,0.0,0.0
2023-12-26 00:00:00-05:00,460.18765521976536,462.62413389794295,460.109981297383,461.72137451171875,55387000,0.0,0.0,0.0
2023-12-27 00:00:00-05:00,461.5175394244562,462.70181495571654,460.9836571015111,462.55621337890625,68000300,0.0,0.0,0.0
2023-12-28 00:00:00-05:00,462.91536504878167,463.5657286208665,462.3135254600746,462.7309265136719,77158100,0.0,0.0,0.0
2023-12-29 00:00:00-05:00,462.5367654374911,463.06096072132885,459.4401769650659,461.3913269042969,122283100,0.0,0.0,0.0
2024-01-02 00:00:00-05:00,458.333531951908,459.7993234289346,456.71242227128295,458.8091735839844,123623700,0.0,0.0,0.0
2024-01-03 00:00:00-05:00,456.6542463475319,457.39200051317124,454.4604467676884,455.0622863769531,103585900,0.0,0.0,0.0
2024-01-04 00:00:00-05:00,454.5865557790852,457.1686653982138,453.3731600721968,453.596435546875,84232200,0.0,0.0,0.0
2024-01-05 00:00:00-05:00,453.80028176128866,456.6639075045455,452.77132456262234,454.21771240234375,86118900,0.0,0.0,0.0
2024-01-08 00:00:00-05:00,454.71281340697016,460.8477500166702,454.5866154970485,460.7021484375,74879100,0.0,0.0,0.0
2024-01-09 00:00:00-05:00,458.0521152033718,461.0225061346344,457.54735315013767,460.0032653808594,65931400,0.0,0.0,0.0
2024-01-10 00:00:00-05:00,460.2750525964962,463.46871896304185,459.9935364474402,462.6047668457031,67310600,0.0,0.0,0.0
2024-01-11 00:00:00-05:00,463.6045886611641,464.11906733105025,458.43068164604205,462.4009094238281,77940700,0.0,0.0,0.0
2024-01-12 00:00:00-05:00,463.8472262405501,464.58498035155515,461.3136700813151,462.72119140625,58026400,0.0,0.0,0.0
2024-01-16 00:00:00-05:00,461.34278348918724,462.6532272077025,459.2071951071508,461.0224304199219,85014900,0.0,0.0,0.0
2024-01-17 00:00:00-05:00,458.0035703058881,458.94516670999695,456.1106608508071,458.4598083496094,68843900,0.0,0.0,0.0
2024-01-18 00:00:00-05:00,460.12935459709723,463.09002818161,458.58591886010277,462.5367126464844,91856200,0.0,0.0,0.0
2024-01-19 00:00:00-05:00,463.6628015298727,468.58434205067863,462.5853202688259,468.3028259277344,110834500,0.0,0.0,0.0
2024-01-22 00:00:00-05:00,469.83653714242234,471.0110958989677,468.6425450951434,469.2929382324219,75844900,0.0,0.0,0.0
2024-01-23 00:00:00-05:00,469.836566173897,470.9043307691421,468.7493682867175,470.6616516113281,49945300,0.0,0.0,0.0
2024-01-24 00:00:00-05:00,473.525326396796,474.4572061642856,470.6811334834007,471.17620849609375,81765000,0.0,0.0,0.0
2024-01-25 00:00:00-05:00,473.30199623812143,474.0106300348732,471.1761540957068,473.73883056640625,72525000,0.0,0.0,0.0
2024-01-26 00:00:00-05:00,473.3117152908374,474.79691054106985,472.29247468488353,473.1369934082031,76641600,0.0,0.0,0.0
2024-01-29 00:00:00-05:00,473.4475958586122,477.029542315143,472.9039969579279,476.8839111328125,61322800,0.0,0.0,0.0
2024-01-30 00:00:00-05:00,476.19475312019154,477.2237103899132,475.7579187820987,476.5151062011719,58618400,0.0,0.0,0.0
2024-01-31 00:00:00-05:00,474.3116203199268,474.7581417365117,468.7202822815869,468.7397155761719,126011100,0.0,0.0,0.0
2024-02-01 00:00:00-05:00,470.43842101293257,474.90372358641025,469.6327095934461,474.8746032714844,91891600,0.0,0.0,0.0
2024-02-02 00:00:00-05:00,475.31136898916844,481.523949196212,474.97161226030033,479.8737487792969,99228200,0.0,0.0,0.0
2024-02-05 00:00:00-05:00,479.24284325758833,479.9029234991888,475.8744551474019,478.1264953613281,75757100,0.0,0.0,0.0
2024-02-06 00:00:00-05:00,479.0680669349689,479.84465802363434,477.6411122849623,479.5146179199219,55918600,0.0,0.0,0.0
2024-02-07 00:00:00-05:00,481.75695184930976,483.93134756331705,480.8541628931194,483.5139465332031,70556500,0.0,0.0,0.0
2024-02-08 00:00:00-05:00,483.513949705615,484.1060726186496,482.69855130751233,483.7275085449219,52343600,0.0,0.0,0.0
2024-02-09 00:00:00-05:00,484.2322866772762,486.9599980744067,483.8925299274153,486.523193359375,63979400,0.0,0.0,0.0
2024-02-12 00:00:00-05:00,486.49406987855394,488.75582660767503,485.59128089218916,486.30963134765625,56502300,0.0,0.0,0.0
2024-02-13 00:00:00-05:00,480.04846760997253,482.5334996770295,476.35003982173856,479.61163330078125,113099200,0.0,0.0,0.0
2024-02-14 00:00:00-05:00,482.24237077339893,484.45560372449836,479.92234357796184,483.9702453613281,68387800,0.0,0.0,0.0
2024-02-15 00:00:00-05:00,484.6690979139186,487.4938867654942,484.19342663721847,487.3094482421875,61683000,0.0,0.0,0.0
2024-02-16 00:00:00-05:00,487.00856229426716,488.1442842020213,484.144936285217,484.8826904296875,75532900,0.0,0.0,0.0
2024-02-20 00:00:00-05:00,483.14507545774694,483.8148722929186,479.970842787005,482.21319580078125,71736700,0.0,0.0,0.0
2024-02-21 00:00:00-05:00,480.9124325062878,482.80531210783914,479.10688422021883,482.6499938964844,59293400,0.0,0.0,0.0
2024-02-22 00:00:00-05:00,489.25088043870596,493.5996718242251,488.2898508655614,492.638671875,76402500,0.0,0.0,0.0
2024-02-23 00:00:00-05:00,494.3568250348437,495.1916567031526,492.25038663284334,492.9784240722656,61321800,0.0,0.0,0.0
2024-02-26 00:00:00-05:00,493.41526570907337,493.8521000550051,491.0467146922128,491.17291259765625,50386700,0.0,0.0,0.0
2024-02-27 00:00:00-05:00,491.8620813041637,492.308602616629,489.9691722068436,492.0853271484375,48854500,0.0,0.0,0.0
2024-02-28 00:00:00-05:00,490.5322390639573,492.01743437576624,490.17307863790023,491.4350280761719,56506600,0.0,0.0,0.0
2024-02-29 00:00:00-05:00,493.19197313484807,494.8130532117829,490.55162288856457,493.20166015625,83924800,0.0,0.0,0.0
2024-03-01 00:00:00-05:00,494.07533144522296,498.2590878764062,493.6676174504883,497.83197021484375,76844800,0.0,0.0,0.0
2024-03-04 00:00:00-05:00,497.03607301464484,499.1425115484434,497.00692307628157,497.2981262207031,49799300,0.0,0.0,0.0
2024-03-05 00:00:00-05:00,495.2984545471132,495.745005535815,490.1245478315941,492.32806396484375,72855600,0.0,0.0,0.0
2024-03-06 00:00:00-05:00,495.5993458504527,497.0748540345267,493.53174438668293,494.8227844238281,68382400,0.0,0.0,0.0
2024-03-07 00:00:00-05:00,498.1135085613306,500.78297909459656,494.88100583529064,499.7345886230469,58652100,0.0,0.0,0.0
2024-03-08 00:00:00-05:00,500.3655769656846,503.04470489035225,496.16235769149256,496.7350769042969,86532500,0.0,0.0,0.0
2024-03-11 00:00:00-04:00,495.53145243574386,496.8904498381802,493.6094227797772,496.3080139160156,62557200,0.0,0.0,0.0
2024-03-12 00:00:00-04:00,498.41446966211043,502.22937893995004,495.90028750048145,501.64697265625,73114400,0.0,0.0,0.0
2024-03-13 00:00:00-04:00,501.9672879725168,502.14200986510485,499.4240150117718,500.86065673828125,55104100,0.0,0.0,0.0
2024-03-14 00:00:00-04:00,501.83132111592977,501.9866689472691,496.8321662856789,499.8705139160156,110171800,0.0,0.0,0.0
2024-03-15 00:00:00-04:00,496.80816405826874,498.2590460217431,494.77306623402836,496.4381408691406,107646300,1.595,0.0,0.0
2024-03-18 00:00:00-04:00,500.4985887866016,501.93969410963876,498.97956820958467,499.3885192871094,88893300,0.0,0.0,0.0
2024-03-19 00:00:00-04:00,498.6971497497458,502.4459962981956,497.69417669493055,502.16363525390625,60755300,0.0,0.0,0.0
2024-03-20 00:00:00-04:00,502.2220463909248,506.9446253921805,501.5501685674469,506.80828857421875,69594600,0.0,0.0,0.0
2024-03-21 00:00:00-04:00,509.6419595938359,510.34301859328446,508.20079481953724,508.48321533203125,60256100,0.0,0.0,0.0
2024-03-22 00:00:00-04:00,508.3955498176283,508.88241615238655,507.2854803107173,507.51922607421875,79070800,0.0,0.0,0.0
2024-03-25 00:00:00-04:00,506.1462159868013,507.2660322991133,505.96120440733904,506.1170349121094,48512100,0.0,0.0,0.0
2024-03-26 00:00:00-04:00,507.5386367689601,507.87947884663447,504.7830162330491,505.1822204589844,65463700,0.0,0.0,0.0
2024-03-27 00:00:00-04:00,508.00609219695343,509.4666912006187,505.8443747669276,509.4277038574219,82999800,0.0,0.0,0.0
2024-03-28 00:00:00-04:00,509.4665980428767,510.8297878712115,509.04790020355074,509.33026123046875,96294900,0.0,0.0,0.0
2024-04-01 00:00:00-04:00,510.07042079723595,510.60596189996124,507.28550008559404,508.4442443847656,62477500,0.0,0.0,0.0
2024-04-02 00:00:00-04:00,504.62724203503336,505.3477947483364,502.9134629158643,505.2115173339844,74230300,0.0,0.0,0.0
2024-04-03 00:00:00-04:00,504.1208992573895,507.266096506351,504.07222450545925,505.7665100097656,59155800,0.0,0.0,0.0
2024-04-04 00:00:00-04:00,509.7685979294163,510.10938062558256,499.29122383235546,499.59307861328125,96858100,0.0,0.0,0.0
2024-04-05 00:00:00-04:00,500.94659570356,506.76949880632685,500.50840405890517,504.8122863769531,74546500,0.0,0.0,0.0
2024-04-08 00:00:00-04:00,505.5133313161047,506.51624504555883,504.28641866242464,505.0945739746094,48401800,0.0,0.0,0.0
2024-04-09 00:00:00-04:00,506.82779978442835,507.0712329255352,500.8393207404325,505.6788024902344,68049200,0.0,0.0,0.0
2024-04-10 00:00:00-04:00,499.9922448100833,502.6018412987628,498.6388015333815,500.6154479980469,82652800,0.0,0.0,0.0
2024-04-11 00:00:00-04:00,502.13442685782303,505.8345989017068,498.62901322296943,504.39349365234375,70099000,0.0,0.0,0.0
2024-04-12 00:00:00-04:00,500.85886371567153,502.2707879594682,495.70780962230026,497.43133544921875,92561100,0.0,0.0,0.0
2024-04-15 00:00:00-04:00,501.5989207934361,501.7644387082916,490.3522904966187,491.199462890625,92101400,0.0,0.0,0.0
2024-04-16 00:00:00-04:00,491.6765860412786,493.19560665785394,489.01828510429004,490.3036193847656,73484000,0.0,0.0,0.0
2024-04-17 00:00:00-04:00,492.7574157801548,492.9229634124424,486.00945537176443,487.4018859863281,75910300,0.0,0.0,0.0
2024-04-18 00:00:00-04:00,488.7943295112607,490.88784877913054,485.46415075166374,486.39892578125,74548100,0.0,0.0,0.0
2024-04-19 00:00:00-04:00,486.32104754330464,487.3142441699,480.8876025986124,482.1534729003906,102212600,0.0,0.0,0.0
2024-04-22 00:00:00-04:00,484.75331996273405,489.18382142190774,482.4163675078979,486.59368896484375,67961000,0.0,0.0,0.0
2024-04-23 00:00:00-04:00,488.5995792337359,492.7963646750655,486.4086807205422,492.367919921875,64633600,0.0,0.0,0.0
2024-04-24 00:00:00-04:00,493.2540640735244,494.0427852311199,489.9141678416356,492.13427734375,55928100,0.0,0.0,0.0
2024-04-25 00:00:00-04:00,486.0678327855915,491.02412816029823,484.42222231211605,490.2646179199219,69122400,0.0,0.0,0.0
2024-04-26 00:00:00-04:00,493.04956028124485,496.48683553540934,492.41663996726425,494.9093933105469,64306100,0.0,0.0,0.0
2024-04-29 00:00:00-04:00,496.69125912925006,497.33392621215023,493.92586210692747,496.66204833984375,46415400,0.0,0.0,0.0
2024-04-30 00:00:00-04:00,495.2015209263445,496.1752536684076,488.79437255859375,488.79437255859375,77483600,0.0,0.0,0.0
2024-05-01 00:00:00-04:00,488.2100662136069,494.84118298455326,486.73972044696376,487.2071228027344,80242800,0.0,0.0,0.0
2024-05-02 00:00:00-04:00,490.9073316662554,492.6016467604268,486.4281553313073,491.76422119140625,62550200,0.0,0.0,0.0
2024-05-03 00:00:00-04:00,497.7332427499149,499.0867158383158,495.201531622673,497.8598327636719,72756700,0.0,0.0,0.0
2024-05-06 00:00:00-04:00,500.2551653379584,503.0400265445959,499.8169737447077,503.0010986328125,47264700,0.0,0.0,0.0
2024-05-07 00:00:00-04:00,503.9651034446084,504.9485829994704,502.8842743906612,503.55615234375,52561300,0.0,0.0,0.0
2024-05-08 00:00:00-04:00,501.72553086291623,504.14036899052337,501.6086876910597,503.6048278808594,42047200,0.0,0.0,0.0
2024-05-09 00:00:00-04:00,503.78980752288453,506.54548758690595,503.13742328274043,506.5065002441406,43643700,0.0,0.0,0.0
2024-05-10 00:00:00-04:00,508.1034582569593,508.9116730396104,505.94180018838176,507.1589660644531,52233200,0.0,0.0,0.0
2024-05-13 00:00:00-04:00,508.8337334335511,508.94082976185797,506.0878002167031,507.22705078125,36716400,0.0,0.0,0.0
2024-05-14 00:00:00-04:00,507.4217834719146,510.07036706182174,506.88624242560803,509.55426025390625,57535900,0.0,0.0,0.0
2024-05-15 00:00:00-04:00,512.0178797101214,516.1562436643347,511.38492968552964,515.8641357421875,59504900,0.0,0.0,0.0
2024-05-16 00:00:00-04:00,515.9614174721102,517.5583531460086,514.6565896819933,514.8026733398438,50244800,0.0,0.0,0.0
2024-05-17 00:00:00-04:00,514.9196434193897,515.6110151080264,513.4687910457112,515.5428466796875,59187600,0.0,0.0,0.0
2024-05-20 00:00:00-04:00,515.6596602461204,517.5973789121299,515.2701433728218,516.1367797851562,37764200,0.0,0.0,0.0
2024-05-21 00:00:00-04:00,515.3772058901883,517.5583573493641,515.1727006539206,517.4025268554688,33437000,0.0,0.0,0.0
2024-05-22 00:00:00-04:00,516.7113709167669,517.4221768932046,513.7414381195646,515.9129028320312,48390000,0.0,0.0,0.0
2024-05-23 00:00:00-04:00,518.9605990872589,519.0676954201629,510.93699174891134,512.1444702148438,57211200,0.0,0.0,0.0
2024-05-24 00:00:00-04:00,513.9848197975488,516.3412958961842,513.0403275362747,515.5330810546875,41291100,0.0,0.0,0.0
2024-05-28 00:00:00-04:00,516.3412489766735,516.5749353115505,513.2642204156563,515.893310546875,36269600,0.0,0.0,0.0
2024-05-29 00:00:00-04:00,511.87174962966077,513.458938533357,511.5698948988185,512.2807006835938,45190300,0.0,0.0,0.0
2024-05-30 00:00:00-04:00,510.7422784507473,511.4044095336918,507.6360688600374,508.8824157714844,46377600,0.0,0.0,0.0
2024-05-31 00:00:00-04:00,509.8367770177735,513.6440460717812,504.7441141188356,513.5174560546875,90785800,0.0,0.0,0.0
2024-06-03 00:00:00-04:00,515.1240809646227,515.4064420460951,508.87267437322015,513.9360961914062,46835700,0.0,0.0,0.0
2024-06-04 00:00:00-04:00,512.631323194632,515.2506664560023,511.17072418863216,514.5106201171875,34632700,0.0,0.0,0.0
2024-06-05 00:00:00-04:00,516.8280281512839,520.6450429850004,514.8415757760073,520.6255493164062,47610400,0.0,0.0,0.0
2024-06-06 00:00:00-04:00,520.9275684331457,521.3560132540258,518.6879948188819,520.615966796875,30808500,0.0,0.0,0.0
2024-06-07 00:00:00-04:00,519.6421291117942,522.787325920015,518.5515533208824,519.9829711914062,43224500,0.0,0.0,0.0
2024-06-10 00:00:00-04:00,519.1747616812378,521.9109480214009,518.5807990347079,521.589599609375,35686100,0.0,0.0,0.0
2024-06-11 00:00:00-04:00,520.0414093421914,522.9041857425336,518.0744503489441,522.8457641601562,36383400,0.0,0.0,0.0
2024-06-12 00:00:00-04:00,527.4028194115604,529.8274041983666,526.1077383475028,527.139892578125,63251300,0.0,0.0,0.0
2024-06-13 00:00:00-04:00,528.8829798084458,529.0582445758802,525.4164935113477,528.2013549804688,44760900,0.0,0.0,0.0
2024-06-14 00:00:00-04:00,526.6725282080745,528.5518251182958,525.6695550365463,528.5226440429688,40089900,0.0,0.0,0.0
2024-06-17 00:00:00-04:00,527.8410283318889,534.1216160104203,527.3833430672393,532.7291259765625,55839500,0.0,0.0,0.0
2024-06-18 00:00:00-04:00,532.7875604635906,534.2092316077063,532.3688625324717,534.0826416015625,41376400,0.0,0.0,0.0
2024-06-20 00:00:00-04:00,535.0076850141029,535.669816103357,530.8595742964317,532.6317749023438,70328200,0.0,0.0,0.0
2024-06-21 00:00:00-04:00,531.810221745453,533.0313142277637,530.4621308750893,531.9176635742188,64338600,1.759,0.0,0.0
2024-06-24 00:00:00-04:00,531.7418545665156,534.3012597413704,530.0713785197397,530.1885986328125,45528700,0.0,0.0,0.0
2024-06-25 00:00:00-04:00,531.4096852385123,532.5917242597523,529.8955424418219,532.2302856445312,37936200,0.0,0.0,0.0
2024-06-26 00:00:00-04:00,531.1166742934914,533.6076912884868,530.4719636310322,532.8945922851562,38550600,0.0,0.0,0.0
2024-06-27 00:00:00-04:00,532.7578061070262,534.3110621107577,532.0153722749866,533.7346801757812,35041500,0.0,0.0,0.0
2024-06-28 00:00:00-04:00,534.5063503169283,537.5542520433446,530.3937489459842,531.6343383789062,76144500,0.0,0.0,0.0
2024-07-01 00:00:00-04:00,533.0118486999152,533.2560672380866,529.973784394742,532.7285766601562,40297800,0.0,0.0,0.0
2024-07-02 00:00:00-04:00,531.1264605772033,536.3136596679688,531.0776287968915,536.3136596679688,40434800,0.0,0.0,0.0
2024-07-03 00:00:00-04:00,536.0010708200014,539.068469909586,535.9620173191718,538.70703125,32789900,0.0,0.0,0.0
2024-07-05 00:00:00-04:00,539.0097918869257,542.2139076372644,538.3747999305978,541.8134155273438,41488400,0.0,0.0,0.0
2024-07-08 00:00:00-04:00,542.5949332840256,543.3861988920726,541.3738407022457,542.4386596679688,36110500,0.0,0.0,0.0
2024-07-09 00:00:00-04:00,543.3959524424528,544.2946598471173,542.6730752067231,542.9661254882812,27289700,0.0,0.0,0.0
2024-07-10 00:00:00-04:00,544.1872136667199,548.6808102777995,543.894163387503,548.3389282226562,38701200,0.0,0.0,0.0
2024-07-11 00:00:00-04:00,548.4560949063842,549.3255270030801,542.9758465360856,543.6107788085938,53054200,0.0,0.0,0.0
2024-07-12 00:00:00-04:00,544.7343252522627,550.6346235261244,544.2654447499774,547.0397338867188,53084400,0.0,0.0,0.0
2024-07-15 00:00:00-04:00,549.0325043663784,551.7775178290722,546.6879829958002,548.5440673828125,40584300,0.0,0.0,0.0
2024-07-16 00:00:00-04:00,549.8531491181022,552.090169461466,549.1009369415549,551.797119140625,36475300,0.0,0.0,0.0
2024-07-17 00:00:00-04:00,545.8772131422685,547.5476892504238,543.7378565645935,544.0602416992188,57119000,0.0,0.0,0.0
2024-07-18 00:00:00-04:00,545.5939606590898,546.5806130354061,537.7008012722223,539.8792114257812,56270400,0.0,0.0,0.0
2024-07-19 00:00:00-04:00,539.6447995873152,541.2664440605769,535.2390876445896,536.2941284179688,65509100,0.0,0.0,0.0
2024-07-22 00:00:00-04:00,540.211436930268,542.4289604616175,538.277245078338,541.8233032226562,43346700,0.0,0.0,0.0
2024-07-23 00:00:00-04:00,541.7157018138391,543.8648365993427,540.484890622907,540.9733276367188,34439600,0.0,0.0,0.0
2024-07-24 00:00:00-04:00,536.1670544374522,536.4698829953903,527.7952370228695,528.7135009765625,74515300,0.0,0.0,0.0
2024-07-25 00:00:00-04:00,528.8307523766035,534.7994982405838,525.0209792890996,525.958740234375,61158300,0.0,0.0,0.0
2024-07-26 00:00:00-04:00,529.7392217162956,534.5356464631268,528.9674531548811,531.8492431640625,53763800,0.0,0.0,0.0
2024-07-29 00:00:00-04:00,533.3927359573876,534.3988851266782,530.169004207153,532.161865234375,39515800,0.0,0.0,0.0
2024-07-30 00:00:00-04:00,533.6271909452782,534.6822315404584,526.0661958644091,529.4656982421875,46853600,0.0,0.0,0.0
2024-07-31 00:00:00-04:00,536.2843251839307,540.6998152024645,534.9167372159726,538.072021484375,65663400,0.0,0.0,0.0
2024-08-01 00:00:00-04:00,539.7912440920945,542.0380422456446,526.955106117804,530.4523315429688,76428700,0.0,0.0,0.0
2024-08-02 00:00:00-04:00,523.3604229751023,524.5717376060823,516.3757476570883,520.5763549804688,82789100,0.0,0.0,0.0
2024-08-05 00:00:00-04:00,499.80785259777787,511.4717311244644,498.4695101090915,505.41510009765625,146267400,0.0,0.0,0.0
2024-08-06 00:00:00-04:00,507.2124748611044,517.4989864003181,505.8937188490462,510.07476806640625,84826300,0.0,0.0,0.0
2024-08-07 00:00:00-04:00,516.248598311969,519.2965001883216,506.06958745039486,506.66546630859375,70698300,0.0,0.0,0.0
2024-08-08 00:00:00-04:00,511.79405372836936,519.0033889369354,509.77197692780607,518.3782348632812,63276600,0.0,0.0,0.0
2024-08-09 00:00:00-04:00,517.5576710131196,522.1489912653111,516.3365783728381,520.6641235351562,45619600,0.0,0.0,0.0
2024-08-12 00:00:00-04:00,521.8558860240913,523.3406939742863,518.6712672136742,520.9376220703125,42542100,0.0,0.0,0.0
2024-08-13 00:00:00-04:00,524.122235093717,529.739260585726,523.8780165940644,529.5047607421875,52333100,0.0,0.0,0.0
2024-08-14 00:00:00-04:00,530.2961433616041,532.3573932676823,527.6292958362486,531.1753540039062,42446900,0.0,0.0,0.0
2024-08-15 00:00:00-04:00,536.7922160560852,540.562935056648,536.1865589989441,540.2796630859375,60846800,0.0,0.0,0.0
2024-08-16 00:00:00-04:00,538.6678476452682,542.1846298407453,538.5115740387317,541.4910278320312,44430700,0.0,0.0,0.0
2024-08-19 00:00:00-04:00,541.9013070349608,546.66845703125,541.0514314058853,546.66845703125,39121800,0.0,0.0,0.0
2024-08-20 00:00:00-04:00,546.2191462607274,547.8700657821756,544.4412283435015,545.779541015625,33732300,0.0,0.0,0.0
2024-08-21 00:00:00-04:00,546.8247103491519,549.110561836859,541.9012278396601,547.655029296875,41514600,0.0,0.0,0.0
2024-08-22 00:00:00-04:00,549.5503421956289,550.1559994238155,542.1456191373768,543.35693359375,56121500,0.0,0.0,0.0
2024-08-23 00:00:00-04:00,546.5903394303513,550.0680084955276,544.4020915801096,549.1301879882812,50639400,0.0,0.0,0.0
2024-08-26 00:00:00-04:00,550.1559102385648,550.8690092024209,546.1214157161334,547.8211669921875,35788600,0.0,0.0,0.0
2024-08-27 00:00:00-04:00,546.5512279111676,549.0618012606642,545.4083020191189,548.5733642578125,32693900,0.0,0.0,0.0
2024-08-28 00:00:00-04:00,548.2314695905903,548.661296528156,542.2041141850556,545.3887329101562,41066000,0.0,0.0,0.0
2024-08-29 00:00:00-04:00,547.3522554939839,550.6443160255352,544.294635177053,545.4375610351562,38715200,0.0,0.0,0.0
2024-08-30 00:00:00-04:00,547.8017316610252,551.1524028130747,544.2556737558524,550.6444091796875,62700100,0.0,0.0,0.0
2024-09-03 00:00:00-04:00,547.5086116923438,547.8407751289367,536.8021094517958,539.3126831054688,60600100,0.0,0.0,0.0
2024-09-04 00:00:00-04:00,537.4761456891545,541.6083040829072,536.7532683896355,538.2088012695312,47224900,0.0,0.0,0.0
2024-09-05 00:00:00-04:00,538.1501466111926,540.9928237930679,534.4477558926965,536.8997192382812,44264300,0.0,0.0,0.0
2024-09-06 00:00:00-04:00,537.2221796738046,538.8437645502386,526.9650009606123,527.8637084960938,68493800,0.0,0.0,0.0
2024-09-09 00:00:00-04:00,532.0543726925215,535.0436043247605,530.1299001804285,533.7736206054688,40445800,0.0,0.0,0.0
2024-09-10 00:00:00-04:00,535.678584169421,536.4503527479894,530.8137709847371,536.0986328125,36394600,0.0,0.0,0.0
2024-09-11 00:00:00-04:00,536.0108196239122,542.5167747623394,527.4729497044474,541.5985107421875,75248600,0.0,0.0,0.0
2024-09-12 00:00:00-04:00,542.1747385824137,546.463228884408,539.9572159715113,546.160400390625,51819600,0.0,0.0,0.0
2024-09-13 00:00:00-04:00,546.7662020730168,550.0094311099382,546.5122052774053,549.0130004882812,39310500,0.0,0.0,0.0
2024-09-16 00:00:00-04:00,548.7492552395013,550.0875680057417,546.9518402590558,549.8238525390625,36656100,0.0,0.0,0.0
2024-09-17 00:00:00-04:00,552.0314851715059,553.477299266029,547.8211605278194,550.0484619140625,49321000,0.0,0.0,0.0
2024-09-18 00:00:00-04:00,550.702966140304,555.5385046014119,547.8602888957543,548.4171142578125,59044900,0.0,0.0,0.0
2024-09-19 00:00:00-04:00,557.8047254587377,559.631474719018,554.9424923417016,557.775390625,75315500,0.0,0.0,0.0
2024-09-20 00:00:00-04:00,556.4096197933483,557.8500005367814,553.7933228326182,556.8113403320312,77503100,1.746,0.0,0.0
2024-09-23 00:00:00-04:00,557.8794446150124,558.8495067502496,556.6643550711399,558.2027587890625,44116900,0.0,0.0,0.0
2024-09-24 00:00:00-04:00,558.9964868304339,559.8587776289324,556.1744550910837,559.7999877929688,46805700,0.0,0.0,0.0
2024-09-25 00:00:00-04:00,559.6431398003925,560.3780425284191,557.4579883539482,558.5652465820312,38428600,0.0,0.0,0.0
2024-09-26 00:00:00-04:00,562.8179934718497,563.1413674659622,558.428192996937,560.7798461914062,48336000,0.0,0.0,0.0
2024-09-27 00:00:00-04:00,561.8478858705382,562.6611352170194,558.9376397719122,559.9664916992188,42100900,0.0,0.0,0.0
2024-09-30 00:00:00-04:00,558.9376557740085,562.8179640810873,556.6447925339722,562.21044921875,63557400,0.0,0.0,0.0
2024-10-01 00:00:00-04:00,561.857759819067,562.5044480240527,554.6066943100618,557.1739501953125,72668800,0.0,0.0,0.0
2024-10-02 00:00:00-04:00,556.282242548741,558.4281611024765,553.8913563966638,557.4090576171875,38097800,0.0,0.0,0.0
2024-10-03 00:00:00-04:00,555.9391917508498,558.3300776437013,554.1068390984451,556.3899536132812,40846500,0.0,0.0,0.0
2024-10-04 00:00:00-04:00,560.8287828388663,561.8184614824812,556.6643337627131,561.4461059570312,42939100,0.0,0.0,0.0
2024-10-07 00:00:00-04:00,559.7999688939893,560.4467168743025,555.22399069742,556.3704223632812,49964700,0.0,0.0,0.0
2024-10-08 00:00:00-04:00,558.9376805045769,562.2300906410503,558.0656412646009,561.63232421875,37398700,0.0,0.0,0.0
2024-10-09 00:00:00-04:00,561.6224751598685,566.0809331902332,561.0247685875196,565.5223999023438,37912200,0.0,0.0,0.0
2024-10-10 00:00:00-04:00,564.1800368650188,565.953600014702,562.9257739624676,564.5327758789062,44138100,0.0,0.0,0.0
2024-10-11 00:00:00-04:00,564.4542980317323,568.6481717987969,564.3171018304082,567.9132690429688,42268000,0.0,0.0,0.0
2024-10-14 00:00:00-04:00,569.520288010914,573.4888112745962,569.0401610478535,572.5579223632812,36217200,0.0,0.0,0.0
2024-10-15 00:00:00-04:00,572.8224884018784,573.1262458468478,566.8942243784207,568.1093139648438,54203600,0.0,0.0,0.0
2024-10-16 00:00:00-04:00,568.1093193754714,571.097912292803,567.3058184280349,570.5785522460938,30725400,0.0,0.0,0.0
2024-10-17 00:00:00-04:00,574.1157772582931,574.3215715502484,570.4412636582532,570.62744140625,34393700,0.0,0.0,0.0
2024-10-18 00:00:00-04:00,572.3127750357442,573.6062108316551,570.8527780574402,572.8223266601562,37416800,0.0,0.0,0.0
2024-10-21 00:00:00-04:00,572.0973176864316,573.0771881011084,568.912738838732,571.8817749023438,36439000,0.0,0.0,0.0
2024-10-22 00:00:00-04:00,569.3537388044809,572.7343039714391,568.6972423190728,571.5780639648438,34183800,0.0,0.0,0.0
2024-10-23 00:00:00-04:00,569.5594810059998,570.0004346494243,562.8571411229607,566.3552856445312,49314600,0.0,0.0,0.0
2024-10-24 00:00:00-04:00,568.3052948235324,568.3837012123148,564.9639626077603,567.5802001953125,34979900,0.0,0.0,0.0
2024-10-25 00:00:00-04:00,569.8043437567766,572.6949728800472,566.4433960638868,567.384033203125,47268200,0.0,0.0,0.0
2024-10-28 00:00:00-04:00,570.8528957024953,570.9802836348513,568.8343651367928,569.1381225585938,30174700,0.0,0.0,0.0
2024-10-29 00:00:00-04:00,568.1778099310847,571.1762108700161,566.7864107519835,570.0592041015625,42899700,0.0,0.0,0.0
2024-10-30 00:00:00-04:00,569.588797638648,571.5779630983764,567.6290569957021,568.3345947265625,41435800,0.0,0.0,0.0
2024-10-31 00:00:00-04:00,563.9742291931302,564.0428273008541,556.9975564307639,557.1935424804688,60182500,0.0,0.0,0.0
2024-11-01 00:00:00-04:00,559.8195584319851,563.9643910438907,559.1336371976272,559.545166015625,45667500,0.0,0.0,0.0
2024-11-04 00:00:00-05:00,559.6823835212687,560.9758196621659,556.4586313456186,558.3399658203125,38217000,0.0,0.0,0.0
2024-11-05 00:00:00-05:00,559.2512590975022,565.1304818819561,559.0357163025479,565.09130859375,39478300,0.0,0.0,0.0
2024-11-06 00:00:00-05:00,577.3396500855225,580.0146771322202,573.6063462638446,579.142578125,68182000,0.0,0.0,0.0
2024-11-07 00:00:00-05:00,581.1415036340469,584.6396478381987,581.0630972629532,583.6205444335938,47233200,0.0,0.0,0.0
2024-11-08 00:00:00-05:00,584.1693242787533,587.5695056932594,584.1693242787533,586.148681640625,46444900,0.0,0.0,0.0
2024-11-11 00:00:00-05:00,587.7360663213191,588.0888053142032,584.9826328704219,586.7072143554688,37586800,0.0,0.0,0.0
2024-11-12 00:00:00-05:00,586.6287204841349,587.2264269895784,582.4054820528869,584.8845825195312,43006100,0.0,0.0,0.0
2024-11-13 00:00:00-05:00,585.3451927424278,587.1677373847895,582.9837313260188,585.1688232421875,47388600,0.0,0.0,0.0
2024-11-14 00:00:00-05:00,585.296183408181,585.7763103260314,580.7202054727688,581.4060668945312,38904100,0.0,0.0,0.0
2024-11-15 00:00:00-05:00,577.8491019104924,578.3194803370213,572.1070761341368,573.9590454101562,75988800,0.0,0.0,0.0
2024-11-18 00:00:00-05:00,574.4196493771738,577.6238450144261,573.5574183688442,576.3108520507812,37001700,0.0,0.0,0.0
2024-11-19 00:00:00-05:00,572.9400384688264,579.142574989824,572.2737337790142,578.41748046875,49412000,0.0,0.0,0.0
2024-11-20 00:00:00-05:00,578.4958236706298,578.8975441726233,572.8615695316089,578.6134033203125,50032600,0.0,0.0,0.0
2024-11-21 00:00:00-05:00,581.455141177832,583.1404896221547,575.6249001169805,581.7196655273438,46750300,0.0,0.0,0.0
2024-11-22 00:00:00-05:00,581.7098478799927,584.1497754660484,581.2101642027249,583.5226440429688,38226400,0.0,0.0,0.0
2024-11-25 00:00:00-05:00,587.4520080099294,588.7650010479646,583.218960080664,585.5020751953125,42441400,0.0,0.0,0.0
2024-11-26 00:00:00-05:00,586.746407902425,589.2255088244219,586.0311216188419,588.5592041015625,45621300,0.0,0.0,0.0
2024-11-27 00:00:00-05:00,588.3730114334577,588.755115442667,585.2570306878304,586.7758178710938,34000200,0.0,0.0,0.0
2024-11-29 00:00:00-05:00,587.5891193661275,591.204843913549,587.3147867247623,590.4209594726562,30177400,0.0,0.0,0.0
2024-12-02 00:00:00-05:00,590.8324390421951,592.1552999944694,590.3425038316959,591.4791870117188,31746000,0.0,0.0,0.0
2024-12-03 00:00:00-05:00,591.2439261058101,591.9983855319149,590.2150743018244,591.75341796875,26906600,0.0,0.0,0.0
2024-12-04 00:00:00-05:00,593.438872844782,595.6729460981672,592.7725681970518,595.427978515625,42787600,0.0,0.0,0.0
2024-12-05 00:00:00-05:00,595.4279293312596,596.231430112411,594.095320145877,594.4480590820312,28762200,0.0,0.0,0.0
2024-12-06 00:00:00-05:00,595.212464951605,596.8096584526629,594.800936138575,595.5750122070312,31241500,0.0,0.0,0.0
2024-12-09 00:00:00-05:00,595.4574149257465,595.6239761392873,591.9200973185369,592.5079956054688,34742700,0.0,0.0,0.0
2024-12-10 00:00:00-05:00,593.1842290759141,593.6055662349224,590.0094580682774,590.6659545898438,37234500,0.0,0.0,0.0
2024-12-11 00:00:00-05:00,593.5859415432025,596.1825623151827,593.3115491139272,595.2321166992188,28677700,0.0,0.0,0.0
2024-12-12 00:00:00-05:00,594.369747252086,594.9380289691392,592.1650390625,592.1650390625,31543800,0.0,0.0,0.0
2024-12-13 00:00:00-05:00,594.1934038090473,594.9086900260288,590.6756429397628,592.0474853515625,35904700,0.0,0.0,0.0
2024-12-16 00:00:00-05:00,593.8014244521054,595.54562235978,593.0273484159295,594.5755004882812,43695200,0.0,0.0,0.0
2024-12-17 00:00:00-05:00,592.0278303510687,592.9880840930309,590.7540109408761,592.1257934570312,55773500,0.0,0.0,0.0
2024-12-18 00:00:00-05:00,591.822113059209,594.2031909866316,574.0962907751041,574.4784545898438,108248700,0.0,0.0,0.0
2024-12-19 00:00:00-05:00,579.456068103567,581.0630696987981,574.0569733506421,574.3019409179688,85919500,0.0,0.0,0.0
2024-12-20 00:00:00-05:00,571.9777678628068,585.7224397345614,571.1321976271144,581.1998901367188,125716700,1.966,0.0,0.0
2024-12-23 00:00:00-05:00,580.9443313472664,585.2800771480029,577.7686569320756,584.6803588867188,57635800,0.0,0.0,0.0
2024-12-24 00:00:00-05:00,586.0272849416975,591.2184422848073,585.4471892507113,591.1790771484375,33160100,0.0,0.0,0.0
2024-12-26 00:00:00-05:00,589.4093887705021,592.3392110668057,588.0133066034633,591.2184448242188,41219100,0.0,0.0,0.0
2024-12-27 00:00:00-05:00,587.4823797773107,587.7183905820746,580.8165297326684,584.9949951171875,64969300,0.0,0.0,0.0
2024-12-30 00:00:00-05:00,577.9948725430215,581.7800467977985,574.5734057798932,578.3192749023438,56578800,0.0,0.0,0.0
2024-12-31 00:00:00-05:00,579.9807622286955,580.6985158642835,574.583178079053,576.2152709960938,57052700,0.0,0.0,0.0
2025-01-02 00:00:00-05:00,579.4695486945864,581.180251846637,570.7291685588775,574.7994995117188,50204000,0.0,0.0,0.0
2025-01-03 00:00:00-05:00,577.64092396713,582.6255346471705,576.5594027877501,581.9865112304688,37888500,0.0,0.0,0.0
2025-01-06 00:00:00-05:00,586.2338281568046,589.6060884935793,583.6087253809885,585.339111328125,47679400,0.0,0.0,0.0
2025-01-07 00:00:00-05:00,587.3643786767495,587.6888410122485,576.903513754268,578.7223510742188,60393100,0.0,0.0,0.0
2025-01-08 00:00:00-05:00,578.7911897402016,580.6395509433228,575.350100693004,579.56787109375,47304700,0.0,0.0,0.0
2025-01-10 00:00:00-05:00,576.0186519228087,576.0874809051687,568.8120114375996,570.7193603515625,73105000,0.0,0.0,0.0
2025-01-13 00:00:00-05:00,566.0789072948215,571.9582353156698,565.6659333477378,571.6043090820312,47910100,0.0,0.0,0.0
2025-01-14 00:00:00-05:00,574.5241441869972,575.1533862250869,568.6152938144415,572.3906860351562,48420600,0.0,0.0,0.0
2025-01-15 00:00:00-05:00,580.3937768602567,583.9430001285099,579.2827918470954,582.8025512695312,56900200,0.0,0.0,0.0
2025-01-16 00:00:00-05:00,584.1691475266347,584.346110636513,580.9836915331506,581.6817626953125,43319700,0.0,0.0,0.0
2025-01-17 00:00:00-05:00,586.9121079994578,589.2716756656154,585.5847949299089,587.5216674804688,58070600,0.0,0.0,0.0
2025-01-21 00:00:00-05:00,590.5596519481012,592.9094384516549,588.5933154613438,592.8995971679688,42532900,0.0,0.0,0.0
2025-01-22 00:00:00-05:00,595.7213992287225,597.5894432517595,595.1708273073808,596.232666015625,48196000,0.0,0.0,0.0
2025-01-23 00:00:00-05:00,595.6034112523917,599.4869384765625,595.3281553014472,599.4869384765625,41152100,0.0,0.0,0.0
2025-01-24 00:00:00-05:00,599.5458113037603,600.4995156835615,596.5864653530726,597.7367553710938,34604700,0.0,0.0,0.0
2025-01-27 00:00:00-05:00,584.7983708814467,589.5962372876534,584.6312490621345,589.2816162109375,70361100,0.0,0.0,0.0
2025-01-28 00:00:00-05:00,590.5105293609671,595.1805787054238,587.1972570477369,594.3449096679688,44433300,0.0,0.0,0.0
2025-01-29 00:00:00-05:00,593.5583059073574,593.9614384934404,589.1340487911447,591.6804809570312,37177400,0.0,0.0,0.0
2025-01-30 00:00:00-05:00,593.7943006280343,596.389819126707,590.6087851839717,594.8560791015625,39281300,0.0,0.0,0.0
2025-01-31 00:00:00-05:00,597.2747575383468,599.6933732210748,590.9333098394596,591.6903686523438,66566900,0.0,0.0,0.0
2025-02-03 00:00:00-05:00,582.6943625959686,590.1861005375324,580.5510628181718,587.7085571289062,65857200,0.0,0.0,0.0
2025-02-04 00:00:00-05:00,587.7675957701897,592.1623298220667,587.2268651385132,591.651123046875,33457800,0.0,0.0,0.0
2025-02-05 00:00:00-05:00,590.5301060707824,594.1973039066477,588.5047821710853,594.0498046875,30653100,0.0,0.0,0.0
2025-02-06 00:00:00-05:00,595.7902226770135,596.2425017541303,592.4867911796968,596.1146850585938,35771500,0.0,0.0,0.0
2025-02-07 00:00:00-05:00,596.6750050236558,597.8941240756534,589.9501076619601,590.6580200195312,50788500,0.0,0.0,0.0
2025-02-10 00:00:00-05:00,593.8631663388722,595.3083949100401,592.5948408497425,594.6693115234375,26048700,0.0,0.0,0.0
2025-02-11 00:00:00-05:00,592.407967252875,595.6622514865878,592.2899918734154,595.1215209960938,30056700,0.0,0.0,0.0
2025-02-12 00:00:00-05:00,589.1144530437037,594.3743794070193,588.4360645213627,593.2044067382812,45076100,0.0,0.0,0.0
2025-02-13 00:00:00-05:00,594.3055902381474,599.6737110792319,593.047165943141,599.4672241210938,40921300,0.0,0.0,0.0
2025-02-14 00:00:00-05:00,599.6736338799176,600.7059485220444,598.8182823186273,599.4376831054688,26910400,0.0,0.0,0.0
2025-02-18 00:00:00-05:00,600.5977915687461,601.197509765625,598.1398710820379,601.197509765625,26749000,0.0,0.0,0.0
2025-02-19 00:00:00-05:00,599.8112758662747,602.9082197102092,599.3000091966954,602.61328125,31011100,0.0,0.0,0.0
2025-02-20 00:00:00-05:00,601.2467110134413,601.3843689751305,596.8028311734677,600.1062622070312,36554000,0.0,0.0,0.0
2025-02-21 00:00:00-05:00,599.8899309928074,600.0275889538111,589.3798596850504,589.8419799804688,76519800,0.0,0.0,0.0
2025-02-24 00:00:00-05:00,591.8869960824046,592.8800056614799,586.4500466079941,587.157958984375,50737200,0.0,0.0,0.0
2025-02-25 00:00:00-05:00,587.0989070332523,587.8264418905826,579.636634088407,584.2378540039062,58266500,0.0,0.0,0.0
2025-02-26 00:00:00-05:00,585.8995163780398,589.4881049123491,581.8980139327481,584.5328979492188,43321600,0.0,0.0,0.0
2025-02-27 00:00:00-05:00,586.8040736253654,587.9544239336753,574.8094663730844,575.2026977539062,74196700,0.0,0.0,0.0
2025-02-28 00:00:00-05:00,575.7039886670112,584.70978328648,572.636508577737,584.1788940429688,88744100,0.0,0.0,0.0
2025-03-03 00:00:00-05:00,586.1452445030724,587.2857532860544,570.1392964764723,573.9441528320312,74249200,0.0,0.0,0.0
2025-03-04 00:00:00-05:00,569.9525786591505,575.5369680083471,562.6181207422406,567.1505126953125,109648200,0.0,0.0,0.0
2025-03-05 00:00:00-05:00,566.9833769883293,575.0355284425119,563.4341535288585,573.2461547851562,71230500,0.0,0.0,0.0
2025-03-06 00:00:00-05:00,565.7936477589768,570.4047092717689,560.5238803180225,563.0703125,80094900,0.0,0.0,0.0
2025-03-07 00:00:00-05:00,561.2907328755356,567.6714847046253,556.1094174114145,566.2261962890625,81158800,0.0,0.0,0.0
2025-03-10 00:00:00-04:00,558.0364891964213,559.9536192631458,546.2384702857362,551.1444702148438,99326600,0.0,0.0,0.0
2025-03-11 00:00:00-04:00,549.9843324603625,554.5265648872522,542.7285461144836,546.5628662109375,88102100,0.0,0.0,0.0
2025-03-12 00:00:00-04:00,552.7076387923001,553.6318192815521,544.3703918307585,549.4631958007812,69588200,0.0,0.0,0.0
2025-03-13 00:00:00-04:00,549.0896174558009,549.6991769603108,540.4279077137791,542.1386108398438,74079400,0.0,0.0,0.0
2025-03-14 00:00:00-04:00,546.7496748611676,554.3397648685512,542.2074423986709,553.3369140625,62660300,0.0,0.0,0.0
2025-03-17 00:00:00-04:00,553.3172833424321,560.1208513978755,552.8846868765244,557.6039428710938,49008700,0.0,0.0,0.0
2025-03-18 00:00:00-04:00,555.2934322950165,555.5097605205915,549.6500559715837,551.5770874023438,66041400,0.0,0.0,0.0
2025-03-19 00:00:00-04:00,553.3566169353411,561.3399385264869,552.1768030039566,557.584228515625,66556000,0.0,0.0,0.0
2025-03-20 00:00:00-04:00,553.8481847501696,560.9663132490421,553.1304311253591,555.9718017578125,62958200,0.0,0.0,0.0
2025-03-21 00:00:00-04:00,551.5205297947124,557.0526817242638,550.2878724028328,556.1552734375,83763000,1.696,0.0,0.0
2025-03-24 00:00:00-04:00,562.8805908120635,567.1702741261835,562.2889394113844,566.1151123046875,58766800,0.0,0.0,0.0
2025-03-25 00:00:00-04:00,567.3181993393742,568.4127846067184,565.73055113845,567.4760131835938,38355700,0.0,0.0,0.0
2025-03-26 00:00:00-04:00,567.2097001365158,568.3338979913931,559.3206937528307,560.7012939453125,51848300,0.0,0.0,0.0
2025-03-27 00:00:00-04:00,559.3108687859911,562.9792883535321,557.101956447335,559.2122802734375,42164200,0.0,0.0,0.0
2025-03-28 00:00:00-04:00,557.6837393471919,558.4134627917625,547.3688420558537,547.9506225585938,71662700,0.0,0.0,0.0
2025-03-31 00:00:00-04:00,542.201546342058,552.9305994826874,539.282592409213,551.62890625,95328200,0.0,0.0,0.0
2025-04-01 00:00:00-04:00,549.7159501655996,555.1297722698289,545.998235889195,553.1870727539062,54609600,0.0,0.0,0.0
2025-04-02 00:00:00-04:00,547.3491617248258,559.5475341360295,547.1125011420022,556.6878051757812,76014500,0.0,0.0,0.0
2025-04-03 00:00:00-04:00,537.5470765410741,540.3673821784607,529.2537841796875,529.2537841796875,125986000,0.0,0.0,0.0
2025-04-04 00:00:00-04:00,516.404523136506,518.5740121118964,498.05273494035157,498.2696838378906,217965100,0.0,0.0,0.0
2025-04-07 00:00:00-04:00,482.40291724281104,515.9114550791749,475.115432610906,497.3821716308594,256611400,0.0,0.0,0.0
2025-04-08 00:00:00-04:00,514.6196789750944,517.6963871548359,482.37337814369187,489.5918273925781,165816600,0.0,0.0,0.0
2025-04-09 00:00:00-04:00,486.59399925019795,541.0084228515625,486.20939567811143,541.0084228515625,241867300,0.0,0.0,0.0
2025-04-10 00:00:00-04:00,524.7866027854379,526.0981670837639,502.25365007002944,517.3019409179688,162331200,0.0,0.0,0.0
2025-04-11 00:00:00-04:00,515.7536950429114,528.9874872153164,512.8544826104954,526.5320434570312,97866300,0.0,0.0,0.0
2025-04-14 00:00:00-04:00,536.5017912856171,536.7286411738348,526.453165817952,531.6401977539062,68034000,0.0,0.0,0.0
2025-04-15 00:00:00-04:00,532.1825399641931,535.6931457102869,529.3622343758641,530.151123046875,56892900,0.0,0.0,0.0
2025-04-16 00:00:00-04:00,524.3033791384568,530.4272422697393,513.0713913810127,518.3668823242188,83484800,0.0,0.0,0.0
2025-04-17 00:00:00-04:00,520.3194821276195,523.800475242003,516.6411916080497,519.1065063476562,79868100,0.0,0.0,0.0
2025-04-21 00:00:00-04:00,513.9293002870572,514.4618467446136,501.40552056556845,506.7503356933594,69368100,0.0,0.0,0.0
2025-04-22 00:00:00-04:00,512.9235348557764,521.9564215250564,511.9867032226325,519.9348754882812,75948100,0.0,0.0,0.0
2025-04-23 00:00:00-04:00,532.9320165359907,537.8626460694973,526.4729038847668,527.9915161132812,90590700,0.0,0.0,0.0
2025-04-24 00:00:00-04:00,529.2735171048926,539.8349482182391,528.0211780146883,539.105224609375,64150400,0.0,0.0,0.0
2025-04-25 00:00:00-04:00,539.0657336001437,543.4046513367819,536.1467793425768,543.0003662109375,61119600,0.0,0.0,0.0
2025-04-28 00:00:00-04:00,543.7399439376,545.8699492792146,537.4583271221219,543.2073974609375,47613800,0.0,0.0,0.0
2025-04-29 00:00:00-04:00,541.294298062473,547.7435994540236,540.9393072120234,546.6292724609375,47775100,0.0,0.0,0.0
2025-04-30 00:00:00-04:00,539.9729835885655,548.7988227140515,534.0069337400583,546.8462524414062,93101500,0.0,0.0,0.0
2025-05-01 00:00:00-04:00,552.5954041380958,556.2440822591161,550.1202183270924,550.7217407226562,63186100,0.0,0.0,0.0
2025-05-02 00:00:00-04:00,556.894803218062,560.4941864598073,554.5774316657111,558.8966674804688,60717300,0.0,0.0,0.0
2025-05-05 00:00:00-04:00,554.7648727126054,558.788283367358,553.9069479669498,555.6918334960938,38659200,0.0,0.0,0.0
2025-05-06 00:00:00-04:00,550.1891944565425,555.533979770925,549.2326812616892,551.047119140625,48264700,0.0,0.0,0.0
2025-05-07 00:00:00-04:00,552.3783761794856,555.997440916007,548.3253535066884,553.364501953125,55588000,0.0,0.0,0.0
2025-05-08 00:00:00-04:00,557.3978323656503,562.3974982446085,553.9069681077176,557.2203369140625,65130800,0.0,0.0,0.0
2025-05-09 00:00:00-04:00,558.6205173502777,559.6263849147109,554.9521583078488,556.51025390625,37603400,0.0,0.0,0.0
2025-05-12 00:00:00-04:00,573.4026196086874,574.9114211824733,569.0340889310521,574.9015502929688,78993600,0.0,0.0,0.0
2025-05-13 00:00:00-04:00,575.3157161654024,580.907093658496,574.7536773375426,578.6981811523438,67947200,0.0,0.0,0.0
2025-05-14 00:00:00-04:00,579.6546629482465,580.8084133986617,577.4161378946785,579.437744140625,66283500,0.0,0.0,0.0
2025-05-15 00:00:00-04:00,577.4357820961777,582.7706958315019,576.9821425909696,582.267822265625,71268100,0.0,0.0,0.0
2025-05-16 00:00:00-04:00,583.0468496173695,586.251758304484,581.104210780506,585.9559326171875,76052100,0.0,0.0,0.0
2025-05-19 00:00:00-04:00,579.9405744991373,587.2773530559552,579.9405744991373,586.596923828125,68168500,0.0,0.0,0.0
2025-05-20 00:00:00-04:00,584.8614155899625,585.8080578995526,581.419785763877,584.6246948242188,60614500,0.0,0.0,0.0
2025-05-21 00:00:00-04:00,580.2759146876367,584.3584902721909,573.7477661832594,574.7733154296875,95197700,0.0,0.0,0.0
2025-05-22 00:00:00-04:00,574.5760959985981,578.4811762683786,573.3434386116112,575.0001831054688,70860400,0.0,0.0,0.0
2025-05-23 00:00:00-04:00,567.988738706783,573.7378691727489,567.6140060747297,571.0753173828125,76029000,0.0,0.0,0.0
2025-05-27 00:00:00-04:00,577.9387671986972,583.1060568711622,570.4047514802384,582.9483032226562,72588500,0.0,0.0,0.0
2025-05-28 00:00:00-04:00,583.3526236048898,584.545857588394,578.8460211072919,579.5757446289062,68445500,0.0,0.0,0.0
2025-05-29 00:00:00-04:00,584.8318964184041,584.969968506741,577.9388851521843,581.8636474609375,69973300,0.0,0.0,0.0
2025-05-30 00:00:00-04:00,580.7591289651484,582.9286180198035,575.1480700909575,581.2127685546875,90601200,0.0,0.0,0.0
2025-06-02 00:00:00-04:00,579.6053591727813,584.5655410710423,576.9428072484826,584.4866943359375,61630500,0.0,0.0,0.0
2025-06-03 00:00:00-04:00,584.1218520308094,588.7960792462304,583.6385997733717,587.81982421875,63606200,0.0,0.0,0.0
2025-06-04 00:00:00-04:00,588.6776647088699,589.6539195966438,587.2280285207049,587.6619262695312,57314200,0.0,0.0,0.0
2025-06-05 00:00:00-04:00,589.3383724752952,590.6893600195378,582.8496477946317,584.8218994140625,92278700,0.0,0.0,0.0
2025-06-06 00:00:00-04:00,590.3540722792903,592.4940086999786,588.5790577947733,590.8274536132812,66588700,0.0,0.0,0.0
2025-06-09 00:00:00-04:00,591.3994087206146,592.9082102708385,590.1864930975049,591.3599853515625,53016400,0.0,0.0,0.0
2025-06-10 00:00:00-04:00,591.8924637491524,595.0973729509094,590.7781968461302,594.7128295898438,66247000,0.0,0.0,0.0
2025-06-11 00:00:00-04:00,595.8074157747775,596.6653405011278,590.9556931519085,593.0166625976562,73658200,0.0,0.0,0.0
2025-06-12 00:00:00-04:00,591.6854337777163,595.37353515625,591.2022416981604,595.37353515625,64129000,0.0,0.0,0.0
2025-06-13 00:00:00-04:00,590.1963519379123,593.499849631983,587.218232455665,588.7171630859375,89506000,0.0,0.0,0.0
2025-06-16 00:00:00-04:00,592.0699627819344,596.0637602908375,591.892407169678,594.3182983398438,79984100,0.0,0.0,0.0
2025-06-17 00:00:00-04:00,591.8827397980266,593.4013522514763,588.4805928783151,589.2399291992188,82209400,0.0,0.0,0.0
2025-06-18 00:00:00-04:00,590.1371267775953,592.8785252065284,588.1944276516227,589.1510009765625,76605000,0.0,0.0,0.0
2025-06-20 00:00:00-04:00,591.8224395288368,592.8906208578056,586.3629131433069,587.7673950195312,94051400,1.761,0.0,0.0
2025-06-23 00:00:00-04:00,588.5190130228361,593.9587392448562,585.4035696790836,593.5730590820312,87426000,0.0,0.0,0.0
2025-06-24 00:00:00-04:00,597.7072083922786,601.1885919192599,596.7972471416377,600.13037109375,67735300,0.0,0.0,0.0
2025-06-25 00:00:00-04:00,601.2479344884113,601.9402753154866,598.9039119654944,600.4666137695312,62114800,0.0,0.0,0.0
2025-06-26 00:00:00-04:00,602.3161684365299,605.5997923429508,601.7029677445283,605.1646118164062,78548400,0.0,0.0,0.0
2025-06-27 00:00:00-04:00,606.1634816784541,609.6350254118207,604.1359596054803,608.1712036132812,86258400,0.0,0.0,0.0
2025-06-30 00:00:00-04:00,610.6142201701539,612.4340220516922,608.2998373553096,611.0790405273438,92502500,0.0,0.0,0.0
2025-07-01 00:00:00-04:00,609.6054458188352,612.0484090785977,608.7746849801475,610.88134765625,70030100,0.0,0.0,0.0
2025-07-02 00:00:00-04:00,610.4757300098587,613.6901136433279,609.8526292762224,613.6505737304688,66510400,0.0,0.0,0.0
2025-07-03 00:00:00-04:00,615.628656191773,619.4167005776212,615.6088560521965,618.4869995117188,51065800,0.0,0.0,0.0
2025-07-07 00:00:00-04:00,616.5286747873084,617.1913758193931,611.0988485499288,613.8780517578125,74814500,0.0,0.0,0.0
2025-07-08 00:00:00-04:00,614.5406287940525,615.2923096464036,612.7307271465106,613.541748046875,59024600,0.0,0.0,0.0
2025-07-09 00:00:00-04:00,615.945166968477,617.8737488887257,614.1055045789822,617.2210083007812,66113300,0.0,0.0,0.0
2025-07-10 00:00:00-04:00,617.3595500232223,620.000273214104,616.1825885407072,618.9617919921875,57529000,0.0,0.0,0.0
2025-07-11 00:00:00-04:00,615.9154666088177,618.0122289852302,614.7187654701638,616.7858276367188,63670200,0.0,0.0,0.0
2025-07-14 00:00:00-04:00,616.3308265898004,618.3089087938923,614.9857451789246,617.9627685546875,51898500,0.0,0.0,0.0
2025-07-15 00:00:00-04:00,620.6431287961128,620.9793689858044,615.242942324076,615.3220825195312,74317300,0.0,0.0,0.0
2025-07-16 00:00:00-04:00,616.9044910111767,617.8836320494379,611.276844692317,617.3792114257812,88987500,0.0,0.0,0.0
2025-07-17 00:00:00-04:00,617.557284919235,621.5134493059918,617.3396644874989,621.1573486328125,68885700,0.0,0.0,0.0
2025-07-18 00:00:00-04:00,622.4036365954075,622.5717567026577,619.5947932954602,620.7025146484375,65621600,0.0,0.0,0.0
2025-07-21 00:00:00-04:00,621.87939453125,624.6189973413707,621.4541141003111,621.87939453125,63375000,0.0,0.0,0.0
2025-07-22 00:00:00-04:00,622.2057439990875,622.8288447335428,619.3276609031153,621.9683837890625,60046300,0.0,0.0,0.0
2025-07-23 00:00:00-04:00,624.6288217656338,627.2597045898438,622.8287599296668,627.2597045898438,70511000,0.0,0.0,0.0
2025-07-24 00:00:00-04:00,627.6454884244192,629.1785504969665,627.0421878119985,627.4674682617188,71307100,0.0,0.0,0.0
2025-07-25 00:00:00-04:00,628.1301809903662,630.5928838363332,627.8829206987424,630.1181030273438,56865400,0.0,0.0,0.0
2025-07-28 00:00:00-04:00,630.4938993278172,631.0477599275997,628.5751571845921,629.9598388671875,54917100,0.0,0.0,0.0
2025-07-29 00:00:00-04:00,631.3543820995848,631.6708825055948,627.3883778702398,628.2982788085938,60556300,0.0,0.0,0.0
2025-07-30 00:00:00-04:00,628.9509803708415,630.6917023127537,624.6189756546709,627.5070190429688,80418900,0.0,0.0,0.0
2025-07-31 00:00:00-04:00,632.4523273568442,632.8380075585872,623.857556644127,625.1531982421875,103385200,0.0,0.0,0.0
2025-08-01 00:00:00-04:00,619.4364414435403,619.476041722763,612.5032535330552,614.9066162109375,140103600,0.0,0.0,0.0
2025-08-04 00:00:00-04:00,618.813325728958,624.3024917393647,618.7243458354196,624.2530517578125,73218000,0.0,0.0,0.0
2025-08-05 00:00:00-04:00,624.8662177521945,625.6772386500149,620.168272806011,621.0880737304688,68051400,0.0,0.0,0.0
2025-08-06 00:00:00-04:00,622.1563552914652,626.4982606508958,621.2464542892866,625.8455200195312,64357500,0.0,0.0,0.0
2025-08-07 00:00:00-04:00,629.2675537310744,629.9994345491891,622.2156852544556,625.3212890625,74205800,0.0,0.0,0.0
2025-08-08 00:00:00-04:00,627.1114011688534,630.6620853000642,626.7949007710238,630.1972045898438,64051600,0.0,0.0,0.0
2025-08-11 00:00:00-04:00,630.474150672182,631.9478122276477,627.7047873460086,628.9509887695312,58742300,0.0,0.0,0.0
2025-08-12 00:00:00-04:00,631.2949848204768,635.8050095563038,629.8114232578196,635.6467895507812,64730800,0.0,0.0,0.0
2025-08-13 00:00:00-04:00,637.8425547169825,639.1085564704525,635.6370120856271,637.8228149414062,60092800,0.0,0.0,0.0
2025-08-14 00:00:00-04:00,635.7457174616427,638.5447207235369,635.300697252298,637.882080078125,59327500,0.0,0.0,0.0
2025-08-15 00:00:00-04:00,638.9106535836406,639.0095939138803,635.4787099260534,636.3886108398438,68592500,0.0,0.0,0.0
2025-08-18 00:00:00-04:00,635.8150025688236,636.9425240091701,635.1424618060598,636.2501831054688,43804900,0.0,0.0,0.0
2025-08-19 00:00:00-04:00,636.0721245937336,637.0512656505922,631.4829592777961,632.7984008789062,69750700,0.0,0.0,0.0
2025-08-20 00:00:00-04:00,632.3929060531275,632.6500060324975,626.013578858981,631.1170043945312,88890300,0.0,0.0,0.0
2025-08-21 00:00:00-04:00,629.3071240874224,630.9785456585483,626.864161086776,628.5850830078125,54805800,0.0,0.0,0.0
2025-08-22 00:00:00-04:00,630.7709103705197,639.4151205943501,630.2664897119097,638.2381591796875,84083200,0.0,0.0,0.0
2025-08-25 00:00:00-04:00,636.9820621561176,638.218363635622,635.3105801411765,635.4292602539062,51274300,0.0,0.0,0.0
2025-08-26 00:00:00-04:00,635.1622594491828,638.4359833484747,634.5391586749303,638.0897827148438,51581600,0.0,0.0,0.0
2025-08-27 00:00:00-04:00,637.5062179210042,640.2755208793137,637.3578376120881,639.5436401367188,48341100,0.0,0.0,0.0
2025-08-28 00:00:00-04:00,640.146950913372,642.3623933153343,638.267809046051,641.8085327148438,61519500,0.0,0.0,0.0
2025-08-29 00:00:00-04:00,640.374480883152,640.7404816664739,636.0919759234915,637.9810180664062,74522200,0.0,0.0,0.0
2025-09-02 00:00:00-04:00,630.5136938017484,633.4709169972102,627.9619508913343,633.2533569335938,81983500,0.0,0.0,0.0
2025-09-03 00:00:00-04:00,635.6270824559713,637.1502445176759,633.4413400681225,636.6853637695312,70820900,0.0,0.0,0.0
2025-09-04 00:00:00-04:00,637.3579030521721,642.0361089027498,636.4579021356687,642.0064086914062,65219200,0.0,0.0,0.0
2025-09-05 00:00:00-04:00,644.3405588325719,645.0625999768899,636.2799090574998,640.1470336914062,85178900,0.0,0.0,0.0
2025-09-08 00:00:00-04:00,641.5118230975241,642.718484610511,640.1370415028089,641.7195434570312,63133100,0.0,0.0,0.0
2025-09-09 00:00:00-04:00,641.8579832056892,643.7272854003053,640.1271612550325,643.203125,66133900,0.0,0.0,0.0
2025-09-10 00:00:00-04:00,646.4570825189741,647.3768835600082,643.4998590892842,645.0625610351562,78034500,0.0,0.0,0.0
2025-09-11 00:00:00-04:00,647.0108918753651,651.115436538164,646.4273914384058,650.423095703125,69934400,0.0,0.0,0.0
2025-09-12 00:00:00-04:00,650.3934866540098,651.8869485652141,649.701206088218,650.20556640625,72780100,0.0,0.0,0.0
2025-09-15 00:00:00-04:00,652.4110731340584,653.7956944276398,652.114372883025,653.6671142578125,63772400,0.0,0.0,0.0
2025-09-16 00:00:00-04:00,654.2210123755038,654.5276730798186,651.9858301119879,652.7671508789062,61169000,0.0,0.0,0.0
2025-09-17 00:00:00-04:00,652.7770367516476,654.4682584259048,647.1295902463727,651.9561157226562,101952200,0.0,0.0,0.0
2025-09-18 00:00:00-04:00,654.6364399867887,657.603563340362,653.0341982051615,655.0023803710938,90459200,0.0,0.0,0.0
2025-09-19 00:00:00-04:00,656.8877828567474,659.0895125014193,654.9438659954435,658.2465209960938,97945600,1.831,0.0,0.0
2025-09-22 00:00:00-04:00,656.7588293222589,661.8069717744121,656.7290467709187,661.3607177734375,69452200,0.0,0.0,0.0
2025-09-23 00:00:00-04:00,661.2416672722171,661.856628548307,656.5406245808955,657.7605590820312,81708900,0.0,0.0,0.0
2025-09-24 00:00:00-04:00,659.0497999269948,659.1489540239103,654.2495430702726,655.6677856445312,68082200,0.0,0.0,0.0
2025-09-25 00:00:00-04:00,652.5338627083877,653.9917550046746,649.0328388399253,652.6429443359375,89622100,0.0,0.0,0.0
2025-09-26 00:00:00-04:00,654.0909412604747,656.9274266555326,652.4743298182361,656.3819580078125,69179200,0.0,0.0,0.0
2025-09-29 00:00:00-04:00,658.9010899003678,659.8135740530697,656.4216318338509,658.2266845703125,73499000,0.0,0.0,0.0
2025-09-30 00:00:00-04:00,657.4828203674869,661.1722852976668,656.173659297658,660.7061157226562,86288000,0.0,0.0,0.0
2025-10-01 00:00:00-04:00,657.7208144097488,663.8698820443607,657.6117327913598,662.9574584960938,72545400,0.0,0.0,0.0
2025-10-02 00:00:00-04:00,664.9410037342527,665.0600128657511,661.3011766397112,663.7210693359375,56896000,0.0,0.0,0.0
2025-10-03 00:00:00-04:00,664.4848020775174,667.1527012490268,662.6698219114437,663.7112426757812,70494400,0.0,0.0,0.0
2025-10-06 00:00:00-04:00,666.1014192164715,666.9841207809839,663.9591941673339,666.0914916992188,54623300,0.0,0.0,0.0
2025-10-07 00:00:00-04:00,667.0138297258598,667.4601442579947,662.1838505424819,663.6219482421875,72020100,0.0,0.0,0.0
2025-10-08 00:00:00-04:00,664.7426772273783,667.6783772359653,663.919480237528,667.5791625976562,60702200,0.0,0.0,0.0
2025-10-09 00:00:00-04:00,667.9957845708525,668.4023890582872,663.7112737749407,665.6452026367188,66501900,0.0,0.0,0.0
2025-10-10 00:00:00-04:00,666.6071968358344,668.4122493878771,647.4757221413303,647.6542358398438,159422600,0.0,0.0,0.0
2025-10-13 00:00:00-04:00,655.2216030747315,659.664772492732,654.3488290056752,657.5919189453125,79560500,0.0,0.0,0.0
2025-10-14 00:00:00-04:00,651.7701536094826,660.3590300864076,647.8030207789583,656.78857421875,88779600,0.0,0.0,0.0
2025-10-15 00:00:00-04:00,661.3408732132422,664.7228272522149,653.5156893256119,659.7044067382812,81702600,0.0,0.0,0.0
2025-10-16 00:00:00-04:00,661.3409444600238,663.2154294168515,651.710706867285,655.2117309570312,110563300,0.0,0.0,0.0
2025-10-17 00:00:00-04:00,654.0810128478913,660.2895852935891,652.7322022395391,658.9308471679688,96500900,0.0,0.0,0.0
2025-10-20 00:00:00-04:00,661.8367798071084,666.6866142382812,661.7872027532737,665.7840576171875,60493400,0.0,0.0,0.0
2025-10-21 00:00:00-04:00,665.9229005771253,667.4601523988813,664.4748753427003,665.7741088867188,56249000,0.0,0.0,0.0
2025-10-22 00:00:00-04:00,666.4783066993808,666.4783066993808,657.8497808005621,662.3128051757812,80564000,0.0,0.0,0.0
2025-10-23 00:00:00-04:00,662.6301900162397,667.1825015615415,662.3128121266341,666.2402954101562,65604500,0.0,0.0,0.0
2025-10-24 00:00:00-04:00,670.9016937183009,672.8951271271609,670.0983517375236,671.6851806640625,74356500,0.0,0.0,0.0
2025-10-27 00:00:00-04:00,677.1201116013259,679.9070199177999,676.5151383891614,679.6094970703125,63339800,0.0,0.0,0.0
2025-10-28 00:00:00-04:00,681.4045622297778,683.2492642554724,679.2028328185232,681.4144897460938,61738100,0.0,0.0,0.0
2025-10-29 00:00:00-04:00,683.0609104229828,684.0328991417463,677.2590027977353,681.7418823242188,85657100,0.0,0.0,0.0
2025-10-30 00:00:00-04:00,678.2805836148408,680.3037996369978,674.2440185546875,674.2440185546875,76335800,0.0,0.0,0.0
2025-10-31 00:00:00-04:00,679.4111219213156,679.4508319897004,673.6587916341136,676.4556274414062,87164100,0.0,0.0,0.0
2025-11-03 00:00:00-05:00,680.0359699637585,680.1649066224819,674.3530715971103,677.7251586914062,57315000,0.0,0.0,0.0
2025-11-04 00:00:00-05:00,670.5545580097922,674.3729598389511,669.0371611161902,669.6917114257812,78427000,0.0,0.0,0.0
2025-11-05 00:00:00-05:00,669.4337786331213,675.2654684624238,668.6304366940664,672.012451171875,74402400,0.0,0.0,0.0
2025-11-06 00:00:00-05:00,670.9115428502156,671.8140994484131,663.2252231578799,664.8021850585938,85035300,0.0,0.0,0.0
2025-11-07 00:00:00-05:00,662.4218719882706,665.5658682287408,655.7769731606511,665.4567260742188,100592400,0.0,0.0,0.0
2025-11-10 00:00:00-05:00,671.6752576501947,676.57466917413,669.4834554774103,675.8407592773438,75842900,0.0,0.0,0.0
2025-11-11 00:00:00-05:00,674.3629519753922,677.9532020666294,673.1529450781785,677.3878784179688,58953400,0.0,0.0,0.0
2025-11-12 00:00:00-05:00,679.1631581075335,679.3318048264125,675.3547447293747,677.7647705078125,62312500,0.0,0.0,0.0
2025-11-13 00:00:00-05:00,674.9085136071693,675.265541055433,665.0105359672095,666.5180053710938,103457800,0.0,0.0,0.0
2025-11-14 00:00:00-05:00,659.9127066954921,670.1082064558575,657.8200586834998,666.4088745117188,96846700,0.0,0.0,0.0
2025-11-17 00:00:00-05:00,664.1971714004484,668.1742314199619,656.7290154076413,660.2002563476562,90456100,0.0,0.0,0.0
2025-11-18 00:00:00-05:00,656.6595496130724,659.6547538697382,650.4708329116884,654.6561889648438,114467500,0.0,0.0,0.0
2025-11-19 00:00:00-05:00,655.3505280387882,661.856623370592,653.3371790986623,657.185302734375,94703000,0.0,0.0,0.0
2025-11-20 00:00:00-05:00,667.3808213360044,670.0090710879778,646.5335791707308,647.1683349609375,165293500,0.0,0.0,0.0
2025-11-21 00:00:00-05:00,649.6675301260088,659.0894699034471,645.5020288545189,653.6148681640625,123956200,0.0,0.0,0.0
2025-11-24 00:00:00-05:00,657.2448196444445,664.5542570793402,656.1538823239337,663.2351684570312,80437900,0.0,0.0,0.0
2025-11-25 00:00:00-05:00,663.135941149376,670.6536740212097,659.020017057554,669.4734497070312,81077100,0.0,0.0,0.0
2025-11-26 00:00:00-05:00,672.0620713400136,676.0986363282427,671.1595147067713,674.09521484375,71879600,0.0,0.0,0.0
2025-11-28 00:00:00-05:00,675.2654787466182,678.0523870500939,674.9084513312986,677.7747192382812,49212000,0.0,0.0,0.0
2025-12-01 00:00:00-05:00,673.232272756968,677.3779187836101,673.1628406770591,674.6802978515625,61201200,0.0,0.0,0.0
2025-12-02 00:00:00-05:00,676.316803165018,678.2012155152329,673.7481184984898,675.9300537109375,62953800,0.0,0.0,0.0
2025-12-03 00:00:00-05:00,674.9779023816353,679.2822075879724,674.105128319461,678.2706298828125,57238500,0.0,0.0,0.0
2025-12-04 00:00:00-05:00,679.6690366334618,679.7384687237238,675.7416137771377,678.7665405273438,61970300,0.0,0.0,0.0
2025-12-05 00:00:00-05:00,679.8375623637357,682.7336127271673,678.9549213715281,680.0557861328125,79241000,0.0,0.0,0.0
2025-12-08 00:00:00-05:00,680.9484564225444,680.9980334759979,675.9696853695019,678.0127563476562,55231500,0.0,0.0,0.0
2025-12-09 00:00:00-05:00,677.5367544682442,679.7583392727543,676.9813582671167,677.4276123046875,58310100,0.0,0.0,0.0
2025-12-10 00:00:00-05:00,676.9515664343469,683.3088703732143,675.711837383319,681.92041015625,85671300,0.0,0.0,0.0
2025-12-11 00:00:00-05:00,679.5104080599091,683.5866227950731,676.5647802535024,683.5072631835938,86173700,0.0,0.0,0.0
2025-12-12 00:00:00-05:00,682.5154459360199,683.2196338188487,673.5893968987631,676.1581420898438,113160300,0.0,0.0,0.0
2025-12-15 00:00:00-05:00,680.1053789946951,680.1252340287925,673.6687159286942,675.1365356445312,90811000,0.0,0.0,0.0
2025-12-16 00:00:00-05:00,673.6488975485244,675.4837328267965,669.4338188610296,673.2918701171875,122030600,0.0,0.0,0.0
2025-12-17 00:00:00-05:00,674.3034691132465,674.8489377460819,665.6848710067972,665.8832397460938,110625200,0.0,0.0,0.0
2025-12-18 00:00:00-05:00,672.0322187932205,675.1464323222394,669.3544527925658,670.9114990234375,108650100,0.0,0.0,0.0
2025-12-19 00:00:00-05:00,673.0134542661981,677.4896664833268,672.8940327515619,676.9923095703125,103599500,1.993,0.0,0.0
2025-12-22 00:00:00-05:00,680.3245290528953,681.7370055876305,676.9922622536055,681.2098388671875,69556700,0.0,0.0,0.0
2025-12-23 00:00:00-05:00,680.3046207584179,684.562024812114,680.2548972126992,684.3233032226562,64840000,0.0,0.0,0.0
2025-12-24 00:00:00-05:00,684.313382495532,687.1781631452748,684.164151137988,686.7305297851562,39445600,0.0,0.0,0.0
2025-12-26 00:00:00-05:00,686.989161229118,688.0037280321676,685.6264081645946,686.660888671875,41613300,0.0,0.0,0.0
2025-12-29 00:00:00-05:00,683.9055083361335,685.5567672531378,682.4433081832867,684.2138671875,62559500,0.0,0.0,0.0
2025-12-30 00:00:00-05:00,683.8159723723246,684.9200900521846,682.9505762759469,683.3782958984375,47160700,0.0,0.0,0.0
2025-12-31 00:00:00-05:00,683.5076844111845,683.726492314561,678.1063955310838,678.3152465820312,74144800,0.0,0.0,0.0
2026-01-02 00:00:00-05:00,682.0852055985325,683.2390468658663,676.2263268834449,679.55859375,89377200,0.0,0.0,0.0
2026-01-05 00:00:00-05:00,682.910839643419,685.7855773037328,682.7517121374489,684.0845947265625,71927200,0.0,0.0,0.0
2026-01-06 00:00:00-05:00,684.2934596862484,688.6602678554459,684.1442890432024,688.1529541015625,69273800,0.0,0.0,0.0
2026-01-07 00:00:00-05:00,688.5309418430683,690.2916046822218,685.6761181181482,685.9347534179688,75588300,0.0,0.0,0.0
2026-01-08 00:00:00-05:00,685.1787573638412,686.9692300361542,683.8557710289468,685.8651123046875,64019200,0.0,0.0,0.0
2026-01-09 00:00:00-05:00,686.9791831428475,691.6344363504869,685.5368360184962,690.4010009765625,80125500,0.0,0.0,0.0
2026-01-12 00:00:00-05:00,687.0289310253164,692.410366767912,686.979207477028,691.4852294921875,63976000,0.0,0.0,0.0
2026-01-13 00:00:00-05:00,691.813478661017,692.4103433578374,687.6953490317495,690.1026000976562,78309700,0.0,0.0,0.0
2026-01-14 00:00:00-05:00,687.347202661372,688.0633674208381,682.4134005947378,686.7105712890625,94676700,0.0,0.0,0.0
2026-01-15 00:00:00-05:00,690.8983886882239,691.7737417111902,687.5959315038539,688.5806884765625,77862000,0.0,0.0,0.0
2026-01-16 00:00:00-05:00,689.9931507530615,690.5800586110835,686.4519720383781,688.0037231445312,79289200,0.0,0.0,0.0
2026-01-20 00:00:00-05:00,677.8874730475171,681.1501633341576,672.9934983300664,673.9981689453125,111623300,0.0,0.0,0.0
2026-01-21 00:00:00-05:00,676.0572511802958,685.0991655259935,674.5452667925615,681.77685546875,127844500,0.0,0.0,0.0
2026-01-22 00:00:00-05:00,686.2033478813381,687.476610793547,683.2888434897402,685.3379516601562,77112200,0.0,0.0,0.0
2026-01-23 00:00:00-05:00,684.5123006998919,687.3074439470811,683.5274830754288,685.5865478515625,63059600,0.0,0.0,0.0
2026-01-26 00:00:00-05:00,686.8399658941375,690.4607389282814,686.2729717064406,689.068115234375,60473800,0.0,0.0,0.0
2026-01-27 00:00:00-05:00,690.5104039402848,692.8480177488461,689.9036431059924,691.8134765625,55506100,0.0,0.0,0.0
2026-01-28 00:00:00-05:00,693.3652237572153,694.1510864943795,690.271678492269,691.7438354492188,61172200,0.0,0.0,0.0
2026-01-29 00:00:00-05:00,692.7087686795362,693.375209936545,681.2098793986574,690.3711547851562,97486200,0.0,0.0,0.0
2026-01-30 00:00:00-05:00,688.1330925763239,690.540343876794,683.4877957603626,688.3121337890625,101835100,0.0,0.0,0.0
2026-02-02 00:00:00-05:00,685.9347490634862,693.2458711004026,685.7755608588325,691.73388671875,79286500,0.0,0.0,0.0
2026-02-03 00:00:00-05:00,692.529690413304,693.2757257351432,680.4140840721383,685.885009765625,107904600,0.0,0.0,0.0
2026-02-04 00:00:00-05:00,686.7006659106327,687.7948875474046,678.1561081391175,682.5626831054688,105204600,0.0,0.0,0.0
2026-02-05 00:00:00-05:00,677.3404209861714,680.0758839506523,672.2176206040476,674.0379638671875,113610800,0.0,0.0,0.0
2026-02-06 00:00:00-05:00,677.8576866055596,688.6503070282812,677.2508650473027,686.96923828125,89127600,0.0,0.0,0.0
2026-02-09 00:00:00-05:00,685.7755337993461,692.1914496038428,684.7012866666231,690.2816162109375,73885200,0.0,0.0,0.0
2026-02-10 00:00:00-05:00,691.276360737094,692.8579216647231,688.0037135108784,688.4613037109375,65185700,0.0,0.0,0.0
2026-02-11 00:00:00-05:00,692.7087599208829,693.4547952732178,685.5368515439336,688.3021850585938,76353900,0.0,0.0,0.0
2026-02-12 00:00:00-05:00,690.5701102294341,691.6742279947084,676.7734344520502,677.668701171875,118829000,0.0,0.0,0.0
2026-02-13 00:00:00-05:00,678.0864377658819,682.6522007204912,673.9384983110481,678.1461181640625,96267500,0.0,0.0,0.0
2026-02-17 00:00:00-05:00,676.5446598627462,681.31927396984,672.2077222570326,679.2402954101562,81354700,0.0,0.0,0.0
2026-02-18 00:00:00-05:00,680.4041503420104,685.507036973797,679.2204384959671,682.662109375,73570300,0.0,0.0,0.0
2026-02-19 00:00:00-05:00,680.2251236342836,682.5527199680946,677.9471901363287,680.8616943359375,58649400,0.0,0.0,0.0
2026-02-20 00:00:00-05:00,678.7131823752115,686.4122580979458,678.126274472082,685.7855834960938,100034000,0.0,0.0,0.0
2026-02-23 00:00:00-05:00,684.1940214696967,686.3525334522094,676.7734345413753,678.7827758789062,90558100,0.0,0.0,0.0
2026-02-24 00:00:00-05:00,678.295350173768,684.7112054782021,676.4053697086953,683.7164916992188,73798700,0.0,0.0,0.0
2026-02-25 00:00:00-05:00,686.53156929616,690.0130676270821,686.4519751919497,689.4859008789062,56369500,0.0,0.0,0.0
2026-02-26 00:00:00-05:00,689.615191050754,689.6350440416309,680.7323436648176,685.6561889648438,71671000,0.0,0.0,0.0
2026-02-27 00:00:00-05:00,679.4790749097389,683.2291046432514,678.0367277603054,682.3637084960938,83308900,0.0,0.0,0.0
2026-03-02 00:00:00-05:00,675.1122534180175,684.9797970984218,674.4358553343317,682.7516479492188,87477200,0.0,0.0,0.0
2026-03-03 00:00:00-05:00,671.4915420947397,679.0016196644848,666.1200629162043,676.7337036132812,105003100,0.0,0.0,0.0
2026-03-04 00:00:00-05:00,678.026802327329,683.4579617719511,676.027417786932,681.50830078125,79182200,0.0,0.0,0.0
2026-03-05 00:00:00-05:00,678.4743840881955,681.9061587313661,672.0385544367263,677.7084350585938,106606500,0.0,0.0,0.0
2026-03-06 00:00:00-05:00,669.8501461298736,672.5358853430707,666.2194774432897,668.8256225585938,100687000,0.0,0.0,0.0
2026-03-09 00:00:00-04:00,662.8673051642795,676.3257505242918,658.888450195908,674.6845092773438,102667700,0.0,0.0,0.0
2026-03-10 00:00:00-04:00,674.1374043547928,679.7476047325034,671.1930903760745,673.6002807617188,81505300,0.0,0.0,0.0
2026-03-11 00:00:00-04:00,673.9982140650914,676.4849986405864,669.7806371390539,672.7548217773438,68441700,0.0,0.0,0.0
2026-03-12 00:00:00-04:00,667.6120785283837,668.0995392824933,662.3500644519811,662.5390625,108882200,0.0,0.0,0.0
2026-03-13 00:00:00-04:00,665.7321452917186,668.7859240392634,657.863924887251,658.7890014648438,97200200,0.0,0.0,0.0
2026-03-16 00:00:00-04:00,664.8468199428278,668.5173163233716,663.5934708305671,665.493408203125,82023100,0.0,0.0,0.0
2026-03-17 00:00:00-04:00,668.8355969918504,670.8747480492216,666.1598145596139,667.2440185546875,87128000,0.0,0.0,0.0
2026-03-18 00:00:00-04:00,664.8268919718373,666.1796881508768,657.6948111200146,657.9335327148438,82062600,0.0,0.0,0.0
2026-03-19 00:00:00-04:00,653.497076818377,659.4753162945015,651.7066041735543,656.3121337890625,111272500,0.0,0.0,0.0
2026-03-20 00:00:00-04:00,654.8230422006715,655.0025723674255,643.063298812559,646.9034423828125,163617500,1.797,0.0,0.0
2026-03-23 00:00:00-04:00,656.3790129905765,660.9173090129275,652.2596206790361,653.6959228515625,134802700,0.0,0.0,0.0
2026-03-24 00:00:00-04:00,649.6463809650626,655.3417305137531,648.2100787416998,651.5015869140625,96457500,0.0,0.0,0.0
2026-03-25 00:00:00-04:00,656.9774239230809,659.1917509309695,652.5588148295345,655.1322021484375,90653800,0.0,0.0,0.0
2026-03-26 00:00:00-04:00,650.3844333840033,653.1672421520028,643.1630473705688,643.432373046875,96494400,0.0,0.0,0.0
2026-03-27 00:00:00-04:00,640.8489947137006,641.0085567819559,631.4831091918358,632.4606323242188,103649400,0.0,0.0,0.0
2026-03-30 00:00:00-04:00,638.4651675144013,638.7245091624994,627.6630399662237,630.3460693359375,99275900,0.0,0.0,0.0
2026-03-31 00:00:00-04:00,637.2981538716512,649.865752001465,636.3405988140365,648.6688842773438,152534100,0.0,0.0,0.0
2026-04-01 00:00:00-04:00,652.219751792706,656.8278752918841,651.3220400966815,653.5562744140625,97841500,0.0,0.0,0.0
2026-04-02 00:00:00-04:00,644.7589215344626,656.5086804928782,643.4522901873171,654.144775390625,68358700,0.0,0.0,0.0
2026-04-06 00:00:00-04:00,654.1746977251443,658.0247645183308,653.8356054757206,657.23681640625,39105800,0.0,0.0,0.0
2026-04-07 00:00:00-04:00,654.9626585699763,657.9150134208243,649.386996170508,657.5260009765625,69980400,0.0,0.0,0.0
2026-04-08 00:00:00-04:00,674.6519776493207,675.3402070755335,669.734652974974,674.27294921875,93606100,0.0,0.0,0.0
2026-04-09 00:00:00-04:00,673.1059235004034,679.4096297331154,672.0386657215836,678.162841796875,57134400,0.0,0.0,0.0
2026-04-10 00:00:00-04:00,679.5692561407437,680.2774536083281,676.7066358948267,677.7140502929688,42253500,0.0,0.0,0.0
2026-04-13 00:00:00-04:00,675.669302461078,684.536473353906,674.8414790590384,684.3369750976562,54185800,0.0,0.0,0.0
2026-04-14 00:00:00-04:00,685.9229138241225,692.7952238870419,685.8929616905456,692.675537109375,63480500,0.0,0.0,0.0
2026-04-15 00:00:00-04:00,693.4734516118131,698.480571570673,692.4161778504387,698.1414184570312,58240400,0.0,0.0,0.0
2026-04-16 00:00:00-04:00,699.2585607342904,700.9741726960574,696.7350934539525,699.8569946289062,49972400,0.0,0.0,0.0
2026-04-17 00:00:00-04:00,704.3255249385737,710.5594650064761,703.9464965121796,708.3152465820312,70661900,0.0,0.0,0.0
2026-04-20 00:00:00-04:00,706.9587079747221,708.0857482546458,704.3254772575062,706.8988037109375,43546800,0.0,0.0,0.0
2026-04-21 00:00:00-04:00,708.4548936431559,709.4523240430285,700.8345107773317,702.2708129882812,58941400,0.0,0.0,0.0
2026-04-22 00:00:00-04:00,707.3278031045794,709.6218808832724,706.4001392457644,709.3825073242188,42518500,0.0,0.0,0.0
2026-04-23 00:00:00-04:00,707.6768673789517,710.5295037064266,700.4754491270062,706.6295776367188,56174000,0.0,0.0,0.0
2026-04-24 00:00:00-04:00,708.9236633096505,712.6340752101273,707.1881441382454,712.10546875,45182000,0.0,0.0,0.0
2026-04-27 00:00:00-04:00,711.3374146094498,713.7911152864904,710.4696550399041,713.332275390625,33135900,0.0,0.0,0.0
2026-04-28 00:00:00-04:00,709.9908768700561,711.0481506026886,707.4274735730012,709.8612060546875,43117400,0.0,0.0,0.0
2026-04-29 00:00:00-04:00,709.1729992133655,710.3699278433978,706.5497524472755,709.7515258789062,41859200,0.0,0.0,0.0
2026-04-30 00:00:00-04:00,712.7936806635566,717.9403946619685,708.6244289610544,716.8132934570312,67240900,0.0,0.0,0.0
2026-05-01 00:00:00-04:00,719.3966516418469,723.0073446973263,718.6186267345964,718.7982177734375,43049800,0.0,0.0,0.0
2026-05-04 00:00:00-04:00,718.2196821209096,720.2644021704073,713.152718877996,716.1649780273438,51950600,0.0,0.0,0.0
2026-05-05 00:00:00-04:00,719.9153564929043,723.1769124909786,719.6360467603954,721.9102172851562,36933200,0.0,0.0,0.0
2026-05-06 00:00:00-04:00,726.288861980811,732.7023927493656,725.9497697512824,731.9443359375,53288900,0.0,0.0,0.0
2026-05-07 00:00:00-04:00,733.161188473549,734.238430329629,727.8748196364371,729.7001342773438,51724600,0.0,0.0,0.0
2026-05-08 00:00:00-04:00,733.0415191543954,736.1834492768152,732.6824588199246,735.724609375,47227100,0.0,0.0,0.0
2026-05-11 00:00:00-04:00,734.5576163199453,738.8864300819614,734.5576163199453,737.4002685546875,44024000,0.0,0.0,0.0
2026-05-12 00:00:00-04:00,734.9964788307154,736.9414802248905,729.9494836014034,736.2831420898438,54185300,0.0,0.0,0.0
2026-05-13 00:00:00-04:00,736.5723674930287,741.9983910774667,733.5800764180441,740.4025268554688,44200200,0.0,0.0,0.0
2026-05-14 00:00:00-04:00,741.7391534739264,747.6040491923611,741.649357949993,746.2474975585938,45307600,0.0,0.0,0.0
2026-05-15 00:00:00-04:00,739.8838927249178,741.5496453663399,736.0637780312098,737.2706298828125,60410800,0.0,0.0,0.0
2026-05-18 00:00:00-04:00,737.9289136337939,739.5147938000424,731.5054597381557,736.751953125,47843900,0.0,0.0,0.0
2026-05-19 00:00:00-04:00,732.8919551385734,735.7545755811656,729.650306265128,731.8446044921875,54255900,0.0,0.0,0.0
2026-05-20 00:00:00-04:00,733.8195334397973,739.9636778498481,732.0042028263388,739.3452758789062,45768000,0.0,0.0,0.0
2026-05-21 00:00:00-04:00,736.7419902854853,742.9559620700644,735.1361419849363,740.8114624023438,43332200,0.0,0.0,0.0
2026-05-22 00:00:00-04:00,744.3224328967863,747.015507083493,742.566945697205,743.7239990234375,41762000,0.0,0.0,0.0
2026-05-26 00:00:00-04:00,748.0827892360243,750.1973368284331,746.4469887578754,748.6613159179688,41123600,0.0,0.0,0.0
2026-05-27 00:00:00-04:00,748.9505199197505,749.4492351039673,746.2973210478585,748.5316162109375,42106300,0.0,0.0,0.0
2026-05-28 00:00:00-04:00,748.3221518516883,753.2095851254732,747.3047533704411,752.6609497070312,41562600,0.0,0.0,0.0
2026-05-29 00:00:00-04:00,753.9576670103595,756.1320579864754,752.7507543048832,754.5361328125,55075700,0.0,0.0,0.0
2026-06-01 00:00:00-04:00,753.4189990020213,758.3264003155792,752.7507376917755,756.5908203125,43634900,0.0,0.0,0.0
2026-06-02 00:00:00-04:00,755.0847737682097,758.4461093852723,754.805464031348,757.6182250976562,31581900,0.0,0.0,0.0
2026-06-03 00:00:00-04:00,756.2018667594974,756.8501599793441,751.6336185743088,752.3018798828125,51402500,0.0,0.0,0.0
2026-06-04 00:00:00-04:00,750.1673635570705,756.3614281257201,749.5389775481502,755.1445922851562,49923000,0.0,0.0,0.0
2026-06-05 00:00:00-04:00,750.3768677170906,750.8855669656407,733.6400171295905,735.65478515625,93989400,0.0,0.0,0.0
2026-06-08 00:00:00-04:00,741.4498108327123,743.4247643242134,736.2931129658897,737.3204345703125,49319100,0.0,0.0,0.0
2026-06-09 00:00:00-04:00,741.7191759970133,744.9807928982774,720.7332622187009,735.1560668945312,87683500,0.0,0.0,0.0
2026-06-10 00:00:00-04:00,731.5054857614351,736.4826536495077,723.4661992814284,723.56591796875,60341300,0.0,0.0,0.0
2026-06-11 00:00:00-04:00,726.8873842592473,738.0984921563339,722.5485255148498,735.8642578125,86330500,0.0,0.0,0.0
2026-06-12 00:00:00-04:00,738.8066884479139,742.5270843334097,733.1412911200548,739.843994140625,57079500,0.0,0.0,0.0
2026-06-15 00:00:00-04:00,749.9179969688896,754.7356026867302,749.8282623277308,752.890380859375,60176400,0.0,0.0,0.0
2026-06-16 00:00:00-04:00,752.6111046530555,753.4988323298886,747.9531216783239,748.4019775390625,67093100,0.0,0.0,0.0
2026-06-17 00:00:00-04:00,749.3594421826946,750.217278570044,737.3204502885575,739.0560302734375,85945200,0.0,0.0,0.0
2026-06-18 00:00:00-04:00,747.760009765625,748.22998046875,743.8599853515625,746.739990234375,80875700,1.904,0.0,0.0
2026-06-22 00:00:00-04:00,747.7000122070312,750.1799926757812,743.1300048828125,744.3900146484375,46628100,0.0,0.0,0.0
2026-06-23 00:00:00-04:00,733.8099975585938,739.6300048828125,732.2999877929688,733.5800170898438,66846800,0.0,0.0,0.0
2026-06-24 00:00:00-04:00,735.1699829101562,739.9500122070312,730.8400268554688,733.239990234375,57439500,0.0,0.0,0.0
2026-06-25 00:00:00-04:00,738.9099731445312,739.3699951171875,729.5999755859375,734.2999877929688,53934400,0.0,0.0,0.0
2026-06-26 00:00:00-04:00,728.9500122070312,736.530029296875,716.5800170898438,728.989990234375,71034000,0.0,0.0,0.0
2026-06-29 00:00:00-04:00,736.530029296875,741.5599975585938,732.0900268554688,741.0,58035200,0.0,0.0,0.0
2026-06-30 00:00:00-04:00,741.2899780273438,748.02001953125,740.8900146484375,746.77001953125,55626000,0.0,0.0,0.0
2026-07-01 00:00:00-04:00,745.0,749.4400024414062,742.3800048828125,745.760009765625,47100900,0.0,0.0,0.0
2026-07-02 00:00:00-04:00,747.4000244140625,751.3099975585938,740.030029296875,744.780029296875,57447800,0.0,0.0,0.0
2026-07-06 00:00:00-04:00,748.739990234375,752.4099731445312,747.4099731445312,751.280029296875,50673300,0.0,0.0,0.0
2026-07-07 00:00:00-04:00,750.219970703125,750.9600219726562,745.2100219726562,747.7100219726562,43721500,0.0,0.0,0.0
2026-07-08 00:00:00-04:00,743.1599731445312,746.1500244140625,739.510009765625,745.4000244140625,43767400,0.0,0.0,0.0
2026-07-09 00:00:00-04:00,747.3499755859375,751.969970703125,745.5900268554688,751.7100219726562,41441700,0.0,0.0,0.0
2026-07-10 00:00:00-04:00,752.0499877929688,755.4199829101562,748.0999755859375,754.9500122070312,42191300,0.0,0.0,0.0
2026-07-13 00:00:00-04:00,752.469970703125,753.9099731445312,748.0,749.1699829101562,44013600,0.0,0.0,0.0
2026-07-14 00:00:00-04:00,750.9099731445312,753.3400268554688,748.6599731445312,751.8300170898438,35143100,0.0,0.0,0.0
2026-07-15 00:00:00-04:00,754.239990234375,755.5800170898438,750.2000122070312,754.8099975585938,43844800,0.0,0.0,0.0
2026-07-16 00:00:00-04:00,752.760009765625,754.5700073242188,747.8800048828125,750.719970703125,46409800,0.0,0.0,0.0
2026-07-17 00:00:00-04:00,742.0800170898438,747.2899780273438,740.7999877929688,743.2899780273438,62651000,0.0,0.0,0.0
2026-07-20 00:00:00-04:00,747.0599975585938,748.72998046875,741.510009765625,742.0900268554688,50422300,0.0,0.0,0.0
2026-07-21 00:00:00-04:00,746.2899780273438,749.0399780273438,744.1799926757812,748.280029296875,34324300,0.0,0.0,0.0
2026-07-22 00:00:00-04:00,746.6199951171875,750.02001953125,746.3699951171875,747.4099731445312,32836200,0.0,0.0,0.0
2026-07-23 00:00:00-04:00,739.3699951171875,742.5599975585938,735.2100219726562,738.1799926757812,55437300,0.0,0.0,0.0
2026-07-24 00:00:00-04:00,738.510009765625,743.719970703125,737.2899780273438,738.9299926757812,44782000,0.0,0.0,0.0
2026-07-27 00:00:00-04:00,744.9099731445312,745.530029296875,735.8699951171875,739.0900268554688,41461200,0.0,0.0,0.0
2026-07-28 00:00:00-04:00,739.1900024414062,742.7899780273438,735.97998046875,740.8599853515625,47322200,0.0,0.0,0.0
2026-07-29 00:00:00-04:00,739.969970703125,742.6799926757812,729.0999755859375,729.4600219726562,70697200,0.0,0.0,0.0
2026-07-30 00:00:00-04:00,736.0499877929688,742.4500122070312,734.5900268554688,741.6900024414062,66811300,0.0,0.0,0.0
2026-07-31 00:00:00-04:00,744.6799926757812,748.9000244140625,737.6799926757812,747.030029296875,62445900,0.0,0.0,0.0
2026-08-03 00:00:00-04:00,749.4400024414062,758.5800170898438,748.7999877929688,757.6699829101562,59927500,0.0,0.0,0.0
2026-08-04 00:00:00-04:00,760.6300048828125,773.4099731445312,760.52001953125,771.3300170898438,69154800,0.0,0.0,0.0
2026-08-05 00:00:00-04:00,775.8499755859375,776.8499755859375,769.510009765625,769.7899780273438,44689100,0.0,0.0,0.0
2026-08-06 00:00:00-04:00,770.2100219726562,771.8200073242188,767.4600219726562,768.5599975585938,38416900,0.0,0.0,0.0
2026-08-07 00:00:00-04:00,771.02001953125,773.9199829101562,769.6099853515625,773.260009765625,43586300,0.0,0.0,0.0
2026-08-10 00:00:00-04:00,772.5999755859375,775.0499877929688,771.6199951171875,773.030029296875,39249500,0.0,0.0,0.0
2026-08-11 00:00:00-04:00,774.530029296875,774.6099853515625,769.2000122070312,770.5599975585938,36740600,0.0,0.0,0.0
2026-08-12 00:00:00-04:00,774.7100219726562,774.9000244140625,771.280029296875,772.489990234375,33179100,0.0,0.0,0.0
2026-08-13 00:00:00-04:00,774.8699951171875,779.3699951171875,774.1099853515625,777.8800048828125,35634500,0.0,0.0,0.0
2026-08-14 00:00:00-04:00,778.5399780273438,778.7999877929688,775.4299926757812,776.3400268554688,31367900,0.0,0.0,0.0
2026-08-17 00:00:00-04:00,776.1799926757812,776.780029296875,772.510009765625,772.6699829101562,34356600,0.0,0.0,0.0
2026-08-18 00:00:00-04:00,768.7000122070312,769.5,766.9199829101562,767.4500122070312,43920900,0.0,0.0,0.0
2026-08-19 00:00:00-04:00,770.3599853515625,772.469970703125,768.0999755859375,769.0599975585938,40306000,0.0,0.0,0.0
2026-08-20 00:00:00-04:00,765.9600219726562,768.1500244140625,762.0399780273438,762.5999755859375,45520300,0.0,0.0,0.0
2026-08-21 00:00:00-04:00,766.0499877929688,767.8499755859375,764.1699829101562,765.719970703125,39188700,0.0,0.0,0.0
2026-08-24 00:00:00-04:00,764.780029296875,765.219970703125,762.0800170898438,763.469970703125,32430900,0.0,0.0,0.0
2026-08-25 00:00:00-04:00,766.1599731445312,766.780029296875,763.0499877929688,765.9099731445312,27422300,0.0,0.0,0.0
2026-08-26 00:00:00-04:00,764.72998046875,767.3499755859375,763.9299926757812,766.0800170898438,28751600,0.0,0.0,0.0
2026-08-27 00:00:00-04:00,768.5,772.3599853515625,767.1599731445312,771.0999755859375,34557100,0.0,0.0,0.0
2026-08-28 00:00:00-04:00,771.760009765625,775.2999877929688,768.3099975585938,769.3499755859375,36744300,0.0,0.0,0.0
2026-08-31 00:00:00-04:00,767.3300170898438,768.0,764.719970703125,767.0499877929688,38810800,0.0,0.0,0.0
2026-09-01 00:00:00-04:00,762.010009765625,764.6699829101562,759.47998046875,761.780029296875,41126300,0.0,0.0,0.0
2026-09-02 00:00:00-04:00,762.4500122070312,766.4299926757812,761.72998046875,765.1599731445312,29566200,0.0,0.0,0.0
2026-09-03 00:00:00-04:00,767.9000244140625,774.030029296875,767.4500122070312,773.1699829101562,43531600,0.0,0.0,0.0
2026-09-04 00:00:00-04:00,772.010009765625,772.8699951171875,769.0,770.1900024414062,34015600,0.0,0.0,0.0
