Date,Open,High,Low,Close,Volume,Dividends,Stock Splits
2021-01-04 00:00:00-05:00,53.49124762828605,53.587940230672324,51.81807142115305,52.04508590698242,4044000,0.0,0.0
2021-01-05 00:00:00-05:00,52.12916643071451,52.26789804662976,51.19168081672546,51.881134033203125,4780200,0.0,0.0
2021-01-06 00:00:00-05:00,52.01144793401126,52.520127240197034,51.49856376537279,52.04928207397461,3805800,0.0,0.0
2021-01-07 00:00:00-05:00,52.13757197554561,52.39821895748345,50.220564981877175,50.405540466308594,5234400,0.0,0.0
2021-01-08 00:00:00-05:00,50.6115217082706,50.67037694694706,50.19112531351306,50.355079650878906,5687200,0.0,0.0
2021-01-11 00:00:00-05:00,50.325653881262056,50.54005694853238,49.29568395919748,49.77914047241211,5660400,0.0,0.0
2021-01-12 00:00:00-05:00,49.59416962556257,49.690859012751666,48.278326686842654,49.606781005859375,5135800,0.0,0.0
2021-01-13 00:00:00-05:00,49.64882354383849,51.13282260198987,49.46805292951755,50.931034088134766,4414600,0.0,0.0
2021-01-14 00:00:00-05:00,51.28835606066455,52.478078532496234,51.14542283740999,51.511165618896484,5735400,0.0,0.0
2021-01-15 00:00:00-05:00,51.43130488556623,52.276302725876704,51.09919448199527,51.35563659667969,3200200,0.0,0.0
2021-01-19 00:00:00-05:00,51.45653099918458,51.60366912915815,50.88899637936044,51.069766998291016,3175000,0.0,0.0
2021-01-20 00:00:00-05:00,50.90580162326757,51.76341071615532,50.68719689325471,51.654109954833984,3360600,0.0,0.0
2021-01-21 00:00:00-05:00,51.321993350358916,51.868506746667315,51.292565730614385,51.44390869140625,2912000,0.0,0.0
2021-01-22 00:00:00-05:00,51.33039864567859,51.586840700508674,50.69559919787218,51.0571403503418,2550600,0.0,0.0
2021-01-25 00:00:00-05:00,50.867962084992314,53.04141060430959,50.657763894558464,52.957332611083984,5062200,0.0,0.0
2021-01-26 00:00:00-05:00,53.10447687084666,53.3356961901273,52.37298798124007,52.37718963623047,2824800,0.0,0.0
2021-01-27 00:00:00-05:00,52.07870996039847,52.22164641818193,49.98934234266019,50.426551818847656,4111200,0.0,0.0
2021-01-28 00:00:00-05:00,50.84274481637775,52.66305890441543,50.55687511823663,52.41923141479492,4671400,0.0,0.0
2021-01-29 00:00:00-05:00,52.12915351511586,53.20536727100502,51.74238959751444,52.02825927734375,5570400,0.0,0.0
2021-02-01 00:00:00-05:00,52.045070913537174,52.759743446195124,51.439699125724516,52.524322509765625,3098800,0.0,0.0
2021-02-02 00:00:00-05:00,52.89427649328834,53.571114974013604,52.21323315037438,52.37298583984375,3144000,0.0,0.0
2021-02-03 00:00:00-05:00,52.19642586328197,52.59580121618719,51.65831570183571,51.847496032714844,2388200,0.0,0.0
2021-02-04 00:00:00-05:00,51.71296986723976,53.079258373457314,51.578443127230074,52.99938201904297,2249400,0.0,0.0
2021-02-05 00:00:00-05:00,53.2936484998655,53.42397356067858,52.751339983821936,53.070838928222656,1834200,0.0,0.0
2021-02-08 00:00:00-05:00,53.011987679594114,53.23900213024679,52.37298653534115,52.48649215698242,2157400,0.0,0.0
2021-02-09 00:00:00-05:00,52.621015378082,52.91949643016313,52.08711337390757,52.692481994628906,1444200,0.0,0.0
2021-02-10 00:00:00-05:00,53.04561713761661,53.646784109494625,52.818602699910585,53.3272819519043,2238400,0.0,0.0
2021-02-11 00:00:00-05:00,52.974158573204114,53.25582343030882,52.734532720427346,52.8858757019043,2326600,0.0,0.0
2021-02-12 00:00:00-05:00,52.71350419241982,52.95313001145683,51.851690291874974,52.339351654052734,2251400,0.0,0.0
2021-02-16 00:00:00-05:00,52.33935613185048,52.75975256664446,51.96099869906185,52.4150276184082,2035600,0.0,0.0
2021-02-17 00:00:00-05:00,52.54955539995942,52.61261550791343,51.81806648685567,52.38560104370117,1541000,0.0,0.0
2021-02-18 00:00:00-05:00,52.23846649644325,52.50751998187005,51.93578052349547,52.24266815185547,2484800,0.0,0.0
2021-02-19 00:00:00-05:00,52.46968393054178,52.80600239933668,52.12916380623065,52.36878967285156,2404600,0.0,0.0
2021-02-22 00:00:00-05:00,52.54955249926418,52.54955249926418,50.72923523092083,51.565826416015625,2679200,0.0,0.0
2021-02-23 00:00:00-05:00,52.05349496804696,52.33095820007069,51.50277657447178,51.944190979003906,3025800,0.0,0.0
2021-02-24 00:00:00-05:00,51.633083715060174,52.10813047396337,51.162238610687446,51.527984619140625,3503800,0.0,0.0
2021-02-25 00:00:00-05:00,51.52378401436476,52.019851916387154,49.85901458233286,50.06080627441406,3499600,0.0,0.0
2021-02-26 00:00:00-05:00,50.241566909197324,50.241566909197324,48.753363497960265,48.757568359375,4276200,0.0,0.0
2021-03-01 00:00:00-05:00,49.039239920961485,50.38450709660211,49.039239920961485,49.564735412597656,2174000,0.0,0.0
2021-03-02 00:00:00-05:00,49.57735390729431,49.69085953853696,49.0938973441222,49.24103546142578,4291000,0.0,0.0
2021-03-03 00:00:00-05:00,48.92573154768263,49.37976042639215,48.20265243874557,49.17376708984375,2789600,0.0,0.0
2021-03-04 00:00:00-05:00,49.49327801028727,50.447576589529504,49.0056165637173,49.18218231201172,2994400,0.0,0.0
2021-03-05 00:00:00-05:00,49.653028826006135,50.40553891488904,49.072882834560204,50.09864807128906,2677800,0.0,0.0
2021-03-08 00:00:00-05:00,50.23316695699091,52.04087283259721,50.13647757723181,51.67092514038086,3384400,0.0,0.0
2021-03-09 00:00:00-05:00,51.68774228916489,52.440252320198844,51.527992792680344,51.88953399658203,2563800,0.0,0.0
2021-03-10 00:00:00-05:00,52.007243681314506,53.37773698626373,51.91896081299466,53.17594528198242,4829800,0.0,0.0
2021-03-11 00:00:00-05:00,52.64204513194041,54.07980025257369,52.64204513194041,53.352516174316406,3868600,0.0,0.0
2021-03-12 00:00:00-05:00,53.638383784884745,54.222734618513364,53.23900842343918,54.12604522705078,2974000,0.0,0.0
2021-03-15 00:00:00-04:00,54.27318156524791,55.702526858358674,54.168082457967984,55.49232864379883,4490000,0.0,0.0
2021-03-16 00:00:00-04:00,55.08875995281089,55.589032863347015,54.72721867068125,55.168636322021484,3270800,0.0,0.0
2021-03-17 00:00:00-04:00,55.20645999406148,55.27792661445066,54.03775206521098,54.4371337890625,3353200,0.0,0.0
2021-03-18 00:00:00-04:00,54.231125886951695,54.7103774405259,54.03774075510228,54.48756790161133,3389800,0.0,0.0
2021-03-19 00:00:00-04:00,54.659939399042685,54.891158692155244,53.85698076966075,54.071380615234375,12162600,0.0,0.0
2021-03-22 00:00:00-04:00,53.810744807545106,54.09240965512822,53.356715878462566,53.852787017822266,2706400,0.0,0.0
2021-03-23 00:00:00-04:00,53.810740834683536,54.67255476381205,53.667807593879054,54.449745178222656,2889200,0.0,0.0
2021-03-24 00:00:00-04:00,54.04695669147482,55.08998681904033,54.04695669147482,54.682952880859375,2344800,0.55,0.0
2021-03-25 00:00:00-04:00,55.01790177865849,55.72597667939172,54.46671031954324,55.535179138183594,2745000,0.0,0.0
2021-03-26 00:00:00-04:00,55.72174083704835,56.13725650218439,55.22566462598356,56.02701950073242,2643000,0.0,0.0
2021-03-29 00:00:00-04:00,56.005815445235704,56.51885514985489,55.700536797306206,56.0482177734375,2875800,0.0,0.0
2021-03-30 00:00:00-04:00,55.573336861607075,55.984608347074676,55.340137020588976,55.785335540771484,1658400,0.0,0.0
2021-03-31 00:00:00-04:00,55.76837869704972,56.357734836865816,55.530941183121946,56.21357727050781,2760200,0.0,0.0
2021-04-01 00:00:00-04:00,56.141493115239754,56.387412365329624,55.463094737772074,55.88285446166992,1867000,0.0,0.0
2021-04-05 00:00:00-04:00,56.18388549281661,57.34564053967593,56.18388549281661,56.747802734375,2588000,0.0,0.0
2021-04-06 00:00:00-04:00,56.438304032291356,57.12517786998515,56.29838408948558,56.917423248291016,2239800,0.0,0.0
2021-04-07 00:00:00-04:00,56.891970218640466,57.09549363665694,56.22629763922879,56.61213684082031,2604800,0.0,0.0
2021-04-08 00:00:00-04:00,56.76476870306804,57.32444185478019,56.42980716519545,56.45524597167969,2706800,0.0,0.0
2021-04-09 00:00:00-04:00,56.51036696379536,57.091241269917425,56.51036696379536,56.934364318847656,2014200,0.0,0.0
2021-04-12 00:00:00-04:00,57.129415549113354,57.57885178584425,56.264457176430966,56.51461410522461,2885200,0.0,0.0
2021-04-13 00:00:00-04:00,56.26445842354665,57.371091989513005,55.802302771357866,57.25661087036133,2855800,0.0,0.0
2021-04-14 00:00:00-04:00,57.15484282740491,57.55763900718281,57.00220352594649,57.42620086669922,2109400,0.0,0.0
2021-04-15 00:00:00-04:00,57.43044535379672,58.42259769664737,57.42620770897124,58.35476303100586,2755600,0.0,0.0
2021-04-16 00:00:00-04:00,58.460754538254534,58.85931306774629,58.333554043995434,58.57099151611328,2756200,0.0,0.0
2021-04-19 00:00:00-04:00,59.011955444598904,59.17732064266979,58.33780112654796,58.6134033203125,2776000,0.0,0.0
2021-04-20 00:00:00-04:00,58.57523929600631,59.40627706190426,58.469239944062984,59.30027770996094,2414600,0.0,0.0
2021-04-21 00:00:00-04:00,59.291801122296924,59.48684279354834,58.46076975359539,58.766048431396484,2580200,0.0,0.0
2021-04-22 00:00:00-04:00,58.766047129996394,58.893241184857104,58.18941035910727,58.278446197509766,1855000,0.0,0.0
2021-04-23 00:00:00-04:00,58.30388589836829,58.32084941906692,57.761169690387746,58.117332458496094,1604200,0.0,0.0
2021-04-26 00:00:00-04:00,58.12579727794162,58.12579727794162,57.43044185737761,57.871402740478516,2181600,0.0,0.0
2021-04-27 00:00:00-04:00,57.939240780890216,57.939240780890216,57.014929575736794,57.209964752197266,2413400,0.0,0.0
2021-04-28 00:00:00-04:00,57.388056517720095,57.48133647278728,56.78597445512738,57.20573425292969,2079200,0.0,0.0
2021-04-29 00:00:00-04:00,57.33716589280885,57.75692564278849,57.205727735558085,57.71452331542969,4028800,0.0,0.0
2021-04-30 00:00:00-04:00,57.845959589658165,58.35051750824406,57.41772456389627,58.329322814941406,2415800,0.0,0.0
2021-05-03 00:00:00-04:00,58.431083317296476,59.088280611134444,58.07492703781724,58.53708267211914,1876400,0.0,0.0
2021-05-04 00:00:00-04:00,58.59219322766574,58.757551930851534,58.21483585528349,58.503150939941406,2478200,0.0,0.0
2021-05-05 00:00:00-04:00,58.778764394717676,58.82540436969708,56.90045246020571,57.44316864013672,2525400,0.0,0.0
2021-05-06 00:00:00-04:00,57.58309534687165,57.985891649303404,57.1802990444399,57.92229461669922,2224400,0.0,0.0
2021-05-07 00:00:00-04:00,57.66363594493107,58.863549145735675,57.53219780991219,58.4353141784668,1809000,0.0,0.0
2021-05-10 00:00:00-04:00,58.70668479772817,59.55467962585277,58.55828311493153,58.944122314453125,1631000,0.0,0.0
2021-05-11 00:00:00-04:00,58.94835016931847,59.01194718299074,58.117318998799455,58.7405891418457,2617800,0.0,0.0
2021-05-12 00:00:00-04:00,58.68970975468439,58.75755088033897,57.205719096841136,57.32868194580078,2932200,0.0,0.0
2021-05-13 00:00:00-04:00,57.273576546782934,58.71940940967332,57.02341960302776,58.39716720581055,1796200,0.0,0.0
2021-05-14 00:00:00-04:00,58.63459355140863,59.139151457725596,58.299638475194996,58.55827713012695,1892200,0.0,0.0
2021-05-17 00:00:00-04:00,58.58371740541645,58.761795529223036,57.96892249638946,58.31659698486328,2772600,0.0,0.0
2021-05-18 00:00:00-04:00,58.27420405091306,58.42684337464288,58.00708361696416,58.236045837402344,3633000,0.0,0.0
2021-05-19 00:00:00-04:00,58.079161410282026,58.16820370997807,57.04460673035787,57.6424446105957,3504600,0.0,0.0
2021-05-20 00:00:00-04:00,57.7272397677523,57.956201972282706,57.3456447197836,57.55340576171875,7501200,0.0,0.0
2021-05-21 00:00:00-04:00,57.65940882798117,58.23604555149764,57.65940882798117,58.07492446899414,3352000,0.0,0.0
2021-05-24 00:00:00-04:00,58.37171956494668,58.84659456868098,58.363237805683795,58.40987777709961,1921000,0.0,0.0
2021-05-25 00:00:00-04:00,58.39292641438231,58.4989257715868,57.29053051158072,57.430450439453125,2413800,0.0,0.0
2021-05-26 00:00:00-04:00,57.587327659996056,58.443797715414554,57.33292664234134,58.10036087036133,4214800,0.0,0.0
2021-05-27 00:00:00-04:00,58.23179981833318,58.31659800214603,57.20572691391824,57.36684799194336,11332800,0.0,0.0
2021-05-28 00:00:00-04:00,57.64246107685837,58.03678213145941,57.12094594305248,57.447425842285156,4115200,0.0,0.0
2021-06-01 00:00:00-04:00,57.70604597175853,57.85868528725575,57.36260265962484,57.63396072387695,4812800,0.0,0.0
2021-06-02 00:00:00-04:00,57.697575471304695,57.854452462123994,57.205736862097154,57.5958137512207,5493000,0.0,0.0
2021-06-03 00:00:00-04:00,57.17606260516875,58.257251000379334,57.17606260516875,58.09189224243164,3373800,0.0,0.0
2021-06-04 00:00:00-04:00,58.240282985965536,58.414123472281986,57.61700629185483,57.84172439575195,3572200,0.0,0.0
2021-06-07 00:00:00-04:00,57.98588425024208,58.104603009079895,57.65092913845406,57.706050872802734,2966200,0.0,0.0
2021-06-08 00:00:00-04:00,57.922276979017596,57.922276979017596,57.023404686921324,57.42620086669922,3749800,0.0,0.0
2021-06-09 00:00:00-04:00,57.83324426002096,59.34691812241348,57.583087340309945,59.12220001220703,4222400,0.0,0.0
2021-06-10 00:00:00-04:00,59.12218061369287,59.67337836095821,58.91441962142868,59.228179931640625,2978400,0.0,0.0
2021-06-11 00:00:00-04:00,59.37659158892197,60.453548581457994,59.12643468179964,60.309391021728516,5048400,0.0,0.0
2021-06-14 00:00:00-04:00,60.601935241693205,60.911457950615016,60.067700935242435,60.73761749267578,5340000,0.0,0.0
2021-06-15 00:00:00-04:00,60.763068072622914,61.44994180969583,60.563788771427454,61.0810661315918,2812000,0.0,0.0
2021-06-16 00:00:00-04:00,61.18704449000202,61.37360432240104,59.73273697143807,59.85145568847656,3367000,0.0,0.0
2021-06-17 00:00:00-04:00,59.85570574501695,60.241544890250346,59.4613913108695,59.60554885864258,2622000,0.0,0.0
2021-06-18 00:00:00-04:00,59.0755584431644,59.262118334076824,58.39292237124585,58.41412353515625,6455400,0.0,0.0
2021-06-21 00:00:00-04:00,58.71091031263476,59.257864017107764,58.08763372516218,58.70667266845703,3483400,0.0,0.0
2021-06-22 00:00:00-04:00,58.4861887956953,58.63458396938785,57.994350373301145,58.066429138183594,2969800,0.0,0.0
2021-06-23 00:00:00-04:00,57.98163919424228,57.98163919424228,57.11244330909334,57.477081298828125,2351400,0.0,0.0
2021-06-24 00:00:00-04:00,57.532202541497874,57.86291996315911,57.29476505617045,57.472843170166016,2117000,0.0,0.0
2021-06-25 00:00:00-04:00,57.34141382755664,58.329328599714984,57.32869442243898,58.28692626953125,3090600,0.0,0.0
2021-06-28 00:00:00-04:00,58.515876139458584,58.60068079128719,57.96468472069217,58.20635986328125,2414600,0.0,0.0
2021-06-29 00:00:00-04:00,57.943491055860385,57.943491055860385,56.27294012577147,56.696937561035156,4943400,0.0,0.0
2021-06-30 00:00:00-04:00,56.24325569610559,56.68421664001504,55.53518077450917,56.17117691040039,5431400,0.0,0.0
2021-07-01 00:00:00-04:00,56.183892693707044,57.099728623076935,55.836218192736354,56.85380935668945,4369000,0.0,0.0
2021-07-02 00:00:00-04:00,56.9047028547681,57.23965800681194,56.35774249967778,57.15061569213867,3132600,0.0,0.0
2021-07-06 00:00:00-04:00,56.94968890936491,57.171983469317134,56.11181342826443,57.01380920410156,2540600,0.55,0.0
2021-07-07 00:00:00-04:00,56.93686775559752,57.133507684769455,56.59487761274091,57.048011779785156,2035000,0.0,0.0
2021-07-08 00:00:00-04:00,56.582050072833354,56.98388797675426,56.29135618626373,56.39822769165039,2640000,0.0,0.0
2021-07-09 00:00:00-04:00,56.54784136100419,56.91975205291195,56.13317946461411,56.79578399658203,3072600,0.0,0.0
2021-07-12 00:00:00-04:00,56.64616632585846,57.13350009473935,56.41532676077532,57.043731689453125,1893400,0.0,0.0
2021-07-13 00:00:00-04:00,57.00098753599086,57.14633122543626,56.20586323331037,56.479454040527344,1695200,0.0,0.0
2021-07-14 00:00:00-04:00,56.60770694060753,56.88557681131607,56.27854082671835,56.50083541870117,3171000,0.0,0.0
2021-07-15 00:00:00-04:00,56.19732218016552,56.69320106878094,56.090450661623606,56.66755294799805,3270000,0.0,0.0
2021-07-16 00:00:00-04:00,56.80006842117804,57.61229581627362,56.56922882814374,57.36862564086914,3445600,0.0,0.0
2021-07-19 00:00:00-04:00,57.082216050465696,57.317334700326136,54.906313456953505,55.496246337890625,3934800,0.0,0.0
2021-07-20 00:00:00-04:00,55.496238498404026,56.517929829908255,55.496238498404026,56.39395523071289,2782200,0.0,0.0
2021-07-21 00:00:00-04:00,56.59487551579715,56.99244091747677,55.61165633760925,55.70143127441406,2128800,0.0,0.0
2021-07-22 00:00:00-04:00,55.65868432889691,55.89380296910615,55.15852641586253,55.196998596191406,1645200,0.0,0.0
2021-07-23 00:00:00-04:00,55.33806473671997,55.9921178343781,55.29104101296394,55.88097381591797,1372200,0.0,0.0
2021-07-26 00:00:00-04:00,55.87670792947669,56.128923149111266,55.62876522235596,55.87242889404297,1604000,0.0,0.0
2021-07-27 00:00:00-04:00,55.872423986256955,56.78724384869442,55.474865101034176,56.69747543334961,2447000,0.0,0.0
2021-07-28 00:00:00-04:00,56.72740082564781,56.89839916933259,55.9835792301085,56.761600494384766,2063600,0.0,0.0
2021-07-29 00:00:00-04:00,57.03945115928512,57.03945115928512,56.35547750528934,56.61196517944336,1564200,0.0,0.0
2021-07-30 00:00:00-04:00,56.47517999316793,56.95396226205301,55.645856046763996,55.85104751586914,2268000,0.0,0.0
2021-08-02 00:00:00-04:00,56.02205565784393,56.727405125614965,55.87671194688462,56.10755157470703,1667400,0.0,0.0
2021-08-03 00:00:00-04:00,56.32128529317675,56.61197266691448,56.02204637229401,56.41960525512695,1478600,0.0,0.0
2021-08-04 00:00:00-04:00,55.970739415005944,56.02204217110946,55.18844576726342,55.940818786621094,1996200,0.0,0.0
2021-08-05 00:00:00-04:00,55.79120349578239,56.847094588719806,55.74845880341661,56.82999801635742,1902000,0.0,0.0
2021-08-06 00:00:00-04:00,56.94968760481271,57.06938316752532,56.49227443643894,56.5692253112793,1422200,0.0,0.0
2021-08-09 00:00:00-04:00,56.55212651459423,56.66754957416508,55.73990563120105,56.11181640625,1651600,0.0,0.0
2021-08-10 00:00:00-04:00,56.039154285280496,56.496567567783906,55.893810568995896,56.32129669189453,1297200,0.0,0.0
2021-08-11 00:00:00-04:00,56.42815399169922,56.68892072182004,56.23150755467412,56.42815399169922,2002400,0.0,0.0
2021-08-12 00:00:00-04:00,56.32128168990227,56.778694850567035,56.2229617342423,56.607696533203125,1214400,0.0,0.0
2021-08-13 00:00:00-04:00,56.77869262098415,57.21900267116303,56.53502247440357,57.1848030090332,1416600,0.0,0.0
2021-08-16 00:00:00-04:00,57.300235744827845,57.94574395044677,56.953973036793535,57.09932327270508,2261800,0.0,0.0
2021-08-17 00:00:00-04:00,56.78724521626696,57.29595465853618,56.526478465310454,57.236106872558594,1472400,0.0,0.0
2021-08-18 00:00:00-04:00,57.210466899698666,57.210466899698666,56.46236620699405,56.680381774902344,1546400,0.0,0.0
2021-08-19 00:00:00-04:00,56.67182319337742,57.35579689220667,56.342657140905764,56.41532897949219,2050800,0.0,0.0
2021-08-20 00:00:00-04:00,56.24433586247637,57.13350099774664,55.889521701546265,57.0095329284668,4974000,0.0,0.0
2021-08-23 00:00:00-04:00,57.27457442373845,57.27457442373845,56.28281026154104,56.38113021850586,2415200,0.0,0.0
2021-08-24 00:00:00-04:00,56.4538007394571,56.51792755391614,55.76982704565878,55.98784255981445,3256000,0.0,0.0
2021-08-25 00:00:00-04:00,55.93655981014793,56.35549436933941,55.71426520769272,56.25289535522461,1727600,0.0,0.0
2021-08-26 00:00:00-04:00,56.13746648078652,56.63762433433878,56.00066782532663,56.33837890625,2096800,0.0,0.0
2021-08-27 00:00:00-04:00,56.45380874417597,56.663279264440106,56.188769471003965,56.36831283569336,2097800,0.0,0.0
2021-08-30 00:00:00-04:00,56.607698191584944,56.64189785605964,56.29135618738327,56.34693145751953,1195200,0.0,0.0
2021-08-31 00:00:00-04:00,56.39823554609739,56.94114469548864,56.154571871799234,56.58205795288086,3472000,0.0,0.0
2021-09-01 00:00:00-04:00,56.834274596809486,57.41993497812595,56.65045870834818,57.112144470214844,2399600,0.0,0.0
2021-09-02 00:00:00-04:00,57.240382455145635,57.744819412231145,57.201910274150585,57.560997009277344,2766200,0.0,0.0
2021-09-03 00:00:00-04:00,57.484048466523554,57.484048466523554,57.0009871527634,57.030914306640625,1281600,0.0,0.0
2021-09-07 00:00:00-04:00,56.86419554470403,57.240378828800786,56.513653856726364,56.5179328918457,1982600,0.0,0.0
2021-09-08 00:00:00-04:00,56.53502629408196,57.70206130534209,56.42815478880014,57.28312683105469,1881200,0.0,0.0
2021-09-09 00:00:00-04:00,57.21474361807656,57.5225341618183,57.08649647103069,57.20191955566406,1780600,0.0,0.0
2021-09-10 00:00:00-04:00,57.18480824630297,57.210456364519686,56.61197200681333,56.63762664794922,2085000,0.0,0.0
2021-09-13 00:00:00-04:00,57.24892716661422,57.87733213950484,57.05655976169076,57.28312683105469,2490200,0.0,0.0
2021-09-14 00:00:00-04:00,57.49687937644081,57.757646153488686,56.97107330967612,57.21046447753906,2562000,0.0,0.0
2021-09-15 00:00:00-04:00,57.50969023775098,58.48435778201318,56.91975747883279,58.462982177734375,3930600,0.0,0.0
2021-09-16 00:00:00-04:00,58.428790497482794,58.826355918040754,57.51824964166718,57.76191329956055,2627600,0.0,0.0
2021-09-17 00:00:00-04:00,57.76191468328464,58.48864620794106,56.96251783366616,57.01809310913086,6363600,0.0,0.0
2021-09-20 00:00:00-04:00,56.50938178056078,56.97534000780702,55.35517075448718,56.01349639892578,3241400,0.0,0.0
2021-09-21 00:00:00-04:00,56.33837940883279,56.65044889828999,55.756998163779706,55.77410125732422,2008000,0.0,0.0
2021-09-22 00:00:00-04:00,56.10327220047962,56.47945549325429,55.83822641082254,55.932273864746094,1842400,0.0,0.0
2021-09-23 00:00:00-04:00,55.93227771521741,56.45823304279651,55.51410001085986,55.62618637084961,2096600,0.55,0.0
2021-09-24 00:00:00-04:00,55.643433479195515,56.23405273885478,55.643433479195515,55.94520950317383,1714600,0.0,0.0
2021-09-27 00:00:00-04:00,56.05729878253203,56.76862848885289,55.432189862094866,55.55720901489258,2019600,0.0,0.0
2021-09-28 00:00:00-04:00,55.406314609671114,55.50115943104964,53.26369523455075,53.29387283325195,4786600,0.0,0.0
2021-09-29 00:00:00-04:00,53.397343766115256,55.23387202384457,53.28094209581111,54.9493408203125,4334600,0.0,0.0
2021-09-30 00:00:00-04:00,55.29422490685864,55.53133697411149,54.518228056880865,54.53547286987305,2997800,0.0,0.0
2021-10-01 00:00:00-04:00,55.00107981771386,55.26405749271993,54.044013956427804,54.138858795166016,2334400,0.0,0.0
2021-10-04 00:00:00-04:00,53.88881516983213,54.802770659192895,53.858637564901514,54.54410171508789,2469400,0.0,0.0
2021-10-05 00:00:00-04:00,54.59152461320155,54.97521271743876,54.35872453493758,54.5958366394043,2552400,0.0,0.0
2021-10-06 00:00:00-04:00,54.199206654804904,55.16489314817072,53.83276342773014,55.08298110961914,3695600,0.0,0.0
2021-10-07 00:00:00-04:00,55.35027239251034,55.52702926210738,53.888808177855836,54.14316177368164,4342200,0.0,0.0
2021-10-08 00:00:00-04:00,54.225085006893224,54.53117310582778,53.496507117431555,53.724998474121094,2392800,0.0,0.0
2021-10-11 00:00:00-04:00,53.703437995705066,53.83708120600886,53.065392971162765,53.082637786865234,2083600,0.0,0.0
2021-10-12 00:00:00-04:00,53.31974832782384,53.793969233842645,53.07401546721604,53.63446044921875,3887800,0.0,0.0
2021-10-13 00:00:00-04:00,53.01796038657102,54.776888383452246,52.92311556882953,54.68635559082031,3511400,0.0,0.0
2021-10-14 00:00:00-04:00,54.970902816861354,55.337346097643916,54.75103553274694,55.208011627197266,2629400,0.0,0.0
2021-10-15 00:00:00-04:00,55.3330402124588,55.93228359746245,55.10023683801147,55.35890579223633,2484000,0.0,0.0
2021-10-18 00:00:00-04:00,55.065737230530935,55.44942196488837,54.58720438524052,54.932090759277344,2787400,0.0,0.0
2021-10-19 00:00:00-04:00,55.34164522438581,55.90209011351525,55.268357238778435,55.80293655395508,1810600,0.0,0.0
2021-10-20 00:00:00-04:00,56.07022468120907,56.790178351112736,55.99693669330284,56.5961799621582,1970800,0.0,0.0
2021-10-21 00:00:00-04:00,56.6004877844362,56.7384462852482,56.10902213718434,56.15644454956055,1662800,0.0,0.0
2021-10-22 00:00:00-04:00,56.31164358802202,56.64360046884393,56.17800040408967,56.54875564575195,1112400,0.0,0.0
2021-10-25 00:00:00-04:00,56.56600860967539,56.73845016927148,56.044362037827895,56.199562072753906,1519600,0.0,0.0
2021-10-26 00:00:00-04:00,56.531521745556304,57.19542901850142,56.3935632285565,56.665164947509766,1491600,0.0,0.0
2021-10-27 00:00:00-04:00,56.691023902734756,56.96262558996185,55.91071504449803,55.988311767578125,1519800,0.0,0.0
2021-10-28 00:00:00-04:00,55.97969911701593,56.44529265204935,55.69084930318512,55.92365264892578,1934800,0.0,0.0
2021-10-29 00:00:00-04:00,55.85899519333972,56.02712803890842,54.7036155385352,55.02263641357422,3132200,0.0,0.0
2021-11-01 00:00:00-04:00,55.13471595997447,55.71671770691944,55.02262632045248,55.565826416015625,2034800,0.0,0.0
2021-11-02 00:00:00-04:00,55.72533235149054,55.72533235149054,54.776890711980975,55.195068359375,3018800,0.0,0.0
2021-11-03 00:00:00-04:00,55.057119756611186,55.55720620988985,54.69498852724857,55.25973892211914,3198200,0.0,0.0
2021-11-04 00:00:00-04:00,55.25973568650743,55.4278750812493,54.49667490750639,54.90191650390625,4234600,0.0,0.0
2021-11-05 00:00:00-04:00,54.69067329914694,55.94520631836528,54.50960769506752,54.90191650390625,3763600,0.0,0.0
2021-11-08 00:00:00-05:00,55.12179023461261,55.143347075821175,53.910370750448784,54.138858795166016,2821000,0.0,0.0
2021-11-09 00:00:00-05:00,54.026762491649094,54.1948953072231,53.621517608413406,53.9146728515625,3098000,0.0,0.0
2021-11-10 00:00:00-05:00,54.04401311523921,54.41476841229299,53.48788016965853,53.720680236816406,2421600,0.0,0.0
2021-11-11 00:00:00-05:00,53.48788199146515,53.755171697478964,52.280771221927424,52.423038482666016,3082600,0.0,0.0
2021-11-12 00:00:00-05:00,52.423028916673026,52.67738578695312,52.34112016955879,52.63858413696289,1911200,0.0,0.0
2021-11-15 00:00:00-05:00,52.99641820916283,53.88019612172535,52.754997362033016,53.699127197265625,3092000,0.0,0.0
2021-11-16 00:00:00-05:00,53.858635294039104,55.3373444515164,53.699123223781555,54.319923400878906,6631200,0.0,0.0
2021-11-17 00:00:00-05:00,54.06987920239663,54.13454643651285,53.47925991061176,53.5611686706543,2640200,0.0,0.0
2021-11-18 00:00:00-05:00,53.56117079345012,53.992281319161656,52.85414979441218,52.91450500488281,2846800,0.0,0.0
2021-11-19 00:00:00-05:00,53.17747983846608,53.190412627286285,52.54805889935668,52.923126220703125,3648400,0.0,0.0
2021-11-22 00:00:00-05:00,52.90156581013485,54.13023000182564,52.867076182866924,53.867252349853516,3549000,0.0,0.0
2021-11-23 00:00:00-05:00,54.07418633079821,54.63893999343028,53.746541452967215,54.026763916015625,3455200,0.0,0.0
2021-11-24 00:00:00-05:00,53.95348113075374,54.53116763694775,53.87156908111553,54.11730194091797,2537200,0.0,0.0
2021-11-26 00:00:00-05:00,53.39303618103,53.48788101979943,52.36699434794067,52.45752716064453,2265600,0.0,0.0
2021-11-29 00:00:00-05:00,53.074013561249956,54.02245533922763,52.78947905438942,53.543922424316406,4434600,0.0,0.0
2021-11-30 00:00:00-05:00,53.03090225048487,53.17316621233803,51.59961555647378,51.677215576171875,5752000,0.0,0.0
2021-12-01 00:00:00-05:00,52.194545429487384,53.272321624272465,51.54356768688586,51.5866813659668,3417400,0.0,0.0
2021-12-02 00:00:00-05:00,51.65566078383071,53.1774803463004,51.60392633894374,52.763614654541016,3246000,0.0,0.0
2021-12-03 00:00:00-05:00,53.15161175302775,53.40165662212777,52.4187219597117,53.34992218017578,3204800,0.0,0.0
2021-12-06 00:00:00-05:00,53.918991036070395,54.87174486285669,53.59134612945174,54.08712387084961,3083400,0.0,0.0
2021-12-07 00:00:00-05:00,54.25093932735622,54.96658427790497,53.89312014119366,54.71223068237305,3152600,0.0,0.0
2021-12-08 00:00:00-05:00,54.57427750062468,54.96658964075606,54.20783422750874,54.37165832519531,2822600,0.0,0.0
2021-12-09 00:00:00-05:00,54.41476342498294,54.85880667772748,53.7077425254284,54.4061393737793,3397600,0.0,0.0
2021-12-10 00:00:00-05:00,54.94502695204708,54.953651003171764,54.36302848737918,54.66049575805664,2614600,0.0,0.0
2021-12-13 00:00:00-05:00,54.43631842293217,54.79414090783037,54.207830396634634,54.444942474365234,3414000,0.0,0.0
2021-12-14 00:00:00-05:00,54.49236395150241,55.009695198772356,54.29836226694229,54.384586334228516,3625200,0.0,0.0
2021-12-15 00:00:00-05:00,54.41476333747433,55.16058259891036,54.16903050435497,55.04849624633789,2844600,0.0,0.0
2021-12-16 00:00:00-05:00,55.182146919632615,56.100414438248976,55.10454689396239,55.436500549316406,4772400,0.0,0.0
2021-12-17 00:00:00-05:00,55.190765964806495,55.453743622990686,54.43631932922459,54.69498825073242,6197800,0.0,0.0
2021-12-20 00:00:00-05:00,54.117298895439376,55.15627674766402,53.647390043482226,54.98814392089844,2772000,0.0,0.0
2021-12-21 00:00:00-05:00,55.43218131567553,56.10902128764426,55.320094969130395,55.402000427246094,3165800,0.0,0.0
2021-12-22 00:00:00-05:00,55.66291388387075,56.47170271474924,55.65856794685651,56.1629753112793,3268800,0.55,0.0
2021-12-23 00:00:00-05:00,56.04556035329419,56.676066147844814,55.94555073664564,56.27167510986328,2648200,0.0,0.0
2021-12-27 00:00:00-05:00,56.51952409690699,56.68041662690022,56.18470786330897,56.59779739379883,1468400,0.0,0.0
2021-12-28 00:00:00-05:00,56.62389496095233,57.01089566347384,56.52388533266514,56.87174606323242,1235000,0.0,0.0
2021-12-29 00:00:00-05:00,56.832612771189154,57.202223091481514,56.59780611436894,57.15873718261719,2889000,0.0,0.0
2021-12-30 00:00:00-05:00,57.22396134909054,57.489209447348394,56.98044956846264,57.297882080078125,1466600,0.0,0.0
2021-12-31 00:00:00-05:00,57.14134351859223,57.76750341417811,57.002193926231925,57.51964569091797,1461400,0.0,0.0
2022-01-03 00:00:00-05:00,57.61530542663279,57.61530542663279,56.93261522658061,57.3935432434082,2070600,0.0,0.0
2022-01-04 00:00:00-05:00,57.61530921505071,58.963292688428794,57.61530921505071,58.428443908691406,5013800,0.0,0.0
2022-01-05 00:00:00-05:00,58.54585966932472,59.524232997110914,58.52411671281461,58.78501892089844,4007600,0.0,0.0
2022-01-06 00:00:00-05:00,59.019805708429786,59.64596548877831,58.62845916322023,59.206787109375,3353200,0.0,0.0
2022-01-07 00:00:00-05:00,59.206782540082685,60.62867974362108,58.65888945705319,60.09819030761719,3569200,0.0,0.0
2022-01-10 00:00:00-05:00,60.2243016555177,60.398232002681894,59.572052901125815,59.876434326171875,3206400,0.0,0.0
2022-01-11 00:00:00-05:00,59.72858943619825,59.95470418253546,58.684994143132315,59.06764221191406,2818400,0.0,0.0
2022-01-12 00:00:00-05:00,59.028515449887834,59.385081306290544,58.83718807669788,59.232887268066406,2253400,0.0,0.0
2022-01-13 00:00:00-05:00,59.11983325902512,59.64163096414528,59.11983325902512,59.51987838745117,3179000,0.0,0.0
2022-01-14 00:00:00-05:00,59.31985610565105,60.146041937662716,58.863280597831206,59.989501953125,3054400,0.0,0.0
2022-01-18 00:00:00-05:00,59.602491285381305,59.9633964053718,58.824137429697124,59.015464782714844,4367400,0.0,0.0
2022-01-19 00:00:00-05:00,59.145932606911146,59.963413389968984,59.00678298893255,59.08070373535156,3066400,0.0,0.0
2022-01-20 00:00:00-05:00,59.119827398088226,59.61553616406218,58.55888977855469,58.65020751953125,2765600,0.0,0.0
2022-01-21 00:00:00-05:00,58.967639041774724,59.52857008019834,58.51541613471378,58.658905029296875,3519400,0.0,0.0
2022-01-24 00:00:00-05:00,58.40670954866858,58.61542730860218,56.502140913597835,57.24570083618164,6652000,0.0,0.0
2022-01-25 00:00:00-05:00,56.936969988910604,58.589334855884864,56.39342935076233,58.23276901245117,3945200,0.0,0.0
2022-01-26 00:00:00-05:00,58.27626620499395,59.298118821623994,57.91100178279719,58.545860290527344,3691800,0.0,0.0
2022-01-27 00:00:00-05:00,59.298107372011984,59.76338134335618,58.645858605840345,59.11983108520508,3697000,0.0,0.0
2022-01-28 00:00:00-05:00,58.919797035585,59.56334720444208,58.319726130762646,59.51116943359375,3558400,0.0,0.0
2022-01-31 00:00:00-05:00,59.03286352467773,60.13298932534807,58.91546351552812,60.07646560668945,8547800,0.0,0.0
2022-02-01 00:00:00-05:00,59.91556922186721,60.33301135497424,59.04590419332704,59.18939971923828,4408400,0.0,0.0
2022-02-02 00:00:00-05:00,59.237232400771894,60.27648185920587,59.032860585367004,60.09385299682617,3493000,0.0,0.0
2022-02-03 00:00:00-05:00,60.03296853730454,60.13297814558523,59.480729453724,59.580745697021484,2315600,0.0,0.0
2022-02-04 00:00:00-05:00,59.13721678666059,59.94600545811413,58.989375337098025,59.25462341308594,3055400,0.0,0.0
2022-02-07 00:00:00-05:00,59.28504957298894,59.88077449037848,59.15895109267499,59.57204055786133,1837000,0.0,0.0
2022-02-08 00:00:00-05:00,59.919918709807526,60.246043078727,59.66336913199502,59.967750549316406,2073800,0.0,0.0
2022-02-09 00:00:00-05:00,60.31125997502387,60.441711038080626,59.467683953609146,59.898170471191406,2367600,0.0,0.0
2022-02-10 00:00:00-05:00,59.52857014097626,60.08515524332004,58.77631172898342,58.94589614868164,2959600,0.0,0.0
2022-02-11 00:00:00-05:00,59.31985980659738,59.619895348598625,58.84154794929247,59.12853240966797,2209800,0.0,0.0
2022-02-14 00:00:00-05:00,59.32854443278663,59.40246515793537,58.12840254562176,58.758914947509766,2922600,0.0,0.0
2022-02-15 00:00:00-05:00,59.076344207559686,59.35029080804747,58.24146659680649,58.52845764160156,1778400,0.0,0.0
2022-02-16 00:00:00-05:00,58.62411478824694,59.08503612910418,58.40234598970931,58.802391052246094,1888000,0.0,0.0
2022-02-17 00:00:00-05:00,58.68500394781815,59.07635058934711,58.2153839969725,58.871978759765625,2066200,0.0,0.0
2022-02-18 00:00:00-05:00,58.68499979637235,59.26767378054733,58.48931985443233,58.92415237426758,2740400,0.0,0.0
2022-02-22 00:00:00-05:00,59.441604134474346,59.441604134474346,58.4067072490785,58.92415237426758,2464000,0.0,0.0
2022-02-23 00:00:00-05:00,59.07635563956249,59.33725784623079,58.08493787025293,58.111026763916016,2570200,0.0,0.0
2022-02-24 00:00:00-05:00,57.78923335159835,58.55454275504359,56.96740023813828,58.36756134033203,4065000,0.0,0.0
2022-02-25 00:00:00-05:00,59.53292147907019,61.72447444476063,59.21114302796926,61.50271224975586,4331200,0.0,0.0
2022-02-28 00:00:00-05:00,61.92886680793499,63.355117405778046,61.24183040708061,62.71156692504883,6548600,0.0,0.0
2022-03-01 00:00:00-05:00,62.724573519625736,63.594238317124876,62.28104261509673,63.12461853027344,4549400,0.0,0.0
2022-03-02 00:00:00-05:00,63.285521210809364,64.8944068217079,63.128981240263144,64.51609802246094,5519000,0.0,0.0
2022-03-03 00:00:00-05:00,64.51609553661372,65.42490049908282,64.42913036410944,65.05529022216797,4623400,0.0,0.0
2022-03-04 00:00:00-05:00,64.8248306951528,66.09019487815229,64.68133517218216,66.05975341796875,3750600,0.0,0.0
2022-03-07 00:00:00-05:00,65.75971254905225,66.65546637522397,65.1552956814401,66.45979309082031,4574800,0.0,0.0
2022-03-08 00:00:00-05:00,67.01638522939793,67.49904958746272,66.12498387978917,66.69895935058594,3898200,0.0,0.0
2022-03-09 00:00:00-05:00,67.0120366053633,67.29032913898652,66.14237160841355,66.22499084472656,3227600,0.0,0.0
2022-03-10 00:00:00-05:00,66.42501784737013,67.55993106652772,66.0032297437165,67.52079772949219,3200200,0.0,0.0
2022-03-11 00:00:00-05:00,67.48166075094338,68.29914802277952,66.92942158528697,67.05552673339844,3354400,0.0,0.0
2022-03-14 00:00:00-04:00,67.80343227696582,67.81213078525008,66.07280068939234,66.95116424560547,4725400,0.0,0.0
2022-03-15 00:00:00-04:00,68.03823969739052,68.33392260341937,66.82505334437575,67.40338134765625,3616400,0.0,0.0
2022-03-16 00:00:00-04:00,67.3990304930654,67.60774821356182,66.34673674866599,67.12508392333984,3356000,0.0,0.0
2022-03-17 00:00:00-04:00,67.26423237624479,67.97735732485934,66.88593027006398,67.75994110107422,4446000,0.0,0.0
2022-03-18 00:00:00-04:00,67.65558714362345,68.26000405376796,67.3164183241189,67.95996856689453,8650000,0.0,0.0
2022-03-21 00:00:00-04:00,68.25999875542134,69.35577842916013,68.16868765303629,69.2470703125,4407800,0.0,0.0
2022-03-22 00:00:00-04:00,68.93400116056672,69.15141742780753,68.2556634683783,68.76007080078125,6813600,0.0,0.0
2022-03-23 00:00:00-04:00,68.6339554178572,69.70364621261463,68.3339199521929,69.32099151611328,5044800,0.0,0.0
2022-03-24 00:00:00-04:00,69.09981489104688,69.6867040106226,68.9640427332512,69.57720947265625,2620200,0.5725,0.0
2022-03-25 00:00:00-04:00,69.61225322362617,71.20211616073351,69.581591543079,71.15393829345703,2851800,0.0,0.0
2022-03-28 00:00:00-04:00,70.88678086941457,71.44300842285156,70.46194144166027,71.44300842285156,2952600,0.0,0.0
2022-03-29 00:00:00-04:00,71.46051178440563,72.25762848899029,70.91303913347646,72.2401123046875,3611800,0.0,0.0
2022-03-30 00:00:00-04:00,72.35838744053973,73.53654328376906,72.2664090702862,73.41390991210938,3128000,0.0,0.0
2022-03-31 00:00:00-04:00,73.14235537550128,74.25920106065267,72.94526653294905,73.63288879394531,3501800,0.0,0.0
2022-04-01 00:00:00-04:00,73.37012173255614,74.71471154758629,73.08543184697018,74.60521697998047,2098200,0.0,0.0
2022-04-04 00:00:00-04:00,74.2811021881298,74.2811021881298,72.40217204871227,73.03723907470703,3161200,0.0,0.0
2022-04-05 00:00:00-04:00,73.1248424074878,74.39497650029796,71.92040237074762,72.279541015625,5232400,0.0,0.0
2022-04-06 00:00:00-04:00,72.66057830837588,73.82998594483041,72.31895585829368,73.72486877441406,4225200,0.0,0.0
2022-04-07 00:00:00-04:00,73.68106675062931,73.78618391885999,72.63429917626728,73.60223388671875,3385600,0.0,0.0
2022-04-08 00:00:00-04:00,73.82122255966644,74.79353464052669,73.67668896029353,74.36431121826172,2471200,0.0,0.0
2022-04-11 00:00:00-04:00,74.46068155561625,74.69280949870904,73.48399190733798,73.6898422241211,2410200,0.0,0.0
2022-04-12 00:00:00-04:00,73.44018003794264,74.54388695319614,73.3306854899259,74.29424285888672,2533000,0.0,0.0
2022-04-13 00:00:00-04:00,74.90741815446546,74.90741815446546,73.6548001156962,74.64025115966797,2346600,0.0,0.0
2022-04-14 00:00:00-04:00,75.00377655029297,75.4986941195263,74.78478742167898,75.00377655029297,2196800,0.0,0.0
2022-04-18 00:00:00-04:00,75.30158437236055,75.7001461152829,74.70155641155469,74.94682312011719,2375000,0.0,0.0
2022-04-19 00:00:00-04:00,75.19647502955533,75.42860293104275,74.5000913250931,74.57454681396484,3440600,0.0,0.0
2022-04-20 00:00:00-04:00,75.31913366980883,75.89288421073147,74.88991677922088,75.62571716308594,1918000,0.0,0.0
2022-04-21 00:00:00-04:00,75.4373612627525,75.84030037108035,74.60519874256153,74.64461517333984,2462800,0.0,0.0
2022-04-22 00:00:00-04:00,74.67528365574599,74.68842246720241,73.67231651080921,73.68545532226562,3278800,0.0,0.0
2022-04-25 00:00:00-04:00,73.82998222124698,73.82998222124698,71.6138071004372,72.43283081054688,6193400,0.0,0.0
2022-04-26 00:00:00-04:00,72.6036298255236,73.36570742473118,71.95541744077597,72.0211181640625,2591600,0.0,0.0
2022-04-27 00:00:00-04:00,72.09119624812715,72.58172957009636,71.11012292117346,71.69263458251953,2980800,0.0,0.0
2022-04-28 00:00:00-04:00,71.9904797985317,72.90585938178346,71.60944087555761,72.48539733886719,2790200,0.0,0.0
2022-04-29 00:00:00-04:00,72.1656722314727,72.17004960772891,70.53639273986072,70.67216491699219,3442400,0.0,0.0
2022-05-02 00:00:00-04:00,70.90867161750215,71.29847196858005,69.31443115339492,69.92760467529297,2912200,0.0,0.0
2022-05-03 00:00:00-04:00,70.49258743718599,71.35978237098699,69.94511470672785,70.37871551513672,3297000,0.0,0.0
2022-05-04 00:00:00-04:00,71.12764656700308,72.17879810253007,70.7028072407177,72.0517807006836,3010200,0.0,0.0
2022-05-05 00:00:00-04:00,70.62397115395542,71.87221145685952,70.05022089169263,70.56703186035156,3174800,0.0,0.0
2022-05-06 00:00:00-04:00,70.08966594698886,72.55986326109907,70.08966594698886,72.22261810302734,3290600,0.0,0.0
2022-05-09 00:00:00-04:00,71.71892972255428,72.14376910807123,70.7115785333593,70.96560668945312,3016600,0.0,0.0
2022-05-10 00:00:00-04:00,71.24153996307203,71.89850730316009,68.75382016010293,69.43706512451172,2907400,0.0,0.0
2022-05-11 00:00:00-04:00,69.67794931287145,71.12765606642232,69.32318804484443,69.55970001220703,4267600,0.0,0.0
2022-05-12 00:00:00-04:00,69.61663092872107,69.92321432055891,68.20634064325026,69.18303680419922,3724000,0.0,0.0
2022-05-13 00:00:00-04:00,69.89256558597243,70.77289940778303,69.17428156800814,70.540771484375,2483800,0.0,0.0
2022-05-16 00:00:00-04:00,70.88237996142523,71.12764664842415,70.08526322867871,70.73784637451172,2336400,0.0,0.0
2022-05-17 00:00:00-04:00,71.03568801602944,71.78901108318456,70.18600920658584,71.76273345947266,2425000,0.0,0.0
2022-05-18 00:00:00-04:00,71.98171924715021,72.39779719710143,71.09262404315388,71.2940902709961,2965000,0.0,0.0
2022-05-19 00:00:00-04:00,71.136417152757,71.460523420769,69.90132212631077,70.90428924560547,2242000,0.0,0.0
2022-05-20 00:00:00-04:00,71.28534221869016,71.32914271975721,69.66920798439958,70.12470245361328,3136600,0.0,0.0
2022-05-23 00:00:00-04:00,71.12327579221684,71.94667690234402,70.63274237325594,71.73644256591797,2366400,0.0,0.0
2022-05-24 00:00:00-04:00,71.74958875411605,73.02410018057606,71.38168200331745,72.75255584716797,3359400,0.0,0.0
2022-05-25 00:00:00-04:00,73.10731339044098,73.35696414855045,72.44158471849876,73.02848052978516,2660000,0.0,0.0
2022-05-26 00:00:00-04:00,73.34382206209845,73.60660493556212,72.06930407429923,72.20069885253906,2524800,0.0,0.0
2022-05-27 00:00:00-04:00,72.17004240788692,73.1905323472205,71.9422918879585,72.98905944824219,2855200,0.0,0.0
2022-05-31 00:00:00-04:00,72.63430775242517,72.63430775242517,71.58754005446804,71.7671127319336,5768200,0.0,0.0
2022-06-01 00:00:00-04:00,72.06491983938312,72.06491983938312,71.14078570148018,71.6181869506836,2481400,0.0,0.0
2022-06-02 00:00:00-04:00,71.89850117915817,71.89850117915817,70.04147125013012,71.35102844238281,2462200,0.0,0.0
2022-06-03 00:00:00-04:00,71.13640103941455,71.30283485326405,70.07649485666927,70.18598937988281,2547000,0.0,0.0
2022-06-06 00:00:00-04:00,70.41375488013838,70.99626666985823,70.24732103078506,70.58894348144531,1714400,0.0,0.0
2022-06-07 00:00:00-04:00,70.44003383393193,71.73644554735637,70.02395588569809,71.69702911376953,2638600,0.0,0.0
2022-06-08 00:00:00-04:00,71.3816794530786,71.3816794530786,69.58597298657403,69.83561706542969,2475200,0.0,0.0
2022-06-09 00:00:00-04:00,69.7523942417832,69.7523942417832,67.75959910629902,67.9566879272461,3615600,0.0,0.0
2022-06-10 00:00:00-04:00,67.38293259890119,68.33772163829474,67.0194099780357,67.7376937866211,3084400,0.0,0.0
2022-06-13 00:00:00-04:00,66.84424627380875,66.84863033395806,64.35653272774408,64.45288848876953,3838200,0.0,0.0
2022-06-14 00:00:00-04:00,65.0178536965316,65.0178536965316,62.32429080251823,63.42799758911133,3503600,0.0,0.0
2022-06-15 00:00:00-04:00,63.95794076814979,64.3346021977001,62.60020599853433,63.39295196533203,2810000,0.0,0.0
2022-06-16 00:00:00-04:00,62.433786209668625,62.538896687848954,61.41329632489895,62.17538070678711,3633600,0.0,0.0
2022-06-17 00:00:00-04:00,62.23231758944191,62.468829547600286,59.91979334865238,61.09357833862305,11800800,0.0,0.0
2022-06-21 00:00:00-04:00,61.87756135415773,62.985645697621266,61.570977941878375,62.55205154418945,2970800,0.0,0.0
2022-06-22 00:00:00-04:00,61.98267957379718,63.423624977259095,61.98267957379718,62.8235969543457,3182600,0.0,0.0
2022-06-23 00:00:00-04:00,63.143325551878675,64.12439926963725,62.893681416437694,64.0981216430664,3255600,0.0,0.0
2022-06-24 00:00:00-04:00,64.44848799426317,65.66168945197674,64.286438202506,65.45146179199219,4457800,0.0,0.0
2022-06-27 00:00:00-04:00,65.38138392071649,66.27924055028264,65.07917789916829,65.99017333984375,2290400,0.0,0.0
2022-06-28 00:00:00-04:00,66.46756722665276,67.32600741335683,66.11280596460732,66.2266845703125,3157400,0.0,0.0
2022-06-29 00:00:00-04:00,66.48071015789087,66.65152139401826,65.25875388144374,65.83250427246094,2303200,0.0,0.0
2022-06-30 00:00:00-04:00,65.28065323425469,66.38873756577271,65.21057511705568,65.81498718261719,4120200,0.0,0.0
2022-07-01 00:00:00-04:00,66.1346974693622,67.45300923157436,65.65730291274558,67.25592041015625,3277200,0.0,0.0
2022-07-05 00:00:00-04:00,66.89240855746607,67.02818073006706,63.77838329081235,64.37841796875,3323800,0.0,0.0
2022-07-06 00:00:00-04:00,65.108954666415,65.9432318500094,64.44241796206167,65.09130096435547,3164000,0.5725,0.0
2022-07-07 00:00:00-04:00,65.42236492002355,65.84170939209282,65.02950436938214,65.18840789794922,1990600,0.0,0.0
2022-07-08 00:00:00-04:00,65.21047891458791,65.39587309675987,64.57042612805732,65.00743103027344,3111600,0.0,0.0
2022-07-11 00:00:00-04:00,64.91031158808329,65.67396041086563,64.54834674745139,65.56360626220703,1410600,0.0,0.0
2022-07-12 00:00:00-04:00,64.994196614236,65.83729738294709,64.57484536548466,64.8220443725586,2398400,0.0,0.0
2022-07-13 00:00:00-04:00,64.16874647727623,65.53272926202725,63.7979580487254,64.76907348632812,2626600,0.0,0.0
2022-07-14 00:00:00-04:00,65.3296794437681,65.49300148702228,63.873002811776246,65.33409118652344,3484800,0.0,0.0
2022-07-15 00:00:00-04:00,65.77991166698632,66.93200940338019,64.76906375742522,66.75985717773438,5307400,0.0,0.0
2022-07-18 00:00:00-04:00,66.55239178354647,67.01588062412661,65.87702483188079,65.92999267578125,3367600,0.0,0.0
2022-07-19 00:00:00-04:00,66.29637932262385,67.1836245193444,66.08450117954584,66.91436004638672,2443600,0.0,0.0
2022-07-20 00:00:00-04:00,67.01145589292828,67.65592712066761,66.2787026884326,67.43521881103516,3849400,0.0,0.0
2022-07-21 00:00:00-04:00,67.3204585419443,67.84574549300974,66.68040567356847,67.7530517578125,2650200,0.0,0.0
2022-07-22 00:00:00-04:00,68.00023620422809,68.72857098172742,67.6294478351551,68.0841064453125,1705200,0.0,0.0
2022-07-25 00:00:00-04:00,67.92521025652152,69.96014170183366,67.78837214449699,69.86302947998047,2823000,0.0,0.0
2022-07-26 00:00:00-04:00,69.71293340362001,70.8738614334408,69.71293340362001,70.48541259765625,2572400,0.0,0.0
2022-07-27 00:00:00-04:00,70.25586759025511,70.85619443497151,69.5760822551807,70.60458374023438,2275800,0.0,0.0
2022-07-28 00:00:00-04:00,71.19609175094897,72.39233389043429,70.65315113270618,72.20693969726562,2038000,0.0,0.0
2022-07-29 00:00:00-04:00,72.02595407257111,73.40759034435041,71.94208383127692,73.18688201904297,5935200,0.0,0.0
2022-08-01 00:00:00-04:00,73.05446426857831,73.26634239985671,72.26433133466422,72.99707794189453,2300000,0.0,0.0
2022-08-02 00:00:00-04:00,73.22660647783648,73.62387876147498,72.16720923114485,72.25990295410156,2173200,0.0,0.0
2022-08-03 00:00:00-04:00,72.14515595386976,72.89115135203666,71.20493610464342,72.64395904541016,2970800,0.0,0.0
2022-08-04 00:00:00-04:00,71.95092282402526,72.8205142706145,70.97980742135002,71.26231384277344,3449600,0.0,0.0
2022-08-05 00:00:00-04:00,71.06807550651514,71.1254618222166,69.62464127954694,70.5339584350586,3714000,0.0,0.0
2022-08-08 00:00:00-04:00,71.02837337126293,71.51392777214575,70.5692961631539,71.05044555664062,2180200,0.0,0.0
2022-08-09 00:00:00-04:00,71.49627391597441,72.07894054291528,71.34177535413815,71.7522964477539,2466800,0.0,0.0
2022-08-10 00:00:00-04:00,72.25550412490857,72.48945444815688,71.65958885747408,72.16280364990234,2115000,0.0,0.0
2022-08-11 00:00:00-04:00,72.39674836462994,72.79843916606387,71.87146816523648,72.34378051757812,1616400,0.0,0.0
2022-08-12 00:00:00-04:00,72.65276311206335,73.4782168084351,72.44088501094166,73.43848419189453,1583200,0.0,0.0
2022-08-15 00:00:00-04:00,73.21337549307057,74.1403532745046,72.93086906923578,73.94612884521484,1466000,0.0,0.0
2022-08-16 00:00:00-04:00,73.9240513216764,74.66562810485696,73.81369715259711,74.62149047851562,2132000,0.0,0.0
2022-08-17 00:00:00-04:00,74.35222156938846,75.13794266718743,74.3080772102154,74.85984802246094,2004800,0.0,0.0
2022-08-18 00:00:00-04:00,75.04083722442596,75.77800228772544,75.02759526257802,75.23506164550781,1718600,0.0,0.0
2022-08-19 00:00:00-04:00,75.25271598025293,75.55288283411844,74.84661343071603,75.06732177734375,1888800,0.0,0.0
2022-08-22 00:00:00-04:00,74.51113451067829,74.76715698501974,73.98584760086426,74.23303985595703,1503400,0.0,0.0
2022-08-23 00:00:00-04:00,74.25952576116741,74.5023062808607,73.93729347256577,74.2904281616211,1929000,0.0,0.0
2022-08-24 00:00:00-04:00,74.29042924911151,74.75391811431359,73.95053651656545,74.34780883789062,2042600,0.0,0.0
2022-08-25 00:00:00-04:00,74.47141868062754,74.63474071361513,74.05648588121451,74.4537582397461,1787800,0.0,0.0
2022-08-26 00:00:00-04:00,74.67888211943615,74.83779241797772,73.38994602481452,73.51354217529297,1807000,0.0,0.0
2022-08-29 00:00:00-04:00,73.20011443632734,74.91722471393325,72.69689978965187,74.28599548339844,1733200,0.0,0.0
2022-08-30 00:00:00-04:00,74.18449206055354,74.61266681303078,73.09861071330047,73.3016586303711,2652400,0.0,0.0
2022-08-31 00:00:00-04:00,72.96617917816776,73.91522235413024,72.78519672129623,72.82051086425781,2818800,0.0,0.0
2022-09-01 00:00:00-04:00,72.76754295025175,74.18448673204732,72.31288430520367,74.16241455078125,1969400,0.0,0.0
2022-09-02 00:00:00-04:00,74.42285489846195,75.22622975313818,73.42524889153839,73.62830352783203,1562200,0.0,0.0
2022-09-06 00:00:00-04:00,73.73422390092973,75.0628921416091,73.71657020102089,74.08294677734375,2775400,0.0,0.0
2022-09-07 00:00:00-04:00,74.32132475458167,76.67849496055472,74.32132475458167,76.58138275146484,2742600,0.0,0.0
2022-09-08 00:00:00-04:00,76.40922080611271,76.73145305779556,75.8971759024227,76.33859252929688,1732800,0.0,0.0
2022-09-09 00:00:00-04:00,76.70938411288796,77.1949451171107,76.07374306571765,76.70055389404297,3191600,0.0,0.0
2022-09-12 00:00:00-04:00,76.86389488628139,77.89680838485364,76.44013187545238,77.53484344482422,2021600,0.0,0.0
2022-09-13 00:00:00-04:00,76.82857353426282,77.21701562764541,74.99669029402538,75.40721130371094,3184800,0.0,0.0
2022-09-14 00:00:00-04:00,75.5043283273157,77.40683323785652,75.5043283273157,76.67407989501953,2165400,0.0,0.0
2022-09-15 00:00:00-04:00,76.49308446671023,76.49308446671023,75.23946286029286,75.42927551269531,2606000,0.0,0.0
2022-09-16 00:00:00-04:00,75.11146348168296,75.3189298590068,74.22863012642712,74.35222625732422,5459200,0.0,0.0
2022-09-19 00:00:00-04:00,74.19772763857114,76.3783271011622,73.93729341559356,76.33418273925781,2558600,0.0,0.0
2022-09-20 00:00:00-04:00,75.69412233810158,76.0958130906327,74.22862261904717,74.53761291503906,2312000,0.0,0.0
2022-09-21 00:00:00-04:00,75.35865980647009,76.0781711851512,73.33255876343603,73.38993835449219,2576000,0.0,0.0
2022-09-22 00:00:00-04:00,73.48104454256121,73.62771619112667,72.49430366816053,72.9787826538086,2119200,0.5725,0.0
2022-09-23 00:00:00-04:00,72.24539334161628,72.24539334161628,70.82306623587588,71.9075927734375,3107200,0.0,0.0
2022-09-26 00:00:00-04:00,71.61869822022267,71.70759240905821,69.19628918575528,69.8852310180664,3460400,0.0,0.0
2022-09-27 00:00:00-04:00,70.46750789397123,70.46750789397123,68.21845129624481,68.51625061035156,3747600,0.0,0.0
2022-09-28 00:00:00-04:00,69.32962359675385,70.13412707723569,68.61401429194791,69.77410125732422,2644200,0.0,0.0
2022-09-29 00:00:00-04:00,69.3785020051014,69.47628761269816,67.19167318302648,67.32946014404297,1941200,0.0,0.0
2022-09-30 00:00:00-04:00,67.69839901751084,67.80062699193697,66.16050993683545,66.64498901367188,4334000,0.0,0.0
2022-10-03 00:00:00-04:00,68.0139734200055,69.40963300086734,67.3605907173475,68.94737243652344,3196000,0.0,0.0
2022-10-04 00:00:00-04:00,69.32518422303808,70.57860775264865,68.94293314733164,70.06301879882812,2020800,0.0,0.0
2022-10-05 00:00:00-04:00,69.04962202084566,69.41409025356839,67.86286044548537,68.24066925048828,3034800,0.0,0.0
2022-10-06 00:00:00-04:00,67.81838854776815,68.00506831358979,66.07603728457683,66.1871566772461,3246600,0.0,0.0
2022-10-07 00:00:00-04:00,66.19162516927184,66.4271978322502,64.77374007333543,65.3515625,2723600,0.0,0.0
2022-10-10 00:00:00-04:00,65.60045587067877,66.3516241973247,65.28488053174604,65.58267974853516,2771400,0.0,0.0
2022-10-11 00:00:00-04:00,65.11598709025101,66.12050431298935,64.46260428813527,65.32044982910156,2940400,0.0,0.0
2022-10-12 00:00:00-04:00,65.08931402643681,65.24487714866429,62.48467449104142,62.53800964355469,3386000,0.0,0.0
2022-10-13 00:00:00-04:00,61.64461120591085,63.66253691125749,60.68898011403042,63.57364273071289,5405200,0.0,0.0
2022-10-14 00:00:00-04:00,64.44481068039633,65.08041040295392,62.724677729420364,62.89358139038086,3582400,0.0,0.0
2022-10-17 00:00:00-04:00,64.00922083104108,65.0004108256546,63.80031580309583,64.39147186279297,2585800,0.0,0.0
2022-10-18 00:00:00-04:00,65.59158913375366,65.96939117676817,64.33371620472083,64.63151550292969,3407400,0.0,0.0
2022-10-19 00:00:00-04:00,63.61365182547037,64.29815134145132,63.31141021844964,63.88923263549805,1939800,0.0,0.0
2022-10-20 00:00:00-04:00,63.65364703459587,63.666980821477445,61.88462111014549,62.11130905151367,3173200,0.0,0.0
2022-10-21 00:00:00-04:00,62.520228521245215,63.80476867169988,61.986856692184844,63.24028015136719,2707200,0.0,0.0
2022-10-24 00:00:00-04:00,63.733643140951976,64.47147758870908,63.39139348806874,64.06700134277344,1756600,0.0,0.0
2022-10-25 00:00:00-04:00,63.96033231991305,65.17376121031432,63.83143678316313,64.99152374267578,2090200,0.0,0.0
2022-10-26 00:00:00-04:00,65.51601485795047,65.87159839930514,64.61817472421502,65.57379913330078,3756600,0.0,0.0
2022-10-27 00:00:00-04:00,66.23161839123583,67.2672522266442,66.1027228448214,66.6716537475586,2653400,0.0,0.0
2022-10-28 00:00:00-04:00,67.03167981430789,67.85840859479913,66.95611942034041,67.73395538330078,1909600,0.0,0.0
2022-10-31 00:00:00-04:00,67.57393364052861,67.9873013637439,66.95166767053728,67.0894546508789,2615000,0.0,0.0
2022-11-01 00:00:00-04:00,67.29392923584429,67.56061860109394,66.369421475948,67.31615447998047,1865000,0.0,0.0
2022-11-02 00:00:00-04:00,67.1916899784295,68.47623020055804,66.75610375164791,66.91166687011719,3005000,0.0,0.0
2022-11-03 00:00:00-04:00,66.42274785314393,68.04064639231865,65.38267167414406,67.83174133300781,3761200,0.0,0.0
2022-11-04 00:00:00-04:00,68.68957911739373,68.89404183862739,67.71172955741277,68.8184814453125,3832000,0.0,0.0
2022-11-07 00:00:00-05:00,68.84959643688741,68.85404555471094,66.06716833827295,66.54276275634766,2186600,0.0,0.0
2022-11-08 00:00:00-05:00,66.93834993244941,67.87174911121589,66.61832541910319,67.44060516357422,2231800,0.0,0.0
2022-11-09 00:00:00-05:00,67.19170315110361,67.83175222004452,66.58277078127155,66.7027816772461,2412000,0.0,0.0
2022-11-10 00:00:00-05:00,68.54736050771606,69.3429727118383,67.61840361950951,69.26296997070312,2262000,0.0,0.0
2022-11-11 00:00:00-05:00,69.43187058404618,69.48076340661731,67.75173849123473,68.73847961425781,2383000,0.0,0.0
2022-11-14 00:00:00-05:00,68.80960045904534,70.13414227556476,68.64069674112547,69.1651840209961,2851200,0.0,0.0
2022-11-15 00:00:00-05:00,69.83632763082319,70.04523267318542,68.38289056867424,69.08515930175781,2095200,0.0,0.0
2022-11-16 00:00:00-05:00,68.89403250594076,70.6719430222231,68.69401892929707,69.96522521972656,3145800,0.0,0.0
2022-11-17 00:00:00-05:00,69.15628154501283,69.36963571749521,67.6583939133208,68.48512268066406,2420200,0.0,0.0
2022-11-18 00:00:00-05:00,69.42298643675167,70.38306008163306,69.32075844505006,70.1563720703125,2899400,0.0,0.0
2022-11-21 00:00:00-05:00,70.08968831554256,70.79196388255423,70.08968831554256,70.5697250366211,1562800,0.0,0.0
2022-11-22 00:00:00-05:00,71.07199358839176,71.76982695136762,70.80531099241178,71.26312255859375,1535600,0.0,0.0
2022-11-23 00:00:00-05:00,70.96531331423596,72.55209522355317,70.96531331423596,72.44986724853516,2298600,0.0,0.0
2022-11-25 00:00:00-05:00,72.8587909861951,73.04547082482121,72.2720838908262,72.65433502197266,804000,0.0,0.0
2022-11-28 00:00:00-05:00,72.05428392270424,72.4987616455555,71.63203144243393,72.48542785644531,2363000,0.0,0.0
2022-11-29 00:00:00-05:00,72.17428549910056,72.20539540894839,71.5075690008052,71.70314025878906,1376600,0.0,0.0
2022-11-30 00:00:00-05:00,71.61426161218846,73.95666153834826,71.30312850581834,73.86776733398438,4509800,0.0,0.0
2022-12-01 00:00:00-05:00,74.22778350623646,74.77893835230309,73.79219721461487,74.32556915283203,2922200,0.0,0.0
2022-12-02 00:00:00-05:00,73.60551794738939,74.34334585626443,73.44994802236226,73.75218963623047,2172800,0.0,0.0
2022-12-05 00:00:00-05:00,73.05878756043812,73.84551488272463,72.60542525054265,72.75654602050781,1745000,0.0,0.0
2022-12-06 00:00:00-05:00,72.75655021254349,73.9255286441009,72.50764380480297,73.494384765625,2499800,0.0,0.0
2022-12-07 00:00:00-05:00,73.24992914446726,73.56995364339807,72.06761678909466,72.19207000732422,2724200,0.0,0.0
2022-12-08 00:00:00-05:00,72.19206453705247,72.35207677439313,71.81426257540872,72.04983520507812,2833400,0.0,0.0
2022-12-09 00:00:00-05:00,71.6898053421449,72.5654269548599,71.52090842781527,71.62757873535156,1775800,0.0,0.0
2022-12-12 00:00:00-05:00,72.15651673932807,73.6232946795492,71.35645542809907,73.57440185546875,1602200,0.0,0.0
2022-12-13 00:00:00-05:00,74.6677943245355,74.78335605872883,72.30761257595451,73.18768310546875,2458800,0.0,0.0
2022-12-14 00:00:00-05:00,73.37882452504638,74.01887352139697,72.38319878156034,72.7832260131836,2132200,0.0,0.0
2022-12-15 00:00:00-05:00,72.4098477802886,72.60096989372578,71.32976368052957,71.96537017822266,1886200,0.0,0.0
2022-12-16 00:00:00-05:00,71.00532493595615,71.28979044218964,69.4229851336453,69.92524719238281,6178200,0.0,0.0
2022-12-19 00:00:00-05:00,70.10301142532839,70.5474890494899,69.18738860470613,69.90744018554688,1974800,0.0,0.0
2022-12-20 00:00:00-05:00,69.9519131238175,70.16526055291193,69.32964018085275,69.57410430908203,1943000,0.0,0.0
2022-12-21 00:00:00-05:00,69.93900336414146,70.35541712429118,69.62110262319796,70.18079376220703,1774200,0.5725,0.0
2022-12-22 00:00:00-05:00,70.0733485134194,70.3778172914168,68.69426837457299,70.31513214111328,2337400,0.0,0.0
2022-12-23 00:00:00-05:00,70.1091635771171,70.78526812841564,69.9211081422957,70.6330337524414,1274600,0.0,0.0
2022-12-27 00:00:00-05:00,70.8524384152215,71.22854930206027,70.32408631327957,71.12108612060547,1042400,0.0,0.0
2022-12-28 00:00:00-05:00,71.15243070275353,71.31809712607084,69.7375295863533,69.99275207519531,1588200,0.0,0.0
2022-12-29 00:00:00-05:00,70.07335054727248,70.32409115576422,69.7017147053404,69.79574584960938,1871600,0.0,0.0
2022-12-30 00:00:00-05:00,69.737523836305,70.01512848647037,68.58679544444507,69.19573974609375,2145200,0.0,0.0
2023-01-03 00:00:00-05:00,69.08829220940366,69.76887871140195,67.40473648510095,68.8241195678711,2655600,0.0,0.0
2023-01-04 00:00:00-05:00,68.9808207064514,70.02856100500874,68.76142612615173,69.41961669921875,1683200,0.0,0.0
2023-01-05 00:00:00-05:00,68.84203238860198,69.14202611638629,67.60623641310953,68.27338409423828,2009600,0.0,0.0
2023-01-06 00:00:00-05:00,69.10171545008136,70.01065341643054,69.02111636418844,69.19573974609375,2552000,0.0,0.0
2023-01-09 00:00:00-05:00,69.16887356098364,70.62855254546389,69.11962046336926,70.35542297363281,2347400,0.0,0.0
2023-01-10 00:00:00-05:00,70.3106465937961,70.63750434080607,69.3390234927838,70.52556610107422,1978000,0.0,0.0
2023-01-11 00:00:00-05:00,70.74049233535588,72.86283698492913,70.74049233535588,72.5628433227539,3111200,0.0,0.0
2023-01-12 00:00:00-05:00,72.72403917442048,72.84940946394107,71.72555192853558,72.056884765625,2355600,0.0,0.0
2023-01-13 00:00:00-05:00,71.7479504508581,72.28972780974999,71.16138822239151,72.01212310791016,2257800,0.0,0.0
2023-01-17 00:00:00-05:00,72.18226569435532,73.27030222840189,72.10614167040367,72.4330062866211,2947200,0.0,0.0
2023-01-18 00:00:00-05:00,72.77329255694868,72.77329255694868,69.89871919527556,70.15841674804688,2322000,0.0,0.0
2023-01-19 00:00:00-05:00,70.06886893763311,70.35990565272233,68.86888735333042,69.75096130371094,3005800,0.0,0.0
2023-01-20 00:00:00-05:00,70.06438997757296,70.83900761382745,69.20022993678892,70.7405014038086,2734400,0.0,0.0
2023-01-23 00:00:00-05:00,70.7449847330409,71.69870095402743,70.1942503724937,71.07632446289062,1606000,0.0,0.0
2023-01-24 00:00:00-05:00,70.24348250214827,71.52405616722069,70.18079736464826,71.24644470214844,1675600,0.0,0.0
2023-01-25 00:00:00-05:00,70.71361963592501,71.23749659619047,70.30168774457046,71.18376159667969,1325600,0.0,0.0
2023-01-26 00:00:00-05:00,70.96884345414111,71.8688244352094,70.83899810318647,71.86434936523438,1657200,0.0,0.0
2023-01-27 00:00:00-05:00,71.85987443350464,72.85836161328751,71.66286203953824,72.4598617553711,2558800,0.0,0.0
2023-01-30 00:00:00-05:00,72.0568848049538,72.83150239040472,71.98972458987694,72.19569396972656,3074000,0.0,0.0
2023-01-31 00:00:00-05:00,72.19570306335615,72.24943124218512,70.65990657419209,71.78824615478516,3029200,0.0,0.0
2023-02-01 00:00:00-05:00,71.44345437348508,72.28970711368505,71.00465842764699,71.58673858642578,2372200,0.0,0.0
2023-02-02 00:00:00-05:00,71.9897375511357,72.53599683933886,70.83453381864885,72.14645385742188,3881000,0.0,0.0
2023-02-03 00:00:00-05:00,71.67182345631748,72.03450228035221,69.24499626978137,69.8046875,2923600,0.0,0.0
2023-02-06 00:00:00-05:00,69.54947762459395,70.73602039827723,69.40619337832409,70.58378601074219,1741200,0.0,0.0
2023-02-07 00:00:00-05:00,69.93901346168985,70.47631566627892,69.22261279962716,70.34199523925781,1812800,0.0,0.0
2023-02-08 00:00:00-05:00,69.80022637338924,69.84947948477426,68.67636861818326,69.14202880859375,2115600,0.0,0.0
2023-02-09 00:00:00-05:00,69.3524664440028,69.90768265998781,68.33159008363967,68.39875030517578,2825400,0.0,0.0
2023-02-10 00:00:00-05:00,68.63157138929712,70.40019416917548,68.43904090091131,70.35542297363281,2186400,0.0,0.0
2023-02-13 00:00:00-05:00,70.45393860204692,70.91959872461176,70.33304337677608,70.64646911621094,1423200,0.0,0.0
2023-02-14 00:00:00-05:00,70.5658714934723,71.0852597512929,70.03751943098905,70.23005676269531,1792400,0.0,0.0
2023-02-15 00:00:00-05:00,69.87186100040975,71.00020053775297,69.728576752799,70.91960144042969,2077200,0.0,0.0
2023-02-16 00:00:00-05:00,70.01513649407221,70.80318616996293,69.433063042595,70.5076675415039,2145600,0.0,0.0
2023-02-17 00:00:00-05:00,70.5793104877624,71.77928529782167,70.12260049591545,70.9643783569336,3693600,0.0,0.0
2023-02-21 00:00:00-05:00,70.50766243312808,70.50766243312808,69.47782921085472,69.58976745605469,2260200,0.0,0.0
2023-02-22 00:00:00-05:00,69.43306202341725,70.45393833204635,69.00321613086194,69.47335815429688,1969000,0.0,0.0
2023-02-23 00:00:00-05:00,69.77781973148467,70.27482579097543,69.11514726288631,69.69722747802734,2038600,0.0,0.0
2023-02-24 00:00:00-05:00,69.06142424305482,69.75991782043573,68.54202913037776,69.52708435058594,2154200,0.0,0.0
2023-02-27 00:00:00-05:00,69.8091616605513,70.71809957105113,69.00768008174875,69.34797668457031,2385400,0.0,0.0
2023-02-28 00:00:00-05:00,68.71217010107932,68.77485524023423,66.49578755258817,67.14503479003906,7263800,0.0,0.0
2023-03-01 00:00:00-05:00,66.79578808732084,66.97041831313538,65.30029473330897,66.20475769042969,3853400,0.0,0.0
2023-03-02 00:00:00-05:00,65.79282539551582,66.62564622959204,65.20627007219277,66.5763931274414,2635200,0.0,0.0
2023-03-03 00:00:00-05:00,66.80474351124373,67.58383615907604,65.88684853221463,67.56144714355469,2268200,0.0,0.0
2023-03-06 00:00:00-05:00,67.5435413108565,68.18829987778334,67.36443601545868,67.63756561279297,2136000,0.0,0.0
2023-03-07 00:00:00-05:00,67.79875872498543,67.86592577456877,66.06595679399928,66.40177154541016,2504000,0.0,0.0
2023-03-08 00:00:00-05:00,66.38834972860428,66.74655355172182,65.98984976883057,66.54505920410156,2184800,0.0,0.0
2023-03-09 00:00:00-05:00,66.60324538442805,67.32412784305208,65.89131989701379,66.09728240966797,2897800,0.0,0.0
2023-03-10 00:00:00-05:00,66.33459168468856,66.71070932607762,64.33761750798676,64.52567291259766,2906400,0.0,0.0
2023-03-13 00:00:00-04:00,64.38686500858766,66.75099964998772,64.15403159979573,64.46298217773438,4426000,0.0,0.0
2023-03-14 00:00:00-04:00,65.2107412383693,66.62564224074296,65.2107412383693,65.75252532958984,3536800,0.0,0.0
2023-03-15 00:00:00-04:00,65.31819970796018,66.052514240922,64.78089072545896,65.53311920166016,2931800,0.0,0.0
2023-03-16 00:00:00-04:00,65.21074514250884,66.62116432710754,65.07641787917363,66.5763931274414,3102400,0.0,0.0
2023-03-17 00:00:00-04:00,66.22267030699106,66.27192341350558,65.00478152060406,65.07642364501953,7999600,0.0,0.0
2023-03-20 00:00:00-04:00,65.26894891377194,66.28086811311813,65.22417088626206,66.04803466796875,4174600,0.0,0.0
2023-03-21 00:00:00-04:00,66.44073190624084,66.55809195134756,64.44556981304179,65.71849822998047,5341000,0.595,0.0
2023-03-22 00:00:00-04:00,65.26714039455713,65.59666339573975,64.0935186241355,64.09803009033203,3048800,0.0,0.0
2023-03-23 00:00:00-04:00,63.854256443921855,64.30113250289607,62.54520851870075,63.0552864074707,3620600,0.0,0.0
2023-03-24 00:00:00-04:00,63.1049351880864,64.51779490233301,62.992086594004604,64.45008850097656,2356200,0.0,0.0
2023-03-27 00:00:00-04:00,65.11364749640416,65.57407175042043,64.65774159490385,65.14524841308594,2164800,0.0,0.0
2023-03-28 00:00:00-04:00,65.01886651813025,66.15638268762058,64.8924765979351,65.65533447265625,1447200,0.0,0.0
2023-03-29 00:00:00-04:00,66.14734868495486,67.24875239505803,66.14734868495486,67.00951385498047,2311200,0.0,0.0
2023-03-30 00:00:00-04:00,67.3570789958464,68.10639542050396,67.12235195810483,67.51055145263672,2204200,0.0,0.0
2023-03-31 00:00:00-04:00,67.69562757760805,68.24632936869095,67.51958401408042,68.2327880859375,2644400,0.0,0.0
2023-04-03 00:00:00-04:00,68.09287294113614,68.35016426177503,67.41126273927762,67.51959991455078,3110000,0.0,0.0
2023-04-04 00:00:00-04:00,67.67756184255308,68.05222003634161,67.19908486110072,67.82652282714844,2079200,0.0,0.0
2023-04-05 00:00:00-04:00,68.16056487810157,69.58697305443431,68.16056487810157,69.12654876708984,2694000,0.0,0.0
2023-04-06 00:00:00-04:00,69.46961208276794,70.268582291145,69.44252951430322,70.11962127685547,2375400,0.0,0.0
2023-04-10 00:00:00-04:00,69.52377229994352,70.2505176104997,69.34772874708743,70.09703826904297,1415400,0.0,0.0
2023-04-11 00:00:00-04:00,69.90294803986747,70.10607417422816,69.39738843652837,69.8532943725586,2052200,0.0,0.0
2023-04-12 00:00:00-04:00,70.13767756839992,70.23246655350451,69.18974639095443,69.49217987060547,2138800,0.0,0.0
2023-04-13 00:00:00-04:00,69.18071166253178,70.1602368029123,68.50361998033698,69.85780334472656,1961200,0.0,0.0
2023-04-14 00:00:00-04:00,69.46057705849118,69.78106324650425,68.89181566882071,69.07688903808594,1878400,0.0,0.0
2023-04-17 00:00:00-04:00,69.28003855871917,69.96616025234009,68.97309354888608,69.9571304321289,2200800,0.0,0.0
2023-04-18 00:00:00-04:00,69.77206159122305,70.55748373037252,69.77206159122305,70.42658233642578,4150800,0.0,0.0
2023-04-19 00:00:00-04:00,70.62067496180809,71.78527371071098,70.5574800012196,71.31582641601562,3567000,0.0,0.0
2023-04-20 00:00:00-04:00,71.3699809920132,71.71303831474756,70.45365075526065,70.84185028076172,2961400,0.0,0.0
2023-04-21 00:00:00-04:00,71.3158165403437,71.37449313922137,70.30469042321243,70.77865600585938,1571200,0.0,0.0
2023-04-24 00:00:00-04:00,70.9817926572796,71.27971471194982,70.58005178515793,71.25263214111328,1491000,0.0,0.0
2023-04-25 00:00:00-04:00,71.18943062751148,71.66338934899514,71.04498107936647,71.3113021850586,1236000,0.0,0.0
2023-04-26 00:00:00-04:00,70.75608537269144,71.29775737598837,69.29356476482984,69.66371154785156,2307000,0.0,0.0
2023-04-27 00:00:00-04:00,70.00675835479998,70.51232478459751,69.66370107807452,70.4581527709961,1874400,0.0,0.0
2023-04-28 00:00:00-04:00,70.408511046606,70.61615554386195,69.67725417246693,70.18733215332031,2625800,0.0,0.0
2023-05-01 00:00:00-04:00,70.04738426955214,71.58664092733154,69.92099438030017,70.62517547607422,2781000,0.0,0.0
2023-05-02 00:00:00-04:00,70.58005690434283,70.84637805386396,68.7157950822255,69.15364837646484,3231400,0.0,0.0
2023-05-03 00:00:00-04:00,69.63210948105956,69.81267140434028,68.72932052785532,68.8918228149414,4046000,0.0,0.0
2023-05-04 00:00:00-04:00,69.54635554106387,70.00226151709931,68.88280505958905,69.2845458984375,3188200,0.0,0.0
2023-05-05 00:00:00-04:00,69.06334672761909,70.27759882767779,68.83764951609092,69.93002319335938,2587400,0.0,0.0
2023-05-08 00:00:00-04:00,69.83976605435494,70.50331660078413,69.75851145288692,69.93455505371094,1858000,0.0,0.0
2023-05-09 00:00:00-04:00,69.88940701261384,70.50330377080144,69.6366272100189,70.28663635253906,2908000,0.0,0.0
2023-05-10 00:00:00-04:00,70.88247682460685,71.04949058327166,69.7539905898806,70.23246765136719,1907600,0.0,0.0
2023-05-11 00:00:00-04:00,70.25956232019351,70.4310944614906,68.86927310075819,69.28003692626953,2311200,0.0,0.0
2023-05-12 00:00:00-04:00,69.69530781239246,69.96163580118137,68.88280322528986,69.19425964355469,1779000,0.0,0.0
2023-05-15 00:00:00-04:00,69.36578062712496,69.39286319065178,67.66854006469822,67.94840240478516,1882800,0.0,0.0
2023-05-16 00:00:00-04:00,67.90328966012012,67.90328966012012,65.65083490519487,65.67791748046875,3192400,0.0,0.0
2023-05-17 00:00:00-04:00,65.81332010446,66.30082699563182,65.31227192917787,66.26922607421875,3392000,0.0,0.0
2023-05-18 00:00:00-04:00,65.86747968094217,66.59873651210681,65.76366088228208,66.4046401977539,3224800,0.0,0.0
2023-05-19 00:00:00-04:00,66.72965001723253,67.23972800826182,65.8042899111399,65.82234954833984,2048000,0.0,0.0
2023-05-22 00:00:00-04:00,65.85394646329534,66.37756576126894,65.51540057218489,65.93971252441406,1730800,0.0,0.0
2023-05-23 00:00:00-04:00,65.81332057141604,66.53554765077995,65.57859349894932,66.1292953491211,1648000,0.0,0.0
2023-05-24 00:00:00-04:00,65.79977752321518,66.21957109782637,65.68241054626147,65.77720642089844,2095200,0.0,0.0
2023-05-25 00:00:00-04:00,65.84039709328985,65.89456222514109,64.54940864488289,64.81121826171875,2064000,0.0,0.0
2023-05-26 00:00:00-04:00,64.76607720031863,64.93760930451153,64.05287310487766,64.93309783935547,2874800,0.0,0.0
2023-05-30 00:00:00-04:00,64.98275572432149,65.55151031888363,64.52684286784852,64.89247131347656,3289400,0.0,0.0
2023-05-31 00:00:00-04:00,65.02336991871356,65.35288592860768,64.11606269371127,64.78864288330078,6058800,0.0,0.0
2023-06-01 00:00:00-04:00,65.04143028721693,65.17685001150578,64.45913442682817,65.0820541381836,3820200,0.0,0.0
2023-06-02 00:00:00-04:00,64.90150451307939,65.44317656769924,64.33726135457249,65.25811004638672,2500000,0.0,0.0
2023-06-05 00:00:00-04:00,65.32581706146895,66.56715202141739,65.19490879037976,65.45671844482422,1641600,0.0,0.0
2023-06-06 00:00:00-04:00,65.52893047768565,66.016437302757,64.94663467669444,65.48379516601562,1832400,0.0,0.0
2023-06-07 00:00:00-04:00,65.58761691105697,67.08624294795791,65.0504563975615,66.90117645263672,1766000,0.0,0.0
2023-06-08 00:00:00-04:00,67.21715317921122,67.49701555069379,66.62130916384861,67.29840087890625,1659000,0.0,0.0
2023-06-09 00:00:00-04:00,67.43833638405259,67.46542584008577,66.46784095206995,66.67096710205078,2092200,0.0,0.0
2023-06-12 00:00:00-04:00,66.80188667048557,66.93729953489925,66.20153104989092,66.4317398071289,1523800,0.0,0.0
2023-06-13 00:00:00-04:00,65.94421277950424,66.72061177548146,65.76816922156362,66.17893981933594,1679800,0.0,0.0
2023-06-14 00:00:00-04:00,66.24665471418061,67.16750335650678,66.1834597593334,66.48589324951172,1660800,0.0,0.0
2023-06-15 00:00:00-04:00,66.75222188710187,67.29389391785669,66.48589389334276,67.07270812988281,1928800,0.0,0.0
2023-06-16 00:00:00-04:00,67.33000157789456,67.70014146595938,66.8695772845979,66.89665985107422,4520200,0.0,0.0
2023-06-20 00:00:00-04:00,66.69804088878867,67.12235277024028,66.1112336189336,66.54907989501953,1744200,0.0,0.0
2023-06-21 00:00:00-04:00,66.31887748498886,67.09978802224796,65.72304034124126,67.0320816040039,1384800,0.0,0.0
2023-06-22 00:00:00-04:00,67.19456684707754,67.25325031982221,65.87197774849693,66.1383056640625,2126800,0.0,0.0
2023-06-23 00:00:00-04:00,66.233116084236,66.63937528544794,64.73448985734873,64.8879623413086,3150800,0.0,0.0
2023-06-26 00:00:00-04:00,65.10462902501327,66.07964283129496,64.901502870638,65.9261703491211,2020200,0.0,0.0
2023-06-27 00:00:00-04:00,66.05706094824477,66.14733845904226,65.4928178960948,66.02546691894531,2336000,0.0,0.0
2023-06-28 00:00:00-04:00,66.05255917801533,66.05255917801533,65.0865752064654,65.5108871459961,2245400,0.0,0.0
2023-06-29 00:00:00-04:00,65.14976232224944,65.99838609919135,65.00531279096879,65.40254211425781,1741200,0.0,0.0
2023-06-30 00:00:00-04:00,65.59210836979453,65.9848192291058,65.16779660157137,65.71849822998047,2283400,0.0,0.0
2023-07-03 00:00:00-04:00,65.61385372111182,66.41030406078228,65.52283221404865,66.07351684570312,606600,0.595,0.0
2023-07-05 00:00:00-04:00,65.7685805311901,67.26591082085918,65.54102332742839,66.54682922363281,2757600,0.0,0.0
2023-07-06 00:00:00-04:00,65.859606756667,65.859606756667,65.04039946173562,65.63204956054688,4226000,0.0,0.0
2023-07-07 00:00:00-04:00,65.34987641969788,66.15088222521655,65.21789629646752,65.59564208984375,2222400,0.0,0.0
2023-07-10 00:00:00-04:00,65.45910327427029,65.78678618926439,64.87655741305733,65.74127197265625,2271400,0.0,0.0
2023-07-11 00:00:00-04:00,65.99158113409749,66.91091407090666,65.82319104585542,66.87450408935547,2445800,0.0,0.0
2023-07-12 00:00:00-04:00,67.3705845148337,67.79839316473667,67.01559583608328,67.68916320800781,2507600,0.0,0.0
2023-07-13 00:00:00-04:00,67.73922686052364,68.07146537859842,67.41154393100824,68.06690979003906,2521800,0.0,0.0
2023-07-14 00:00:00-04:00,67.91217098669128,68.00774112130023,67.35238222192652,67.55718231201172,1608400,0.0,0.0
2023-07-17 00:00:00-04:00,67.39333178157297,67.4433946363672,66.48310310858224,66.50130462646484,1544800,0.0,0.0
2023-07-18 00:00:00-04:00,66.3966514930013,67.1111845630111,65.54103404470827,66.01890563964844,1513400,0.0,0.0
2023-07-19 00:00:00-04:00,66.03710928837454,66.89271972972819,66.03710928837454,66.68791961669922,2086800,0.0,0.0
2023-07-20 00:00:00-04:00,67.08385483906733,68.26715496967263,66.85174901218832,68.08966064453125,1616200,0.0,0.0
2023-07-21 00:00:00-04:00,68.26717454550891,69.13188931195357,68.12153457312036,68.754150390625,1962800,0.0,0.0
2023-07-24 00:00:00-04:00,68.81330245924144,69.15919388073289,68.34908378247387,68.8360595703125,1319600,0.0,0.0
2023-07-25 00:00:00-04:00,68.80421605075513,69.12735044488869,68.4628801297465,68.90889739990234,1430200,0.0,0.0
2023-07-26 00:00:00-04:00,68.86336722370444,69.62796312089394,68.72228285346893,69.1546401977539,1206800,0.0,0.0
2023-07-27 00:00:00-04:00,68.94529480349391,69.13188646174167,67.62091000523452,67.97589874267578,2021200,0.0,0.0
2023-07-28 00:00:00-04:00,68.40824858265745,68.55843717728317,67.47981820482894,67.9485855102539,1740400,0.0,0.0
2023-07-31 00:00:00-04:00,68.33087765344712,68.43555202392251,67.52077455430054,67.82115173339844,2419800,0.0,0.0
2023-08-01 00:00:00-04:00,67.75287911974749,68.2444035095411,67.0064917747634,67.01104736328125,2057600,0.0,0.0
2023-08-02 00:00:00-04:00,66.82444984631272,67.27046002494015,66.39209254446507,66.8426513671875,2098600,0.0,0.0
2023-08-03 00:00:00-04:00,67.55263400160221,67.55263400160221,64.79919715420375,65.22245025634766,2996200,0.0,0.0
2023-08-04 00:00:00-04:00,65.22243478079022,65.85049479055758,64.33496320904962,64.59893035888672,2693800,0.0,0.0
2023-08-07 00:00:00-04:00,65.0859086393913,65.5546759215605,64.77188553292915,64.80828857421875,2619800,0.0,0.0
2023-08-08 00:00:00-04:00,64.62625144219037,65.24520736758552,64.12562277293864,65.22245025634766,2063800,0.0,0.0
2023-08-09 00:00:00-04:00,65.10413005671529,66.80170518272793,65.02676142571698,65.44091033935547,3170800,0.0,0.0
2023-08-10 00:00:00-04:00,65.60929423934044,66.05985305545578,64.81284403122336,65.08135986328125,1988800,0.0,0.0
2023-08-11 00:00:00-04:00,65.06771768912306,65.74128517431852,64.81740333650102,65.6957778930664,2000000,0.0,0.0
2023-08-14 00:00:00-04:00,65.5501430865778,65.5501430865778,64.55799677652942,64.86292266845703,2436000,0.0,0.0
2023-08-15 00:00:00-04:00,64.50793022909899,64.83105762766287,63.711479872630164,63.734230041503906,2348400,0.0,0.0
2023-08-16 00:00:00-04:00,63.734214403435715,64.59438029958864,63.60678293322745,64.30766296386719,2538200,0.0,0.0
2023-08-17 00:00:00-04:00,64.53522743151294,65.55923489692819,64.46695610045488,64.49881744384766,2272000,0.0,0.0
2023-08-18 00:00:00-04:00,64.23939743675078,64.7809847062498,64.09831307803994,64.36682891845703,2665200,0.0,0.0
2023-08-21 00:00:00-04:00,64.3713906694384,64.95848527032409,63.948130608291955,64.72637939453125,2071400,0.0,0.0
2023-08-22 00:00:00-04:00,64.8447193001615,65.10868657315497,64.1802559444339,64.89933776855469,2515400,0.0,2.0
2023-08-23 00:00:00-04:00,65.34532661994946,65.50916808231749,64.29856210729233,65.40904235839844,2211000,0.0,0.0
2023-08-24 00:00:00-04:00,65.29980597545267,66.17362470725298,64.41688301205717,64.42598724365234,1801400,0.0,0.0
2023-08-25 00:00:00-04:00,64.61714092821974,65.5546754863337,64.5716336546625,65.13597106933594,1762800,0.0,0.0
2023-08-28 00:00:00-04:00,65.22699950543975,65.60929393689491,64.9266223330844,65.13597106933594,1600500,0.0,0.0
2023-08-29 00:00:00-04:00,65.29982009945938,65.61839882925797,64.80829565441495,65.27251434326172,1777400,0.0,0.0
2023-08-30 00:00:00-04:00,65.09046997794101,65.37263871207756,64.24395683103607,64.48971557617188,1938700,0.0,0.0
2023-08-31 00:00:00-04:00,64.71727396335467,64.99944964706305,63.85255927864032,63.91627502441406,3408400,0.0,0.0
2023-09-01 00:00:00-04:00,64.38049233053933,64.54433380822714,63.27001197559916,63.770633697509766,1804000,0.0,0.0
2023-09-05 00:00:00-04:00,63.634103538292926,63.788840779278786,62.59643623913529,62.98783493041992,2471300,0.0,0.0
2023-09-06 00:00:00-04:00,63.13348096891699,63.46116394876744,62.69656801428446,63.36103820800781,2018300,0.0,0.0
2023-09-07 00:00:00-04:00,63.71603059683933,64.66266959904621,63.35193760452958,64.13473510742188,2167100,0.0,0.0
2023-09-08 00:00:00-04:00,64.25305116782455,65.13597426316456,64.08011240863584,64.85380554199219,2386700,0.0,0.0
2023-09-11 00:00:00-04:00,64.97212559489363,65.3726284666381,64.64444268973801,64.77188110351562,1368300,0.0,0.0
2023-09-12 00:00:00-04:00,64.80828880826105,65.21789594144283,64.53522433063462,64.89021301269531,1939200,0.0,0.0
2023-09-13 00:00:00-04:00,65.19968637937534,65.89146221114835,65.09956065591498,65.46365356445312,1750000,0.0,0.0
2023-09-14 00:00:00-04:00,65.91878342407469,66.9837497021095,65.80045615245847,66.92913818359375,2009500,0.0,0.0
2023-09-15 00:00:00-04:00,66.69246459333604,67.22950322443876,66.49222008028408,66.53772735595703,4171400,0.0,0.0
2023-09-18 00:00:00-04:00,66.6378477791768,67.0474548945913,66.00069041452461,66.91091918945312,1834500,0.0,0.0
2023-09-19 00:00:00-04:00,66.92000579833984,67.47524581800282,66.79257434574441,66.92000579833984,2665900,0.0,0.0
2023-09-20 00:00:00-04:00,67.16578234633782,67.83024546520637,66.70156372520734,66.74707794189453,2537200,0.0,0.0
2023-09-21 00:00:00-04:00,66.61965323044556,66.94733617926866,65.48186714272512,65.50006866455078,2501100,0.0,0.0
2023-09-22 00:00:00-04:00,65.20880102929782,65.85506274656203,65.01765378428973,65.37264251708984,2472000,0.0,0.0
2023-09-25 00:00:00-04:00,64.70816787552755,65.2816165155538,64.58984062090869,65.22700500488281,2062400,0.0,0.0
2023-09-26 00:00:00-04:00,64.80938399062582,65.21324019987969,63.33164504600783,63.533573150634766,3897400,0.595,0.0
2023-09-27 00:00:00-04:00,63.57946042052515,64.4973103339319,63.386712779026425,63.70796585083008,3325300,0.0,0.0
2023-09-28 00:00:00-04:00,63.95577910488153,64.0292087749807,62.10172545202928,62.20268249511719,2956500,0.0,0.0
2023-09-29 00:00:00-04:00,62.80847133057329,63.08382911212206,61.899801855685176,62.44132995605469,3318700,0.0,0.0
2023-10-02 00:00:00-04:00,61.94568600624305,62.20268285041937,59.42159885393603,59.908058166503906,4521900,0.0,0.0
2023-10-03 00:00:00-04:00,59.27475252235102,61.202236051640504,58.512935369456386,60.89016342163086,4235500,0.0,0.0
2023-10-04 00:00:00-04:00,61.220583478173914,61.39497719417654,59.871350052587374,61.027835845947266,3304100,0.0,0.0
2023-10-05 00:00:00-04:00,60.79837950668429,61.22058964878022,60.17424125257739,60.807559967041016,2532200,0.0,0.0
2023-10-06 00:00:00-04:00,60.009027473038806,61.92733751831826,59.00857438442124,61.615264892578125,3284400,0.0,0.0
2023-10-09 00:00:00-04:00,61.60607724312827,62.89106128063438,61.32153906113379,62.87270736694336,2369000,0.0,0.0
2023-10-10 00:00:00-04:00,62.8727181377912,63.22149857877343,62.44132756445273,62.91861343383789,2961800,0.0,0.0
2023-10-11 00:00:00-04:00,63.17561473616153,63.74467723245318,62.65244053651045,63.579463958740234,3241400,0.0,0.0
2023-10-12 00:00:00-04:00,63.47850532528435,63.808924861847586,62.26693667978208,62.83600616455078,2902500,0.0,0.0
2023-10-13 00:00:00-04:00,63.34081951203574,63.79056397355655,62.77175008945125,63.7813835144043,2421300,0.0,0.0
2023-10-16 00:00:00-04:00,64.03837685126241,65.32336795947806,63.7263112835188,65.08473205566406,3163600,0.0,0.0
2023-10-17 00:00:00-04:00,64.76347884313309,65.36926306487878,64.35044923931603,64.77265930175781,2771400,0.0,0.0
2023-10-18 00:00:00-04:00,64.59827966698072,64.98378198414076,63.80892811669252,64.63499450683594,2075700,0.0,0.0
2023-10-19 00:00:00-04:00,64.54320141957649,64.83691309259805,63.63453202532832,63.83646011352539,2703300,0.0,0.0
2023-10-20 00:00:00-04:00,63.974136121143225,64.35963840652518,62.891072943933004,62.92778778076172,3342200,0.0,0.0
2023-10-23 00:00:00-04:00,62.487228605073845,63.60700670622206,62.25776610902346,62.54229736328125,2440700,0.0,0.0
2023-10-24 00:00:00-04:00,63.14807271071416,64.25867019293658,63.04710866663588,64.04756164550781,2947000,0.0,0.0
2023-10-25 00:00:00-04:00,63.78138700117849,64.68088297603194,63.689603412554,64.40552520751953,2380400,0.0,0.0
2023-10-26 00:00:00-04:00,64.69007579532303,65.69970946837013,64.45143281719325,64.9837875366211,1973100,0.0,0.0
2023-10-27 00:00:00-04:00,64.56155510121133,64.94705736029715,63.71713491966831,63.99249267578125,1939400,0.0,0.0
2023-10-30 00:00:00-04:00,64.37798731180699,64.96541065005744,63.4509570113086,63.7813835144043,2552200,0.0,0.0
2023-10-31 00:00:00-04:00,64.19442781050535,64.35046062153393,63.51521380489968,64.27703094482422,2482300,0.0,0.0
2023-11-01 00:00:00-04:00,64.59828206980782,65.57120785556155,63.76304219061239,64.9378890991211,2470900,0.0,0.0
2023-11-02 00:00:00-04:00,65.11228192038479,66.5900209960183,64.67171083462529,66.15863037109375,3497000,0.0,0.0
2023-11-03 00:00:00-04:00,67.51703830482748,68.32475072126631,66.38808681750749,66.40644073486328,4039600,0.0,0.0
2023-11-06 00:00:00-05:00,66.54411367458636,66.74604176064176,65.61708337162229,65.97504425048828,2111000,0.0,0.0
2023-11-07 00:00:00-05:00,66.14024676164476,66.2044959601706,65.34172200891467,65.53446960449219,2115900,0.0,0.0
2023-11-08 00:00:00-05:00,64.24948737131278,64.81855678040851,64.02920537534989,64.73594665527344,7950700,0.0,0.0
2023-11-09 00:00:00-05:00,64.92869524638958,65.10308895555951,63.76302903926874,63.85481262207031,3459800,0.0,0.0
2023-11-10 00:00:00-05:00,64.10262903812941,64.66251799701791,63.53356662280165,64.56155395507812,3468200,0.0,0.0
2023-11-13 00:00:00-05:00,64.36881684163023,64.47896136063426,63.71714419346229,64.26785278320312,5455000,0.0,0.0
2023-11-14 00:00:00-05:00,65.60791498203962,66.70015161870676,65.26830799266025,66.63590240478516,5079900,0.0,0.0
2023-11-15 00:00:00-05:00,66.60837691553134,67.32429882408229,65.929169848783,66.06684875488281,4599700,0.0,0.0
2023-11-16 00:00:00-05:00,66.59920548582156,66.92045864449904,66.1586413297261,66.25960540771484,4471600,0.0,0.0
2023-11-17 00:00:00-05:00,66.61754131183129,66.65425614478013,66.00258361587449,66.3238296508789,1844800,0.0,0.0
2023-11-20 00:00:00-05:00,66.07600984623105,66.61754490816317,65.29583886120629,66.47986602783203,3201400,0.0,0.0
2023-11-21 00:00:00-05:00,66.61755070292034,66.92961632301991,66.25958978450527,66.88372802734375,3539800,0.0,0.0
2023-11-22 00:00:00-05:00,67.10400160883542,67.26003439924946,66.54411265251355,67.1131820678711,2930500,0.0,0.0
2023-11-24 00:00:00-05:00,66.98468458629442,67.71896025870562,66.89289399993427,67.61799621582031,1835200,0.0,0.0
2023-11-27 00:00:00-05:00,67.65470656537057,67.79238543314624,67.27839179626442,67.66388702392578,3856300,0.0,0.0
2023-11-28 00:00:00-05:00,67.79238107980892,68.48076837184382,67.41605933223042,67.48030853271484,7088700,0.0,0.0
2023-11-29 00:00:00-05:00,67.65470584893185,67.97595186858112,66.8011052809278,66.95713806152344,2648900,0.0,0.0
2023-11-30 00:00:00-05:00,67.24168894575884,67.41607567355122,66.34219291830597,66.88372802734375,11122100,0.0,0.0
2023-12-01 00:00:00-05:00,66.93880618079632,67.26005230618684,66.59002567360668,67.1866226196289,3142100,0.0,0.0
2023-12-04 00:00:00-05:00,66.78276313312371,67.4344357456986,66.69097954028655,66.82865142822266,3511900,0.0,0.0
2023-12-05 00:00:00-05:00,66.6944575728996,66.91655452600827,65.6209830825953,65.63948822021484,2806800,0.595,0.0
2023-12-06 00:00:00-05:00,66.14848219281708,67.6291406371856,66.12071388982635,67.60137939453125,4002100,0.0,0.0
2023-12-07 00:00:00-05:00,67.68464185065793,68.10107448027007,67.31447559081705,67.59210205078125,3158300,0.0,0.0
2023-12-08 00:00:00-05:00,67.7586884900612,67.86048440601675,66.83327620707284,66.98133850097656,2521700,0.0,0.0
2023-12-11 00:00:00-05:00,66.79625271857783,68.48975873500582,66.69445681199464,68.42498016357422,5282700,0.0,0.0
2023-12-12 00:00:00-05:00,69.25786163470102,69.25786163470102,68.21214814920755,68.34170532226562,3231600,0.0,0.0
2023-12-13 00:00:00-05:00,68.40647316307806,70.8865783239852,68.09183638088682,70.78478240966797,3509900,0.0,0.0
2023-12-14 00:00:00-05:00,71.24749845181036,71.98783119337523,70.41462588263394,70.77554321289062,6495300,0.0,0.0
2023-12-15 00:00:00-05:00,70.28506703827681,70.720011984064,68.92471677807376,69.6095199584961,8523500,0.0,0.0
2023-12-18 00:00:00-05:00,69.9056435553651,70.2017751986414,69.10053234067553,69.22084045410156,2763800,0.0,0.0
2023-12-19 00:00:00-05:00,69.44293927497463,69.78534436491319,69.09128514555283,69.40592193603516,2891700,0.0,0.0
2023-12-20 00:00:00-05:00,69.26710840239696,69.47995633536175,67.62913175782096,67.68465423583984,3973000,0.0,0.0
2023-12-21 00:00:00-05:00,67.82346749122249,68.47125326922759,67.49031850243831,67.68465423583984,2570400,0.0,0.0
2023-12-22 00:00:00-05:00,68.13810990562119,68.57305484690406,67.82347309042527,68.20288848876953,1843600,0.0,0.0
2023-12-26 00:00:00-05:00,68.1381027176946,69.22084043657829,68.11034147932186,68.90619659423828,2267100,0.0,0.0
2023-12-27 00:00:00-05:00,68.74887489101896,69.13754633018223,68.37870858976754,68.61006164550781,2038400,0.0,0.0
2023-12-28 00:00:00-05:00,68.48050800509158,69.13754986979208,68.48050800509158,69.10053253173828,1234900,0.0,0.0
2023-12-29 00:00:00-05:00,68.93396285071056,69.2486067159553,68.70260976698252,69.15606689453125,1736500,0.0,0.0
2024-01-02 00:00:00-05:00,68.96171802127064,70.54417918778172,68.70260371995555,70.16475677490234,2714200,0.0,0.0
2024-01-03 00:00:00-05:00,70.4053623733188,70.45162874744837,69.70204711940194,70.34058380126953,2409000,0.0,0.0
2024-01-04 00:00:00-05:00,70.58118705289954,71.09016659904343,70.25729418732385,70.2943115234375,1944500,0.0,0.0
2024-01-05 00:00:00-05:00,70.1740400389015,71.10870169326466,69.92417467995608,70.72928619384766,3297900,0.0,0.0
2024-01-08 00:00:00-05:00,70.53493102418155,71.31227401558505,70.30357793478726,71.21973419189453,2392100,0.0,0.0
2024-01-09 00:00:00-05:00,70.8495710471841,71.09943634884016,70.5071729779806,70.65523529052734,2116600,0.0,0.0
2024-01-10 00:00:00-05:00,70.5627045708523,70.7662964546779,70.17403300736919,70.45165252685547,1666900,0.0,0.0
2024-01-11 00:00:00-05:00,70.58120602103803,70.6367355702991,68.96173419760449,69.25786590576172,2442500,0.0,0.0
2024-01-12 00:00:00-05:00,69.81310822502626,70.03520520666582,69.33188986108217,69.78534698486328,3123200,0.0,0.0
2024-01-16 00:00:00-05:00,69.31338025126584,69.68354657035131,68.72111696486319,68.90619659423828,2748700,0.0,0.0
2024-01-17 00:00:00-05:00,68.40648111521888,69.45220161834374,67.78645651799908,68.08258819580078,3848500,0.0,0.0
2024-01-18 00:00:00-05:00,67.67538550225446,68.01779052689926,67.19417430847511,67.74942016601562,3561800,0.0,0.0
2024-01-19 00:00:00-05:00,67.92527205511283,67.92527205511283,67.03687699203543,67.44405364990234,2635500,0.0,0.0
2024-01-22 00:00:00-05:00,67.47182125349273,67.64764480789214,65.96339452778402,66.35206604003906,3352200,0.0,0.0
2024-01-23 00:00:00-05:00,66.37056732177734,66.56490304593069,65.81532138700562,66.37056732177734,2494300,0.0,0.0
2024-01-24 00:00:00-05:00,66.83328951075319,66.83328951075319,64.72335021519376,64.88066864013672,3516000,0.0,0.0
2024-01-25 00:00:00-05:00,65.17678785658644,65.68576744013842,64.79736542878669,65.45441436767578,3222500,0.0,0.0
2024-01-26 00:00:00-05:00,65.57471350120643,66.04667573208779,65.19529108453007,65.62098693847656,3917500,0.0,0.0
2024-01-29 00:00:00-05:00,65.60248407793462,66.42610054417074,65.08425539634864,66.15773010253906,3031700,0.0,0.0
2024-01-30 00:00:00-05:00,66.00040878804884,66.74074149519458,65.64875463533939,66.56491088867188,3010700,0.0,0.0
2024-01-31 00:00:00-05:00,67.18494106681646,67.51809010674528,66.13922756168998,66.2225112915039,3525100,0.0,0.0
2024-02-01 00:00:00-05:00,66.07443631751264,66.9720873331366,65.50993427800344,66.95357513427734,2394100,0.0,0.0
2024-02-02 00:00:00-05:00,66.22250511449094,66.70372348742906,65.06573968384187,66.01891326904297,2372300,0.0,0.0
2024-02-05 00:00:00-05:00,65.45440721873084,65.55619606398837,64.68631340756576,64.82512664794922,2268200,0.0,0.0
2024-02-06 00:00:00-05:00,64.64931015167048,64.98245917700788,64.39019581203833,64.55677032470703,2622600,0.0,0.0
2024-02-07 00:00:00-05:00,64.85288788395897,64.99170112434244,64.40868692679884,64.82512664794922,2036900,0.0,0.0
2024-02-08 00:00:00-05:00,64.59378043207853,64.80662130421945,64.01076617287639,64.63079071044922,1798600,0.0,0.0
2024-02-09 00:00:00-05:00,64.36242763895136,64.80662158467625,64.11256236668757,64.47347259521484,1632800,0.0,0.0
2024-02-12 00:00:00-05:00,64.5197530259398,65.65800631300681,64.3901958560352,65.41740417480469,2586800,0.0,0.0
2024-02-13 00:00:00-05:00,65.130518869925,65.36187195820166,63.3074624649871,64.1773452758789,3123300,0.0,0.0
2024-02-14 00:00:00-05:00,64.31615399646385,64.5845244071426,63.9737489082871,64.27913665771484,2584300,0.0,0.0
2024-02-15 00:00:00-05:00,64.5012368280259,65.57471852396706,64.39944090650265,65.24156951904297,2737200,0.0,0.0
2024-02-16 00:00:00-05:00,65.05649151668732,65.63949875983562,64.53825579577507,65.23231506347656,2274400,0.0,0.0
2024-02-20 00:00:00-05:00,65.16754436153485,66.21326496994448,64.97320859031797,65.3896484375,3123600,0.0,0.0
2024-02-21 00:00:00-05:00,65.6302445294938,66.70372628308868,65.29709550667718,66.5926742553711,2562700,0.0,0.0
2024-02-22 00:00:00-05:00,66.02817322960954,66.3890835002452,65.43590985931839,66.00041198730469,2128700,0.0,0.0
2024-02-23 00:00:00-05:00,66.07445151686686,66.9258292915235,65.82458619713572,66.60193634033203,3357700,0.0,0.0
2024-02-26 00:00:00-05:00,66.18548192322767,66.37982471149402,65.33410433600521,65.62098693847656,3183800,0.0,0.0
2024-02-27 00:00:00-05:00,66.19473337578214,66.2410068098038,65.06572936486712,65.7597885131836,2635400,0.0,0.0
2024-02-28 00:00:00-05:00,65.56546213600839,66.20399890270006,65.29709171320083,65.39888763427734,3359200,0.0,0.0
2024-02-29 00:00:00-05:00,65.77830745230689,65.80606869143114,65.16753195023153,65.3341064453125,4632300,0.0,0.0
2024-03-01 00:00:00-05:00,65.28784237012255,65.44516077093351,64.26988316408519,64.65856170654297,2801100,0.0,0.0
2024-03-04 00:00:00-05:00,64.27914212388586,65.49143006458084,64.26063698310543,65.46366882324219,2667700,0.0,0.0
2024-03-05 00:00:00-05:00,65.59322249499446,66.3983337526005,64.58452645830633,64.97319793701172,3710300,0.0,0.0
2024-03-06 00:00:00-05:00,65.41739770668431,65.84308651718621,65.08424871405926,65.37112426757812,3106500,0.0,0.0
2024-03-07 00:00:00-05:00,66.0374217645805,66.416837133171,65.05648699373455,65.3341064453125,3425200,0.0,0.0
2024-03-08 00:00:00-05:00,65.12126482489033,65.86159041427578,64.95469033171992,65.76905059814453,2744000,0.0,0.0
2024-03-11 00:00:00-04:00,65.6302600731365,67.15719227928993,65.6302600731365,67.13868713378906,3172800,0.0,0.0
2024-03-12 00:00:00-04:00,66.81476854830407,67.02761649440394,65.55620719308223,65.6672592163086,2564700,0.0,0.0
2024-03-13 00:00:00-04:00,66.07444534264253,66.54640763332648,65.46366978289436,65.53770446777344,3236600,0.0,0.0
2024-03-14 00:00:00-04:00,65.80606876913555,66.07443918154596,64.50123404607136,64.98245239257812,3027800,0.0,0.0
2024-03-15 00:00:00-04:00,64.83438283341633,65.28783993934479,64.32541030968329,64.78811645507812,7673100,0.0,0.0
2024-03-18 00:00:00-04:00,64.90841763795794,65.59322075758611,64.44571149165921,65.3341064453125,2277800,0.0,0.0
2024-03-19 00:00:00-04:00,65.51919614521026,65.8615941905614,65.10275635823922,65.78755950927734,2965200,0.0,0.0
2024-03-20 00:00:00-04:00,65.70354766006902,66.3290344407126,64.91002794658695,65.13407897949219,3166100,0.62,0.0
2024-03-21 00:00:00-04:00,65.12474391626155,65.79690408945247,65.04072033338599,65.27410888671875,2705000,0.0,0.0
2024-03-22 00:00:00-04:00,65.39548016074454,65.610193656563,64.95670850956692,65.13407897949219,2788300,0.0,0.0
2024-03-25 00:00:00-04:00,65.2460982630258,65.37679527280598,64.5552701938373,65.00337219238281,2910100,0.0,0.0
2024-03-26 00:00:00-04:00,65.0687316069805,65.14341766007789,64.30321736886734,64.63929748535156,2197000,0.0,0.0
2024-03-27 00:00:00-04:00,65.13407603514283,66.52507697758264,64.92870008569506,66.51573944091797,3600200,0.0,0.0
2024-03-28 00:00:00-04:00,66.70243483969605,67.21589242245963,66.3476868604381,67.05718994140625,2468800,0.0,0.0
2024-04-01 00:00:00-04:00,67.05719504376121,67.05719504376121,66.16098393129701,66.61842346191406,1874300,0.0,0.0
2024-04-02 00:00:00-04:00,66.64642944751336,67.45862411294193,66.64642944751336,67.02919006347656,2599300,0.0,0.0
2024-04-03 00:00:00-04:00,67.07586623771329,67.16922023098495,66.216998103689,66.25434112548828,2947600,0.0,0.0
2024-04-04 00:00:00-04:00,66.74912187646066,66.88915642376901,65.42347668984135,66.13297271728516,4810100,0.0,0.0
2024-04-05 00:00:00-04:00,65.73155174020779,66.03961919954902,65.20875656800918,65.83423614501953,2796400,0.0,0.0
2024-04-08 00:00:00-04:00,65.97426533991572,66.69310597243933,65.6568603704551,66.06761932373047,2767000,0.0,0.0
2024-04-09 00:00:00-04:00,66.34769901201186,66.9638482241758,66.0956425031425,66.91716766357422,4393400,0.0,0.0
2024-04-10 00:00:00-04:00,65.82491268808253,65.99295273932422,65.16209001997744,65.51683807373047,4192800,0.0,0.0
2024-04-11 00:00:00-04:00,65.81556321567577,65.9555977533911,64.2938726160487,64.64862060546875,3212500,0.0,0.0
2024-04-12 00:00:00-04:00,64.77932431378022,65.00337532384638,63.91111863701402,64.12583923339844,2263400,0.0,0.0
2024-04-15 00:00:00-04:00,64.51793536182893,64.70464336451009,63.13627192564558,63.584381103515625,3611700,0.0,0.0
2024-04-16 00:00:00-04:00,63.36965602139201,63.42567411620896,61.9879998050969,61.997337341308594,3486300,0.0,0.0
2024-04-17 00:00:00-04:00,62.426779241584484,63.62172761817548,62.268069595901196,63.425682067871094,2486200,0.0,0.0
2024-04-18 00:00:00-04:00,63.649726151755175,64.02314925924296,63.06158956511794,63.892452239990234,3472300,0.0,0.0
2024-04-19 00:00:00-04:00,64.09783197644522,65.49816321496112,64.0698193688144,65.42347717285156,3104500,0.0,0.0
2024-04-22 00:00:00-04:00,65.4234667160155,66.51572319809044,65.06871163392316,66.40369415283203,3330300,0.0,0.0
2024-04-23 00:00:00-04:00,66.3850382383334,67.1878954020678,66.03029021439734,66.76779174804688,2808600,0.0,0.0
2024-04-24 00:00:00-04:00,66.2263343419057,67.44928801144027,65.8342361819237,67.25324249267578,2366900,0.0,0.0
2024-04-25 00:00:00-04:00,67.21590305772509,67.44929161000886,66.28234884859002,67.19723510742188,2504500,0.0,0.0
2024-04-26 00:00:00-04:00,67.24390783184592,67.55198242698474,66.57174766879878,66.58108520507812,3161500,0.0,0.0
2024-04-29 00:00:00-04:00,66.91717140500053,67.5239831144811,66.90783386786742,67.47730255126953,2428100,0.0,0.0
2024-04-30 00:00:00-04:00,67.03852343585906,67.2345689591087,66.59042141770367,66.8704833984375,2310600,0.0,0.0
2024-05-01 00:00:00-04:00,66.65576187739764,67.83204199732383,66.599743790052,67.1692123413086,3088200,0.0,0.0
2024-05-02 00:00:00-04:00,67.52397892297324,68.05610454726553,67.18789883158301,68.0280990600586,2620500,0.0,0.0
2024-05-03 00:00:00-04:00,68.47620431701588,68.55089036804516,67.55198758350348,68.07477569580078,3451900,0.0,0.0
2024-05-06 00:00:00-04:00,68.08411385490606,68.32683996174221,67.77603923343564,67.87873077392578,2091900,0.0,0.0
2024-05-07 00:00:00-04:00,68.31748530683608,69.15768537193519,67.3839312617153,69.07366180419922,4318700,0.0,0.0
2024-05-08 00:00:00-04:00,68.69090432767115,70.34329175691227,68.42951034993372,70.23126983642578,4095700,0.0,0.0
2024-05-09 00:00:00-04:00,70.23129706500046,71.19285690838069,69.98857093908897,71.10883331298828,3377000,0.0,0.0
2024-05-10 00:00:00-04:00,71.27684526115657,72.22907431350632,70.85674881729452,72.05169677734375,7396300,0.0,0.0
2024-05-13 00:00:00-04:00,72.1450696237317,72.56517329994055,71.72497306997636,71.9957046508789,4346900,0.0,0.0
2024-05-14 00:00:00-04:00,72.56516907346527,72.7051965015923,71.47290527690271,71.53825378417969,2666900,0.0,0.0
2024-05-15 00:00:00-04:00,72.35044753639876,73.00393260064953,72.05171048953368,72.84523010253906,4054900,0.0,0.0
2024-05-16 00:00:00-04:00,72.845227700993,73.19064529353962,72.38778817109821,72.50914764404297,2734200,0.0,0.0
2024-05-17 00:00:00-04:00,72.65852425470398,73.09729586321977,72.25709566845052,72.9759292602539,2588900,0.0,0.0
2024-05-20 00:00:00-04:00,73.29334329994226,73.37735976038394,72.80789112032338,72.9012451171875,2553800,0.0,0.0
2024-05-21 00:00:00-04:00,72.89191387987852,73.59207953213092,72.68653081562528,73.1906509399414,3152600,0.0,0.0
2024-05-22 00:00:00-04:00,72.53715241003256,72.97592398684168,72.01436438104436,72.19174194335938,3590000,0.0,0.0
2024-05-23 00:00:00-04:00,71.86501083669175,71.91168427671828,70.81008995324754,70.81942749023438,2704100,0.0,0.0
2024-05-24 00:00:00-04:00,71.01546369075703,71.21150920696958,70.35264110095663,70.80074310302734,1870800,0.0,0.0
2024-05-28 00:00:00-04:00,70.56735935386743,71.27686254814394,70.23128639074002,70.35264587402344,4013200,0.0,0.0
2024-05-29 00:00:00-04:00,69.8485162713933,70.05389930944042,68.87761916945838,69.11100769042969,2660600,0.0,0.0
2024-05-30 00:00:00-04:00,69.35374579773438,69.68048835937992,68.86829360118642,69.47510528564453,2682900,0.0,0.0
2024-05-31 00:00:00-04:00,69.8111850841948,71.96769310424673,69.34440796314782,71.91168212890625,5316700,0.0,0.0
2024-06-03 00:00:00-04:00,71.82766616770192,72.36912221883442,71.1275004812399,71.61294555664062,2172400,0.0,0.0
2024-06-04 00:00:00-04:00,71.42621731738855,72.40644472721722,71.18349128723742,72.05169677734375,2758500,0.0,0.0
2024-06-05 00:00:00-04:00,71.79032257829294,71.82766560263825,71.02480838534821,71.39823150634766,2382900,0.0,0.0
2024-06-06 00:00:00-04:00,71.11816586274374,71.72497757373492,70.81009123866997,70.94078826904297,2174100,0.0,0.0
2024-06-07 00:00:00-04:00,70.24995232261531,70.81008340833822,70.10991777057129,70.32463836669922,3723500,0.0,0.0
2024-06-10 00:00:00-04:00,70.23127446148096,70.3899769409226,69.77382784786379,70.09123992919922,3684700,0.0,0.0
2024-06-11 00:00:00-04:00,69.68981439795004,70.81007645946002,69.54977985964817,70.64203643798828,2329800,0.0,0.0
2024-06-12 00:00:00-04:00,71.52893135778085,71.54759930946462,70.2873024584204,70.62338256835938,2516900,0.0,0.0
2024-06-13 00:00:00-04:00,70.71674018835206,71.24886586922763,69.83919684280298,71.08082580566406,2401500,0.0,0.0
2024-06-14 00:00:00-04:00,70.70738331172267,71.04346334692899,69.98854981125224,70.92210388183594,2666800,0.0,0.0
2024-06-17 00:00:00-04:00,70.54870055474304,70.88478068391838,69.79252382532567,69.86720275878906,2712300,0.0,0.0
2024-06-18 00:00:00-04:00,69.71782564531082,70.3339676933475,69.45643161751023,70.10991668701172,2443100,0.0,0.0
2024-06-20 00:00:00-04:00,70.01656674229012,70.82876148058394,69.85786423372977,70.46467590332031,1885300,0.0,0.0
2024-06-21 00:00:00-04:00,71.0434750678608,71.41689818219302,70.24061786490522,70.26862335205078,5265700,0.0,0.0
2024-06-24 00:00:00-04:00,70.48334272079887,71.6876285041003,70.37131365172897,71.3702163696289,2246700,0.0,0.0
2024-06-25 00:00:00-04:00,71.2582003915992,71.49158896320345,70.06325204457806,70.42733764648438,2964600,0.0,0.0
2024-06-26 00:00:00-04:00,69.91386589926068,71.22084306225673,69.5497803704732,71.05280303955078,3441000,0.0,0.0
2024-06-27 00:00:00-04:00,71.09045227959379,71.69283341032462,70.77984748941866,71.47635650634766,2450100,0.62,0.0
2024-06-28 00:00:00-04:00,71.7869577081871,72.13521223408017,71.0339848475654,71.58930206298828,4925600,0.0,0.0
2024-07-01 00:00:00-04:00,71.66460481781753,71.90932441978903,70.34689327459819,70.5633773803711,2799100,0.0,0.0
2024-07-02 00:00:00-04:00,70.62926883971238,71.00575891117973,70.49749839184143,70.75162506103516,1875300,0.0,0.0
2024-07-03 00:00:00-04:00,70.72338956234151,71.40107025479256,70.60103334101872,70.75162506103516,1261400,0.0,0.0
2024-07-05 00:00:00-04:00,70.72338977905463,71.73991082084606,70.35631393301064,71.65519714355469,4498100,0.0,0.0
2024-07-08 00:00:00-04:00,71.66460387571996,71.81520276139965,70.27160008793344,70.76103210449219,2356100,0.0,0.0
2024-07-09 00:00:00-04:00,70.79868712861257,71.70225896751634,70.6010314620665,71.13752746582031,2133600,0.0,0.0
2024-07-10 00:00:00-04:00,71.44811831666618,71.77754436307985,70.96809340277811,71.62694549560547,1925000,0.0,0.0
2024-07-11 00:00:00-04:00,71.8999076509286,72.75642263705826,71.78695848917909,72.50228881835938,2992900,0.0,0.0
2024-07-12 00:00:00-04:00,72.80348795959549,73.1987993007598,72.47406184195856,72.52112579345703,3282200,0.0,0.0
2024-07-15 00:00:00-04:00,72.07875526376559,72.50230213143669,71.37283903034626,71.55166625976562,3392400,0.0,0.0
2024-07-16 00:00:00-04:00,71.91872271162029,72.06931438496534,71.4292836161145,71.88107299804688,3730100,0.0,0.0
2024-07-17 00:00:00-04:00,72.0599130523355,73.82941400209393,71.86225740642736,73.1517333984375,3448200,0.0,0.0
2024-07-18 00:00:00-04:00,72.7093594928282,74.78945810657245,72.67170977182988,73.19879150390625,2804000,0.0,0.0
2024-07-19 00:00:00-04:00,73.60351841237181,73.60351841237181,72.68112536389499,73.01055145263672,1559500,0.0,0.0
2024-07-22 00:00:00-04:00,73.28350469414373,73.59410950464455,72.94466438831556,73.4058609008789,2137800,0.0,0.0
2024-07-23 00:00:00-04:00,73.1987906108781,73.65058007639603,72.97289946859412,73.16114807128906,2186300,0.0,0.0
2024-07-24 00:00:00-04:00,73.81998404584667,74.80826924573513,73.41525861496216,74.46942901611328,3032200,0.0,0.0
2024-07-25 00:00:00-04:00,74.9494662831266,75.80598130439091,73.44351330277476,73.48116302490234,4582100,0.0,0.0
2024-07-26 00:00:00-04:00,73.7258753905664,74.49767666603816,73.47174158639122,73.93294525146484,2530400,0.0,0.0
2024-07-29 00:00:00-04:00,74.11177238951078,74.82710267734372,73.70704689282302,74.60121154785156,2072000,0.0,0.0
2024-07-30 00:00:00-04:00,74.65769045808402,75.65538296842553,74.52592002015024,75.50479125976562,2043100,0.0,0.0
2024-07-31 00:00:00-04:00,75.55184265456411,75.73067702802173,74.81769107229567,75.35418701171875,2159400,0.0,0.0
2024-08-01 00:00:00-04:00,75.82479803865834,76.70954850334938,75.44831520180666,76.69072723388672,2033200,0.0,0.0
2024-08-02 00:00:00-04:00,77.91431124274753,78.76141199220797,76.08833931401612,76.93544006347656,2695400,0.0,0.0
2024-08-05 00:00:00-04:00,77.4907577654335,77.52840748226316,73.91411365705694,74.0741195678711,4775000,0.0,0.0
2024-08-06 00:00:00-04:00,73.8858942155032,74.638874353774,72.52112579345703,72.52112579345703,4744000,0.0,0.0
2024-08-07 00:00:00-04:00,73.02937051621147,73.54704519784119,72.49287456477248,72.7187728881836,4243500,0.0,0.0
2024-08-08 00:00:00-04:00,72.23875011003462,73.60351841237181,72.16345066662217,73.01055145263672,3444500,0.0,0.0
2024-08-09 00:00:00-04:00,73.56587261398413,73.91411995768284,72.53993749053286,73.80117797851562,2514500,0.0,0.0
2024-08-12 00:00:00-04:00,73.93295146973144,74.41296926296927,73.53763298342653,74.34708404541016,1972200,0.0,0.0
2024-08-13 00:00:00-04:00,74.60122564462714,74.80829554451886,73.60352587068981,73.89530944824219,2976900,0.0,0.0
2024-08-14 00:00:00-04:00,73.53763926116153,74.72358045941692,73.43410431316578,74.08354949951172,2659400,0.0,0.0
2024-08-15 00:00:00-04:00,73.74469481806277,75.12829141683919,73.62233862192754,74.99652099609375,2588000,0.0,0.0
2024-08-16 00:00:00-04:00,75.44830501425302,75.58948246853474,74.90239492120092,75.28829193115234,3244300,0.0,0.0
2024-08-19 00:00:00-04:00,75.29771949320143,76.15423449929266,75.27889822294618,76.11658477783203,2224000,0.0,0.0
2024-08-20 00:00:00-04:00,76.11658883834531,76.38012972167833,75.74009878460505,76.01305389404297,1737700,0.0,0.0
2024-08-21 00:00:00-04:00,76.14481622270587,76.5118920112304,75.93774635616388,76.2201156616211,1620100,0.0,0.0
2024-08-22 00:00:00-04:00,76.12599042032348,76.63425087925496,75.89068505124129,76.53071594238281,1878500,0.0,0.0
2024-08-23 00:00:00-04:00,76.80366652169396,77.03897187695708,76.38953397947655,76.61542510986328,1974600,0.0,0.0
2024-08-26 00:00:00-04:00,76.86015178236102,77.71665962046025,76.67190317220992,77.27428436279297,1756100,0.0,0.0
2024-08-27 00:00:00-04:00,77.13308535789902,77.54722504227396,76.39893386719719,76.85072326660156,2240600,0.0,0.0
2024-08-28 00:00:00-04:00,77.06720015183473,77.44369012118023,76.54011850332036,76.85072326660156,2830100,0.0,0.0
2024-08-29 00:00:00-04:00,76.92603707667831,76.96367961779549,75.51420481342625,76.82250213623047,1873900,0.0,0.0
2024-08-30 00:00:00-04:00,76.80366869434066,77.61311971381977,76.50247811832166,77.34957885742188,3181700,0.0,0.0
2024-09-03 00:00:00-04:00,77.18957200013729,78.23432836888608,76.68131156283116,77.77312469482422,1614900,0.0,0.0
2024-09-04 00:00:00-04:00,78.13078800935487,79.32613599078452,77.9613678753543,78.49786376953125,1745200,0.0,0.0
2024-09-05 00:00:00-04:00,79.26967001723786,79.26967001723786,77.93313730949781,78.20608520507812,1433400,0.0,0.0
2024-09-06 00:00:00-04:00,78.22492009644286,78.36610475881862,77.25546309225297,77.27428436279297,2115400,0.0,0.0
2024-09-09 00:00:00-04:00,77.49075764517713,78.1307884683897,77.22721680872769,78.06490325927734,2231100,0.0,0.0
2024-09-10 00:00:00-04:00,78.20608347042463,78.89317825899431,76.6342454399488,77.25545501708984,3041700,0.0,0.0
2024-09-11 00:00:00-04:00,77.03897865059398,77.07662837246036,75.73068133477518,76.58719635009766,3439600,0.0,0.0
2024-09-12 00:00:00-04:00,76.75661152980997,77.02015238483203,76.23893686390971,76.89778900146484,2331500,0.0,0.0
2024-09-13 00:00:00-04:00,77.11427607775434,78.18726798956162,76.56836589639275,78.09314727783203,2492900,0.0,0.0
2024-09-16 00:00:00-04:00,78.69553330562867,79.33556423821035,78.40375692697909,78.68611907958984,2390200,0.0,0.0
2024-09-17 00:00:00-04:00,78.91200613846296,79.09084051915814,78.50728779217398,79.01554107666016,2025300,0.0,0.0
2024-09-18 00:00:00-04:00,78.94964647007912,79.15671632184632,77.41545821163464,78.06490325927734,1942300,0.0,0.0
2024-09-19 00:00:00-04:00,77.79194955871253,78.12137561003485,77.14250449971327,77.6601791381836,2296900,0.0,0.0
2024-09-20 00:00:00-04:00,77.96136832702372,78.5543352089865,77.26485933823659,78.2907943725586,4640500,0.0,0.0
2024-09-23 00:00:00-04:00,78.53553396928733,79.17556495566895,78.25316461199061,79.10026550292969,2334500,0.0,0.0
2024-09-24 00:00:00-04:00,78.90259197373763,79.42025943705954,78.02725578130118,78.14019775390625,3213100,0.0,0.0
2024-09-25 00:00:00-04:00,78.53551575064053,78.77082110015137,77.54723041031527,78.12137603759766,2377400,0.0,0.0
2024-09-26 00:00:00-04:00,77.77999099911935,78.68088529955764,77.52395177299154,77.70413208007812,2775100,0.62,0.0
2024-09-27 00:00:00-04:00,78.0739645044034,79.25934593838866,78.0739645044034,78.94640350341797,2462800,0.0,0.0
2024-09-30 00:00:00-04:00,79.05073107487632,79.3257404824695,78.17829192768126,79.30677032470703,2355200,0.0,0.0
2024-10-01 00:00:00-04:00,79.48695039645477,80.10335029186477,79.1929780670265,79.58177947998047,1628700,0.0,0.0
2024-10-02 00:00:00-04:00,78.8800363501396,79.5817802570765,78.47226477550153,79.06969451904297,1740000,0.0,0.0
2024-10-03 00:00:00-04:00,79.18349100872189,79.18349100872189,77.97914648456194,78.26363372802734,1711300,0.0,0.0
2024-10-04 00:00:00-04:00,77.46705547536098,78.58605592058146,77.38170424365202,78.33000946044922,1388400,0.0,0.0
2024-10-07 00:00:00-04:00,77.89379354024872,78.07397385499202,77.14463151604679,77.2963638305664,2742000,0.0,0.0
2024-10-08 00:00:00-04:00,77.68516953654235,78.06449310889758,77.32481612205233,77.39119720458984,2416400,0.0,0.0
2024-10-09 00:00:00-04:00,77.41014605348686,77.7325735636165,76.88858256694505,77.30583190917969,1573100,0.0,0.0
2024-10-10 00:00:00-04:00,77.63774943422023,78.23517910643498,77.0592826826337,77.12566375732422,2050400,0.0,0.0
2024-10-11 00:00:00-04:00,77.32480605121007,78.13086401561122,77.16359590532873,77.91275787353516,1794300,0.0,0.0
2024-10-14 00:00:00-04:00,77.95067594776961,78.98433226395085,77.86533196198071,78.85157012939453,1998400,0.0,0.0
2024-10-15 00:00:00-04:00,79.16452501837473,80.12230810641523,78.88003055094012,79.68608856201172,6532000,0.0,0.0
2024-10-16 00:00:00-04:00,79.79040632281843,81.39304457412022,79.53436707855482,81.2318344116211,3173600,0.0,0.0
2024-10-17 00:00:00-04:00,81.08009512424651,81.47838157442307,80.236104069589,81.07061004638672,3135200,0.0,0.0
2024-10-18 00:00:00-04:00,81.24130227766942,81.67752178820795,80.2550640314541,81.51631164550781,3023000,0.0,0.0
2024-10-21 00:00:00-04:00,81.61115611039548,81.61115611039548,79.74299341319102,80.5395736694336,3065700,0.0,0.0
2024-10-22 00:00:00-04:00,80.0369583731849,80.8240534063695,79.90419622722537,80.61542510986328,3547000,0.0,0.0
2024-10-23 00:00:00-04:00,80.88094891722305,81.5447596430438,80.4826624817306,81.51631164550781,3098200,0.0,0.0
2024-10-24 00:00:00-04:00,81.88614694948956,82.09477523676118,80.9662898110614,81.33612823486328,2202400,0.0,0.0
2024-10-25 00:00:00-04:00,81.78183056423117,81.89562978189485,79.97057156846232,80.01798248291016,2308500,0.0,0.0
2024-10-28 00:00:00-04:00,80.51111166232572,81.17492239790073,80.3499015172567,80.76715087890625,1924400,0.0,0.0
2024-10-29 00:00:00-04:00,80.16972376275592,80.16972376275592,79.13606731597075,79.23090362548828,2459700,0.0,0.0
2024-10-30 00:00:00-04:00,79.52487592700768,79.73350423195485,78.37742748479288,79.23090362548828,2196500,0.0,0.0
2024-10-31 00:00:00-04:00,79.06021118164062,80.02747935183031,78.89899379077995,79.06021118164062,2236400,0.0,0.0
2024-11-01 00:00:00-04:00,79.41106954390122,79.59124983376185,77.32480115233231,77.42911529541016,2789600,0.0,0.0
2024-11-04 00:00:00-05:00,77.33428887101716,77.70412730547376,75.96872712225792,76.63253784179688,3379900,0.0,0.0
2024-11-05 00:00:00-05:00,76.62306067740862,78.01706320077598,76.07304194206966,77.99810028076172,4274200,0.0,0.0
2024-11-06 00:00:00-05:00,77.28687309367791,84.0103534274349,76.68944342773582,83.69741821289062,7768800,0.0,0.0
2024-11-07 00:00:00-05:00,83.68793773288841,85.49920422064136,83.49827957819991,85.11988067626953,5243500,0.0,0.0
2024-11-08 00:00:00-05:00,85.04401325226365,87.13028186270712,84.85435510040324,86.53285217285156,3733600,0.0,0.0
2024-11-11 00:00:00-05:00,85.84058549576386,87.86996532665412,85.84058549576386,87.35787963867188,2690300,0.0,0.0
2024-11-12 00:00:00-05:00,87.5001197847381,87.70874809149723,86.75096502500448,87.4337387084961,3403000,0.0,0.0
2024-11-13 00:00:00-05:00,87.66133166205778,88.30617946287971,86.54233127930779,87.42425537109375,3745200,0.0,0.0
2024-11-14 00:00:00-05:00,87.24408629145299,87.35788553034443,85.75524728218343,85.76473236083984,3247500,0.0,0.0
2024-11-15 00:00:00-05:00,85.76472133434554,87.50959936304358,85.58454103801472,87.42425537109375,3050100,0.0,0.0
2024-11-18 00:00:00-05:00,87.10183739558602,88.39153313852188,86.97856031537708,88.11652374267578,2466800,0.0,0.0
2024-11-19 00:00:00-05:00,87.39580814231694,88.60963760512784,86.97855155135282,88.552734375,2901800,0.0,0.0
2024-11-20 00:00:00-05:00,88.88465729171445,89.0458674533036,87.70875353248795,88.30619049072266,2311700,0.0,0.0
2024-11-21 00:00:00-05:00,88.10704645684882,89.95623884666202,87.68030474266459,89.79502868652344,2541400,0.0,0.0
2024-11-22 00:00:00-05:00,90.07950173333975,90.36399616463326,89.2829289017082,89.39672088623047,2554400,0.0,0.0
2024-11-25 00:00:00-05:00,90.6200344060444,90.81917761184535,89.46310100901553,89.8708724975586,4978000,0.0,0.0
2024-11-26 00:00:00-05:00,89.79502067963891,89.79502067963891,88.07858336740804,88.46739196777344,5601900,0.0,0.0
2024-11-27 00:00:00-05:00,88.93206684856516,89.92779027366227,88.52429529404858,89.40621948242188,2871800,0.0,0.0
2024-11-29 00:00:00-05:00,89.633801477709,90.01312499267699,88.82774353027344,88.82774353027344,1762800,0.0,0.0
2024-12-02 00:00:00-05:00,89.28294164008315,89.28294164008315,86.9406264912262,87.33891296386719,3199500,0.0,0.0
2024-12-03 00:00:00-05:00,88.09755397112113,88.74240179245204,87.23459277176887,87.2535629272461,4018300,0.0,0.0
2024-12-04 00:00:00-05:00,87.11131843788641,87.29149874560841,86.38111936395651,86.76992797851562,3415500,0.0,0.0
2024-12-05 00:00:00-05:00,87.11364515315998,87.64832396039954,86.72219129800479,86.82721710205078,3910500,0.62,0.0
2024-12-06 00:00:00-05:00,86.98953303964923,87.12320092955999,85.25184318645572,85.54782104492188,3265200,0.0,0.0
2024-12-09 00:00:00-05:00,85.37595545805277,85.62419892994225,84.67897397745385,84.76490020751953,3015600,0.0,0.0
2024-12-10 00:00:00-05:00,84.86992324910146,85.38550246577302,83.81012274000209,84.54530334472656,2415500,0.0,0.0
2024-12-11 00:00:00-05:00,84.62169020151572,84.79354996156074,83.16088588330996,83.45687103271484,3996900,0.0,0.0
2024-12-12 00:00:00-05:00,83.99153811756169,84.49756758278691,83.44731678721618,83.9533462524414,4254500,0.0,0.0
2024-12-13 00:00:00-05:00,84.98449840205097,85.72922150531866,84.79353909073048,85.12771606445312,2766700,0.0,0.0
2024-12-16 00:00:00-05:00,85.07997628627218,85.71012381660326,84.61213871086774,84.6216812133789,2881300,0.0,0.0
2024-12-17 00:00:00-05:00,83.61917703665675,84.57395181729629,82.45435063877993,83.02721405029297,4188800,0.0,0.0
2024-12-18 00:00:00-05:00,83.07494846797888,83.96288922801608,81.21313343726716,81.24177551269531,3344600,0.0,0.0
2024-12-19 00:00:00-05:00,81.47093066475975,82.75987511246306,81.2513292684947,82.01515197753906,3532800,0.0,0.0
2024-12-20 00:00:00-05:00,81.48047498547088,83.28500599374232,81.48047498547088,82.88399505615234,4747300,0.0,0.0
2024-12-23 00:00:00-05:00,82.73122276830061,83.13222636282352,81.92920829490248,83.10358428955078,2789500,0.0,0.0
2024-12-24 00:00:00-05:00,83.02721223969323,83.99153678672884,82.75032668522347,83.98198699951172,795600,0.0,0.0
2024-12-26 00:00:00-05:00,83.55233587670175,83.77192997804384,83.06539874101493,83.64781188964844,7243800,0.0,0.0
2024-12-27 00:00:00-05:00,83.06540947823441,84.17295176776736,83.06540947823441,83.80058288574219,1791200,0.0,0.0
2024-12-30 00:00:00-05:00,83.2563566081406,83.67645983580373,82.41615743716773,83.39957427978516,4381300,0.0,0.0
2024-12-31 00:00:00-05:00,83.3327349343418,84.0392661751295,83.3040928587407,83.75283813476562,1827300,0.0,0.0
2025-01-02 00:00:00-05:00,84.31615629194366,84.64078349654159,82.87445165647608,83.18952178955078,2330600,0.0,0.0
2025-01-03 00:00:00-05:00,83.46640732446046,83.97243677905698,82.92218600554584,83.7051010131836,2838100,0.0,0.0
2025-01-06 00:00:00-05:00,83.37093360300692,83.4282177588858,80.39203366329576,80.68801879882812,3075100,0.0,0.0
2025-01-07 00:00:00-05:00,80.95534869270708,81.34680253670602,80.25835994793418,80.4206771850586,4262200,0.0,0.0
2025-01-08 00:00:00-05:00,80.38249171344975,80.59254333225597,77.61364337204259,79.07444763183594,6214400,0.0,0.0
2025-01-10 00:00:00-05:00,78.15786857552573,78.73073201965258,75.04530057381947,75.16942596435547,8190700,0.0,0.0
2025-01-13 00:00:00-05:00,75.36036484533119,75.52267479066533,73.25031370292943,73.46036529541016,9327700,0.0,0.0
2025-01-14 00:00:00-05:00,74.18599248342197,75.63725413027468,73.69906262323266,74.57745361328125,6083700,0.0,0.0
2025-01-15 00:00:00-05:00,75.828203716668,79.4277083575112,75.73272770506094,78.6925277709961,10263100,0.0,0.0
2025-01-16 00:00:00-05:00,78.5684067021478,80.32518855896481,78.3106134678057,80.19152069091797,7815600,0.0,0.0
2025-01-17 00:00:00-05:00,80.38248805543574,81.4709306812142,79.93374276010803,81.32771301269531,3628900,0.0,0.0
2025-01-21 00:00:00-05:00,81.96740230194892,83.17997018751946,81.57594848304325,82.5975570678711,5333400,0.0,0.0
2025-01-22 00:00:00-05:00,82.12971979627356,82.34932119123224,78.91213358968622,79.05535125732422,4423300,0.0,0.0
2025-01-23 00:00:00-05:00,79.1985635136787,79.75233462332078,78.78801007506178,79.06489562988281,4586000,0.0,0.0
2025-01-24 00:00:00-05:00,78.53976806044811,79.54227711460996,78.53976806044811,78.96941375732422,3683600,0.0,0.0
2025-01-27 00:00:00-05:00,78.82619964131922,79.26539514446506,76.60158004909078,78.43474578857422,6813200,0.0,0.0
2025-01-28 00:00:00-05:00,78.52067113149162,78.58750507068629,77.33675251532038,78.0528335571289,4461800,0.0,0.0
2025-01-29 00:00:00-05:00,78.12922037841024,79.24630509964233,78.12922037841024,78.2724380493164,2700000,0.0,0.0
2025-01-30 00:00:00-05:00,79.04579079582868,79.69503782167264,78.69252156794153,79.52317810058594,2192000,0.0,0.0
2025-01-31 00:00:00-05:00,79.53274317273974,80.13424866997832,78.87394623455921,79.17947387695312,2677600,0.0,0.0
2025-02-03 00:00:00-05:00,78.04327850779845,78.96941109158449,77.45132288180514,78.8548355102539,2589400,0.0,0.0
2025-02-04 00:00:00-05:00,78.53977160061154,79.79052417023732,77.62318873076902,77.74730682373047,3756300,0.0,0.0
2025-02-05 00:00:00-05:00,78.44430451697468,78.83575841433944,77.81414962475061,78.57797241210938,2708300,0.0,0.0
2025-02-06 00:00:00-05:00,79.08398564732242,79.24629558883811,78.06237706785247,78.36790466308594,2400300,0.0,0.0
2025-02-07 00:00:00-05:00,78.32972220393754,78.72117606777083,77.70911715291305,78.2724380493164,2390600,0.0,0.0
2025-02-10 00:00:00-05:00,78.25333360750247,79.04579835745224,77.55635215511994,78.49202728271484,3660000,0.0,0.0
2025-02-11 00:00:00-05:00,78.5302182959702,80.00057219350646,77.93825536547553,79.65685272216797,3019500,0.0,0.0
2025-02-12 00:00:00-05:00,78.32017510635974,79.3990752844645,78.30108281561482,79.17947387695312,3360900,0.0,0.0
2025-02-13 00:00:00-05:00,79.19854969387266,80.24880757522261,78.86438004269408,80.06739807128906,2891000,0.0,0.0
2025-02-14 00:00:00-05:00,80.36338850617877,81.22268723320481,80.05786087927541,80.29655456542969,3603500,0.0,0.0
2025-02-18 00:00:00-05:00,80.50661729664269,81.29908219239783,80.296565658312,80.79305267333984,3530000,0.0,0.0
2025-02-19 00:00:00-05:00,80.67846905920103,81.74781943714586,80.67846905920103,81.48047637939453,3154900,0.0,0.0
2025-02-20 00:00:00-05:00,81.25132970434872,82.42570585104228,80.3633888961716,82.12017822265625,2293600,0.0,0.0
2025-02-21 00:00:00-05:00,81.87194407049316,83.55234986013059,81.7096340928841,83.160888671875,4644500,0.0,0.0
2025-02-24 00:00:00-05:00,83.26590098673056,83.63826253820697,82.79806342181068,83.23725891113281,4392300,0.0,0.0
2025-02-25 00:00:00-05:00,69.10659568287896,70.11866189906829,61.955334648357365,67.4452896118164,29513700,0.0,0.0
2025-02-26 00:00:00-05:00,66.86286428015299,70.89201427016226,65.10608250718614,69.55532836914062,15587500,0.0,0.0
2025-02-27 00:00:00-05:00,69.17342186833575,69.85131829368373,68.43824857818245,68.64830017089844,12176500,0.0,0.0
2025-02-28 00:00:00-05:00,69.34528797633614,69.73674912318327,67.37845430797178,68.3332290649414,8874400,0.0,0.0
2025-03-03 00:00:00-05:00,67.7985530356691,69.2975490133247,67.58850143756976,68.2091064453125,4650000,0.0,0.0
2025-03-04 00:00:00-05:00,68.12317659168723,68.37142006497992,66.91061587078066,67.43573760986328,6252500,0.0,0.0
2025-03-05 00:00:00-05:00,67.55030784447113,68.87744405188285,66.19452956248044,68.64830017089844,6661100,0.0,0.0
2025-03-06 00:00:00-05:00,68.26639418412658,68.6483055385308,65.93674147817875,66.47142028808594,5728400,0.0,0.0
2025-03-07 00:00:00-05:00,66.32820351508572,66.49051347548394,64.7528237096211,66.1658935546875,5948300,0.0,0.0
2025-03-10 00:00:00-04:00,65.9749244346606,66.56688731828281,64.4090946489267,66.32819366455078,9239200,0.0,0.0
2025-03-11 00:00:00-04:00,66.53825379889449,67.50257103920227,65.3734274534462,65.678955078125,6969900,0.0,0.0
2025-03-12 00:00:00-04:00,65.98448590675801,66.7005669947772,65.38298041518914,65.83171844482422,4421800,0.0,0.0
2025-03-13 00:00:00-04:00,65.3829763616776,66.24226778654484,64.54276994183863,64.78146362304688,4990200,0.0,0.0
2025-03-14 00:00:00-04:00,65.40206518508698,67.16839687555091,64.81010226469442,67.03472900390625,5795800,0.0,0.0
2025-03-17 00:00:00-04:00,67.03472597937186,68.5623639323517,66.8342241809513,67.84628295898438,4759400,0.0,0.0
2025-03-18 00:00:00-04:00,67.25433800537337,68.10408697898792,66.93926057892658,67.5503158569336,3915100,0.0,0.0
2025-03-19 00:00:00-04:00,67.7030788788607,67.97995713737757,67.1493077931209,67.87493133544922,5920400,0.0,0.0
2025-03-20 00:00:00-04:00,67.62923751207335,68.3036962415757,67.14747917641486,67.4461669921875,6093400,0.645,0.0
2025-03-21 00:00:00-04:00,67.17639352584044,67.6581519333969,66.64645633710838,67.00296020507812,7235900,0.0,0.0
2025-03-24 00:00:00-04:00,67.45581421687288,68.17845182748471,67.16675623220819,67.69669342041016,4073900,0.0,0.0
2025-03-25 00:00:00-04:00,67.69668395725449,67.69668395725449,66.26103881210176,66.58863830566406,4456100,0.0,0.0
2025-03-26 00:00:00-04:00,66.81988028333284,68.39041717629937,66.77170885996539,68.18807220458984,5304600,0.0,0.0
2025-03-27 00:00:00-04:00,67.92793227501888,68.13990714055566,67.3690907842491,67.50398254394531,4412700,0.0,0.0
2025-03-28 00:00:00-04:00,67.90866510349817,67.9279322044135,67.08004009419724,67.18602752685547,3114300,0.0,0.0
2025-03-31 00:00:00-04:00,67.39799154772771,69.02633715503084,67.19565391888133,68.75655364990234,5007500,0.0,0.0
2025-04-01 00:00:00-04:00,68.49640284423717,69.064881554389,67.78340250112677,68.94925689697266,5649500,0.0,0.0
2025-04-02 00:00:00-04:00,68.52531352641444,70.44270978998891,68.52531352641444,70.18255615234375,4726600,0.0,0.0
2025-04-03 00:00:00-04:00,69.52736524128456,70.74139093187353,68.072453036285,68.1495361328125,6681100,0.0,0.0
2025-04-04 00:00:00-04:00,67.66778623689274,67.87975375217958,62.975456903602755,63.47648239135742,6652200,0.0,0.0
2025-04-07 00:00:00-04:00,62.24317910034495,63.996779249622016,59.64168687759905,61.57835388183594,9770500,0.0,0.0
2025-04-08 00:00:00-04:00,63.44757771316973,64.07386508268408,60.37396054592614,61.45309829711914,5639200,0.0,0.0
2025-04-09 00:00:00-04:00,61.077328448903906,65.81782926963353,60.10417811271383,65.57695007324219,5983900,0.0,0.0
2025-04-10 00:00:00-04:00,64.70015348788823,65.3938867482368,62.6960368137812,64.45927429199219,6830400,0.0,0.0
2025-04-11 00:00:00-04:00,64.584532568519,66.11652816570405,63.25488197653111,65.81783294677734,4169500,0.0,0.0
2025-04-14 00:00:00-04:00,66.66572758954678,67.58106557954103,66.07798177246009,67.18602752685547,3742300,0.0,0.0
2025-04-15 00:00:00-04:00,67.32091272382756,67.95682990673681,67.11857510421785,67.65814208984375,3187300,0.0,0.0
2025-04-16 00:00:00-04:00,67.4269071353055,68.66020743088777,67.15711626347846,67.82194519042969,3027800,0.0,0.0
2025-04-17 00:00:00-04:00,68.17844771082108,69.33466487756681,67.65814778047064,68.52531433105469,3595100,0.0,0.0
2025-04-21 00:00:00-04:00,67.95684255323512,68.47714253664964,66.55974605501017,67.88939666748047,5086200,0.0,0.0
2025-04-22 00:00:00-04:00,68.7469151084619,69.80678200877121,68.36150695806332,69.67189025878906,4966500,0.0,0.0
2025-04-23 00:00:00-04:00,70.39452732060879,71.54111453895601,69.91276897354511,70.63540649414062,4060500,0.0,0.0
2025-04-24 00:00:00-04:00,70.53906486100031,72.0325188586781,70.05730645543328,71.80126953125,4021500,0.0,0.0
2025-04-25 00:00:00-04:00,71.8205373241821,72.48536621455136,71.50257504174034,71.95542907714844,4123000,0.0,0.0
2025-04-28 00:00:00-04:00,72.06141931678204,73.15019060851309,71.59892803781385,72.84186553955078,4817800,0.0,0.0
2025-04-29 00:00:00-04:00,72.56244111546971,73.2850786483452,72.39864503893638,72.60098266601562,3507500,0.0,0.0
2025-04-30 00:00:00-04:00,72.20594077663698,72.34083252081092,70.3270788809879,71.56037902832031,4419700,0.0,0.0
2025-05-01 00:00:00-04:00,71.66637585045362,72.47573377272167,70.76067507090683,71.97470092773438,3306000,0.0,0.0
2025-05-02 00:00:00-04:00,72.36010990863704,73.26581804920355,72.08068915567398,72.71661376953125,2830800,0.0,0.0
2025-05-05 00:00:00-04:00,72.3601021927702,72.97675228836547,71.8301724221128,72.6106185913086,3187900,0.0,0.0
2025-05-06 00:00:00-04:00,72.30229532065601,73.27544926305048,71.73381663512095,72.3311996459961,3108900,0.0,0.0
2025-05-07 00:00:00-04:00,72.12886001875368,73.51632640502156,71.80126052152978,73.09237670898438,4619200,0.0,0.0
2025-05-08 00:00:00-04:00,73.13092289308146,74.74963132928977,72.80332337509734,73.00566101074219,4031900,0.0,0.0
2025-05-09 00:00:00-04:00,72.51427528004912,73.55486782080246,72.10959264364816,72.6684341430664,3066400,0.0,0.0
2025-05-12 00:00:00-04:00,73.36217110445189,73.36217110445189,72.08069195182225,72.90931701660156,4194000,0.0,0.0
2025-05-13 00:00:00-04:00,72.71660707136557,73.80537830416603,72.30229459321158,72.38900756835938,4249900,0.0,0.0
2025-05-14 00:00:00-04:00,72.34084297480427,72.35047285003066,70.65468857791474,72.12886810302734,4989200,0.0,0.0
2025-05-15 00:00:00-04:00,72.26375914938687,73.88246764837513,72.26375914938687,73.68013000488281,2895800,0.0,0.0
2025-05-16 00:00:00-04:00,73.87282585783275,74.84597981254372,73.23690863915525,74.77853393554688,3336900,0.0,0.0
2025-05-19 00:00:00-04:00,74.5665680034605,75.60716795971238,74.3064216899226,75.5686264038086,4004600,0.0,0.0
2025-05-20 00:00:00-04:00,75.8865782079473,76.09855306051084,75.25065365025668,75.37591552734375,3435100,0.0,0.0
2025-05-21 00:00:00-04:00,75.15431336344575,75.7035176670597,73.99809609827432,74.0270004272461,3521500,0.0,0.0
2025-05-22 00:00:00-04:00,73.62232084749782,74.35458830912546,72.95749191552437,73.94991302490234,3269700,0.0,0.0
2025-05-23 00:00:00-04:00,73.98845476165675,74.94233431998917,73.36216738154064,74.85562133789062,3272400,0.0,0.0
2025-05-27 00:00:00-04:00,75.91548801087099,76.35870484773504,75.15430887221872,76.03111267089844,2903000,0.0,0.0
2025-05-28 00:00:00-04:00,75.90584662184119,76.34906343439773,74.21005512302321,74.67254638671875,3124800,0.0,0.0
2025-05-29 00:00:00-04:00,74.72072407336374,75.12539932878747,74.29677436708224,75.10612487792969,2308600,0.0,0.0
2025-05-30 00:00:00-04:00,74.6821782861515,75.93474553203389,74.54728654199569,75.72277069091797,8580600,0.0,0.0
2025-06-02 00:00:00-04:00,75.03868459312184,75.72278062856194,74.67255086108409,75.17357635498047,3250000,0.0,0.0
2025-06-03 00:00:00-04:00,75.15431060785943,75.16394783418002,73.91137305029577,74.95197296142578,3455100,0.0,0.0
2025-06-04 00:00:00-04:00,74.80744845204272,74.91343589476885,73.57414804692068,73.64159393310547,3170700,0.0,0.0
2025-06-05 00:00:00-04:00,73.66085077027888,73.9210044029147,72.98639200242533,73.17909240722656,2616900,0.0,0.0
2025-06-06 00:00:00-04:00,73.81502267461076,74.09444342888257,73.07311062163564,74.0462646484375,2882700,0.0,0.0
2025-06-09 00:00:00-04:00,73.94027767458633,74.27750708666079,71.71455620384496,71.96507263183594,6237000,0.0,0.0
2025-06-10 00:00:00-04:00,72.19630601613798,73.39106465576765,72.10958569132387,73.1983642578125,3772600,0.0,0.0
2025-06-11 00:00:00-04:00,73.29472079376222,73.65122464695601,72.83222950721486,73.2080078125,3042300,0.0,0.0
2025-06-12 00:00:00-04:00,72.91894591836972,73.52595880771248,72.79369139070988,73.44888305664062,2698800,0.0,0.0
2025-06-13 00:00:00-04:00,73.28508613030645,73.4970610044258,70.90519843622988,71.37732696533203,3855100,0.0,0.0
2025-06-16 00:00:00-04:00,72.09995999078262,72.31193485143318,70.7124935218331,71.08826446533203,3553100,0.0,0.0
2025-06-17 00:00:00-04:00,70.80884822555288,71.57002738668605,70.39453570369683,71.37732696533203,4107300,0.0,0.0
2025-06-18 00:00:00-04:00,71.49294720770648,72.33120951215557,71.13645067848633,71.67601776123047,3257800,0.0,0.0
2025-06-20 00:00:00-04:00,71.87835509263533,72.61062995237391,71.22316334466927,71.3580551147461,10288000,0.0,0.0
2025-06-23 00:00:00-04:00,71.68565270229327,73.09238637391515,71.47367782624546,73.02494049072266,5506200,0.0,0.0
2025-06-24 00:00:00-04:00,73.02493711065205,73.58377860326581,72.63952893122706,73.3139877319336,3358700,0.0,0.0
2025-06-25 00:00:00-04:00,72.82259437337974,73.13091942512926,72.05177806848138,72.28302001953125,2443600,0.0,0.0
2025-06-26 00:00:00-04:00,72.36563593150927,72.84185144927388,71.53954566993401,72.83213806152344,5365400,0.645,0.0
2025-06-27 00:00:00-04:00,72.96820276307169,73.76513806592676,72.64748299837633,73.24032592773438,5966300,0.0,0.0
2025-06-30 00:00:00-04:00,73.18201240574793,73.6971037161012,72.84185105154504,73.63878631591797,3815900,0.0,0.0
2025-07-01 00:00:00-04:00,73.40554323021814,74.75644567872689,73.07511007408803,74.03726196289062,3780700,0.0,0.0
2025-07-02 00:00:00-04:00,73.76513169302726,73.93034825518436,72.45310516829821,72.71550750732422,3303800,0.0,0.0
2025-07-03 00:00:00-04:00,72.62805031734962,73.22088584423398,72.2101447586998,73.007080078125,1972700,0.0,0.0
2025-07-07 00:00:00-04:00,72.78355143817943,73.19173622363154,72.0157710570857,72.29761505126953,2207200,0.0,0.0
2025-07-08 00:00:00-04:00,71.93800374704593,72.59887738552521,71.27713010856664,72.22956848144531,4352200,0.0,0.0
2025-07-09 00:00:00-04:00,72.47254987750956,72.7252388658874,71.12164736298271,72.3947982788086,5035900,0.0,0.0
2025-07-10 00:00:00-04:00,71.76306115537547,72.93903339416481,71.75334776912335,72.79325103759766,2638000,0.0,0.0
2025-07-11 00:00:00-04:00,71.9866140203111,72.90989016335612,71.7630800261546,72.46282958984375,2819300,0.0,0.0
2025-07-14 00:00:00-04:00,72.40451314230954,72.96820106444595,71.88942181907453,72.45310974121094,2345900,0.0,0.0
2025-07-15 00:00:00-04:00,72.4919737990676,72.64747697443772,71.77279014997957,72.05463409423828,2823800,0.0,0.0
2025-07-16 00:00:00-04:00,72.05463695226004,73.33750854075014,71.90885457326802,73.12369537353516,3596600,0.0,0.0
2025-07-17 00:00:00-04:00,72.88072763358204,74.25107162328622,72.72523186594744,74.1441650390625,2227000,0.0,0.0
2025-07-18 00:00:00-04:00,74.34825699778791,76.2531264833801,74.28994701209422,76.04903411865234,3637300,0.0,0.0
2025-07-21 00:00:00-04:00,76.0781871795676,76.61272008418527,75.67972326277959,76.36003112792969,3046000,0.0,0.0
2025-07-22 00:00:00-04:00,76.09763379043193,77.58459780408312,76.01016139355828,77.5554428100586,3399800,0.0,0.0
2025-07-23 00:00:00-04:00,77.7498110191797,78.22602653552823,76.49609442671945,77.14724731445312,3203900,0.0,0.0
2025-07-24 00:00:00-04:00,77.18612049766405,78.56617781699968,76.97230733822904,78.19686889648438,2957600,0.0,0.0
2025-07-25 00:00:00-04:00,78.25518054670833,78.69252767708528,77.65262426433965,78.54674530029297,2138000,0.0,0.0
2025-07-28 00:00:00-04:00,78.44955775237838,78.46899194193944,77.57487092614036,78.05108642578125,2973100,0.0,0.0
2025-07-29 00:00:00-04:00,78.47871163925929,79.13958529702397,78.28434008718709,78.86746215820312,4314400,0.0,0.0
2025-07-30 00:00:00-04:00,79.15901640125789,79.64495267729949,78.39124361013538,78.89661407470703,3690900,0.0,0.0
2025-07-31 00:00:00-04:00,78.49815303284528,79.83934207555139,78.49815303284528,79.38256072998047,3631900,0.0,0.0
2025-08-01 00:00:00-04:00,79.36312225616122,79.47974222589448,78.18714985281957,78.6925277709961,2661700,0.0,0.0
2025-08-04 00:00:00-04:00,79.24650459621081,81.14165348493304,79.110443004959,80.64600372314453,4358600,0.0,0.0
2025-08-05 00:00:00-04:00,80.9083992665704,80.91812006935302,78.38153182348736,80.05315399169922,5165600,0.0,0.0
2025-08-06 00:00:00-04:00,80.11145788698384,80.58767337992035,78.61477320866972,78.86746215820312,4807300,0.0,0.0
2025-08-07 00:00:00-04:00,79.19790169149672,80.89867886162031,78.72168616000613,80.26696014404297,5962200,0.0,0.0
2025-08-08 00:00:00-04:00,80.15033793016177,81.15136556452991,78.77028055879597,79.41171264648438,3605000,0.0,0.0
2025-08-11 00:00:00-04:00,79.45058670420065,79.68383405691311,78.12883934749725,78.62449645996094,3906500,0.0,0.0
2025-08-12 00:00:00-04:00,78.76056683120565,79.8101911578548,78.44956785458373,79.7810287475586,2601000,0.0,0.0
2025-08-13 00:00:00-04:00,79.97539467490945,80.32526939329266,79.2853660399868,79.90736389160156,3159000,0.0,0.0
2025-08-14 00:00:00-04:00,79.58664798736936,80.19892506655474,79.07155668689283,79.5769271850586,2775400,0.0,0.0
2025-08-15 00:00:00-04:00,79.45059147763887,79.64496304744394,78.70225277760925,78.94522094726562,4067200,0.0,0.0
2025-08-18 00:00:00-04:00,78.84802140975412,79.15902034532418,78.28434093670805,78.71195983886719,2118800,0.0,0.0
2025-08-19 00:00:00-04:00,78.87719100524717,80.48077501039737,78.87719100524717,80.32527923583984,3136800,0.0,0.0
2025-08-20 00:00:00-04:00,80.55852909381728,81.09306205524777,79.82962455448502,80.08231353759766,2838400,0.0,0.0
2025-08-21 00:00:00-04:00,80.02398743345196,80.38358296976118,78.82858827118007,78.8480224609375,3398600,0.0,0.0
2025-08-22 00:00:00-04:00,79.58665147210411,80.68486490771905,78.91605696449147,80.56824493408203,2489200,0.0,0.0
2025-08-25 00:00:00-04:00,79.84906191869364,80.14061927005555,79.20762239905739,79.39228057861328,2268800,0.0,0.0
2025-08-26 00:00:00-04:00,79.14931081634317,80.20864844343193,78.86746685868107,79.47974395751953,3964100,0.0,0.0
2025-08-27 00:00:00-04:00,79.58664774970435,80.1503356452518,79.5283377656131,79.94624328613281,3708700,0.0,0.0
2025-08-28 00:00:00-04:00,79.94624248974996,80.01427327544528,79.02295906697132,79.14930725097656,2535000,0.0,0.0
2025-08-29 00:00:00-04:00,78.82858827448375,81.01530165486747,78.76055748813046,80.23780059814453,3485200,0.0,0.0
2025-09-02 00:00:00-04:00,79.69355145418709,80.89867137564318,79.2853667506809,80.55851745605469,4127400,0.0,0.0
2025-09-03 00:00:00-04:00,80.13088947465238,80.63626735731103,79.07155194509347,79.91708374023438,3238900,0.0,0.0
2025-09-04 00:00:00-04:00,80.27667536025837,80.6459916941129,78.99380382352047,79.8101806640625,3601800,0.0,0.0
2025-09-05 00:00:00-04:00,79.76158723732922,80.05315199513628,78.196871694351,78.8285903930664,4311500,0.0,0.0
2025-09-08 00:00:00-04:00,79.11043908218252,79.11043908218252,76.74878812998719,77.1764144897461,4818200,0.0,0.0
2025-09-09 00:00:00-04:00,76.92371712159445,78.54674257029932,76.92371712159445,78.06080627441406,4025600,0.0,0.0
2025-09-10 00:00:00-04:00,78.11912791090487,79.8976567987156,77.96363212872062,79.70328521728516,3727700,0.0,0.0
2025-09-11 00:00:00-04:00,79.69354622881053,81.22910658203934,79.45057810006416,81.12220001220703,4779600,0.0,0.0
2025-09-12 00:00:00-04:00,80.95700440308951,81.9483113622568,80.77234620474627,81.5790023803711,3204800,0.0,0.0
2025-09-15 00:00:00-04:00,81.666454360126,82.8229851405773,80.97642569571879,81.0444564819336,5775400,0.0,0.0
2025-09-16 00:00:00-04:00,80.85979953331119,81.2485500667482,80.24752244813769,80.37386322021484,4362900,0.0,0.0
2025-09-17 00:00:00-04:00,80.92783555760047,81.63730588314463,80.247527641161,80.32527923583984,6866000,0.0,0.0
2025-09-18 00:00:00-04:00,80.00456150395242,80.59740445255837,79.42143935862865,80.16006469726562,5866300,0.0,0.0
2025-09-19 00:00:00-04:00,80.6265472767393,81.22911093766828,80.05314602125466,80.85979461669922,9015600,0.0,0.0
2025-09-22 00:00:00-04:00,80.24752555855176,80.66543110060472,79.67412424597676,80.05315399169922,6043700,0.0,0.0
2025-09-23 00:00:00-04:00,82.60917703085077,84.35855080448292,81.35546039554774,83.62964630126953,7570800,0.0,0.0
2025-09-24 00:00:00-04:00,83.97952582770577,84.90280195164985,83.69768184733957,84.8250503540039,4580500,0.0,0.0
2025-09-25 00:00:00-04:00,84.71813226668161,85.18463437446344,83.63935309381061,84.05725860595703,3868500,0.0,0.0
2025-09-26 00:00:00-04:00,84.36825826130915,86.16622850800861,84.06698012723065,86.09819030761719,3494900,0.0,0.0
2025-09-29 00:00:00-04:00,86.31200539308642,87.27416462981859,85.8066348909521,87.17697143554688,3930600,0.0,0.0
2025-09-30 00:00:00-04:00,87.08950875925584,87.98362981769947,86.65216903267795,87.44910430908203,3512400,0.0,0.0
2025-10-01 00:00:00-04:00,87.56167058861003,87.73787101304124,86.94497283726821,87.37568664550781,2586900,0.645,0.0
2025-10-02 00:00:00-04:00,86.87644578651984,87.79660433457647,86.56320143565674,87.39525604248047,3580300,0.0,0.0
2025-10-03 00:00:00-04:00,87.6008272625771,90.04805123602975,87.21906092018529,89.5096664428711,4127000,0.0,0.0
2025-10-06 00:00:00-04:00,89.56839224990154,90.53749079622584,89.29430437565502,90.50812530517578,2863100,0.0,0.0
2025-10-07 00:00:00-04:00,91.64364716612748,92.06456999343743,90.54728812402517,92.0254135131836,4738800,0.0,0.0
2025-10-08 00:00:00-04:00,92.14286361917326,93.69930176839652,91.38912200927734,91.38912200927734,4820700,0.0,0.0
2025-10-09 00:00:00-04:00,91.89814718154835,92.50506138399084,89.39219235297078,89.70543670654297,4104000,0.0,0.0
2025-10-10 00:00:00-04:00,90.16552009073963,90.54728643065616,88.1979499377073,88.29583740234375,3899600,0.0,0.0
2025-10-13 00:00:00-04:00,88.46225414414377,89.78375358513414,88.09027132354298,89.245361328125,3035900,0.0,0.0
2025-10-14 00:00:00-04:00,88.95170445872378,89.66628971512874,88.29584272263729,89.40199279785156,3087600,0.0,0.0
2025-10-15 00:00:00-04:00,89.79353722091753,90.69411376951876,89.57818033574458,90.34171295166016,3066400,0.0,0.0
2025-10-16 00:00:00-04:00,90.30256382063071,90.97800002118873,89.03979536531277,89.21599578857422,2674100,0.0,0.0
2025-10-17 00:00:00-04:00,89.32366701006882,89.70543331817936,88.66781283647728,89.36282348632812,2978800,0.0,0.0
2025-10-20 00:00:00-04:00,90.40045007811008,91.68280049018927,89.91100529428888,90.76264190673828,3444300,0.0,0.0
2025-10-21 00:00:00-04:00,91.23249851411693,91.60448130426447,89.71522426843023,90.34171295166016,2722400,0.0,0.0
2025-10-22 00:00:00-04:00,91.12482455989237,91.27165948595487,89.450924326783,90.11656951904297,3320100,0.0,0.0
2025-10-23 00:00:00-04:00,90.6745382089773,91.02693905175475,89.450926246093,89.8718490600586,1910300,0.0,0.0
2025-10-24 00:00:00-04:00,90.35151017514791,90.9682079148066,90.17530975405475,90.82137298583984,1876700,0.0,0.0
2025-10-27 00:00:00-04:00,90.87031378526491,91.34996754758932,90.10678117265303,91.20313262939453,2568300,0.0,0.0
2025-10-28 00:00:00-04:00,91.88836344213891,91.88836344213891,90.21446323161112,90.59622955322266,2407300,0.0,0.0
2025-10-29 00:00:00-04:00,90.31235478630434,91.0954619696882,89.7348060502865,90.25361633300781,2200500,0.0,0.0
2025-10-30 00:00:00-04:00,90.53748827308334,91.25208089816952,90.33192237312726,90.4885482788086,2064100,0.0,0.0
2025-10-31 00:00:00-04:00,89.75438497403601,90.49833565271875,89.10831428807334,89.99910736083984,3027400,0.0,0.0
2025-11-03 00:00:00-05:00,89.76415996393838,90.78220589251929,88.26646029392691,90.6255874633789,2649200,0.0,0.0
2025-11-04 00:00:00-05:00,90.35150954108087,90.99757276833203,89.7641698293357,90.5277099609375,2848900,0.0,0.0
2025-11-05 00:00:00-05:00,91.35977199477142,92.74979349271025,88.92233141127083,90.43961334228516,6589900,0.0,0.0
2025-11-06 00:00:00-05:00,90.49833763577993,91.79047156768485,90.47876313047391,90.82137298583984,2659500,0.0,0.0
2025-11-07 00:00:00-05:00,91.10525166014538,91.96667179010954,89.94037068608287,91.74153137207031,3505800,0.0,0.0
2025-11-10 00:00:00-05:00,91.96666989076859,92.14287030784213,90.53749204932073,90.97799682617188,3807500,0.0,0.0
2025-11-11 00:00:00-05:00,91.06608960946394,91.85898771999,90.37107895593685,91.55553436279297,3201000,0.0,0.0
2025-11-12 00:00:00-05:00,91.34996840482567,91.91772611072851,89.95994709865052,90.51791381835938,2946000,0.0,0.0
2025-11-13 00:00:00-05:00,90.28299197599897,91.63385694859434,88.47204022364068,90.27320098876953,5611200,0.0,0.0
2025-11-14 00:00:00-05:00,91.35976333152782,91.3793378364258,89.558602679195,90.0578384399414,4475200,0.0,0.0
2025-11-17 00:00:00-05:00,90.42981675622777,90.79200858960624,89.19642126202287,90.25361633300781,5119400,0.0,0.0
2025-11-18 00:00:00-05:00,89.95995251062111,90.40044982750517,88.74613154124314,89.6662826538086,3882400,0.0,0.0
2025-11-19 00:00:00-05:00,89.95995360835967,90.06763205928256,89.06916050860391,89.09852600097656,3566900,0.0,0.0
2025-11-20 00:00:00-05:00,89.87184380419552,90.86052430352,88.75591035677357,88.7950668334961,2573700,0.0,0.0
2025-11-21 00:00:00-05:00,89.38240598646571,90.89968783683018,88.62866428896307,90.54728698730469,4634900,0.0,0.0
2025-11-24 00:00:00-05:00,90.54728290875956,93.04345423574026,90.02847264486452,91.92752075195312,13195700,0.0,0.0
2025-11-25 00:00:00-05:00,91.92751709692249,91.92751709692249,90.39065340284039,90.51791381835938,3382200,0.0,0.0
2025-11-26 00:00:00-05:00,91.02693634407012,92.0156168718051,90.66475199356412,91.81005096435547,2725200,0.0,0.0
2025-11-28 00:00:00-05:00,91.79046371631881,92.73020419399072,91.19334800137561,92.72041320800781,1281200,0.0,0.0
2025-12-01 00:00:00-05:00,91.89814423069184,92.28970152716778,89.4411369452655,89.56838989257812,4579100,0.0,0.0
2025-12-02 00:00:00-05:00,89.70543493737689,89.81311338195007,88.3545700895512,89.02999877929688,3406300,0.0,0.0
2025-12-03 00:00:00-05:00,89.15726133551284,89.20620133164383,88.40351220541726,88.81465148925781,2526900,0.0,0.0
2025-12-04 00:00:00-05:00,88.54055443197082,89.49007846490018,87.90428221622872,88.1685791015625,5004200,0.0,0.0
2025-12-05 00:00:00-05:00,88.31541809681042,89.19642020244466,87.87491330982594,88.74613189697266,3395000,0.0,0.0
2025-12-08 00:00:00-05:00,88.61886782179889,88.66781528555855,85.99544358663734,86.29890441894531,4131100,0.0,0.0
2025-12-09 00:00:00-05:00,86.75898164220212,87.29737390384433,86.23038036759017,86.45552825927734,2656100,0.0,0.0
2025-12-10 00:00:00-05:00,86.35763503418926,87.40504652652372,86.05418167150391,87.18968963623047,5688700,0.0,0.0
2025-12-11 00:00:00-05:00,86.97769646936204,87.98345117890014,86.72132658929002,87.72708129882812,2913800,0.645,0.0
2025-12-12 00:00:00-05:00,87.87498783438413,88.26939377810186,86.71147224567004,87.2537841796875,2424100,0.0,0.0
2025-12-15 00:00:00-05:00,88.25953971287055,88.25953971287055,85.84376190976492,87.35238647460938,3620300,0.0,0.0
2025-12-16 00:00:00-05:00,86.81007357421429,87.2340667334722,85.64655798760963,86.68189239501953,3321200,0.0,0.0
2025-12-17 00:00:00-05:00,86.28747785989312,86.93825367603176,85.03521568566363,85.56767272949219,5368900,0.0,0.0
2025-12-18 00:00:00-05:00,86.49454027804197,86.72132293242603,85.89306146331948,86.0311050415039,4716000,0.0,0.0
2025-12-19 00:00:00-05:00,86.16915142004359,87.14531890401753,85.6564191876686,85.7254409790039,6173800,0.0,0.0
2025-12-22 00:00:00-05:00,85.8240405239715,86.91853427813518,85.3507428777882,86.85936737060547,2794600,0.0,0.0
2025-12-23 00:00:00-05:00,86.77062338984115,87.64818932002721,86.38607236527919,87.44112396240234,3207400,0.0,0.0
2025-12-24 00:00:00-05:00,87.55945763620986,87.77637789382736,87.14531936320478,87.59889221191406,1191800,0.0,0.0
2025-12-26 00:00:00-05:00,87.6087535248025,87.90456549857302,87.07629648570213,87.37210845947266,1087600,0.0,0.0
2025-12-29 00:00:00-05:00,87.45099518962321,88.2102349108456,87.45099518962321,87.66792297363281,2002700,0.0,0.0
2025-12-30 00:00:00-05:00,87.64819498335116,87.92428214469015,87.24392664647934,87.84539794921875,1662200,0.0,0.0
2025-12-31 00:00:00-05:00,87.84539898542982,88.31869664103029,86.87909390934496,87.05657958984375,2039900,0.0,0.0
2026-01-02 00:00:00-05:00,87.48057383942404,88.66380670905218,86.6128627137397,88.45674133300781,1996000,0.0,0.0
2026-01-05 00:00:00-05:00,88.20036786712217,88.20036786712217,85.29158279256927,86.31705474853516,2954100,0.0,0.0
2026-01-06 00:00:00-05:00,86.3565042194779,86.6818959061655,85.63669905100032,86.47482299804688,2921500,0.0,0.0
2026-01-07 00:00:00-05:00,86.72132547288228,87.04671714076811,84.61122211846505,85.1535415649414,2492800,0.0,0.0
2026-01-08 00:00:00-05:00,84.89717107801259,87.28336157973692,84.87745379046926,86.80020904541016,3374800,0.0,0.0
2026-01-09 00:00:00-05:00,87.2439236918672,87.88483707063708,86.85936513267032,87.57917022705078,2809300,0.0,0.0
2026-01-12 00:00:00-05:00,87.25377633719087,88.48631360755444,87.10587036018514,87.85525512695312,2117200,0.0,0.0
2026-01-13 00:00:00-05:00,87.75665375046549,89.20611878572397,87.26363884175501,89.02863311767578,2173200,0.0,0.0
2026-01-14 00:00:00-05:00,89.00891608046369,90.37950456733891,88.79199582085127,90.04425048828125,3230600,0.0,0.0
2026-01-15 00:00:00-05:00,90.30061863081833,90.95139444274703,90.01466906156703,90.29075622558594,2176000,0.0,0.0
2026-01-16 00:00:00-05:00,89.95550572976236,91.27678210612478,89.48220809591257,91.25706481933594,2116700,0.0,0.0
2026-01-20 00:00:00-05:00,90.823208302794,91.00069397322302,86.67202361850401,87.19461822509766,6771500,0.0,0.0
2026-01-21 00:00:00-05:00,87.55945839566934,87.74679896172806,82.73777277181625,84.77885437011719,11182300,0.0,0.0
2026-01-22 00:00:00-05:00,85.28172299981053,85.90292664452757,84.07876533148783,84.55206298828125,6330500,0.0,0.0
2026-01-23 00:00:00-05:00,84.5816420084442,85.53809219688915,84.19709095658855,84.73941040039062,4797100,0.0,0.0
2026-01-26 00:00:00-05:00,85.01549467589729,86.18887260200877,84.94647288746783,85.48878479003906,5039700,0.0,0.0
2026-01-27 00:00:00-05:00,85.46906565060425,86.33676918959743,84.8971665458355,85.89305877685547,3798000,0.0,0.0
2026-01-28 00:00:00-05:00,85.89306439896704,86.49454323424683,85.11409988241107,85.56767272949219,5611900,0.0,0.0
2026-01-29 00:00:00-05:00,86.2480353652936,86.51426012457931,84.80843263391637,85.8832015991211,5638800,0.0,0.0
2026-01-30 00:00:00-05:00,85.86348590374226,86.52412413439343,85.01549958390508,85.79446411132812,8028000,0.0,0.0
2026-02-02 00:00:00-05:00,85.78460508194476,86.52412753954773,84.59150975308268,85.0155029296875,3788500,0.0,0.0
2026-02-03 00:00:00-05:00,84.68024313368034,85.9226428851627,84.59150405569422,85.78459930419922,5622700,0.0,0.0
2026-02-04 00:00:00-05:00,86.29733531434871,86.47482100091462,85.17326180703515,85.41976928710938,4110000,0.0,0.0
2026-02-05 00:00:00-05:00,84.79856515270232,85.89305886289345,84.43373140836843,85.44934844970703,4490000,0.0,0.0
2026-02-06 00:00:00-05:00,86.32692023071834,86.84951487090004,85.00563626086759,86.13957214355469,4775500,0.0,0.0
2026-02-09 00:00:00-05:00,86.24803401824299,86.81007074378898,84.9760545819419,86.25789642333984,3696300,0.0,0.0
2026-02-10 00:00:00-05:00,86.67202726963228,88.8018478816904,86.1099905433992,88.4468765258789,4143400,0.0,0.0
2026-02-11 00:00:00-05:00,89.34416749629398,89.93578391620682,88.52576089529558,89.90620422363281,3670300,0.0,0.0
2026-02-12 00:00:00-05:00,90.20201664466269,92.0557501090469,89.93578436454762,91.49371337890625,4902300,0.0,0.0
2026-02-13 00:00:00-05:00,91.3359440072524,94.40249749998834,90.65558851352628,93.4559097290039,6225100,0.0,0.0
2026-02-17 00:00:00-05:00,93.84046699018752,94.16585867380209,91.50358086178251,91.6416244506836,3342100,0.0,0.0
2026-02-18 00:00:00-05:00,91.72049640405841,92.53890301240017,90.3006184880896,90.44852447509766,3420700,0.0,0.0
2026-02-19 00:00:00-05:00,90.56683984818358,91.78951475080478,90.34005719638347,91.67119598388672,2402900,0.0,0.0
2026-02-20 00:00:00-05:00,92.30225478159932,92.30225478159932,91.19789864232936,92.24309539794922,3255500,0.0,0.0
2026-02-23 00:00:00-05:00,92.15435296211756,93.48549181404533,91.75008461756384,92.29239654541016,2930700,0.0,0.0
2026-02-24 00:00:00-05:00,92.35155971513048,93.05164000857052,90.96125401036434,92.6572265625,2976400,0.0,0.0
2026-02-25 00:00:00-05:00,92.46988210294435,93.46577440062661,91.54301159681565,93.17982482910156,4172200,0.0,0.0
2026-02-26 00:00:00-05:00,94.43207762021082,96.08860810764112,92.69667046028263,93.87004089355469,4950900,0.0,0.0
2026-02-27 00:00:00-05:00,94.83635552496361,95.10258028636044,93.28828889198375,94.92509460449219,4816300,0.0,0.0
2026-03-02 00:00:00-05:00,94.78704603027847,95.10257527889603,93.8306034024267,94.3334732055664,3064200,0.0,0.0
2026-03-03 00:00:00-05:00,92.80514173904544,94.59971594977893,91.49372009813709,94.02781677246094,3245800,0.0,0.0
2026-03-04 00:00:00-05:00,94.86593249478351,94.89551218711054,93.22912682926355,94.05738830566406,2470300,0.0,0.0
2026-03-05 00:00:00-05:00,93.42632917872177,93.48548856298667,91.58245063342059,92.62764739990234,3905400,0.0,0.0
2026-03-06 00:00:00-05:00,91.18804666555715,91.95714876875543,89.90620481168605,91.33594512939453,3595100,0.0,0.0
2026-03-09 00:00:00-04:00,90.78376606697778,92.46001376737253,89.55122878056676,92.20365142822266,4064800,0.0,0.0
2026-03-10 00:00:00-04:00,91.80923956049827,92.92345057823745,91.27678254093483,91.67119598388672,4533200,0.0,0.0
2026-03-11 00:00:00-04:00,91.47398856855129,92.00644560597048,91.03027813210745,91.49371337890625,2131700,0.0,0.0
2026-03-12 00:00:00-04:00,91.1288829406488,92.81499319259518,90.66544767693972,91.88813018798828,3699000,0.0,0.0
2026-03-13 00:00:00-04:00,92.99246891970192,94.30389037171349,92.88400503884019,93.78129577636719,2782900,0.0,0.0
2026-03-16 00:00:00-04:00,94.79691152288432,95.05328139661509,93.69255535534562,94.5997085571289,3561800,0.0,0.0
2026-03-17 00:00:00-04:00,95.61531812411002,95.64489781669224,94.47151985885806,94.5997085571289,2949900,0.0,0.0
2026-03-18 00:00:00-04:00,94.18557040091943,94.73775224672961,93.67283817567885,93.7122802734375,3585500,0.0,0.0
2026-03-19 00:00:00-04:00,93.67057316212272,95.13014346355783,93.015260367243,94.5741195678711,4734300,0.658,0.0
2026-03-20 00:00:00-04:00,94.76277266951061,95.12021876262628,90.51314420164366,91.06916809082031,5703700,0.0,0.0
2026-03-23 00:00:00-04:00,93.09469587140936,93.37270782329834,91.86348926267596,92.79682159423828,3344000,0.0,0.0
2026-03-24 00:00:00-04:00,92.13157243339994,94.97127876805179,92.06206944934583,94.32588958740234,3196600,0.0,0.0
2026-03-25 00:00:00-04:00,95.00106945236242,95.27908140254759,93.77979401375474,94.64362335205078,3699600,0.0,0.0
2026-03-26 00:00:00-04:00,94.28617433913406,95.6067386369774,94.0180935598104,94.862060546875,3411700,0.0,0.0
2026-03-27 00:00:00-04:00,94.73298741458846,96.39113550649458,94.35567899409571,95.19964599609375,3166600,0.0,0.0
2026-03-30 00:00:00-04:00,96.6294307817872,96.91737389195447,95.51737541582304,95.89468383789062,3303200,0.0,0.0
2026-03-31 00:00:00-04:00,96.49042280046754,96.74857999304956,95.54716691543787,96.4804916381836,4759900,0.0,0.0
2026-04-01 00:00:00-04:00,96.32163260587892,97.75140941427632,96.00390358453978,96.71879577636719,2598000,0.0,0.0
2026-04-02 00:00:00-04:00,96.6492838430091,98.57552026862747,96.33155482617839,98.49608612060547,3555800,0.0,0.0
2026-04-06 00:00:00-04:00,97.59254899597252,98.20815229091446,96.75850557781708,97.31453704833984,3127400,0.0,0.0
2026-04-07 00:00:00-04:00,97.1060245100334,98.40672646364752,96.86772207062141,97.76133728027344,2210200,0.0,0.0
2026-04-08 00:00:00-04:00,97.01666394364841,98.18829114796013,95.58687953831681,98.17835998535156,2888600,0.0,0.0
2026-04-09 00:00:00-04:00,98.04927883291603,100.32303010678108,97.71169507862734,99.04218292236328,2677000,0.0,0.0
2026-04-10 00:00:00-04:00,98.8634601122675,99.44927746553208,97.98970723862243,98.11878204345703,1880400,0.0,0.0
2026-04-13 00:00:00-04:00,97.94999102195851,98.06913466584493,94.7031903714254,95.54716491699219,3231800,0.0,0.0
2026-04-14 00:00:00-04:00,95.43794406009751,95.58687361370741,94.4152464820148,95.4776611328125,3837100,0.0,0.0
2026-04-15 00:00:00-04:00,95.27907765639046,95.72588905184115,94.35567652943435,94.79255676269531,2848800,0.0,0.0
2026-04-16 00:00:00-04:00,94.5443354583691,95.36844773037392,93.98831155208035,95.11029052734375,3611400,0.0,0.0
2026-04-17 00:00:00-04:00,94.72305680446904,95.1301435641681,92.27058235799534,93.35284423828125,4675800,0.0,0.0
2026-04-20 00:00:00-04:00,93.61099956470606,93.75993669830346,92.40958648413294,92.7173843383789,3513400,0.0,0.0
2026-04-21 00:00:00-04:00,93.82944036282991,93.90887451135757,92.06207222200509,92.48902130126953,2975000,0.0,0.0
2026-04-22 00:00:00-04:00,93.32305591097193,93.87908736811498,91.52590188183582,91.72447967529297,2921900,0.0,0.0
2026-04-23 00:00:00-04:00,92.2606489235274,93.45213841153482,92.03228521829129,93.2436294555664,4735500,0.0,0.0
2026-04-24 00:00:00-04:00,93.24362671209562,93.41241858930509,92.4195144994747,92.53865814208984,2724800,0.0,0.0
2026-04-27 00:00:00-04:00,92.57838095721782,93.39256205837094,91.64505620605924,91.80391693115234,3049900,0.0,0.0
2026-04-28 00:00:00-04:00,92.35001137653751,93.09468944278414,91.82377342176434,92.24079132080078,2627700,0.0,0.0
2026-04-29 00:00:00-04:00,91.6946923991393,92.93582252791828,91.64505173914242,91.98263549804688,2607800,0.0,0.0
2026-04-30 00:00:00-04:00,91.5259048462296,94.58405144616506,91.5259048462296,94.4450454711914,4745800,0.0,0.0
2026-05-01 00:00:00-04:00,94.52446794507513,95.37836608301433,93.7202180425829,93.99822998046875,2603500,0.0,0.0
2026-05-04 00:00:00-04:00,93.49185645622282,94.43511234900747,92.84646725709038,93.71028900146484,2411100,0.0,0.0
2026-05-05 00:00:00-04:00,93.91879569916448,94.61383311813948,93.62092901268132,93.70036315917969,2329700,0.0,0.0
2026-05-06 00:00:00-04:00,93.11454537450724,93.43227438379911,91.7145545313096,93.00532531738281,4183800,0.0,0.0
2026-05-07 00:00:00-04:00,91.52589915058594,91.54575389923627,88.98406710895118,90.92022705078125,4261000,0.0,0.0
2026-05-08 00:00:00-04:00,91.79398605635346,92.67767014786607,90.85073013965135,90.8805160522461,4296600,0.0,0.0
2026-05-11 00:00:00-04:00,91.31739698077236,93.06491042676528,90.85073081264433,92.17129516601562,3850300,0.0,0.0
2026-05-12 00:00:00-04:00,91.03938083223505,93.42234465074633,91.03938083223505,92.74717712402344,4276800,0.0,0.0
2026-05-13 00:00:00-04:00,92.24079369385689,92.44930264873936,90.98973238930483,91.02944946289062,4786900,0.0,0.0
2026-05-14 00:00:00-04:00,91.535836357322,92.32023154780707,91.29753390623912,92.20108032226562,3424400,0.0,0.0
2026-05-15 00:00:00-04:00,91.16845860907668,91.36703640866676,89.04364433738147,89.78832244873047,5374000,0.0,0.0
2026-05-18 00:00:00-04:00,90.30462919090135,90.54293164050226,88.33868322086755,89.5897445678711,3054300,0.0,0.0
2026-05-19 00:00:00-04:00,89.40108635023061,90.72165062538691,88.87484838764009,90.66207122802734,3271400,0.0,0.0
2026-05-20 00:00:00-04:00,90.95001824246123,91.4266155655702,90.23512604542648,90.8110122680664,2637700,0.0,0.0
2026-05-21 00:00:00-04:00,90.83087238070645,91.33724802855743,90.11598020108475,90.90037536621094,1886800,0.0,0.0
2026-05-22 00:00:00-04:00,91.25781834822637,92.36986607842718,90.61242917608796,92.1415023803711,2201900,0.0,0.0
2026-05-26 00:00:00-04:00,92.67766707771948,92.69752940229634,90.84079596773762,90.90037536621094,2198700,0.0,0.0
2026-05-27 00:00:00-04:00,90.58264847490038,90.99966639770838,89.93725926564565,90.61243438720703,2603200,0.0,0.0
2026-05-28 00:00:00-04:00,90.52306917810343,90.77129521461808,88.84506632243941,89.39115905761719,2995200,0.0,0.0
2026-05-29 00:00:00-04:00,89.85782473483509,89.88761064701539,87.96137418994319,88.49754333496094,9729000,0.0,0.0
2026-06-01 00:00:00-04:00,87.59400344823403,88.73584471132021,86.48194809696847,86.51173400878906,2968100,0.0,0.0
2026-06-02 00:00:00-04:00,87.03797787901576,89.01385493594233,87.03797787901576,88.91456604003906,4150800,0.0,0.0
2026-06-03 00:00:00-04:00,89.1528639243708,90.60250306436983,88.56704654076594,88.89470672607422,4513500,0.0,0.0
2026-06-04 00:00:00-04:00,88.90463299552592,89.967040067237,88.39824978930639,89.6989517211914,2274600,0.0,0.0
2026-06-05 00:00:00-04:00,89.81810658548491,91.4663310754764,89.81810658548491,90.77129364013672,2958500,0.0,0.0
2026-06-08 00:00:00-04:00,90.83087486028147,91.02945265992743,88.34861448841964,88.36846923828125,3633600,0.0,0.0
2026-06-09 00:00:00-04:00,88.96421193234575,90.41385110850679,88.46775984837589,90.22520446777344,3770200,0.0,0.0
2026-06-10 00:00:00-04:00,90.90037812175129,91.08902475940647,89.77839158212211,90.38406372070312,3146100,0.0,0.0
2026-06-11 00:00:00-04:00,90.79115299994153,92.02235195841969,90.60249879754109,90.89044189453125,4148400,0.0,0.0
2026-06-12 00:00:00-04:00,91.06916914841358,92.30036816385591,91.06916914841358,91.63512420654297,3057700,0.0,0.0
2026-06-15 00:00:00-04:00,91.22803120541325,91.99257164834141,90.55285607573659,91.27767944335938,4876800,0.0,0.0
2026-06-16 00:00:00-04:00,91.37696211590139,92.32022554578391,90.97979896517492,91.11880493164062,5062700,0.0,0.0
2026-06-17 00:00:00-04:00,90.40392257342467,91.25782071714163,89.1627924314241,89.6095962524414,5537100,0.0,0.0
2026-06-18 00:00:00-04:00,89.78832107575883,90.92023118168045,89.20250369798825,90.04647827148438,9725500,0.0,0.0
2026-06-22 00:00:00-04:00,90.02661568139717,91.48618596506297,89.36137173211982,90.96987915039062,4648600,0.0,0.0
2026-06-23 00:00:00-04:00,91.18831279733087,91.81384725517633,90.44363469056812,91.63512420654297,5280300,0.0,0.0
2026-06-24 00:00:00-04:00,92.06207506289918,92.27058402777553,90.84079961118624,92.07200622558594,2976700,0.0,0.0
2026-06-25 00:00:00-04:00,92.55999755859375,93.63999938964844,91.66999816894531,93.43000030517578,4571600,0.658,0.0
2026-06-26 00:00:00-04:00,93.81999969482422,94.30999755859375,92.9000015258789,94.2699966430664,4169600,0.0,0.0
2026-06-29 00:00:00-04:00,93.8499984741211,94.55999755859375,93.11000061035156,93.91000366210938,5045000,0.0,0.0
2026-06-30 00:00:00-04:00,93.33000183105469,93.76000213623047,92.43000030517578,92.70999908447266,7164500,0.0,0.0
2026-07-01 00:00:00-04:00,92.31999969482422,93.11000061035156,91.27999877929688,91.37000274658203,3620200,0.0,0.0
2026-07-02 00:00:00-04:00,92.16000366210938,93.19999694824219,91.83000183105469,93.05999755859375,2169900,0.0,0.0
2026-07-06 00:00:00-04:00,93.0199966430664,93.31999969482422,92.16999816894531,92.94999694824219,3101200,0.0,0.0
2026-07-07 00:00:00-04:00,93.9000015258789,95.51000213623047,93.41000366210938,94.58999633789062,2541900,0.0,0.0
2026-07-08 00:00:00-04:00,95.0999984741211,96.0199966430664,94.41000366210938,95.33000183105469,3113600,0.0,0.0
2026-07-09 00:00:00-04:00,95.51000213623047,95.97000122070312,93.8499984741211,94.62000274658203,3593100,0.0,0.0
2026-07-10 00:00:00-04:00,94.61000061035156,95.01000213623047,93.80000305175781,94.19999694824219,2409900,0.0,0.0
2026-07-13 00:00:00-04:00,94.55000305175781,95.33000183105469,93.97000122070312,94.41000366210938,2455000,0.0,0.0
2026-07-14 00:00:00-04:00,95.05999755859375,95.61000061035156,93.31999969482422,93.36000061035156,2330300,0.0,0.0
2026-07-15 00:00:00-04:00,93.2300033569336,94.23999786376953,92.45999908447266,92.77999877929688,2495500,0.0,0.0
2026-07-16 00:00:00-04:00,92.51000213623047,93.47000122070312,92.3499984741211,93.1500015258789,2289500,0.0,0.0
2026-07-17 00:00:00-04:00,94.55000305175781,95.12000274658203,92.19000244140625,92.25,3297600,0.0,0.0
2026-07-20 00:00:00-04:00,92.51000213623047,93.33999633789062,90.66000366210938,90.69000244140625,2440000,0.0,0.0
2026-07-21 00:00:00-04:00,90.33999633789062,90.75,89.4000015258789,90.58999633789062,2604700,0.0,0.0
2026-07-22 00:00:00-04:00,91.62999725341797,93.41000366210938,91.36000061035156,93.05000305175781,2991300,0.0,0.0
2026-07-23 00:00:00-04:00,92.9000015258789,94.20999908447266,92.45999908447266,93.44000244140625,2473900,0.0,0.0
2026-07-24 00:00:00-04:00,93.83000183105469,94.25,92.76000213623047,92.9800033569336,2577600,0.0,0.0
2026-07-27 00:00:00-04:00,92.5999984741211,93.1500015258789,91.12999725341797,91.25,1977400,0.0,0.0
2026-07-28 00:00:00-04:00,91.45999908447266,93.0199966430664,90.52999877929688,90.55999755859375,2222500,0.0,0.0
2026-07-29 00:00:00-04:00,90.9800033569336,91.4800033569336,88.62000274658203,88.81999969482422,2766900,0.0,0.0
2026-07-30 00:00:00-04:00,88.72000122070312,89.69999694824219,88.20999908447266,89.58000183105469,4472800,0.0,0.0
2026-07-31 00:00:00-04:00,89.54000091552734,89.9800033569336,88.52999877929688,88.55000305175781,2768300,0.0,0.0
2026-08-03 00:00:00-04:00,88.33999633789062,89.01000213623047,87.51000213623047,87.7300033569336,3333000,0.0,0.0
2026-08-04 00:00:00-04:00,87.48999786376953,87.61000061035156,85.80000305175781,86.6500015258789,6351100,0.0,0.0
2026-08-05 00:00:00-04:00,86.66999816894531,86.81999969482422,84.11000061035156,84.66000366210938,5263000,0.0,0.0
2026-08-06 00:00:00-04:00,84.63999938964844,85.95999908447266,84.04000091552734,84.3499984741211,5711100,0.0,0.0
2026-08-07 00:00:00-04:00,83.83999633789062,85.70999908447266,83.6500015258789,83.87999725341797,6403200,0.0,0.0
2026-08-10 00:00:00-04:00,83.8499984741211,85.16000366210938,83.8499984741211,84.30999755859375,4586200,0.0,0.0
2026-08-11 00:00:00-04:00,84.3499984741211,85.75,83.94999694824219,85.4800033569336,3299000,0.0,0.0
2026-08-12 00:00:00-04:00,85.56999969482422,86.7300033569336,85.29000091552734,85.91999816894531,4025700,0.0,0.0
2026-08-13 00:00:00-04:00,86.19000244140625,86.9800033569336,85.8499984741211,86.4800033569336,3799200,0.0,0.0
2026-08-14 00:00:00-04:00,86.38999938964844,87.26000213623047,86.23999786376953,86.41000366210938,3421700,0.0,0.0
2026-08-17 00:00:00-04:00,86.16000366210938,86.33999633789062,85.56999969482422,85.94000244140625,3285900,0.0,0.0
2026-08-18 00:00:00-04:00,86.98999786376953,87.30000305175781,86.4000015258789,87.18000030517578,3557200,0.0,0.0
2026-08-19 00:00:00-04:00,87.37000274658203,87.55000305175781,85.43000030517578,85.58999633789062,2672300,0.0,0.0
2026-08-20 00:00:00-04:00,85.05000305175781,88.13999938964844,85.05000305175781,87.37999725341797,4952700,0.0,0.0
2026-08-21 00:00:00-04:00,87.63999938964844,87.83000183105469,82.66999816894531,82.88999938964844,5176200,0.0,0.0
2026-08-24 00:00:00-04:00,83.08000183105469,84.83000183105469,82.8499984741211,84.56999969482422,3765700,0.0,0.0
2026-08-25 00:00:00-04:00,84.66000366210938,85.0,83.98999786376953,84.02999877929688,2977900,0.0,0.0
2026-08-26 00:00:00-04:00,84.12000274658203,85.47000122070312,84.01000213623047,85.27999877929688,2136600,0.0,0.0
2026-08-27 00:00:00-04:00,84.44000244140625,85.01000213623047,83.69000244140625,84.75,2575900,0.0,0.0
2026-08-28 00:00:00-04:00,85.4000015258789,87.19000244140625,83.58000183105469,84.30999755859375,4959500,0.0,0.0
2026-08-31 00:00:00-04:00,79.9800033569336,82.56999969482422,79.58999633789062,81.69999694824219,9467000,0.0,0.0
2026-09-01 00:00:00-04:00,82.95999908447266,84.48999786376953,82.4000015258789,84.26000213623047,6414800,0.0,0.0
2026-09-02 00:00:00-04:00,83.58999633789062,84.41999816894531,82.55999755859375,83.79000091552734,6581500,0.0,0.0
2026-09-03 00:00:00-04:00,84.01000213623047,84.7300033569336,83.83999633789062,84.56999969482422,3504300,0.0,0.0
2026-09-04 00:00:00-04:00,84.0,84.55999755859375,83.55000305175781,84.04000091552734,2705600,0.0,0.0
