Date,Open,High,Low,Close,Volume,Dividends,Stock Splits
2021-01-04 00:00:00-05:00,15.308629506142982,15.36071766496067,15.115903713134765,15.334672927856445,86700816,0.0,0.0
2021-01-05 00:00:00-05:00,15.365920681811296,15.496140370901056,15.204447320259009,15.2409086227417,83054520,0.0,0.0
2021-01-06 00:00:00-05:00,15.319045317074448,15.626362649972616,15.298209530225442,15.537813186645508,73455520,0.0,0.0
2021-01-07 00:00:00-05:00,15.63677917197118,15.673240480368511,15.459680260849447,15.579482078552246,71265359,0.0,0.0
2021-01-08 00:00:00-05:00,15.5360179389243,15.57333829571931,15.328089467419638,15.472039222717285,72471656,0.52,0.0
2021-01-11 00:00:00-05:00,15.32275791332599,15.472039341653591,15.290767881785678,15.392066955566406,40833484,0.0,0.0
2021-01-12 00:00:00-05:00,15.392070915524217,15.392070915524217,15.2001374088121,15.328093528747559,57515222,0.0,0.0
2021-01-13 00:00:00-05:00,15.349417813584306,15.35474948651051,15.178809665474018,15.253450393676758,51383116,0.0,0.0
2021-01-14 00:00:00-05:00,15.274774402445228,15.871902815948669,15.21079568495038,15.61599063873291,84548919,0.0,0.0
2021-01-15 00:00:00-05:00,15.434718748493104,15.615990205588417,15.365409707312791,15.552011489868164,53824704,0.0,0.0
2021-01-19 00:00:00-05:00,15.610661768426215,15.66397715151026,15.408064928365317,15.434721946716309,53971536,0.0,0.0
2021-01-20 00:00:00-05:00,15.461377375682904,15.466709048081434,15.322759278848805,15.440052032470703,43086270,0.0,0.0
2021-01-21 00:00:00-05:00,15.413391008594637,15.504026730953072,15.338750300669464,15.370738983154297,37102320,0.0,0.0
2021-01-22 00:00:00-05:00,15.360081530289571,15.488037644461652,15.232125416117492,15.42405891418457,45975370,0.0,0.0
2021-01-25 00:00:00-05:00,15.333423037132277,15.55734657166139,15.189473251378049,15.520026206970215,68733209,0.0,0.0
2021-01-26 00:00:00-05:00,15.51469394024199,15.909225610479673,15.49870026820472,15.86124324798584,66887024,0.0,0.0
2021-01-27 00:00:00-05:00,15.482704898458188,16.101160080622126,15.440052863356607,15.536020278930664,97381127,0.0,0.0
2021-01-28 00:00:00-05:00,15.47737315797325,15.845247800601644,15.344085380566932,15.354748725891113,69698670,0.0,0.0
2021-01-29 00:00:00-05:00,15.344084867025026,15.482704312454064,15.23212378401423,15.26411247253418,66272688,0.0,0.0
2021-02-01 00:00:00-05:00,15.429389581728975,15.450716272558868,15.104168317629075,15.274776458740234,56774709,0.0,0.0
2021-02-02 00:00:00-05:00,15.344086369645096,15.365413061668177,15.130826181324654,15.216130256652832,56673026,0.0,0.0
2021-02-03 00:00:00-05:00,15.200132369995119,15.301430089875167,15.168142340829283,15.200132369995117,53468813,0.0,0.0
2021-02-04 00:00:00-05:00,15.205467282288678,15.40273380279541,15.178810262990357,15.40273380279541,42001782,0.0,0.0
2021-02-05 00:00:00-05:00,15.450717279459223,15.498700990571512,15.386738549182141,15.42405891418457,36503739,0.0,0.0
2021-02-08 00:00:00-05:00,15.44538830189701,15.456050303485494,15.258785097937226,15.338757514953613,42459356,0.0,0.0
2021-02-09 00:00:00-05:00,15.28011098894657,15.344088380636522,15.226795598283442,15.258784294128418,43411312,0.0,0.0
2021-02-10 00:00:00-05:00,15.269446918115436,15.280110265019312,15.184142835648792,15.221463203430176,55965612,0.0,0.0
2021-02-11 00:00:00-05:00,15.200136449694119,15.301434196762365,15.173478084900848,15.296102523803711,44673216,0.0,0.0
2021-02-12 00:00:00-05:00,15.248117965413265,15.376074070157491,15.242787639133159,15.354748725891113,38015880,0.0,0.0
2021-02-16 00:00:00-05:00,15.354746389524585,15.557343187947142,15.317426032950571,15.445382118225098,51239727,0.0,0.0
2021-02-17 00:00:00-05:00,15.365411679500747,15.855910741706854,15.354748334448407,15.765275001525879,67769867,0.0,0.0
2021-02-18 00:00:00-05:00,15.754613511229898,15.775940203845321,15.57334200952725,15.584005355834961,35751575,0.0,0.0
2021-02-19 00:00:00-05:00,15.61599160195323,15.637318291227583,15.450715145604585,15.461377143859863,39326772,0.0,0.0
2021-02-22 00:00:00-05:00,15.456044527743508,15.765273425047692,15.450714202132307,15.631985664367676,46173044,0.0,0.0
2021-02-23 00:00:00-05:00,15.807924363768015,15.893228417006187,15.520022174302891,15.557342529296875,62175305,0.0,0.0
2021-02-24 00:00:00-05:00,15.621323682356177,15.775938144488622,15.568008304159404,15.663975715637207,45852636,0.0,0.0
2021-02-25 00:00:00-05:00,15.546683035875906,15.59999706794851,15.242787128981526,15.26411247253418,77501929,0.0,0.0
2021-02-26 00:00:00-05:00,15.290769896149898,15.349416948651344,14.86958122253418,14.86958122253418,102619798,0.0,0.0
2021-03-01 00:00:00-05:00,15.013531346402683,15.16814445674555,14.93888928098506,14.97620964050293,58790102,0.0,0.0
2021-03-02 00:00:00-05:00,14.970879110776925,15.173475922421982,14.970879110776925,15.045519828796387,47299370,0.0,0.0
2021-03-03 00:00:00-05:00,15.024195698475342,15.424057681825929,15.024195698475342,15.31209659576416,75820581,0.0,0.0
2021-03-04 00:00:00-05:00,15.338752622225972,15.631986519593932,15.274775247573178,15.41872501373291,80437237,0.0,0.0
2021-03-05 00:00:00-05:00,15.466711372846364,15.85591274538363,15.450717699628722,15.7919340133667,77737336,0.0,0.0
2021-03-08 00:00:00-05:00,15.74928147656858,16.20246022042298,15.685304092955063,15.989198684692383,74116593,0.0,0.0
2021-03-09 00:00:00-05:00,15.941215545156897,16.069171652545148,15.786601073907335,15.802596092224121,63488580,0.0,0.0
2021-03-10 00:00:00-05:00,15.962541665917097,16.079834433463265,15.765276495662997,15.989198684692383,57977033,0.0,0.0
2021-03-11 00:00:00-05:00,15.946546092968129,15.994529802202738,15.72795558456229,15.74928092956543,48327854,0.0,0.0
2021-03-12 00:00:00-05:00,15.941215099132531,16.45837118698812,15.845247684680944,15.893231391906738,92827229,0.0,0.0
2021-03-15 00:00:00-04:00,16.005190427152016,16.03184744046999,15.823918966720738,15.957206726074219,56121050,0.0,0.0
2021-03-16 00:00:00-04:00,15.861243917465352,16.015857049849746,15.829253879276514,15.989198684692383,50311735,0.0,0.0
2021-03-17 00:00:00-04:00,16.058505461148613,16.117152504868184,15.893229020026457,16.074499130249023,52881354,0.0,0.0
2021-03-18 00:00:00-04:00,16.03184658608,16.261103081753042,15.989194559215228,15.999857902526855,41438817,0.0,0.0
2021-03-19 00:00:00-04:00,15.999861112733182,16.02651812997897,15.791932608346425,15.866573333740234,97559734,0.0,0.0
2021-03-22 00:00:00-04:00,15.87723759017769,15.99986203075533,15.770608168694471,15.989198684692383,41525936,0.0,0.0
2021-03-23 00:00:00-04:00,15.967872706401792,16.138480851122186,15.893231979682126,15.994529724121094,48880756,0.0,0.0
2021-03-24 00:00:00-04:00,15.98386835804299,16.149144836490333,15.978536685011516,15.989198684692383,44403518,0.0,0.0
2021-03-25 00:00:00-04:00,15.994531720093992,16.095830823556195,15.893233963013982,16.03718376159668,49001902,0.0,0.0
2021-03-26 00:00:00-04:00,16.14381028161243,16.314418402635834,16.037179532781884,16.159805297851562,83378238,0.0,0.0
2021-03-29 00:00:00-04:00,16.207790566255607,16.341078341981724,16.111823152311686,16.293094635009766,49355145,0.0,0.0
2021-03-30 00:00:00-04:00,16.319755011461307,16.389065423082197,16.207793903064516,16.38373374938965,46516092,0.0,0.0
2021-03-31 00:00:00-04:00,16.34107739411394,16.34107739411394,16.101158873170665,16.138479232788086,59981040,0.0,0.0
2021-04-01 00:00:00-04:00,16.122483791528044,16.250441230250736,16.010522715623004,16.24510955810547,42999548,0.0,0.0
2021-04-05 00:00:00-04:00,16.32508604820506,16.442378825718034,16.31442270123601,16.373069763183594,50996905,0.0,0.0
2021-04-06 00:00:00-04:00,16.373068141175587,16.517019271850586,16.362404795262908,16.517019271850586,44574314,0.0,0.0
2021-04-07 00:00:00-04:00,16.53301038332286,16.607651100385418,16.42104930772902,16.490358352661133,53821262,0.0,0.0
2021-04-08 00:00:00-04:00,16.522249135658733,16.544059973978108,16.320491651777072,16.358661651611328,66037678,0.52,0.0
2021-04-09 00:00:00-04:00,16.385927144488903,16.46226714519954,16.30958576674445,16.380474090576172,44111311,0.0,0.0
2021-04-12 00:00:00-04:00,16.36411692319636,16.445909987788166,16.304136076913824,16.33685302734375,32913051,0.0,0.0
2021-04-13 00:00:00-04:00,16.282318395327387,16.282318395327387,16.091468434327883,16.156902313232422,54794270,0.0,0.0
2021-04-14 00:00:00-04:00,16.140546992453558,16.2496053192681,15.976960879265594,16.211435317993164,41425180,0.0,0.0
2021-04-15 00:00:00-04:00,16.238699322686397,16.271416270141877,16.18417015890469,16.222341537475586,35073819,0.0,0.0
2021-04-16 00:00:00-04:00,16.309585794565766,16.37502106459637,16.271415794145334,16.331398010253906,39935944,0.0,0.0
2021-04-19 00:00:00-04:00,16.358661595689767,16.402284649213193,16.255057704217755,16.353208541870117,39439974,0.0,0.0
2021-04-20 00:00:00-04:00,16.34230813892794,16.369572038212254,16.276872852797762,16.29868507385254,35799239,0.0,0.0
2021-04-21 00:00:00-04:00,16.336850897487672,16.489530897611566,16.309585628155688,16.418643951416016,45489198,0.0,0.0
2021-04-22 00:00:00-04:00,17.067535210830457,17.389255695570444,16.9857407936331,17.100252151489258,143684584,0.0,0.0
2021-04-23 00:00:00-04:00,17.16569093033947,17.29110704278101,17.122066497802734,17.122066497802734,53428961,0.0,0.0
2021-04-26 00:00:00-04:00,17.111164163811146,17.111164163811146,16.84397273929585,16.854877471923828,60190761,0.0,0.0
2021-04-27 00:00:00-04:00,16.81670584600348,16.83851806322741,16.702195836679564,16.778535842895508,44211273,0.0,0.0
2021-04-28 00:00:00-04:00,16.887594167584858,16.985745013948026,16.849424164493527,16.88214111328125,37193014,0.0,0.0
2021-04-29 00:00:00-04:00,16.974839741081603,17.19295502110103,16.96393363282216,17.0893497467041,50944740,0.0,0.0
2021-04-30 00:00:00-04:00,17.100255714153718,17.138425715713577,16.931216545659826,17.127519607543945,41484362,0.0,0.0
2021-05-03 00:00:00-04:00,17.329280919483917,17.367450929455487,17.160241713738042,17.176599502563477,49589228,0.0,0.0
2021-05-04 00:00:00-04:00,17.23112456808453,17.492862897198123,17.203860675189556,17.460145950317383,68700639,0.0,0.0
2021-05-05 00:00:00-04:00,17.454691045894634,17.547390199757544,17.34563410884242,17.46559715270996,41937965,0.0,0.0
2021-05-06 00:00:00-04:00,17.471049701050223,17.678258839382835,17.291104451934075,17.672805786132812,38556072,0.0,0.0
2021-05-07 00:00:00-04:00,17.558295977870756,17.6455420766927,17.48195598565997,17.536483764648438,38330065,0.0,0.0
2021-05-10 00:00:00-04:00,17.629186697292305,17.940002540161704,17.59101669300149,17.792774200439453,54262286,0.0,0.0
2021-05-11 00:00:00-04:00,17.716429049881953,17.814581255504994,17.492860749088873,17.591012954711914,44221335,0.0,0.0
2021-05-12 00:00:00-04:00,17.53103315101839,17.612826207917344,17.411070092702186,17.43288230895996,41682300,0.0,0.0
2021-05-13 00:00:00-04:00,17.356538792548093,17.64008930679175,17.263841015964957,17.563749313354492,35838562,0.0,0.0
2021-05-14 00:00:00-04:00,17.629182837725985,17.749147255843482,17.56920062866724,17.580106735229492,28044703,0.0,0.0
2021-05-17 00:00:00-04:00,18.272624830724,18.47438230485922,17.034818849139537,17.1057071685791,227010260,0.0,0.0
2021-05-18 00:00:00-04:00,16.29322650466859,16.35866039162061,15.753390740662818,16.11328125,327097378,0.0,0.0
2021-05-19 00:00:00-04:00,15.840635318373048,15.911522251928298,15.633426193567766,15.791559219360352,162369932,0.0,0.0
2021-05-20 00:00:00-04:00,15.818826471511517,16.195076184960506,15.764297308006267,16.1623592376709,108488825,0.0,0.0
2021-05-21 00:00:00-04:00,16.36411476135254,16.489530868960337,16.282321707566314,16.36411476135254,98754380,0.0,0.0
2021-05-24 00:00:00-04:00,16.38592765178685,16.445908492616255,16.211435429312473,16.222341537475586,63020282,0.0,0.0
2021-05-25 00:00:00-04:00,16.200533473171465,16.22234569508793,15.93879507237917,16.0969295501709,77290883,0.0,0.0
2021-05-26 00:00:00-04:00,16.08601735994227,16.162357353730858,16.020582095956563,16.11328125,43765747,0.0,0.0
2021-05-27 00:00:00-04:00,16.167814055001624,16.304136290115252,16.124190994846625,16.200531005859375,62823932,0.0,0.0
2021-05-28 00:00:00-04:00,16.20053159003096,16.20053159003096,16.015133233428465,16.0478515625,54191320,0.0,0.0
2021-06-01 00:00:00-04:00,16.06420640142568,16.102376401302337,15.93333724026265,15.987866401672363,52162290,0.0,0.0
2021-06-02 00:00:00-04:00,15.976960742660497,16.16235907043973,15.895167686765857,16.145999908447266,53003692,0.0,0.0
2021-06-03 00:00:00-04:00,16.064207390061547,16.124189609007082,15.916979058304626,15.938791275024414,60788150,0.0,0.0
2021-06-04 00:00:00-04:00,15.944244974147315,15.9987741411186,15.916979702144701,15.960602760314941,45228105,0.0,0.0
2021-06-07 00:00:00-04:00,15.976961932742087,15.993321095953101,15.81882748613744,15.8569974899292,43812219,0.0,0.0
2021-06-08 00:00:00-04:00,15.829732192434566,15.835185246355097,15.666146082953874,15.802468299865723,81796720,0.0,0.0
2021-06-09 00:00:00-04:00,15.78610592089611,15.9115220044071,15.747935928265248,15.818822860717773,38698004,0.0,0.0
2021-06-10 00:00:00-04:00,15.818825612827208,15.971506986947222,15.813372559069302,15.911524772644043,46019327,0.0,0.0
2021-06-11 00:00:00-04:00,15.93333724026265,16.004224186171616,15.88426113269729,15.987866401672363,41163954,0.0,0.0
2021-06-14 00:00:00-04:00,15.938790068026043,15.966053959827278,15.791561747418296,15.862448692321777,36006312,0.0,0.0
2021-06-15 00:00:00-04:00,15.84608996440439,15.97695911591774,15.835183857519853,15.966053009033203,34705350,0.0,0.0
2021-06-16 00:00:00-04:00,15.9660495204924,15.998767833997142,15.807915136319663,15.846086502075195,40251454,0.0,0.0
2021-06-17 00:00:00-04:00,15.83518260933848,15.89516481544174,15.655237368062288,15.67159652709961,47283350,0.0,0.0
2021-06-18 00:00:00-04:00,15.611616246755778,15.687956244279636,15.491653196784894,15.622522354125977,86995009,0.0,0.0
2021-06-21 00:00:00-04:00,15.660693698707648,15.78610981314141,15.63342980497296,15.775203704833984,44495668,0.0,0.0
2021-06-22 00:00:00-04:00,15.780655069113338,15.813372013498238,15.687955912494681,15.693408966064453,41524215,0.0,0.0
2021-06-23 00:00:00-04:00,15.704315405334931,15.769749295488593,15.617069300440876,15.622522354125977,31479689,0.0,0.0
2021-06-24 00:00:00-04:00,15.65523522002792,15.726122145396172,15.600706074418975,15.698858261108398,47503266,0.0,0.0
2021-06-25 00:00:00-04:00,15.649786948937306,15.786109166090835,15.627976110250328,15.753392219543457,37039297,0.0,0.0
2021-06-28 00:00:00-04:00,15.764295908404025,15.764295908404025,15.677051182388869,15.693408966064453,35873515,0.0,0.0
2021-06-29 00:00:00-04:00,15.704314503332016,15.835183653156415,15.622521456820978,15.627974510192871,42715947,0.0,0.0
2021-06-30 00:00:00-04:00,15.627975077294655,15.737032017588897,15.622522023724883,15.693408966064453,43623814,0.0,0.0
2021-07-01 00:00:00-04:00,15.75339280565233,15.933338083908545,15.737033643253083,15.873355865478516,34947642,0.0,0.0
2021-07-02 00:00:00-04:00,15.873356001898934,16.004225171116012,15.867902947718987,15.938791275024414,37964376,0.0,0.0
2021-07-06 00:00:00-04:00,15.966053137344886,15.993318404775346,15.78610788043868,15.824277877807617,53233538,0.0,0.0
2021-07-07 00:00:00-04:00,15.829732869337235,15.851545085952086,15.737033702791873,15.775203704833984,44484282,0.0,0.0
2021-07-08 00:00:00-04:00,15.791107673167213,15.84696473412878,15.690561295868372,15.740835189819336,52985421,0.52,0.0
2021-07-09 00:00:00-04:00,15.77994225036143,15.941930333511412,15.774356259824716,15.891657829284668,45214865,0.0,0.0
2021-07-12 00:00:00-04:00,15.830213799111647,15.964273332090203,15.768769317520132,15.908414840698242,35588988,0.0,0.0
2021-07-13 00:00:00-04:00,15.908413498589738,15.986614533578926,15.763181997464486,15.791111946105957,38431218,0.0,0.0
2021-07-14 00:00:00-04:00,15.785524368286133,15.841382849346006,15.72966588722626,15.785524368286133,42322852,0.0,0.0
2021-07-15 00:00:00-04:00,15.774356441802047,15.919587965620993,15.757598469998584,15.880487442016602,36102832,0.0,0.0
2021-07-16 00:00:00-04:00,15.919580812962893,15.992195836944637,15.807863872341539,15.830207824707031,34673177,0.0,0.0
2021-07-19 00:00:00-04:00,15.70173624106595,15.752008733918966,15.36100218024405,15.522990226745605,76367393,0.0,0.0
2021-07-20 00:00:00-04:00,15.47830083226795,15.740835226045082,15.444786313493264,15.59001636505127,46026477,0.0,0.0
2021-07-21 00:00:00-04:00,15.684979493764875,15.807867024470005,15.556504563251176,15.584434509277344,40798133,0.0,0.0
2021-07-22 00:00:00-04:00,15.78552571164447,15.835798207816245,15.4950627138972,15.645878791809082,48904588,0.0,0.0
2021-07-23 00:00:00-04:00,15.623536048343313,15.757595566256034,15.606778079627937,15.724081039428711,40029948,0.0,0.0
2021-07-26 00:00:00-04:00,15.684976718254683,15.774349708516892,15.645874800737268,15.740835189819336,48400144,0.0,0.0
2021-07-27 00:00:00-04:00,15.645881254119736,15.863729242016296,15.573266198556661,15.752012252807617,45261337,0.0,0.0
2021-07-28 00:00:00-04:00,15.724081236189312,15.8022822699661,15.562091768390603,15.645878791809082,42069835,0.0,0.0
2021-07-29 00:00:00-04:00,15.746425747942888,15.891657264928838,15.701739235839797,15.802284240722656,42129018,0.0,0.0
2021-07-30 00:00:00-04:00,15.846968449803569,15.86372641838317,15.64587846926203,15.668222427368164,49652913,0.0,0.0
2021-08-02 00:00:00-04:00,15.774355775361654,15.947515834266959,15.657052798900647,15.701739311218262,43086667,0.0,0.0
2021-08-03 00:00:00-04:00,15.684985406472203,15.779944437550833,15.590024964789704,15.746428489685059,37982515,0.0,0.0
2021-08-04 00:00:00-04:00,15.662634260944955,15.70732076034298,15.534160751501036,15.556503295898438,38980149,0.0,0.0
2021-08-05 00:00:00-04:00,15.567677628273941,15.645878661398912,15.56209163867881,15.606778144836426,27837762,0.0,0.0
2021-08-06 00:00:00-04:00,15.590021442882223,15.690566442557916,15.590021442882223,15.617951393127441,30562686,0.0,0.0
2021-08-09 00:00:00-04:00,15.623533750297085,15.640290305944333,15.534160751501036,15.556503295898438,33359504,0.0,0.0
2021-08-10 00:00:00-04:00,15.539748088650827,15.701736134048328,15.511818142476539,15.690564155578613,29472770,0.0,0.0
2021-08-11 00:00:00-04:00,15.68498020483553,15.763181236047332,15.6514642680847,15.729666709899902,27142927,0.0,0.0
2021-08-12 00:00:00-04:00,15.75201329177635,15.76318527355483,15.612367751356615,15.651468276977539,25167519,0.0,0.0
2021-08-13 00:00:00-04:00,15.662641441228352,15.785530428861795,15.640297475984502,15.746428489685059,29052135,0.0,0.0
2021-08-16 00:00:00-04:00,15.718497720286479,15.802284756891156,15.629124693161002,15.752012252807617,27148223,0.0,0.0
2021-08-17 00:00:00-04:00,15.684985406472203,15.791116420172758,15.645883467295464,15.746428489685059,26361502,0.0,0.0
2021-08-18 00:00:00-04:00,15.67380976493202,15.724082264391129,15.52857825656166,15.545334815979004,36599729,0.0,0.0
2021-08-19 00:00:00-04:00,15.528578386788109,15.55650692645359,15.361004327588127,15.377760887145996,49881700,0.0,0.0
2021-08-20 00:00:00-04:00,15.372171717190714,15.550917719522747,15.321900638312679,15.400101661682129,36754240,0.0,0.0
2021-08-23 00:00:00-04:00,15.42803753632948,15.48389604128689,15.361008458863731,15.37217903137207,37017584,0.0,0.0
2021-08-24 00:00:00-04:00,15.377757254274956,15.39451522047744,15.288384255734808,15.333070755004883,38782343,0.0,0.0
2021-08-25 00:00:00-04:00,15.333076660950466,15.372177186546995,15.271633582414676,15.321906089782715,29708309,0.0,0.0
2021-08-26 00:00:00-04:00,15.305146046244003,15.316318026503875,15.087299484194334,15.092884063720703,49257302,0.0,0.0
2021-08-27 00:00:00-04:00,15.104057747365651,15.193430778316685,15.014684716414617,15.154330253601074,42686157,0.0,0.0
2021-08-30 00:00:00-04:00,15.148741527976265,15.249286522295305,15.109641010319631,15.210186004638672,40268666,0.0,0.0
2021-08-31 00:00:00-04:00,15.187846858062784,15.36100693672864,15.148744921044491,15.316320419311523,52696392,0.0,0.0
2021-09-01 00:00:00-04:00,15.327486908616406,15.338657476014802,15.159911470401076,15.187841415405273,37546257,0.0,0.0
2021-09-02 00:00:00-04:00,15.182258094110127,15.567678707461539,15.171086114145398,15.439205169677734,80611740,0.0,0.0
2021-09-03 00:00:00-04:00,15.439209187816454,15.500653683010205,15.260463104275248,15.394522666931152,35800298,0.0,0.0
2021-09-07 00:00:00-04:00,15.344248963720801,15.388935481137917,15.288390464298457,15.316320419311523,34935329,0.0,0.0
2021-09-08 00:00:00-04:00,15.338660493927256,15.49506398491361,15.338660493927256,15.416861534118652,37976292,0.0,0.0
2021-09-09 00:00:00-04:00,15.400107463143144,15.455965962565488,15.31073442830891,15.316320419311523,39806590,0.0,0.0
2021-09-10 00:00:00-04:00,15.349829776061897,15.355415765179933,15.171083766698011,15.182255744934082,38245594,0.0,0.0
2021-09-13 00:00:00-04:00,15.271635415173447,15.500654015955291,15.266049423617313,15.37217903137207,51168760,0.0,0.0
2021-09-14 00:00:00-04:00,15.388933121779118,15.42244765205272,15.221359059807542,15.266045570373535,38046729,0.0,0.0
2021-09-15 00:00:00-04:00,15.27721413772967,15.444788162265137,15.254870182136537,15.400101661682129,44541081,0.0,0.0
2021-09-16 00:00:00-04:00,15.394518984322637,15.49506398491361,15.327489924331028,15.416861534118652,38041698,0.0,0.0
2021-09-17 00:00:00-04:00,15.316317817761227,15.606779426334295,15.316317817761227,15.377760887145996,89996517,0.0,0.0
2021-09-20 00:00:00-04:00,15.260457227880782,15.2883857637031,15.048195277459085,15.199012756347656,64631457,0.0,0.0
2021-09-21 00:00:00-04:00,15.254874059613561,15.321904532827478,15.0481980602573,15.059370040893555,47120101,0.0,0.0
2021-09-22 00:00:00-04:00,15.092882018344744,15.199012995223605,15.07612546082934,15.087297439575195,41950675,0.0,0.0
2021-09-23 00:00:00-04:00,15.115224968997644,15.2436984842071,15.092881012994287,15.187841415405273,45047776,0.0,0.0
2021-09-24 00:00:00-04:00,15.165502235120885,15.29397579078753,15.137573691925084,15.154330253601074,32406489,0.0,0.0
2021-09-27 00:00:00-04:00,15.17667456607019,15.444793665096496,15.171088575181672,15.305148124694824,42571764,0.0,0.0
2021-09-28 00:00:00-04:00,15.32748768591121,15.495061722021351,15.187842185618308,15.215770721435547,43597466,0.0,0.0
2021-09-29 00:00:00-04:00,15.238119055240128,15.400107148592111,15.17667456607019,15.305148124694824,41619543,0.0,0.0
2021-09-30 00:00:00-04:00,15.349830476482506,15.366588444601287,15.087297439575194,15.087297439575195,58751838,0.0,0.0
2021-10-01 00:00:00-04:00,15.15991528420242,15.305146802950492,15.087300230130202,15.171087265014648,41759490,0.0,0.0
2021-10-04 00:00:00-04:00,15.215773262712618,15.338660815677349,15.131986230663776,15.221359252929688,57892430,0.0,0.0
2021-10-05 00:00:00-04:00,15.249284105961406,15.349829084348535,15.17666907190584,15.277214050292969,42649350,0.0,0.0
2021-10-06 00:00:00-04:00,15.226940928491556,15.271627426962294,15.064951489908136,15.25486946105957,73923686,0.0,0.0
2021-10-07 00:00:00-04:00,15.471750432227326,15.603546502152014,15.454559074247756,15.523323059082031,64402935,0.52,0.0
2021-10-08 00:00:00-04:00,15.506132213926131,15.540513483938334,15.328492516847634,15.339953422546387,51635868,0.0,0.0
2021-10-11 00:00:00-04:00,15.29411238155886,15.339954560671005,14.915915489196777,14.915915489196777,85460890,0.0,0.0
2021-10-12 00:00:00-04:00,14.910186328588631,14.915916782359982,14.531987956353776,14.572099685668945,101515979,0.0,0.0
2021-10-13 00:00:00-04:00,14.486144910341402,14.589288730828676,14.331427008984189,14.497604370117188,80546996,0.0,0.0
2021-10-14 00:00:00-04:00,14.537716058857574,14.789848773694006,14.526256599111889,14.680973052978516,75032669,0.0,0.0
2021-10-15 00:00:00-04:00,14.721082863676159,14.864341286234522,14.698162500083948,14.726813316345215,63061723,0.0,0.0
2021-10-18 00:00:00-04:00,14.6465894624366,14.698162087927923,14.486142580538232,14.514793395996094,59807596,0.0,0.0
2021-10-19 00:00:00-04:00,14.58928862645254,14.669512079730099,14.48041435331419,14.663783073425293,46242686,0.0,0.0
2021-10-20 00:00:00-04:00,14.675242496300621,14.950297022861383,14.646591676511713,14.847151756286621,63927222,0.0,0.0
2021-10-21 00:00:00-04:00,14.967486645679589,15.064900000488588,14.669510340207049,14.76119613647461,73916007,0.0,0.0
2021-10-22 00:00:00-04:00,14.76119946895681,14.78411983788518,14.595020644117666,14.606481552124023,49159193,0.0,0.0
2021-10-25 00:00:00-04:00,14.572098181712807,14.703894263598613,14.509064643817798,14.69243335723877,65704956,0.0,0.0
2021-10-26 00:00:00-04:00,14.6867014309989,14.72681315215106,14.526254546390263,14.537714004516602,48187774,0.0,0.0
2021-10-27 00:00:00-04:00,14.549176066972333,14.60074869743692,14.34861744525905,14.360076904296875,52952056,0.0,0.0
2021-10-28 00:00:00-04:00,14.400190209268281,14.692433188499015,14.377268396811845,14.640860557556152,70281362,0.0,0.0
2021-10-29 00:00:00-04:00,14.537718727586567,14.62367265042109,14.41165307056823,14.474686622619629,71775496,0.0,0.0
2021-11-01 00:00:00-04:00,14.589286630879089,14.65805061505707,14.526254546390263,14.537714004516602,53318010,0.0,0.0
2021-11-02 00:00:00-04:00,14.554905723557976,14.600747898453017,14.400189287714728,14.457490921020508,45810003,0.0,0.0
2021-11-03 00:00:00-04:00,14.39446126934087,14.514796456134782,14.38873081562436,14.428842544555664,48160500,0.0,0.0
2021-11-04 00:00:00-04:00,14.400193605019187,14.468956164435355,14.062105474065929,14.211092948913574,83532616,0.0,0.0
2021-11-05 00:00:00-04:00,14.239742427885961,14.503334599080858,14.228281521203355,14.382999420166016,58867158,0.0,0.0
2021-11-08 00:00:00-05:00,14.360077523986226,14.400190697144017,14.170978353150456,14.256932258605957,61161253,0.0,0.0
2021-11-09 00:00:00-05:00,14.222553700569126,14.239745063775294,14.085027136173121,14.159520149230957,60057567,0.0,0.0
2021-11-10 00:00:00-05:00,14.148056812980773,14.400190975073652,14.130866899808401,14.297045707702637,62271427,0.0,0.0
2021-11-11 00:00:00-05:00,14.319964589816083,14.382998123804938,14.256931055827229,14.279852867126465,40223517,0.0,0.0
2021-11-12 00:00:00-05:00,14.29704266991367,14.371535654362381,14.274120861108598,14.291312217712402,36217358,0.0,0.0
2021-11-15 00:00:00-05:00,14.308507780656862,14.354351416380254,14.17671166920549,14.211092948913574,53290206,0.0,0.0
2021-11-16 00:00:00-05:00,14.205360963924363,14.262664055320155,14.113676596524819,14.130867958068848,48162354,0.0,0.0
2021-11-17 00:00:00-05:00,14.113676596524819,14.1652492340726,14.073564866673056,14.130867958068848,42762155,0.0,0.0
2021-11-18 00:00:00-05:00,14.113675142275493,14.148056414736658,13.976148605346681,13.97614860534668,49734868,0.0,0.0
2021-11-19 00:00:00-05:00,13.93603701430797,13.947497920933838,13.729747930463219,13.827162742614746,66821750,0.0,0.0
2021-11-22 00:00:00-05:00,13.809970115023477,14.245471503073096,13.792778756662715,14.153785705566406,71414574,0.0,0.0
2021-11-23 00:00:00-05:00,14.14805820882919,14.319967487102861,14.14805820882919,14.18817138671875,58975991,0.0,0.0
2021-11-24 00:00:00-05:00,14.13659694697725,14.165247766163981,13.999070410129459,14.021990776062012,44597748,0.0,0.0
2021-11-26 00:00:00-05:00,13.787050225422044,13.936037677394733,13.75839940457832,13.878734588623047,38851588,0.0,0.0
2021-11-29 00:00:00-05:00,13.895924847506748,13.901655300637946,13.66671395767945,13.689634323120117,69449493,0.0,0.0
2021-11-30 00:00:00-05:00,13.546376082028537,13.56929789243133,12.921775560644344,13.082223892211914,184492383,0.0,0.0
2021-12-01 00:00:00-05:00,13.179641930956722,13.294248116965463,12.732679542023842,12.738409996032715,106323952,0.0,0.0
2021-12-02 00:00:00-05:00,12.767061067615638,13.328628142757847,12.767061067615638,13.208292961120605,105952835,0.0,0.0
2021-12-03 00:00:00-05:00,13.191101272375207,13.483344262529931,13.128067732847942,13.443232536315918,93399859,0.0,0.0
2021-12-06 00:00:00-05:00,13.517724211705989,13.718284248750464,13.311433722507799,13.340085983276367,78265347,0.0,0.0
2021-12-07 00:00:00-05:00,13.35154665088374,13.391658372512188,13.162448948087928,13.225481033325195,82646331,0.0,0.0
2021-12-08 00:00:00-05:00,13.191099935959626,13.506264707497653,13.168178124968628,13.277053833007812,64794044,0.0,0.0
2021-12-09 00:00:00-05:00,13.196833450462973,13.219753819687625,12.996273346096537,13.14526081085205,68283976,0.0,0.0
2021-12-10 00:00:00-05:00,13.16817796450204,13.208291133247467,13.036381894161941,13.0879545211792,52988731,0.0,0.0
2021-12-13 00:00:00-05:00,13.013464444319437,13.065037082884087,12.77279116629485,12.858746528625488,87574921,0.0,0.0
2021-12-14 00:00:00-05:00,12.830092084278327,13.024921697593717,12.749868636589904,12.772789001464844,102318985,0.0,0.0
2021-12-15 00:00:00-05:00,12.767061673666026,12.835824224413109,12.618074217601645,12.704028129577637,93643342,0.0,0.0
2021-12-16 00:00:00-05:00,12.97908043005394,13.689634944302847,12.97908043005394,13.5864896774292,150436190,0.0,0.0
2021-12-17 00:00:00-05:00,13.638063540932022,13.660985356564318,13.340090067302413,13.626604080200195,142867941,0.0,0.0
2021-12-20 00:00:00-05:00,13.769862141037441,13.91884816571827,13.609413760578446,13.861546516418457,102088344,0.0,0.0
2021-12-21 00:00:00-05:00,13.936036871417663,14.222550851621598,13.867274326535846,14.021990776062012,96523307,0.0,0.0
2021-12-22 00:00:00-05:00,14.004798776419035,14.23400963700885,13.890192622582157,14.199626922607422,67746697,0.0,0.0
2021-12-23 00:00:00-05:00,14.239742630141912,14.33715744415936,14.216820816451124,14.251203536987305,57348266,0.0,0.0
2021-12-27 00:00:00-05:00,14.251200994209562,14.377266605762975,14.113673030771734,14.199626922607422,67853676,0.0,0.0
2021-12-28 00:00:00-05:00,14.176709165283013,14.394460608171533,14.14805689801652,14.222551345825195,55695649,0.0,0.0
2021-12-29 00:00:00-05:00,14.216818638203243,14.279852169110947,14.096482028932535,14.119403839111328,44728560,0.0,0.0
2021-12-30 00:00:00-05:00,14.136594840372686,14.297043166327525,14.130864387972448,14.199626922607422,53706074,0.0,0.0
2021-12-31 00:00:00-05:00,14.165248178231456,14.228281718776898,14.079294271086704,14.096484184265137,59608069,0.0,0.0
2022-01-03 00:00:00-05:00,14.199630320121154,14.658053598070632,14.199630320121154,14.572099685668945,76970210,0.0,0.0
2022-01-04 00:00:00-05:00,14.698163810418691,14.829959892304498,14.577828634892729,14.69243335723877,72918108,0.0,0.0
2022-01-05 00:00:00-05:00,14.898722569217732,15.36860521768338,14.898722569217732,15.019059181213379,125367971,0.0,0.0
2022-01-06 00:00:00-05:00,15.30557230392877,15.351414480093172,14.86434190100293,14.961756706237793,93758133,0.0,0.0
2022-01-07 00:00:00-05:00,15.249246554680706,15.60825914046869,15.166848980893281,15.472893714904785,98164670,0.52,0.0
2022-01-10 00:00:00-05:00,15.53175706558483,15.678893864691913,15.419934168381689,15.572955131530762,77030717,0.0,0.0
2022-01-11 00:00:00-05:00,15.6847761408183,15.731859846952661,15.384616956858624,15.502326965332031,60054124,0.0,0.0
2022-01-12 00:00:00-05:00,15.46701272210478,15.602378175395279,15.390500779792873,15.56706428527832,48477730,0.0,0.0
2022-01-13 00:00:00-05:00,15.596492524813225,15.931964076952529,15.490553827027163,15.773056030273438,65005487,0.0,0.0
2022-01-14 00:00:00-05:00,15.667117658320153,16.0261318113339,15.578835903754031,15.996705055236816,72617163,0.0,0.0
2022-01-18 00:00:00-05:00,16.01435858588896,16.167380968971106,15.837795098019011,16.073213577270508,80247772,0.0,0.0
2022-01-19 00:00:00-05:00,16.155610717985592,16.173267662424077,15.76128418239103,16.055559158325195,67442309,0.0,0.0
2022-01-20 00:00:00-05:00,15.967277997633401,16.13207170831939,15.867224938694584,15.90253734588623,55659239,0.0,0.0
2022-01-21 00:00:00-05:00,15.79659745058376,15.890766339807643,15.567064591679888,15.661231994628906,79715392,0.0,0.0
2022-01-24 00:00:00-05:00,15.414045202114481,15.643578083735111,15.178625185167668,15.502326965332031,102910548,0.0,0.0
2022-01-25 00:00:00-05:00,15.396387701157801,15.661232981284048,15.125655285917128,15.584722518920898,115467364,0.0,0.0
2022-01-26 00:00:00-05:00,15.878993494051514,15.878993494051514,14.160436328445739,14.272260665893555,188252808,0.0,0.0
2022-01-27 00:00:00-05:00,14.160437300394108,14.437053852778119,13.866163803114375,14.195751190185547,116707158,0.0,0.0
2022-01-28 00:00:00-05:00,14.166321963136351,14.854921958315757,14.089811513127403,14.837265014648438,102063320,0.0,0.0
2022-01-31 00:00:00-05:00,14.696015559224332,15.031487122305206,14.490023805285672,15.007946014404297,129691758,0.0,0.0
2022-02-01 00:00:00-05:00,14.236950892735663,14.47825358330661,14.195752836143672,14.372316360473633,172591344,0.0,0.0
2022-02-02 00:00:00-05:00,14.248721187787838,14.537109079989872,14.1663250718087,14.442941665649414,93834925,0.0,0.0
2022-02-03 00:00:00-05:00,14.419397605129541,14.660701740792803,14.384085203545213,14.454710006713867,63825671,0.0,0.0
2022-02-04 00:00:00-05:00,14.425286176259105,14.442941637491616,14.11335568794257,14.172210693359375,69719192,0.0,0.0
2022-02-07 00:00:00-05:00,14.148670675147534,14.172211787366457,13.913250635307344,14.083930015563965,73169536,0.0,0.0
2022-02-08 00:00:00-05:00,14.054501778337178,14.19575289564823,14.019187884303165,14.089814186096191,42150732,0.0,0.0
2022-02-09 00:00:00-05:00,14.131011395147109,14.448826018462652,14.113354449189336,14.41939926147461,53029907,0.0,0.0
2022-02-10 00:00:00-05:00,14.395854812855834,14.50767915030365,14.248718074315185,14.272260665893555,58431827,0.0,0.0
2022-02-11 00:00:00-05:00,14.284033374189171,14.395856236420101,14.13101097262199,14.201637268066406,60084576,0.0,0.0
2022-02-14 00:00:00-05:00,14.14866585842265,14.284031294854788,14.03095587857535,14.15455150604248,57458290,0.0,0.0
2022-02-15 00:00:00-05:00,14.225176605672313,14.39585444515716,14.189864205481427,14.32522964477539,43586610,0.0,0.0
2022-02-16 00:00:00-05:00,14.225179654401574,14.325232714947944,13.99564677455549,14.089814186096191,60662502,0.0,0.0
2022-02-17 00:00:00-05:00,14.025073330828107,14.095699631601498,13.889707864477003,13.983875274658203,61712434,0.0,0.0
2022-02-18 00:00:00-05:00,13.954447509609393,14.101585765133386,13.86028009619206,14.048616409301758,62595410,0.0,0.0
2022-02-22 00:00:00-05:00,13.989761448734933,14.183981925308798,13.872051438452273,13.97799015045166,62168288,0.0,0.0
2022-02-23 00:00:00-05:00,14.007415495525061,14.08392744036572,13.777882633552853,13.836737632751465,50233222,0.0,0.0
2022-02-24 00:00:00-05:00,13.513038987163169,13.707257981143574,13.330588319139043,13.671945571899414,92965719,0.0,0.0
2022-02-25 00:00:00-05:00,13.801422618994371,14.189864987603137,13.795536970925703,14.072154998779297,59026965,0.0,0.0
2022-02-28 00:00:00-05:00,13.883819644806508,13.977987037551527,13.777880956399684,13.94267463684082,62788449,0.0,0.0
2022-03-01 00:00:00-05:00,13.895592114114347,13.983873866484895,13.636631019055883,13.848506927490234,57663378,0.0,0.0
2022-03-02 00:00:00-05:00,13.866168341249248,14.154557770889639,13.84851139057474,14.019190788269043,45624775,0.0,0.0
2022-03-03 00:00:00-05:00,14.095697591053971,14.183979339534469,13.936789552024216,14.072154998779297,49218641,0.0,0.0
2022-03-04 00:00:00-05:00,13.948563346761462,14.060386221272651,13.795539442114508,14.048616409301758,48190952,0.0,0.0
2022-03-07 00:00:00-05:00,13.930904327867895,14.048614320273607,13.81907998370995,13.872049331665039,50113532,0.0,0.0
2022-03-08 00:00:00-05:00,13.836736355284993,13.907361158783035,13.536577224731445,13.536577224731445,67277074,0.0,0.0
2022-03-09 00:00:00-05:00,13.707258313780672,13.842625277339211,13.654290441766582,13.689602851867676,58010928,0.0,0.0
2022-03-10 00:00:00-05:00,13.666055762812032,13.666055762812032,13.501263578983957,13.64840030670166,53623059,0.0,0.0
2022-03-11 00:00:00-05:00,13.88970442125672,13.948559409598724,13.624857716855013,13.64840030670166,72142244,0.0,0.0
2022-03-14 00:00:00-04:00,13.666056949158383,13.67782824510357,13.424754299930521,13.471837997436523,65683375,0.0,0.0
2022-03-15 00:00:00-04:00,13.524806512723275,13.654287801851922,13.483608461191366,13.589547157287598,47089252,0.0,0.0
2022-03-16 00:00:00-04:00,13.624857716855013,13.707253808769051,13.518920521368942,13.64840030670166,49791138,0.0,0.0
2022-03-17 00:00:00-04:00,13.607202260744641,13.69548400012034,13.501263578983957,13.64840030670166,41109008,0.0,0.0
2022-03-18 00:00:00-04:00,13.654289682156364,13.742571445635388,13.548350971471526,13.666059494018555,89500414,0.0,0.0
2022-03-21 00:00:00-04:00,13.666059248933985,13.836738610037516,13.589548784964292,13.630746841430664,50990418,0.0,0.0
2022-03-22 00:00:00-04:00,13.68960166055692,13.824967126060445,13.64251795576113,13.660173416137695,39631954,0.0,0.0
2022-03-23 00:00:00-04:00,13.660173416137695,13.801424530525065,13.636632306877285,13.660173416137695,38180320,0.0,0.0
2022-03-24 00:00:00-04:00,13.677830321468178,13.742570972719921,13.63074661681463,13.730799674987793,37218434,0.0,0.0
2022-03-25 00:00:00-04:00,13.77199894150982,14.030960083007814,13.7308008821005,14.030960083007812,42137094,0.0,0.0
2022-03-28 00:00:00-04:00,14.125126875350203,14.166324932935908,13.954447509609393,14.048616409301758,50968704,0.0,0.0
2022-03-29 00:00:00-04:00,14.089809243999929,14.16043403474583,14.036839907803264,14.11923599243164,43979838,0.0,0.0
2022-03-30 00:00:00-04:00,14.154554524946716,14.21340804114808,14.078042575844997,14.20752239227295,42385080,0.0,0.0
2022-03-31 00:00:00-04:00,14.125125028225812,14.207521132622388,13.901476335899625,13.90736198425293,69574611,0.0,0.0
2022-04-01 00:00:00-04:00,13.960330387577077,14.125124071483027,13.76610995017262,14.11335277557373,53381429,0.0,0.0
2022-04-04 00:00:00-04:00,14.036847153256218,14.242838957429218,13.87205341266277,14.231067657470703,47195569,0.0,0.0
2022-04-05 00:00:00-04:00,14.107469938424162,14.213407152729921,14.036843642612112,14.060384750366211,43936808,0.0,0.0
2022-04-06 00:00:00-04:00,13.995646402571982,14.207522329769711,13.889707695835638,14.142783164978027,49327209,0.0,0.0
2022-04-07 00:00:00-04:00,14.072155739276777,14.113353791650594,13.889706584646373,13.966217041015625,62815724,0.0,0.0
2022-04-08 00:00:00-04:00,13.930905812791652,14.26637739474928,13.85439386368993,14.20752239227295,73121078,0.0,0.0
2022-04-11 00:00:00-04:00,14.719763846827227,15.405492185956255,14.688595187561914,15.296398162841797,157485300,0.0,1.324
2022-04-12 00:00:00-04:00,15.389912802180929,15.678230809904258,15.202896318633996,15.241857528686523,104795900,0.0,0.0
2022-04-13 00:00:00-04:00,15.113803858601194,15.406277239299147,15.042661358927951,15.350944519042969,64100500,0.278,0.0
2022-04-14 00:00:00-04:00,15.271898119150478,15.485325631998496,15.184945834426403,15.445802688598633,52731100,0.0,0.0
2022-04-18 00:00:00-04:00,15.35884852359936,15.46951395773391,15.24818308946481,15.382561683654785,54812700,0.0,0.0
2022-04-19 00:00:00-04:00,15.40627670288086,15.524847028973348,15.32722931625137,15.40627670288086,57496000,0.0,0.0
2022-04-20 00:00:00-04:00,15.429988193298438,15.485320900231988,15.256083676989356,15.358845710754395,48751400,0.0,0.0
2022-04-21 00:00:00-04:00,15.556469428254704,16.086085055397447,15.516944973868664,15.975418090820312,81259800,0.0,0.0
2022-04-22 00:00:00-04:00,15.84893835853933,15.84893835853933,15.414180037486435,15.4299898147583,68483600,0.0,0.0
2022-04-25 00:00:00-04:00,15.627609320971265,15.722464980202801,15.105898672087253,15.422086715698242,71861400,0.0,0.0
2022-04-26 00:00:00-04:00,15.37465817963376,15.532751440323283,15.256086349487305,15.256086349487305,50825900,0.0,0.0
2022-04-27 00:00:00-04:00,15.200755969908561,15.303518037474234,15.01104312329157,15.074280738830566,66767000,0.0,0.0
2022-04-28 00:00:00-04:00,15.216564409405017,15.485324628680921,15.09799407918413,15.350944519042969,67479400,0.0,0.0
2022-04-29 00:00:00-04:00,15.303513830668821,15.31141871890117,14.868754024109252,14.908278465270996,70195400,0.0,0.0
2022-05-02 00:00:00-04:00,15.018944799317902,15.3272279206283,14.908279372735372,15.113801956176758,67551600,0.0,0.0
2022-05-03 00:00:00-04:00,15.161231043541544,15.55646646591665,15.050565607741632,15.279801368713379,62675300,0.0,0.0
2022-05-04 00:00:00-04:00,15.240278130347313,15.793606806186954,15.18494390583024,15.769893646240234,60771800,0.0,0.0
2022-05-05 00:00:00-04:00,15.603893988095924,15.80151169540368,15.55646616049903,15.769893646240234,55503900,0.0,0.0
2022-05-06 00:00:00-04:00,15.651320461960019,15.89636748337322,15.540655037904587,15.8331298828125,51506800,0.0,0.0
2022-05-09 00:00:00-04:00,15.79360949704633,15.841038840427522,15.390469124528462,15.453706741333008,51563300,0.0,0.0
2022-05-10 00:00:00-04:00,15.540656075271576,15.690845952017481,15.208658273240504,15.303515434265137,42465900,0.0,0.0
2022-05-11 00:00:00-04:00,15.414178417687943,15.540653607165538,15.248180296887295,15.358845710754395,50074200,0.0,0.0
2022-05-12 00:00:00-04:00,15.335132858383842,15.60389304468951,15.327227969645044,15.588083267211914,52687000,0.0,0.0
2022-05-13 00:00:00-04:00,15.603893103112684,15.698750260630051,15.445799850854897,15.682940483093262,34107300,0.0,0.0
2022-05-16 00:00:00-04:00,15.754081411328787,16.109792324395933,15.556463734834855,16.030746459960938,40027000,0.0,0.0
2022-05-17 00:00:00-04:00,16.125601083545003,16.3390285225493,15.99912589918019,16.259981155395508,42938400,0.0,0.0
2022-05-18 00:00:00-04:00,16.212556660790334,16.307412314652126,15.912176905586646,15.99122428894043,43342800,0.0,0.0
2022-05-19 00:00:00-04:00,15.746182286196374,16.07818016452024,15.738277395319166,15.975418090820312,41588100,0.0,0.0
2022-05-20 00:00:00-04:00,15.975414749668415,16.141414407964508,15.880559094387896,16.1256046295166,47415800,0.0,0.0
2022-05-23 00:00:00-04:00,16.228361491124478,16.52873964704221,16.14140924517591,16.394359588623047,46775100,0.0,0.0
2022-05-24 00:00:00-04:00,16.441790379269957,16.781693030233775,16.283697139830835,16.726360321044922,49841200,0.0,0.0
2022-05-25 00:00:00-04:00,16.694739343185226,16.89235698854266,16.64731002275329,16.83702278137207,40179400,0.0,0.0
2022-05-26 00:00:00-04:00,16.900262520308317,17.018834328788664,16.81331177051342,16.852834701538086,28495500,0.0,0.0
2022-05-27 00:00:00-04:00,16.844932721200035,16.923980104595987,16.718457510847887,16.829124450683594,34169600,0.0,0.0
2022-05-31 00:00:00-04:00,16.75007706728764,16.939789882815866,16.576172522275858,16.829124450683594,61515300,0.0,0.0
2022-06-01 00:00:00-04:00,16.947694905883424,16.97140806569724,16.69474448317976,16.77379035949707,35928900,0.0,0.0
2022-06-02 00:00:00-04:00,16.805409007456767,16.805409007456767,16.552458598431055,16.750076293945312,27085200,0.0,0.0
2022-06-03 00:00:00-04:00,16.64731105673285,16.718453534096486,16.44178851187157,16.520835876464844,27796900,0.0,0.0
2022-06-06 00:00:00-04:00,16.53664993823874,16.63941048345968,16.4655074424306,16.552459716796875,22002900,0.0,0.0
2022-06-07 00:00:00-04:00,16.520839404659053,16.750076660165195,16.418078864134387,16.710552215576172,24977700,0.0,0.0
2022-06-08 00:00:00-04:00,16.671029575154414,16.757981847093156,16.591982192274052,16.6394100189209,20732900,0.0,0.0
2022-06-09 00:00:00-04:00,16.615696615836047,16.726362045623965,16.49712629710565,16.505029678344727,24934500,0.0,0.0
2022-06-10 00:00:00-04:00,16.34693824982237,16.481318361458378,16.30741380069203,16.354843139648438,33572700,0.0,0.0
2022-06-13 00:00:00-04:00,16.12560117205992,16.196743652118528,15.556462839294207,15.61970043182373,56215900,0.0,0.0
2022-06-14 00:00:00-04:00,15.714561732012662,15.777799347339936,15.256088643964002,15.37466049194336,42638300,0.0,0.0
2022-06-15 00:00:00-04:00,15.49322879218728,15.580179559498461,15.161230978508144,15.366753578186035,38941900,0.0,0.0
2022-06-16 00:00:00-04:00,15.240276621441264,15.248181509875344,14.758088980885567,14.987324714660645,67896400,0.0,0.0
2022-06-17 00:00:00-04:00,15.129608843702524,15.350941184350653,15.01894342723007,15.319321632385254,97645400,0.0,0.0
2022-06-21 00:00:00-04:00,15.532752153645202,15.848940197248233,15.390467157097959,15.77779769897461,49307700,0.0,0.0
2022-06-22 00:00:00-04:00,15.690840161035059,16.24416862173556,15.667125502605359,16.062360763549805,46607400,0.0,0.0
2022-06-23 00:00:00-04:00,16.149314326849016,16.42597933372323,15.872649319974801,16.29159927368164,51713600,0.0,0.0
2022-06-24 00:00:00-04:00,16.362748021141083,16.647316516216737,16.21255812992943,16.591983795166016,47641700,0.0,0.0
2022-06-27 00:00:00-04:00,16.56036159954699,16.631504082439232,16.33902926302633,16.425981521606445,32339900,0.0,0.0
2022-06-28 00:00:00-04:00,16.544549620182757,16.64731013306021,16.28369438689061,16.29159927368164,26754000,0.0,0.0
2022-06-29 00:00:00-04:00,16.33903140400834,16.615696483986127,16.236270863978334,16.56036376953125,26585700,0.0,0.0
2022-06-30 00:00:00-04:00,16.43388922897326,16.718457701661762,16.40226967217262,16.568267822265625,37655700,0.0,0.0
2022-07-01 00:00:00-04:00,16.57616860602757,16.908166331690783,16.497122749010245,16.844928741455078,32762500,0.0,0.0
2022-07-05 00:00:00-04:00,16.702646726592686,16.75007605839555,16.42598316292603,16.73426628112793,36960500,0.0,0.0
2022-07-06 00:00:00-04:00,16.734267651099834,16.781695479082092,16.512935274343512,16.671030044555664,27645000,0.0,0.0
2022-07-07 00:00:00-04:00,16.73426413620311,16.85283443510576,16.623598724921056,16.718454360961914,27015400,0.0,0.0
2022-07-08 00:00:00-04:00,16.764916444896944,16.869045686960064,16.62073631912878,16.660785675048828,22366300,0.278,0.0
2022-07-11 00:00:00-04:00,16.588694372458328,16.708845486809327,16.524614491104074,16.54864501953125,23326400,0.0,0.0
2022-07-12 00:00:00-04:00,16.524612646641838,16.708843621783398,16.38043407552651,16.50058364868164,26448000,0.0,0.0
2022-07-13 00:00:00-04:00,16.380434036254883,16.500583609121957,16.20421323678411,16.380434036254883,25213100,0.0,0.0
2022-07-14 00:00:00-04:00,16.12411086685881,16.30033164288225,16.06003100133697,16.284311294555664,26621000,0.0,0.0
2022-07-15 00:00:00-04:00,16.452522060962508,16.492571404395015,16.188190894283693,16.476551055908203,23838000,0.0,0.0
2022-07-18 00:00:00-04:00,16.52461584805172,16.57267690885269,16.428496782019796,16.444517135620117,22507400,0.0,0.0
2022-07-19 00:00:00-04:00,16.500586723583645,16.70884673549488,16.44451701418158,16.660785675048828,21813100,0.0,0.0
2022-07-20 00:00:00-04:00,16.676804596345757,16.68481477239886,16.340384841039725,16.404464721679688,34207200,0.0,0.0
2022-07-21 00:00:00-04:00,15.251028777107859,15.3151086657602,14.610228362799386,15.154908180236816,123409000,0.0,0.0
2022-07-22 00:00:00-04:00,14.946645179028948,14.970675705400032,14.618235624214579,14.738385200500488,72016300,0.0,0.0
2022-07-25 00:00:00-04:00,14.72236484143047,14.938634995296148,14.682315491952272,14.84251594543457,39493100,0.0,0.0
2022-07-26 00:00:00-04:00,14.738385368690816,14.778436246433003,14.5621660899795,14.658285140991211,38885000,0.0,0.0
2022-07-27 00:00:00-04:00,14.698338018497594,14.810477435863168,14.602217426623547,14.730377197265625,36607400,0.0,0.0
2022-07-28 00:00:00-04:00,14.658286105270392,15.03475674188881,14.650277456979886,14.882566452026367,41940100,0.0,0.0
2022-07-29 00:00:00-04:00,14.82649640535199,15.098836274494607,14.802465877680053,15.042766571044922,40819800,0.0,0.0
2022-08-01 00:00:00-04:00,15.098836649744918,15.114857001924362,14.906597006946207,15.002716064453125,37087800,0.0,0.0
2022-08-02 00:00:00-04:00,14.994705198887345,15.010725550330154,14.674305808955205,14.70634651184082,43625200,0.0,0.0
2022-08-03 00:00:00-04:00,14.754402903714839,14.826492942106668,14.666292517283829,14.714353561401367,35524300,0.0,0.0
2022-08-04 00:00:00-04:00,14.666295537807388,14.722365239707594,14.59420548456861,14.634256362915039,28287800,0.0,0.0
2022-08-05 00:00:00-04:00,14.63425577259837,14.706345822929178,14.490075671936754,14.698335647583008,32726400,0.0,0.0
2022-08-08 00:00:00-04:00,14.706347096099408,14.74639644851272,14.417986869812012,14.417986869812012,44042500,0.0,0.0
2022-08-09 00:00:00-04:00,14.450028351955153,14.594206945076513,14.450028351955153,14.498087882995605,33257500,0.0,0.0
2022-08-10 00:00:00-04:00,14.594207820366572,14.618238351220507,14.409978333841517,14.42599868774414,50229500,0.0,0.0
2022-08-11 00:00:00-04:00,14.46604342580024,14.554153816346545,14.42599408161622,14.450024604797363,40798900,0.0,0.0
2022-08-12 00:00:00-04:00,14.49808643210677,14.634256362915039,14.490076256437485,14.634256362915039,25822300,0.0,0.0
2022-08-15 00:00:00-04:00,14.570178247855516,14.786446905948413,14.570178247855516,14.730377197265625,28845400,0.0,0.0
2022-08-16 00:00:00-04:00,14.714357600430574,14.978687304496518,14.714357600430574,14.874556541442871,34241000,0.0,0.0
2022-08-17 00:00:00-04:00,14.754406929016113,14.90659722133996,14.674306694751724,14.754406929016113,23772300,0.0,0.0
2022-08-18 00:00:00-04:00,14.626246902135735,14.842517072422746,14.562167021434199,14.76241683959961,33817400,0.0,0.0
2022-08-19 00:00:00-04:00,14.722365959295606,14.826496720301146,14.67430643071567,14.76241683959961,27161400,0.0,0.0
2022-08-22 00:00:00-04:00,14.666297742901289,14.682318096648537,14.474058081289371,14.522117614746094,32057100,0.0,0.0
2022-08-23 00:00:00-04:00,14.50610103859002,14.570180935732386,14.4340109633317,14.466050148010254,27298200,0.0,0.0
2022-08-24 00:00:00-04:00,14.474058221666972,14.474058221666972,14.305849089044541,14.42599868774414,30647700,0.0,0.0
2022-08-25 00:00:00-04:00,14.458036314375038,14.49808719482848,14.369927432947213,14.490077018737793,25198600,0.0,0.0
2022-08-26 00:00:00-04:00,14.434007663636494,14.490077369845059,14.297837722365022,14.329876899719238,30590700,0.0,0.0
2022-08-29 00:00:00-04:00,14.265795928862685,14.353906333488275,14.185695699910767,14.241766929626465,25465400,0.0,0.0
2022-08-30 00:00:00-04:00,14.265798302302734,14.337888367574804,14.217738768049704,14.273808479309082,32481900,0.0,0.0
2022-08-31 00:00:00-04:00,14.273805973945624,14.305846676347171,14.025496641472767,14.049527168273926,46669900,0.0,0.0
2022-09-01 00:00:00-04:00,14.009478302863135,14.153658428813339,13.945398416639156,14.017488479614258,30623200,0.0,0.0
2022-09-02 00:00:00-04:00,14.073557452183023,14.105598157509831,13.745147861507823,13.76917839050293,36489600,0.0,0.0
2022-09-06 00:00:00-04:00,13.777188699989372,13.801217701431797,13.440768929731018,13.448779106140137,57232600,0.0,0.0
2022-09-07 00:00:00-04:00,13.424749876909113,13.729128971005782,13.360669987215863,13.512860298156738,55566600,0.0,0.0
2022-09-08 00:00:00-04:00,13.50484743013865,13.560917131475252,13.37668767628791,13.432757377624512,49770900,0.0,0.0
2022-09-09 00:00:00-04:00,13.552910349089679,13.673059957433162,13.504850811309316,13.641020774841309,55081300,0.0,0.0
2022-09-12 00:00:00-04:00,13.673056408091579,13.937386088944878,13.641017233816664,13.921365737915039,43425000,0.0,0.0
2022-09-13 00:00:00-04:00,13.761168821313051,13.873308239334628,13.440769392833554,13.480818748474121,42274600,0.0,0.0
2022-09-14 00:00:00-04:00,13.528876429120178,13.552906955886483,13.37668767628791,13.432757377624512,41000300,0.0,0.0
2022-09-15 00:00:00-04:00,13.480817169484437,13.552907223421638,13.320616710116255,13.424747467041016,38637300,0.0,0.0
2022-09-16 00:00:00-04:00,13.352658890899445,13.464798308197235,13.2565382990835,13.40872859954834,69825900,0.0,0.0
2022-09-19 00:00:00-04:00,13.320616710116255,13.504847696725106,13.280567359166614,13.424747467041016,33805300,0.0,0.0
2022-09-20 00:00:00-04:00,13.336636444952052,13.336636444952052,13.18444616836772,13.264546394348145,36187500,0.0,0.0
2022-09-21 00:00:00-04:00,13.280567912098867,13.344647792957122,13.01623821258545,13.01623821258545,38815600,0.0,0.0
2022-09-22 00:00:00-04:00,13.02424769964089,13.12036675195083,12.92812711954616,13.008227348327637,37800400,0.0,0.0
2022-09-23 00:00:00-04:00,12.896089466539241,12.920118468559933,12.69583963484697,12.823999404907227,46225600,0.0,0.0
2022-09-26 00:00:00-04:00,12.743897303684273,12.799967003915866,12.479567625603373,12.551657676696777,46841200,0.0,0.0
2022-09-27 00:00:00-04:00,12.663799696490042,12.840019762326998,12.551659515704253,12.599719047546387,41183400,0.0,0.0
2022-09-28 00:00:00-04:00,12.639768037828091,12.751908208598723,12.583698334388984,12.679818153381348,42670800,0.0,0.0
2022-09-29 00:00:00-04:00,12.551659105650076,12.615738988607799,12.34339910409125,12.439518928527832,51308300,0.0,0.0
2022-09-30 00:00:00-04:00,12.439518242754248,12.5596685895956,12.287328720092773,12.287328720092773,63932700,0.0,0.0
2022-10-03 00:00:00-04:00,12.599717596441605,12.960167863207111,12.543647894452482,12.73588752746582,59540500,0.0,0.0
2022-10-04 00:00:00-04:00,12.807978455072583,12.936138219162803,12.72787898446242,12.888078689575195,46876200,0.0,0.0
2022-10-05 00:00:00-04:00,12.791959108192845,12.928128287192084,12.623749223673236,12.759919166564941,38250100,0.0,0.0
2022-10-06 00:00:00-04:00,12.750137387378981,12.88872589639638,12.481112817512324,12.489264488220215,52923900,0.278,0.0
2022-10-07 00:00:00-04:00,12.415892259301831,12.424044706320684,12.146867727360803,12.179476737976074,53446900,0.0,0.0
2022-10-10 00:00:00-04:00,12.228390667509313,12.334370146589611,12.032736603419597,12.146867752075195,43852600,0.0,0.0
2022-10-11 00:00:00-04:00,12.10610773836815,12.155020868353617,11.967519240975694,12.073498725891113,49661500,0.0,0.0
2022-10-12 00:00:00-04:00,12.032737297695196,12.179477465499158,11.918605364994173,11.9267578125,46719600,0.0,0.0
2022-10-13 00:00:00-04:00,11.812627893858007,12.35067708161729,11.788171324630854,12.326220512390137,60354500,0.0,0.0
2022-10-14 00:00:00-04:00,12.383283745221924,12.4485025465277,12.203934568376592,12.22023868560791,47185600,0.0,0.0
2022-10-17 00:00:00-04:00,12.342522088722344,12.554480260752102,12.293608185970793,12.481110572814941,44240700,0.0,0.0
2022-10-18 00:00:00-04:00,12.684918376833641,12.79904953252809,12.595243008833501,12.717527389526367,49420200,0.0,0.0
2022-10-19 00:00:00-04:00,12.603395408699127,12.847963391699587,12.55448150111496,12.66861343383789,47349100,0.0,0.0
2022-10-20 00:00:00-04:00,13.21481359592029,13.989278969595253,13.141444681548423,13.646883964538574,117495700,0.0,0.0
2022-10-21 00:00:00-04:00,13.720256261472427,14.18493492560799,13.671343127068818,13.940367698669434,81050700,0.0,0.0
2022-10-24 00:00:00-04:00,14.209389639615383,14.551784626892388,14.17677985276985,14.27460765838623,69196500,0.0,0.0
2022-10-25 00:00:00-04:00,14.290917259637927,14.584397663327307,14.266459911446841,14.421353340148926,58235100,0.0,0.0
2022-10-26 00:00:00-04:00,14.551788442501602,14.869726173010577,14.478417957780973,14.788203239440918,65157700,0.0,0.0
2022-10-27 00:00:00-04:00,14.959397501564343,14.959397501564343,14.665915642212823,14.698525428771973,53975500,0.0,0.0
2022-10-28 00:00:00-04:00,14.902333899503795,15.155053559055895,14.861571660917706,15.065378189086914,55833900,0.0,0.0
2022-10-31 00:00:00-04:00,14.959398167387796,14.99200640047809,14.78004744317022,14.861570358276367,47573900,0.0,0.0
2022-11-01 00:00:00-04:00,15.138747440176688,15.146899887235064,14.869722906931493,14.95939826965332,48025700,0.0,0.0
2022-11-02 00:00:00-04:00,14.894180198793528,15.32624900701481,14.894180198793528,15.024616241455078,49201100,0.0,0.0
2022-11-03 00:00:00-04:00,14.81265640258789,14.943092437493261,14.731133492041987,14.81265640258789,41249400,0.0,0.0
2022-11-04 00:00:00-04:00,14.95124427689155,15.008309845480277,14.74743778626317,14.93493938446045,39458700,0.0,0.0
2022-11-07 00:00:00-05:00,14.95124633670687,15.00015946581875,14.79635294711219,14.967551231384277,39985200,0.0,0.0
2022-11-08 00:00:00-05:00,14.983854777220321,15.269184218317823,14.918636752534065,15.138748168945312,43210400,0.0,0.0
2022-11-09 00:00:00-05:00,15.065377210781124,15.261031278527856,14.983854293823242,14.983854293823242,41838400,0.0,0.0
2022-11-10 00:00:00-05:00,15.350706615021691,15.46483776560495,15.146900100454264,15.358859062194824,46482700,0.0,0.0
2022-11-11 00:00:00-05:00,15.342557203459398,15.595276896147327,15.309948963235447,15.530058860778809,52519500,0.0,0.0
2022-11-14 00:00:00-05:00,15.554513856595161,15.782777723350867,15.521905621298849,15.538208961486816,37316500,0.0,0.0
2022-11-15 00:00:00-05:00,15.587120974884085,15.807230801434244,15.334399808787055,15.505598068237305,49339300,0.0,0.0
2022-11-16 00:00:00-05:00,15.489293658332906,15.530054335465717,15.30994450206031,15.432228088378906,32155400,0.0,0.0
2022-11-17 00:00:00-05:00,15.252879336369848,15.481143200425777,15.097987499433673,15.448534965515137,36007800,0.0,0.0
2022-11-18 00:00:00-05:00,15.521902287553669,15.587120299059354,15.424074492835116,15.464835166931152,34211300,0.0,0.0
2022-11-21 00:00:00-05:00,15.472990212778084,15.554513129589116,15.29364103973006,15.358859062194824,31911400,0.0,0.0
2022-11-22 00:00:00-05:00,15.407774935485483,15.521907661323848,15.399622486859842,15.489297866821289,33771000,0.0,0.0
2022-11-23 00:00:00-05:00,15.432231782725202,15.578972743404131,15.399621989276312,15.562667846679688,21486000,0.0,0.0
2022-11-25 00:00:00-05:00,15.627883598117762,15.725711409268119,15.546360681312517,15.587122917175293,13782700,0.0,0.0
2022-11-28 00:00:00-05:00,15.570816979508734,15.611577657720037,15.301792460521607,15.34255313873291,27780200,0.0,0.0
2022-11-29 00:00:00-05:00,15.318098789699016,15.513752862310326,15.285489000136957,15.497447967529297,24088000,0.0,0.0
2022-11-30 00:00:00-05:00,15.440381878379865,15.717558860778809,15.326249173620107,15.717558860778809,59293400,0.0,0.0
2022-12-01 00:00:00-05:00,15.725711799749934,15.815385611034099,15.562665962090888,15.64418888092041,31615500,0.0,0.0
2022-12-02 00:00:00-05:00,15.530053851787258,15.538206297943947,15.375162039570501,15.505598068237305,33479600,0.0,0.0
2022-12-05 00:00:00-05:00,15.42407950352169,15.47299263931093,15.23657785389582,15.285490989685059,28698000,0.0,0.0
2022-12-06 00:00:00-05:00,15.399618171000695,15.636034450125035,15.334400155194006,15.62788200378418,45858100,0.0,0.0
2022-12-07 00:00:00-05:00,15.530054472244085,15.831688772412033,15.48929379475228,15.733860969543457,45381000,0.0,0.0
2022-12-08 00:00:00-05:00,15.839842559843277,15.913213029475967,15.505600000370048,15.587122917175293,45761100,0.0,0.0
2022-12-09 00:00:00-05:00,15.546362949955242,15.774626839335859,15.513754711426888,15.562667846679688,29815600,0.0,0.0
2022-12-12 00:00:00-05:00,15.603424935665473,15.742013416025852,15.546359365208877,15.733860969543457,31333500,0.0,0.0
2022-12-13 00:00:00-05:00,15.823537665498167,15.896908135130857,15.546360681312517,15.587122917175293,54142100,0.0,0.0
2022-12-14 00:00:00-05:00,15.53005373847827,15.570815968964311,15.29363902133964,15.407770156860352,44027700,0.0,0.0
2022-12-15 00:00:00-05:00,15.195815648880888,15.334404163057187,14.967553311357966,15.05722713470459,47277400,0.0,0.0
2022-12-16 00:00:00-05:00,14.967552436720947,15.08983604680831,14.853419719708336,15.073531150817871,76412500,0.0,0.0
2022-12-19 00:00:00-05:00,14.894181002507665,14.934941684943807,14.380587696258234,14.559938430786133,62216900,0.0,0.0
2022-12-20 00:00:00-05:00,14.551787128302106,14.747441218247015,14.535482232076575,14.731136322021484,40922700,0.0,0.0
2022-12-21 00:00:00-05:00,14.820811638065372,14.894182115871278,14.731136264098046,14.796354293823242,42316200,0.0,0.0
2022-12-22 00:00:00-05:00,14.682222278489363,14.902333699133482,14.608851804941322,14.894181251525879,32615000,0.0,0.0
2022-12-23 00:00:00-05:00,14.812658128641093,14.934941731249019,14.75559255108542,14.926789283752441,25164100,0.0,0.0
2022-12-27 00:00:00-05:00,14.877876482844814,15.097987905360949,14.853419139813997,15.049073219299316,30382500,0.0,0.0
2022-12-28 00:00:00-05:00,15.04091959555483,15.122440947681532,14.828960659201131,14.853416442871094,26632300,0.0,0.0
2022-12-29 00:00:00-05:00,14.894179329409418,15.122441613283158,14.869721989742866,15.04092025756836,23765900,0.0,0.0
2022-12-30 00:00:00-05:00,15.016464672850077,15.065377802979388,14.853418832525216,15.008312225341797,26204200,0.0,0.0
2023-01-03 00:00:00-05:00,15.089835442658112,15.367012443716414,15.008312520890307,15.277337074279785,42149200,0.0,0.0
2023-01-04 00:00:00-05:00,15.3833170697651,15.790930116548358,15.33440238460844,15.603426933288574,43926800,0.0,0.0
2023-01-05 00:00:00-05:00,15.603425417466397,15.750166348840224,15.45668448609257,15.660490989685059,31081800,0.0,0.0
2023-01-06 00:00:00-05:00,15.77462479624167,16.13332470311876,15.766472348935334,15.921365737915039,36050300,0.0,0.0
2023-01-09 00:00:00-05:00,15.911439937000903,15.911439937000903,15.696420286550076,15.746041297912598,51981100,0.278,0.0
2023-01-10 00:00:00-05:00,16.00240946733929,16.109918498863124,15.87836009946616,16.101648330688477,32869500,0.0,0.0
2023-01-11 00:00:00-05:00,16.101646173684717,16.11818650781824,15.919707230335195,16.052026748657227,30010200,0.0,0.0
2023-01-12 00:00:00-05:00,16.10991634075148,16.184346266979258,16.01894765776326,16.052026748657227,31740400,0.0,0.0
2023-01-13 00:00:00-05:00,16.0354927765924,16.20089302880389,15.952794227860357,16.16781234741211,25480000,0.0,0.0
2023-01-17 00:00:00-05:00,16.167814165694814,16.184354508250884,15.936255679405383,15.985875129699707,38801000,0.0,0.0
2023-01-18 00:00:00-05:00,15.952789619667461,15.985868714130165,15.688148977099589,15.729499816894531,38023700,0.0,0.0
2023-01-19 00:00:00-05:00,15.655069447139237,15.729499379326366,15.539290253680685,15.663339614868164,40180800,0.0,0.0
2023-01-20 00:00:00-05:00,15.679883575999735,15.903173446655273,15.522755069129897,15.903173446655273,37836600,0.0,0.0
2023-01-23 00:00:00-05:00,15.903170970937413,16.04376069234833,15.69642147341392,15.795661926269531,32890800,0.0,0.0
2023-01-24 00:00:00-05:00,15.688151538820083,17.805267560827737,15.464863276959631,15.845281600952148,32858500,0.0,0.0
2023-01-25 00:00:00-05:00,16.333208037092607,16.936916107488976,16.324937869054857,16.887296676635742,73582100,0.0,0.0
2023-01-26 00:00:00-05:00,16.763244912108348,16.804594169007032,16.382825123673683,16.539955139160156,47400900,0.0,0.0
2023-01-27 00:00:00-05:00,16.49860954284668,16.622658918438898,16.382828758570337,16.49860954284668,37094000,0.0,0.0
2023-01-30 00:00:00-05:00,16.473798144884995,16.754977555603404,16.44898764016044,16.672277450561523,37246000,0.0,0.0
2023-01-31 00:00:00-05:00,16.672280668476876,16.8542196727864,16.5978507173108,16.845951080322266,36575900,0.0,0.0
2023-02-01 00:00:00-05:00,16.928648484917282,16.95345899276115,16.59784960053323,16.688819885253906,40172500,0.0,0.0
2023-02-02 00:00:00-05:00,16.622656936019776,16.945185589569437,16.573037507175183,16.771516799926758,34968800,0.0,0.0
2023-02-03 00:00:00-05:00,16.721895017359767,16.75497568663579,16.349746952243272,16.39936637878418,31599900,0.0,0.0
2023-02-06 00:00:00-05:00,16.33321095811733,16.341481127634115,16.118191282801593,16.1926212310791,30929800,0.0,0.0
2023-02-07 00:00:00-05:00,16.118189473301754,16.159540316243444,15.787390616635092,15.919710159301758,36534400,0.0,0.0
2023-02-08 00:00:00-05:00,15.78739199315968,15.894901039435194,15.72950238536721,15.845281600952148,29805200,0.0,0.0
2023-02-09 00:00:00-05:00,15.886630688595849,15.919711365455552,15.621991583212191,15.688151359558105,28320900,0.0,0.0
2023-02-10 00:00:00-05:00,15.73777393982691,15.803933722751816,15.57237369382782,15.770853042602539,24931200,0.0,0.0
2023-02-13 00:00:00-05:00,15.72122999785572,15.977598900781258,15.704689661570645,15.927979469299316,21668700,0.0,0.0
2023-02-14 00:00:00-05:00,15.961060721435508,16.002411567736253,15.737772460905486,15.837011337280273,23195200,0.0,0.0
2023-02-15 00:00:00-05:00,15.72123084530176,15.936250496478433,15.704690508125084,15.919710159301758,31145400,0.0,0.0
2023-02-16 00:00:00-05:00,15.746040502283336,16.060299004833354,15.655070230088702,15.927979469299316,35161100,0.0,0.0
2023-02-17 00:00:00-05:00,15.927979574221785,16.134729047027303,15.82046896503387,16.076839447021484,29997500,0.0,0.0
2023-02-21 00:00:00-05:00,15.894899273004603,16.01068005309611,15.820469334864823,15.886629104614258,28220300,0.0,0.0
2023-02-22 00:00:00-05:00,15.894900224915672,16.06857061676701,15.894900224915672,16.027219772338867,25308800,0.0,0.0
2023-02-23 00:00:00-05:00,16.060298579414294,16.192618111443338,15.92797904738525,16.002408981323242,24845800,0.0,0.0
2023-02-24 00:00:00-05:00,15.927984051370455,15.936254221892108,15.69642400888538,15.911443710327148,29138100,0.0,0.0
2023-02-27 00:00:00-05:00,15.961062176144436,15.994142856200043,15.72123355523587,15.737773895263672,22981100,0.0,0.0
2023-02-28 00:00:00-05:00,15.72950388593269,15.737774056031073,15.58064397890909,15.638533592224121,34154800,0.0,0.0
2023-03-01 00:00:00-05:00,15.572375334192687,15.597185846918139,15.349085451785072,15.431785583496094,23339900,0.0,0.0
2023-03-02 00:00:00-05:00,15.324276516433434,15.506215544298632,15.299466003707984,15.431785583496094,24184800,0.0,0.0
2023-03-03 00:00:00-05:00,15.464866046256187,15.588915453364104,15.440055533885088,15.555834770202637,23501500,0.0,0.0
2023-03-06 00:00:00-05:00,15.58891349615784,15.679882208683061,15.522753715515137,15.522753715515137,24072100,0.0,0.0
2023-03-07 00:00:00-05:00,15.547562081167948,15.655072706655387,15.382163424271672,15.473132133483887,27944000,0.0,0.0
2023-03-08 00:00:00-05:00,15.357351682641264,15.41524128677479,15.034822986826809,15.390432357788086,31510300,0.0,0.0
2023-03-09 00:00:00-05:00,15.464861474663762,15.464861474663762,15.142331218678317,15.150601387023926,24711100,0.0,0.0
2023-03-10 00:00:00-05:00,15.117523003779722,15.291191815105716,15.084442328837591,15.241572380065918,32018500,0.0,0.0
2023-03-13 00:00:00-04:00,15.109250980218226,15.43177963444309,15.06790014161683,15.13405990600586,39835000,0.0,0.0
2023-03-14 00:00:00-04:00,15.191952089547982,15.307731290578971,15.059630974604024,15.249841690063477,32076200,0.0,0.0
2023-03-15 00:00:00-04:00,15.05136337481473,15.167142583469587,14.93558258878646,15.142332077026367,34436400,0.0,0.0
2023-03-16 00:00:00-04:00,15.07617272903761,15.241572955243244,14.943853179022486,15.208492279052734,31731800,0.0,0.0
2023-03-17 00:00:00-04:00,15.15060215104797,15.175412657335956,14.910773566424387,14.9934720993042,58728600,0.0,0.0
2023-03-20 00:00:00-04:00,15.109254014162895,15.365622955477724,15.067903167258232,15.291193008422852,27382100,0.0,0.0
2023-03-21 00:00:00-04:00,15.448321625176876,15.481400722229223,15.241572142136228,15.332542419433594,24313200,0.0,0.0
2023-03-22 00:00:00-04:00,15.390432843353624,15.48140154813061,15.200222110005107,15.208492279052734,21071100,0.0,0.0
2023-03-23 00:00:00-04:00,15.225033899733523,15.357353460895496,15.167144288896859,15.266383171081543,28957800,0.0,0.0
2023-03-24 00:00:00-04:00,15.25811281194762,15.431781624348202,15.175412701453977,15.390432357788086,32058000,0.0,0.0
2023-03-27 00:00:00-04:00,15.497941917076904,15.671612312675883,15.464862818194003,15.605452537536621,26650500,0.0,0.0
2023-03-28 00:00:00-04:00,15.580640934221028,15.70469030670839,15.481400489807129,15.481400489807129,21547200,0.0,0.0
2023-03-29 00:00:00-04:00,15.597184827518312,15.754313332388463,15.572374316414425,15.712964057922363,23149400,0.0,0.0
2023-03-30 00:00:00-04:00,15.721228942165673,15.8287379660528,15.696418439404098,15.779118537902832,19736300,0.0,0.0
2023-03-31 00:00:00-04:00,15.812201122400106,15.919710159301756,15.737771182478436,15.919710159301758,27130900,0.0,0.0
2023-04-03 00:00:00-04:00,15.936251163543455,16.109919979047927,15.878361558375298,16.035490036010742,31102500,0.0,0.0
2023-04-04 00:00:00-04:00,16.143000129176972,16.250509167078327,16.03548951390223,16.242238998413086,34207600,0.0,0.0
2023-04-05 00:00:00-04:00,16.225699629411718,16.48206853891762,16.200889124347277,16.440717697143555,38673200,0.0,0.0
2023-04-06 00:00:00-04:00,16.48097801208496,16.598400828485232,16.363556795428785,16.48097801208496,29722600,0.278,0.0
2023-04-10 00:00:00-04:00,16.330006414130267,16.439041768574757,16.2880707238018,16.41387939453125,23617500,0.0,0.0
2023-04-11 00:00:00-04:00,16.43065528913983,16.699047562612687,16.422267830625785,16.514528274536133,24664800,0.0,0.0
2023-04-12 00:00:00-04:00,16.59840180967352,16.673885739311675,16.480978986331984,16.581626892089844,28179500,0.0,0.0
2023-04-13 00:00:00-04:00,16.64872321810976,16.757756971489943,16.489364717251934,16.740982055664062,25253900,0.0,0.0
2023-04-14 00:00:00-04:00,16.732595227353286,16.766143457315927,16.581624193161574,16.7158203125,24948400,0.0,0.0
2023-04-17 00:00:00-04:00,16.690658953774506,16.70743386964646,16.480977304607126,16.598400115966797,23443900,0.0,0.0
2023-04-18 00:00:00-04:00,16.631949317555797,16.66549915125556,16.480978265395116,16.62356185913086,28517400,0.0,0.0
2023-04-19 00:00:00-04:00,16.590016781593363,16.631952481952634,16.44743316072965,16.522918701171875,31537200,0.0,0.0
2023-04-20 00:00:00-04:00,15.692576789080315,15.700964248584086,14.728041342567328,14.803526878356934,129904800,0.0,0.0
2023-04-21 00:00:00-04:00,14.988045060631933,15.432569135233052,14.954495228721791,15.281598091125488,76810200,0.0,0.0
2023-04-24 00:00:00-04:00,15.17256346625948,15.197725838748195,14.686102129685258,14.702877044677734,60001400,0.0,0.0
2023-04-25 00:00:00-04:00,14.686100959777832,14.904170038076629,14.63577781855313,14.686100959777832,46691800,0.0,0.0
2023-04-26 00:00:00-04:00,14.585456697271633,14.81191328859847,14.417712318312068,14.42609977722168,42482900,0.0,0.0
2023-04-27 00:00:00-04:00,14.577070155682257,14.78675184238493,14.560296836551723,14.769978523254395,36926900,0.0,0.0
2023-04-28 00:00:00-04:00,14.610616557492843,14.887396254861066,14.577066727632968,14.820298194885254,40675800,0.0,0.0
2023-05-01 00:00:00-04:00,14.879011424328825,14.895786342220422,14.669329749916505,14.677717208862305,35510200,0.0,0.0
2023-05-02 00:00:00-04:00,14.560295792286105,14.619006404393033,14.283516049679017,14.31706428527832,39398100,0.0,0.0
2023-05-03 00:00:00-04:00,14.384162570524703,14.468035560388845,14.317064498582234,14.333839416503906,32213100,0.0,0.0
2023-05-04 00:00:00-04:00,14.275125570753795,14.325448713378329,14.13254200019773,14.182865142822266,27422700,0.0,0.0
2023-05-05 00:00:00-04:00,14.241576249670015,14.367384910583496,14.157703275813052,14.367384910583496,23712300,0.0,0.0
2023-05-08 00:00:00-04:00,14.266740714914802,14.400936852877143,14.21641756311496,14.359001159667969,32091000,0.0,0.0
2023-05-09 00:00:00-04:00,14.342225476285279,14.350612934427863,14.182866971064312,14.275127410888672,29058400,0.0,0.0
2023-05-10 00:00:00-04:00,14.308674904114048,14.342224734950227,14.140930549165098,14.291901588439941,32892400,0.0,0.0
2023-05-11 00:00:00-04:00,14.216419018529843,14.25835471603221,14.157706802384483,14.224804878234863,21332600,0.0,0.0
2023-05-12 00:00:00-04:00,14.258355457867252,14.41771399620714,14.216419758183049,14.283517837524414,27280600,0.0,0.0
2023-05-15 00:00:00-04:00,14.258354918067283,14.34222791400478,14.208031760402518,14.216419219970703,28697300,0.0,0.0
2023-05-16 00:00:00-04:00,14.199642291174966,14.208029749556083,13.847377037888647,13.864151954650879,31200300,0.0,0.0
2023-05-17 00:00:00-04:00,13.973188400268555,14.048673940465536,13.880927940084597,13.973188400268555,34154700,0.0,0.0
2023-05-18 00:00:00-04:00,13.922862470152014,13.964798162032093,13.729955727913083,13.880925178527832,39142000,0.0,0.0
2023-05-19 00:00:00-04:00,13.914474301414002,13.964797449049634,13.662856963491818,13.679630279541016,46679400,0.0,0.0
2023-05-22 00:00:00-04:00,13.71318055671856,13.780278622327671,13.553822050992897,13.738341331481934,42251600,0.0,0.0
2023-05-23 00:00:00-04:00,13.637697089874159,13.67124532786666,13.478338560112915,13.503500938415527,45314800,0.0,0.0
2023-05-24 00:00:00-04:00,13.511885328747121,13.52027278627619,13.37768840789795,13.37768840789795,34236900,0.0,0.0
2023-05-25 00:00:00-04:00,13.142847166513095,13.142847166513095,12.58090022577217,12.706708908081055,102758200,0.0,0.0
2023-05-26 00:00:00-04:00,12.773805695187606,13.100909356146076,12.73187000521284,13.000262260437012,50164900,0.0,0.0
2023-05-30 00:00:00-04:00,12.991875838421203,13.15962101131174,12.933165227877536,13.117685317993164,35346700,0.0,0.0
2023-05-31 00:00:00-04:00,13.134458985279153,13.310591610746853,13.10090995185064,13.193169593811035,70109400,0.0,0.0
2023-06-01 00:00:00-04:00,13.20994521228663,13.310592317919403,13.10929810665386,13.260269165039062,31363800,0.0,0.0
2023-06-02 00:00:00-04:00,12.64799877931176,12.933165989965206,12.45509201908862,12.757033348083496,105292900,0.0,0.0
2023-06-05 00:00:00-04:00,12.85767985465977,12.991875994585254,12.790581784697029,12.908003807067871,39528300,0.0,0.0
2023-06-06 00:00:00-04:00,12.96671348651971,13.209944172623935,12.882840505157413,13.14284610748291,39037200,0.0,0.0
2023-06-07 00:00:00-04:00,13.109299143601675,13.520275857283934,13.05897518686861,13.503500938415527,43584200,0.0,0.0
2023-06-08 00:00:00-04:00,13.453175559825402,13.48672379227757,13.31897863065661,13.478336334228516,32833700,0.0,0.0
2023-06-09 00:00:00-04:00,13.428012353200385,13.52865864406131,13.34413937765365,13.37768840789795,24666300,0.0,0.0
2023-06-12 00:00:00-04:00,13.377689300326162,13.419625790897122,13.26865474479048,13.360915184020996,27517900,0.0,0.0
2023-06-13 00:00:00-04:00,13.251881659367491,13.39446525847731,13.151234554090928,13.268655776977539,41578200,0.0,0.0
2023-06-14 00:00:00-04:00,13.335754061714988,13.43640196848292,13.268655990451101,13.285430908203125,26782400,0.0,0.0
2023-06-15 00:00:00-04:00,13.318978509153938,13.503498585189718,13.243492987145117,13.444787979125977,30535200,0.0,0.0
2023-06-16 00:00:00-04:00,13.50349860054403,13.528659374746221,13.386076588411013,13.469948768615723,64149000,0.0,0.0
2023-06-20 00:00:00-04:00,13.436401474463382,13.486724626125001,13.226719809505129,13.235106468200684,35360500,0.0,0.0
2023-06-21 00:00:00-04:00,13.16800910624557,13.184784024281281,12.991876466231181,13.092523574829102,40676400,0.0,0.0
2023-06-22 00:00:00-04:00,13.05897437275372,13.117685785260838,12.975102183256865,13.067361831665039,30272800,0.0,0.0
2023-06-23 00:00:00-04:00,13.109297389851951,13.193169573357176,12.933164764657317,12.95832633972168,37408500,0.0,0.0
2023-06-26 00:00:00-04:00,12.966714156619187,13.12607186959647,12.941552580858998,13.109297752380371,28616600,0.0,0.0
2023-06-27 00:00:00-04:00,13.042200199903512,13.32736740271108,13.025425282151488,13.285430908203125,31457000,0.0,0.0
2023-06-28 00:00:00-04:00,13.260268843903567,13.285430419734377,13.092522872039305,13.235106468200684,26156400,0.0,0.0
2023-06-29 00:00:00-04:00,13.201556906387596,13.42801347943395,13.201556906387596,13.402851104736328,27298300,0.0,0.0
2023-06-30 00:00:00-04:00,13.419624895671317,13.453174725787592,13.277041317165052,13.37768840789795,40465300,0.0,0.0
2023-07-03 00:00:00-04:00,13.377688825785917,13.520273208618164,13.377688825785917,13.520273208618164,18424200,0.0,0.0
2023-07-05 00:00:00-04:00,13.48672379227757,13.612532463525284,13.419625727629185,13.478336334228516,32988100,0.0,0.0
2023-07-06 00:00:00-04:00,13.428012753308357,13.444787668866327,13.285429170553599,13.310590744018555,33325300,0.0,0.0
2023-07-07 00:00:00-04:00,13.26619990144113,13.445472906087637,13.257662897854756,13.325957298278809,28998300,0.278,0.0
2023-07-10 00:00:00-04:00,13.249125755922003,13.274735950706539,12.993021365676418,13.03570556640625,45305500,0.0,0.0
2023-07-11 00:00:00-04:00,13.052779510487516,13.104000717142025,12.899116704657452,13.001558303833008,39688000,0.0,0.0
2023-07-12 00:00:00-04:00,13.010094447323548,13.035705456024631,12.890579663252119,12.907652854919434,46478300,0.0,0.0
2023-07-13 00:00:00-04:00,12.924726860720156,12.950337055287832,12.813748265415681,12.907652854919434,40508200,0.0,0.0
2023-07-14 00:00:00-04:00,12.634476607465707,12.643013611266285,12.199099183238136,12.378372192382812,101745400,0.0,0.0
2023-07-17 00:00:00-04:00,12.05397337831583,12.130804784274147,11.507617346938282,11.550301551818848,160933400,0.0,0.0
2023-07-18 00:00:00-04:00,11.550301428096326,11.942994643350852,11.464933833383114,11.482007026672363,132538700,0.0,0.0
2023-07-19 00:00:00-04:00,12.22470978457646,12.497888216290029,12.182026392429718,12.455204010009766,142144700,0.0,0.0
2023-07-20 00:00:00-04:00,12.455202894043378,12.514960289001465,12.335687289993754,12.514960289001465,76867900,0.0,0.0
2023-07-21 00:00:00-04:00,12.472276784574758,12.617402592566675,12.46374059491261,12.600329399108887,49225400,0.0,0.0
2023-07-24 00:00:00-04:00,12.61740355411724,12.882044993015512,12.61740355411724,12.762529373168945,49475700,0.0,0.0
2023-07-25 00:00:00-04:00,12.873507070189582,12.899117267567721,12.566182259251429,12.634476661682129,59669800,0.0,0.0
2023-07-26 00:00:00-04:00,12.728381673402527,12.779602883949904,12.403982844291864,12.711308479309082,63191500,0.0,0.0
2023-07-27 00:00:00-04:00,12.711307330994066,12.736917526887417,12.3783715278467,12.386908531188965,65496000,0.0,0.0
2023-07-28 00:00:00-04:00,12.45520324474392,12.523497644942823,12.327150633770872,12.335687637329102,51420600,0.0,0.0
2023-07-31 00:00:00-04:00,12.344225566287973,12.455204178464214,12.301541359430415,12.39544677734375,47585600,0.0,0.0
2023-08-01 00:00:00-04:00,12.429592116925496,12.43812830571069,12.173487728301284,12.207634925842285,46296400,0.0,0.0
2023-08-02 00:00:00-04:00,12.199098276035157,12.429592476708788,12.130803878976327,12.250319480895996,41739100,0.0,0.0
2023-08-03 00:00:00-04:00,12.1564150288507,12.17348903652276,11.977142018961557,12.028363227844238,40781600,0.0,0.0
2023-08-04 00:00:00-04:00,11.994217527955373,12.045437929115842,11.951533317565918,11.951533317565918,38965000,0.0,0.0
2023-08-07 00:00:00-04:00,11.960068702697754,12.028363104418213,11.857627100117064,11.960068702697754,38109900,0.0,0.0
2023-08-08 00:00:00-04:00,11.900311954644499,12.122269194609332,11.900311954644499,12.105195999145508,39075100,0.0,0.0
2023-08-09 00:00:00-04:00,12.096658447239301,12.250321270131801,12.079584438414111,12.182026863098145,33951700,0.0,0.0
2023-08-10 00:00:00-04:00,12.19909839591131,12.250319601275482,12.096656799316406,12.096656799316406,33556400,0.0,0.0
2023-08-11 00:00:00-04:00,12.07958404555566,12.293004264128259,12.053973847284334,12.267394065856934,31237100,0.0,0.0
2023-08-14 00:00:00-04:00,12.216172820518832,12.267393213502622,12.105194216875994,12.17348861694336,26901400,0.0,0.0
2023-08-15 00:00:00-04:00,12.122267221411311,12.13080422482041,12.036899629720695,12.071046829223633,26393600,0.0,0.0
2023-08-16 00:00:00-04:00,12.07958391226141,12.113731114290882,11.960069112225018,12.036900520324707,29440300,0.0,0.0
2023-08-17 00:00:00-04:00,12.062510305278444,12.088120502390245,11.942994695200895,11.960068702697754,36036700,0.0,0.0
2023-08-18 00:00:00-04:00,11.925921563199145,12.0710473711352,11.908847555614436,11.994215965270996,32213600,0.0,0.0
2023-08-21 00:00:00-04:00,11.968606116265764,12.071047722354178,11.883237704125328,12.036900520324707,47841400,0.0,0.0
2023-08-22 00:00:00-04:00,12.02836281326684,12.224709009927151,11.97714160614958,12.17348861694336,43191500,0.0,0.0
2023-08-23 00:00:00-04:00,12.173488869431809,12.250320274634511,12.071047267206033,12.088120460510254,29371100,0.0,0.0
2023-08-24 00:00:00-04:00,11.985677625507028,12.190560808885479,11.985677625507028,12.079582214355469,29780100,0.0,0.0
2023-08-25 00:00:00-04:00,12.096659985334307,12.130807193192965,11.994218361758332,12.045438766479492,22107700,0.0,0.0
2023-08-28 00:00:00-04:00,12.105194817800731,12.182026225223941,12.045436604175174,12.130805015563965,30173700,0.0,0.0
2023-08-29 00:00:00-04:00,12.335688262808786,12.643013893420237,12.335688262808786,12.608866691589355,45429000,0.0,0.0
2023-08-30 00:00:00-04:00,12.702771090768188,12.796675690774075,12.549108277909918,12.574718475341797,26065300,0.0,0.0
2023-08-31 00:00:00-04:00,12.63447828148199,12.702772692668358,12.54910986043223,12.625941276550293,45406200,0.0,0.0
2023-09-01 00:00:00-04:00,12.643012604048222,12.685695991383714,12.497886807533954,12.506422996520996,20292900,0.0,0.0
2023-09-05 00:00:00-04:00,12.506423408719334,12.591791814470822,12.35276141815349,12.361297607421875,28402900,0.0,0.0
2023-09-06 00:00:00-04:00,12.318613749237713,12.591791334618607,12.224708343662963,12.472275733947754,43010100,0.0,0.0
2023-09-07 00:00:00-04:00,12.463739545004668,12.600328337695116,12.421055343755548,12.472275733947754,30699100,0.0,0.0
2023-09-08 00:00:00-04:00,12.472277048788426,12.472277048788426,12.25885683417726,12.293004035949707,28281300,0.0,0.0
2023-09-11 00:00:00-04:00,12.352762570486192,12.455204178464214,12.327151557891538,12.39544677734375,28625000,0.0,0.0
2023-09-12 00:00:00-04:00,12.403982327848894,12.438129528747577,12.275930528012205,12.34422492980957,27383300,0.0,0.0
2023-09-13 00:00:00-04:00,12.421055631773859,12.532034231941564,12.352761233845031,12.480813026428223,30916600,0.0,0.0
2023-09-14 00:00:00-04:00,12.719845193043122,12.941802424331893,12.694234993781665,12.85643482208252,55155000,0.0,0.0
2023-09-15 00:00:00-04:00,12.805212108946556,13.061316513952178,12.77106490922137,13.001558303833008,80594200,0.0,0.0
2023-09-18 00:00:00-04:00,12.950338239683033,12.993022443955189,12.822286441000047,12.882043838500977,29972500,0.0,0.0
2023-09-19 00:00:00-04:00,12.856434769973196,13.018633783483075,12.847897765542795,12.98448657989502,33190500,0.0,0.0
2023-09-20 00:00:00-04:00,13.04424313819523,13.428399357225118,13.035706948450986,13.274737358093262,45303600,0.0,0.0
2023-09-21 00:00:00-04:00,13.155221376632475,13.26619998152487,13.052779775377989,13.069853782653809,33709200,0.0,0.0
2023-09-22 00:00:00-04:00,13.086925845159985,13.112536039727662,12.84789546288372,12.907652854919434,33964400,0.0,0.0
2023-09-25 00:00:00-04:00,12.847897817617516,12.899118216140428,12.677161798985212,12.85643482208252,30428700,0.0,0.0
2023-09-26 00:00:00-04:00,12.634477532808905,12.87350795779712,12.523498917673846,12.822287559509277,35412000,0.0,0.0
2023-09-27 00:00:00-04:00,12.81374950410642,12.81374950410642,12.63447649653575,12.694233894348145,27561600,0.0,0.0
2023-09-28 00:00:00-04:00,12.711308658622473,12.82228727126272,12.702771654388561,12.813750267028809,27817600,0.0,0.0
2023-09-29 00:00:00-04:00,12.839360754227375,12.890581966648767,12.728382139092314,12.822287559509277,29640900,0.0,0.0
2023-10-02 00:00:00-04:00,12.839360362062099,12.882044568753921,12.51496153099118,12.52349853515625,36600200,0.0,0.0
2023-10-03 00:00:00-04:00,12.523495588055534,12.651547363863598,12.446664196917359,12.617400169372559,36830800,0.0,0.0
2023-10-04 00:00:00-04:00,12.514959999641466,12.574717393217895,12.335687004778748,12.506422996520996,37089000,0.0,0.0
2023-10-05 00:00:00-04:00,12.489350628763358,12.702770836061159,12.489350628763358,12.660086631774902,32171500,0.0,0.0
2023-10-06 00:00:00-04:00,12.545248737451203,12.623547925707092,12.284251719827129,12.571348190307617,53313500,0.278,0.0
2023-10-09 00:00:00-04:00,12.588747639651746,12.83234445461352,12.580047545981463,12.81494426727295,30659800,0.0,0.0
2023-10-10 00:00:00-04:00,12.780143816979558,13.032440707739822,12.780143816979558,13.01504135131836,35746800,0.0,0.0
2023-10-11 00:00:00-04:00,13.006343301568135,13.093342586402708,12.771446560013466,12.849745750427246,31793500,0.0,0.0
2023-10-12 00:00:00-04:00,12.736646661000412,12.762746113856826,12.423449907976863,12.571348190307617,38543700,0.0,0.0
2023-10-13 00:00:00-04:00,12.597447306227728,12.727946226392714,12.458249121801042,12.493048667907715,34104500,0.0,0.0
2023-10-16 00:00:00-04:00,12.52784756732841,12.614846842947507,12.379949296587892,12.536547660827637,31727900,0.0,0.0
2023-10-17 00:00:00-04:00,12.45824981145485,12.69314738294312,12.43215035785171,12.684447288513184,34771800,0.0,0.0
2023-10-18 00:00:00-04:00,12.588748975619902,12.640947883807966,12.44955078086948,12.458250045776367,36230900,0.0,0.0
2023-10-19 00:00:00-04:00,13.371737663752647,13.624034569495656,13.189039847201737,13.276039123535156,97636500,0.0,0.0
2023-10-20 00:00:00-04:00,13.215141274485045,13.841534000574415,13.215141274485045,13.380439758300781,68058400,0.0,0.0
2023-10-23 00:00:00-04:00,13.3717395255294,13.380439620311392,12.928044647888205,13.006343841552734,53938600,0.0,0.0
2023-10-24 00:00:00-04:00,13.206440909097871,13.545736283961613,13.206440909097871,13.510936737060547,66404200,0.0,0.0
2023-10-25 00:00:00-04:00,13.484837456912787,13.56313664586408,13.110741700672897,13.215140342712402,42605800,0.0,0.0
2023-10-26 00:00:00-04:00,13.197740247392659,13.302138883606279,13.032441784456138,13.154240608215332,41165100,0.0,0.0
2023-10-27 00:00:00-04:00,13.136841440721193,13.206440532538828,12.823644697855217,12.893243789672852,35849200,0.0,0.0
2023-10-30 00:00:00-04:00,13.00634203065083,13.380437757323307,12.971542486054778,13.276039123535156,41832200,0.0,0.0
2023-10-31 00:00:00-04:00,13.293438054740024,13.432636228660877,13.267338604551504,13.397836685180664,33688400,0.0,0.0
2023-11-01 00:00:00-04:00,13.476135597610137,13.658833404671991,13.423936698270492,13.554434776306152,41502800,0.0,0.0
2023-11-02 00:00:00-04:00,13.589236068521947,13.72843425759625,13.53703716246241,13.684934616088867,35788800,0.0,0.0
2023-11-03 00:00:00-04:00,13.83283190606446,13.954631557288005,13.771932910139281,13.81543254852295,42807500,0.0,0.0
2023-11-06 00:00:00-05:00,13.771933496494187,13.832832495012207,13.606635859222436,13.7023344039917,32805500,0.0,0.0
2023-11-07 00:00:00-05:00,13.6675342450491,13.88503160679101,13.6675342450491,13.780632972717285,26425500,0.0,0.0
2023-11-08 00:00:00-05:00,13.780632970322843,13.780632970322843,13.554435515025778,13.615334510803223,28224500,0.0,0.0
2023-11-09 00:00:00-05:00,13.641435316526787,13.702334314647723,13.52833658452603,13.597935676574707,26080800,0.0,0.0
2023-11-10 00:00:00-05:00,13.641434637982325,13.693633539579073,13.450036729525555,13.606635093688965,23755800,0.0,0.0
2023-11-13 00:00:00-05:00,13.580534225975976,13.693632947460603,13.493535783847717,13.554434776306152,23876000,0.0,0.0
2023-11-14 00:00:00-05:00,13.658834674695646,13.702334314647723,13.502237132429432,13.597935676574707,31504200,0.0,0.0
2023-11-15 00:00:00-05:00,13.615335398392363,13.745834321734065,13.606636133918899,13.711034774780273,25233500,0.0,0.0
2023-11-16 00:00:00-05:00,13.81543254852295,13.858932186906618,13.70233382060005,13.81543254852295,26214200,0.0,0.0
2023-11-17 00:00:00-05:00,13.841532430310506,13.885032070047517,13.780633432490664,13.832832336425781,27162600,0.0,0.0
2023-11-20 00:00:00-05:00,13.832832606779686,14.067730168138494,13.789333795879136,14.006831169128418,30868000,0.0,0.0
2023-11-21 00:00:00-05:00,13.980731219759317,14.137329597726167,13.93723240782333,14.08513069152832,25680000,0.0,0.0
2023-11-22 00:00:00-05:00,14.137328083543993,14.163428363534095,14.006830002339752,14.067728996276855,21301600,0.0,0.0
2023-11-24 00:00:00-05:00,14.102529525756836,14.198228905334231,14.093831090680114,14.102529525756836,12431000,0.0,0.0
2023-11-27 00:00:00-05:00,14.085130996230045,14.154730092457239,13.998131711102717,14.102529525756836,29976200,0.0,0.0
2023-11-28 00:00:00-05:00,14.067731179733684,14.093831463774817,13.94593317295517,14.076431274414062,24258400,0.0,0.0
2023-11-29 00:00:00-05:00,14.085130378475542,14.2069283766879,14.05033000220157,14.180828094482422,26623500,0.0,0.0
2023-11-30 00:00:00-05:00,14.172127835589473,14.441824079505103,14.172127835589473,14.41572380065918,50630000,0.0,0.0
2023-12-01 00:00:00-05:00,14.44182692771149,14.589725218260659,14.372227829769141,14.581025123596191,35407200,0.0,0.0
2023-12-04 00:00:00-05:00,14.4418272742162,14.589725568313911,14.398326799850151,14.494026184082031,40542500,0.0,0.0
2023-12-05 00:00:00-05:00,14.772420120303398,15.085616846042443,14.755019933457195,14.981217384338379,72091000,0.0,0.0
2023-12-06 00:00:00-05:00,14.93771654340077,15.03341589865595,14.66802032148599,14.737619400024414,45867500,0.0,0.0
2023-12-07 00:00:00-05:00,14.807221196005667,14.902918909450507,14.702821729352026,14.868120193481445,31309100,0.0,0.0
2023-12-08 00:00:00-05:00,14.868121718446472,14.885521907902286,14.62452404418527,14.720223426818848,42137200,0.0,0.0
2023-12-11 00:00:00-05:00,14.711522707175048,14.737622990250081,14.380927418424594,14.459226608276367,43835000,0.0,0.0
2023-12-12 00:00:00-05:00,14.407024534079543,14.424424720974878,14.215627456350322,14.27652645111084,41348800,0.0,0.0
2023-12-13 00:00:00-05:00,14.206929410890977,14.354827702075172,14.00683221086924,14.311328887939453,53889700,0.0,0.0
2023-12-14 00:00:00-05:00,14.363524969168969,14.624521121350286,14.363524969168969,14.485322952270508,54485000,0.0,0.0
2023-12-15 00:00:00-05:00,14.372228622436523,14.49402663570978,14.311329615799893,14.372228622436523,65906500,0.0,0.0
2023-12-18 00:00:00-05:00,14.441825094498943,14.572323179154045,14.276526635603453,14.320025444030762,34621800,0.0,0.0
2023-12-19 00:00:00-05:00,14.293927860779883,14.459226331679709,14.27652767239605,14.450526237487793,28077400,0.0,0.0
2023-12-20 00:00:00-05:00,14.415725310871396,14.450525686311698,14.267827033996582,14.267827033996582,33476300,0.0,0.0
2023-12-21 00:00:00-05:00,14.328726368267551,14.363526744525416,14.224328558240504,14.346126556396484,36327900,0.0,0.0
2023-12-22 00:00:00-05:00,14.354828058563328,14.554925263554283,14.354828058563328,14.398326873779297,26740400,0.0,0.0
2023-12-26 00:00:00-05:00,14.354824809391754,14.450524172453743,14.302625911072967,14.41572380065918,22750400,0.0,0.0
2023-12-27 00:00:00-05:00,14.34612594127241,14.459225499887784,14.311327225879896,14.42442512512207,27728700,0.0,0.0
2023-12-28 00:00:00-05:00,14.38962747344777,14.676723948995027,14.380927379113208,14.563624382019043,32112900,0.0,0.0
2023-12-29 00:00:00-05:00,14.467925154493873,14.641923724251846,14.450526625016748,14.598424911499023,33285400,0.0,0.0
2024-01-02 00:00:00-05:00,14.650622012438058,15.120415437867567,14.641921919085439,15.007317543029785,47624300,0.0,0.0
2024-01-03 00:00:00-05:00,15.0682198139779,15.120418726072065,14.981220520905293,14.989920616149902,33612400,0.0,0.0
2024-01-04 00:00:00-05:00,15.016019892750112,15.050818612016451,14.920320510864258,14.920320510864258,35703700,0.0,0.0
2024-01-05 00:00:00-05:00,14.92901706952662,15.242213765608701,14.876818173303938,15.198713302612305,33311400,0.0,0.0
2024-01-08 00:00:00-05:00,15.18131779812755,15.21611651607721,14.998619135928527,15.068218231201172,41215100,0.0,0.0
2024-01-09 00:00:00-05:00,15.00455692571481,15.013398941601613,14.88077207618378,14.9868745803833,30338400,0.278,0.0
2024-01-10 00:00:00-05:00,14.94266396292441,14.94266396292441,14.818879117850368,14.916139602661133,26893800,0.0,0.0
2024-01-11 00:00:00-05:00,14.854244745142175,14.854244745142175,14.279527253691437,14.350261688232422,59137500,0.0,0.0
2024-01-12 00:00:00-05:00,14.447523287559045,14.695094670855687,14.438681271751086,14.571308135986328,32658900,0.0,0.0
2024-01-16 00:00:00-05:00,14.518256140605189,14.677409034867472,14.447521708315495,14.535940170288086,39033400,0.0,0.0
2024-01-17 00:00:00-05:00,14.482888627327034,14.703933947372235,14.456364268244462,14.509414672851562,39261000,0.0,0.0
2024-01-18 00:00:00-05:00,14.403313413589448,14.518256234386971,14.314894951045712,14.500572204589844,35127800,0.0,0.0
2024-01-19 00:00:00-05:00,14.730459666539609,14.836562159845037,14.50057233641278,14.739301681518555,52563000,0.0,0.0
2024-01-22 00:00:00-05:00,14.783509800079436,14.942662693911078,14.712775367981138,14.854244232177734,44093400,0.0,0.0
2024-01-23 00:00:00-05:00,15.066450743367442,15.252128014046251,15.013398649080303,15.199077606201172,59713000,0.0,0.0
2024-01-24 00:00:00-05:00,14.642040706400493,15.066448978780487,14.553622246052916,14.748143196105957,79217000,0.0,0.0
2024-01-25 00:00:00-05:00,14.827722798484169,15.199079061849428,14.756988352435654,15.190237045288086,54457900,0.0,0.0
2024-01-26 00:00:00-05:00,15.163710029244616,15.367071337868921,15.137185667693165,15.287496566772461,38567300,0.0,0.0
2024-01-29 00:00:00-05:00,15.22560064887828,15.278652738572895,15.075289767627366,15.252126693725586,38264800,0.0,0.0
2024-01-30 00:00:00-05:00,15.25212727030785,15.552749044174202,15.190234849766302,15.499698638916016,54946400,0.0,0.0
2024-01-31 00:00:00-05:00,15.48201473714549,15.756110467441989,15.473172721788574,15.641167640686035,52968100,0.0,0.0
2024-02-01 00:00:00-05:00,15.99483857488187,16.05673099110964,15.756109238196025,15.950630187988281,71660400,0.0,0.0
2024-02-02 00:00:00-05:00,15.853370168702718,15.897578556866813,15.70305928792612,15.764951705932617,33248500,0.0,0.0
2024-02-05 00:00:00-05:00,15.658851573876026,15.800322147499873,15.543908735456716,15.676535606384277,31496900,0.0,0.0
2024-02-06 00:00:00-05:00,15.61463818262344,15.711898643854932,15.517377721391947,15.570429801940918,25734200,0.0,0.0
2024-02-07 00:00:00-05:00,15.56159102423217,15.579275054758861,15.296335625657717,15.322861671447754,33871800,0.0,0.0
2024-02-08 00:00:00-05:00,15.296337748950684,15.296337748950684,14.801196630566325,14.871931076049805,66974900,0.0,0.0
2024-02-09 00:00:00-05:00,14.845404761350855,14.924979526421446,14.650883797012563,14.889613151550293,44427100,0.0,0.0
2024-02-12 00:00:00-05:00,14.889611345104484,15.084130599401217,14.818876917501875,15.0487642288208,31151200,0.0,0.0
2024-02-13 00:00:00-05:00,15.048767608551517,15.207920528011226,14.810038229361952,14.942665100097656,29734600,0.0,0.0
2024-02-14 00:00:00-05:00,15.004555109794737,15.11065760115325,14.889612290061413,14.951504707336426,26468100,0.0,0.0
2024-02-15 00:00:00-05:00,14.978032732399624,15.225602434236935,14.978032732399624,15.1106595993042,25926700,0.0,0.0
2024-02-16 00:00:00-05:00,14.98687335831982,15.09297416742555,14.818878443053466,15.004555702209473,28848800,0.0,0.0
2024-02-20 00:00:00-05:00,14.924978662886325,15.146023973978162,14.916138334511514,14.951504707336426,29103900,0.0,0.0
2024-02-21 00:00:00-05:00,14.960346767340631,15.039923214489402,14.889612335035267,15.031081199645996,22644500,0.0,0.0
2024-02-22 00:00:00-05:00,14.827722486692442,14.827722486692442,14.518258659321644,14.668569564819336,59974500,0.0,0.0
2024-02-23 00:00:00-05:00,14.703933353163613,14.907296321082873,14.62435859268968,14.854244232177734,32270900,0.0,0.0
2024-02-26 00:00:00-05:00,14.854244411214282,14.880770455986568,14.606674739107252,14.677409172058105,26815900,0.0,0.0
2024-02-27 00:00:00-05:00,14.686252352520972,14.898455668214531,14.624359929582273,14.88077163696289,28350800,0.0,0.0
2024-02-28 00:00:00-05:00,14.871930289854657,15.066451269482652,14.863088273831373,14.995715141296387,33531100,0.0,0.0
2024-02-29 00:00:00-05:00,15.048766095589317,15.137184562671154,14.951505613155097,14.969189643859863,46155200,0.0,0.0
2024-03-01 00:00:00-05:00,14.916138426099762,15.07528963445192,14.86308633687381,15.013397216796875,27552700,0.0,0.0
2024-03-04 00:00:00-05:00,14.916138335900396,15.0222391408269,14.774667785261911,14.854244232177734,32690500,0.0,0.0
2024-03-05 00:00:00-05:00,15.057607829938416,15.349387585353924,15.031081784376294,15.181392669677734,43337900,0.0,0.0
2024-03-06 00:00:00-05:00,15.11950259923957,15.225603425091235,15.048768153191055,15.190237045288086,35356700,0.0,0.0
2024-03-07 00:00:00-05:00,15.199075287258,15.296334072394734,15.039922401562867,15.075288772583008,27325100,0.0,0.0
2024-03-08 00:00:00-05:00,15.084132591306288,15.31401993298253,15.013398154362983,15.207919120788574,30812900,0.0,0.0
2024-03-11 00:00:00-04:00,15.225601189992924,15.420122152902584,15.225601189992924,15.322861671447754,29541600,0.0,0.0
2024-03-12 00:00:00-04:00,15.296335902136203,15.331703963828858,15.181393074519084,15.207919120788574,38700600,0.0,0.0
2024-03-13 00:00:00-04:00,15.269812045475298,15.41128092402355,15.146025511914033,15.199077606201172,32339800,0.0,0.0
2024-03-14 00:00:00-04:00,15.16370850656345,15.181392536783397,14.880770768812086,15.039923667907715,37237700,0.0,0.0
2024-03-15 00:00:00-04:00,14.933819915618846,15.154865215430572,14.933819915618846,15.075288772583008,93104700,0.0,0.0
2024-03-18 00:00:00-04:00,15.11949997908168,15.314019250395015,14.969189096471673,15.296335220336914,35177000,0.0,0.0
2024-03-19 00:00:00-04:00,15.29633549422968,15.314019524604428,15.172550654490362,15.181392669677734,26144600,0.0,0.0
2024-03-20 00:00:00-04:00,15.137184914564326,15.305178150838955,15.101816852332597,15.21675968170166,28961700,0.0,0.0
2024-03-21 00:00:00-04:00,15.199076246186031,15.269810679130833,15.084131738624539,15.172550201416016,34446700,0.0,0.0
2024-03-22 00:00:00-04:00,15.199076156203907,15.207918171074898,15.013397216796875,15.013397216796875,26169900,0.0,0.0
2024-03-25 00:00:00-04:00,15.066448759432204,15.146023517500469,15.004554657580696,15.13718318939209,30944600,0.0,0.0
2024-03-26 00:00:00-04:00,15.146026962481377,15.278655524459285,15.075292516432862,15.190237045288086,33048600,0.0,0.0
2024-03-27 00:00:00-04:00,15.28749412725073,15.552747819089701,15.28749412725073,15.517379760742188,37488400,0.0,0.0
2024-03-28 00:00:00-04:00,15.517382973636952,15.6500115334592,15.490858610826256,15.561593055725098,33461500,0.0,0.0
2024-04-01 00:00:00-04:00,15.199075530187109,15.508539292158092,15.163707472159876,15.47317123413086,31980100,0.0,0.0
2024-04-02 00:00:00-04:00,15.455488110555075,15.650009068216939,15.455488110555075,15.490856170654297,40169500,0.0,0.0
2024-04-03 00:00:00-04:00,15.552745775091262,15.65884656330596,15.464327327284597,15.570429801940918,38155900,0.0,0.0
2024-04-04 00:00:00-04:00,15.579274772782174,15.809160419700461,15.526222682162315,15.535064697265625,31850300,0.0,0.0
2024-04-05 00:00:00-04:00,15.490857589335294,15.50854162100444,15.278654268631778,15.40243911743164,37769000,0.0,0.0
2024-04-08 00:00:00-04:00,15.384753545078297,15.437803948330998,15.22560064887828,15.252126693725586,27372200,0.0,0.0
2024-04-09 00:00:00-04:00,15.277291422675578,15.349184490219649,15.106544744483683,15.187424659729004,32785000,0.278,0.0
2024-04-10 00:00:00-04:00,15.070596279417774,15.088569971494826,14.83694342461297,15.034648895263672,39046800,0.0,0.0
2024-04-11 00:00:00-04:00,14.98073140549902,15.007691946984322,14.756065368652344,14.756065368652344,40831200,0.0,0.0
2024-04-12 00:00:00-04:00,14.747079017962527,14.792011541218217,14.603292886665248,14.657212257385254,41785200,0.0,0.0
2024-04-15 00:00:00-04:00,14.792009560319025,14.863904330405635,14.495450489974406,14.594304084777832,40249900,0.0,0.0
2024-04-16 00:00:00-04:00,14.576331617933988,14.58531846495049,14.324705900702256,14.459506034851074,56368800,0.0,0.0
2024-04-17 00:00:00-04:00,14.477481467029062,14.603293912233333,14.432547226551813,14.486468315124512,27177500,0.0,0.0
2024-04-18 00:00:00-04:00,14.47747971162235,14.69315889756382,14.459506017610776,14.675185203552246,29566500,0.0,0.0
2024-04-19 00:00:00-04:00,14.675186653472204,14.845933335320451,14.612280432282317,14.836946487426758,45820400,0.0,0.0
2024-04-22 00:00:00-04:00,14.99870560476571,15.034651280557084,14.531399821016608,14.657212257385254,54178100,0.0,0.0
2024-04-23 00:00:00-04:00,14.720118604220538,14.854919603297525,14.639240404466612,14.827959060668945,47805000,0.0,0.0
2024-04-24 00:00:00-04:00,15.18742536731677,15.304252678810123,14.720119549475388,15.106545448303223,74197800,0.0,0.0
2024-04-25 00:00:00-04:00,15.007692253086152,15.27729081717465,14.827958734316573,14.89985179901123,46680400,0.0,0.0
2024-04-26 00:00:00-04:00,14.8009971824823,15.169449328162981,14.72910412269255,15.052623748779297,37852700,0.0,0.0
2024-04-29 00:00:00-04:00,15.268301798529807,15.52891519227737,15.268301798529807,15.295262336730957,42383300,0.0,0.0
2024-04-30 00:00:00-04:00,15.196409972884378,15.259316186374878,15.097556372218872,15.178436279296875,31822800,0.0,0.0
2024-05-01 00:00:00-04:00,15.124519591839121,15.367159356055646,15.079587063976534,15.205399513244629,39350700,0.0,0.0
2024-05-02 00:00:00-04:00,15.268305870816484,15.268305870816484,15.034652952951324,15.115532875061035,32205000,0.0,0.0
2024-05-03 00:00:00-04:00,15.115532702900978,15.20539947245112,15.034652781712458,15.14249324798584,24023200,0.0,0.0
2024-05-06 00:00:00-04:00,15.232358196072697,15.313238107589717,15.196410806924751,15.268303871154785,24182300,0.0,0.0
2024-05-07 00:00:00-04:00,15.331209388826391,15.466008663851143,15.277290021629646,15.349183082580566,28086800,0.0,0.0
2024-05-08 00:00:00-04:00,15.304251344553878,15.457024321141958,15.2772908025445,15.376144409179688,25292100,0.0,0.0
2024-05-09 00:00:00-04:00,15.367157609589293,15.448037521802858,15.313238239468873,15.439050674438477,22547700,0.0,0.0
2024-05-10 00:00:00-04:00,15.457021878080157,15.474993855846646,15.385128824817414,15.430061340332031,19229600,0.0,0.0
2024-05-13 00:00:00-04:00,15.439051298698981,15.582837434211177,15.412090755515717,15.510944366455078,28014800,0.0,0.0
2024-05-14 00:00:00-04:00,15.52891732457851,15.582836694318939,15.474996240772219,15.546889305114746,23545300,0.0,0.0
2024-05-15 00:00:00-04:00,15.591822417671683,15.67270232348497,15.439049452698336,15.573848724365234,30877900,0.0,0.0
2024-05-16 00:00:00-04:00,15.555876152415795,15.609797236222084,15.412090023730741,15.546889305114746,24686200,0.0,0.0
2024-05-17 00:00:00-04:00,15.63675785064697,15.645744698974818,15.510945402189234,15.636757850646973,25891200,0.0,0.0
2024-05-20 00:00:00-04:00,15.618781387410799,15.78054120052714,15.600809408004569,15.744595527648926,28266600,0.0,0.0
2024-05-21 00:00:00-04:00,15.735609070673018,15.744595917631607,15.403102589468391,15.519929885864258,31173300,0.0,0.0
2024-05-22 00:00:00-04:00,15.4480343653492,15.73560656598711,15.439047519821075,15.726619720458984,30647500,0.0,0.0
2024-05-23 00:00:00-04:00,15.636752192393981,15.73560577416347,15.564859145852198,15.699658393859863,32477700,0.0,0.0
2024-05-24 00:00:00-04:00,15.71763287493086,15.825473307202836,15.654726670299508,15.726619720458984,24996000,0.0,0.0
2024-05-28 00:00:00-04:00,15.690674835880072,15.744595917631607,15.457023671219927,15.519929885864258,25458300,0.0,0.0
2024-05-29 00:00:00-04:00,15.501955505747615,15.555874871046596,15.376143082028085,15.385129928588867,23503800,0.0,0.0
2024-05-30 00:00:00-04:00,15.430063565299736,15.85243509986483,15.421076718087818,15.834463119506836,33262600,0.0,0.0
2024-05-31 00:00:00-04:00,15.753585814991014,16.41859719210206,15.699664722798621,16.3736629486084,67619500,0.0,0.0
2024-06-03 00:00:00-04:00,16.292782908316322,16.472516452878295,16.14000990965848,16.18494415283203,38332700,0.0,0.0
2024-06-04 00:00:00-04:00,16.14899470395552,16.499474899859642,16.086088485581055,16.490488052368164,30089100,0.0,0.0
2024-06-05 00:00:00-04:00,16.454539672878774,16.463526519829813,16.319740396744766,16.445552825927734,28101800,0.0,0.0
2024-06-06 00:00:00-04:00,16.43656672618314,16.58035284081016,16.37365880122634,16.427579879760742,22319200,0.0,0.0
2024-06-07 00:00:00-04:00,16.37365827503239,16.37365827503239,16.148992263889472,16.265819549560547,36626700,0.0,0.0
2024-06-10 00:00:00-04:00,16.175954720869257,16.211902109667236,15.951288683079406,16.050142288208008,32414600,0.0,0.0
2024-06-11 00:00:00-04:00,16.03216859380902,16.13102219893762,15.933314988680415,16.050142288208008,29957000,0.0,0.0
2024-06-12 00:00:00-04:00,16.16696730396691,16.21190153838096,15.789528305217784,15.825475692749023,35652200,0.0,0.0
2024-06-13 00:00:00-04:00,15.771554086312781,15.888381377833579,15.654728508857705,15.87939453125,30692000,0.0,0.0
2024-06-14 00:00:00-04:00,15.807500688028972,15.951286798097842,15.717633940719518,15.852433204650879,22652300,0.0,0.0
2024-06-17 00:00:00-04:00,15.78054093289636,15.906355071000736,15.717634720877033,15.87939453125,27451600,0.0,0.0
2024-06-18 00:00:00-04:00,16.06811515512813,16.35568913918185,16.05014317380334,16.220888137817383,33711100,0.0,0.0
2024-06-20 00:00:00-04:00,16.12203401472818,16.319739494523713,16.08608662891134,16.27480697631836,32100600,0.0,0.0
2024-06-21 00:00:00-04:00,16.32872712790056,16.580353698547874,16.23886037309325,16.535419464111328,72558200,0.0,0.0
2024-06-24 00:00:00-04:00,16.55339183255947,16.805018383060624,16.535418140223893,16.76008415222168,42162200,0.0,0.0
2024-06-25 00:00:00-04:00,16.75109771995508,16.831977623397986,16.65224583779817,16.796031951904297,32354000,0.0,0.0
2024-06-26 00:00:00-04:00,16.75109777420142,16.903870735192125,16.72413894901027,16.858938217163086,32029700,0.0,0.0
2024-06-27 00:00:00-04:00,16.87691132873355,16.885898174842975,16.724138373004582,16.849950790405273,28916300,0.0,0.0
2024-06-28 00:00:00-04:00,16.894884346468263,17.19144343006474,16.876912367209187,17.173471450805664,52825200,0.0,0.0
2024-07-01 00:00:00-04:00,17.290297314577938,17.362190374997702,16.92184516566843,17.056644439697266,36095700,0.0,0.0
2024-07-02 00:00:00-04:00,17.056647012892682,17.07462070922561,16.787048424162897,16.912860870361328,31606900,0.0,0.0
2024-07-03 00:00:00-04:00,16.966778232302357,17.002725620703295,16.769072738294646,16.787046432495117,19463000,0.0,0.0
2024-07-05 00:00:00-04:00,16.80502323136065,16.894888290833592,16.760088987558042,16.867929458618164,30727800,0.0,0.0
2024-07-08 00:00:00-04:00,16.93083016639864,16.984749527317835,16.796030907067856,16.90386962890625,23277400,0.0,0.0
2024-07-09 00:00:00-04:00,16.912855893192006,17.056641993409528,16.805017175061625,16.894882202148438,27803600,0.0,0.0
2024-07-10 00:00:00-04:00,16.93867066297283,17.102858381804992,16.8383333370659,17.09373664855957,33408200,0.278,0.0
2024-07-11 00:00:00-04:00,17.057249429542733,17.21231539671285,16.984277312038706,17.20319366455078,23623400,0.0,0.0
2024-07-12 00:00:00-04:00,17.07549129370557,17.194072072989602,16.95691225421407,17.15758514404297,37919400,0.0,0.0
2024-07-15 00:00:00-04:00,17.19406975635496,17.212313218370255,16.902181323279454,16.94778823852539,33910900,0.0,0.0
2024-07-16 00:00:00-04:00,16.966034628223817,17.203194455970376,16.938669430478697,17.194072723388672,23923600,0.0,0.0
2024-07-17 00:00:00-04:00,17.239681124817235,17.504206172992088,17.19407419779048,17.47684097290039,40611500,0.0,0.0
2024-07-18 00:00:00-04:00,17.42211120027446,17.631905834872537,17.321773879469887,17.46771812438965,34793900,0.0,0.0
2024-07-19 00:00:00-04:00,17.440351486206055,17.54980878004389,17.312648990338825,17.440351486206055,29910300,0.0,0.0
2024-07-22 00:00:00-04:00,17.057249659522334,17.121100045725175,16.701509059575383,16.920425415039062,44083600,0.0,0.0
2024-07-23 00:00:00-04:00,16.93866976224368,16.975156693285147,16.546443952511083,16.610294342041016,70161800,0.0,0.0
2024-07-24 00:00:00-04:00,17.257924591545034,17.540691366654944,17.11198033730813,17.47684097290039,64465000,0.0,0.0
2024-07-25 00:00:00-04:00,17.467714964512247,18.005884922722146,17.422108048647267,17.504201889038086,54049700,0.0,0.0
2024-07-26 00:00:00-04:00,17.47683790825751,17.604538673373707,17.230556369997043,17.340015411376953,30844200,0.0,0.0
2024-07-29 00:00:00-04:00,17.330896838372787,17.349140305226598,17.166709116273992,17.239681243896484,30788300,0.0,0.0
2024-07-30 00:00:00-04:00,17.28528531997327,17.358257428214003,17.184948018720146,17.31264877319336,27855000,0.0,0.0
2024-07-31 00:00:00-04:00,17.239679578133458,17.62278364608276,17.221436113042397,17.55893325805664,39522000,0.0,0.0
2024-08-01 00:00:00-04:00,17.613661172709932,17.905549642719755,17.449473473381282,17.759605407714844,44379300,0.0,0.0
2024-08-02 00:00:00-04:00,17.914673933114585,18.23392764519976,17.504206365970298,17.668394088745117,45240100,0.0,0.0
2024-08-05 00:00:00-04:00,17.148462965510564,17.44035317010949,17.002518733107348,17.24880027770996,50898400,0.0,0.0
2024-08-06 00:00:00-04:00,17.230555174471245,17.604537451899507,17.203191720869185,17.504201889038086,33776000,0.0,0.0
2024-08-07 00:00:00-04:00,17.513326335121583,17.805214817408178,17.422110749458874,17.55893325805664,30036700,0.0,0.0
2024-08-08 00:00:00-04:00,17.568056127912193,17.768729037527116,17.522447462231955,17.695756912231445,25588100,0.0,0.0
2024-08-09 00:00:00-04:00,17.686633613892177,17.878186513212018,17.577176305531594,17.777849197387695,22819600,0.0,0.0
2024-08-12 00:00:00-04:00,17.823457046970592,17.84169877100454,17.60453896063854,17.723119735717773,22979900,0.0,0.0
2024-08-13 00:00:00-04:00,17.714000244692564,17.84170102804717,17.6592715860824,17.80521583557129,21508000,0.0,0.0
2024-08-14 00:00:00-04:00,17.76872939022922,17.93291711035172,17.7140007301193,17.90555191040039,19158600,0.0,0.0
2024-08-15 00:00:00-04:00,17.832577912523792,17.85994310960375,17.303529614192442,17.412988662719727,42608100,0.0,0.0
2024-08-16 00:00:00-04:00,17.440352664425113,17.659269006682443,17.403865737486004,17.64102554321289,24724400,0.0,0.0
2024-08-19 00:00:00-04:00,17.6501484243695,17.796092662045307,17.641026692040693,17.777849197387695,20506700,0.0,0.0
2024-08-20 00:00:00-04:00,17.750484000401276,17.859943048554406,17.686633613892177,17.777849197387695,20260900,0.0,0.0
2024-08-21 00:00:00-04:00,17.805214253382356,17.86906463938585,17.713998670609136,17.823457717895508,20055500,0.0,0.0
2024-08-22 00:00:00-04:00,17.841699909744964,17.859943374735764,17.695755669403734,17.796092987060547,17596700,0.0,0.0
2024-08-23 00:00:00-04:00,17.8234593348475,18.02413224331969,17.79609413559519,17.996767044067383,21519300,0.0,0.0
2024-08-26 00:00:00-04:00,18.024131774902344,18.18831948656385,17.969403117612725,18.024131774902344,22599700,0.0,0.0
2024-08-27 00:00:00-04:00,18.005887645529466,18.060616300801843,17.87818686996306,17.92379379272461,20321900,0.0,0.0
2024-08-28 00:00:00-04:00,17.951160450617163,18.16095509605561,17.94203871736427,18.078861236572266,20435500,0.0,0.0
2024-08-29 00:00:00-04:00,18.060616966497875,18.106225630733096,17.896430994629018,18.024131774902344,20775600,0.0,0.0
2024-08-30 00:00:00-04:00,18.024131800114453,18.16095431342621,17.96940314274828,18.151832580566406,29362700,0.0,0.0
2024-09-03 00:00:00-04:00,18.179198660733565,18.653518353689275,18.170076927431406,18.63527488708496,50352600,0.0,0.0
2024-09-04 00:00:00-04:00,18.69000166611988,19.036620537546714,18.471085308278354,18.76297378540039,57532400,0.0,0.0
2024-09-05 00:00:00-04:00,18.890673781654144,19.00013282596586,18.71736609286662,18.83594512939453,44199100,0.0,0.0
2024-09-06 00:00:00-04:00,18.835947722131106,19.155201427209814,18.835947722131106,19.127836227416992,53079500,0.0,0.0
2024-09-09 00:00:00-04:00,19.118709775932583,19.702488382228992,19.09134632268539,19.61127281188965,58958400,0.0,0.0
2024-09-10 00:00:00-04:00,19.565667856801632,19.939650166847265,19.456208813469814,19.802825927734375,60944500,0.0,0.0
2024-09-11 00:00:00-04:00,19.720734071229195,19.720734071229195,19.374115212756045,19.5656681060791,37328500,0.0,0.0
2024-09-12 00:00:00-04:00,19.456209097555117,19.738975832251732,19.310264864176705,19.693368911743164,34564800,0.0,0.0
2024-09-13 00:00:00-04:00,19.675127042446405,19.76634263064978,19.55654799563687,19.738977432250977,31451300,0.0,0.0
2024-09-16 00:00:00-04:00,19.921405311241305,20.377481436975234,19.87579839458485,20.313631057739258,53733400,0.0,0.0
2024-09-17 00:00:00-04:00,20.131201507114636,20.158566703152864,19.802826113825837,19.86667823791504,29304400,0.0,0.0
2024-09-18 00:00:00-04:00,19.92140894746529,20.06735319515574,19.7389777679559,19.82107162475586,27825600,0.0,0.0
2024-09-19 00:00:00-04:00,19.748099112233252,19.793707776109276,19.319388110554435,19.48357582092285,40942200,0.0,0.0
2024-09-20 00:00:00-04:00,19.42884609139603,19.72073633084725,19.36499569956981,19.647764205932617,94156500,0.0,0.0
2024-09-23 00:00:00-04:00,19.647762439417612,19.7024910932348,19.483574738173502,19.602153778076172,25550300,0.0,0.0
2024-09-24 00:00:00-04:00,19.501816018063685,19.75721929637216,19.437965633434693,19.693368911743164,25905500,0.0,0.0
2024-09-25 00:00:00-04:00,19.720734574564535,19.830191882292127,19.62951899159652,19.666004180908203,28334800,0.0,0.0
2024-09-26 00:00:00-04:00,19.602156027307945,19.848437607433468,19.547427367210965,19.74810028076172,25497500,0.0,0.0
2024-09-27 00:00:00-04:00,19.811949451305487,20.012624092262584,19.775464260090413,19.976137161254883,23577700,0.0,0.0
2024-09-30 00:00:00-04:00,20.067350387573242,20.13120076953055,19.76634020135134,20.067350387573242,26260200,0.0,0.0
2024-10-01 00:00:00-04:00,20.00349894024918,20.204171807112,19.92140509930704,20.185928344726562,32705500,0.0,0.0
2024-10-02 00:00:00-04:00,20.11296100127417,20.286270455421413,20.06735407429514,20.240663528442383,29820100,0.0,0.0
2024-10-03 00:00:00-04:00,20.185931027528802,20.277146611786623,20.039986788633307,20.112958908081055,28894700,0.0,0.0
2024-10-04 00:00:00-04:00,19.79370694159154,20.04910848935881,19.593032308582902,19.985258102416992,24539300,0.0,0.0
2024-10-07 00:00:00-04:00,19.985257274495723,19.985257274495723,19.766340925567352,19.86667823791504,23116300,0.0,0.0
2024-10-08 00:00:00-04:00,19.994382057240887,20.04911071787533,19.811950868735746,19.939653396606445,22716400,0.0,0.0
2024-10-09 00:00:00-04:00,19.94877323664976,20.0673522800687,19.875801116132124,20.003501892089844,25365400,0.0,0.0
2024-10-10 00:00:00-04:00,19.955462304280235,20.02937135213521,19.595154154122884,19.604393005371094,28738500,0.278,0.0
2024-10-11 00:00:00-04:00,19.678301371140904,19.81688237292987,19.60439232584775,19.74297332763672,25249800,0.0,0.0
2024-10-14 00:00:00-04:00,19.733732716692497,19.779925205081902,19.641345977783203,19.641345977783203,33512200,0.0,0.0
2024-10-15 00:00:00-04:00,19.761448103301856,19.96469928748337,19.613630021422868,19.872312545776367,35942600,0.0,0.0
2024-10-16 00:00:00-04:00,19.881552159591443,20.103279290924025,19.84459675663738,20.057085037231445,23926900,0.0,0.0
2024-10-17 00:00:00-04:00,19.91850648707824,20.112518835014182,19.890791696037862,20.075563430786133,25471200,0.0,0.0
2024-10-18 00:00:00-04:00,20.075565515351784,20.380440583367555,19.983178757319248,20.186429977416992,27277400,0.0,0.0
2024-10-21 00:00:00-04:00,20.21414230117186,20.297290197027404,20.00165401715464,20.010892868041992,29366200,0.0,0.0
2024-10-22 00:00:00-04:00,19.632109264994778,19.973939707534534,19.447335767060206,19.863075256347656,47781900,0.0,0.0
2024-10-23 00:00:00-04:00,19.622870464453896,20.8608483222661,19.447335817176757,20.777700424194336,71932600,0.0,0.0
2024-10-24 00:00:00-04:00,20.694548771851778,20.768457805381843,20.380434938816418,20.509777069091797,38783100,0.0,0.0
2024-10-25 00:00:00-04:00,20.60216314417213,20.7037887315244,20.149470069259092,20.16794776916504,26050400,0.0,0.0
2024-10-28 00:00:00-04:00,20.25109539754158,20.463583657350306,20.15870866132418,20.4266300201416,27923800,0.0,0.0
2024-10-29 00:00:00-04:00,20.31576784807424,20.657598281530227,20.251097654154883,20.491302490234375,32711100,0.0,0.0
2024-10-30 00:00:00-04:00,20.445108716173074,20.565212018099384,20.232620427695032,20.34348487854004,36264900,0.0,0.0
2024-10-31 00:00:00-04:00,20.380440327518066,20.87932775735237,20.35272553394782,20.823896408081055,59566700,0.0,0.0
2024-11-01 00:00:00-04:00,20.814657141327224,20.999428889259228,20.38967877303512,20.43587303161621,37170000,0.0,0.0
2024-11-04 00:00:00-05:00,20.454346148765453,20.555971741481518,20.130995193997144,20.251096725463867,24318500,0.0,0.0
2024-11-05 00:00:00-05:00,20.232619419124546,20.48206309949336,20.167949226909798,20.371198654174805,26461800,0.0,0.0
2024-11-06 00:00:00-05:00,20.42663113762113,20.685311898624985,20.29728899498868,20.620641708374023,32259200,0.0,0.0
2024-11-07 00:00:00-05:00,20.685312322628906,20.685312322628906,20.288050560509383,20.361961364746094,31471800,0.0,0.0
2024-11-08 00:00:00-05:00,20.371198719459752,20.722267995651453,20.371198719459752,20.63912010192871,29901600,0.0,0.0
2024-11-11 00:00:00-05:00,20.583689627956346,20.768461362361876,20.55597307483672,20.611404418945312,23465000,0.0,0.0
2024-11-12 00:00:00-05:00,20.519018152661634,20.592928962716773,20.13099697265634,20.463586807250977,39579500,0.0,0.0
2024-11-13 00:00:00-05:00,20.48206178869677,20.685311202954367,20.380436200502743,20.602163314819336,29345600,0.0,0.0
2024-11-14 00:00:00-05:00,20.602163634363368,20.749981712867122,20.528254595111495,20.555971145629883,20825100,0.0,0.0
2024-11-15 00:00:00-05:00,20.546733105887785,21.017903910501957,20.509779465869517,20.95323371887207,40207300,0.0,0.0
2024-11-18 00:00:00-05:00,21.05485992312225,21.433643995477507,21.04562107231717,21.23963165283203,35656400,0.0,0.0
2024-11-19 00:00:00-05:00,21.138007039673337,21.17496244461322,20.953235301365996,20.999427795410156,24727700,0.0,0.0
2024-11-20 00:00:00-05:00,21.06409748809573,21.156484236104966,21.00866614414245,21.091814041137695,20423100,0.0,0.0
2024-11-21 00:00:00-05:00,21.064096668534425,21.387449392920423,20.999426476083343,21.230392456054688,23080900,0.0,0.0
2024-11-22 00:00:00-05:00,21.295063553376735,21.516792454245856,21.193439716119936,21.4151668548584,35732900,0.0,0.0
2024-11-25 00:00:00-05:00,21.3874495868979,21.544506525188098,21.202677858523355,21.341257095336914,64729800,0.0,0.0
2024-11-26 00:00:00-05:00,21.193438663993984,21.35049559973647,21.128768472005415,21.33201789855957,30080300,0.0,0.0
2024-11-27 00:00:00-05:00,21.433643711161487,21.599937737055225,21.25810907245463,21.498313903808594,33206300,0.0,0.0
2024-11-29 00:00:00-05:00,21.49831405740701,21.53526769827056,21.258109224336863,21.39668846130371,19673900,0.0,0.0
2024-12-02 00:00:00-05:00,21.387449827545236,21.396688678387505,20.91627900737313,20.971712112426758,44160600,0.0,0.0
2024-12-03 00:00:00-05:00,21.627654423566348,22.200450834530162,21.599937871346444,21.93252944946289,63128700,0.0,0.0
2024-12-04 00:00:00-05:00,21.86786005942698,22.01567815243332,21.590701575572762,21.7385196685791,41534200,0.0,0.0
2024-12-05 00:00:00-05:00,21.812427076332003,22.071107838593285,21.78471052517664,22.015676498413086,40155600,0.0,0.0
2024-12-06 00:00:00-05:00,22.01567617847874,22.080346368104262,21.76623250809699,22.06186866760254,34218800,0.0,0.0
2024-12-09 00:00:00-05:00,22.080348840084746,22.163496739520724,21.562985503029203,21.590702056884766,38385900,0.0,0.0
2024-12-10 00:00:00-05:00,21.62765452930366,21.858620512540245,21.350496054271996,21.720041275024414,32851500,0.0,0.0
2024-12-11 00:00:00-05:00,21.646133098394667,21.74775869897345,21.378211701279938,21.692325592041016,38518100,0.0,0.0
2024-12-12 00:00:00-05:00,21.784710373424033,21.932528454295216,21.58146095275879,21.58146095275879,22015000,0.0,0.0
2024-12-13 00:00:00-05:00,21.59069904818997,21.867857499600337,21.48907346034529,21.830902099609375,33693900,0.0,0.0
2024-12-16 00:00:00-05:00,21.90481192586388,21.997198667036024,20.888563059361836,21.101051330566406,48018100,0.0,0.0
2024-12-17 00:00:00-05:00,21.06409748809573,21.230393282086222,20.94399594917518,21.091814041137695,39844700,0.0,0.0
2024-12-18 00:00:00-05:00,21.06409934474892,21.239634005225557,20.749985431108964,20.768463134765625,38897400,0.0,0.0
2024-12-19 00:00:00-05:00,20.796175032594178,20.953231954238593,20.703788297133272,20.851606369018555,43160800,0.0,0.0
2024-12-20 00:00:00-05:00,20.870086194671995,21.01790428161621,20.805416001900227,21.01790428161621,93984000,0.0,0.0
2024-12-23 00:00:00-05:00,20.943994399212915,21.12876788155721,20.870085358701303,21.101051330566406,24655600,0.0,0.0
2024-12-24 00:00:00-05:00,21.10105497869624,21.23963423334796,21.027145925406604,21.202680587768555,9605900,0.0,0.0
2024-12-26 00:00:00-05:00,21.184203083284586,21.38745254121123,21.138008823212047,21.211917877197266,16440500,0.0,0.0
2024-12-27 00:00:00-05:00,21.138003754240035,21.313538376160142,21.082572417576472,21.11952781677246,18547500,0.0,0.0
2024-12-30 00:00:00-05:00,21.045620088208988,21.045620088208988,20.731506224046875,20.88856315612793,25420000,0.0,0.0
2024-12-31 00:00:00-05:00,20.897803434367386,21.110291721074812,20.879325732358744,21.0363826751709,22342800,0.0,0.0
2025-01-02 00:00:00-05:00,21.091814041137695,21.405927927090705,21.06409748809573,21.091814041137695,27108200,0.0,0.0
2025-01-03 00:00:00-05:00,21.15648472124573,21.211916066470106,20.92551872699167,20.94399642944336,26874900,0.0,0.0
2025-01-06 00:00:00-05:00,21.027143959458133,21.036382810521896,20.814655671383527,20.87932586669922,34416000,0.0,0.0
2025-01-07 00:00:00-05:00,20.823890902127157,20.925514721899525,20.47282167126159,20.509777069091797,37143500,0.0,0.0
2025-01-08 00:00:00-05:00,20.445108235912958,20.555972684153733,20.010892818075387,20.491302490234375,35517800,0.0,0.0
2025-01-10 00:00:00-05:00,20.470718206095018,20.620414319432214,20.10583850260958,20.292957305908203,41572400,0.278,0.0
2025-01-13 00:00:00-05:00,20.236820543933646,20.28360113689064,20.021635169822957,20.171329498291016,37865600,0.0,0.0
2025-01-14 00:00:00-05:00,20.13390603621695,20.41458244520535,20.00292216545822,20.395870208740234,25627300,0.0,0.0
2025-01-15 00:00:00-05:00,20.564277973238895,20.667193495331997,20.470718569926724,20.49878692626953,50559900,0.0,0.0
2025-01-16 00:00:00-05:00,20.582989499534943,20.70461547048982,20.433295173207185,20.601701736450195,25639600,0.0,0.0
2025-01-17 00:00:00-05:00,20.667192194532856,20.929158150419276,20.564276678917285,20.854310989379883,33638000,0.0,0.0
2025-01-21 00:00:00-05:00,20.77946354484384,21.088210113992805,20.77946354484384,21.04142951965332,36777600,0.0,0.0
2025-01-22 00:00:00-05:00,20.938512549341866,21.032071947056835,20.601701215863898,20.88237762451172,31676400,0.0,0.0
2025-01-23 00:00:00-05:00,20.901089029690226,21.20047766287338,20.788817399998035,21.0788516998291,32125200,0.0,0.0
2025-01-24 00:00:00-05:00,21.097562341830876,21.322105603245962,21.088208008394194,21.25661277770996,44409200,0.0,0.0
2025-01-27 00:00:00-05:00,21.98637624451736,22.800340745982524,21.84603802964329,22.585153579711914,92445200,0.0,0.0
2025-01-28 00:00:00-05:00,22.51030450180768,22.996811937599976,22.37932241697786,22.828405380249023,55731400,0.0,0.0
2025-01-29 00:00:00-05:00,23.118438364670062,23.371048205726858,22.64128882200337,22.669355392456055,34420400,0.0,0.0
2025-01-30 00:00:00-05:00,22.613221436256943,22.66935636406536,22.248341728756444,22.472883224487305,45653000,0.0,0.0
2025-01-31 00:00:00-05:00,22.46352501296781,22.585150975971032,22.13606802634788,22.20155906677246,40341800,0.0,0.0
2025-02-03 00:00:00-05:00,22.164136374771168,22.856473034738023,22.1454241390836,22.688066482543945,59555800,0.0,0.0
2025-02-04 00:00:00-05:00,22.650642011168813,22.856473034738023,22.51965993034987,22.688066482543945,30540200,0.0,0.0
2025-02-05 00:00:00-05:00,22.88453998490567,22.996811616403896,22.716135214403888,22.893896102905273,29511700,0.0,0.0
2025-02-06 00:00:00-05:00,22.921963817012486,22.978098738946013,22.734845031238077,22.875185012817383,24522500,0.0,0.0
2025-02-07 00:00:00-05:00,22.875187356483,23.137151542010187,22.688068551537427,22.95939064025879,26290100,0.0,0.0
2025-02-10 00:00:00-05:00,23.024878133223485,23.333622864587245,23.01552201597041,23.25877571105957,31913400,0.0,0.0
2025-02-11 00:00:00-05:00,23.296200363828117,23.55816631555644,23.20264096788964,23.53009796142578,35150300,0.0,0.0
2025-02-12 00:00:00-05:00,23.530099025288106,23.745284396527804,23.44589574358611,23.726573944091797,38970300,0.0,0.0
2025-02-13 00:00:00-05:00,23.829488863107365,24.082098720773903,23.726575123852168,23.979183197021484,35115100,0.0,0.0
2025-02-14 00:00:00-05:00,24.01660511773612,24.259858830592265,23.951114076678124,24.203723907470703,31687800,0.0,0.0
2025-02-18 00:00:00-05:00,24.054029308961482,24.49375795698265,24.054029308961482,24.39084243774414,52442500,0.0,0.0
2025-02-19 00:00:00-05:00,24.53118209473824,24.65280985819974,24.390843877626494,24.549894332885742,30551500,0.0,0.0
2025-02-20 00:00:00-05:00,24.512471207333924,24.58731837410223,24.269217469212613,24.46569061279297,32753900,0.0,0.0
2025-02-21 00:00:00-05:00,24.400198699849128,24.99897601276658,24.297283180005007,24.905418395996094,58421500,0.0,0.0
2025-02-24 00:00:00-05:00,24.90541699625843,25.38256652536198,24.88670476015714,25.01768684387207,54549600,0.0,0.0
2025-02-25 00:00:00-05:00,25.13931607134367,25.4106363727683,24.568605328195886,24.93348503112793,52497200,0.0,0.0
2025-02-26 00:00:00-05:00,24.84928264448982,25.101892502321874,24.727656667291363,24.858638763427734,39296500,0.0,0.0
2025-02-27 00:00:00-05:00,24.924129458520547,25.23287424111043,24.858638411379843,25.167383193969727,32943300,0.0,0.0
2025-02-28 00:00:00-05:00,25.26094122958507,25.719380319241594,25.26094122958507,25.644533157348633,62510800,0.0,0.0
2025-03-03 00:00:00-05:00,25.513551868172755,26.065550373585154,25.438704703938726,25.934566497802734,45078600,0.0,0.0
2025-03-04 00:00:00-05:00,26.00941419789968,26.168464648235997,24.437623716602012,24.53118133544922,89479700,0.0,0.0
2025-03-05 00:00:00-05:00,24.390841731665546,24.690230377695656,24.166300247142964,24.493757247924805,42010100,0.0,0.0
2025-03-06 00:00:00-05:00,24.531181845251734,25.064469920048335,24.381487510588652,25.008333206176758,32211600,0.0,0.0
2025-03-07 00:00:00-05:00,24.952196414207787,25.457414309858613,24.88670537074352,25.373212814331055,35341900,0.0,0.0
2025-03-10 00:00:00-04:00,25.363856814567775,25.691312033419187,24.96155264912506,25.522907257080078,57820800,0.0,0.0
2025-03-11 00:00:00-04:00,24.76507605961473,25.101889158524266,23.941757332221073,24.334705352783203,74574300,0.0,0.0
2025-03-12 00:00:00-04:00,23.979181729031648,24.19436888229465,23.28684503093893,24.063385009765625,62383200,0.0,0.0
2025-03-13 00:00:00-04:00,24.128877123366323,24.75572097437327,24.100808769120928,24.40955352783203,37698500,0.0,0.0
2025-03-14 00:00:00-04:00,24.138231257253686,24.93348344265676,24.09145245172876,24.867992401123047,37591300,0.0,0.0
2025-03-17 00:00:00-04:00,24.858636843854654,25.195449961622163,24.559248198948904,25.101890563964844,45570000,0.0,0.0
2025-03-18 00:00:00-04:00,25.073823754508886,25.242230323770805,24.849282256992062,24.89606285095215,30365600,0.0,0.0
2025-03-19 00:00:00-04:00,24.93348532981358,25.204807418985613,24.74636830905438,25.111248016357422,30145700,0.0,0.0
2025-03-20 00:00:00-04:00,25.16738403243147,25.195452389782822,24.961554765346662,25.064470291137695,27272300,0.0,0.0
2025-03-21 00:00:00-04:00,25.083180525794067,25.457416364723834,24.92413007118676,25.27965545654297,91268600,0.0,0.0
2025-03-24 00:00:00-04:00,25.129958851323675,25.466770183692258,25.111246614942896,25.2235164642334,26863300,0.0,0.0
2025-03-25 00:00:00-04:00,25.23287300638235,25.784871497410297,25.23287300638235,25.550973892211914,42339700,0.0,0.0
2025-03-26 00:00:00-04:00,25.6445342796409,26.04683846160818,25.59775547059701,25.869075775146484,42589400,0.0,0.0
2025-03-27 00:00:00-04:00,25.981347549353078,26.589480992550794,25.859719790015223,26.383651733398438,43000100,0.0,0.0
2025-03-28 00:00:00-04:00,26.5239891812444,26.673683508040014,26.252667098616634,26.364938735961914,35085300,0.0,0.0
2025-03-31 00:00:00-04:00,26.439785764220538,26.720462179403437,26.393005172025305,26.458498001098633,50156500,0.0,0.0
2025-04-01 00:00:00-04:00,26.57076746211034,26.767242377442916,26.402360901681586,26.645614624023438,43986400,0.0,0.0
2025-04-02 00:00:00-04:00,26.580122572149765,26.748529126190366,26.20588677678012,26.327512741088867,41574800,0.0,0.0
2025-04-03 00:00:00-04:00,26.70175005662256,27.160189124474208,26.61754678043583,26.757884979248047,48912300,0.0,0.0
2025-04-04 00:00:00-04:00,26.196533093072315,26.59883727966405,24.82121574810501,24.924129486083984,61361000,0.0,0.0
2025-04-07 00:00:00-04:00,23.558166748358904,25.47612637009703,23.483319587132467,25.101890563964844,74875400,0.0,0.0
2025-04-08 00:00:00-04:00,25.27965430412169,25.438704751478376,24.353419975808205,24.690231323242188,55717100,0.0,0.0
2025-04-09 00:00:00-04:00,24.409555899130176,25.129961000939797,23.576880938426488,24.765079498291016,77738700,0.0,0.0
2025-04-10 00:00:00-04:00,24.81046563633639,25.30213688636533,24.488988419274218,24.952293395996094,51467900,0.278,0.0
2025-04-11 00:00:00-04:00,25.131941262690376,25.43450761173045,24.92392734858475,25.330501556396484,32057600,0.0,0.0
2025-04-14 00:00:00-04:00,25.179216115777717,25.8599921920465,25.13194080089801,25.718164443969727,27042800,0.0,0.0
2025-04-15 00:00:00-04:00,26.001821517944336,26.12473842615291,25.7748967465639,26.001821517944336,25721300,0.0,0.0
2025-04-16 00:00:00-04:00,26.228746032950923,26.26656772953019,25.472330135743086,25.547971725463867,27835900,0.0,0.0
2025-04-17 00:00:00-04:00,25.699251354575246,25.992362248820537,25.53851277319476,25.67088508605957,24870300,0.0,0.0
2025-04-21 00:00:00-04:00,25.68033943187635,25.79380269774295,24.734818828925274,24.895557403564453,46226000,0.0,0.0
2025-04-22 00:00:00-04:00,24.583538618575822,25.869447369570604,24.564627771428807,25.49123764038086,50906800,0.0,0.0
2025-04-23 00:00:00-04:00,25.094117866018465,25.83162278794086,24.696999137507387,25.70870590209961,43351000,0.0,0.0
2025-04-24 00:00:00-04:00,25.689797668019185,26.313841190040897,25.661431397586334,26.03018569946289,43640800,0.0,0.0
2025-04-25 00:00:00-04:00,25.96399718901083,26.020729728683257,25.179215091251443,25.349409103393555,37050300,0.0,0.0
2025-04-28 00:00:00-04:00,25.43450668240365,25.784350137847202,25.339954250923963,25.77489471435547,24156000,0.0,0.0
2025-04-29 00:00:00-04:00,25.62361057071804,25.945087743458373,25.57633345505766,25.812713623046875,25015800,0.0,0.0
2025-04-30 00:00:00-04:00,26.096373162089588,26.370573242867433,25.831626701823293,26.19092559814453,38877100,0.0,0.0
2025-05-01 00:00:00-04:00,26.001819192454516,26.26656563710614,25.784349864760834,26.134191513061523,37367600,0.0,0.0
2025-05-02 00:00:00-04:00,26.096373814705874,26.266567843173426,25.869449044561726,26.1058292388916,22928400,0.0,0.0
2025-05-05 00:00:00-04:00,26.058549650783476,26.181468350122426,25.680341736351316,26.011274337768555,21335300,0.0,0.0
2025-05-06 00:00:00-04:00,26.03964031173323,26.701503703608896,26.001818619001014,26.62586212158203,32491700,0.0,0.0
2025-05-07 00:00:00-04:00,26.512403017818112,26.852789265616703,26.42730600500903,26.569133758544922,28352900,0.0,0.0
2025-05-08 00:00:00-04:00,26.47458015242264,26.512401846861888,25.95454447794654,25.973453521728516,30141500,0.0,0.0
2025-05-09 00:00:00-04:00,26.058551044628032,26.49349152206772,25.926178718355715,26.32329750061035,29206900,0.0,0.0
2025-05-12 00:00:00-04:00,25.614154764080258,25.812713236568268,25.217036015666707,25.53851318359375,57106100,0.0,0.0
2025-05-13 00:00:00-04:00,25.576334653386127,25.65197623854921,24.87664953976821,25.009023666381836,58767100,0.0,0.0
2025-05-14 00:00:00-04:00,24.99011160874327,25.141394771741474,24.867192911658755,24.99956703186035,31519500,0.0,0.0
2025-05-15 00:00:00-04:00,25.150851915434895,25.907267782172525,25.150851915434895,25.841081619262695,35278700,0.0,0.0
2025-05-16 00:00:00-04:00,25.878902343013166,26.257110262186814,25.642522168099934,26.2098331451416,31106000,0.0,0.0
2025-05-19 00:00:00-04:00,26.247656512466794,26.512402974488786,26.20037939240694,26.493492126464844,30996600,0.0,0.0
2025-05-20 00:00:00-04:00,26.521854537644344,26.720414819617062,26.238199053040564,26.266565322875977,24966600,0.0,0.0
2025-05-21 00:00:00-04:00,26.172013810659262,26.25711081970992,25.916722783507293,25.973453521728516,29684200,0.0,0.0
2025-05-22 00:00:00-04:00,26.077461236282666,26.200378135666934,25.727617778371428,25.74652862548828,25901600,0.0,0.0
2025-05-23 00:00:00-04:00,25.98290871623663,26.030185833868828,25.6803423771411,25.926177978515625,31766300,0.0,0.0
2025-05-27 00:00:00-04:00,25.869447422307736,26.124736645562304,25.8316257279366,25.897811889648438,33329200,0.0,0.0
2025-05-28 00:00:00-04:00,25.888358230535232,26.11528480535344,25.822172064312326,26.001821517944336,32270200,0.0,0.0
2025-05-29 00:00:00-04:00,25.982907683194448,26.01127395264597,25.784349207346516,25.888355255126953,27189100,0.0,0.0
2025-05-30 00:00:00-04:00,25.897811433927455,26.28547477722168,25.859991543659483,26.28547477722168,47964900,0.0,0.0
2025-06-02 00:00:00-04:00,26.14364552218477,26.436756417717397,26.09637021122185,26.40839195251465,26935200,0.0,0.0
2025-06-03 00:00:00-04:00,26.370571880593793,26.59749663334035,26.143647127847235,26.436758041381836,26085900,0.0,0.0
2025-06-04 00:00:00-04:00,26.436758702463734,26.44621412616099,25.737073579806005,25.869447708129883,33913500,0.0,0.0
2025-06-05 00:00:00-04:00,25.935632212866196,26.332750965580175,25.841079785374763,26.24765396118164,29186800,0.0,0.0
2025-06-06 00:00:00-04:00,26.257109585130134,26.56913133583241,26.257109585130134,26.550220489501953,22403100,0.0,0.0
2025-06-09 00:00:00-04:00,26.313840685067564,26.550220857158877,26.313840685067564,26.342206954956055,23353600,0.0,0.0
2025-06-10 00:00:00-04:00,26.389482605863996,27.05134781756858,26.332751868798283,26.8716983795166,39959100,0.0,0.0
2025-06-11 00:00:00-04:00,26.928430984935307,27.051349694449936,26.710961641563564,26.796058654785156,32164500,0.0,0.0
2025-06-12 00:00:00-04:00,26.918974815795877,26.918974815795877,26.58804399958004,26.72987174987793,23311700,0.0,0.0
2025-06-13 00:00:00-04:00,26.69205000954248,26.796057867856156,26.57858853087091,26.65423011779785,22428200,0.0,0.0
2025-06-16 00:00:00-04:00,26.616404859869732,26.84332959027549,26.2665632434499,26.446210861206055,32761400,0.0,0.0
2025-06-17 00:00:00-04:00,26.332753017300007,26.44621449638005,26.086917408042986,26.143648147583008,35258600,0.0,0.0
2025-06-18 00:00:00-04:00,26.247657221340056,26.31384338777362,26.08691861567093,26.153104782104492,27985500,0.0,0.0
2025-06-20 00:00:00-04:00,26.172013587378455,26.57858778194351,26.11528284964122,26.257110595703125,51495200,0.0,0.0
2025-06-23 00:00:00-04:00,26.28547511677952,26.75823547358086,26.28547511677952,26.663684844970703,32957200,0.0,0.0
2025-06-24 00:00:00-04:00,26.625863197705915,26.805512638569603,26.50294629823348,26.73932647705078,26007000,0.0,0.0
2025-06-25 00:00:00-04:00,26.606951123873078,26.805511402712646,26.361115532824712,26.398937225341797,26189400,0.0,0.0
2025-06-26 00:00:00-04:00,26.455669917113482,26.56913319961794,26.285475895075642,26.474580764770508,25118500,0.0,0.0
2025-06-27 00:00:00-04:00,26.47457890761769,26.644772917716672,26.38002647940297,26.550220489501953,37337200,0.0,0.0
2025-06-30 00:00:00-04:00,26.588042318877335,27.439010570310316,26.56913147244964,27.36336898803711,42590800,0.0,0.0
2025-07-01 00:00:00-04:00,27.41064657820809,27.599751451322543,27.136446495973633,27.306638717651367,25976400,0.0,0.0
2025-07-02 00:00:00-04:00,27.240451011157322,27.448466720496118,26.74878161507841,26.767690658569336,47012300,0.0,0.0
2025-07-03 00:00:00-04:00,26.74878194749604,26.862243423602116,26.59749697362519,26.81496810913086,21085200,0.0,0.0
2025-07-07 00:00:00-04:00,26.87169716798603,26.918972479503083,26.68259231504277,26.862241744995117,22448700,0.0,0.0
2025-07-08 00:00:00-04:00,26.701505991605917,26.90951990914468,26.550222814589045,26.748783111572266,24955400,0.0,0.0
2025-07-09 00:00:00-04:00,26.78660310086247,26.833878417561856,26.43675962559872,26.569133758544922,34453800,0.0,0.0
2025-07-10 00:00:00-04:00,26.509923327290686,26.567220921984365,26.242531516290683,26.37622833251953,25053100,0.278,0.0
2025-07-11 00:00:00-04:00,26.309380523827144,26.309380523827144,25.42126137999538,25.7554988861084,42713300,0.0,0.0
2025-07-14 00:00:00-04:00,25.80324805356099,26.271182377252575,25.80324805356099,25.93694305419922,30747000,0.0,0.0
2025-07-15 00:00:00-04:00,25.71730014724559,25.89874465920713,25.58360514972537,25.803247451782227,32266200,0.0,0.0
2025-07-16 00:00:00-04:00,25.803248104699648,25.88919541141107,25.66955128233867,25.736400604248047,21934400,0.0,0.0
2025-07-17 00:00:00-04:00,25.593152660056067,25.831894762562026,25.564504773488274,25.77459716796875,24546400,0.0,0.0
2025-07-18 00:00:00-04:00,25.755498397362295,25.82234771877414,25.593153688277628,25.726850509643555,27427900,0.0,0.0
2025-07-21 00:00:00-04:00,26.22343108967387,26.47172308940804,26.02288860226799,26.14703369140625,36229500,0.0,0.0
2025-07-22 00:00:00-04:00,26.21388568749758,26.509925408355087,25.99424155125701,26.18523597717285,35255800,0.0,0.0
2025-07-23 00:00:00-04:00,25.115670700750247,26.500375747680664,24.685935970689595,26.500375747680664,65616300,0.0,0.0
2025-07-24 00:00:00-04:00,26.519472923406788,26.901459919378226,26.4430755242125,26.662717819213867,47332700,0.0,0.0
2025-07-25 00:00:00-04:00,26.653167461045864,27.073354060160973,26.500372665269033,26.73911476135254,33987800,0.0,0.0
2025-07-28 00:00:00-04:00,26.67226764172312,26.67226764172312,26.29983054945126,26.357128143310547,29164400,0.0,0.0
2025-07-29 00:00:00-04:00,26.43352588309751,26.67226798562338,26.089736672593798,26.175683975219727,34202400,0.0,0.0
2025-07-30 00:00:00-04:00,26.108838109861246,26.462175423668338,26.013340898590368,26.261632919311523,30096100,0.0,0.0
2025-07-31 00:00:00-04:00,26.118386380621672,26.47172367234365,26.08018676991784,26.175683975219727,34120000,0.0,0.0
2025-08-01 00:00:00-04:00,26.39532863031884,26.672270368288068,26.108838810278407,26.500375747680664,38817000,0.0,0.0
2025-08-04 00:00:00-04:00,26.538572190257202,26.662717278383113,26.32847798064124,26.43352508544922,29972400,0.0,0.0
2025-08-05 00:00:00-04:00,26.471724514641895,26.71046662476425,26.423976821200522,26.519474029541016,25317400,0.0,0.0
2025-08-06 00:00:00-04:00,26.681819361565044,26.796414557088653,26.21388503335176,26.25208282470703,39247200,0.0,0.0
2025-08-07 00:00:00-04:00,26.2138857884624,26.844164846371285,26.06109097572436,26.796415328979492,35331400,0.0,0.0
2025-08-08 00:00:00-04:00,26.805963707904624,26.977858317823106,26.76776591762148,26.815513610839844,23598200,0.0,0.0
2025-08-11 00:00:00-04:00,26.911011884371696,27.006509096047708,26.81551467269568,26.872812271118164,20602400,0.0,0.0
2025-08-12 00:00:00-04:00,26.87281270417433,27.407596369594938,26.87281270417433,27.19750213623047,30755100,0.0,0.0
2025-08-13 00:00:00-04:00,27.216600494876385,27.30254780005051,27.082905496364525,27.121103286743164,26382700,0.0,0.0
2025-08-14 00:00:00-04:00,27.292996639204365,27.474441144149242,27.130651939297397,27.455341339111328,24530200,0.0,0.0
2025-08-15 00:00:00-04:00,27.445791746975203,27.770481150461027,27.35984444479027,27.56993865966797,37020400,0.0,0.0
2025-08-18 00:00:00-04:00,27.674986732764864,27.837331450857324,27.569941436204708,27.61768913269043,20420600,0.0,0.0
2025-08-19 00:00:00-04:00,27.56994059227545,27.846880502039518,27.50309126920072,27.674985885620117,18890600,0.0,0.0
2025-08-20 00:00:00-04:00,27.78958266472202,28.056972668890083,27.713185260465746,27.961477279663086,34843000,0.0,0.0
2025-08-21 00:00:00-04:00,27.932824756711014,28.22886444070563,27.894625147701326,28.114269256591797,32991000,0.0,0.0
2025-08-22 00:00:00-04:00,28.142920274631702,28.314814891394583,27.388496127287503,27.474443435668945,34012000,0.0,0.0
2025-08-25 00:00:00-04:00,27.474440951863198,27.674983438984793,27.426691439602596,27.445791244506836,19405000,0.0,0.0
2025-08-26 00:00:00-04:00,27.531741003224262,27.655886103270536,26.93965974853374,27.27389907836914,49407900,0.0,0.0
2025-08-27 00:00:00-04:00,27.21659913169035,27.77048072537171,27.21659913169035,27.751380920410156,28026200,0.0,0.0
2025-08-28 00:00:00-04:00,27.71318481758616,27.71318481758616,27.45534289929509,27.63678741455078,24658100,0.0,0.0
2025-08-29 00:00:00-04:00,27.71318545009171,28.009225165928186,27.646337948592297,27.971027374267578,26562400,0.0,0.0
2025-09-02 00:00:00-04:00,27.9805754245085,28.07607263573894,27.694085612274982,27.770483016967773,31571100,0.0,0.0
2025-09-03 00:00:00-04:00,27.703634836793892,27.77048233658007,27.168853017046718,27.732284545898438,27245400,0.0,0.0
2025-09-04 00:00:00-04:00,27.865979749456066,28.362563782156716,27.72273484580028,28.247966766357422,31845400,0.0,0.0
2025-09-05 00:00:00-04:00,28.24796695779244,28.448511281435838,28.095172149996415,28.257516860961914,25105900,0.0,0.0
2025-09-08 00:00:00-04:00,27.21660003156035,27.82777923887629,27.006507634409925,27.598587036132812,40649300,0.0,0.0
2025-09-09 00:00:00-04:00,27.598586959438357,28.247965776135825,27.531739461506156,28.095170974731445,35105500,0.0,0.0
2025-09-10 00:00:00-04:00,27.932828032929198,28.114272554091457,27.59858870072224,27.885080337524414,25689400,0.0,0.0
2025-09-11 00:00:00-04:00,27.97102902447624,28.17157154080591,27.80868430206074,28.16202163696289,23581000,0.0,0.0
2025-09-12 00:00:00-04:00,28.095171769068564,28.267066380872908,27.97102667246418,28.23841667175293,22794000,0.0,0.0
2025-09-15 00:00:00-04:00,28.276617241412023,28.44851185903704,28.171570125872773,28.28616714477539,31486400,0.0,0.0
2025-09-16 00:00:00-04:00,28.286167582789652,28.314815471865554,27.894628824659748,28.009225845336914,28118200,0.0,0.0
2025-09-17 00:00:00-04:00,28.009225871627898,28.247967995259728,27.932828464924025,28.20977020263672,25967200,0.0,0.0
2025-09-18 00:00:00-04:00,28.028325245196587,28.142920442751198,27.827780917289285,27.885080337524414,30142900,0.0,0.0
2025-09-19 00:00:00-04:00,27.942378292415828,27.99012598842914,27.62723876293759,27.703636169433594,62155700,0.0,0.0
2025-09-22 00:00:00-04:00,27.636788939867863,27.760934043605456,27.445794511009254,27.61768913269043,25835300,0.0,0.0
2025-09-23 00:00:00-04:00,27.617686810829824,27.703634114444693,27.273897596370347,27.493541717529297,28805800,0.0,0.0
2025-09-24 00:00:00-04:00,27.398043542002835,27.455341135233443,26.901459543450517,27.04470443725586,28858700,0.0,0.0
2025-09-25 00:00:00-04:00,27.216598651376422,27.45534074480955,27.016056167192257,27.025604248046875,25658500,0.0,0.0
2025-09-26 00:00:00-04:00,27.102003749919657,27.283448265028554,26.97785865313426,27.03515625,25455100,0.0,0.0
2025-09-29 00:00:00-04:00,26.977860044504347,27.06380735496453,26.62452089911717,26.805965423583984,28739600,0.0,0.0
2025-09-30 00:00:00-04:00,26.872810290479716,27.073354602364173,26.78686298845176,26.968307495117188,34049500,0.0,0.0
2025-10-01 00:00:00-04:00,26.78686379372056,26.89191090412548,26.280731690404636,26.30937957763672,38415100,0.0,0.0
2025-10-02 00:00:00-04:00,26.166136394652117,26.194786105222505,25.669552340179216,25.793699264526367,39597200,0.0,0.0
2025-10-03 00:00:00-04:00,25.803246227220384,25.994238811548392,25.774596519915242,25.84144401550293,34891700,0.0,0.0
2025-10-06 00:00:00-04:00,25.344865138100467,25.516757939932823,24.676386452295745,24.705036163330078,63474300,0.0,0.0
2025-10-07 00:00:00-04:00,24.75278144651972,25.115668643611944,24.68593394874939,24.98197364807129,43249600,0.0,0.0
2025-10-08 00:00:00-04:00,25.0488208795238,25.163417889810045,24.848278388344973,25.067920684814453,36913200,0.0,0.0
2025-10-09 00:00:00-04:00,25.067923716579106,25.287566039612567,24.91512889868992,24.924678802490234,33129200,0.0,0.0
2025-10-10 00:00:00-04:00,24.94205205474089,25.32815156125577,24.81656856445626,24.971010208129883,37980100,0.278,0.0
2025-10-13 00:00:00-04:00,24.787611523405698,24.951704038983834,24.469079209761972,24.70073890686035,36313700,0.0,0.0
2025-10-14 00:00:00-04:00,24.691084962502394,25.241276945906677,24.691084962502394,25.22197151184082,43644900,0.0,0.0
2025-10-15 00:00:00-04:00,25.144753249982845,25.279889456154425,25.038577037858744,25.164058685302734,34674000,0.0,0.0
2025-10-16 00:00:00-04:00,25.193015912522025,25.472937350103646,25.144752325995828,25.289541244506836,49513100,0.0,0.0
2025-10-17 00:00:00-04:00,25.472938643049872,25.559811262138894,25.28954252814431,25.4246768951416,61491800,0.0,0.0
2025-10-20 00:00:00-04:00,25.42467767054137,25.5212030103694,24.932400094379357,25.193017959594727,66161100,0.0,0.0
2025-10-21 00:00:00-04:00,25.241277835103556,25.318497733019758,24.999965423981976,25.144752502441406,100445700,0.0,0.0
2025-10-22 00:00:00-04:00,24.054021963585626,24.932399020146445,23.474871790638318,24.662128448486328,95468000,0.0,0.0
2025-10-23 00:00:00-04:00,24.787610331810583,24.855177510082722,23.63896277798164,23.764446258544922,107294100,0.0,0.0
2025-10-24 00:00:00-04:00,23.783751652789668,24.314640084259093,23.716184469400464,24.266376495361328,80553700,0.0,0.0
2025-10-27 00:00:00-04:00,24.208462968732928,24.68143511187035,24.102284910107148,24.642826080322266,86220400,0.0,0.0
2025-10-28 00:00:00-04:00,24.52699390327135,24.884137090307107,24.430468568310257,24.806917190551758,77662500,0.0,0.0
2025-10-29 00:00:00-04:00,25.212322586013205,25.29919336389385,24.121589410803363,24.266376495361328,102715000,0.0,0.0
2025-10-30 00:00:00-04:00,24.121589791396996,24.304987749966852,23.764448433256838,23.822362899780273,82167800,0.0,0.0
2025-10-31 00:00:00-04:00,23.77409804977504,24.121588512629387,23.65826912286866,23.889928817749023,89936800,0.0,0.0
2025-11-03 00:00:00-05:00,23.783750365407418,23.783750365407418,23.24321108648477,23.677574157714844,89327700,0.0,0.0
2025-11-04 00:00:00-05:00,23.619658368218584,23.706530984355247,23.44591497701286,23.590702056884766,75032700,0.0,0.0
2025-11-05 00:00:00-05:00,23.61000618885446,23.870624043204277,23.58104987686069,23.706531524658203,61112200,0.0,0.0
2025-11-06 00:00:00-05:00,23.44591449562095,24.121588134839445,23.44591449562095,23.88027572631836,71665300,0.0,0.0
2025-11-07 00:00:00-05:00,23.947844298836443,24.227767592712464,23.783751777856494,23.96714973449707,62440000,0.0,0.0
2025-11-10 00:00:00-05:00,23.88027711509194,24.073327789562825,23.754795465433237,23.96714973449707,52677600,0.0,0.0
2025-11-11 00:00:00-05:00,24.06367453654746,24.420815882987664,24.0154109484693,24.30498695373535,40962700,0.0,0.0
2025-11-12 00:00:00-05:00,24.555952093976817,24.83587354062159,24.52699394112351,24.75865364074707,44097000,0.0,0.0
2025-11-13 00:00:00-05:00,24.75865349845251,25.05788037861309,24.6717808814595,24.855178833007812,49785600,0.0,0.0
2025-11-14 00:00:00-05:00,24.971009474008937,25.02892393801663,24.555951826307318,24.70073890686035,37390200,0.0,0.0
2025-11-17 00:00:00-05:00,24.739347325996793,24.81656722312605,24.546298503707437,24.58490753173828,34519900,0.0,0.0
2025-11-18 00:00:00-05:00,24.652475630528638,24.87448259633758,24.459424974392817,24.710390090942383,41527600,0.0,0.0
2025-11-19 00:00:00-05:00,24.710391364863924,24.777958545674572,24.218113823299415,24.39185905456543,34296900,0.0,0.0
2025-11-20 00:00:00-05:00,24.37255323871828,24.739347289270846,24.247071596469855,24.63317108154297,44631800,0.0,0.0
2025-11-21 00:00:00-05:00,24.633170836275013,25.270235440569405,24.613865401946686,25.02892303466797,59017100,0.0,0.0
2025-11-24 00:00:00-05:00,25.08683760508463,25.11579575670236,24.546298329026516,24.72969627380371,66605900,0.0,0.0
2025-11-25 00:00:00-05:00,24.864831781248423,25.299193029175544,24.85517906359658,24.96135711669922,44336200,0.0,0.0
2025-11-26 00:00:00-05:00,24.932399376136697,25.164059080409782,24.903441222702185,24.922746658325195,27713000,0.0,0.0
2025-11-28 00:00:00-05:00,24.922746370977723,25.11579704284668,24.8648319058441,25.11579704284668,16345800,0.0,0.0
2025-12-01 00:00:00-05:00,25.048229087688018,25.067532681425593,24.662127755854968,24.893789291381836,34681900,0.0,0.0
2025-12-02 00:00:00-05:00,24.932397952341184,24.97100882138228,24.56560390178862,24.63317108154297,30839700,0.0,0.0
2025-12-03 00:00:00-05:00,24.671780390705624,24.922745519130338,24.430467979651198,24.440120697021484,29138400,0.0,0.0
2025-12-04 00:00:00-05:00,24.488383022311705,24.67177911969644,24.35324682715704,24.507686614990234,33035200,0.0,0.0
2025-12-05 00:00:00-05:00,24.478732045401525,24.749000772786733,24.372553993318697,24.401512145996094,28075600,0.0,0.0
2025-12-08 00:00:00-05:00,24.45942767855741,24.45942767855741,23.832015738352375,23.976802825927734,41475000,0.0,0.0
2025-12-09 00:00:00-05:00,23.97680220301968,24.12158928683353,23.5134827983883,23.65826988220215,41499600,0.0,0.0
2025-12-10 00:00:00-05:00,23.70653102214786,23.74514189207798,23.436262296907472,23.542438507080078,48955400,0.0,0.0
2025-12-11 00:00:00-05:00,23.61000620722913,23.851318626392473,23.426610094233695,23.45556640625,38931800,0.0,0.0
2025-12-12 00:00:00-05:00,23.54243785521614,23.947842772919124,23.42660893076818,23.7258358001709,34207700,0.0,0.0
2025-12-15 00:00:00-05:00,23.638964736816376,23.77409910455852,23.378346878112808,23.465219497680664,37162500,0.0,0.0
2025-12-16 00:00:00-05:00,23.51348193547779,23.542438246537312,23.175644191598526,23.233558654785156,35702000,0.0,0.0
2025-12-17 00:00:00-05:00,23.2721706248833,23.600355666907504,23.24321247138669,23.51348304748535,39455100,0.0,0.0
2025-12-18 00:00:00-05:00,23.465219603616777,23.696879309821018,23.387999701548694,23.41695785522461,31038800,0.0,0.0
2025-12-19 00:00:00-05:00,23.368694037251018,23.436263061834083,23.18529792229999,23.310779571533203,89822300,0.0,0.0
2025-12-22 00:00:00-05:00,23.310779322965526,23.600355330602127,23.252864857865266,23.45556640625,29049300,0.0,0.0
2025-12-23 00:00:00-05:00,23.43626293617558,23.67757535661824,23.416957500683928,23.61000633239746,20869100,0.0,0.0
2025-12-24 00:00:00-05:00,23.523135269950547,23.851318463995955,23.523135269950547,23.803056716918945,13904100,0.0,0.0
2025-12-26 00:00:00-05:00,23.75479459664676,23.909234394148058,23.735489161692197,23.79340362548828,16070100,0.0,0.0
2025-12-29 00:00:00-05:00,23.82236048176047,24.073325599312128,23.82236048176047,23.90923309326172,30322100,0.0,0.0
2025-12-30 00:00:00-05:00,23.909232618313236,23.99610522808879,23.870621751271894,23.94784164428711,21047900,0.0,0.0
2025-12-31 00:00:00-05:00,23.92854107709185,24.102284477541662,23.918888359111133,23.976802825927734,22911000,0.0,0.0
2026-01-02 00:00:00-05:00,23.928540349327115,23.947843943633746,23.648617059603016,23.706531524658203,28718400,0.0,0.0
2026-01-05 00:00:00-05:00,23.561744196047854,23.889929229721357,23.52313516676913,23.851318359375,48958100,0.0,0.0
2026-01-06 00:00:00-05:00,23.66792401939657,23.677576737705426,23.040512057862927,23.494178771972656,59966200,0.0,0.0
2026-01-07 00:00:00-05:00,23.59070392134577,23.696880139740614,23.069468183330578,23.137035369873047,46998400,0.0,0.0
2026-01-08 00:00:00-05:00,23.156338617464222,23.474870924674768,23.14668590014662,23.3300838470459,43770400,0.0,0.0
2026-01-09 00:00:00-05:00,23.310779447187876,23.4748719667361,23.146686927639653,23.156339645385742,30811000,0.0,0.0
2026-01-12 00:00:00-05:00,23.203215168133266,23.339933852061197,23.066496484205338,23.183683395385742,40700100,0.278,0.0
2026-01-13 00:00:00-05:00,23.13485417141398,23.1934476228132,22.646571063565283,22.753992080688477,40890600,0.0,0.0
2026-01-14 00:00:00-05:00,22.78329104376083,23.16415129366682,22.78329104376083,23.056730270385742,51414800,0.0,0.0
2026-01-15 00:00:00-05:00,23.056728960180145,23.242275200145713,22.949306080351064,23.17391586303711,35919500,0.0,0.0
2026-01-16 00:00:00-05:00,23.105557199131727,23.105557199131727,22.841883866042814,22.93954086303711,46504800,0.0,0.0
2026-01-20 00:00:00-05:00,22.822355041607146,23.04696484151406,22.73446392639968,22.900480270385742,51781100,0.0,0.0
2026-01-21 00:00:00-05:00,22.92001073538995,23.232513520721113,22.92001073538995,22.949308395385742,40672100,0.0,0.0
2026-01-22 00:00:00-05:00,23.017665602278573,23.271573044043716,22.949306264621086,23.02743148803711,30388300,0.0,0.0
2026-01-23 00:00:00-05:00,22.94930600485739,23.095790564272846,22.75399201720197,23.03719711303711,36056800,0.0,0.0
2026-01-26 00:00:00-05:00,23.1446218431504,23.242276982134356,22.812589155178276,22.900480270385742,44376000,0.0,0.0
2026-01-27 00:00:00-05:00,22.949306446573008,22.949306446573008,22.41219576416093,22.461023330688477,72164400,0.0,0.0
2026-01-28 00:00:00-05:00,22.871181339033082,23.75985646545726,22.812587886371126,23.505949020385742,84121900,0.0,0.0
2026-01-29 00:00:00-05:00,23.877045598570394,24.541109085083008,23.857513826500295,24.541109085083008,73255300,0.0,0.0
2026-01-30 00:00:00-05:00,24.902441115248106,25.673929400734842,24.56064253133186,25.595802307128906,78227500,0.0,0.0
2026-02-02 00:00:00-05:00,25.67392700164436,26.015723690969107,25.57627000641489,25.683691024780273,66564000,0.0,0.0
2026-02-03 00:00:00-05:00,25.498145920232968,26.35752341875411,25.498145920232968,26.20127296447754,61110400,0.0,0.0
2026-02-04 00:00:00-05:00,26.455179548048793,26.855571556792427,26.25986555530212,26.58213233947754,52448300,0.0,0.0
2026-02-05 00:00:00-05:00,26.757914073348445,26.875102839393737,26.32822441471871,26.67002296447754,44672400,0.0,0.0
2026-02-06 00:00:00-05:00,26.62119637088483,26.738383278558302,26.298929580804316,26.49424171447754,37410400,0.0,0.0
2026-02-09 00:00:00-05:00,26.464946485535563,26.5626034857893,26.20127314364618,26.474712371826172,33057800,0.0,0.0
2026-02-10 00:00:00-05:00,26.445414329518087,26.943463347203732,26.445414329518087,26.767681121826172,34925900,0.0,0.0
2026-02-11 00:00:00-05:00,26.64072866005592,27.9297958453945,26.504008114913827,27.802841186523438,64213300,0.0,0.0
2026-02-12 00:00:00-05:00,27.81260780063053,28.61339186928757,27.793076027577335,28.12510871887207,70553100,0.0,0.0
2026-02-13 00:00:00-05:00,28.007920957641232,28.164171412029976,27.7442476173656,28.01768684387207,42687500,0.0,0.0
2026-02-17 00:00:00-05:00,28.08604644679512,28.379015585843458,27.95909178726244,28.00792121887207,29868900,0.0,0.0
2026-02-18 00:00:00-05:00,27.95909212324964,28.046983238550812,27.168073948191484,27.226667404174805,33179300,0.0,0.0
2026-02-19 00:00:00-05:00,27.363387951672394,27.73448232310326,27.080182832890316,27.226667404174805,31221900,0.0,0.0
2026-02-20 00:00:00-05:00,27.295027858315315,27.402448880887327,26.89463583858209,27.324323654174805,25383600,0.0,0.0
2026-02-23 00:00:00-05:00,27.382917968414336,28.15440432111653,27.373152082601365,27.851669311523438,41169300,0.0,0.0
2026-02-24 00:00:00-05:00,27.85167002428804,28.125107383439875,27.52940323482173,27.685653686523438,34541700,0.0,0.0
2026-02-25 00:00:00-05:00,27.37315222770612,27.627059672232576,27.05088544477875,27.216901779174805,45550700,0.0,0.0
2026-02-26 00:00:00-05:00,27.32432221773936,27.392681554687638,26.767679773843692,26.81650733947754,33856800,0.0,0.0
2026-02-27 00:00:00-05:00,26.962994406801204,27.353620529174805,26.865337410544736,27.353620529174805,54509300,0.0,0.0
2026-03-02 00:00:00-05:00,27.255963532918337,27.587996202598966,27.216901852007116,27.353620529174805,39270900,0.0,0.0
2026-03-03 00:00:00-05:00,27.13877622989317,28.07627890985346,27.10947857264982,27.998153686523438,45891200,0.0,0.0
2026-03-04 00:00:00-05:00,27.802840949214612,28.388781081908817,27.55869938247972,28.30088996887207,42409300,0.0,0.0
2026-03-05 00:00:00-05:00,28.261828547690914,28.37901545772024,28.04698277488323,28.29112434387207,46498100,0.0,0.0
2026-03-06 00:00:00-05:00,28.25206191817322,28.271593690215056,27.66612179548412,27.968856811523438,37909900,0.0,0.0
2026-03-09 00:00:00-04:00,27.470806861844693,27.695418507347515,26.748148084856577,26.884868621826172,52145000,0.0,0.0
2026-03-10 00:00:00-04:00,27.002056418415588,27.28526152476263,26.80674428616287,27.060649871826172,37596500,0.0,0.0
2026-03-11 00:00:00-04:00,27.021587589013105,27.080181041119566,26.240335352086095,26.52353858947754,46925600,0.0,0.0
2026-03-12 00:00:00-04:00,26.416115303213484,26.74814796447754,26.103614413236073,26.74814796447754,32636100,0.0,0.0
2026-03-13 00:00:00-04:00,26.855571594624003,27.197370151086037,26.79697814177837,27.070415496826172,28076800,0.0,0.0
2026-03-16 00:00:00-04:00,27.080183029174805,27.168074145113035,26.826275567870187,27.080183029174805,31792800,0.0,0.0
2026-03-17 00:00:00-04:00,27.23643221073082,27.363386866755565,27.01182241948988,27.197370529174805,33904300,0.0,0.0
2026-03-18 00:00:00-04:00,27.06065025568722,27.13877734487932,26.74814934952815,26.767681121826172,34898700,0.0,0.0
2026-03-19 00:00:00-04:00,26.933698196826832,27.295028543601752,26.582133736467707,27.089948654174805,58624200,0.0,0.0
2026-03-20 00:00:00-04:00,27.18760382446161,27.959090172822275,27.18760382446161,27.646589279174805,128734200,0.0,0.0
2026-03-23 00:00:00-04:00,27.617294855137775,28.23253078720749,27.216902832449858,28.08604621887207,46656300,0.0,0.0
2026-03-24 00:00:00-04:00,28.125108795348634,28.75011249618359,27.9883901089093,28.193470001220703,41047200,0.0,0.0
2026-03-25 00:00:00-04:00,28.300888769372854,28.45713921644851,28.03721544143809,28.134872436523438,36571100,0.0,0.0
2026-03-26 00:00:00-04:00,28.388780784849732,28.525499464741905,28.14463922066953,28.24229621887207,29904500,0.0,0.0
2026-03-27 00:00:00-04:00,28.32042047401742,28.681750796183945,28.144638255809504,28.41807746887207,38162800,0.0,0.0
2026-03-30 00:00:00-04:00,28.525499393586603,28.6817517079123,28.04698215250532,28.10557746887207,35293900,0.0,0.0
2026-03-31 00:00:00-04:00,28.252062139938918,28.31065559387207,27.86143600929739,28.31065559387207,48632300,0.0,0.0
2026-04-01 00:00:00-04:00,28.271592929122,28.291122837985778,27.402447723181186,27.646589279174805,43112500,0.0,0.0
2026-04-02 00:00:00-04:00,27.724713979966136,27.959089645783678,27.334087870270235,27.666120529174805,34996200,0.0,0.0
2026-04-06 00:00:00-04:00,27.60752924247854,27.851670813007743,27.490340469057486,27.656356811523438,29396200,0.0,0.0
2026-04-07 00:00:00-04:00,27.62705895651166,27.82237108078981,27.265728639486134,27.382917404174805,27653000,0.0,0.0
2026-04-08 00:00:00-04:00,26.591898601988024,26.855571937134627,26.279397699289373,26.709087371826172,47841600,0.0,0.0
2026-04-09 00:00:00-04:00,26.59189883514942,26.76768106012177,26.132913363117865,26.21103858947754,41439800,0.0,0.0
2026-04-10 00:00:00-04:00,26.169594476221043,26.34721645626393,25.94263389378715,26.11038589477539,31990400,0.278,0.0
2026-04-13 00:00:00-04:00,26.021576301056903,26.04131061235663,25.064391622507667,25.271617889404297,46751800,0.0,0.0
2026-04-14 00:00:00-04:00,24.86703585097597,25.370295619291326,24.610470977280606,25.28148651123047,42173900,0.0,0.0
2026-04-15 00:00:00-04:00,25.340692460457028,25.439371544671914,25.08412759435712,25.123598098754883,33847600,0.0,0.0
2026-04-16 00:00:00-04:00,25.182806194828782,26.08078226785551,25.123597616149013,26.051177978515625,34901900,0.0,0.0
2026-04-17 00:00:00-04:00,25.8044812452846,26.258404271648754,25.69593594853311,26.159725189208984,35023800,0.0,0.0
2026-04-20 00:00:00-04:00,26.169593214573116,26.32747899318904,25.824217368045677,25.83408546447754,30509400,0.0,0.0
2026-04-21 00:00:00-04:00,25.853823155553638,26.09065183720159,25.538049697875977,25.538049697875977,44489400,0.0,0.0
2026-04-22 00:00:00-04:00,24.817695072848117,25.70580308227755,24.630204997721197,25.636728286743164,59711900,0.0,0.0
2026-04-23 00:00:00-04:00,25.77488022579814,26.40642337598039,25.6762011380454,26.258405685424805,47337900,0.0,0.0
2026-04-24 00:00:00-04:00,26.080783288846366,26.228800977046376,25.686068826264,25.853822708129883,30600900,0.0,0.0
2026-04-27 00:00:00-04:00,25.98210300001478,26.090650178005678,25.123597436757652,25.18280601501465,32633700,0.0,0.0
2026-04-28 00:00:00-04:00,25.597258140202424,25.962368316611972,25.538049558503275,25.71567153930664,30377600,0.0,0.0
2026-04-29 00:00:00-04:00,25.626859629546516,25.814349700573572,25.301219970471617,25.409767150878906,22790600,0.0,0.0
2026-04-30 00:00:00-04:00,25.478842695153094,26.12025393559405,25.43937218975445,25.784746170043945,44640600,0.0,0.0
2026-05-01 00:00:00-04:00,25.962367646332137,26.110385332464503,25.725538972090956,25.774879455566406,31493700,0.0,0.0
2026-05-04 00:00:00-04:00,25.587390234157592,25.794614625209572,25.478843049046333,25.755144119262695,23439500,0.0,0.0
2026-05-05 00:00:00-04:00,25.705802719973892,25.78474561120727,25.50844643296395,25.557785034179688,24482400,0.0,0.0
2026-05-06 00:00:00-04:00,25.449239671407145,25.666332151219066,25.143334321764506,25.232145309448242,34338900,0.0,0.0
2026-05-07 00:00:00-04:00,25.05452432557386,25.15320341381052,24.78809323412605,24.92624282836914,42986600,0.0,0.0
2026-05-08 00:00:00-04:00,24.89663712535761,25.06439100120244,24.788091828385276,24.82756233215332,36012900,0.0,0.0
2026-05-11 00:00:00-04:00,24.896637251680602,25.005184431350646,24.334168924566658,24.54139518737793,37447600,0.0,0.0
2026-05-12 00:00:00-04:00,24.689412584630023,25.103863223298166,24.531526806294252,24.896636962890625,33454600,0.0,0.0
2026-05-13 00:00:00-04:00,24.896638093765613,25.212409664780388,24.39337644665568,24.41311264038086,34609700,0.0,0.0
2026-05-14 00:00:00-04:00,24.511790835266595,24.64994042202374,24.32430076599121,24.32430076599121,32683600,0.0,0.0
2026-05-15 00:00:00-04:00,24.531527086770552,24.60060188031384,23.712493896484375,23.712493896484375,44236200,0.0,0.0
2026-05-18 00:00:00-04:00,23.771700499937435,24.255225934984292,23.534871830658176,24.107208251953125,38981000,0.0,0.0
2026-05-19 00:00:00-04:00,24.26509413674264,24.659808587253806,24.097340260007023,24.649940490722656,39383400,0.0,0.0
2026-05-20 00:00:00-04:00,24.61047120065559,24.94597897067573,24.462453509681303,24.600603103637695,40363800,0.0,0.0
2026-05-21 00:00:00-04:00,24.53152683796516,25.054522773572508,24.48218635582969,25.005184173583984,35792600,0.0,0.0
2026-05-22 00:00:00-04:00,25.005185722529056,25.093996713727346,24.857168031247593,24.92624282836914,25271100,0.0,0.0
2026-05-26 00:00:00-04:00,24.807826465688215,25.0051846335667,24.531527289234717,24.68941307067871,32461200,0.0,0.0
2026-05-27 00:00:00-04:00,24.600602911444835,25.015053572223156,24.55126242674084,24.56113052368164,35903300,0.0,0.0
2026-05-28 00:00:00-04:00,24.63020479354708,24.80782677038996,24.40324421520207,24.55126190185547,25343800,0.0,0.0
2026-05-29 00:00:00-04:00,24.531527228797856,24.541395325382165,24.23548997770946,24.472318649291992,88295100,0.0,0.0
2026-06-01 00:00:00-04:00,24.42298034692769,24.570998033206944,24.16641547904172,24.225622177124023,29675700,0.0,0.0
2026-06-02 00:00:00-04:00,24.31443214416504,24.383506936051223,23.929585799572333,24.31443214416504,42080300,0.0,0.0
2026-06-03 00:00:00-04:00,23.87037937585668,23.88024747225952,23.140157181369,23.238834381103516,51911800,0.0,0.0
2026-06-04 00:00:00-04:00,23.564475324469324,23.692758702585564,22.03495605904708,22.46914291381836,82536300,0.0,0.0
2026-06-05 00:00:00-04:00,22.597423353100357,22.735574821699768,22.29151989074979,22.449405670166016,60825900,0.0,0.0
2026-06-08 00:00:00-04:00,22.36059497950094,22.528348857616137,22.113898210634297,22.202709197998047,41973500,0.0,0.0
2026-06-09 00:00:00-04:00,22.2125768087219,22.656629853680244,22.025086741483342,22.40993309020996,52561000,0.0,0.0
2026-06-10 00:00:00-04:00,22.577688270564416,22.95266842673064,22.449406774284633,22.90332794189453,50622400,0.0,0.0
2026-06-11 00:00:00-04:00,22.8539879197089,23.06121417885531,22.686234045979685,22.696102142333984,38147600,0.0,0.0
2026-06-12 00:00:00-04:00,22.79478101151824,23.29804262802069,22.76517672273095,23.2684383392334,38879400,0.0,0.0
2026-06-15 00:00:00-04:00,23.0414778901903,23.199363666907704,22.863855920846497,22.982271194458008,48293300,0.0,0.0
2026-06-16 00:00:00-04:00,23.011874429863497,23.110553514401843,22.538217082655816,22.853988647460938,47609300,0.0,0.0
2026-06-17 00:00:00-04:00,22.528349558199746,22.57768816064861,21.95601311191657,22.143503189086914,56538300,0.0,0.0
2026-06-18 00:00:00-04:00,22.16323600668553,22.222444584209175,21.699446775631767,21.71918296813965,94242900,0.0,0.0
2026-06-22 00:00:00-04:00,21.738920048078832,22.17310500809517,21.719183854765276,21.807994842529297,68522300,0.0,0.0
2026-06-23 00:00:00-04:00,22.015220028481306,22.676367471412785,21.896806628576982,22.50861358642578,73551900,0.0,0.0
2026-06-24 00:00:00-04:00,22.53821782414709,22.63689691193191,22.015219976390487,22.07442855834961,57297300,0.0,0.0
2026-06-25 00:00:00-04:00,21.95601207006282,22.330990324463055,21.93627587716098,22.12376594543457,43228800,0.0,0.0
2026-06-26 00:00:00-04:00,22.17310494278427,22.419801712036133,22.025087257662552,22.419801712036133,85148700,0.0,0.0
2026-06-29 00:00:00-04:00,22.084294666141822,22.133635150868578,20.998830352211773,21.531694412231445,84994800,0.0,0.0
2026-06-30 00:00:00-04:00,21.442882148124298,21.462618340842635,20.298209320517778,20.42649269104004,131117200,0.0,0.0
2026-07-01 00:00:00-04:00,20.35741595026521,20.75213227475948,20.021910085880158,20.20939826965332,137694400,0.0,0.0
2026-07-02 00:00:00-04:00,20.42649404789813,20.712661332735355,19.62719512903332,20.30807876586914,129300400,0.0,0.0
2026-07-06 00:00:00-04:00,20.47583265082443,20.633718438765044,19.982439092973237,20.30807876586914,113634400,0.0,0.0
2026-07-07 00:00:00-04:00,20.643586447790977,20.988962313244134,20.584379748102364,20.81134033203125,66469400,0.0,0.0
2026-07-08 00:00:00-04:00,20.69292472008261,21.146847762839187,20.53503893533606,20.840944290161133,63946700,0.0,0.0
2026-07-09 00:00:00-04:00,20.64358576001857,20.79160344538219,20.456095688079593,20.762001037597656,50847700,0.0,0.0
2026-07-10 00:00:00-04:00,20.6200008392334,21.260000228881836,20.6200008392334,21.1299991607666,49781900,0.278,0.0
2026-07-13 00:00:00-04:00,21.3799991607666,21.6299991607666,21.239999771118164,21.549999237060547,65496400,0.0,0.0
2026-07-14 00:00:00-04:00,21.420000076293945,21.559999465942383,21.25,21.280000686645508,53556100,0.0,0.0
2026-07-15 00:00:00-04:00,21.31999969482422,21.709999084472656,21.25,21.43000030517578,75068600,0.0,0.0
2026-07-16 00:00:00-04:00,21.510000228881836,22.18000030517578,21.5,21.979999542236328,85226600,0.0,0.0
2026-07-17 00:00:00-04:00,22.3799991607666,22.770000457763672,21.670000076293945,21.809999465942383,79330400,0.0,0.0
2026-07-20 00:00:00-04:00,21.600000381469727,22.040000915527344,21.540000915527344,21.950000762939453,87678100,0.0,0.0
2026-07-21 00:00:00-04:00,21.93000030517578,22.389999389648438,21.700000762939453,22.260000228881836,139856700,0.0,0.0
2026-07-22 00:00:00-04:00,23.3799991607666,23.649999618530273,22.729999542236328,23.040000915527344,187291400,0.0,0.0
2026-07-23 00:00:00-04:00,23.25,23.469999313354492,22.649999618530273,22.959999084472656,103562100,0.0,0.0
2026-07-24 00:00:00-04:00,23.0,24.1299991607666,23.0,24.1299991607666,80670900,0.0,0.0
2026-07-27 00:00:00-04:00,24.1299991607666,24.520000457763672,24.030000686645508,24.420000076293945,74458300,0.0,0.0
2026-07-28 00:00:00-04:00,24.84000015258789,25.31999969482422,24.600000381469727,24.65999984741211,57350500,0.0,0.0
2026-07-29 00:00:00-04:00,24.639999389648438,24.670000076293945,23.600000381469727,23.940000534057617,77480900,0.0,0.0
2026-07-30 00:00:00-04:00,23.40999984741211,23.6200008392334,23.139999389648438,23.209999084472656,49433700,0.0,0.0
2026-07-31 00:00:00-04:00,23.170000076293945,23.459999084472656,22.920000076293945,23.25,58149000,0.0,0.0
2026-08-03 00:00:00-04:00,23.65999984741211,23.75,23.299999237060547,23.59000015258789,53816900,0.0,0.0
2026-08-04 00:00:00-04:00,23.350000381469727,23.459999084472656,23.020000457763672,23.3799991607666,55823300,0.0,0.0
2026-08-05 00:00:00-04:00,22.65999984741211,23.280000686645508,22.549999237060547,23.059999465942383,66801800,0.0,0.0
2026-08-06 00:00:00-04:00,23.459999084472656,23.709999084472656,23.209999084472656,23.709999084472656,47689400,0.0,0.0
2026-08-07 00:00:00-04:00,23.5,23.90999984741211,23.350000381469727,23.790000915527344,34887000,0.0,0.0
2026-08-10 00:00:00-04:00,23.579999923706055,24.09000015258789,23.469999313354492,24.049999237060547,42877500,0.0,0.0
2026-08-11 00:00:00-04:00,24.020000457763672,24.5,23.979999542236328,24.5,35144000,0.0,0.0
2026-08-12 00:00:00-04:00,24.329999923706055,24.450000762939453,24.100000381469727,24.25,32522200,0.0,0.0
2026-08-13 00:00:00-04:00,24.280000686645508,24.68000030517578,24.219999313354492,24.579999923706055,35277700,0.0,0.0
2026-08-14 00:00:00-04:00,24.649999618530273,24.969999313354492,24.579999923706055,24.889999389648438,27109300,0.0,0.0
2026-08-17 00:00:00-04:00,24.75,25.010000228881836,24.6200008392334,24.68000030517578,36794800,0.0,0.0
2026-08-18 00:00:00-04:00,25.040000915527344,25.229999542236328,24.899999618530273,24.899999618530273,34303300,0.0,0.0
2026-08-19 00:00:00-04:00,24.989999771118164,25.479999542236328,24.850000381469727,25.1200008392334,29973400,0.0,0.0
2026-08-20 00:00:00-04:00,25.059999465942383,25.270000457763672,25.040000915527344,25.149999618530273,25231400,0.0,0.0
2026-08-21 00:00:00-04:00,25.200000762939453,25.549999237060547,25.170000076293945,25.290000915527344,30363300,0.0,0.0
2026-08-24 00:00:00-04:00,25.459999084472656,25.770000457763672,25.209999084472656,25.690000534057617,26268500,0.0,0.0
2026-08-25 00:00:00-04:00,25.579999923706055,25.8700008392334,25.43000030517578,25.770000457763672,28823000,0.0,0.0
2026-08-26 00:00:00-04:00,25.81999969482422,26.020000457763672,25.719999313354492,25.8700008392334,26372000,0.0,0.0
2026-08-27 00:00:00-04:00,25.5,25.59000015258789,25.280000686645508,25.43000030517578,26110900,0.0,0.0
2026-08-28 00:00:00-04:00,25.559999465942383,26.030000686645508,25.510000228881836,26.010000228881836,22677400,0.0,0.0
2026-08-31 00:00:00-04:00,25.920000076293945,26.239999771118164,25.860000610351562,25.889999389648438,37385800,0.0,0.0
2026-09-01 00:00:00-04:00,26.09000015258789,26.31999969482422,26.0,26.0,32807800,0.0,0.0
2026-09-02 00:00:00-04:00,26.09000015258789,26.440000534057617,25.950000762939453,25.950000762939453,33805800,0.0,0.0
2026-09-03 00:00:00-04:00,26.149999618530273,26.25,25.799999237060547,26.190000534057617,32839800,0.0,0.0
2026-09-04 00:00:00-04:00,26.100000381469727,26.219999313354492,25.65999984741211,25.68000030517578,26146000,0.0,0.0
