Date,Open,High,Low,Close,Volume,Dividends,Stock Splits
2021-01-04 00:00:00-05:00,462.01062679492543,469.23063719516233,455.2339050135831,464.73907470703125,2220400,0.0,0.0
2021-01-05 00:00:00-05:00,464.91644008350875,475.65285186165596,463.9314476257047,470.55059814453125,2046700,0.0,0.0
2021-01-06 00:00:00-05:00,464.2269431537987,482.60690641215746,463.1730240469507,477.9281921386719,2112300,0.0,0.0
2021-01-07 00:00:00-05:00,482.5576241826331,497.90379235415537,480.67628511529836,492.82122802734375,2144400,0.0,0.0
2021-01-08 00:00:00-05:00,502.2278772225826,511.2110021620242,495.5003630004578,504.6115417480469,2221700,0.0,0.0
2021-01-11 00:00:00-05:00,501.3512001338148,510.8662590195306,501.3216515684371,505.645751953125,1669600,0.0,0.0
2021-01-12 00:00:00-05:00,504.58209595456765,507.96061280596996,488.4971525926526,491.28466796875,2039000,0.0,0.0
2021-01-13 00:00:00-05:00,492.4961829456182,497.42114477507437,492.2696238800139,494.1805114746094,1410200,0.0,0.0
2021-01-14 00:00:00-05:00,494.4661525478471,499.70631898835074,488.61529566870973,489.4525451660156,1426700,0.0,0.0
2021-01-15 00:00:00-05:00,489.8662474243663,503.83346222675,489.5412131649798,495.5890808105469,1892600,0.0,0.0
2021-01-19 00:00:00-05:00,502.34611713774495,506.2565080551282,495.5496756825037,499.76544189453125,1758700,0.0,0.0
2021-01-20 00:00:00-05:00,502.0112046569486,511.95963340285016,501.7649565694738,508.0984802246094,1257100,0.0,0.0
2021-01-21 00:00:00-05:00,508.05899958447526,512.1959791320656,504.3259005333131,504.6706237792969,1514200,0.0,0.0
2021-01-22 00:00:00-05:00,504.03049307918764,509.3494464545754,502.35602390041674,506.8771057128906,1936600,0.0,0.0
2021-01-25 00:00:00-05:00,510.748093431197,514.1659879035507,507.8817321307523,511.0435791015625,1509700,0.0,0.0
2021-01-26 00:00:00-05:00,508.46295041223937,510.38363750433126,499.58815923486964,500.20867919921875,1006300,0.0,0.0
2021-01-27 00:00:00-05:00,492.7128593568123,493.4811521637859,471.98861253389026,475.2391052246094,2504600,0.0,0.0
2021-01-28 00:00:00-05:00,483.95631766944354,495.7860863792576,482.3113971438138,489.029052734375,1619700,0.0,0.0
2021-01-29 00:00:00-05:00,486.6256147872342,505.97084834481547,483.2667873647587,502.05059814453125,2586400,0.0,0.0
2021-02-01 00:00:00-05:00,509.08344250318356,518.6871173474194,504.31605335884603,507.73394775390625,2083100,0.0,0.0
2021-02-02 00:00:00-05:00,512.1862194600935,517.8400665592603,510.23595362817474,510.7481689453125,1502000,0.0,0.0
2021-02-03 00:00:00-05:00,511.01403586000544,511.77249923242965,491.80668440716266,492.712890625,1704900,0.0,0.0
2021-02-04 00:00:00-05:00,492.7128802996331,495.5003954566192,480.3413786432636,481.6218566894531,2921900,0.0,0.0
2021-02-05 00:00:00-05:00,484.1533970869568,486.95077238067034,479.75047909342453,485.1679382324219,1678600,0.0,0.0
2021-02-08 00:00:00-05:00,489.54120513160177,494.6139097966025,485.8376242222041,488.31982421875,1418800,0.0,0.0
2021-02-09 00:00:00-05:00,487.85685046161086,492.486296290692,480.971733762553,481.95672607421875,1452500,0.0,0.0
2021-02-10 00:00:00-05:00,486.82266442263904,486.82266442263904,476.5492002662388,477.6031494140625,1677800,0.0,0.0
2021-02-11 00:00:00-05:00,480.8437074994359,487.0983845981657,476.83478159760574,486.63543701171875,1027100,0.0,0.0
2021-02-12 00:00:00-05:00,486.74384987253995,503.6069150161868,486.3301398367245,500.20867919921875,1762800,0.0,0.0
2021-02-16 00:00:00-05:00,502.3461194348731,505.9019275379597,490.8414155217232,492.5749816894531,1467300,0.0,0.0
2021-02-17 00:00:00-05:00,490.1125109502678,497.972761216487,486.6748970527622,490.97930908203125,1006500,0.0,0.0
2021-02-18 00:00:00-05:00,490.37840083658875,492.05286963663974,481.00125531799097,481.4642028808594,1465800,0.0,0.0
2021-02-19 00:00:00-05:00,481.799181807126,482.54775556705965,470.8854495251074,471.6734313964844,1918000,0.0,0.0
2021-02-22 00:00:00-05:00,467.64479210770645,469.1025915601453,454.83006248796363,456.3272399902344,2127200,0.0,0.0
2021-02-23 00:00:00-05:00,453.96331899951224,454.4656747612558,446.25081138740137,451.92437744140625,2055400,0.0,0.0
2021-02-24 00:00:00-05:00,463.76399780103594,466.2560275820201,447.7775890312433,449.8066711425781,2426700,0.0,0.0
2021-02-25 00:00:00-05:00,450.8802700988504,451.12651819830364,441.8084985316768,444.69451904296875,2147900,0.0,0.0
2021-02-26 00:00:00-05:00,447.89572687668664,449.0678701891599,442.0941074511188,443.3253479003906,2153100,0.0,0.0
2021-03-01 00:00:00-05:00,447.37368178107,453.6874864071812,447.1274336914069,452.6630859375,1309000,0.0,0.0
2021-03-02 00:00:00-05:00,453.0964852381587,460.2967769792421,451.2052866822533,455.1748046875,1718700,0.0,0.0
2021-03-03 00:00:00-05:00,455.28319335492085,458.0214710547574,443.93609160314315,444.1921691894531,2001100,0.0,0.0
2021-03-04 00:00:00-05:00,439.3854075062288,445.14761920162107,432.41167436680314,434.8347473144531,2508900,0.0,0.0
2021-03-05 00:00:00-05:00,438.321582354916,442.11380879844194,427.01385970103024,440.16351318359375,2749200,0.0,0.0
2021-03-08 00:00:00-05:00,438.9224369963465,447.2751831425946,432.8549104298209,433.2489013671875,1572100,0.0,0.0
2021-03-09 00:00:00-05:00,443.24656822804764,454.14058147795265,441.0007868180755,441.3849182128906,2863300,0.0,0.0
2021-03-10 00:00:00-05:00,449.84605382632225,452.87981727790645,434.11572355105574,434.4703063964844,2759800,0.0,0.0
2021-03-11 00:00:00-05:00,443.2465045967551,456.2779626533475,441.2863796732697,453.6086120605469,2617100,0.0,0.0
2021-03-12 00:00:00-05:00,448.1518538545078,450.25972196366894,440.78409986657323,443.7292175292969,1577300,0.0,0.0
2021-03-15 00:00:00-04:00,440.9598053689967,448.6176050658388,439.31390493102646,446.2818298339844,1701800,0.26,0.0
2021-03-16 00:00:00-04:00,448.71621975469975,449.14000390189733,435.61810145018484,439.984130859375,2402400,0.0,0.0
2021-03-17 00:00:00-04:00,436.4163320251703,439.4617123806014,433.85386701038885,436.2192077636719,1876300,0.0,0.0
2021-03-18 00:00:00-04:00,434.6028922970521,446.97167243633214,432.00099647932893,439.3138732910156,2126800,0.0,0.0
2021-03-19 00:00:00-04:00,440.70345327432807,443.88682608077534,438.34794808532075,438.5845031738281,2693100,0.0,0.0
2021-03-22 00:00:00-04:00,438.5845562121198,449.8002463801876,436.70213089555006,448.09521484375,1431800,0.0,0.0
2021-03-23 00:00:00-04:00,447.55320559249884,451.5151810737526,443.9953439106357,445.4835510253906,1156400,0.0,0.0
2021-03-24 00:00:00-04:00,443.9756563899091,448.16429183130356,438.56490450858627,438.9394226074219,1547700,0.0,0.0
2021-03-25 00:00:00-04:00,438.36786468816405,438.36786468816405,428.35455722841925,435.9039611816406,1680700,0.0,0.0
2021-03-26 00:00:00-04:00,438.18049966703387,453.97904392782465,435.8742901517843,453.4172668457031,1750900,0.0,0.0
2021-03-29 00:00:00-04:00,449.8988074337581,454.2944318933354,443.72921498155483,451.94879150390625,1926900,0.0,0.0
2021-03-30 00:00:00-04:00,448.45995075237056,451.7320214402612,444.22204925347205,444.95135498046875,1448200,0.0,0.0
2021-03-31 00:00:00-04:00,449.49471888041734,454.1859996084934,446.4592037532114,449.7904052734375,1563600,0.0,0.0
2021-04-01 00:00:00-04:00,454.5901185009027,455.44755196088636,449.5046189318547,449.7115783691406,993200,0.0,0.0
2021-04-05 00:00:00-04:00,453.58481945398427,460.70057216887506,453.58481945398427,458.6703186035156,1509600,0.0,0.0
2021-04-06 00:00:00-04:00,461.1933521750184,466.17042395176145,456.8962899209937,461.971923828125,1150700,0.0,0.0
2021-04-07 00:00:00-04:00,460.25713084514547,464.0219822602469,455.77283892443404,459.6460876464844,1801800,0.0,0.0
2021-04-08 00:00:00-04:00,465.0370219871012,468.92013521857905,463.0067684795088,464.7019348144531,1339400,0.0,0.0
2021-04-09 00:00:00-04:00,465.6481550597711,472.2218622556224,464.24864476054313,471.9656066894531,1147500,0.0,0.0
2021-04-12 00:00:00-04:00,471.2264643655576,474.26198016234986,467.7080030433842,469.1075134277344,1163100,0.0,0.0
2021-04-13 00:00:00-04:00,471.6797122270203,480.6581900398037,471.14750077877045,477.8493347167969,1837300,0.0,0.0
2021-04-14 00:00:00-04:00,477.01163177814175,486.0788070575938,466.6139729096221,471.1376953125,1744500,0.0,0.0
2021-04-15 00:00:00-04:00,477.9971612689603,490.8685875765632,477.01160011170475,487.2417297363281,2380000,0.0,0.0
2021-04-16 00:00:00-04:00,490.8884184535319,491.7951481930755,483.8219599207822,485.8029479980469,2590500,0.0,0.0
2021-04-19 00:00:00-04:00,482.92500063208007,487.6064164545339,479.0615873931691,480.5990905761719,1677200,0.0,0.0
2021-04-20 00:00:00-04:00,480.65821755587814,482.9249963241742,474.9123788177502,475.3952941894531,1464500,0.0,0.0
2021-04-21 00:00:00-04:00,477.25806254893337,478.89409792653265,469.60026202711293,473.4735107421875,1312400,0.0,0.0
2021-04-22 00:00:00-04:00,472.5963128115346,481.7718855077342,471.975434497811,477.2185974121094,1087200,0.0,0.0
2021-04-23 00:00:00-04:00,478.401335871689,483.28971171915765,477.17924942905813,481.0426330566406,1210800,0.0,0.0
2021-04-26 00:00:00-04:00,481.9985412955855,489.0847284831898,479.56420401320617,486.9066467285156,1671400,0.0,0.0
2021-04-27 00:00:00-04:00,488.4441084289982,489.3508078373661,483.0333573022431,483.14178466796875,978300,0.0,0.0
2021-04-28 00:00:00-04:00,482.4913644660264,484.4920526059313,478.0464735917244,478.78564453125,1140500,0.0,0.0
2021-04-29 00:00:00-04:00,470.73360470813856,472.852555290485,454.9350597429895,457.6847839355469,3359200,0.0,0.0
2021-04-30 00:00:00-04:00,458.7492094133269,468.3091658436132,458.2859944094483,463.44049072265625,2094800,0.0,0.0
2021-05-03 00:00:00-04:00,464.9680858035565,466.2985995078232,458.4239747367879,460.6316223144531,1581300,0.0,0.0
2021-05-04 00:00:00-04:00,457.2314673706054,459.0448966353915,452.9935656197074,458.5619812011719,1703100,0.0,0.0
2021-05-05 00:00:00-04:00,461.8339933484108,466.6632373072688,458.10857314278417,461.0159606933594,1586000,0.0,0.0
2021-05-06 00:00:00-04:00,462.2676831891021,463.78542594429,455.63484477487305,463.351806640625,1530900,0.0,0.0
2021-05-07 00:00:00-04:00,466.60409800118777,472.0739506429199,461.1440805191583,461.6861572265625,1442000,0.0,0.0
2021-05-10 00:00:00-04:00,461.26236785246664,463.1645239335675,455.7235184102957,456.778076171875,1502700,0.0,0.0
2021-05-11 00:00:00-04:00,451.1307920563709,457.4384080494979,448.9231445049418,457.3004150390625,1568700,0.0,0.0
2021-05-12 00:00:00-04:00,451.0913527837141,457.3003760309446,447.50389574171277,448.2135009765625,1454500,0.0,0.0
2021-05-13 00:00:00-04:00,450.4605642354988,452.35285482451735,447.01110030681156,450.3226013183594,1240300,0.0,0.0
2021-05-14 00:00:00-04:00,451.2687691159917,454.73793372803465,448.3515163722978,452.44158935546875,1009700,0.0,0.0
2021-05-17 00:00:00-04:00,454.21562632820434,454.7774034812512,445.29630869590613,446.38043212890625,1092300,0.0,0.0
2021-05-18 00:00:00-04:00,444.20227683568874,452.41201841573,442.0438954170569,448.04595947265625,1897200,0.0,0.0
2021-05-19 00:00:00-04:00,445.3750710716318,451.5151277728685,443.08856201903967,450.3521728515625,1136600,0.0,0.0
2021-05-20 00:00:00-04:00,451.0912814154764,460.9173257816857,451.0912814154764,458.5716857910156,1181200,0.0,0.0
2021-05-21 00:00:00-04:00,460.84849101108904,465.0371267280089,455.408173136574,455.6644287109375,1415300,0.0,0.0
2021-05-24 00:00:00-04:00,458.65057927735813,459.8332646667679,455.05328716023354,455.7825927734375,1194800,0.0,0.0
2021-05-25 00:00:00-04:00,458.5815854127507,459.6952743108361,454.9152967768558,457.320068359375,1592500,0.0,0.0
2021-05-26 00:00:00-04:00,455.41792239773997,457.7931282439324,450.6478103111692,453.0525817871094,2142600,0.0,0.0
2021-05-27 00:00:00-04:00,453.0329226251073,465.81565238302767,450.4211614262895,465.657958984375,4059500,0.0,0.0
2021-05-28 00:00:00-04:00,464.9285945566064,473.74937863855826,462.63225037378436,462.720947265625,1618200,0.0,0.0
2021-06-01 00:00:00-04:00,460.2570202512025,464.11056764883364,439.865759281884,440.5556640625,4619100,0.0,0.0
2021-06-02 00:00:00-04:00,441.245565773416,445.94671162003004,440.08261085668204,442.7239074707031,2355200,0.0,0.0
2021-06-03 00:00:00-04:00,441.1174454446128,444.9709931430202,437.5891497681732,438.8999328613281,2396100,0.0,0.0
2021-06-04 00:00:00-04:00,442.4874159747385,445.9565805930522,438.70286455195776,442.28045654296875,1731200,0.0,0.0
2021-06-07 00:00:00-04:00,442.8126012008001,444.0741182370647,437.0569278430343,438.03265380859375,2782000,0.0,0.0
2021-06-08 00:00:00-04:00,435.39131751044096,437.5891295971513,432.38536817799246,434.6324462890625,2819400,0.0,0.0
2021-06-09 00:00:00-04:00,438.22977737046915,443.41383885747547,436.1009615896104,441.7383728027344,1795700,0.0,0.0
2021-06-10 00:00:00-04:00,442.30996481759445,458.975806263359,441.33423889761497,458.19720458984375,2679600,0.0,0.0
2021-06-11 00:00:00-04:00,457.3693535682144,459.17291717367465,454.50136711613965,458.4337463378906,1935000,0.0,0.0
2021-06-14 00:00:00-04:00,458.24642109496705,464.399752529131,456.9546163239328,463.5418395996094,1452700,0.26,0.0
2021-06-15 00:00:00-04:00,466.1846607779062,466.86508077596625,461.09631692421345,463.5517272949219,1260700,0.0,0.0
2021-06-16 00:00:00-04:00,461.5597788004548,470.69118947730266,459.45935452219385,461.914794921875,1691700,0.0,0.0
2021-06-17 00:00:00-04:00,462.3288714115157,482.5244614630535,461.54983429473367,479.3294372558594,2237300,0.0,0.0
2021-06-18 00:00:00-04:00,476.4303618730238,481.28201805389403,473.76784634159236,475.7696533203125,2321300,0.0,0.0
2021-06-21 00:00:00-04:00,477.4953812983074,480.23677276041707,470.099537775303,476.84454345703125,1111300,0.0,0.0
2021-06-22 00:00:00-04:00,477.59394821366647,485.5617228878571,476.2626905011207,485.3743591308594,1840600,0.0,0.0
2021-06-23 00:00:00-04:00,484.0727644901482,487.29734143094055,482.3569083298403,487.1592712402344,1358000,0.0,0.0
2021-06-24 00:00:00-04:00,488.125696311646,491.5080550252007,486.6958211233278,488.4806823730469,1326600,0.0,0.0
2021-06-25 00:00:00-04:00,488.125662368972,490.7980186801321,484.3685763449058,486.0252380371094,4676100,0.0,0.0
2021-06-28 00:00:00-04:00,486.8239413049593,498.71645392590034,485.17715052085697,498.0853576660156,1449600,0.0,0.0
2021-06-29 00:00:00-04:00,497.799374032693,503.50897297733655,493.8056310443801,501.1817321777344,1349900,0.0,0.0
2021-06-30 00:00:00-04:00,500.45199992159934,501.7832575657585,496.3004755012118,497.4640808105469,1010000,0.0,0.0
2021-07-01 00:00:00-04:00,498.8151305009657,502.4933408646881,496.2709735579553,502.4538879394531,1129300,0.0,0.0
2021-07-02 00:00:00-04:00,501.84243360458674,507.48299738239126,500.3829765104134,506.1911926269531,923400,0.0,0.0
2021-07-06 00:00:00-04:00,508.5085313515868,511.2598232884933,506.1517686115306,509.8792419433594,1288700,0.0,0.0
2021-07-07 00:00:00-04:00,512.7588154742623,516.9794063333227,509.8892542628737,515.4607543945312,1433500,0.0,0.0
2021-07-08 00:00:00-04:00,504.88961699705754,513.5970075176995,504.3768493135508,511.4078063964844,1384000,0.0,0.0
2021-07-09 00:00:00-04:00,511.87114747665623,512.7290602921611,507.44351324347264,510.076416015625,1184200,0.0,0.0
2021-07-12 00:00:00-04:00,512.4727679295219,513.6955377050235,505.80663831466353,507.5422058105469,1427600,0.0,0.0
2021-07-13 00:00:00-04:00,506.76324491559353,510.7175055383955,505.16574745824397,507.15765380859375,941800,0.0,0.0
2021-07-14 00:00:00-04:00,509.3861905529988,509.7116244793721,502.3946576378254,503.68646240234375,863900,0.0,0.0
2021-07-15 00:00:00-04:00,502.84822317667994,508.65643889843005,502.3255848767502,507.33502197265625,1074800,0.0,0.0
2021-07-16 00:00:00-04:00,507.61117550733445,514.2575627574566,506.74339187118903,512.5712890625,1080800,0.0,0.0
2021-07-19 00:00:00-04:00,511.3485434119096,515.440933710262,509.0508848002732,514.3759155273438,1317300,0.0,0.0
2021-07-20 00:00:00-04:00,514.6125386635106,522.195744484579,512.8276778488321,515.3225708007812,1145400,0.0,0.0
2021-07-21 00:00:00-04:00,515.707102335457,515.707102335457,500.11669992711364,507.11810302734375,1113000,0.0,0.0
2021-07-22 00:00:00-04:00,512.4925462363432,518.4979376234434,511.4570799669885,517.2160034179688,868400,0.0,0.0
2021-07-23 00:00:00-04:00,519.8882483236738,525.7457573534646,518.1625519282179,524.8681030273438,1005100,0.0,0.0
2021-07-26 00:00:00-04:00,521.3969400402179,525.5977875217064,518.0934883399918,521.7716674804688,874500,0.0,0.0
2021-07-27 00:00:00-04:00,521.0220880564892,527.0768297884879,520.2332105451936,522.9154663085938,1091500,0.0,0.0
2021-07-28 00:00:00-04:00,510.80638013600185,521.8311129326482,508.83415473007136,520.9337768554688,1814500,0.0,0.0
2021-07-29 00:00:00-04:00,524.1483566077497,527.9744173745696,522.5902821521083,526.3572387695312,1000800,0.0,0.0
2021-07-30 00:00:00-04:00,527.4616080253096,535.7547857567722,524.000344317895,532.510498046875,1412800,0.0,0.0
2021-08-02 00:00:00-04:00,534.5518624420694,536.80016756712,524.493503250982,526.2684936523438,1147400,0.0,0.0
2021-08-03 00:00:00-04:00,526.8206616919402,530.9426041664384,524.9076012910945,529.532470703125,934100,0.0,0.0
2021-08-04 00:00:00-04:00,531.386369480644,533.7826153238871,527.9743990034731,531.396240234375,854600,0.0,0.0
2021-08-05 00:00:00-04:00,533.4571533462216,535.5674481579481,529.2563654167122,534.8179931640625,781100,0.0,0.0
2021-08-06 00:00:00-04:00,531.8005979822021,534.4729845725765,526.1699340263748,530.7257690429688,765800,0.0,0.0
2021-08-09 00:00:00-04:00,536.2775558879525,538.4666966587865,531.6428152891932,533.6445922851562,861700,0.0,0.0
2021-08-10 00:00:00-04:00,533.269757166822,539.0088769126596,531.7313644333908,532.8654174804688,903200,0.0,0.0
2021-08-11 00:00:00-04:00,532.9444681093704,536.4057323250203,526.6136432411238,529.7987670898438,898900,0.0,0.0
2021-08-12 00:00:00-04:00,529.1874297777465,535.5971610681139,528.50700974096,534.4828491210938,603200,0.0,0.0
2021-08-13 00:00:00-04:00,534.4335198277364,537.1255875298235,533.131844184,537.0762939453125,608300,0.0,0.0
2021-08-16 00:00:00-04:00,538.8216349470838,546.838733350092,535.1828778852479,546.7598876953125,1141400,0.0,0.0
2021-08-17 00:00:00-04:00,546.2767596202198,549.8465425491312,544.4524754136593,548.5842895507812,830300,0.0,0.0
2021-08-18 00:00:00-04:00,546.2766511989516,548.2686174845738,536.7607027584062,537.095947265625,913100,0.0,0.0
2021-08-19 00:00:00-04:00,536.4846711339263,546.5726438446997,534.8477507190626,544.2158203125,834900,0.0,0.0
2021-08-20 00:00:00-04:00,544.610161676117,550.2408247172833,542.7759469486974,547.2923583984375,951400,0.0,0.0
2021-08-23 00:00:00-04:00,549.9548853625749,552.9132224971906,543.8409765801977,544.935546875,1275100,0.0,0.0
2021-08-24 00:00:00-04:00,546.6316685592816,546.6316685592816,540.6755115244687,542.844970703125,876100,0.0,0.0
2021-08-25 00:00:00-04:00,544.9060116989074,545.4976550691683,536.6029018819199,540.468505859375,963200,0.0,0.0
2021-08-26 00:00:00-04:00,542.3618938443016,546.3655083259055,537.5694013727942,545.0934448242188,766000,0.0,0.0
2021-08-27 00:00:00-04:00,546.9766902449365,549.8758624269993,539.8667998445775,540.8923950195312,846100,0.0,0.0
2021-08-30 00:00:00-04:00,541.3758765750813,550.9904754760049,540.4193761385486,550.7735595703125,873300,0.0,0.0
2021-08-31 00:00:00-04:00,552.0553364828187,552.1440528961735,540.991123761923,547.2431030273438,1287100,0.0,0.0
2021-09-01 00:00:00-04:00,545.103219623254,555.5066929908577,544.2452464969475,553.9190063476562,1062900,0.0,0.0
2021-09-02 00:00:00-04:00,553.6133900670417,563.7309139091169,552.1737043424584,557.6170043945312,1137200,0.0,0.0
2021-09-03 00:00:00-04:00,555.1320835682495,560.8909472746157,552.7457080002879,560.2203979492188,825500,0.0,0.0
2021-09-07 00:00:00-04:00,560.1117684282115,561.541643254836,550.6944083028812,561.2655029296875,1241900,0.0,0.0
2021-09-08 00:00:00-04:00,560.9007012331806,565.3086548027034,558.317091651612,564.6282348632812,945100,0.0,0.0
2021-09-09 00:00:00-04:00,565.9595468403612,567.6359501484177,559.1750879421909,560.881103515625,1122600,0.0,0.0
2021-09-10 00:00:00-04:00,563.6421181922467,567.6358612029001,561.2951659662289,564.016845703125,1054700,0.0,0.0
2021-09-13 00:00:00-04:00,565.3875412223339,567.3104725104363,541.5532204918,551.3650512695312,1372500,0.0,0.0
2021-09-14 00:00:00-04:00,555.6271480471368,558.5375457143389,552.8548848273839,554.8477783203125,785400,0.26,0.0
2021-09-15 00:00:00-04:00,551.9372719250792,558.4881191690416,549.5596016035873,555.400146484375,1241400,0.0,0.0
2021-09-16 00:00:00-04:00,554.561558614958,555.2324198484445,547.8331353703172,552.9140014648438,1053400,0.0,0.0
2021-09-17 00:00:00-04:00,589.0421626622307,601.1177837859072,568.2649768546052,588.78564453125,5272300,0.0,0.0
2021-09-20 00:00:00-04:00,584.7308444672823,594.1032701865577,577.1441100816901,582.2742919921875,2674200,0.0,0.0
2021-09-21 00:00:00-04:00,585.5202058133674,594.6657412615524,581.0905102003159,589.0225219726562,1364400,0.0,0.0
2021-09-22 00:00:00-04:00,593.4423391341148,601.9958947455564,587.3650267022051,598.4837036132812,1696600,0.0,0.0
2021-09-23 00:00:00-04:00,598.947303604845,605.8829274904539,595.0602109786278,600.0621337890625,1179200,0.0,0.0
2021-09-24 00:00:00-04:00,603.1896100344911,608.6453170447843,597.7140921172038,601.5913696289062,1300900,0.0,0.0
2021-09-27 00:00:00-04:00,595.4056427812346,597.3886606883665,575.9899272182001,586.684326171875,1708800,0.0,0.0
2021-09-28 00:00:00-04:00,577.499183378307,580.6858486397932,562.503292206093,568.7088623046875,1750100,0.0,0.0
2021-09-29 00:00:00-04:00,573.1978741736402,578.0715383695552,570.2381605376318,571.816650390625,1040900,0.0,0.0
2021-09-30 00:00:00-04:00,575.0328489487717,580.8043263348084,563.3222541562208,563.65771484375,1510800,0.0,0.0
2021-10-01 00:00:00-04:00,562.9078390816284,568.4622387905534,544.5970831972386,565.0289306640625,1657600,0.0,0.0
2021-10-04 00:00:00-04:00,563.8748145966688,566.8049626703945,555.0647401115832,561.3590698242188,1323700,0.0,0.0
2021-10-05 00:00:00-04:00,563.3616950421714,574.1152833474998,561.5266271271456,564.2002563476562,1384500,0.0,0.0
2021-10-06 00:00:00-04:00,559.8791586564206,568.2650138962084,558.3104839461458,567.870361328125,1133500,0.0,0.0
2021-10-07 00:00:00-04:00,572.1521277805265,581.2088445449276,572.1521277805265,575.6741943359375,1027800,0.0,0.0
2021-10-08 00:00:00-04:00,577.4203958189092,581.6428890598677,572.6059237542858,576.07861328125,851400,0.0,0.0
2021-10-11 00:00:00-04:00,573.3952729951505,578.8608565234667,570.692077166786,570.8893432617188,676000,0.0,0.0
2021-10-12 00:00:00-04:00,574.1845771208078,575.1612732102894,562.306278680646,568.1763305664062,1012000,0.0,0.0
2021-10-13 00:00:00-04:00,571.2740544641022,575.644557754821,562.8586332465053,565.8577880859375,1223100,0.0,0.0
2021-10-14 00:00:00-04:00,569.8830680470146,576.7101246768655,567.5350235033735,569.596923828125,845700,0.0,0.0
2021-10-15 00:00:00-04:00,572.3690583498943,575.9700669225947,570.1986501194938,574.5691528320312,874700,0.0,0.0
2021-10-18 00:00:00-04:00,575.7234187983937,582.9550016972742,573.1977992344839,580.1334228515625,1534000,0.0,0.0
2021-10-19 00:00:00-04:00,583.0637212830145,588.9930252743725,581.7022478780037,584.14892578125,765700,0.0,0.0
2021-10-20 00:00:00-04:00,601.5915115982366,601.6802692997579,591.9526901613879,597.4675903320312,1062100,0.0,0.0
2021-10-21 00:00:00-04:00,602.7260473162393,603.7816859210835,589.545468101456,600.2398681640625,959200,0.0,0.0
2021-10-22 00:00:00-04:00,600.7527261259355,603.8406984524001,596.9248254825645,603.7420654296875,738700,0.0,0.0
2021-10-25 00:00:00-04:00,603.7815504807693,603.7815504807693,594.4091244520645,599.588623046875,951900,0.0,0.0
2021-10-26 00:00:00-04:00,601.4729362504893,602.794968076289,595.7508356670106,600.1707153320312,1051500,0.0,0.0
2021-10-27 00:00:00-04:00,608.5169494987368,617.583538931627,600.9499671777802,604.0675048828125,1771100,0.0,0.0
2021-10-28 00:00:00-04:00,606.7414833825447,618.9354928895261,603.2786077209471,611.743408203125,1280000,0.0,0.0
2021-10-29 00:00:00-04:00,613.321728285025,625.5848016198399,608.6651409176505,624.5686645507812,1541700,0.0,0.0
2021-11-01 00:00:00-04:00,623.8582792757295,630.1427330532775,619.4088937088131,626.5713500976562,1582600,0.0,0.0
2021-11-02 00:00:00-04:00,629.2942979256597,634.7204395838224,624.292374662181,627.6566162109375,1376600,0.0,0.0
2021-11-03 00:00:00-04:00,627.9526664221598,633.9510371110204,619.9515871980306,633.7438354492188,1216600,0.0,0.0
2021-11-04 00:00:00-04:00,634.0692224518224,634.878217934313,622.0724848279582,631.168701171875,1396100,0.0,0.0
2021-11-05 00:00:00-04:00,605.9323389535164,613.4401319107325,591.4001633297479,608.5171508789062,2693400,0.0,0.0
2021-11-08 00:00:00-05:00,613.1441434519804,617.8895486546578,607.1556488663286,616.0841064453125,1170900,0.0,0.0
2021-11-09 00:00:00-05:00,615.3738108441052,616.2321230055151,606.7511878424738,610.2732543945312,927000,0.0,0.0
2021-11-10 00:00:00-05:00,607.4219730567137,620.4644143118944,607.4219730567137,618.4419555664062,1119100,0.0,0.0
2021-11-11 00:00:00-05:00,619.5371252428919,623.7399284450049,617.0706970928753,623.0,687600,0.0,0.0
2021-11-12 00:00:00-05:00,624.4108180386057,631.1195510838068,621.3919122544788,626.7194213867188,888100,0.0,0.0
2021-11-15 00:00:00-05:00,628.0413398384961,630.6754678855903,623.5228272193191,623.8681030273438,826100,0.0,0.0
2021-11-16 00:00:00-05:00,621.9147456033576,642.8201913275309,621.9147456033576,632.8656616210938,1346900,0.0,0.0
2021-11-17 00:00:00-05:00,634.6909362128233,638.3116360515608,624.8449136158822,628.7418823242188,1390300,0.0,0.0
2021-11-18 00:00:00-05:00,629.8566277089934,631.642319126214,622.7039866938818,629.0673828125,968700,0.0,0.0
2021-11-19 00:00:00-05:00,629.6001933431781,636.3483675694829,627.350842078099,627.5086669921875,1222300,0.0,0.0
2021-11-22 00:00:00-05:00,631.4057080712339,632.1949531632148,622.5265653014822,625.4468383789062,1318900,0.0,0.0
2021-11-23 00:00:00-05:00,620.7506869254756,625.5651597869428,613.9433207275512,624.2628784179688,1022500,0.0,0.0
2021-11-24 00:00:00-05:00,624.7462155551518,625.170433947431,615.5217988747768,624.4995727539062,1283200,0.0,0.0
2021-11-26 00:00:00-05:00,643.9450312350609,657.6978387688239,628.3473400261439,630.16259765625,1677700,0.0,0.0
2021-11-29 00:00:00-05:00,631.4055518216938,645.8588436175727,629.7086783046254,640.0578002929688,1869900,0.0,0.0
2021-11-30 00:00:00-05:00,632.8262114362067,640.5115791455048,622.6152239493383,624.3318481445312,2562900,0.0,0.0
2021-12-01 00:00:00-05:00,626.1570599869852,629.1167738611242,617.4752446659508,617.7416381835938,1502700,0.0,0.0
2021-12-02 00:00:00-05:00,614.278619269668,624.9927665298843,610.5986682691981,619.1522827148438,1481700,0.0,0.0
2021-12-03 00:00:00-05:00,625.6341689875965,628.0512203263431,610.0266049181788,627.5678100585938,1698500,0.0,0.0
2021-12-06 00:00:00-05:00,626.4728280998895,627.1239387177233,601.0291738141823,613.89404296875,2319700,0.0,0.0
2021-12-07 00:00:00-05:00,624.6771563534172,629.185794043852,615.8078907414035,620.2672119140625,1585300,0.0,0.0
2021-12-08 00:00:00-05:00,622.5262550153269,630.103112509779,619.4679092274464,629.5802612304688,1267400,0.0,0.0
2021-12-09 00:00:00-05:00,629.5409049011427,633.704266484907,626.5417502692665,628.514892578125,1029300,0.0,0.0
2021-12-10 00:00:00-05:00,628.4063781264675,636.1213717053671,628.4063781264675,633.8818359375,989700,0.0,0.0
2021-12-13 00:00:00-05:00,633.8720251963582,640.6695155291794,631.8495661863085,637.3348999023438,1181900,0.0,0.0
2021-12-14 00:00:00-05:00,631.6597534492864,634.9463749710874,616.2433124108462,623.87255859375,1491500,0.26,0.0
2021-12-15 00:00:00-05:00,628.4521210633934,648.1717301790449,624.9680937386395,647.1946411132812,1422800,0.0,0.0
2021-12-16 00:00:00-05:00,646.9579260784647,655.5149270894341,642.5363259671992,652.6329956054688,1625100,0.0,0.0
2021-12-17 00:00:00-05:00,646.9280735334538,651.724785185813,639.0718445300495,642.58544921875,2475800,0.0,0.0
2021-12-20 00:00:00-05:00,641.973677670016,647.8066350431002,632.0348975719766,640.8583984375,1001300,0.0,0.0
2021-12-21 00:00:00-05:00,640.1872206063449,641.5294832213858,627.405967315749,636.9302368164062,1201000,0.0,0.0
2021-12-22 00:00:00-05:00,640.266129547981,644.9542295798893,636.9992664616526,643.2073364257812,918400,0.0,0.0
2021-12-23 00:00:00-05:00,644.7469735572721,647.6782407307834,640.5819356689914,642.2203369140625,840000,0.0,0.0
2021-12-27 00:00:00-05:00,648.3494024492987,654.1133245646932,644.3127353197921,653.5803833007812,531400,0.0,0.0
2021-12-28 00:00:00-05:00,656.8274708677221,657.972327707387,644.7173493106845,646.83935546875,818200,0.0,0.0
2021-12-29 00:00:00-05:00,651.5274730780998,656.5017722680107,645.6846368525228,654.0935668945312,644100,0.0,0.0
2021-12-30 00:00:00-05:00,656.0279706153607,660.2225859471312,653.7480762210948,656.778076171875,555600,0.0,0.0
2021-12-31 00:00:00-05:00,656.3339393490339,663.5783133956166,654.685719105322,658.5447387695312,778700,0.0,0.0
2022-01-03 00:00:00-05:00,654.3503389298131,655.6136877232906,631.837586319208,636.5158081054688,1888800,0.0,0.0
2022-01-04 00:00:00-05:00,628.9949502702441,629.7154781664315,604.6069996209942,609.9464721679688,2598000,0.0,0.0
2022-01-05 00:00:00-05:00,609.9465349336756,620.5663256657072,607.765312855441,610.4597778320312,1915400,0.0,0.0
2022-01-06 00:00:00-05:00,609.9465590202265,618.6516287903565,601.6658784944275,612.3153076171875,1686000,0.0,0.0
2022-01-07 00:00:00-05:00,612.9074610644128,613.3811866851247,598.2904594508736,599.1589965820312,1741800,0.0,0.0
2022-01-10 00:00:00-05:00,592.0230414239735,617.2696450265646,591.1149872922693,616.8945922851562,2095700,0.0,0.0
2022-01-11 00:00:00-05:00,616.8552985794596,619.1056156237696,604.0148290458656,612.4139404296875,2474800,0.0,0.0
2022-01-12 00:00:00-05:00,610.6174991141696,623.6553711573564,610.6174991141696,617.0525512695312,1554200,0.0,0.0
2022-01-13 00:00:00-05:00,616.5691058928725,617.7436008033133,592.0330234962539,593.0595092773438,2018100,0.0,0.0
2022-01-14 00:00:00-05:00,590.1379828685095,594.3918140804452,580.5249207032373,587.0487670898438,2426200,0.0,0.0
2022-01-18 00:00:00-05:00,578.5016778326642,587.0487977509349,576.5671980642925,582.4100341796875,1849500,0.0,0.0
2022-01-19 00:00:00-05:00,585.9730469428196,594.7373314006763,584.5320513519446,585.637451171875,1875900,0.0,0.0
2022-01-20 00:00:00-05:00,587.3054680138954,594.6287573520857,579.133400230747,580.495361328125,1530300,0.0,0.0
2022-01-21 00:00:00-05:00,580.2288737996637,582.8344848631439,570.7441218242404,572.7673950195312,2095500,0.0,0.0
2022-01-24 00:00:00-05:00,563.410820631523,568.7010164141619,545.1716660262067,568.2963256835938,2586200,0.0,0.0
2022-01-25 00:00:00-05:00,561.1806428364225,569.451386347997,553.413142595245,560.3515625,1864600,0.0,0.0
2022-01-26 00:00:00-05:00,567.7535493150813,568.1088434672778,551.1033978944619,555.5645141601562,1892900,0.0,0.0
2022-01-27 00:00:00-05:00,561.1706274501819,563.9637052354226,545.6061132406458,546.5239868164062,1933400,0.0,0.0
2022-01-28 00:00:00-05:00,547.3530692799287,564.9309778362427,536.6148459706254,564.57568359375,1583900,0.0,0.0
2022-01-31 00:00:00-05:00,566.5198137466966,574.0306281787215,564.713644860126,573.7246704101562,1886100,0.0,0.0
2022-02-01 00:00:00-05:00,580.6335562611281,588.085156385081,572.649014833716,586.5652465820312,2215600,0.0,0.0
2022-02-02 00:00:00-05:00,598.24107943529,600.7775956174282,586.5652256349583,596.2572631835938,2087200,0.0,0.0
2022-02-03 00:00:00-05:00,587.4533209087756,593.6613287450014,581.9953582481246,587.1769409179688,1758000,0.0,0.0
2022-02-04 00:00:00-05:00,584.5913997623204,591.3718695812848,580.0611871448647,586.6738891601562,1393200,0.0,0.0
2022-02-07 00:00:00-05:00,590.1085477562508,591.9344155632842,577.277956005817,579.39990234375,1243000,0.0,0.0
2022-02-08 00:00:00-05:00,570.359085909384,584.9267466485246,570.359085909384,579.8734741210938,1143900,0.0,0.0
2022-02-09 00:00:00-05:00,586.4467997592051,590.6709935016829,580.3177038516081,582.163330078125,1335300,0.0,0.0
2022-02-10 00:00:00-05:00,574.0898577892875,579.5577009494682,569.7965696037367,572.718017578125,1931100,0.0,0.0
2022-02-11 00:00:00-05:00,571.4250920165225,577.2581092641137,557.2127825441796,558.9103393554688,1726000,0.0,0.0
2022-02-14 00:00:00-05:00,557.1633914878548,561.3580069698525,548.7247639146104,553.8767700195312,1387700,0.0,0.0
2022-02-15 00:00:00-05:00,560.0847125482759,563.7858434151676,546.6027530159726,549.4155883789062,1438600,0.0,0.0
2022-02-16 00:00:00-05:00,545.1717350127834,547.4713882718459,532.1437399719405,543.1780395507812,2154700,0.0,0.0
2022-02-17 00:00:00-05:00,543.6220923134297,543.6220923134297,532.5582169418744,533.4957885742188,1667300,0.0,0.0
2022-02-18 00:00:00-05:00,534.8085388059436,538.3813594392193,527.5839232036946,530.1401977539062,1473700,0.0,0.0
2022-02-22 00:00:00-05:00,529.3409441720823,533.6638719334758,520.0338364818974,522.98486328125,1728000,0.0,0.0
2022-02-23 00:00:00-05:00,525.067064653408,535.5782997240451,520.9613035856711,521.691650390625,1520300,0.0,0.0
2022-02-24 00:00:00-05:00,512.0391088478073,535.3118367225,507.2424576778374,533.130615234375,2174500,0.0,0.0
2022-02-25 00:00:00-05:00,529.8540842627708,542.9018408598846,527.5840684645417,542.6649780273438,1156900,0.0,0.0
2022-02-28 00:00:00-05:00,538.0162886234876,542.5267421045231,531.8181574833579,536.910888671875,1772800,0.0,0.0
2022-03-01 00:00:00-05:00,537.5227700567713,540.4737961807352,531.7983649068993,535.9929809570312,1609900,0.0,0.0
2022-03-02 00:00:00-05:00,537.6708838359423,554.4493494223486,535.2823765386472,549.1986694335938,1643900,0.0,0.0
2022-03-03 00:00:00-05:00,550.7382653238037,561.5455817207046,543.5235284830934,547.0667114257812,1355200,0.0,0.0
2022-03-04 00:00:00-05:00,543.0992526405197,544.1454369890027,530.0514958990918,540.1876831054688,1316900,0.0,0.0
2022-03-07 00:00:00-05:00,534.9368313811215,537.7990636154138,517.3292899829322,527.7813110351562,2168400,0.0,0.0
2022-03-08 00:00:00-05:00,519.7376642045316,528.7486927498502,513.1151431520391,517.1715698242188,1785200,0.0,0.0
2022-03-09 00:00:00-05:00,532.666871254601,536.7529349934424,524.0999925506079,534.6408081054688,1481000,0.0,0.0
2022-03-10 00:00:00-05:00,529.4396106225429,534.4928855293236,526.9129731691526,531.2359008789062,1481200,0.0,0.0
2022-03-11 00:00:00-05:00,536.1605532707288,536.4171746209596,522.0370418462326,522.9055786132812,952200,0.0,0.0
2022-03-14 00:00:00-04:00,528.6990787017766,544.2043696532628,523.7543587503334,528.896484375,1102400,0.0,0.0
2022-03-15 00:00:00-04:00,533.5578010192596,545.6055741687308,533.0047914455228,543.768798828125,1253100,0.3,0.0
2022-03-16 00:00:00-04:00,549.8716126207546,558.8679171183018,544.1242314729193,555.5300903320312,1397700,0.0,0.0
2022-03-17 00:00:00-04:00,555.5793450585277,565.5236897380618,552.0341780734874,565.1089477539062,1330600,0.0,0.0
2022-03-18 00:00:00-04:00,569.6121023056515,583.2004036934891,566.185432664848,581.7388916015625,2622100,0.0,0.0
2022-03-21 00:00:00-04:00,574.5498847004284,582.8253197383491,574.5498847004284,581.9464111328125,1690900,0.0,0.0
2022-03-22 00:00:00-04:00,582.9041157446024,587.2590574004768,579.2107963681701,580.0303955078125,1499800,0.0,0.0
2022-03-23 00:00:00-04:00,574.3424206492925,575.8039933035186,562.8378325330781,564.1808471679688,1195100,0.0,0.0
2022-03-24 00:00:00-04:00,566.9755856766797,568.2494666619845,559.9839168612374,566.5311889648438,971300,0.0,0.0
2022-03-25 00:00:00-04:00,570.6687628277703,573.7991881933111,561.1786984458381,567.12353515625,1037300,0.0,0.0
2022-03-28 00:00:00-04:00,569.7898322555194,576.0210884493806,567.8345596195071,575.9124755859375,945300,0.0,0.0
2022-03-29 00:00:00-04:00,585.3630057990409,589.1550529980962,577.6405837104031,585.4716186523438,1201300,0.0,0.0
2022-03-30 00:00:00-04:00,585.136148177463,591.772263781187,583.516598438389,587.7234497070312,1092900,0.0,0.0
2022-03-31 00:00:00-04:00,584.9385085317209,593.6286839174057,583.2794799804688,583.2794799804688,1637400,0.0,0.0
2022-04-01 00:00:00-04:00,584.8298062560759,586.7455998936949,577.1469222665722,584.9483642578125,1028700,0.0,0.0
2022-04-04 00:00:00-04:00,583.8916605782073,587.3183301015692,577.9467638563991,582.7757568359375,1027700,0.0,0.0
2022-04-05 00:00:00-04:00,577.5714342353112,586.3208563112042,573.443603460952,576.9888305664062,1082200,0.0,0.0
2022-04-06 00:00:00-04:00,571.942788843413,582.7462760594663,565.8794528685339,580.0799560546875,1232700,0.0,0.0
2022-04-07 00:00:00-04:00,575.7149147030956,609.4387842754472,574.6977993153959,604.5703125,2140200,0.0,0.0
2022-04-08 00:00:00-04:00,602.3881180829712,610.643783399576,599.1885580503607,601.2623291015625,1629000,0.0,0.0
2022-04-11 00:00:00-04:00,591.0513816501577,596.1469660196522,577.2556750887057,578.3616943359375,1470100,0.0,0.0
2022-04-12 00:00:00-04:00,576.7914744092379,578.3517147112868,558.4729658208265,563.8154296875,1411200,0.0,0.0
2022-04-13 00:00:00-04:00,564.3682624693779,571.1229327610049,557.5543433275394,569.6021118164062,1286300,0.0,0.0
2022-04-14 00:00:00-04:00,570.8169777980132,570.8564569523652,557.594052851381,561.8009033203125,1225600,0.0,0.0
2022-04-18 00:00:00-04:00,561.8601140539699,567.8247207262643,558.8876654373624,564.9905395507812,1161100,0.0,0.0
2022-04-19 00:00:00-04:00,567.5877861612333,568.8123030031018,561.2577404944336,566.9854125976562,1139000,0.0,0.0
2022-04-20 00:00:00-04:00,567.9037201198767,591.1203536477066,567.9037201198767,583.773193359375,1598100,0.0,0.0
2022-04-21 00:00:00-04:00,585.0866319683142,588.0689657420556,570.9256095187297,573.18701171875,1231900,0.0,0.0
2022-04-22 00:00:00-04:00,567.6764873610048,569.5133224379564,553.7030997844691,554.27587890625,1478000,0.0,0.0
2022-04-25 00:00:00-04:00,539.6705093928787,543.0083362322605,522.8826471746809,537.3695678710938,2597200,0.0,0.0
2022-04-26 00:00:00-04:00,527.4449672364555,531.4049371442559,507.60569881891877,509.9954833984375,2469900,0.0,0.0
2022-04-27 00:00:00-04:00,513.8468392181172,521.7371244458913,509.30420525562727,513.9850463867188,1895900,0.0,0.0
2022-04-28 00:00:00-04:00,552.7453778434071,560.2505772437182,541.2604982271905,551.9158935546875,2737200,0.0,0.0
2022-04-29 00:00:00-04:00,550.9973480379737,559.2628956239029,544.6278242711599,546.0202026367188,2168700,0.0,0.0
2022-05-02 00:00:00-04:00,542.0801290613434,546.514090619665,529.2225808091933,538.7127075195312,1972000,0.0,0.0
2022-05-03 00:00:00-04:00,537.5570546480931,546.9089102501345,534.6439157954609,539.5025024414062,1428000,0.0,0.0
2022-05-04 00:00:00-04:00,535.6117976193466,558.6901651520448,534.0910365439119,555.9547119140625,1251300,0.0,0.0
2022-05-05 00:00:00-04:00,552.9427528974998,554.5129381673446,536.2832746350693,543.6403198242188,1378200,0.0,0.0
2022-05-06 00:00:00-04:00,535.6216489268152,542.2577625932526,526.9314742464038,539.8580932617188,1116300,0.0,0.0
2022-05-09 00:00:00-04:00,531.9382234131766,531.9382234131766,508.4549970726029,510.9336853027344,1568600,0.0,0.0
2022-05-10 00:00:00-04:00,520.7101614348428,525.6280592207112,510.1041907511747,519.6633911132812,1682600,0.0,0.0
2022-05-11 00:00:00-04:00,513.9257894095678,525.8748326373214,513.1160147559041,513.5110473632812,1146400,0.0,0.0
2022-05-12 00:00:00-04:00,507.3587984798981,521.0063490267289,505.70959463909116,519.2386474609375,1532700,0.0,0.0
2022-05-13 00:00:00-04:00,528.1361958050817,544.9734197399522,526.3389000384763,534.6636962890625,1375100,0.0,0.0
2022-05-16 00:00:00-04:00,530.6347092513741,536.9943486831727,526.3784949604673,532.6492309570312,883700,0.0,0.0
2022-05-17 00:00:00-04:00,546.2868209340214,553.9795889032948,537.3497666866677,547.67919921875,1554900,0.0,0.0
2022-05-18 00:00:00-04:00,540.6086756063215,543.4823361366066,532.4813944035691,535.4044189453125,1403500,0.0,0.0
2022-05-19 00:00:00-04:00,533.2614632922413,552.9427541398168,530.7235265026401,543.867431640625,2065500,0.0,0.0
2022-05-20 00:00:00-04:00,551.9453874550586,558.8580365467382,537.6460983357956,548.2224731445312,2167600,0.0,0.0
2022-05-23 00:00:00-04:00,552.1923456360153,553.792125543769,543.8873168623932,548.2817993164062,1180600,0.0,0.0
2022-05-24 00:00:00-04:00,545.6154529226733,546.3462091076302,536.5006497789967,541.9714965820312,1012500,0.0,0.0
2022-05-25 00:00:00-04:00,543.9661367576414,543.9661367576414,523.089926717212,527.6029052734375,1538300,0.0,0.0
2022-05-26 00:00:00-04:00,532.2640372399998,534.792089078716,527.1387998463571,533.3700561523438,1855200,0.0,0.0
2022-05-27 00:00:00-04:00,538.7619759230168,565.9582894660938,537.4782103519389,565.207763671875,1721300,0.0,0.0
2022-05-31 00:00:00-04:00,561.5836831567613,566.1361425124136,555.4808079133101,560.487548828125,2630800,0.0,0.0
2022-06-01 00:00:00-04:00,562.4426031650469,565.9384662644983,543.452592620813,549.2789306640625,1309500,0.0,0.0
2022-06-02 00:00:00-04:00,547.6396625926498,563.2820223026482,542.1589329047613,562.9857177734375,842600,0.0,0.0
2022-06-03 00:00:00-04:00,554.038751115359,555.6484151410149,547.8371506786123,551.1354370117188,736400,0.0,0.0
2022-06-06 00:00:00-04:00,551.9749736648606,555.3819337785213,543.669886817248,545.980712890625,1114400,0.0,0.0
2022-06-07 00:00:00-04:00,543.6798698571881,554.5426047605225,543.2651277647373,553.6636962890625,1113600,0.0,0.0
2022-06-08 00:00:00-04:00,552.1921590235423,553.4562149683486,542.8205933873486,545.1708984375,837400,0.0,0.0
2022-06-09 00:00:00-04:00,541.09246133179,545.1314493917997,532.8466837648579,533.0836791992188,832900,0.0,0.0
2022-06-10 00:00:00-04:00,523.6725965600463,527.1980544843437,516.4242246898413,520.30517578125,1177600,0.0,0.0
2022-06-13 00:00:00-04:00,505.21590449850396,511.4076522173204,502.38172318158115,505.52203369140625,1463700,0.0,0.0
2022-06-14 00:00:00-04:00,504.069521867685,508.0713161824842,496.87612244500406,501.4115295410156,1009100,0.3,0.0
2022-06-15 00:00:00-04:00,508.66416365220647,515.4820802736767,501.09534141504474,508.6345520019531,1320500,0.0,0.0
2022-06-16 00:00:00-04:00,497.5776888568126,500.1566162359098,491.9059724753639,498.8819885253906,1180100,0.0,0.0
2022-06-17 00:00:00-04:00,496.1745173596599,506.3124050693015,494.82082488864944,494.93939208984375,2175200,0.0,0.0
2022-06-21 00:00:00-04:00,500.28500992981225,510.4624299296731,499.5439347796935,507.428955078125,1463400,0.0,0.0
2022-06-22 00:00:00-04:00,502.3897522906885,519.2368514621506,502.3897522906885,513.0414428710938,1214800,0.0,0.0
2022-06-23 00:00:00-04:00,516.7763921740417,534.6313695957783,514.701405927475,534.1669311523438,1365300,0.0,0.0
2022-06-24 00:00:00-04:00,534.6807512758671,538.7122167964557,530.9062014451031,538.3268432617188,1292000,0.0,0.0
2022-06-27 00:00:00-04:00,539.3446087441741,540.5994549161248,533.3171616848546,537.1707763671875,767400,0.0,0.0
2022-06-28 00:00:00-04:00,536.1431512446733,538.6331830793108,527.9419315416883,529.3944702148438,858900,0.0,0.0
2022-06-29 00:00:00-04:00,529.6415097835004,531.9141282730427,521.7959914679183,529.5426635742188,860700,0.0,0.0
2022-06-30 00:00:00-04:00,524.7306772912294,539.7300333238746,523.1991338149218,536.815185546875,1364600,0.0,0.0
2022-07-01 00:00:00-04:00,537.4771879009479,542.5065848201859,527.6060752291346,541.7457885742188,835300,0.0,0.0
2022-07-05 00:00:00-04:00,533.4357168923616,538.6825261229449,527.0031754547127,538.583740234375,641700,0.0,0.0
2022-07-06 00:00:00-04:00,538.5147328383621,552.5259896593681,537.1313681166996,549.42333984375,1220600,0.0,0.0
2022-07-07 00:00:00-04:00,546.4193224057303,552.2194648188561,542.0222651636631,547.1702880859375,1243600,0.0,0.0
2022-07-08 00:00:00-04:00,543.3268222930602,551.5379351140309,542.3585030926613,547.1211547851562,752500,0.0,0.0
2022-07-11 00:00:00-04:00,543.4551739495846,553.9882967851466,540.3426338297851,551.3896484375,1089000,0.0,0.0
2022-07-12 00:00:00-04:00,544.3344999954453,547.0912776718053,523.3274813929116,524.6119995117188,1639400,0.0,0.0
2022-07-13 00:00:00-04:00,515.3635889989694,518.6243086123577,508.4863877547075,516.9248046875,1916800,0.0,0.0
2022-07-14 00:00:00-04:00,510.95648891965936,520.1161972333249,504.2967031041375,519.3751220703125,1338600,0.0,0.0
2022-07-15 00:00:00-04:00,527.1811589679601,533.8804473485773,521.0153627059834,532.4575805664062,1673000,0.0,0.0
2022-07-18 00:00:00-04:00,532.4378106052222,533.5741500483115,511.1442616789541,514.5631103515625,1317700,0.0,0.0
2022-07-19 00:00:00-04:00,522.2802242337748,531.2620229002249,517.7250959636011,530.4814453125,1993700,0.0,0.0
2022-07-20 00:00:00-04:00,533.574145615497,541.8445400478289,530.8667605260499,532.240234375,921700,0.0,0.0
2022-07-21 00:00:00-04:00,548.93909154408,568.3256139675884,548.93909154408,568.1576538085938,2150200,0.0,0.0
2022-07-22 00:00:00-04:00,566.6556450527954,569.8175775406042,551.9626008977502,554.8577270507812,1252500,0.0,0.0
2022-07-25 00:00:00-04:00,553.8498644768702,561.6064258179871,547.6149555157252,560.6875,1194400,0.0,0.0
2022-07-26 00:00:00-04:00,562.673752673386,566.7447212639374,559.7786259039656,566.4483032226562,1012700,0.0,0.0
2022-07-27 00:00:00-04:00,566.1913503881212,578.3943647074041,560.2528580632893,575.0051879882812,1263900,0.0,0.0
2022-07-28 00:00:00-04:00,582.9297055460902,595.8244006628448,566.4877042941396,590.5281982421875,2294700,0.0,0.0
2022-07-29 00:00:00-04:00,595.7947973681119,603.7885551757121,590.7555100595537,591.2890625,2371200,0.0,0.0
2022-08-01 00:00:00-04:00,587.0401580414313,591.7139127004318,581.3289706089797,582.534423828125,1537800,0.0,0.0
2022-08-02 00:00:00-04:00,580.3113613865586,587.7912887615481,576.3095667695202,579.0663452148438,1392700,0.0,0.0
2022-08-03 00:00:00-04:00,583.3151166758487,586.585726026823,576.9615791212187,580.983154296875,1077700,0.0,0.0
2022-08-04 00:00:00-04:00,583.799327161283,585.9434879626258,576.615818558084,582.9791870117188,999600,0.0,0.0
2022-08-05 00:00:00-04:00,578.3153638629734,583.6411785654057,574.1554399511448,583.236083984375,982500,0.0,0.0
2022-08-08 00:00:00-04:00,583.7695605834436,586.2398109754765,575.5584506926803,577.0010986328125,921400,0.0,0.0
2022-08-09 00:00:00-04:00,577.0011905613659,579.0662864451645,569.1852833027791,573.9578247070312,767900,0.0,0.0
2022-08-10 00:00:00-04:00,582.1688866164752,585.7063023284327,576.9714697542045,585.3011474609375,991800,0.0,0.0
2022-08-11 00:00:00-04:00,587.9889367361715,592.6626325238469,585.1234213333687,585.489013671875,1086700,0.0,0.0
2022-08-12 00:00:00-04:00,587.4850113279161,596.8521844575264,585.4100244704774,596.0321044921875,989000,0.0,0.0
2022-08-15 00:00:00-04:00,595.8244322172415,598.9468023742266,592.0202704966089,597.2966918945312,855500,0.0,0.0
2022-08-16 00:00:00-04:00,592.8601911612503,596.7236368710873,590.7456420053161,594.945068359375,798000,0.0,0.0
2022-08-17 00:00:00-04:00,589.8564224288579,593.5025152302638,587.5047387082296,588.9473266601562,989400,0.0,0.0
2022-08-18 00:00:00-04:00,590.9925908636031,591.5854871636119,582.2578189466598,587.9295043945312,761000,0.0,0.0
2022-08-19 00:00:00-04:00,584.4020722337539,586.2004221041778,579.0070226224819,581.5464477539062,851100,0.0,0.0
2022-08-22 00:00:00-04:00,573.78980100732,577.1888681242937,567.6932396299887,569.25439453125,723100,0.0,0.0
2022-08-23 00:00:00-04:00,565.1635722859447,569.6396945845237,560.9048633649778,566.1516723632812,913300,0.0,0.0
2022-08-24 00:00:00-04:00,566.1616914404352,569.3335151193589,564.1854908374847,566.3297119140625,855300,0.0,0.0
2022-08-25 00:00:00-04:00,571.4677221771543,579.115668326114,566.2900868181572,578.5029907226562,928000,0.0,0.0
2022-08-26 00:00:00-04:00,577.0505465402387,578.285671853895,556.8043820482006,557.0020141601562,771900,0.0,0.0
2022-08-29 00:00:00-04:00,554.4329996642023,555.4211000618753,548.7415317241874,550.0656127929688,704500,0.0,0.0
2022-08-30 00:00:00-04:00,550.7868505505381,552.2492799998103,543.9393227308419,547.694091796875,1058300,0.0,0.0
2022-08-31 00:00:00-04:00,549.5517981371069,552.4864877687845,537.8428321892184,538.8309326171875,1166600,0.0,0.0
2022-09-01 00:00:00-04:00,535.9851772449691,544.4235328530594,535.0958627716174,544.1962890625,913900,0.0,0.0
2022-09-02 00:00:00-04:00,547.1802013004932,551.2313875101391,535.1253682473016,537.081787109375,796900,0.0,0.0
2022-09-06 00:00:00-04:00,540.7477799915386,546.5578145820105,535.2341634293854,538.6629028320312,1043300,0.0,0.0
2022-09-07 00:00:00-04:00,536.9336616296516,547.6940267489964,535.3230535124613,545.1546020507812,1139800,0.0,0.0
2022-09-08 00:00:00-04:00,543.3562719480776,560.4306104045509,540.7772848389023,559.8179931640625,1854800,0.0,0.0
2022-09-09 00:00:00-04:00,559.6500763818207,565.5095032221836,559.1856379358246,562.624267578125,1146600,0.0,0.0
2022-09-12 00:00:00-04:00,562.4760715558933,573.226607181705,560.7172241493748,572.2977905273438,1097200,0.0,0.0
2022-09-13 00:00:00-04:00,558.2766775863868,562.6243430929032,550.5793978490834,553.1583251953125,1642800,0.0,0.0
2022-09-14 00:00:00-04:00,556.2229350631436,563.855189070314,546.3366363199343,551.7839965820312,1139400,0.3,0.0
2022-09-15 00:00:00-04:00,553.632811567024,554.5819181096807,543.9936688656337,545.7039794921875,890400,0.0,0.0
2022-09-16 00:00:00-04:00,541.4233631195041,541.7693595593851,530.3407966509409,535.1257934570312,1835500,0.0,0.0
2022-09-19 00:00:00-04:00,529.6585834317373,533.8701573708252,525.1207446595839,533.5339965820312,1072500,0.0,0.0
2022-09-20 00:00:00-04:00,527.1573816640902,529.4015915927658,522.5009719045709,526.1094360351562,1053800,0.0,0.0
2022-09-21 00:00:00-04:00,527.058465948825,534.0678797997497,518.2399024884857,519.7129516601562,1268900,0.0,0.0
2022-09-22 00:00:00-04:00,516.074803748179,520.9685347696237,512.6739138195757,514.3743286132812,1137500,0.0,0.0
2022-09-23 00:00:00-04:00,510.4791927643486,515.5904544754864,507.206829131823,514.8687133789062,1366300,0.0,0.0
2022-09-26 00:00:00-04:00,510.27149002409044,515.0465293599865,505.5754976405793,508.4622802734375,991900,0.0,0.0
2022-09-27 00:00:00-04:00,511.3095383449966,512.308064272698,499.83152866537034,502.87652587890625,1166500,0.0,0.0
2022-09-28 00:00:00-04:00,504.87374318028276,515.2840497972614,501.79911725367816,511.9424743652344,1866700,0.0,0.0
2022-09-29 00:00:00-04:00,509.0554010669631,512.1399819040428,506.6036181961672,510.736083984375,1074600,0.0,0.0
2022-09-30 00:00:00-04:00,508.9467390272456,515.6595757029853,500.978383216671,501.42327880859375,1697200,0.0,0.0
2022-10-03 00:00:00-04:00,506.979382508884,520.8894147997675,503.83554613512814,516.9843139648438,2462900,0.0,0.0
2022-10-04 00:00:00-04:00,524.6856511481627,535.4716375508115,523.2719175793367,533.7909545898438,1195300,0.0,0.0
2022-10-05 00:00:00-04:00,529.7079718979531,542.6787934044326,527.9284498655209,540.0589599609375,1167400,0.0,0.0
2022-10-06 00:00:00-04:00,538.1508436900025,540.0984156921121,531.1019074481374,534.4434814453125,971700,0.0,0.0
2022-10-07 00:00:00-04:00,528.9170033288938,529.707895190869,514.9773456953898,517.656494140625,976800,0.0,0.0
2022-10-10 00:00:00-04:00,518.1311470716773,518.1311470716773,504.1420077920392,505.0317687988281,947900,0.0,0.0
2022-10-11 00:00:00-04:00,501.245332603095,501.94725149264616,491.12174034887494,495.1158142089844,1667200,0.0,0.0
2022-10-12 00:00:00-04:00,496.6976848599973,498.3684722526361,492.7530601559062,494.97747802734375,1098900,0.0,0.0
2022-10-13 00:00:00-04:00,483.61807445786496,508.91714575771937,482.7085516437568,504.7352294921875,1737600,0.0,0.0
2022-10-14 00:00:00-04:00,508.23497159750974,511.5270663388217,496.4307259549063,497.3303527832031,1267500,0.0,0.0
2022-10-17 00:00:00-04:00,504.5275494103817,515.26408721373,503.4993959030783,511.3490905761719,1071100,0.0,0.0
2022-10-18 00:00:00-04:00,524.7450866131261,526.6531353676302,515.3728327122905,518.4376220703125,970400,0.0,0.0
2022-10-19 00:00:00-04:00,508.15585736404313,509.9452753819692,493.0001716247262,499.8612365722656,1947800,0.0,0.0
2022-10-20 00:00:00-04:00,493.0792899181292,496.4604183240595,480.03925575707257,481.324462890625,3267100,0.0,0.0
2022-10-21 00:00:00-04:00,480.63237908904154,491.28980960747526,472.87162731807007,491.0920715332031,2836900,0.0,0.0
2022-10-24 00:00:00-04:00,494.0481613962661,503.45001371476286,490.11340249265055,499.26812744140625,1818800,0.0,0.0
2022-10-25 00:00:00-04:00,501.8780460735994,511.7544809312886,498.96160548647015,508.768798828125,2382800,0.0,0.0
2022-10-26 00:00:00-04:00,494.31505449723534,511.70508466457306,489.57950782738476,497.28094482421875,2446900,0.0,0.0
2022-10-27 00:00:00-04:00,492.98040947330753,501.64081908747966,484.54739565099607,492.6541748046875,2334800,0.0,0.0
2022-10-28 00:00:00-04:00,495.5508408051955,502.68875137982684,493.9393689045585,498.11138916015625,2017100,0.0,0.0
2022-10-31 00:00:00-04:00,494.70066640869214,510.597796133923,494.70066640869214,508.126220703125,2875200,0.0,0.0
2022-11-01 00:00:00-04:00,510.66697579645665,519.9799148874321,507.16724692646034,511.8039245605469,2112100,0.0,0.0
2022-11-02 00:00:00-04:00,510.13315964332884,510.13315964332884,484.55730237765374,485.39764404296875,1803300,0.0,0.0
2022-11-03 00:00:00-04:00,478.6057242516969,485.24932002233834,470.36055247600234,481.403564453125,1471500,0.0,0.0
2022-11-04 00:00:00-04:00,487.66154354473775,490.0639375433929,478.328873274553,489.9156188964844,1772200,0.0,0.0
2022-11-07 00:00:00-05:00,493.3264245324364,494.4040277310838,484.1321765843391,486.5048828125,1340900,0.0,0.0
2022-11-08 00:00:00-05:00,488.64029935114274,495.0367369969595,482.25372748984535,486.5740661621094,2003100,0.0,0.0
2022-11-09 00:00:00-05:00,485.891959027052,490.3111370229627,478.2300753323265,479.19891357421875,1061000,0.0,0.0
2022-11-10 00:00:00-05:00,501.2551604861823,514.7499536491264,500.48403031031677,514.6610107421875,1937600,0.0,0.0
2022-11-11 00:00:00-05:00,520.869622193051,539.2581776289726,520.632360631755,532.5552368164062,2422500,0.0,0.0
2022-11-14 00:00:00-05:00,534.4238627310835,536.0254389125264,528.1065009369469,528.6898193359375,1458400,0.0,0.0
2022-11-15 00:00:00-05:00,537.6071449580503,546.5938191941003,534.3347817126868,539.8810424804688,1531400,0.0,0.0
2022-11-16 00:00:00-05:00,539.7921170012986,541.9473237073558,525.1801329289517,529.9157104492188,1133700,0.0,0.0
2022-11-17 00:00:00-05:00,523.2028087418513,525.3184917031795,513.1385612534888,523.865234375,1281800,0.0,0.0
2022-11-18 00:00:00-05:00,535.1553497769082,536.9842913006863,523.3610000844244,529.1543579101562,1228400,0.0,0.0
2022-11-21 00:00:00-05:00,526.7224115882178,533.8602924606768,526.4850896605187,530.1826171875,1329600,0.0,0.0
2022-11-22 00:00:00-05:00,534.8587466901516,539.2482664739733,531.5270682882831,538.5562133789062,1503600,0.0,0.0
2022-11-23 00:00:00-05:00,539.45591081169,546.5345366042092,536.8261811154683,541.0673828125,823600,0.0,0.0
2022-11-25 00:00:00-05:00,544.23099228414,548.1558852897413,541.1464710963421,544.9823608398438,549200,0.0,0.0
2022-11-28 00:00:00-05:00,537.1226716746643,543.7465048013913,532.0410989479082,533.889892578125,1822700,0.0,0.0
2022-11-29 00:00:00-05:00,529.3718361750473,534.2457747848678,524.5473169964903,533.613037109375,1195600,0.0,0.0
2022-11-30 00:00:00-05:00,535.155313636305,555.5902792512609,533.7217880392717,553.8502807617188,3132200,0.0,0.0
2022-12-01 00:00:00-05:00,561.1959460537284,562.8568375158958,548.1361196475063,558.1410522460938,1423900,0.0,0.0
2022-12-02 00:00:00-05:00,547.2462922697672,558.3782770220143,544.0234087806717,556.5987548828125,1014400,0.0,0.0
2022-12-05 00:00:00-05:00,549.539825092306,553.2867711909391,545.6743085691076,550.87451171875,1824100,0.0,0.0
2022-12-06 00:00:00-05:00,546.158887073362,550.1233039531469,539.594367859484,544.2706298828125,1969700,0.0,0.0
2022-12-07 00:00:00-05:00,544.1815426770129,552.8913712526106,544.1815426770129,551.7940063476562,952000,0.0,0.0
2022-12-08 00:00:00-05:00,553.7613978420023,562.5404381967122,550.4396150972998,561.4924926757812,1160400,0.0,0.0
2022-12-09 00:00:00-05:00,557.5873228854989,564.6065717853487,552.9605417024978,553.8601684570312,1157100,0.0,0.0
2022-12-12 00:00:00-05:00,558.9516934709923,562.4020028821033,556.9942251726984,561.1464233398438,1163000,0.0,0.0
2022-12-13 00:00:00-05:00,570.281426075201,578.0619403073714,560.3061215949598,564.8834838867188,1867300,0.0,0.0
2022-12-14 00:00:00-05:00,562.9347397784395,569.8983894413958,557.583468666154,561.0751342773438,2079900,0.3,0.0
2022-12-15 00:00:00-05:00,555.2986391401862,555.5459265093283,544.9521138810401,547.7810668945312,1366900,0.0,0.0
2022-12-16 00:00:00-05:00,543.438659594031,544.8531358743782,525.7922091924366,530.6192626953125,2336400,0.0,0.0
2022-12-19 00:00:00-05:00,528.0572982911727,529.1354975281997,521.5487397522324,524.417236328125,1053400,0.0,0.0
2022-12-20 00:00:00-05:00,524.061347526832,525.1691902497732,514.3676935146468,522.7655639648438,988600,0.0,0.0
2022-12-21 00:00:00-05:00,525.6935788529743,535.189392863482,523.7350211789608,534.0321044921875,1208300,0.0,0.0
2022-12-22 00:00:00-05:00,528.9180761757224,533.4880031390041,521.984187786002,533.2901611328125,1103300,0.0,0.0
2022-12-23 00:00:00-05:00,532.1425779869242,537.1971773337102,529.5213682854155,534.8132934570312,621400,0.0,0.0
2022-12-27 00:00:00-05:00,534.8133670368074,542.8848611070366,530.9952642948039,539.521728515625,1050000,0.0,0.0
2022-12-28 00:00:00-05:00,541.4405035926948,547.0292208216259,537.1871740313311,537.5135498046875,826800,0.0,0.0
2022-12-29 00:00:00-05:00,542.657065906284,555.4764598027617,540.2138966413764,550.9659423828125,1027400,0.0,0.0
2022-12-30 00:00:00-05:00,546.8018125628143,548.9779534619265,539.3337461713792,544.7147216796875,686000,0.0,0.0
2023-01-03 00:00:00-05:00,547.2864042401394,550.0659114078805,541.0349733077105,547.1776123046875,1785800,0.0,0.0
2023-01-04 00:00:00-05:00,553.2312483385849,561.6489194073584,548.9383737436957,555.8228149414062,1935800,0.0,0.0
2023-01-05 00:00:00-05:00,549.7593655744483,558.1968395843714,546.3072435626034,550.8969116210938,2220000,0.0,0.0
2023-01-06 00:00:00-05:00,549.7295079529564,549.7295079529564,517.1073902820037,529.1947631835938,2938100,0.0,0.0
2023-01-09 00:00:00-05:00,532.8943878589181,546.9502238797155,531.1831785564466,540.1646728515625,1871200,0.0,0.0
2023-01-10 00:00:00-05:00,541.5294893501541,566.4165172977507,541.4899451159655,561.866455078125,2102800,0.0,0.0
2023-01-11 00:00:00-05:00,564.9229598301054,578.5633073399149,561.8763629930172,576.2388305664062,2013500,0.0,0.0
2023-01-12 00:00:00-05:00,575.6553685907473,580.1659487627949,570.6008285815901,575.2300415039062,1635200,0.0,0.0
2023-01-13 00:00:00-05:00,572.3713171474765,578.5138962043605,566.2583208054245,577.5050048828125,2040500,0.0,0.0
2023-01-17 00:00:00-05:00,578.6524313248053,584.8840608183403,575.4178932867927,581.4813842773438,2086300,0.0,0.0
2023-01-18 00:00:00-05:00,584.7159580899803,590.3738643412242,572.4702822548526,573.7561645507812,1749700,0.0,0.0
2023-01-19 00:00:00-05:00,568.7906942576109,580.7890227463865,567.4751084527586,577.5248413085938,1636000,0.0,0.0
2023-01-20 00:00:00-05:00,580.6307963018653,588.8901710438823,578.6030517624436,587.218505859375,2394700,0.0,0.0
2023-01-23 00:00:00-05:00,586.7733146183181,602.6095451867212,583.5981234328597,598.25732421875,2307200,0.0,0.0
2023-01-24 00:00:00-05:00,603.2328148255199,603.2328148255199,570.521693099372,574.4188842773438,2102600,0.0,0.0
2023-01-25 00:00:00-05:00,564.9527174214016,569.7698702843585,560.7685743061338,569.0774536132812,1238300,0.0,0.0
2023-01-26 00:00:00-05:00,569.779859022027,572.2428318056511,561.1544433287337,571.1052856445312,1210800,0.0,0.0
2023-01-27 00:00:00-05:00,568.6620619166216,571.2437275777154,562.0248471515579,567.4058227539062,1110000,0.0,0.0
2023-01-30 00:00:00-05:00,561.6093953532932,564.6757344598661,554.6754481379337,558.1671142578125,1221500,0.0,0.0
2023-01-31 00:00:00-05:00,556.0799495352632,564.4382732445315,551.9453126814277,564.1415405273438,1799800,0.0,0.0
2023-02-01 00:00:00-05:00,579.7305767336269,591.0562886418418,570.0764692909372,580.9867553710938,2627500,0.0,0.0
2023-02-02 00:00:00-05:00,585.2500143071401,588.7120372409383,580.699951171875,580.699951171875,2312500,0.0,0.0
2023-02-03 00:00:00-05:00,578.2172776203078,586.4074651436605,576.3280284815177,581.382568359375,1283200,0.0,0.0
2023-02-06 00:00:00-05:00,574.26053189828,577.4950695226947,567.1979912013395,569.9181518554688,1119500,0.0,0.0
2023-02-07 00:00:00-05:00,564.586736241558,579.9778988376897,563.2315459899434,576.822509765625,1171100,0.0,0.0
2023-02-08 00:00:00-05:00,572.2822941078622,578.7414688907312,569.7797774337988,572.9450073242188,907200,0.0,0.0
2023-02-09 00:00:00-05:00,576.3378396911211,576.9907121909952,561.5402013325933,562.7568359375,960800,0.0,0.0
2023-02-10 00:00:00-05:00,560.9565690466178,565.5066930562627,557.2373571967344,565.2098999023438,763700,0.0,0.0
2023-02-13 00:00:00-05:00,568.4346110751642,570.9668317580741,562.8360506338918,568.7610473632812,997600,0.0,0.0
2023-02-14 00:00:00-05:00,569.6413582006998,572.8164896697268,560.4818235575049,565.2791748046875,850100,0.0,0.0
2023-02-15 00:00:00-05:00,562.2918837646191,564.3196279387878,556.6636213226958,560.6795654296875,1038400,0.0,0.0
2023-02-16 00:00:00-05:00,550.0857883277905,559.2651242198596,545.3180807251716,551.5299682617188,1173700,0.0,0.0
2023-02-17 00:00:00-05:00,546.9205512448779,555.3975701170571,546.9008093074855,553.6270141601562,1182400,0.0,0.0
2023-02-21 00:00:00-05:00,542.6968313868024,548.2261426111734,538.225856870697,544.7938232421875,1395200,0.0,0.0
2023-02-22 00:00:00-05:00,544.0323223653326,547.2866030685084,538.7997423081009,542.44970703125,1705300,0.0,0.0
2023-02-23 00:00:00-05:00,547.3655873873143,551.6189176452338,540.9658198799619,544.9718627929688,1160200,0.0,0.0
2023-02-24 00:00:00-05:00,538.7006498097121,540.7283940411393,533.3196745632516,536.900390625,852600,0.0,0.0
2023-02-27 00:00:00-05:00,542.5385545162678,548.4042033191487,535.1595384980363,535.4760131835938,1110600,0.0,0.0
2023-02-28 00:00:00-05:00,534.5462647582448,539.3139726824273,533.0427985436099,535.8816528320312,1188800,0.0,0.0
2023-03-01 00:00:00-05:00,533.4880509550206,536.7324307303188,530.441452830737,532.6769409179688,1126000,0.0,0.0
2023-03-02 00:00:00-05:00,529.0268325298549,544.9026695863804,526.1483737383861,542.7957763671875,941200,0.0,0.0
2023-03-03 00:00:00-05:00,549.4329556253676,554.4479504026604,543.6661976332381,553.3697509765625,1153600,0.0,0.0
2023-03-06 00:00:00-05:00,553.4390261415148,561.1642810387531,549.2944874733437,552.4597778320312,1163100,0.0,0.0
2023-03-07 00:00:00-05:00,554.7249306986378,556.9010716811352,542.1924233924444,542.8749389648438,1012800,0.0,0.0
2023-03-08 00:00:00-05:00,542.3308839574759,553.7555479152198,539.6107229973992,548.7306518554688,1453000,0.0,0.0
2023-03-09 00:00:00-05:00,550.1155606635085,558.285885445389,544.9917127333358,547.2074584960938,1013200,0.0,0.0
2023-03-10 00:00:00-05:00,545.882001545846,549.5121637839827,534.091354859199,537.9292602539062,1081700,0.0,0.0
2023-03-13 00:00:00-04:00,537.5928280603706,545.4367759999323,532.2118526060302,535.6837768554688,1405800,0.0,0.0
2023-03-14 00:00:00-04:00,544.9284703801048,555.7468598490716,539.4351520153645,550.2832641601562,1409800,0.35,0.0
2023-03-15 00:00:00-04:00,541.5827746439289,544.383894141851,529.022351106252,537.158447265625,1918900,0.0,0.0
2023-03-16 00:00:00-04:00,534.25845764308,552.8763873544254,534.25845764308,551.401611328125,1135800,0.0,0.0
2023-03-17 00:00:00-04:00,549.6397493180691,549.6397493180691,538.4056678802275,541.7511596679688,1947900,0.0,0.0
2023-03-20 00:00:00-04:00,541.177147785927,549.2043236267966,540.0092037898742,544.9482421875,897200,0.0,0.0
2023-03-21 00:00:00-04:00,548.7194285128637,553.084372995549,546.0271700478744,551.0157470703125,1000100,0.0,0.0
2023-03-22 00:00:00-04:00,551.0156763445494,562.2002825595611,548.6302504699041,548.6599731445312,928400,0.0,0.0
2023-03-23 00:00:00-04:00,552.2826085340208,554.8560969344027,544.7602340970915,549.5211181640625,951600,0.0,0.0
2023-03-24 00:00:00-04:00,542.9192158403995,552.9556328686882,538.7521813718696,552.5597534179688,1012600,0.0,0.0
2023-03-27 00:00:00-04:00,558.0431526788475,562.3685267568653,555.30147760716,555.9547119140625,865600,0.0,0.0
2023-03-28 00:00:00-04:00,554.271995738196,556.9543459827956,545.3144163476865,548.57080078125,828800,0.0,0.0
2023-03-29 00:00:00-04:00,553.6485417732027,554.8462086035421,547.5712208249819,549.4815673828125,1239600,0.0,0.0
2023-03-30 00:00:00-04:00,554.2820950377832,558.5184229047384,551.1741416488809,557.2217407226562,1219900,0.0,0.0
2023-03-31 00:00:00-04:00,561.1807595055021,570.7916344847761,557.9045596362402,570.4848022460938,1438700,0.0,0.0
2023-04-03 00:00:00-04:00,563.6946830378364,567.2578988936808,560.3392841862324,564.2489624023438,1034400,0.0,0.0
2023-04-04 00:00:00-04:00,565.5556237249206,574.3152333333153,563.1306282816003,570.2966918945312,1085600,0.0,0.0
2023-04-05 00:00:00-04:00,570.623317629152,574.1766266296232,564.100580948376,573.9390869140625,1035600,0.0,0.0
2023-04-06 00:00:00-04:00,574.9189989724682,575.8395560370415,566.4959441199777,569.4751586914062,780700,0.0,0.0
2023-04-10 00:00:00-04:00,566.8820608166172,568.4954223632812,559.5180253019876,568.4954223632812,672600,0.0,0.0
2023-04-11 00:00:00-04:00,570.5936446942046,575.6118830645987,568.5349267052766,570.4946899414062,1158800,0.0,0.0
2023-04-12 00:00:00-04:00,577.2944666179243,580.6597735713818,571.7516720719196,573.4342651367188,847800,0.0,0.0
2023-04-13 00:00:00-04:00,579.2839977965112,586.0739367517972,576.0572755561806,585.0940551757812,1101900,0.0,0.0
2023-04-14 00:00:00-04:00,580.4123657373274,583.5202576696496,576.067176989651,582.8274536132812,834900,0.0,0.0
2023-04-17 00:00:00-04:00,584.1141576371992,584.3616049137515,578.2743777457914,582.58984375,783500,0.0,0.0
2023-04-18 00:00:00-04:00,587.1130830499521,587.1130830499521,578.7097846950472,578.887939453125,1158700,0.0,0.0
2023-04-19 00:00:00-04:00,569.9106403324548,574.7902933134162,565.4962196395895,573.9984741210938,1409400,0.0,0.0
2023-04-20 00:00:00-04:00,560.2205375921154,562.0417758150035,554.6381134960465,560.1512451171875,2100900,0.0,0.0
2023-04-21 00:00:00-04:00,563.0614070203651,567.1393339061428,561.0422586943399,565.8427124023438,959200,0.0,0.0
2023-04-24 00:00:00-04:00,565.6842698444207,570.5639227206664,564.1797711229417,568.4358520507812,895100,0.0,0.0
2023-04-25 00:00:00-04:00,558.3895100416963,560.7154901165965,539.9299203152752,542.780517578125,2495500,0.0,0.0
2023-04-26 00:00:00-04:00,522.6086562694838,537.8316177945308,511.93870053958705,527.686279296875,4020100,0.0,0.0
2023-04-27 00:00:00-04:00,528.0526493676406,540.0983695522084,526.1522706189085,537.4754638671875,2148400,0.0,0.0
2023-04-28 00:00:00-04:00,537.772293585148,553.4901514458054,537.772293585148,549.2340698242188,2046900,0.0,0.0
2023-05-01 00:00:00-04:00,550.3128641530016,551.1244985117911,539.7419231976353,542.8993530273438,1979800,0.0,0.0
2023-05-02 00:00:00-04:00,539.2866023044962,545.8786319730907,535.406645693621,538.2671508789062,1060900,0.0,0.0
2023-05-03 00:00:00-04:00,544.4334654944953,552.5002705741872,543.6317387648271,544.7996826171875,1430200,0.0,0.0
2023-05-04 00:00:00-04:00,546.9574978106316,548.2442721238388,537.1783755018946,540.068603515625,1243500,0.0,0.0
2023-05-05 00:00:00-04:00,547.412809966159,548.7391540691865,536.3865438310471,540.801025390625,962400,0.0,0.0
2023-05-08 00:00:00-04:00,543.8397031168079,544.3840751095294,535.5650796740086,537.0398559570312,1029100,0.0,0.0
2023-05-09 00:00:00-04:00,529.5766861773616,531.9818662041328,523.8161069330752,529.2005615234375,1225100,0.0,0.0
2023-05-10 00:00:00-04:00,533.8823008826797,534.4068576361925,524.5881677143129,528.0524291992188,1586100,0.0,0.0
2023-05-11 00:00:00-04:00,526.6569344642328,530.2696286081199,519.69868775443,524.38037109375,2326300,0.0,0.0
2023-05-12 00:00:00-04:00,526.3203865963011,529.507478698412,516.1156627583208,519.2929077148438,1518200,0.0,0.0
2023-05-15 00:00:00-04:00,518.897011826261,519.916523746608,514.8289925271184,518.3328247070312,1383800,0.0,0.0
2023-05-16 00:00:00-04:00,515.9375234735362,517.3628223253492,513.8688374826646,514.4429321289062,903500,0.0,0.0
2023-05-17 00:00:00-04:00,517.0262186126891,521.9949792153168,507.6925146701424,516.34326171875,1284600,0.0,0.0
2023-05-18 00:00:00-04:00,515.4721721493806,519.2828959030272,513.363916825822,518.194091796875,1073300,0.0,0.0
2023-05-19 00:00:00-04:00,517.699283720749,526.3104612160693,517.3330665763721,521.9949951171875,1313300,0.0,0.0
2023-05-22 00:00:00-04:00,522.0344655122783,529.180773069073,521.9750805923902,523.6181640625,1161000,0.0,0.0
2023-05-23 00:00:00-04:00,520.9755789221061,523.8954694676971,514.4034238197064,519.7383422851562,1629400,0.0,0.0
2023-05-24 00:00:00-04:00,504.7925080158537,509.2465595571701,493.4099318547119,505.5051574707031,2482800,0.0,0.0
2023-05-25 00:00:00-04:00,508.7219152200028,516.9767835522832,505.08940584922135,515.3238525390625,2262200,0.0,0.0
2023-05-26 00:00:00-04:00,522.2920000801168,527.2706691568135,516.4918493975264,516.6898193359375,1603700,0.0,0.0
2023-05-30 00:00:00-04:00,518.4714037619468,521.0646467218647,507.870739318354,508.9693908691406,1793800,0.0,0.0
2023-05-31 00:00:00-04:00,508.42495071877596,508.42495071877596,496.5376041529367,503.2681579589844,4052200,0.0,0.0
2023-06-01 00:00:00-04:00,507.89053867140103,516.3235620144925,503.31771738556824,514.0767211914062,1830100,0.0,0.0
2023-06-02 00:00:00-04:00,519.2236460463403,521.7772587378522,513.3739579242891,514.8289794921875,2564300,0.0,0.0
2023-06-05 00:00:00-04:00,518.7089993989937,519.1049392999978,508.17762631653557,513.2849731445312,1477400,0.0,0.0
2023-06-06 00:00:00-04:00,516.670028530205,517.8478802454395,507.4649998744124,510.9886474609375,1723000,0.0,0.0
2023-06-07 00:00:00-04:00,509.2762807012259,517.8676439545555,507.3659343278509,515.4624633789062,1649400,0.0,0.0
2023-06-08 00:00:00-04:00,515.3337775123807,517.4123106932883,509.89978399120855,509.9888916015625,1580500,0.0,0.0
2023-06-09 00:00:00-04:00,512.6711914081997,516.462040219503,509.3751767421296,512.888916015625,1041600,0.0,0.0
2023-06-12 00:00:00-04:00,514.6806014606931,519.3821013027118,511.3944932690476,518.3428344726562,1246100,0.0,0.0
2023-06-13 00:00:00-04:00,520.1143408130887,522.0246264674396,517.6794983662035,520.6785278320312,1328800,0.0,0.0
2023-06-14 00:00:00-04:00,522.7882320014842,522.9863337098127,513.7057794953209,515.15185546875,1996500,0.35,0.0
2023-06-15 00:00:00-04:00,515.1915650099013,531.1675010454187,513.9634187809966,529.998779296875,1723400,0.0,0.0
2023-06-16 00:00:00-04:00,533.5742663052002,536.9022184566769,528.3051346740399,532.1678466796875,3428000,0.0,0.0
2023-06-20 00:00:00-04:00,507.1093811516873,525.7198774979765,502.3057022576722,522.3623046875,2115400,0.0,0.0
2023-06-21 00:00:00-04:00,519.9752956003299,525.3831635445334,517.7666158635913,520.9261474609375,1617800,0.0,0.0
2023-06-22 00:00:00-04:00,521.1242696345902,524.9374704751051,516.4691516739089,523.2636108398438,945600,0.0,0.0
2023-06-23 00:00:00-04:00,518.2023966541627,524.6600763940946,517.469474819287,519.2027587890625,3779700,0.0,0.0
2023-06-26 00:00:00-04:00,518.0241740634174,521.1539633967692,510.9523602648319,517.0436401367188,956900,0.0,0.0
2023-06-27 00:00:00-04:00,515.3698020436577,517.3209558256123,498.50244152063954,504.7521667480469,2036000,0.0,0.0
2023-06-28 00:00:00-04:00,506.51519034495806,506.5251044990476,501.8105615165394,505.2771301269531,1395200,0.0,0.0
2023-06-29 00:00:00-04:00,505.12851151776164,510.22934321689013,501.24594181603396,509.4765930175781,999200,0.0,0.0
2023-06-30 00:00:00-04:00,511.5466759715517,518.6085765976968,511.0118556969407,516.766357421875,1315500,0.0,0.0
2023-07-03 00:00:00-04:00,514.3793334241011,516.2809768146396,510.4373089508954,514.1514892578125,616200,0.0,0.0
2023-07-05 00:00:00-04:00,515.2607973388011,518.5590064487773,513.1907946564975,515.6272583007812,1432800,0.0,0.0
2023-07-06 00:00:00-04:00,509.8727991853109,514.1119464324178,504.1579240415817,512.378662109375,1506400,0.0,0.0
2023-07-07 00:00:00-04:00,510.08079498374235,514.4982154758927,508.4069351995929,508.8229064941406,1020700,0.0,0.0
2023-07-10 00:00:00-04:00,507.5947466487531,513.9633207973405,506.307176184954,511.9130859375,1026600,0.0,0.0
2023-07-11 00:00:00-04:00,511.36842229894995,515.1618560446752,510.3482920307612,514.3001708984375,1310900,0.0,0.0
2023-07-12 00:00:00-04:00,520.688467937998,524.4719867564063,518.984865850958,520.8964233398438,1678200,0.0,0.0
2023-07-13 00:00:00-04:00,529.8897241440534,531.3258859541269,519.0245376959277,521.6195068359375,1364200,0.0,0.0
2023-07-14 00:00:00-04:00,524.6105642875391,526.8390722410418,520.2922256061556,524.3035278320312,953000,0.0,0.0
2023-07-17 00:00:00-04:00,521.2924869831851,522.0947472733009,514.2999280186777,520.2426147460938,1290800,0.0,0.0
2023-07-18 00:00:00-04:00,520.5102829618928,520.7677487197162,514.7557207597972,518.6779174804688,1461100,0.0,0.0
2023-07-19 00:00:00-04:00,521.9562152379093,534.2674774112197,521.9166190781497,530.4344482421875,1715400,0.0,0.0
2023-07-20 00:00:00-04:00,532.1975163687185,536.416835120444,525.3931424782849,533.1285400390625,1147400,0.0,0.0
2023-07-21 00:00:00-04:00,533.5147350345527,559.325809526148,525.8189945768509,556.8200073242188,2755800,0.0,0.0
2023-07-24 00:00:00-04:00,554.6508719124662,567.0908961929885,553.7792728490034,566.0608520507812,3196700,0.0,0.0
2023-07-25 00:00:00-04:00,550.174118391365,574.5490932787728,549.0053968299536,565.4567260742188,3073900,0.0,0.0
2023-07-26 00:00:00-04:00,549.6591112092859,569.5076697991623,549.6591112092859,568.9232788085938,3559300,0.0,0.0
2023-07-27 00:00:00-04:00,569.903873312581,571.8847695556527,554.0368750608872,554.6707763671875,2260900,0.0,0.0
2023-07-28 00:00:00-04:00,557.037863824557,560.2865624608872,548.4804385758965,556.4832153320312,1642800,0.0,0.0
2023-07-31 00:00:00-04:00,552.0956478861788,552.3531741041303,541.2007171105686,543.4193115234375,2144800,0.0,0.0
2023-08-01 00:00:00-04:00,541.3096323142565,545.4397839891012,537.4765425285848,540.626220703125,1517500,0.0,0.0
2023-08-02 00:00:00-04:00,538.7047767358616,550.580240465124,537.427059924039,548.4705810546875,1398700,0.0,0.0
2023-08-03 00:00:00-04:00,545.0336971634192,547.4306252403941,540.1012846626239,543.1419677734375,1103200,0.0,0.0
2023-08-04 00:00:00-04:00,542.2802638775786,549.6887965254643,541.5473419356848,543.3994750976562,1102200,0.0,0.0
2023-08-07 00:00:00-04:00,544.746406929596,549.2034229862927,541.6363856615185,546.519287109375,737300,0.0,0.0
2023-08-08 00:00:00-04:00,547.8861370581765,551.5805494337189,540.39835213399,550.4712524414062,1002100,0.0,0.0
2023-08-09 00:00:00-04:00,549.4709957555716,551.0755170866131,542.1416545145902,542.3496704101562,947100,0.0,0.0
2023-08-10 00:00:00-04:00,545.1129411515981,551.4518334653928,540.3786304499364,542.052490234375,1168400,0.0,0.0
2023-08-11 00:00:00-04:00,537.8133589066337,542.0623598136712,535.7235277663618,538.5859375,925100,0.0,0.0
2023-08-14 00:00:00-04:00,535.5848901906047,537.1200728848145,533.2077902141638,535.1788330078125,1068400,0.0,0.0
2023-08-15 00:00:00-04:00,530.7019327436976,533.8218081317136,527.0570908213653,529.3251953125,894600,0.0,0.0
2023-08-16 00:00:00-04:00,525.0266153191382,526.0665736453474,521.7184923472644,523.8182373046875,980700,0.0,0.0
2023-08-17 00:00:00-04:00,525.7792800723678,533.0987050705342,524.7987462555699,530.8405151367188,1257000,0.0,0.0
2023-08-18 00:00:00-04:00,528.0476112059856,530.7614298244278,523.095369799437,527.2948608398438,1093700,0.0,0.0
2023-08-21 00:00:00-04:00,531.4348794907111,531.4348794907111,525.284174455506,527.1759643554688,903800,0.0,0.0
2023-08-22 00:00:00-04:00,525.9279068305065,528.2059252216396,521.3222992847462,522.015625,960700,0.0,0.0
2023-08-23 00:00:00-04:00,536.1394069477726,542.4188738958333,533.0392998572269,540.0318603515625,1769100,0.0,0.0
2023-08-24 00:00:00-04:00,539.9924193675037,544.3701838792035,532.7819268050181,532.87109375,1326200,0.0,0.0
2023-08-25 00:00:00-04:00,533.6436275001693,538.8533953252715,530.8407022857496,536.4169311523438,749800,0.0,0.0
2023-08-28 00:00:00-04:00,539.1206758947891,541.4086084130635,535.3668996450932,539.9823608398438,642700,0.0,0.0
2023-08-29 00:00:00-04:00,541.0223444467458,552.1450569356051,539.7546023514162,550.104736328125,1291400,0.0,0.0
2023-08-30 00:00:00-04:00,552.4422296657225,557.5628291712691,549.4411430491904,553.6604614257812,773500,0.0,0.0
2023-08-31 00:00:00-04:00,555.0470912612493,558.3056434647398,551.6300335223053,551.778564453125,1192100,0.0,0.0
2023-09-01 00:00:00-04:00,558.0680554218684,560.4550090064809,551.501378960374,551.8975219726562,1015500,0.0,0.0
2023-09-05 00:00:00-04:00,553.9378840245068,554.3439411770821,536.5257881910375,536.8328247070312,1404900,0.0,0.0
2023-09-06 00:00:00-04:00,535.7530866126536,540.2299306781813,530.8800996395776,531.5734252929688,1217900,0.0,0.0
2023-09-07 00:00:00-04:00,530.1273021941779,533.5839555485417,525.6009482258677,526.5814819335938,1079200,0.0,0.0
2023-09-08 00:00:00-04:00,524.9375174884141,527.5720829583689,507.8820294278072,513.319580078125,1834900,0.0,0.0
2023-09-11 00:00:00-04:00,510.4868133631615,512.6757253615087,507.9414150201417,510.0213317871094,1555900,0.0,0.0
2023-09-12 00:00:00-04:00,510.0807764158403,510.0807764158403,504.4946345694875,506.10906982421875,1568000,0.0,0.0
2023-09-13 00:00:00-04:00,494.42178919692026,521.2926509719531,493.2530676937938,506.0199279785156,2359100,0.0,0.0
2023-09-14 00:00:00-04:00,510.5592433471017,513.6217918226968,502.0454662635371,511.0647277832031,1598300,0.35,0.0
2023-09-15 00:00:00-04:00,511.06485053939883,529.4502482385764,504.7909983440092,510.9558410644531,5179500,0.0,0.0
2023-09-18 00:00:00-04:00,510.93594324799227,510.93594324799227,502.79876794349525,503.2249755859375,1300100,0.0,0.0
2023-09-19 00:00:00-04:00,500.7371656088853,504.88999000486075,498.84410947936476,504.2259216308594,1181100,0.0,0.0
2023-09-20 00:00:00-04:00,506.8326402460878,507.3777782776109,499.6866226067628,500.41015625,1271300,0.0,0.0
2023-09-21 00:00:00-04:00,497.97197794273325,499.3397381701929,495.1274480260766,497.1394348144531,1606900,0.0,0.0
2023-09-22 00:00:00-04:00,498.43780584779165,502.66001691607283,497.1196201310832,498.32879638671875,1198000,0.0,0.0
2023-09-25 00:00:00-04:00,496.7825632395037,501.5498813648327,495.9202574009678,501.1732482910156,961500,0.0,0.0
2023-09-26 00:00:00-04:00,498.5369276448228,501.9464072635691,496.3960894949032,497.1394348144531,1190000,0.0,0.0
2023-09-27 00:00:00-04:00,498.1602802590798,500.0929901333394,490.528620011434,493.86871337890625,1344300,0.0,0.0
2023-09-28 00:00:00-04:00,497.5953072429119,502.8978428380887,495.90048851138897,498.55670166015625,1443300,0.0,0.0
2023-09-29 00:00:00-04:00,504.69180700629937,506.45601198158926,500.29120039435435,501.6788024902344,1380500,0.0,0.0
2023-10-02 00:00:00-04:00,498.6161323051713,502.49144230623807,486.3261641841981,491.3908386230469,1652100,0.0,0.0
2023-10-03 00:00:00-04:00,488.52651739238775,498.0413431314221,488.22919137580425,495.1769714355469,1559400,0.0,0.0
2023-10-04 00:00:00-04:00,496.76277268041804,498.72521509831665,491.44042534262866,497.9917907714844,1022100,0.0,0.0
2023-10-05 00:00:00-04:00,492.9767505530504,495.99967627958904,488.3283617724985,493.60113525390625,917500,0.0,0.0
2023-10-06 00:00:00-04:00,491.4206158319684,497.7043576308372,488.6950164741873,494.1263732910156,1108400,0.0,0.0
2023-10-09 00:00:00-04:00,490.6079572309799,493.2443591762211,486.0388754204853,491.7279357910156,1182500,0.0,0.0
2023-10-10 00:00:00-04:00,491.1926519348402,495.10761588787335,488.5562503476357,491.7476806640625,1304900,0.0,0.0
2023-10-11 00:00:00-04:00,492.8082113495653,494.20570417168534,487.4263985270251,488.2589416503906,1207100,0.0,0.0
2023-10-12 00:00:00-04:00,487.47594805071657,491.4602680941945,466.4343088799614,478.2782897949219,2026200,0.0,0.0
2023-10-13 00:00:00-04:00,475.37424370607005,479.9730572176525,471.7764478879416,478.565673828125,2004300,0.0,0.0
2023-10-16 00:00:00-04:00,478.5657152244786,487.68406618566996,476.018511377114,484.2052307128906,1247700,0.0,0.0
2023-10-17 00:00:00-04:00,474.7498661468285,485.61261035615775,473.4614130555875,480.4686584472656,1355200,0.0,0.0
2023-10-18 00:00:00-04:00,476.7123087933321,476.7123087933321,462.7274901138719,463.1140441894531,2134800,0.0,0.0
2023-10-19 00:00:00-04:00,468.1092630758465,472.47024600876455,463.2824794967436,465.50262451171875,2014500,0.0,0.0
2023-10-20 00:00:00-04:00,465.34407463943694,467.0190817870527,459.13960957793,460.23974609375,1599300,0.0,0.0
2023-10-23 00:00:00-04:00,457.65290662404783,465.30440851423947,455.8986226677954,457.7123718261719,1897500,0.0,0.0
2023-10-24 00:00:00-04:00,447.92005729077897,454.7786700432799,443.17258032044964,454.19390869140625,2376600,0.0,0.0
2023-10-25 00:00:00-04:00,419.24672945931934,434.94617782647833,411.9123955606905,429.3363952636719,7906700,0.0,0.0
2023-10-26 00:00:00-04:00,427.30463992126573,441.37862687179035,425.371929939287,436.2545166015625,2971200,0.0,0.0
2023-10-27 00:00:00-04:00,435.6697231325949,436.0562469524339,423.5779610653727,427.5821228027344,2495600,0.0,0.0
2023-10-30 00:00:00-04:00,428.3452802503751,431.4871663004287,416.48148827857534,430.2581481933594,2946500,0.0,0.0
2023-10-31 00:00:00-04:00,432.6170469167691,442.63735736476076,429.30668611872375,440.8235778808594,2895400,0.0,0.0
2023-11-01 00:00:00-04:00,441.18036428358874,441.18036428358874,430.149115985757,437.1960144042969,2275400,0.0,0.0
2023-11-02 00:00:00-04:00,440.89293673152247,444.163674021745,438.00875349474273,443.5987243652344,1713900,0.0,0.0
2023-11-03 00:00:00-04:00,450.65556438840076,456.4833963284969,447.5929854090232,450.7051086425781,1921800,0.0,0.0
2023-11-06 00:00:00-05:00,452.6477519890419,455.4030840765098,448.23722436040816,450.9826354980469,1613800,0.0,0.0
2023-11-07 00:00:00-05:00,449.85276500709654,459.7343032286699,448.0984507132669,455.1651916503906,1708700,0.0,0.0
2023-11-08 00:00:00-05:00,457.4150575702992,459.89287521179847,449.05983349559784,450.2789306640625,1848100,0.0,0.0
2023-11-09 00:00:00-05:00,454.4714052691365,454.7687312849551,439.12874767015626,440.3280029296875,2042400,0.0,0.0
2023-11-10 00:00:00-05:00,439.8820295029075,445.1746444997196,433.38023825423056,444.45111083984375,1896500,0.0,0.0
2023-11-13 00:00:00-05:00,441.5768284267657,442.8454698266729,435.2137795285016,441.2001953125,1675000,0.0,0.0
2023-11-14 00:00:00-05:00,452.75675465473114,458.1385673883072,451.18086624225407,455.1850280761719,1822400,0.0,0.0
2023-11-15 00:00:00-05:00,460.53712745915874,470.6168732492826,459.87305898557383,466.3649597167969,2184000,0.0,0.0
2023-11-16 00:00:00-05:00,467.87143579096124,470.48802573813276,464.5511541028994,468.2778015136719,1613400,0.0,0.0
2023-11-17 00:00:00-05:00,470.7853820399327,470.7853820399327,460.05148863801395,462.2815246582031,1556300,0.0,0.0
2023-11-20 00:00:00-05:00,462.8860625606298,467.49479726996435,461.7660841604274,464.8683166503906,1183500,0.0,0.0
2023-11-21 00:00:00-05:00,474.0362239988274,485.9694016397809,472.22247488345687,478.1097717285156,2915900,0.0,0.0
2023-11-22 00:00:00-05:00,481.76704672370954,486.21722796373683,481.4003345367573,483.2041931152344,1463800,0.0,0.0
2023-11-24 00:00:00-05:00,484.16555506355945,486.6731052442931,482.4905479599725,486.4253234863281,722800,0.0,0.0
2023-11-27 00:00:00-05:00,484.8791377217537,489.0418830966048,483.8186246040795,485.78106689453125,2427100,0.0,0.0
2023-11-28 00:00:00-05:00,484.0862770463518,484.4133356574892,476.30592381558836,481.60845947265625,1549600,0.0,0.0
2023-11-29 00:00:00-05:00,485.54327279547095,491.40080737859233,485.54327279547095,488.54638671875,1195800,0.0,0.0
2023-11-30 00:00:00-05:00,491.49991760129507,493.08572699375026,485.03777986702846,491.3611755371094,1914000,0.0,0.0
2023-12-01 00:00:00-05:00,486.5245180628082,494.7707035122663,485.255876474184,491.7279357910156,1219700,0.0,0.0
2023-12-04 00:00:00-05:00,489.0914824497307,493.8885338978317,486.0090614958379,490.94488525390625,1222300,0.0,0.0
2023-12-05 00:00:00-05:00,488.59587625392396,489.25002370066636,482.7383120800353,487.238037109375,1613600,0.0,0.0
2023-12-06 00:00:00-05:00,490.6079104558967,492.2729967109396,487.28762864890615,489.428466796875,1241700,0.0,0.0
2023-12-07 00:00:00-05:00,490.1420892639682,493.8786275856566,487.94178586645967,489.7159118652344,2101800,0.0,0.0
2023-12-08 00:00:00-05:00,488.4373205990795,491.28185040187606,483.6898135458157,485.4242858886719,1871800,0.0,0.0
2023-12-11 00:00:00-05:00,488.1895603574785,493.0361863790696,486.9704631396234,490.5979919433594,2030900,0.0,0.0
2023-12-12 00:00:00-05:00,491.9260675598937,494.0867474819449,487.1092046923008,492.95684814453125,1420200,0.0,0.0
2023-12-13 00:00:00-05:00,494.1659996480199,514.2660536868905,492.47118097336767,513.93896484375,2776700,0.0,0.0
2023-12-14 00:00:00-05:00,525.1958035374233,530.0457020893004,515.8630267651803,517.2416381835938,2763900,0.35,0.0
2023-12-15 00:00:00-05:00,516.4979697254598,519.1856999513932,513.4729414630647,513.7804565429688,4354900,0.0,0.0
2023-12-18 00:00:00-05:00,516.8548360010254,519.5624206617457,511.3701731366027,514.3654174804688,1607300,0.0,0.0
2023-12-19 00:00:00-05:00,516.7358597665122,524.5214374090037,515.5456919618484,523.807373046875,2569400,0.0,0.0
2023-12-20 00:00:00-05:00,523.6685881329549,528.1217450397086,515.109378904616,515.1688842773438,1497300,0.0,0.0
2023-12-21 00:00:00-05:00,513.8200139453605,522.7065322727182,513.8200139453605,522.2403564453125,1016600,0.0,0.0
2023-12-22 00:00:00-05:00,523.7578140521445,528.5481473220879,522.5775738549589,524.7098999023438,1081500,0.0,0.0
2023-12-26 00:00:00-05:00,522.5576801742175,526.8818978514716,521.4667283728417,525.3545532226562,639100,0.0,0.0
2023-12-27 00:00:00-05:00,526.4555604945967,528.697030537282,524.9480102638786,527.2886962890625,806000,0.0,0.0
2023-12-28 00:00:00-05:00,528.6274985286352,531.6028878261696,527.1398038798679,528.5679931640625,763400,0.0,0.0
2023-12-29 00:00:00-05:00,526.8522670810927,529.5895747099572,525.1761284903316,526.4356689453125,804300,0.0,0.0
2024-01-02 00:00:00-05:00,525.215699048244,541.6199897082702,523.0436625113391,539.68603515625,2310800,0.0,0.0
2024-01-03 00:00:00-05:00,538.3570343207883,539.2099647485786,523.6387482113129,524.4818115234375,2170300,0.0,0.0
2024-01-04 00:00:00-05:00,522.994166607514,535.4114788462093,522.994166607514,532.9517822265625,1831300,0.0,0.0
2024-01-05 00:00:00-05:00,529.5895218674872,536.3337861616387,526.118234289095,526.8720092773438,1817200,0.0,0.0
2024-01-08 00:00:00-05:00,525.2851134192222,539.1008295137922,523.0734268972147,536.938720703125,2126800,0.0,0.0
2024-01-09 00:00:00-05:00,534.1022684791809,554.6423351724528,532.2476138741317,537.4049072265625,2890000,0.0,0.0
2024-01-10 00:00:00-05:00,536.3535790989602,544.8532819189275,529.5002922812824,539.4678344726562,2026600,0.0,0.0
2024-01-11 00:00:00-05:00,539.0711050336778,544.0399539522731,535.9766446963403,541.5208129882812,1983100,0.0,0.0
2024-01-12 00:00:00-05:00,544.0103050273996,548.5428222725963,538.3371975994451,539.8546752929688,2013100,0.0,0.0
2024-01-16 00:00:00-05:00,539.0513333601266,546.3212187621207,536.7404305313567,537.5537109375,1838900,0.0,0.0
2024-01-17 00:00:00-05:00,534.3304566448354,541.4714047848473,532.4361516378809,534.8263549804688,1966300,0.0,0.0
2024-01-18 00:00:00-05:00,532.9417883505923,542.5424310795912,531.5929597317728,539.9537963867188,1728200,0.0,0.0
2024-01-19 00:00:00-05:00,540.6877888825802,548.741232684202,537.3950775562366,547.2237548828125,2124000,0.0,0.0
2024-01-22 00:00:00-05:00,548.344393881288,554.1067284956392,546.0136965745916,548.8502197265625,1818500,0.0,0.0
2024-01-23 00:00:00-05:00,551.6372154479211,552.4604234777065,540.8960425971894,546.2219848632812,1116600,0.0,0.0
2024-01-24 00:00:00-05:00,545.3392795950183,547.4617386266079,534.7171778554972,535.5601806640625,1842500,0.0,0.0
2024-01-25 00:00:00-05:00,538.7735153152278,543.2862371643964,533.2294075822507,533.7947387695312,1748100,0.0,0.0
2024-01-26 00:00:00-05:00,549.4552311664793,551.8454339665395,542.1655515010655,542.8399658203125,3172300,0.0,0.0
2024-01-29 00:00:00-05:00,545.4881181865215,554.6027311645074,542.869760690956,553.1943969726562,2445900,0.0,0.0
2024-01-30 00:00:00-05:00,554.9101665422903,565.3240302575612,554.9101665422903,562.4676513671875,2301300,0.0,0.0
2024-01-31 00:00:00-05:00,558.6789704321026,561.3568331565249,533.3683642772384,534.5584716796875,3589400,0.0,0.0
2024-02-01 00:00:00-05:00,537.6925152466794,549.3758453699447,529.8572994667447,547.69970703125,2163900,0.0,0.0
2024-02-02 00:00:00-05:00,544.5161337625558,549.9015814930408,537.444619875299,547.2931518554688,1327500,0.0,0.0
2024-02-05 00:00:00-05:00,544.9523513764896,552.4106174938083,542.1852012896043,547.0946044921875,1473700,0.0,0.0
2024-02-06 00:00:00-05:00,547.9577034985062,555.9020040899261,546.9262568087473,555.683837890625,1328100,0.0,0.0
2024-02-07 00:00:00-05:00,557.3896862288371,561.3568726076901,547.501503236087,547.7791748046875,1451400,0.0,0.0
2024-02-08 00:00:00-05:00,547.6699172076318,548.3244761164229,537.0180348598536,546.3706665039062,1549300,0.0,0.0
2024-02-09 00:00:00-05:00,545.1409207218704,549.5841492656222,543.7920315987039,546.2318725585938,1280800,0.0,0.0
2024-02-12 00:00:00-05:00,546.479769533851,546.479769533851,539.6462783956242,542.3737182617188,1073000,0.0,0.0
2024-02-13 00:00:00-05:00,536.9785757400455,541.7094655760194,530.026070884875,534.1817016601562,1268000,0.0,0.0
2024-02-14 00:00:00-05:00,537.1966622981986,544.1888154058009,537.1966622981986,543.7722778320312,1297000,0.0,0.0
2024-02-15 00:00:00-05:00,542.7705731989803,548.6915693666045,540.8068354604846,544.06982421875,1519000,0.0,0.0
2024-02-16 00:00:00-05:00,541.8382142673784,548.1559524664491,541.8382142673784,543.3457641601562,1028200,0.0,0.0
2024-02-20 00:00:00-05:00,540.3901285247563,545.8945859952714,537.9007100754104,543.6432495117188,989300,0.0,0.0
2024-02-21 00:00:00-05:00,541.6299379275677,548.4336469602067,539.8248611472745,548.3146362304688,786500,0.0,0.0
2024-02-22 00:00:00-05:00,550.4470150934307,556.1399168793354,545.7558373808655,555.8919677734375,1139600,0.0,0.0
2024-02-23 00:00:00-05:00,558.252460483092,562.0312025193889,556.2589399419561,560.077392578125,970000,0.0,0.0
2024-02-26 00:00:00-05:00,558.7185553637498,561.3467792431959,556.4076530306118,558.8573608398438,758600,0.0,0.0
2024-02-27 00:00:00-05:00,560.3452113108664,563.1619402277668,556.2392194838169,561.5254516601562,901000,0.0,0.0
2024-02-28 00:00:00-05:00,560.5633547372818,568.3092824396535,560.3848386438902,567.3373413085938,1021400,0.0,0.0
2024-02-29 00:00:00-05:00,569.935864127999,570.282968677761,562.8940728897413,565.5025024414062,1794200,0.0,0.0
2024-03-01 00:00:00-05:00,559.9287070610083,573.7543546045783,558.3815067283969,571.6021728515625,1466000,0.0,0.0
2024-03-04 00:00:00-05:00,570.6798505651828,577.7612330611585,566.831674491554,576.86865234375,1547700,0.0,0.0
2024-03-05 00:00:00-05:00,576.3627154370716,581.341553329226,575.2419805288023,579.8141479492188,1973300,0.0,0.0
2024-03-06 00:00:00-05:00,583.5235214881844,593.4414877616946,581.0043798471193,586.647705078125,1886800,0.0,0.0
2024-03-07 00:00:00-05:00,590.1188064494288,593.996703399513,587.6393156660279,592.7569580078125,1819500,0.0,0.0
2024-03-08 00:00:00-05:00,592.1024771933938,598.8665362070404,591.0710306838178,592.7074584960938,1600300,0.0,0.0
2024-03-11 00:00:00-04:00,589.3057020782667,595.0680379572002,584.8029672642326,594.5126342773438,1380400,0.0,0.0
2024-03-12 00:00:00-04:00,593.9869523176891,595.6928132533677,589.8114672303823,592.3504638671875,1146300,0.0,0.0
2024-03-13 00:00:00-04:00,594.1158158532023,594.1158158532023,586.1913119109234,588.45263671875,1035200,0.0,0.0
2024-03-14 00:00:00-04:00,586.5175201702286,590.6064054101814,576.8610102977461,580.4933471679688,1758000,0.39,0.0
2024-03-15 00:00:00-04:00,570.8268420018672,580.235299178894,569.3977130999314,579.7390747070312,1920100,0.0,0.0
2024-03-18 00:00:00-04:00,581.4361087021587,582.4186234393321,573.9331973032366,575.6699829101562,1554400,0.0,0.0
2024-03-19 00:00:00-04:00,576.8906949948788,579.8382389955091,572.841486737375,578.3197631835938,1053600,0.0,0.0
2024-03-20 00:00:00-04:00,576.662431828396,577.2380691617722,571.9383652856906,575.6699829101562,728700,0.0,0.0
2024-03-21 00:00:00-04:00,575.6202978646838,582.6468522545854,573.2383965403645,579.7191162109375,1230500,0.0,0.0
2024-03-22 00:00:00-04:00,582.3888878758878,584.5424850913579,575.3623324966704,578.6870727539062,1061200,0.0,0.0
2024-03-25 00:00:00-04:00,578.8060982153974,580.6123623370106,566.7776233609343,569.2289428710938,1226800,0.0,0.0
2024-03-26 00:00:00-04:00,569.6755923934892,570.6481729139877,563.552199752939,564.5247802734375,1784900,0.0,0.0
2024-03-27 00:00:00-04:00,568.1968664186265,575.3921209791706,566.7677375725957,574.9951171875,1525800,0.0,0.0
2024-03-28 00:00:00-04:00,574.9256167690207,577.8930291906584,571.839115329237,576.8212280273438,1081400,0.0,0.0
2024-04-01 00:00:00-04:00,576.6623298181537,577.1387464051386,568.514364408297,573.0895385742188,837600,0.0,0.0
2024-04-02 00:00:00-04:00,566.440259368447,568.0678902450636,561.5078169783782,567.244140625,1381300,0.0,0.0
2024-04-03 00:00:00-04:00,566.9164519735818,573.8834612369537,564.8918784306863,571.6504516601562,1151500,0.0,0.0
2024-04-04 00:00:00-04:00,576.0271948490769,577.6052151307206,564.2766347034034,566.3012084960938,1231900,0.0,0.0
2024-04-05 00:00:00-04:00,565.9142538202717,579.4314652657766,564.7630396042393,575.0845336914062,1181300,0.0,0.0
2024-04-08 00:00:00-04:00,574.9752170769208,578.0121081352622,571.3627492989949,574.4293823242188,998900,0.0,0.0
2024-04-09 00:00:00-04:00,579.3717988703535,585.4753227440893,578.8259035621478,584.7508544921875,1026300,0.0,0.0
2024-04-10 00:00:00-04:00,572.9307920286486,575.2928252085788,567.5716044221457,569.3778686523438,1282800,0.0,0.0
2024-04-11 00:00:00-04:00,575.1836331400963,575.9775800777143,567.0455407374085,570.2313232421875,1295500,0.0,0.0
2024-04-12 00:00:00-04:00,566.5990169646228,569.0603316100916,557.3990561682472,560.9619140625,1201600,0.0,0.0
2024-04-15 00:00:00-04:00,566.410415015917,566.410415015917,550.3228568905379,553.657470703125,1031700,0.0,0.0
2024-04-16 00:00:00-04:00,554.8185733577552,554.8185733577552,548.5066133226582,550.3624877929688,1010300,0.0,0.0
2024-04-17 00:00:00-04:00,551.6627085078874,551.8016659112324,542.3237896997358,543.1177368164062,1610100,0.0,0.0
2024-04-18 00:00:00-04:00,530.7616808645241,540.7556489567401,525.6406709880852,537.4309692382812,2075800,0.0,0.0
2024-04-19 00:00:00-04:00,538.8500615900971,542.0159755294616,535.0985762348362,540.666259765625,1738400,0.0,0.0
2024-04-22 00:00:00-04:00,545.0032796624679,548.6852259220798,539.048586896199,544.2390747070312,1522800,0.0,0.0
2024-04-23 00:00:00-04:00,563.2246657693793,572.533840980613,555.7713650920647,570.251220703125,2544000,0.0,0.0
2024-04-24 00:00:00-04:00,573.6354085292979,582.0315472152001,560.9618179224888,573.030029296875,2034900,0.0,0.0
2024-04-25 00:00:00-04:00,573.0399479039988,573.6254587606707,565.6759343673141,567.4127197265625,1184000,0.0,0.0
2024-04-26 00:00:00-04:00,563.6513820857068,570.6580682925542,562.6688674513122,569.2686157226562,1438200,0.0,0.0
2024-04-29 00:00:00-04:00,570.7474177180093,575.1141561751094,566.9859979281372,572.5338134765625,953800,0.0,0.0
2024-04-30 00:00:00-04:00,570.3603613370185,572.1070809899788,563.6811394430779,564.4254760742188,1515100,0.0,0.0
2024-05-01 00:00:00-04:00,565.5569255668548,577.5060493006287,564.1079889148967,570.648193359375,1171900,0.0,0.0
2024-05-02 00:00:00-04:00,575.104297872967,575.4119546243411,561.2199467613348,566.9364624023438,1357400,0.0,0.0
2024-05-03 00:00:00-04:00,575.461551343669,575.461551343669,567.313524711958,568.057861328125,1749700,0.0,0.0
2024-05-06 00:00:00-04:00,571.0648731280329,572.0375140331425,566.0430851878008,569.2189331054688,1140700,0.0,0.0
2024-05-07 00:00:00-04:00,567.1845393229122,572.2361308140063,561.0710808273349,568.544189453125,1890700,0.0,0.0
2024-05-08 00:00:00-04:00,568.3853794854684,571.0053983060585,563.4231354380559,569.308349609375,1598100,0.0,0.0
2024-05-09 00:00:00-04:00,569.8937847118962,574.6972629637957,568.1768678835397,573.5658569335938,1513300,0.0,0.0
2024-05-10 00:00:00-04:00,575.7890033139955,589.5443897179322,574.4392874838694,588.5519409179688,1328800,0.0,0.0
2024-05-13 00:00:00-04:00,586.8052661163405,590.0406591429919,584.5027774558139,586.2395629882812,944600,0.0,0.0
2024-05-14 00:00:00-04:00,586.6960045536501,592.670565699142,582.2201113587282,590.3085327148438,1040900,0.0,0.0
2024-05-15 00:00:00-04:00,595.4693456842352,597.4542435031827,590.5369036798024,594.4967651367188,1188700,0.0,0.0
2024-05-16 00:00:00-04:00,593.7325998195366,595.5587325878363,588.8001574850722,592.6409301757812,1409400,0.0,0.0
2024-05-17 00:00:00-04:00,592.4423132571735,592.5911442300963,584.9096003398673,590.8047485351562,1398400,0.0,0.0
2024-05-20 00:00:00-04:00,589.1474007334333,592.7301264532672,588.2740409216359,589.5245361328125,805700,0.0,0.0
2024-05-21 00:00:00-04:00,589.5147084467684,589.5147084467684,580.9002583599279,585.6640014648438,1133200,0.0,0.0
2024-05-22 00:00:00-04:00,585.2172731154028,592.1247386430855,583.1827651687709,586.3387451171875,873000,0.0,0.0
2024-05-23 00:00:00-04:00,585.5448688656556,587.5297667262172,579.7489404601347,580.6124267578125,1185000,0.0,0.0
2024-05-24 00:00:00-04:00,581.5749967473345,583.5202182018946,576.9600855980453,579.6397094726562,883300,0.0,0.0
2024-05-28 00:00:00-04:00,577.2777825042263,577.5755050840247,564.872170226968,568.2465209960938,1435500,0.0,0.0
2024-05-29 00:00:00-04:00,565.8050142707044,565.8050142707044,559.4136410850265,563.0162353515625,1324500,0.0,0.0
2024-05-30 00:00:00-04:00,547.3653173733754,559.7113223309278,546.1743666949673,558.510498046875,2431300,0.0,0.0
2024-05-31 00:00:00-04:00,560.3266847031972,564.2865456530574,556.1683218820054,563.6910400390625,2106700,0.0,0.0
2024-06-03 00:00:00-04:00,565.0904240085065,569.2983971335959,558.7585959615554,565.2789916992188,943700,0.0,0.0
2024-06-04 00:00:00-04:00,566.4798850885833,569.4175556355067,560.9718058155913,565.3683471679688,995000,0.0,0.0
2024-06-05 00:00:00-04:00,565.5469238375767,571.2336966459177,562.4405542510009,570.9359741210938,896100,0.0,0.0
2024-06-06 00:00:00-04:00,570.945796725262,577.277624342734,567.6211177755579,575.4614868164062,1153800,0.0,0.0
2024-06-07 00:00:00-04:00,575.1340013713802,581.5253739284573,572.732292287992,576.7020874023438,1231900,0.0,0.0
2024-06-10 00:00:00-04:00,575.6203064815585,577.8831188309621,571.511553894021,577.089111328125,1540500,0.0,0.0
2024-06-11 00:00:00-04:00,574.5782728890337,575.6203320649869,569.5762919256255,571.5413818359375,1407700,0.0,0.0
2024-06-12 00:00:00-04:00,574.8858838482877,577.5753812458024,570.2610386613451,571.3428344726562,1397900,0.0,0.0
2024-06-13 00:00:00-04:00,569.0304986017385,570.2909281147224,560.7336401629935,568.3060302734375,1304700,0.0,0.0
2024-06-14 00:00:00-04:00,568.9216775083721,569.1600178536879,562.8437562406184,568.1172485351562,1413700,0.39,0.0
2024-06-17 00:00:00-04:00,562.5557608933805,565.3861433626612,559.87431082927,564.0950927734375,1318400,0.0,0.0
2024-06-18 00:00:00-04:00,565.6444134723357,568.1073446888572,560.7383723256632,565.257080078125,1398100,0.0,0.0
2024-06-20 00:00:00-04:00,556.9942018464108,556.9942018464108,547.9170842760227,553.3792724609375,3071500,0.0,0.0
2024-06-21 00:00:00-04:00,554.8689836606783,564.6810651560716,554.2730721913798,560.7184448242188,3153300,0.0,0.0
2024-06-24 00:00:00-04:00,561.7215758701947,567.5810392767323,558.4542155159584,562.0592651367188,1557600,0.0,0.0
2024-06-25 00:00:00-04:00,560.9568393267416,564.4327773698965,552.3662824881533,552.6940307617188,1942300,0.0,0.0
2024-06-26 00:00:00-04:00,552.9721258963677,557.5206565040127,551.0256392044784,554.3327026367188,1091400,0.0,0.0
2024-06-27 00:00:00-04:00,552.8926975018868,554.4221492843484,545.4541985744705,546.9935913085938,1506900,0.0,0.0
2024-06-28 00:00:00-04:00,549.1286551213703,554.431969834441,541.878854003228,549.1981811523438,6150900,0.0,0.0
2024-07-01 00:00:00-04:00,549.6451891320594,553.7368603678756,535.6917913049026,537.9957885742188,1459400,0.0,0.0
2024-07-02 00:00:00-04:00,535.6022952307379,537.8666495540914,529.7925376422343,530.25927734375,1316400,0.0,0.0
2024-07-03 00:00:00-04:00,529.3356923429657,536.098872028767,528.7696037470821,531.927734375,908300,0.0,0.0
2024-07-05 00:00:00-04:00,534.9469187929255,536.4564278940585,530.1798692908778,536.3869018554688,1233300,0.0,0.0
2024-07-08 00:00:00-04:00,537.7275867013717,539.2868003508727,531.7489543226612,532.60302734375,1140100,0.0,0.0
2024-07-09 00:00:00-04:00,534.3908251864289,534.6291655625436,524.7376156448709,528.20361328125,1567500,0.0,0.0
2024-07-10 00:00:00-04:00,529.5840903184351,533.3083103628686,525.184552313145,533.17919921875,1976200,0.0,0.0
2024-07-11 00:00:00-04:00,536.049317646938,544.8583341432965,534.1722962961388,538.9591674804688,1402400,0.0,0.0
2024-07-12 00:00:00-04:00,538.9590606854701,547.8673636996839,537.1416247877321,544.3219604492188,945200,0.0,0.0
2024-07-15 00:00:00-04:00,542.8323278748829,545.9010507876367,539.2570407978286,540.9354248046875,1326000,0.0,0.0
2024-07-16 00:00:00-04:00,545.464116606552,551.9591947021521,543.9545467908433,551.6016235351562,1122100,0.0,0.0
2024-07-17 00:00:00-04:00,549.1983048795468,556.1104789650932,547.0630611839721,551.244140625,1131200,0.0,0.0
2024-07-18 00:00:00-04:00,547.8972854163136,553.3296515753636,534.0729985599896,536.9033813476562,1745000,0.0,0.0
2024-07-19 00:00:00-04:00,537.429629199619,538.5021605787888,527.826066606232,530.6763305664062,1667300,0.0,0.0
2024-07-22 00:00:00-04:00,536.9529218835818,543.3585907947884,532.295162817692,542.6633911132812,1163700,0.0,0.0
2024-07-23 00:00:00-04:00,567.0446980854264,568.3059865569959,546.8842675201788,548.4434814453125,2005600,0.0,0.0
2024-07-24 00:00:00-04:00,549.1188098162091,571.2953141686355,548.8507072106665,570.7788696289062,2857300,0.0,0.0
2024-07-25 00:00:00-04:00,572.1791395900303,599.6688365220359,568.1966980322381,590.4129028320312,3625200,0.0,0.0
2024-07-26 00:00:00-04:00,596.7192075828191,610.4243828111156,595.1798757609589,602.9660034179688,2715300,0.0,0.0
2024-07-29 00:00:00-04:00,600.0959080015139,603.6314313236611,591.108136976236,599.966796875,1621900,0.0,0.0
2024-07-30 00:00:00-04:00,605.6176360111928,611.5068607865298,598.7054632515767,610.83154296875,1627100,0.0,0.0
2024-07-31 00:00:00-04:00,610.0071872879348,616.3632119294168,605.1011470582181,609.1233520507812,1702300,0.0,0.0
2024-08-01 00:00:00-04:00,612.1624058511559,618.0218082415082,608.6566447520154,617.4954833984375,1458200,0.0,0.0
2024-08-02 00:00:00-04:00,617.6742490300046,617.7238931684026,601.307504018156,611.457275390625,1564700,0.0,0.0
2024-08-05 00:00:00-04:00,603.3632710454846,607.166957589688,588.7345560316701,593.918701171875,2117100,0.0,0.0
2024-08-06 00:00:00-04:00,596.1333156135508,608.666550228286,592.5083845493024,597.8812255859375,1316900,0.0,0.0
2024-08-07 00:00:00-04:00,596.8383868501365,597.6428764052173,581.6535252668914,583.3319091796875,1692100,0.0,0.0
2024-08-08 00:00:00-04:00,585.6856179701601,597.0072689593895,583.4610273261619,595.914794921875,1116700,0.0,0.0
2024-08-09 00:00:00-04:00,595.8751053076057,597.2158000483278,589.7971840827122,592.0813598632812,963800,0.0,0.0
2024-08-12 00:00:00-04:00,592.1609193665206,595.4084585948056,587.523041044627,594.9515991210938,1164000,0.0,0.0
2024-08-13 00:00:00-04:00,595.8552524630602,601.4068491357331,595.3388685651871,600.0562133789062,1042500,0.0,0.0
2024-08-14 00:00:00-04:00,597.9508130238653,599.3212701130531,591.7040163595575,597.960693359375,1128100,0.0,0.0
2024-08-15 00:00:00-04:00,601.3571699128513,604.4358336812292,595.8552176992636,599.5397338867188,1241100,0.0,0.0
2024-08-16 00:00:00-04:00,597.6528121043201,602.409920764017,595.4679850843136,599.8277587890625,1076200,0.0,0.0
2024-08-19 00:00:00-04:00,600.036260584659,606.6802699724723,599.7979202575609,603.4227905273438,959400,0.0,0.0
2024-08-20 00:00:00-04:00,605.7269516190792,610.5734078172321,604.1479163742899,610.315185546875,1075500,0.0,0.0
2024-08-21 00:00:00-04:00,610.7720316794246,613.8705776250416,604.8132801508449,605.9752197265625,965600,0.0,0.0
2024-08-22 00:00:00-04:00,608.954550137513,609.4809355788002,597.8613588403542,599.7085571289062,1138400,0.0,0.0
2024-08-23 00:00:00-04:00,602.5986196152909,603.5222188120855,596.4312900702448,601.9530639648438,777300,0.0,0.0
2024-08-26 00:00:00-04:00,601.8339125015988,602.7376298247747,598.1096927460195,601.4267578125,519500,0.0,0.0
2024-08-27 00:00:00-04:00,601.4366246438564,606.7796433158031,597.8613980049985,606.2036743164062,737300,0.0,0.0
2024-08-28 00:00:00-04:00,606.0546582881448,613.7513786514928,605.0218298932427,608.9248046875,790500,0.0,0.0
2024-08-29 00:00:00-04:00,610.2059479885048,612.3113686965349,605.4687210876591,607.474853515625,722500,0.0,0.0
2024-08-30 00:00:00-04:00,611.8743811692972,613.7514024332096,600.8407742266858,610.841552734375,1059000,0.0,0.0
2024-09-03 00:00:00-04:00,607.2663161674803,610.8019005316331,599.5001294320533,602.260986328125,1282200,0.0,0.0
2024-09-04 00:00:00-04:00,601.4961465397236,608.4579634802383,600.0759848612215,607.6932983398438,1006000,0.0,0.0
2024-09-05 00:00:00-04:00,606.8391988577816,609.9476855751956,597.1264659463347,602.7078247070312,1467600,0.0,0.0
2024-09-06 00:00:00-04:00,603.3136307814582,615.4397115509579,603.3136307814582,607.1272583007812,1868800,0.0,0.0
2024-09-09 00:00:00-04:00,610.2853203632307,617.9820399571377,609.8781051238794,616.1546630859375,1443300,0.0,0.0
2024-09-10 00:00:00-04:00,616.3534157271733,623.5635150672867,613.9997136272927,619.9187622070312,1302900,0.0,0.0
2024-09-11 00:00:00-04:00,617.8033604387384,618.7170186785572,604.6742133698054,614.208251953125,1324100,0.0,0.0
2024-09-12 00:00:00-04:00,611.4771366879669,615.0523631499026,600.0263740744348,609.937744140625,1397600,0.0,0.0
2024-09-13 00:00:00-04:00,611.0010716945383,613.1872867504544,604.014936688978,607.3539428710938,1125100,0.39,0.0
2024-09-16 00:00:00-04:00,611.7463799459208,612.6307768293882,603.4683741672534,610.3153686523438,1198100,0.0,0.0
2024-09-17 00:00:00-04:00,609.3514906077908,612.7302863440491,603.2100838529822,606.6782836914062,1333000,0.0,0.0
2024-09-18 00:00:00-04:00,605.3366242406886,611.0805031381971,598.1020504925052,606.3104858398438,1092600,0.0,0.0
2024-09-19 00:00:00-04:00,613.7538490318834,619.8555276202655,607.9900742926421,616.3773803710938,1474200,0.0,0.0
2024-09-20 00:00:00-04:00,615.1749096179625,615.1749096179625,604.402624740623,609.8583374023438,1983100,0.0,0.0
2024-09-23 00:00:00-04:00,611.7960715307235,612.5612225474598,604.0049963622092,606.5390625,883200,0.0,0.0
2024-09-24 00:00:00-04:00,607.3937706177635,610.126600265759,604.0249224219857,608.0595703125,1361100,0.0,0.0
2024-09-25 00:00:00-04:00,610.0370854597157,610.076813870417,592.2786678384288,596.0350952148438,1282500,0.0,0.0
2024-09-26 00:00:00-04:00,600.7852745459938,616.6654799713075,600.7852745459938,615.4630737304688,1312800,0.0,0.0
2024-09-27 00:00:00-04:00,615.5226791486074,619.8753362408968,610.2060469836089,610.5836791992188,871000,0.0,0.0
2024-09-30 00:00:00-04:00,608.6657695876008,615.1550271604325,605.2274117036449,614.7078247070312,1041300,0.0,0.0
2024-10-01 00:00:00-04:00,616.128831239596,616.128831239596,606.7577177461652,609.1129150390625,1169200,0.0,0.0
2024-10-02 00:00:00-04:00,606.1912992822652,612.7202849808916,601.5504746790953,608.894287109375,665400,0.0,0.0
2024-10-03 00:00:00-04:00,606.052213696556,607.6720413476443,595.6078250870007,597.1680297851562,1258200,0.0,0.0
2024-10-04 00:00:00-04:00,598.8672947622381,600.2187886171862,592.8054062939125,594.8723754882812,871500,0.0,0.0
2024-10-07 00:00:00-04:00,588.6217645325356,595.5482171312705,588.6217645325356,595.1109619140625,1165800,0.0,0.0
2024-10-08 00:00:00-04:00,595.3097374164568,598.5394455977917,590.9968687652024,591.7322387695312,883500,0.0,0.0
2024-10-09 00:00:00-04:00,590.4005012550252,596.3233102414202,589.4067450216476,595.5084228515625,890900,0.0,0.0
2024-10-10 00:00:00-04:00,593.441481991794,593.441481991794,586.1870725299019,590.0825805664062,1221100,0.0,0.0
2024-10-11 00:00:00-04:00,591.9209557368624,598.6486439457749,590.599243011717,593.1929321289062,2138200,0.0,0.0
2024-10-14 00:00:00-04:00,597.0388724677393,600.7654588850182,591.5135894325501,600.0201416015625,1006400,0.0,0.0
2024-10-15 00:00:00-04:00,601.2224548019498,606.7477364232235,595.6375502394202,596.7704467773438,1290600,0.0,0.0
2024-10-16 00:00:00-04:00,586.5844689656589,593.0736651613333,583.6032004806112,587.8564453125,1369300,0.0,0.0
2024-10-17 00:00:00-04:00,600.5666687672443,604.5913693816104,593.1432781637983,595.5084228515625,1946100,0.0,0.0
2024-10-18 00:00:00-04:00,596.2836216947913,600.6163846050283,591.8414994944802,597.953125,1081600,0.0,0.0
2024-10-21 00:00:00-04:00,594.1569953583315,596.8302023511467,588.124887068847,591.6527099609375,914600,0.0,0.0
2024-10-22 00:00:00-04:00,583.8219270972422,587.5087851095552,580.512701362377,582.7188720703125,1619600,0.0,0.0
2024-10-23 00:00:00-04:00,570.9924552725064,575.076778703921,562.5455275592905,572.8905029296875,2058300,0.0,0.0
2024-10-24 00:00:00-04:00,568.7864152795299,571.2410251998596,553.7807174597244,553.8999633789062,1757500,0.0,0.0
2024-10-25 00:00:00-04:00,556.6624585235329,558.709593914307,549.8552526657336,550.9185791015625,1090400,0.0,0.0
2024-10-28 00:00:00-04:00,555.7582145443158,555.8774604487988,547.0131711758186,549.090087890625,1116700,0.0,0.0
2024-10-29 00:00:00-04:00,547.5199996129069,550.153417447831,543.833141859127,544.3499145507812,1638300,0.0,0.0
2024-10-30 00:00:00-04:00,544.0816138767578,551.2764003081198,543.3362965974745,547.18212890625,1452200,0.0,0.0
2024-10-31 00:00:00-04:00,545.1348786132673,548.6428669843073,541.09028374941,542.9088745117188,1472400,0.0,0.0
2024-11-01 00:00:00-04:00,546.5659299935751,561.3430803758032,543.8728287575971,554.4364624023438,1459700,0.0,0.0
2024-11-04 00:00:00-05:00,553.2042369500537,556.0662598798712,546.7150400019677,552.0017700195312,815100,0.0,0.0
2024-11-05 00:00:00-05:00,546.9733789617403,558.2724439061888,546.8044573737052,557.28857421875,998400,0.0,0.0
2024-11-06 00:00:00-05:00,566.6398209073873,566.6398209073873,545.7709398405545,556.1854858398438,1423100,0.0,0.0
2024-11-07 00:00:00-05:00,561.4723565834719,562.3468670531315,550.7397997742844,552.4192504882812,1303800,0.0,0.0
2024-11-08 00:00:00-05:00,553.7508791418426,555.0626449151861,545.5722830870201,548.295166015625,1620400,0.0,0.0
2024-11-11 00:00:00-05:00,545.6516130471655,550.4713058411816,541.6666414057916,543.5050659179688,1565800,0.0,0.0
2024-11-12 00:00:00-05:00,545.7311200575452,546.7248762428926,536.6780157660066,537.3736572265625,1723800,0.0,0.0
2024-11-13 00:00:00-05:00,536.6283793753217,541.3983972833997,534.6408668591168,538.5165405273438,1212200,0.0,0.0
2024-11-14 00:00:00-05:00,536.5290649807405,538.993561261349,528.3703037040742,529.6920166015625,1764800,0.0,0.0
2024-11-15 00:00:00-05:00,526.0945738394852,526.0945738394852,508.5050763903339,509.87646484375,3953000,0.0,0.0
2024-11-18 00:00:00-05:00,507.80949133251244,509.5684594691321,495.49683568432175,498.1601257324219,3162200,0.0,0.0
2024-11-19 00:00:00-05:00,493.0919311998179,508.10757403974543,490.21996099247366,505.9411926269531,3658700,0.0,0.0
2024-11-20 00:00:00-05:00,503.91392424824375,510.64164338789607,499.5911086650232,509.63800048828125,1533900,0.0,0.0
2024-11-21 00:00:00-05:00,510.9100063613028,512.9968704205879,504.2915854757292,512.8776245117188,1956800,0.0,0.0
2024-11-22 00:00:00-05:00,511.4068222745107,513.7719669359416,504.003356614497,510.0553283691406,1833500,0.0,0.0
2024-11-25 00:00:00-05:00,509.10127991053304,513.1160937044356,506.1796343092747,510.98944091796875,3063500,0.0,0.0
2024-11-26 00:00:00-05:00,510.98951386461374,510.98951386461374,504.1027594916492,509.777099609375,1748500,0.0,0.0
2024-11-27 00:00:00-05:00,512.1919160920096,525.5579506717255,511.76460815465975,518.4028930664062,2914100,0.0,0.0
2024-11-29 00:00:00-05:00,519.8637045832835,529.8409953571111,519.73451142028,526.3231201171875,2108300,0.0,0.0
2024-12-02 00:00:00-05:00,525.398978915459,531.5006572818892,523.3120542494242,526.6411743164062,2558600,0.0,0.0
2024-12-03 00:00:00-05:00,526.9391838360646,532.6333870073984,524.6436096197729,531.0831298828125,2665200,0.0,0.0
2024-12-04 00:00:00-05:00,529.2248868709872,533.1800780510225,521.5630648853404,525.56787109375,2579700,0.0,0.0
2024-12-05 00:00:00-05:00,523.9182992767379,524.1170020205043,514.4477722890412,517.60791015625,2665300,0.0,0.0
2024-12-06 00:00:00-05:00,519.7345341895351,528.002593713639,518.740777910014,526.0548095703125,1869700,0.0,0.0
2024-12-09 00:00:00-05:00,526.3827708079444,534.7303478918025,523.3518262592584,533.8756713867188,2106600,0.0,0.0
2024-12-10 00:00:00-05:00,536.1613489062936,539.0134245458851,531.1925675614903,532.5042724609375,1938000,0.0,0.0
2024-12-11 00:00:00-05:00,531.6595781085772,536.6582010129704,530.3080842053145,531.0235595703125,1389200,0.0,0.0
2024-12-12 00:00:00-05:00,528.0124165785596,528.5689175378141,520.7778434541964,521.721923828125,2539200,0.0,0.0
2024-12-13 00:00:00-05:00,520.7673477614652,525.1829081312997,514.3031300537755,523.989501953125,1553500,0.39,0.0
2024-12-16 00:00:00-05:00,524.4370339016428,531.7863060149887,523.8203911420809,527.3409423828125,2595600,0.0,0.0
2024-12-17 00:00:00-05:00,523.1142733677066,532.9896004654788,523.1142733677066,525.9287109375,2544800,0.0,0.0
2024-12-18 00:00:00-05:00,525.0933785403565,530.4040087354973,513.0600128951373,513.3384399414062,1774300,0.0,0.0
2024-12-19 00:00:00-05:00,515.8644354474395,519.5540338791862,506.0587289696088,513.8456420898438,2235600,0.0,0.0
2024-12-20 00:00:00-05:00,513.8456313602966,523.5320030875937,512.1649323581839,521.1651000976562,2758900,0.0,0.0
2024-12-23 00:00:00-05:00,517.3163390933296,523.342975634655,516.7296211059954,522.398193359375,1558100,0.0,0.0
2024-12-24 00:00:00-05:00,520.369555723399,526.0679931640625,519.4247732482826,526.0679931640625,488700,0.0,0.0
2024-12-26 00:00:00-05:00,521.7120788421732,524.4270916035397,520.8170697168553,524.2778930664062,777700,0.0,0.0
2024-12-27 00:00:00-05:00,521.1154600156327,525.3719284047957,520.120964862931,523.174072265625,943200,0.0,0.0
2024-12-30 00:00:00-05:00,519.812607251701,520.0512763459303,512.9307186717318,515.9838256835938,1035500,0.0,0.0
2024-12-31 00:00:00-05:00,517.4556811661123,521.8513323717603,514.3130427590917,517.3661499023438,1262900,0.0,0.0
2025-01-02 00:00:00-05:00,516.3119301690049,523.2037729416423,515.2379193181312,519.6932373046875,1816800,0.0,0.0
2025-01-03 00:00:00-05:00,521.4336840960938,533.835008999723,519.8623648243068,529.09130859375,1515200,0.0,0.0
2025-01-06 00:00:00-05:00,526.9729262943432,542.3179755843387,525.600518452541,534.2327270507812,1981800,0.0,0.0
2025-01-07 00:00:00-05:00,536.5500411621585,548.3546937017529,535.3168768916786,542.6463012695312,1839300,0.0,0.0
2025-01-08 00:00:00-05:00,541.3832766217101,544.7645844239231,535.287016473657,541.9302368164062,1837800,0.0,0.0
2025-01-10 00:00:00-05:00,538.7776858200314,554.0928742456034,538.3301508762839,539.3246459960938,2919900,0.0,0.0
2025-01-13 00:00:00-05:00,541.1842536075452,559.2244065350225,538.6880615757908,552.4618530273438,2269900,0.0,0.0
2025-01-14 00:00:00-05:00,554.4309692578912,558.3095240848295,548.3446646396386,553.9237670898438,2207400,0.0,0.0
2025-01-15 00:00:00-05:00,554.8088901770803,560.70623839966,541.0649616285037,548.4341430664062,3251300,0.0,0.0
2025-01-16 00:00:00-05:00,548.0860692909515,558.7172230700395,543.4119307385597,558.6177978515625,1835500,0.0,0.0
2025-01-17 00:00:00-05:00,559.3636200215014,561.889615200976,556.0320257065713,556.569091796875,2140100,0.0,0.0
2025-01-21 00:00:00-05:00,560.9946369174899,573.1971106806809,559.4631363826543,569.9053344726562,2311500,0.0,0.0
2025-01-22 00:00:00-05:00,567.5383706377747,576.3794453088235,566.8621213558453,571.4268798828125,1702500,0.0,0.0
2025-01-23 00:00:00-05:00,572.7794668729482,573.4855195488108,559.5526941391802,571.6854858398438,1246300,0.0,0.0
2025-01-24 00:00:00-05:00,570.2335190413772,574.3905009772056,568.6522452382047,571.6556396484375,1156500,0.0,0.0
2025-01-27 00:00:00-05:00,576.4689923230301,580.8746589500137,569.9749710034042,580.4271240234375,1727800,0.0,0.0
2025-01-28 00:00:00-05:00,592.619619898888,593.7135401655927,575.8225840691183,581.073486328125,2156800,0.0,0.0
2025-01-29 00:00:00-05:00,571.7849055595102,573.8534721305641,563.5803219075191,565.1018676757812,2884300,0.0,0.0
2025-01-30 00:00:00-05:00,587.3487380568338,607.6065968798622,586.7520653209169,603.39990234375,3349700,0.0,0.0
2025-01-31 00:00:00-05:00,596.5677362551429,601.7192132911052,593.7135403392605,594.4594116210938,2165700,0.0,0.0
2025-02-03 00:00:00-05:00,589.8648632276435,597.1047557430268,586.1155974058854,590.4814453125,2135600,0.0,0.0
2025-02-04 00:00:00-05:00,582.3663466652745,588.6017889639088,573.6744094838368,577.3739624023438,2097400,0.0,0.0
2025-02-05 00:00:00-05:00,586.374207215399,586.8416514849,574.718753556188,579.174072265625,1348800,0.0,0.0
2025-02-06 00:00:00-05:00,578.7364823841781,580.8547618084631,565.2411765591818,569.5573120117188,2034100,0.0,0.0
2025-02-07 00:00:00-05:00,571.6158724070217,574.3009603813823,563.3317119573254,568.3240356445312,1826900,0.0,0.0
2025-02-10 00:00:00-05:00,557.016662895445,560.2587265265947,541.0152712546823,549.8165283203125,2972000,0.0,0.0
2025-02-11 00:00:00-05:00,547.4595692896129,550.8905893452202,538.9964067188349,542.228515625,2234300,0.0,0.0
2025-02-12 00:00:00-05:00,536.1222952176163,538.996339416249,529.2702106243436,535.0382690429688,2062200,0.0,0.0
2025-02-13 00:00:00-05:00,537.0272932471954,537.2062950610456,528.2857041588126,529.7078247070312,1915400,0.0,0.0
2025-02-14 00:00:00-05:00,532.154350570427,534.5014053443787,528.3852356613694,528.9222412109375,1517100,0.0,0.0
2025-02-18 00:00:00-05:00,528.7332184935035,530.1155811988893,518.1816404427415,520.21044921875,2969600,0.0,0.0
2025-02-19 00:00:00-05:00,518.3506753222945,529.6680337270758,517.1374205097723,527.9376220703125,1965200,0.0,0.0
2025-02-20 00:00:00-05:00,530.841570086277,540.3886978039284,530.6526136083638,534.8692626953125,1967800,0.0,0.0
2025-02-21 00:00:00-05:00,535.3962995023564,539.6328578024131,529.0713260370791,529.6182861328125,1613900,0.0,0.0
2025-02-24 00:00:00-05:00,528.8824049021332,540.6273888989585,528.8824049021332,532.601806640625,1375400,0.0,0.0
2025-02-25 00:00:00-05:00,531.8460274648888,538.2704878412152,529.3796989720468,536.579833984375,1888700,0.0,0.0
2025-02-26 00:00:00-05:00,538.7477887709729,540.8561134396607,528.0271636008523,530.354248046875,1330500,0.0,0.0
2025-02-27 00:00:00-05:00,527.181785299694,530.0857544586095,516.2722040767059,520.349609375,1539000,0.0,0.0
2025-02-28 00:00:00-05:00,525.3519370650781,527.1320612588178,517.714222768557,526.048095703125,2229300,0.0,0.0
2025-03-03 00:00:00-05:00,527.9972774138845,529.5486872123911,516.7694505239916,520.7573852539062,2330300,0.0,0.0
2025-03-04 00:00:00-05:00,520.1408236103767,521.960705859452,509.6389582470331,513.726318359375,2720100,0.0,0.0
2025-03-05 00:00:00-05:00,510.0566453129999,522.0203896515925,509.34057728646303,521.3043823242188,1685200,0.0,0.0
2025-03-06 00:00:00-05:00,520.5585210102353,531.0703415705651,518.4701055661069,524.7354125976562,1852900,0.0,0.0
2025-03-07 00:00:00-05:00,521.8313879381078,530.0459263605783,516.4412420269131,528.782958984375,1799000,0.0,0.0
2025-03-10 00:00:00-04:00,523.3829282198521,533.2582576158691,522.4579943300321,523.9000244140625,2174000,0.0,0.0
2025-03-11 00:00:00-04:00,522.2888590349871,523.8601780772564,506.60568434476284,511.36932373046875,1864100,0.0,0.0
2025-03-12 00:00:00-04:00,513.8456495250076,517.8236297227822,508.9925088277897,509.8279113769531,1412300,0.0,0.0
2025-03-13 00:00:00-04:00,509.1814206775334,513.6367386847321,505.551520135197,506.0984802246094,1574500,0.0,0.0
2025-03-14 00:00:00-04:00,507.62144570022195,521.4566427361725,506.337453538381,519.615234375,1745600,0.43,0.0
2025-03-17 00:00:00-04:00,520.2920249256579,523.2680701721077,512.2696183154685,517.1467895507812,1670400,0.0,0.0
2025-03-18 00:00:00-04:00,516.2311262884824,519.704839784327,510.7468142991355,519.0678100585938,1232000,0.0,0.0
2025-03-19 00:00:00-04:00,518.0225895784256,520.0630160559167,511.02534892944135,515.9920654296875,1603200,0.0,0.0
2025-03-20 00:00:00-04:00,516.0817687367356,518.2118025745142,510.66713791341243,516.2211303710938,1537100,0.0,0.0
2025-03-21 00:00:00-04:00,513.8522679738321,516.1912837055858,507.62145374310154,515.305419921875,2192300,0.0,0.0
2025-03-24 00:00:00-04:00,518.3610226116425,524.3430017960649,514.7181195183139,517.4752197265625,1100000,0.0,0.0
2025-03-25 00:00:00-04:00,519.047815216926,520.7996163556522,508.5370995103038,511.941162109375,1170700,0.0,0.0
2025-03-26 00:00:00-04:00,511.9510827113664,515.5840836628557,508.965104880071,511.2742614746094,1216100,0.0,0.0
2025-03-27 00:00:00-04:00,511.5927724556944,512.9265495081264,505.69043690191927,509.2935485839844,1249700,0.0,0.0
2025-03-28 00:00:00-04:00,510.2192170860421,510.97568223240285,497.0708358790299,497.8273010253906,1787700,0.0,0.0
2025-03-31 00:00:00-04:00,494.1843600848482,498.285139844244,482.0113889809021,495.27923583984375,2915800,0.0,0.0
2025-04-01 00:00:00-04:00,493.24874587663913,494.1943273036999,478.96566703905745,480.71746826171875,1837600,0.0,0.0
2025-04-02 00:00:00-04:00,478.2589784617258,489.0683135300871,477.36318207971874,486.779052734375,2068700,0.0,0.0
2025-04-03 00:00:00-04:00,479.6425316248839,483.6437718436265,465.9865190092344,467.83782958984375,2813600,0.0,0.0
2025-04-04 00:00:00-04:00,459.33762551782445,461.9454011174339,435.18083043929636,435.86761474609375,3894200,0.0,0.0
2025-04-07 00:00:00-04:00,415.8215287205488,451.22563914283603,409.2921266932331,435.8277893066406,4076300,0.0,0.0
2025-04-08 00:00:00-04:00,449.05579756858805,452.0119467310066,411.40221932933457,417.3543395996094,3929200,0.0,0.0
2025-04-09 00:00:00-04:00,412.6961990767244,452.90777018218324,407.93849388275333,451.4346618652344,4597700,0.0,0.0
2025-04-10 00:00:00-04:00,444.318004564979,446.50775601482644,413.3730105603703,425.4464416503906,3902400,0.0,0.0
2025-04-11 00:00:00-04:00,427.9845301735325,438.6744597997389,418.04113294568845,436.1064758300781,2657400,0.0,0.0
2025-04-14 00:00:00-04:00,445.91056086994763,448.7373116732901,439.93854442972514,447.2343444824219,2370500,0.0,0.0
2025-04-15 00:00:00-04:00,445.50246784214113,448.16996121917833,436.3652900113257,438.9432067871094,2545900,0.0,0.0
2025-04-16 00:00:00-04:00,439.2716418936529,443.8601568407595,433.3294845100282,434.7528381347656,1823500,0.0,0.0
2025-04-17 00:00:00-04:00,432.51330788001115,433.9863856991982,423.06754871730135,425.5061340332031,3038300,0.0,0.0
2025-04-21 00:00:00-04:00,423.51550851428476,424.5108446095005,414.67691912872976,419.8825378417969,2314800,0.0,0.0
2025-04-22 00:00:00-04:00,427.79539361125444,434.97178792335484,424.52076009530873,432.7024230957031,3677800,0.0,0.0
2025-04-23 00:00:00-04:00,454.4206555226503,459.45705343963346,427.4172143552111,429.6268615722656,3492200,0.0,0.0
2025-04-24 00:00:00-04:00,427.9944624036044,430.44298035786863,415.8414188483282,424.6700439453125,3662400,0.0,0.0
2025-04-25 00:00:00-04:00,424.1326504628116,424.7298582491019,414.8760360886871,422.26141357421875,2698300,0.0,0.0
2025-04-28 00:00:00-04:00,427.92484189549276,430.8312366706492,414.8958960002743,419.3749084472656,2531600,0.0,0.0
2025-04-29 00:00:00-04:00,419.8526505286267,428.3329025502324,416.85667936492763,425.5360107421875,2437300,0.0,0.0
2025-04-30 00:00:00-04:00,425.6554966711055,427.3077583181431,421.0172265867045,426.99920654296875,2944300,0.0,0.0
2025-05-01 00:00:00-04:00,423.87379823678464,426.8697694854851,413.44269580984684,417.9316711425781,2771900,0.0,0.0
2025-05-02 00:00:00-04:00,426.4716518446065,429.4278012202108,420.44988070460533,421.5745849609375,2492400,0.0,0.0
2025-05-05 00:00:00-04:00,420.4299051271584,422.9978889244671,415.91107134543785,420.3005065917969,2637200,0.0,0.0
2025-05-06 00:00:00-04:00,417.49372393705033,421.58454057744564,404.60410976611263,405.1216735839844,4070200,0.0,0.0
2025-05-07 00:00:00-04:00,407.48067159958464,411.42219415730887,402.68314417753896,405.9478454589844,2959400,0.0,0.0
2025-05-08 00:00:00-04:00,405.17147779484753,413.8109879440039,400.93133624400116,408.8641662597656,3013600,0.0,0.0
2025-05-09 00:00:00-04:00,408.6849471383408,410.56611628868376,399.87621790593687,401.2497863769531,2318700,0.0,0.0
2025-05-12 00:00:00-04:00,409.22244916174867,430.7117493125492,407.78916292135426,430.5723876953125,3716400,0.0,0.0
2025-05-13 00:00:00-04:00,429.16898176032413,432.9512768962542,425.3070731071696,426.94940185546875,2726900,0.0,0.0
2025-05-14 00:00:00-04:00,427.95470976292404,428.54195442884907,403.8874896650402,404.1562194824219,3201100,0.0,0.0
2025-05-15 00:00:00-04:00,401.54840830475325,405.1415871772356,388.6787206944801,403.0414123535156,4129600,0.0,0.0
2025-05-16 00:00:00-04:00,403.1111132835673,410.70553245065275,399.79665749501095,410.13818359375,2498200,0.0,0.0
2025-05-19 00:00:00-04:00,406.32606762352344,412.1388268108688,405.3605903901225,411.9895324707031,1665000,0.0,0.0
2025-05-20 00:00:00-04:00,410.7254062755163,413.4625803551578,407.97829949075185,411.8202819824219,2142000,0.0,0.0
2025-05-21 00:00:00-04:00,407.4109423571452,410.7353609810596,395.5067018233262,396.42242431640625,2965800,0.0,0.0
2025-05-22 00:00:00-04:00,392.80935657562145,399.8662853547483,391.9732779588326,398.6121826171875,2891400,0.0,0.0
2025-05-23 00:00:00-04:00,391.94347112346395,394.4915292581921,388.8380271702171,391.82403564453125,2318100,0.0,0.0
2025-05-27 00:00:00-04:00,400.065370235853,405.84827019661776,398.6320839086338,401.6678466796875,2705700,0.0,0.0
2025-05-28 00:00:00-04:00,401.9565022050141,404.2656891047503,398.52261109680484,400.2544860839844,1931400,0.0,0.0
2025-05-29 00:00:00-04:00,401.1701654867722,405.4700243272372,399.5477933105047,401.8669128417969,2499300,0.0,0.0
2025-05-30 00:00:00-04:00,399.83644534362924,403.5490598306724,395.46693577868217,400.9412841796875,2521300,0.0,0.0
2025-06-02 00:00:00-04:00,398.27374595076594,398.642015396238,390.8584808924083,394.620849609375,2584000,0.0,0.0
2025-06-03 00:00:00-04:00,393.22737915216845,400.52317826522835,389.45504741486985,398.064697265625,3204100,0.0,0.0
2025-06-04 00:00:00-04:00,400.64264610066664,406.5748706835854,400.31419857731714,401.77734375,2280700,0.0,0.0
2025-06-05 00:00:00-04:00,402.84239168318186,403.3499924402676,394.89959865047274,396.5020751953125,2504000,0.0,0.0
2025-06-06 00:00:00-04:00,398.6918574132735,404.7036964392479,398.6918574132735,400.0256042480469,2630000,0.0,0.0
2025-06-09 00:00:00-04:00,403.290282226163,410.68562231530666,399.6473483781879,406.6246643066406,2164000,0.0,0.0
2025-06-10 00:00:00-04:00,409.49122161764035,418.0112960594651,404.8330560385135,412.60662841796875,2573800,0.0,0.0
2025-06-11 00:00:00-04:00,413.9005599734444,422.53013732126806,411.3525019887294,413.2137756347656,3062700,0.0,0.0
2025-06-12 00:00:00-04:00,412.0492344330587,414.86602212717855,407.9982093652405,413.3929138183594,2067600,0.0,0.0
2025-06-13 00:00:00-04:00,408.8793704906692,411.82861009690424,400.11134770165626,401.2970275878906,2385800,0.43,0.0
2025-06-16 00:00:00-04:00,405.40203084720696,405.40203084720696,395.7572003265279,403.6085510253906,1973200,0.0,0.0
2025-06-17 00:00:00-04:00,398.5470173693545,402.0940833914038,388.4438358838137,388.8424072265625,3040400,0.0,0.0
2025-06-18 00:00:00-04:00,388.8424607357422,394.3423993858731,384.05987762513706,391.13409423828125,2884300,0.0,0.0
2025-06-20 00:00:00-04:00,391.462888725484,396.4546698239425,389.08155551901206,396.43475341796875,3812600,0.0,0.0
2025-06-23 00:00:00-04:00,393.6947222341391,399.144854050486,391.572454448009,398.7562561035156,2486100,0.0,0.0
2025-06-24 00:00:00-04:00,400.34051190919325,404.68469069966983,397.7300335162599,402.90118408203125,2083000,0.0,0.0
2025-06-25 00:00:00-04:00,400.7589840017983,413.4925609268426,396.63400747346805,409.1583557128906,3100800,0.0,0.0
2025-06-26 00:00:00-04:00,408.05240129138,413.80143147971,407.79333598149867,410.6230163574219,2927700,0.0,0.0
2025-06-27 00:00:00-04:00,410.9020270659705,412.89476243525917,405.47184142869617,406.7969970703125,3923100,0.0,0.0
2025-06-30 00:00:00-04:00,406.35857297326424,411.77881534505326,399.9917995914144,403.9872131347656,3919100,0.0,0.0
2025-07-01 00:00:00-04:00,404.81420342495574,427.5413461003986,403.37943163882306,419.9390563964844,2603000,0.0,0.0
2025-07-02 00:00:00-04:00,423.4562230146024,428.89638150697743,420.21802836802016,426.2062072753906,2669300,0.0,0.0
2025-07-03 00:00:00-04:00,427.06306483105254,431.3275168327841,424.53228267844946,427.7704772949219,1359300,0.0,0.0
2025-07-07 00:00:00-04:00,425.01054205730827,427.7605262407422,413.9110233001234,417.1791076660156,2497200,0.0,0.0
2025-07-08 00:00:00-04:00,417.0595521539154,431.56669292412585,417.0595521539154,424.62200927734375,2620900,0.0,0.0
2025-07-09 00:00:00-04:00,420.6664386697528,427.8303245854407,410.38391710981483,418.3548583984375,2735100,0.0,0.0
2025-07-10 00:00:00-04:00,419.30137203034656,436.8972278435155,416.80050998140837,429.1654357910156,2932800,0.0,0.0
2025-07-11 00:00:00-04:00,428.68718570809403,434.7351447018113,424.1038883908223,433.2804260253906,2511400,0.0,0.0
2025-07-14 00:00:00-04:00,427.4417226826454,428.93627416055676,420.5070123390205,423.7950134277344,2819300,0.0,0.0
2025-07-15 00:00:00-04:00,426.88373317752945,427.4416965960258,415.6845711833476,416.4716796875,2090500,0.0,0.0
2025-07-16 00:00:00-04:00,416.7905563790597,419.0224102231411,412.2770120635067,414.7978210449219,2762300,0.0,0.0
2025-07-17 00:00:00-04:00,413.4925801097176,425.4489920646974,411.78879992001686,423.43634033203125,2494600,0.0,0.0
2025-07-18 00:00:00-04:00,424.37290890148836,426.3556707295858,409.91560504560357,413.24346923828125,2652500,0.0,0.0
2025-07-21 00:00:00-04:00,413.4327926513583,413.4925722774626,401.8948383055836,403.4691162109375,2733800,0.0,0.0
2025-07-22 00:00:00-04:00,404.83412014390433,427.4317301828894,403.6783300704739,426.06671142578125,3674200,0.0,0.0
2025-07-23 00:00:00-04:00,471.54093543200065,486.15763095134594,463.8589194193059,465.01470947265625,8928300,0.0,0.0
2025-07-24 00:00:00-04:00,464.9748857731077,482.83974971647115,463.35080170430626,473.30450439453125,6234000,0.0,0.0
2025-07-25 00:00:00-04:00,478.2365238869792,481.8433696757737,472.68674914680724,476.5825500488281,4205500,0.0,0.0
2025-07-28 00:00:00-04:00,473.71304655660487,485.340640215628,473.14510968817,483.1984558105469,3412200,0.0,0.0
2025-07-29 00:00:00-04:00,480.48832640423285,486.74551403775627,478.66498698142226,480.40863037109375,3164200,0.0,0.0
2025-07-30 00:00:00-04:00,482.2220316950247,483.1187565089098,471.9295367253317,475.5463562011719,2583500,0.0,0.0
2025-07-31 00:00:00-04:00,469.0699468748749,482.11239537040916,465.0446131766416,465.981201171875,3413900,0.0,0.0
2025-08-01 00:00:00-04:00,459.3553541348357,462.41420996926513,449.8101658907694,461.3580627441406,2756900,0.0,0.0
2025-08-04 00:00:00-04:00,458.42874447316046,466.0708670312776,454.8816782061227,464.875244140625,2092800,0.0,0.0
2025-08-05 00:00:00-04:00,465.2837629962427,468.1632496118808,463.1515216902626,464.7257995605469,1992300,0.0,0.0
2025-08-06 00:00:00-04:00,463.54013320231087,464.8055091726075,444.6589540539373,447.3092956542969,2539300,0.0,0.0
2025-08-07 00:00:00-04:00,453.20778557415593,455.4296964334694,449.53121683149897,453.0882263183594,1490100,0.0,0.0
2025-08-08 00:00:00-04:00,451.8427596724909,460.0428764474511,449.80021813548547,459.0465087890625,1689900,0.0,0.0
2025-08-11 00:00:00-04:00,460.1125920733972,466.0011281045355,457.6615059401937,460.7104187011719,1706700,0.0,0.0
2025-08-12 00:00:00-04:00,459.2358069452119,476.45303833609364,459.2358069452119,475.6758728027344,2104200,0.0,0.0
2025-08-13 00:00:00-04:00,478.69484763415744,485.21110019020745,476.9810941621504,483.029052734375,2054800,0.0,0.0
2025-08-14 00:00:00-04:00,478.9937686365063,484.1350292981936,477.4992171792737,483.2781677246094,1955200,0.0,0.0
2025-08-15 00:00:00-04:00,484.96201719896453,489.76448596447966,484.2346578980871,487.2337341308594,2462500,0.0,0.0
2025-08-18 00:00:00-04:00,488.3496619495089,491.4483506238875,485.3705325233509,485.7690734863281,2211100,0.0,0.0
2025-08-19 00:00:00-04:00,489.13681683771273,499.11043627077333,488.11055938136207,496.48004150390625,2578500,0.0,0.0
2025-08-20 00:00:00-04:00,496.9582720976563,498.5524663877362,490.9701233151716,493.0126647949219,2351500,0.0,0.0
2025-08-21 00:00:00-04:00,490.65127122593054,492.98276779842246,481.0562462193541,482.0028076171875,1360600,0.0,0.0
2025-08-22 00:00:00-04:00,485.7591260617916,500.5651653617975,485.12146656826695,498.1738586425781,1778400,0.0,0.0
2025-08-25 00:00:00-04:00,497.43653195692576,497.7653198910272,487.40310277286926,488.9674072265625,1044300,0.0,0.0
2025-08-26 00:00:00-04:00,488.3097952055717,489.7345935811231,484.96201465266273,486.7056579589844,1341600,0.0,0.0
2025-08-27 00:00:00-04:00,484.86240675705136,489.196612226495,481.2256708230965,486.34698486328125,1294800,0.0,0.0
2025-08-28 00:00:00-04:00,485.8786549313793,489.35599853819895,481.6341496243291,487.9610595703125,1407700,0.0,0.0
2025-08-29 00:00:00-04:00,488.16033615134637,492.48456781367867,484.15494941325596,490.93023681640625,1228200,0.0,0.0
2025-09-02 00:00:00-04:00,487.5326273479185,490.91032810315954,477.2899696482792,485.75909423828125,1303800,0.0,0.0
2025-09-03 00:00:00-04:00,485.26091963049663,487.76181208106755,479.78089773316543,482.7899169921875,1219100,0.0,0.0
2025-09-04 00:00:00-04:00,480.32885735154775,488.4791670574382,469.89688783842263,487.7119445800781,1404200,0.0,0.0
2025-09-05 00:00:00-04:00,488.22013754964917,500.1765490814773,487.3433291722388,490.8106994628906,1442600,0.0,0.0
2025-09-08 00:00:00-04:00,485.99822135827986,488.289885120287,479.2030173227992,485.878662109375,2223700,0.0,0.0
2025-09-09 00:00:00-04:00,484.71293841914365,488.2101681442902,479.770933052643,480.65771484375,1505900,0.0,0.0
2025-09-10 00:00:00-04:00,479.37237119032557,484.05531103729504,473.9122962442791,474.80902099609375,1442700,0.0,0.0
2025-09-11 00:00:00-04:00,478.8343219956897,490.2128532280314,478.6151199100911,489.625,1509800,0.0,0.0
2025-09-12 00:00:00-04:00,486.83517201958006,489.47557055860693,477.7184143066406,477.7184143066406,1543200,0.0,0.0
2025-09-15 00:00:00-04:00,477.46912912169574,481.6177429542591,469.4511336167406,473.16094970703125,1663500,0.43,0.0
2025-09-16 00:00:00-04:00,468.9824317971057,483.26323222060284,468.76303292009015,479.42376708984375,1799800,0.0,0.0
2025-09-17 00:00:00-04:00,481.637668433803,485.2378002397182,467.85553011028367,471.345947265625,1947500,0.0,0.0
2025-09-18 00:00:00-04:00,475.8435786280186,480.93960350305053,471.7348638725537,479.78277587890625,1576400,0.0,0.0
2025-09-19 00:00:00-04:00,481.9667707494455,486.6538839886936,476.71118041992395,478.26690673828125,4244100,0.0,0.0
2025-09-22 00:00:00-04:00,474.1781627342202,480.4210023699722,469.4511199994041,473.6894836425781,2352200,0.0,0.0
2025-09-23 00:00:00-04:00,469.8300807759713,474.26790896486716,466.00059824857016,468.4638366699219,3244900,0.0,0.0
2025-09-24 00:00:00-04:00,466.6188956403341,470.0394970836022,461.662502156284,466.7186279296875,2409600,0.0,0.0
2025-09-25 00:00:00-04:00,465.7313568452031,467.4765654219703,456.1576351372757,457.9626770019531,3229300,0.0,0.0
2025-09-26 00:00:00-04:00,459.79764703068145,464.4648262087484,459.04970047904163,462.96893310546875,1886400,0.0,0.0
2025-09-29 00:00:00-04:00,465.561809016992,466.0704223983717,455.41967107151635,460.77496337890625,3018300,0.0,0.0
2025-09-30 00:00:00-04:00,462.84924635758,484.918659849048,458.74053168238987,483.6920166015625,4363900,0.0,0.0
2025-10-01 00:00:00-04:00,485.66660655880986,533.4354819412778,485.6067732719843,529.27685546875,6092700,0.0,0.0
2025-10-02 00:00:00-04:00,524.2705904895511,538.4217396936101,521.5679887500734,523.5226440429688,3262000,0.0,0.0
2025-10-03 00:00:00-04:00,523.9215500179711,543.9465880327301,523.9215500179711,541.8323974609375,3048500,0.0,0.0
2025-10-06 00:00:00-04:00,538.521496167504,544.3654370546208,534.9912104940128,542.460693359375,2560100,0.0,0.0
2025-10-07 00:00:00-04:00,541.1941863128,547.9356878126714,536.8661029073875,537.6937866210938,1870800,0.0,0.0
2025-10-08 00:00:00-04:00,536.6566145776292,547.7561457066234,534.1634595328064,534.721923828125,2153200,0.0,0.0
2025-10-09 00:00:00-04:00,532.2786356934016,536.0981663798117,527.3920881796457,533.216064453125,1830700,0.0,0.0
2025-10-10 00:00:00-04:00,533.3656654642617,536.4571533921705,522.216283337488,523.3630981445312,1415800,0.0,0.0
2025-10-13 00:00:00-04:00,526.0856729834907,529.3766255406659,522.4556245509012,523.1437377929688,1686600,0.0,0.0
2025-10-14 00:00:00-04:00,520.3114912653264,528.3992718675299,518.0277830875484,524.3903198242188,1601000,0.0,0.0
2025-10-15 00:00:00-04:00,523.4728259025673,530.9522917064837,520.9896529945547,526.4247436523438,1430400,0.0,0.0
2025-10-16 00:00:00-04:00,542.8695664438686,543.1088996020577,532.6974811445109,535.3103637695312,2115900,0.0,0.0
2025-10-17 00:00:00-04:00,532.6974808131948,539.3891312189583,530.5434215227871,537.4444580078125,2010200,0.0,0.0
2025-10-20 00:00:00-04:00,539.5187622155321,548.9528830015196,538.5215001781651,542.3510131835938,1665200,0.0,0.0
2025-10-21 00:00:00-04:00,557.5493227655414,566.8338306625723,552.2239162659241,556.4622802734375,3932400,0.0,0.0
2025-10-22 00:00:00-04:00,553.979055805953,569.7258012943141,549.3717101122578,565.6470336914062,3461200,0.0,0.0
2025-10-23 00:00:00-04:00,566.345146491708,576.6568020745125,560.8402404595442,570.3441162109375,1979300,0.0,0.0
2025-10-24 00:00:00-04:00,572.5780017647421,574.2434122620322,568.2298931841377,570.9324951171875,1655700,0.0,0.0
2025-10-27 00:00:00-04:00,570.523695726699,571.1020639137797,559.5039009401434,562.2364501953125,1563600,0.0,0.0
2025-10-28 00:00:00-04:00,562.5854134086516,564.1012711169384,554.048853176797,556.1032104492188,992700,0.0,0.0
2025-10-29 00:00:00-04:00,556.7813720703125,570.005076577226,553.5402704114825,556.7813720703125,1953600,0.0,0.0
2025-10-30 00:00:00-04:00,550.0897365993212,564.0813527378109,550.0897365993212,554.6970825195312,1315100,0.0,0.0
2025-10-31 00:00:00-04:00,550.4088717769897,568.3595892700337,550.3590208464518,565.8365478515625,1872200,0.0,0.0
2025-11-03 00:00:00-05:00,562.1166827091747,564.1511361829813,552.6826229673055,563.3333740234375,1835000,0.0,0.0
2025-11-04 00:00:00-05:00,556.8811263693956,567.7413257126324,555.4750135300142,563.6924438476562,1636000,0.0,0.0
2025-11-05 00:00:00-05:00,558.8157967564671,568.5989355817204,552.6826713253238,566.0858764648438,1682900,0.0,0.0
2025-11-06 00:00:00-05:00,561.3288885013862,569.2970025886631,557.8185065870539,564.4303588867188,1277800,0.0,0.0
2025-11-07 00:00:00-05:00,565.317902856477,575.7691890977708,561.7576702262556,570.8427124023438,2264000,0.0,0.0
2025-11-10 00:00:00-05:00,570.8028890749916,582.0619559907575,566.803858414817,574.77197265625,1380300,0.0,0.0
2025-11-11 00:00:00-05:00,574.3730961000985,585.9812410963178,573.2461851019336,584.8842163085938,1377700,0.0,0.0
2025-11-12 00:00:00-05:00,582.6902054440247,589.5513730309764,580.406497324094,586.4100341796875,1504200,0.0,0.0
2025-11-13 00:00:00-05:00,584.49525107533,596.8812893052831,576.6667684918752,578.5416259765625,2745400,0.0,0.0
2025-11-14 00:00:00-05:00,576.6069535668374,582.7301572305847,571.4311610347847,577.1255493164062,1318000,0.0,0.0
2025-11-17 00:00:00-05:00,574.0739226209483,578.2025412424176,565.0387308953991,565.6071166992188,1624400,0.0,0.0
2025-11-18 00:00:00-05:00,561.3089136370911,576.6368262888678,554.9364554751654,574.452880859375,1916000,0.0,0.0
2025-11-19 00:00:00-05:00,573.046677597003,573.046677597003,565.6569930617638,572.2189331054688,1247900,0.0,0.0
2025-11-20 00:00:00-05:00,571.7801291614155,578.860725706503,566.9035643621619,571.1718139648438,1167800,0.0,0.0
2025-11-21 00:00:00-05:00,571.4311256866299,588.2349660301979,567.9905596149083,585.8714599609375,1933500,0.0,0.0
2025-11-24 00:00:00-05:00,584.84429645057,586.3102423347499,577.5143844255499,584.46533203125,1803100,0.0,0.0
2025-11-25 00:00:00-05:00,580.6059514664101,600.6708581369379,580.2070223172058,596.143310546875,1803400,0.0,0.0
2025-11-26 00:00:00-05:00,591.8052322931597,594.9166851315225,585.5823266164341,591.625732421875,2059900,0.0,0.0
2025-11-28 00:00:00-05:00,587.5768169736152,592.3736448957088,586.3402217972317,589.2123413085938,746000,0.0,0.0
2025-12-01 00:00:00-05:00,593.2213057831301,596.0435744261977,581.1544593316977,583.5479125976562,1754200,0.0,0.0
2025-12-02 00:00:00-05:00,580.3466534758329,582.8497908466288,576.3775701747227,578.7809448242188,1918100,0.0,0.0
2025-12-03 00:00:00-05:00,579.6984448585433,586.4997794578258,578.4219810645095,578.8607788085938,1186600,0.0,0.0
2025-12-04 00:00:00-05:00,577.4446399291979,578.8607349135228,558.6262501583503,573.6649780273438,1961600,0.0,0.0
2025-12-05 00:00:00-05:00,576.4174430727866,577.5044854480633,568.0603825408,571.2017822265625,1873700,0.0,0.0
2025-12-08 00:00:00-05:00,569.2371715236103,572.9669218881351,564.460308169972,566.654296875,1412100,0.0,0.0
2025-12-09 00:00:00-05:00,572.4284488624212,573.6750264949613,560.3715232185518,561.5283813476562,1416000,0.0,0.0
2025-12-10 00:00:00-05:00,561.458492083491,572.8871362327117,561.458492083491,572.2388916015625,1275600,0.0,0.0
2025-12-11 00:00:00-05:00,575.0412158399561,577.4945022991982,569.2770730684942,577.3150024414062,1226400,0.0,0.0
2025-12-12 00:00:00-05:00,576.267892250656,577.4746013295178,568.628891186029,570.7131958007812,1576500,0.0,0.0
2025-12-15 00:00:00-05:00,573.0883619424036,575.1942133756569,564.5453823942426,574.7650146484375,1702200,0.43,0.0
2025-12-16 00:00:00-05:00,569.7051299070276,573.7170962539807,559.8846661794502,569.0264282226562,2015300,0.0,0.0
2025-12-17 00:00:00-05:00,566.4116692784427,571.8508464840768,560.3737092798528,561.4415893554688,2301800,0.0,0.0
2025-12-18 00:00:00-05:00,561.3318509385618,568.2779753420028,553.4276131043143,561.27197265625,2287300,0.0,0.0
2025-12-19 00:00:00-05:00,560.5633133260678,568.7370331746816,557.8187806175002,566.7011108398438,3862600,0.0,0.0
2025-12-22 00:00:00-05:00,567.6991438630021,575.0045985088203,564.6252500591321,574.5554809570312,1108400,0.0,0.0
2025-12-23 00:00:00-05:00,574.2461061844683,579.4058108710564,572.5594635651786,578.7870483398438,732000,0.0,0.0
2025-12-24 00:00:00-05:00,577.4696219958545,578.6572585549295,575.1841967478708,577.9686279296875,401000,0.0,0.0
2025-12-26 00:00:00-05:00,577.6493036021305,580.0145870469421,575.7131579855111,579.58544921875,466100,0.0,0.0
2025-12-29 00:00:00-05:00,578.966689003986,584.1363836082137,578.966689003986,583.9068603515625,1042800,0.0,0.0
2025-12-30 00:00:00-05:00,581.092412633006,583.2880509347765,578.6872308228963,582.2900390625,665000,0.0,0.0
2025-12-31 00:00:00-05:00,582.5495753068998,584.445761457242,577.8489171092141,578.2980346679688,739300,0.0,0.0
2026-01-02 00:00:00-05:00,578.3479465854059,592.529718852566,575.852916617393,591.3320922851562,2052300,0.0,0.0
2026-01-05 00:00:00-05:00,592.5895831010488,610.2344273072986,591.3320782807407,609.9849243164062,2488100,0.0,0.0
2026-01-06 00:00:00-05:00,604.8551332091523,626.8313763212127,604.8551332091523,619.4859619140625,2554800,0.0,0.0
2026-01-07 00:00:00-05:00,617.4700020338082,625.5239657328274,613.497873074662,615.923095703125,2404300,0.0,0.0
2026-01-08 00:00:00-05:00,611.6415919004667,622.1207174241714,602.789230735928,605.2942504882812,3147700,0.0,0.0
2026-01-09 00:00:00-05:00,607.4000165501759,621.1626398333802,603.3480906146212,617.629638671875,2286500,0.0,0.0
2026-01-12 00:00:00-05:00,619.7454146009677,623.5478375306037,605.4039883685266,614.2264404296875,3184800,0.0,0.0
2026-01-13 00:00:00-05:00,612.100692693383,618.9869385574526,593.1184860295047,605.8731079101562,2847700,0.0,0.0
2026-01-14 00:00:00-05:00,607.4199808822835,621.4819342867236,605.8929934534661,620.59375,2460400,0.0,0.0
2026-01-15 00:00:00-05:00,618.7373929106485,628.6177348387611,617.380111379951,623.4081420898438,2541500,0.0,0.0
2026-01-16 00:00:00-05:00,622.8493094525153,628.4780505991672,617.4800002472475,617.4899291992188,2881000,0.0,0.0
2026-01-20 00:00:00-05:00,608.2882549650656,619.6156657002026,604.7952133040685,617.7793579101562,3108800,0.0,0.0
2026-01-21 00:00:00-05:00,621.0528163852213,636.7116258621404,619.0368737262104,635.0349731445312,3182400,0.0,0.0
2026-01-22 00:00:00-05:00,636.1228088945236,642.7096629585577,633.5479211798289,638.1787109375,2621700,0.0,0.0
2026-01-23 00:00:00-05:00,636.4122251196507,637.9292227096942,621.4420465246819,624.7354736328125,2847400,0.0,0.0
2026-01-26 00:00:00-05:00,624.0967829971037,632.3902593784434,621.9909316116618,625.3742065429688,1758300,0.0,0.0
2026-01-27 00:00:00-05:00,620.3841304230137,628.0688339634864,616.7713323461298,622.6695556640625,1638200,0.0,0.0
2026-01-28 00:00:00-05:00,617.4100998248,619.3661641746986,605.114585839642,606.8112182617188,2338100,0.0,0.0
2026-01-29 00:00:00-05:00,584.6353253148895,595.164338073405,571.0723784833089,590.982666015625,3950400,0.0,0.0
2026-01-30 00:00:00-05:00,580.573509407426,584.7851517816603,573.0884193024824,577.459716796875,3760700,0.0,0.0
2026-02-02 00:00:00-05:00,574.7550783326998,582.938727192431,572.1702007062171,580.6134033203125,1778800,0.0,0.0
2026-02-03 00:00:00-05:00,578.8468746637575,587.6792551961204,565.2838667811977,568.9566040039062,2249800,0.0,0.0
2026-02-04 00:00:00-05:00,570.3737862278583,575.1343224458252,561.8008372722276,564.0962524414062,2740600,0.0,0.0
2026-02-05 00:00:00-05:00,562.6092484525527,565.7031219983924,540.263807529256,541.28173828125,3224900,0.0,0.0
2026-02-06 00:00:00-05:00,542.1600125976279,545.1740282381207,535.9823160694981,541.7508544921875,2959400,0.0,0.0
2026-02-09 00:00:00-05:00,540.124030134751,547.7088958956778,535.9423580100632,545.6729736328125,2107600,0.0,0.0
2026-02-10 00:00:00-05:00,548.3176862949166,549.8546635920718,536.4812798856183,538.726806640625,2022100,0.0,0.0
2026-02-11 00:00:00-05:00,536.6909217075942,538.3176860765657,521.3115232821765,526.1219482421875,3367600,0.0,0.0
2026-02-12 00:00:00-05:00,525.7626707325334,525.9522954387888,492.65863154607786,508.80645751953125,4742000,0.0,0.0
2026-02-13 00:00:00-05:00,513.4272663225734,519.3155003533972,503.24753212168196,503.81640625,3188300,0.0,0.0
2026-02-17 00:00:00-05:00,501.59081589233745,506.14174788968745,497.1696303199364,500.5928039550781,3775400,0.0,0.0
2026-02-18 00:00:00-05:00,499.524917442568,513.137784253966,497.4291167668268,512.5390014648438,2662300,0.0,0.0
2026-02-19 00:00:00-05:00,508.98607016388917,514.4851254916738,502.99799875019636,514.0958862304688,1776100,0.0,0.0
2026-02-20 00:00:00-05:00,509.6747019770059,513.8563742936706,505.5030195255968,509.9142150878906,1362500,0.0,0.0
2026-02-23 00:00:00-05:00,507.0000960586484,517.8883803954601,504.7944675653331,515.413330078125,1618300,0.0,0.0
2026-02-24 00:00:00-05:00,514.9841091106437,520.592930885139,512.1896880881957,514.5748901367188,1314400,0.0,0.0
2026-02-25 00:00:00-05:00,517.9681831311364,517.9681831311364,510.24358066648904,512.6587524414062,1480700,0.0,0.0
2026-02-26 00:00:00-05:00,515.0639812728448,519.6248419897033,509.06588963224874,519.0859375,1551100,0.0,0.0
2026-02-27 00:00:00-05:00,514.7046656314737,520.2436804929367,508.4671216171952,520.073974609375,2031100,0.0,0.0
2026-03-02 00:00:00-05:00,510.99208213452164,512.6787246803225,501.31135453181304,507.5688781738281,2050800,0.0,0.0
2026-03-03 00:00:00-05:00,500.51297921884253,509.7046606848127,492.3891473845019,507.0898742675781,2211500,0.0,0.0
2026-03-04 00:00:00-05:00,508.9860609270596,516.62087620649,507.9381606314426,511.67071533203125,1679200,0.0,0.0
2026-03-05 00:00:00-05:00,502.1796318954643,519.5450637139273,501.00198513647445,517.8085327148438,3283700,0.0,0.0
2026-03-06 00:00:00-05:00,510.3034634641291,513.3573775100781,499.00596119306056,500.9720458984375,1637000,0.0,0.0
2026-03-09 00:00:00-04:00,495.2334821736189,509.58489863057355,491.15161702608714,508.9561462402344,2210500,0.0,0.0
2026-03-10 00:00:00-04:00,507.98806459245014,508.9261982288394,496.9500552522001,499.0857849121094,1864700,0.0,0.0
2026-03-11 00:00:00-04:00,498.40714308159613,500.30335962423294,490.1535955285404,494.7344665527344,1627400,0.0,0.0
2026-03-12 00:00:00-04:00,490.023854229752,490.6326268835124,473.0576515374795,474.94390869140625,2516300,0.0,0.0
2026-03-13 00:00:00-04:00,478.45038522735535,481.0977253814755,463.34553149281095,463.90496826171875,3018600,0.47,0.0
2026-03-16 00:00:00-04:00,470.598263178207,474.02482095271984,466.77208158651246,469.5293273925781,2995700,0.0,0.0
2026-03-17 00:00:00-04:00,475.0437863098613,480.5083096759393,470.9578858404087,472.2366027832031,2794900,0.0,0.0
2026-03-18 00:00:00-04:00,468.31054031467437,470.0188193034248,461.5673000839573,464.2246398925781,2419800,0.0,0.0
2026-03-19 00:00:00-04:00,460.75811790954776,470.5183228833609,457.880997173537,469.7391052246094,1843800,0.0,0.0
2026-03-20 00:00:00-04:00,468.6002677864221,476.452381933626,468.59026804485023,473.9149475097656,2285000,0.0,0.0
2026-03-23 00:00:00-04:00,483.8150088532073,487.44137864214457,475.1537080806218,477.6412048339844,1913200,0.0,0.0
2026-03-24 00:00:00-04:00,472.39644294675463,495.2935032960168,469.52932196501854,489.79901123046875,2241300,0.0,0.0
2026-03-25 00:00:00-04:00,494.9139020921194,499.449364290883,482.47635727685787,490.2785339355469,1729500,0.0,0.0
2026-03-26 00:00:00-04:00,489.2595662789537,495.76305694644003,485.3335090823591,488.3604736328125,1301900,0.0,0.0
2026-03-27 00:00:00-04:00,489.12968256703584,490.25855584660235,471.3574891941737,472.8859558105469,1677800,0.0,0.0
2026-03-30 00:00:00-04:00,477.95087160273846,483.0957080662867,473.68515874597443,479.5692443847656,1819600,0.0,0.0
2026-03-31 00:00:00-04:00,487.261567272252,493.8649333861402,479.1796722546664,491.03778076171875,2272000,0.0,0.0
2026-04-01 00:00:00-04:00,495.80298606740536,500.5482293511964,491.3674299063319,494.0447692871094,1505100,0.0,0.0
2026-04-02 00:00:00-04:00,486.4523718582686,506.312468542278,484.62418738085387,490.96783447265625,1696200,0.0,0.0
2026-04-06 00:00:00-04:00,491.50729292536545,492.8459473411511,479.4693724377521,487.70111083984375,1473700,0.0,0.0
2026-04-07 00:00:00-04:00,484.75405251223356,489.85895101775714,479.5193098027324,489.0097961425781,1287600,0.0,0.0
2026-04-08 00:00:00-04:00,501.4972811738496,506.77199239380707,499.2295653996445,502.955810546875,1507900,0.0,0.0
2026-04-09 00:00:00-04:00,498.1106782761294,504.84394958433114,489.7590645977367,499.9588317871094,1491000,0.0,0.0
2026-04-10 00:00:00-04:00,499.6091534052702,503.31546000015,495.3134718075754,495.6131591796875,1308700,0.0,0.0
2026-04-13 00:00:00-04:00,494.4643349478533,515.133648758527,491.54727612965473,513.7150268554688,1828900,0.0,0.0
2026-04-14 00:00:00-04:00,515.8229678476021,529.4692619980708,513.4852842773744,526.6920166015625,2572100,0.0,0.0
2026-04-15 00:00:00-04:00,528.3503890744238,532.3263840255632,524.2345196842905,531.1375732421875,2003600,0.0,0.0
2026-04-16 00:00:00-04:00,526.8518852859216,529.9687560325445,513.784966556442,515.4832763671875,1375100,0.0,0.0
2026-04-17 00:00:00-04:00,522.5861365210897,529.5491883830988,517.4812683722668,526.0726318359375,1988100,0.0,0.0
2026-04-20 00:00:00-04:00,522.3064173550578,528.2904087806506,520.6181074041383,525.4932250976562,1437500,0.0,0.0
2026-04-21 00:00:00-04:00,529.3393578651164,537.8707835484608,522.4263049580735,524.044677734375,2141400,0.0,0.0
2026-04-22 00:00:00-04:00,526.0926276899002,529.4592480289338,513.4652709960938,513.4652709960938,1801700,0.0,0.0
2026-04-23 00:00:00-04:00,472.17665857856963,475.9129338868869,455.14374549520977,466.2326354980469,5729400,0.0,0.0
2026-04-24 00:00:00-04:00,468.68018724621555,474.52433515553463,464.194693286591,469.2396240234375,2684400,0.0,0.0
2026-04-27 00:00:00-04:00,462.1967021617416,474.7341225658545,461.537359418416,467.5713195800781,2280000,0.0,0.0
2026-04-28 00:00:00-04:00,471.517331507091,472.5462988282591,463.65521753559045,469.7491149902344,2243000,0.0,0.0
2026-04-29 00:00:00-04:00,466.78208966536306,474.5243287127821,461.7870967315443,465.7930908203125,1387200,0.0,0.0
2026-04-30 00:00:00-04:00,463.7651172513156,479.49934473305274,460.53834089402056,478.4803466796875,2161200,0.0,0.0
2026-05-01 00:00:00-04:00,479.5193154530063,481.3474694288834,467.6312385214706,468.7401123046875,1425400,0.0,0.0
2026-05-04 00:00:00-04:00,466.51236792648956,469.91895674318994,461.447437808324,462.1367492675781,1815700,0.0,0.0
2026-05-05 00:00:00-04:00,464.30457456725554,475.99287053865817,459.1797372896898,466.2926025390625,2045900,0.0,0.0
2026-05-06 00:00:00-04:00,470.68816344239855,476.9419041606506,466.1327324646547,472.47637939453125,1861500,0.0,0.0
2026-05-07 00:00:00-04:00,472.8859587329774,479.8190113983314,467.81105930143303,473.98486328125,2533600,0.0,0.0
2026-05-08 00:00:00-04:00,473.0158203281863,473.0158203281863,455.90297004837663,464.5343322753906,3905600,0.0,0.0
2026-05-11 00:00:00-04:00,464.39446077439777,466.32255118528644,447.43148456171855,452.1467590332031,3952900,0.0,0.0
2026-05-12 00:00:00-04:00,453.88500252945727,462.6362396793379,452.3965044294678,458.84002685546875,3055700,0.0,0.0
2026-05-13 00:00:00-04:00,454.72417458137437,462.93594427750975,444.07484586683256,445.5833435058594,2801200,0.0,0.0
2026-05-14 00:00:00-04:00,447.7611389160156,458.72015440905693,445.60329835411954,447.7611389160156,2100300,0.0,0.0
2026-05-15 00:00:00-04:00,443.57533608049755,444.5044279249288,436.8820639234622,437.9010314941406,2037800,0.0,0.0
2026-05-18 00:00:00-04:00,438.0009405355041,443.9949320248282,434.8341016176903,441.557373046875,1908500,0.0,0.0
2026-05-19 00:00:00-04:00,441.557362565949,454.54434381788866,439.5693651916897,447.3615417480469,3418500,0.0,0.0
2026-05-20 00:00:00-04:00,448.6402770378847,451.7871165264292,438.22072897018523,451.33758544921875,2851600,0.0,0.0
2026-05-21 00:00:00-04:00,450.44844950409384,451.25763590753036,440.678244700548,448.91998291015625,2012700,0.0,0.0
2026-05-22 00:00:00-04:00,446.35255632150626,454.0048891537061,443.96496555265594,447.8310852050781,1686100,0.0,0.0
2026-05-26 00:00:00-04:00,446.91198451208294,449.79910500585527,443.1657398840497,447.7311706542969,1942600,0.0,0.0
2026-05-27 00:00:00-04:00,449.4794333145816,456.94195408491925,446.991936553475,455.7531433105469,2958600,0.0,0.0
2026-05-28 00:00:00-04:00,460.78809200935154,490.5182993114264,460.7681230132085,486.7320861816406,4372700,0.0,0.0
2026-05-29 00:00:00-04:00,481.6871732161985,498.5003064088462,480.5483001669868,492.0168151855469,4184100,0.0,0.0
2026-06-01 00:00:00-04:00,489.3394516762761,495.7830045889525,483.0158042000029,493.5452575683594,3194400,0.0,0.0
2026-06-02 00:00:00-04:00,488.92990551583216,491.4673399951127,476.0328300028869,481.59722900390625,1774500,0.0,0.0
2026-06-03 00:00:00-04:00,468.8400346534652,475.3035568718336,468.64022273689943,473.47540283203125,1938900,0.0,0.0
2026-06-04 00:00:00-04:00,481.6471776813113,488.16063727757,475.6032181378611,481.5472717285156,2241900,0.0,0.0
2026-06-05 00:00:00-04:00,483.7350845522223,486.30251817154146,469.14969946044033,472.3265075683594,1728100,0.0,0.0
2026-06-08 00:00:00-04:00,472.3265068479592,475.94290724329426,468.4404183038382,469.1596984863281,1939500,0.0,0.0
2026-06-09 00:00:00-04:00,473.00584913920386,493.8649134618109,472.9159429272506,493.5752258300781,2791000,0.0,0.0
2026-06-10 00:00:00-04:00,491.33745558999203,493.39542070196984,481.4274068015044,481.5572814941406,2051000,0.0,0.0
2026-06-11 00:00:00-04:00,483.49533005262305,483.7550489449077,466.33251176337836,475.18365478515625,1776600,0.0,0.0
2026-06-12 00:00:00-04:00,477.7610764811193,481.4374144667261,467.16171606266664,468.8699951171875,2389700,0.0,0.0
2026-06-15 00:00:00-04:00,470.2799987792969,476.3399963378906,468.5,473.7200012207031,1873600,0.47,0.0
2026-06-16 00:00:00-04:00,474.0,477.44000244140625,470.5899963378906,472.6300048828125,1517100,0.0,0.0
2026-06-17 00:00:00-04:00,467.8900146484375,472.1499938964844,457.6400146484375,461.69000244140625,2042500,0.0,0.0
2026-06-18 00:00:00-04:00,461.6300048828125,467.94000244140625,459.0,464.6099853515625,3358500,0.0,0.0
2026-06-22 00:00:00-04:00,461.6300048828125,468.3500061035156,458.9100036621094,464.010009765625,1524600,0.0,0.0
2026-06-23 00:00:00-04:00,469.8900146484375,471.1199951171875,460.1300048828125,469.3500061035156,1824600,0.0,0.0
2026-06-24 00:00:00-04:00,478.1199951171875,493.0,473.5,492.20001220703125,2125200,0.0,0.0
2026-06-25 00:00:00-04:00,492.7799987792969,515.9600219726562,492.489990234375,505.75,2975400,0.0,0.0
2026-06-26 00:00:00-04:00,509.7300109863281,514.7999877929688,499.55999755859375,513.030029296875,4570100,0.0,0.0
2026-06-29 00:00:00-04:00,511.6700134277344,511.6700134277344,501.44000244140625,506.4200134277344,2076300,0.0,0.0
2026-06-30 00:00:00-04:00,508.32000732421875,508.3800048828125,495.1000061035156,501.3599853515625,2423600,0.0,0.0
2026-07-01 00:00:00-04:00,504.7799987792969,521.1699829101562,502.8699951171875,513.3300170898438,2220000,0.0,0.0
2026-07-02 00:00:00-04:00,518.6900024414062,529.1500244140625,511.9800109863281,523.4400024414062,2321800,0.0,0.0
2026-07-06 00:00:00-04:00,520.0,520.0,506.8299865722656,517.5999755859375,1857600,0.0,0.0
2026-07-07 00:00:00-04:00,525.0,527.3699951171875,513.4199829101562,516.6199951171875,1366600,0.0,0.0
2026-07-08 00:00:00-04:00,510.8500061035156,512.9600219726562,507.0,510.1300048828125,2021600,0.0,0.0
2026-07-09 00:00:00-04:00,509.989990234375,524.8499755859375,506.9800109863281,524.7100219726562,1383900,0.0,0.0
2026-07-10 00:00:00-04:00,525.5,533.0800170898438,522.5999755859375,527.0499877929688,1233000,0.0,0.0
2026-07-13 00:00:00-04:00,524.2000122070312,534.72998046875,521.77001953125,528.510009765625,1168700,0.0,0.0
2026-07-14 00:00:00-04:00,525.010009765625,537.8200073242188,523.3499755859375,534.0700073242188,2122400,0.0,0.0
2026-07-15 00:00:00-04:00,537.239990234375,540.3699951171875,533.8300170898438,535.2899780273438,2108100,0.0,0.0
2026-07-16 00:00:00-04:00,536.25,544.4500122070312,532.010009765625,543.1900024414062,1895600,0.0,0.0
2026-07-17 00:00:00-04:00,539.0999755859375,542.02001953125,531.6199951171875,532.47998046875,1476000,0.0,0.0
2026-07-20 00:00:00-04:00,530.5700073242188,532.5499877929688,522.5599975585938,526.22998046875,1590900,0.0,0.0
2026-07-21 00:00:00-04:00,507.1000061035156,526.3800048828125,495.0400085449219,523.4600219726562,3525000,0.0,0.0
2026-07-22 00:00:00-04:00,524.719970703125,528.8099975585938,517.5999755859375,526.4600219726562,2334500,0.0,0.0
2026-07-23 00:00:00-04:00,573.6799926757812,587.489990234375,568.8400268554688,572.3200073242188,5806200,0.0,0.0
2026-07-24 00:00:00-04:00,570.0,574.0,555.9099731445312,568.260009765625,2939400,0.0,0.0
2026-07-27 00:00:00-04:00,565.0,568.3499755859375,556.010009765625,559.530029296875,1962000,0.0,0.0
2026-07-28 00:00:00-04:00,572.0,588.5599975585938,568.97998046875,576.4099731445312,3034300,0.0,0.0
2026-07-29 00:00:00-04:00,578.7100219726562,584.5399780273438,571.2000122070312,576.4600219726562,2546800,0.0,0.0
2026-07-30 00:00:00-04:00,567.3699951171875,577.0499877929688,560.4199829101562,576.77001953125,2264700,0.0,0.0
2026-07-31 00:00:00-04:00,573.4000244140625,577.5900268554688,562.8699951171875,574.2999877929688,2112900,0.0,0.0
2026-08-03 00:00:00-04:00,576.0,583.6400146484375,572.75,574.030029296875,1588900,0.0,0.0
2026-08-04 00:00:00-04:00,578.760009765625,582.3099975585938,562.5,564.75,1941800,0.0,0.0
2026-08-05 00:00:00-04:00,567.9299926757812,578.0,564.4000244140625,577.8300170898438,1552800,0.0,0.0
2026-08-06 00:00:00-04:00,576.7999877929688,580.3099975585938,569.6300048828125,580.02001953125,1719400,0.0,0.0
2026-08-07 00:00:00-04:00,578.0,594.260009765625,574.77001953125,594.0,2206600,0.0,0.0
2026-08-10 00:00:00-04:00,588.530029296875,599.6900024414062,588.530029296875,599.6900024414062,1862600,0.0,0.0
2026-08-11 00:00:00-04:00,599.989990234375,606.2100219726562,594.8099975585938,605.0,1656100,0.0,0.0
2026-08-12 00:00:00-04:00,599.2100219726562,604.1900024414062,595.0,603.010009765625,1531600,0.0,0.0
2026-08-13 00:00:00-04:00,606.2899780273438,606.75,593.3900146484375,595.8900146484375,1448300,0.0,0.0
2026-08-14 00:00:00-04:00,592.1099853515625,594.739990234375,587.510009765625,588.2899780273438,1057600,0.0,0.0
2026-08-17 00:00:00-04:00,582.5499877929688,592.3200073242188,580.0,585.510009765625,887300,0.0,0.0
2026-08-18 00:00:00-04:00,588.8699951171875,592.219970703125,584.8599853515625,589.0399780273438,1721600,0.0,0.0
2026-08-19 00:00:00-04:00,595.1099853515625,620.47998046875,595.0,613.5399780273438,2507200,0.0,0.0
2026-08-20 00:00:00-04:00,609.8499755859375,634.7000122070312,607.3699951171875,627.5499877929688,2750100,0.0,0.0
2026-08-21 00:00:00-04:00,626.47998046875,629.510009765625,616.27001953125,629.27001953125,1556000,0.0,0.0
2026-08-24 00:00:00-04:00,630.0,630.0,615.969970703125,628.739990234375,1727100,0.0,0.0
2026-08-25 00:00:00-04:00,631.010009765625,647.0,618.030029296875,628.1500244140625,1535300,0.0,0.0
2026-08-26 00:00:00-04:00,622.22998046875,636.0599975585938,622.22998046875,633.7100219726562,1843000,0.0,0.0
2026-08-27 00:00:00-04:00,629.469970703125,637.1300048828125,626.3300170898438,630.7000122070312,1466900,0.0,0.0
2026-08-28 00:00:00-04:00,626.5800170898438,630.0,617.4500122070312,622.1799926757812,1016600,0.0,0.0
2026-08-31 00:00:00-04:00,614.3800048828125,620.719970703125,610.3499755859375,617.0999755859375,1429100,0.0,0.0
2026-09-01 00:00:00-04:00,619.0,621.0,599.52001953125,600.5,1385000,0.0,0.0
2026-09-02 00:00:00-04:00,601.6300048828125,614.5999755859375,600.7000122070312,608.5399780273438,1617000,0.0,0.0
2026-09-03 00:00:00-04:00,614.030029296875,622.9099731445312,603.52001953125,618.4299926757812,1804900,0.0,0.0
2026-09-04 00:00:00-04:00,608.5800170898438,615.739990234375,605.530029296875,613.780029296875,1228900,0.0,0.0
